groupe,configuration,H,stop,famille_stop,parametre,mode,part_stop,part_gap,distance_p10_atr,distance_p50_atr,distance_p90_atr,effet_bps,effet_bps_lo,effet_bps_hi,effet_atr,effet_atr_lo,effet_atr_hi,frais_bps,n_candidats,n_trades,part_ignores,trades_par_mois,pnl_compose,pnl_bps,pf,wr,esperance_bps,esperance_atr,mdd_valorise,mdd_sorties,mdd_bps,duree_mediane,brut_bps,frais_cumules_bps,part_frais,n_long,n_short,long_bps,short_bps,timing_bps,derive_bps,long_atr,short_atr,timing_atr,derive_atr,esperance_bps_lo,esperance_bps_hi,timing_bps_lo,timing_bps_hi,esperance_atr_lo,esperance_atr_hi,timing_atr_lo,timing_atr_hi,pnl_compose_r25,mdd_valorise_r25,mdd_sorties_r25,exposition_moyenne_r25,part_plafonnee_r25,pf_r25,brut_bps_r25,part_frais_r25,n_debloques,esperance_debloques_bps,esperance_debloques_atr,n_perdus,esperance_perdus_bps,esperance_perdus_atr,annees_pnl_pos,annees_pnl_r25_pos,ecart_controle_esperance_bps,ecart_controle_esperance_atr,ecart_controle_pnl_compose_r25,ecart_controle_mdd_valorise_r25
R1,R1 hors nis_z_100 Q4,6,sans,sans,,figé,0,0,,,,0,0,0,0,0,0,5,1592,1592,0,22.1111,-0.082259,33.649,1.00064,0.535176,0.0211363,-0.031488,-0.40736,-0.397144,-4662.6,6,7993.65,7960,0.995791,702,890,0.89311,-0.666645,0.113232,0.779877,0.047757,-0.0939936,-0.0231183,0.0708753,-5.01508,4.82213,-5.01876,5.10201,-0.117503,0.0621047,-0.111089,0.0746064,-0.122523,-0.199004,-0.195427,0.556164,0.109296,0.953144,3288.58,1.34619,,,,,,,2,1,0,0,0,0
R1,R1 hors nis_z_100 Q4,6,sans,sans,,figé,0,0,,,,0,0,0,0,0,0,10,1592,1592,0,22.1111,-0.586098,-7926.35,0.858996,0.494975,-4.97886,-0.152083,-0.64468,-0.643526,-9491.51,6,7993.65,15920,1.99158,702,890,-4.10689,-5.66665,-4.88677,0.779877,-0.0726111,-0.214768,-0.14369,0.0710786,-10.0151,-0.177869,-10.0188,0.102007,-0.235126,-0.0589035,-0.232027,-0.0472356,-0.436471,-0.452517,-0.451471,0.556164,0.109296,0.78996,3288.58,2.69239,,,,,,,2,1,0,0,0,0
R1,R1 hors nis_z_100 Q4,6,sans,sans,,dynamique,0,0,,,,,,,,,,5,1592,1592,0,22.1111,-0.082259,33.649,1.00064,0.535176,0.0211363,-0.031488,-0.40736,-0.397144,-4662.6,6,7993.65,7960,0.995791,702,890,0.89311,-0.666645,0.113232,0.779877,0.047757,-0.0939936,-0.0231183,0.0708753,-5.01508,4.82213,-5.01876,5.10201,-0.117503,0.0621047,-0.111089,0.0746064,-0.122523,-0.199004,-0.195427,0.556164,0.109296,0.953144,3288.58,1.34619,0,,,0,,,2,1,0,0,0,0
R1,R1 hors nis_z_100 Q4,6,sans,sans,,dynamique,0,0,,,,,,,,,,10,1592,1592,0,22.1111,-0.586098,-7926.35,0.858996,0.494975,-4.97886,-0.152083,-0.64468,-0.643526,-9491.51,6,7993.65,15920,1.99158,702,890,-4.10689,-5.66665,-4.88677,0.779877,-0.0726111,-0.214768,-0.14369,0.0710786,-10.0151,-0.177869,-10.0188,0.102007,-0.235126,-0.0589035,-0.232027,-0.0472356,-0.436471,-0.452517,-0.451471,0.556164,0.109296,0.78996,3288.58,2.69239,0,,,0,,,2,1,0,0,0,0
R1,R1 hors nis_z_100 Q4,6,SL-A 1,SL-A,1,figé,0.443467,0,1,1,1,-2.07887,-5.8637,1.55939,0.00806224,-0.0418985,0.0583334,5,1592,1592,0,22.1111,-0.318401,-3275.91,0.930947,0.431533,-2.05773,-0.0234258,-0.377805,-0.373681,-4354.63,6,4684.09,7960,1.69937,702,890,-1.45753,-2.53115,-1.99434,0.536812,0.0246001,-0.0613068,-0.0183534,0.0429535,-5.74909,1.92463,-5.8119,2.11992,-0.0999653,0.0605464,-0.0997792,0.0701619,-0.11592,-0.18785,-0.186003,0.556164,0.109296,0.945725,3295.02,1.34356,,,,,,,2,2,-2.07887,0.00806224,0.00660317,0.0111537
R1,R1 hors nis_z_100 Q4,6,SL-A 1,SL-A,1,figé,0.443467,0,1,1,1,-2.07887,-5.8637,1.55939,0.00806224,-0.0418985,0.0583334,10,1592,1592,0,22.1111,-0.692639,-11235.9,0.784262,0.404523,-7.05773,-0.144021,-0.707696,-0.706605,-11703.7,6,4684.09,15920,3.39874,702,890,-6.45753,-7.53115,-6.99434,0.536812,-0.095768,-0.182082,-0.138925,0.0431568,-10.7491,-3.07537,-10.8119,-2.88008,-0.21785,-0.0610237,-0.217613,-0.0515964,-0.432208,-0.445435,-0.444375,0.556164,0.109296,0.762888,3295.02,2.68712,,,,,,,1,1,-2.07887,0.00806224,0.00426314,0.00708205
R1,R1 hors nis_z_100 Q4,6,SL-A 1,SL-A,1,dynamique,0.443467,0,1,1,1,,,,,,,5,1592,1592,0,22.1111,-0.318401,-3275.91,0.930947,0.431533,-2.05773,-0.0234258,-0.377805,-0.373681,-4354.63,6,4684.09,7960,1.69937,702,890,-1.45753,-2.53115,-1.99434,0.536812,0.0246001,-0.0613068,-0.0183534,0.0429535,-5.74909,1.92463,-5.8119,2.11992,-0.0999653,0.0605464,-0.0997792,0.0701619,-0.11592,-0.18785,-0.186003,0.556164,0.109296,0.945725,3295.02,1.34356,0,,,0,,,2,2,-2.07887,0.00806224,0.00660317,0.0111537
R1,R1 hors nis_z_100 Q4,6,SL-A 1,SL-A,1,dynamique,0.443467,0,1,1,1,,,,,,,10,1592,1592,0,22.1111,-0.692639,-11235.9,0.784262,0.404523,-7.05773,-0.144021,-0.707696,-0.706605,-11703.7,6,4684.09,15920,3.39874,702,890,-6.45753,-7.53115,-6.99434,0.536812,-0.095768,-0.182082,-0.138925,0.0431568,-10.7491,-3.07537,-10.8119,-2.88008,-0.21785,-0.0610237,-0.217613,-0.0515964,-0.432208,-0.445435,-0.444375,0.556164,0.109296,0.762888,3295.02,2.68712,0,,,0,,,1,1,-2.07887,0.00806224,0.00426314,0.00708205
R1,R1 hors nis_z_100 Q4,6,SL-A 1.5,SL-A,1.5,figé,0.292085,0.00125628,1.5,1.5,1.5,-0.286657,-2.9458,2.44445,0.0113353,-0.0359195,0.0558419,5,1592,1592,0,22.1111,-0.102905,-422.709,0.991491,0.49309,-0.265521,-0.0201527,-0.339662,-0.336445,-3777.77,6,7537.29,7960,1.05608,702,890,-1.25108,0.51185,-0.369613,-0.881463,0.0158448,-0.0485462,-0.0163507,0.0321955,-4.68988,4.11354,-4.87897,4.30755,-0.0935445,0.0651879,-0.0953733,0.0745795,-0.0973228,-0.153624,-0.15236,0.556164,0.109296,0.959678,3519.92,1.25772,,,,,,,3,2,-0.286657,0.0113353,0.0252002,0.0453801
R1,R1 hors nis_z_100 Q4,6,SL-A 1.5,SL-A,1.5,figé,0.292085,0.00125628,1.5,1.5,1.5,-0.286657,-2.9458,2.44445,0.0113353,-0.0359195,0.0558419,10,1592,1592,0,22.1111,-0.59541,-8382.71,0.844422,0.45603,-5.26552,-0.140748,-0.648624,-0.647454,-9828.64,6,7537.29,15920,2.11216,702,890,-6.25108,-4.48815,-5.36961,-0.881463,-0.104523,-0.169321,-0.136922,0.0323988,-9.68988,-0.886457,-9.87897,-0.692453,-0.213928,-0.0599845,-0.212414,-0.0489775,-0.420272,-0.437298,-0.436222,0.556164,0.109296,0.785617,3519.92,2.51544,,,,,,,1,1,-0.286657,0.0113353,0.0161994,0.0152197
R1,R1 hors nis_z_100 Q4,6,SL-A 1.5,SL-A,1.5,dynamique,0.292085,0.00125628,1.5,1.5,1.5,,,,,,,5,1592,1592,0,22.1111,-0.102905,-422.709,0.991491,0.49309,-0.265521,-0.0201527,-0.339662,-0.336445,-3777.77,6,7537.29,7960,1.05608,702,890,-1.25108,0.51185,-0.369613,-0.881463,0.0158448,-0.0485462,-0.0163507,0.0321955,-4.68988,4.11354,-4.87897,4.30755,-0.0935445,0.0651879,-0.0953733,0.0745795,-0.0973228,-0.153624,-0.15236,0.556164,0.109296,0.959678,3519.92,1.25772,0,,,0,,,3,2,-0.286657,0.0113353,0.0252002,0.0453801
R1,R1 hors nis_z_100 Q4,6,SL-A 1.5,SL-A,1.5,dynamique,0.292085,0.00125628,1.5,1.5,1.5,,,,,,,10,1592,1592,0,22.1111,-0.59541,-8382.71,0.844422,0.45603,-5.26552,-0.140748,-0.648624,-0.647454,-9828.64,6,7537.29,15920,2.11216,702,890,-6.25108,-4.48815,-5.36961,-0.881463,-0.104523,-0.169321,-0.136922,0.0323988,-9.68988,-0.886457,-9.87897,-0.692453,-0.213928,-0.0599845,-0.212414,-0.0489775,-0.420272,-0.437298,-0.436222,0.556164,0.109296,0.785617,3519.92,2.51544,0,,,0,,,1,1,-0.286657,0.0113353,0.0161994,0.0152197
R1,R1 hors nis_z_100 Q4,6,SL-A 2,SL-A,2,figé,0.192211,0,2,2,2,0.992825,-1.20813,3.40533,0.027236,-0.0148554,0.0657347,5,1592,1592,0,22.1111,0.0938061,1614.23,1.03265,0.519472,1.01396,-0.004252,-0.252129,-0.247226,-2490.38,6,9574.23,7960,0.831399,702,890,0.835152,1.155,0.995075,-0.159923,0.0472605,-0.0448832,0.00118864,0.0460718,-3.4082,5.07656,-3.3331,5.17955,-0.0799711,0.0782765,-0.0774928,0.0884971,-0.03062,-0.154466,-0.153768,0.556164,0.109296,0.991885,4243.27,1.04331,,,,,,,3,2,0.992825,0.027236,0.091903,0.0445377
R1,R1 hors nis_z_100 Q4,6,SL-A 2,SL-A,2,figé,0.192211,0,2,2,2,0.992825,-1.20813,3.40533,0.027236,-0.0148554,0.0657347,10,1592,1592,0,22.1111,-0.506645,-6345.77,0.881282,0.479899,-3.98604,-0.124847,-0.567336,-0.565931,-7699.42,6,9574.23,15920,1.6628,702,890,-4.16485,-3.845,-4.00492,-0.159923,-0.0731076,-0.165658,-0.119383,0.0462751,-8.4082,0.076559,-8.3331,0.179546,-0.199341,-0.0448122,-0.196439,-0.0343515,-0.377426,-0.39526,-0.394104,0.556164,0.109296,0.815001,4243.27,2.08663,,,,,,,1,1,0.992825,0.027236,0.0590458,0.0572574
R1,R1 hors nis_z_100 Q4,6,SL-A 2,SL-A,2,dynamique,0.192211,0,2,2,2,,,,,,,5,1592,1592,0,22.1111,0.0938061,1614.23,1.03265,0.519472,1.01396,-0.004252,-0.252129,-0.247226,-2490.38,6,9574.23,7960,0.831399,702,890,0.835152,1.155,0.995075,-0.159923,0.0472605,-0.0448832,0.00118864,0.0460718,-3.4082,5.07656,-3.3331,5.17955,-0.0799711,0.0782765,-0.0774928,0.0884971,-0.03062,-0.154466,-0.153768,0.556164,0.109296,0.991885,4243.27,1.04331,0,,,0,,,3,2,0.992825,0.027236,0.091903,0.0445377
R1,R1 hors nis_z_100 Q4,6,SL-A 2,SL-A,2,dynamique,0.192211,0,2,2,2,,,,,,,10,1592,1592,0,22.1111,-0.506645,-6345.77,0.881282,0.479899,-3.98604,-0.124847,-0.567336,-0.565931,-7699.42,6,9574.23,15920,1.6628,702,890,-4.16485,-3.845,-4.00492,-0.159923,-0.0731076,-0.165658,-0.119383,0.0462751,-8.4082,0.076559,-8.3331,0.179546,-0.199341,-0.0448122,-0.196439,-0.0343515,-0.377426,-0.39526,-0.394104,0.556164,0.109296,0.815001,4243.27,2.08663,0,,,0,,,1,1,0.992825,0.027236,0.0590458,0.0572574
R1,R1 hors nis_z_100 Q4,6,SL-A 2.5,SL-A,2.5,figé,0.140704,0,2.5,2.5,2.5,-0.0716401,-2.15292,1.92596,0.00844324,-0.0308094,0.0446532,5,1592,1592,0,22.1111,-0.0830881,-80.4021,0.998449,0.52701,-0.0505038,-0.0230448,-0.377817,-0.370805,-4212.9,6,7879.6,7960,1.0102,702,890,-0.70924,0.469083,-0.120078,-0.589161,0.0214777,-0.0581625,-0.0183424,0.0398201,-4.46786,4.14451,-4.52572,4.06723,-0.0996609,0.060883,-0.0972247,0.0675959,-0.095067,-0.183021,-0.180849,0.556164,0.109296,0.963654,3566.13,1.24142,,,,,,,2,1,-0.0716401,0.00844324,0.027456,0.0159834
R1,R1 hors nis_z_100 Q4,6,SL-A 2.5,SL-A,2.5,figé,0.140704,0,2.5,2.5,2.5,-0.0716401,-2.15292,1.92596,0.00844324,-0.0308094,0.0446532,10,1592,1592,0,22.1111,-0.58647,-8040.4,0.855867,0.487437,-5.0505,-0.14364,-0.640042,-0.639135,-9471.74,6,7879.6,15920,2.02041,702,890,-5.70924,-4.53092,-5.12008,-0.589161,-0.0988904,-0.178937,-0.138914,0.0400234,-9.46786,-0.855486,-9.52572,-0.932767,-0.218572,-0.0621742,-0.216767,-0.056356,-0.418827,-0.437424,-0.436349,0.556164,0.109296,0.796045,3566.13,2.48284,,,,,,,1,1,-0.0716401,0.00844324,0.0176443,0.0150931
R1,R1 hors nis_z_100 Q4,6,SL-A 2.5,SL-A,2.5,dynamique,0.140704,0,2.5,2.5,2.5,,,,,,,5,1592,1592,0,22.1111,-0.0830881,-80.4021,0.998449,0.52701,-0.0505038,-0.0230448,-0.377817,-0.370805,-4212.9,6,7879.6,7960,1.0102,702,890,-0.70924,0.469083,-0.120078,-0.589161,0.0214777,-0.0581625,-0.0183424,0.0398201,-4.46786,4.14451,-4.52572,4.06723,-0.0996609,0.060883,-0.0972247,0.0675959,-0.095067,-0.183021,-0.180849,0.556164,0.109296,0.963654,3566.13,1.24142,0,,,0,,,2,1,-0.0716401,0.00844324,0.027456,0.0159834
R1,R1 hors nis_z_100 Q4,6,SL-A 2.5,SL-A,2.5,dynamique,0.140704,0,2.5,2.5,2.5,,,,,,,10,1592,1592,0,22.1111,-0.58647,-8040.4,0.855867,0.487437,-5.0505,-0.14364,-0.640042,-0.639135,-9471.74,6,7879.6,15920,2.02041,702,890,-5.70924,-4.53092,-5.12008,-0.589161,-0.0988904,-0.178937,-0.138914,0.0400234,-9.46786,-0.855486,-9.52572,-0.932767,-0.218572,-0.0621742,-0.216767,-0.056356,-0.418827,-0.437424,-0.436349,0.556164,0.109296,0.796045,3566.13,2.48284,0,,,0,,,1,1,-0.0716401,0.00844324,0.0176443,0.0150931
R1,R1 hors nis_z_100 Q4,6,SL-A 3,SL-A,3,figé,0.100503,0,3,3,3,-0.625744,-2.64826,1.33292,-0.00104854,-0.0360993,0.0330057,5,1592,1592,0,22.1111,-0.164322,-962.535,0.981782,0.530151,-0.604608,-0.0325365,-0.440589,-0.434284,-5231.8,6,6997.46,7960,1.13755,702,890,-0.947361,-0.334256,-0.640808,-0.306552,0.0224855,-0.075936,-0.0267252,0.0492108,-5.13499,3.6867,-5.26299,3.72712,-0.111226,0.0509574,-0.106791,0.0608921,-0.126186,-0.217412,-0.215693,0.556164,0.109296,0.950095,3223.32,1.37345,,,,,,,2,1,-0.625744,-0.00104854,-0.00366277,-0.0184077
R1,R1 hors nis_z_100 Q4,6,SL-A 3,SL-A,3,figé,0.100503,0,3,3,3,-0.625744,-2.64826,1.33292,-0.00104854,-0.0360993,0.0330057,10,1592,1592,0,22.1111,-0.623125,-8922.54,0.842803,0.48995,-5.60461,-0.153132,-0.672552,-0.671488,-10369.1,6,6997.46,15920,2.27511,702,890,-5.94736,-5.33426,-5.64081,-0.306552,-0.0978826,-0.196711,-0.147297,0.049414,-10.135,-1.3133,-10.263,-1.27288,-0.229729,-0.0708263,-0.226646,-0.061793,-0.438817,-0.455712,-0.454672,0.556164,0.109296,0.786266,3223.32,2.7469,,,,,,,1,1,-0.625744,-0.00104854,-0.00234607,-0.00319454
R1,R1 hors nis_z_100 Q4,6,SL-A 3,SL-A,3,dynamique,0.100503,0,3,3,3,,,,,,,5,1592,1592,0,22.1111,-0.164322,-962.535,0.981782,0.530151,-0.604608,-0.0325365,-0.440589,-0.434284,-5231.8,6,6997.46,7960,1.13755,702,890,-0.947361,-0.334256,-0.640808,-0.306552,0.0224855,-0.075936,-0.0267252,0.0492108,-5.13499,3.6867,-5.26299,3.72712,-0.111226,0.0509574,-0.106791,0.0608921,-0.126186,-0.217412,-0.215693,0.556164,0.109296,0.950095,3223.32,1.37345,0,,,0,,,2,1,-0.625744,-0.00104854,-0.00366277,-0.0184077
R1,R1 hors nis_z_100 Q4,6,SL-A 3,SL-A,3,dynamique,0.100503,0,3,3,3,,,,,,,10,1592,1592,0,22.1111,-0.623125,-8922.54,0.842803,0.48995,-5.60461,-0.153132,-0.672552,-0.671488,-10369.1,6,6997.46,15920,2.27511,702,890,-5.94736,-5.33426,-5.64081,-0.306552,-0.0978826,-0.196711,-0.147297,0.049414,-10.135,-1.3133,-10.263,-1.27288,-0.229729,-0.0708263,-0.226646,-0.061793,-0.438817,-0.455712,-0.454672,0.556164,0.109296,0.786266,3223.32,2.7469,0,,,0,,,1,1,-0.625744,-0.00104854,-0.00234607,-0.00319454
R1,R1 hors nis_z_100 Q4,6,SL-A 4,SL-A,4,figé,0.0527638,0,4,4,4,-0.794392,-2.39199,0.735674,-0.00714058,-0.036183,0.0208247,5,1592,1592,0,22.1111,-0.188986,-1231.02,0.976859,0.533291,-0.773255,-0.0386286,-0.453062,-0.448396,-5560.79,6,6728.98,7960,1.18294,702,890,0.391156,-1.6917,-0.650273,1.04143,0.0476206,-0.106659,-0.0295191,0.0771397,-5.55632,3.83097,-5.51063,4.00005,-0.121818,0.0499768,-0.115843,0.0659779,-0.14782,-0.232358,-0.230671,0.556164,0.109296,0.940784,2981.22,1.48498,,,,,,,2,1,-0.794392,-0.00714058,-0.0252968,-0.0333536
R1,R1 hors nis_z_100 Q4,6,SL-A 4,SL-A,4,figé,0.0527638,0,4,4,4,-0.794392,-2.39199,0.735674,-0.00714058,-0.036183,0.0208247,10,1592,1592,0,22.1111,-0.634254,-9191.02,0.839026,0.49309,-5.77326,-0.159224,-0.680216,-0.679177,-10577.7,6,6728.98,15920,2.36589,702,890,-4.60884,-6.6917,-5.65027,1.04143,-0.0727475,-0.227434,-0.150091,0.077343,-10.5563,-1.16903,-10.5106,-0.999953,-0.239752,-0.0725354,-0.232535,-0.0595263,-0.452717,-0.469921,-0.468908,0.556164,0.109296,0.779422,2981.22,2.96997,,,,,,,2,1,-0.794392,-0.00714058,-0.0162456,-0.0174035
R1,R1 hors nis_z_100 Q4,6,SL-A 4,SL-A,4,dynamique,0.0527638,0,4,4,4,,,,,,,5,1592,1592,0,22.1111,-0.188986,-1231.02,0.976859,0.533291,-0.773255,-0.0386286,-0.453062,-0.448396,-5560.79,6,6728.98,7960,1.18294,702,890,0.391156,-1.6917,-0.650273,1.04143,0.0476206,-0.106659,-0.0295191,0.0771397,-5.55632,3.83097,-5.51063,4.00005,-0.121818,0.0499768,-0.115843,0.0659779,-0.14782,-0.232358,-0.230671,0.556164,0.109296,0.940784,2981.22,1.48498,0,,,0,,,2,1,-0.794392,-0.00714058,-0.0252968,-0.0333536
R1,R1 hors nis_z_100 Q4,6,SL-A 4,SL-A,4,dynamique,0.0527638,0,4,4,4,,,,,,,10,1592,1592,0,22.1111,-0.634254,-9191.02,0.839026,0.49309,-5.77326,-0.159224,-0.680216,-0.679177,-10577.7,6,6728.98,15920,2.36589,702,890,-4.60884,-6.6917,-5.65027,1.04143,-0.0727475,-0.227434,-0.150091,0.077343,-10.5563,-1.16903,-10.5106,-0.999953,-0.239752,-0.0725354,-0.232535,-0.0595263,-0.452717,-0.469921,-0.468908,0.556164,0.109296,0.779422,2981.22,2.96997,0,,,0,,,2,1,-0.794392,-0.00714058,-0.0162456,-0.0174035
R1,R1 hors nis_z_100 Q4,6,SL-A 5,SL-A,5,figé,0.0257538,0,5,5,5,0.31029,-0.70709,1.38307,0.00795329,-0.0138107,0.0299514,5,1592,1592,0,22.1111,-0.0315344,527.631,1.01018,0.534548,0.331427,-0.0235347,-0.397521,-0.387952,-4545.49,6,8487.63,7960,0.937835,702,890,2.34625,-1.25779,0.544228,1.80202,0.075734,-0.101834,-0.0130501,0.0887842,-4.51999,4.83212,-4.22847,5.15687,-0.104492,0.0644477,-0.0954559,0.0777065,-0.092717,-0.192124,-0.189957,0.556164,0.109296,0.965896,3609.48,1.22651,,,,,,,2,1,0.31029,0.00795329,0.0298061,0.0068798
R1,R1 hors nis_z_100 Q4,6,SL-A 5,SL-A,5,figé,0.0257538,0,5,5,5,0.31029,-0.70709,1.38307,0.00795329,-0.0138107,0.0299514,10,1592,1592,0,22.1111,-0.563209,-7432.37,0.866611,0.494347,-4.66857,-0.14413,-0.619727,-0.618492,-8860.36,6,8487.63,15920,1.87567,702,890,-2.65375,-6.25779,-4.45577,1.80202,-0.0446341,-0.222609,-0.133622,0.0889874,-9.51999,-0.167882,-9.22847,0.156865,-0.222811,-0.0577386,-0.215277,-0.0437625,-0.417322,-0.434851,-0.433771,0.556164,0.109296,0.799644,3609.48,2.45302,,,,,,,2,1,0.31029,0.00795329,0.019149,0.017666
R1,R1 hors nis_z_100 Q4,6,SL-A 5,SL-A,5,dynamique,0.0257538,0,5,5,5,,,,,,,5,1592,1592,0,22.1111,-0.0315344,527.631,1.01018,0.534548,0.331427,-0.0235347,-0.397521,-0.387952,-4545.49,6,8487.63,7960,0.937835,702,890,2.34625,-1.25779,0.544228,1.80202,0.075734,-0.101834,-0.0130501,0.0887842,-4.51999,4.83212,-4.22847,5.15687,-0.104492,0.0644477,-0.0954559,0.0777065,-0.092717,-0.192124,-0.189957,0.556164,0.109296,0.965896,3609.48,1.22651,0,,,0,,,2,1,0.31029,0.00795329,0.0298061,0.0068798
R1,R1 hors nis_z_100 Q4,6,SL-A 5,SL-A,5,dynamique,0.0257538,0,5,5,5,,,,,,,10,1592,1592,0,22.1111,-0.563209,-7432.37,0.866611,0.494347,-4.66857,-0.14413,-0.619727,-0.618492,-8860.36,6,8487.63,15920,1.87567,702,890,-2.65375,-6.25779,-4.45577,1.80202,-0.0446341,-0.222609,-0.133622,0.0889874,-9.51999,-0.167882,-9.22847,0.156865,-0.222811,-0.0577386,-0.215277,-0.0437625,-0.417322,-0.434851,-0.433771,0.556164,0.109296,0.799644,3609.48,2.45302,0,,,0,,,2,1,0.31029,0.00795329,0.019149,0.017666
R1,R1 hors nis_z_100 Q4,6,SL-B 0,SL-B,0,figé,0.452261,0.000628141,0.407672,0.967447,1.70024,-1.19383,-4.6739,2.37857,0.0195901,-0.0296754,0.0715343,5,1592,1592,0,22.1111,-0.212551,-1866.93,0.957011,0.405779,-1.17269,-0.0118979,-0.295013,-0.293959,-3403.66,6,6093.07,7960,1.3064,702,890,-0.803307,-1.46405,-1.13368,0.330373,0.026286,-0.042016,-0.00786502,0.034151,-4.47507,2.27097,-4.61126,2.46856,-0.0807838,0.0692081,-0.0815068,0.0792045,-0.0693637,-0.180463,-0.179941,0.556164,0.109296,0.967575,3803.67,1.16389,,,,,,,2,2,-1.19383,0.0195901,0.0531594,0.0185411
R1,R1 hors nis_z_100 Q4,6,SL-B 0,SL-B,0,figé,0.452261,0.000628141,0.407672,0.967447,1.70024,-1.19383,-4.6739,2.37857,0.0195901,-0.0296754,0.0715343,10,1592,1592,0,22.1111,-0.644881,-9826.93,0.796456,0.379397,-6.17269,-0.132493,-0.661175,-0.659911,-10265.6,6,6093.07,15920,2.6128,702,890,-5.80331,-6.46405,-6.13368,0.330373,-0.0940821,-0.162791,-0.128436,0.0343543,-9.47507,-2.72903,-9.61126,-2.53144,-0.200137,-0.053342,-0.20013,-0.0458543,-0.402302,-0.415411,-0.414293,0.556164,0.109296,0.769745,3803.67,2.32779,,,,,,,1,1,-1.19383,0.0195901,0.0341696,0.0371066
R1,R1 hors nis_z_100 Q4,6,SL-B 0,SL-B,0,dynamique,0.452261,0.000628141,0.407672,0.967447,1.70024,,,,,,,5,1592,1592,0,22.1111,-0.212551,-1866.93,0.957011,0.405779,-1.17269,-0.0118979,-0.295013,-0.293959,-3403.66,6,6093.07,7960,1.3064,702,890,-0.803307,-1.46405,-1.13368,0.330373,0.026286,-0.042016,-0.00786502,0.034151,-4.47507,2.27097,-4.61126,2.46856,-0.0807838,0.0692081,-0.0815068,0.0792045,-0.0693637,-0.180463,-0.179941,0.556164,0.109296,0.967575,3803.67,1.16389,0,,,0,,,2,2,-1.19383,0.0195901,0.0531594,0.0185411
R1,R1 hors nis_z_100 Q4,6,SL-B 0,SL-B,0,dynamique,0.452261,0.000628141,0.407672,0.967447,1.70024,,,,,,,10,1592,1592,0,22.1111,-0.644881,-9826.93,0.796456,0.379397,-6.17269,-0.132493,-0.661175,-0.659911,-10265.6,6,6093.07,15920,2.6128,702,890,-5.80331,-6.46405,-6.13368,0.330373,-0.0940821,-0.162791,-0.128436,0.0343543,-9.47507,-2.72903,-9.61126,-2.53144,-0.200137,-0.053342,-0.20013,-0.0458543,-0.402302,-0.415411,-0.414293,0.556164,0.109296,0.769745,3803.67,2.32779,0,,,0,,,1,1,-1.19383,0.0195901,0.0341696,0.0371066
R1,R1 hors nis_z_100 Q4,6,SL-B 0.25,SL-B,0.25,figé,0.398241,0,0.657672,1.21745,1.95024,-3.07125,-7.01887,0.64241,-0.0173735,-0.0668374,0.0355743,5,1592,1592,0,22.1111,-0.420468,-4855.78,0.900871,0.430905,-3.05012,-0.0488615,-0.454725,-0.45269,-5435.07,6,3104.22,7960,2.56425,702,890,-2.83788,-3.21752,-3.0277,0.189816,-0.0127469,-0.0773474,-0.0450471,0.0323002,-7.07168,1.03776,-7.0945,1.08101,-0.123822,0.037732,-0.121305,0.0452319,-0.196218,-0.22106,-0.220147,0.556164,0.109296,0.90421,2348.5,1.88506,,,,,,,2,2,-3.07125,-0.0173735,-0.0736947,-0.0220559
R1,R1 hors nis_z_100 Q4,6,SL-B 0.25,SL-B,0.25,figé,0.398241,0,0.657672,1.21745,1.95024,-3.07125,-7.01887,0.64241,-0.0173735,-0.0668374,0.0355743,10,1592,1592,0,22.1111,-0.738687,-12815.8,0.761081,0.402638,-8.05012,-0.169457,-0.750175,-0.749243,-13231.1,6,3104.22,15920,5.12851,702,890,-7.83788,-8.21752,-8.0277,0.189816,-0.133115,-0.198122,-0.165619,0.0325035,-12.0717,-3.96224,-12.0945,-3.91899,-0.241995,-0.0870453,-0.242231,-0.0784873,-0.483796,-0.494678,-0.493713,0.556164,0.109296,0.732357,2348.5,3.77011,,,,,,,1,1,-3.07125,-0.0173735,-0.0473244,-0.0421612
R1,R1 hors nis_z_100 Q4,6,SL-B 0.25,SL-B,0.25,dynamique,0.398241,0,0.657672,1.21745,1.95024,,,,,,,5,1592,1592,0,22.1111,-0.420468,-4855.78,0.900871,0.430905,-3.05012,-0.0488615,-0.454725,-0.45269,-5435.07,6,3104.22,7960,2.56425,702,890,-2.83788,-3.21752,-3.0277,0.189816,-0.0127469,-0.0773474,-0.0450471,0.0323002,-7.07168,1.03776,-7.0945,1.08101,-0.123822,0.037732,-0.121305,0.0452319,-0.196218,-0.22106,-0.220147,0.556164,0.109296,0.90421,2348.5,1.88506,0,,,0,,,2,2,-3.07125,-0.0173735,-0.0736947,-0.0220559
R1,R1 hors nis_z_100 Q4,6,SL-B 0.25,SL-B,0.25,dynamique,0.398241,0,0.657672,1.21745,1.95024,,,,,,,10,1592,1592,0,22.1111,-0.738687,-12815.8,0.761081,0.402638,-8.05012,-0.169457,-0.750175,-0.749243,-13231.1,6,3104.22,15920,5.12851,702,890,-7.83788,-8.21752,-8.0277,0.189816,-0.133115,-0.198122,-0.165619,0.0325035,-12.0717,-3.96224,-12.0945,-3.91899,-0.241995,-0.0870453,-0.242231,-0.0784873,-0.483796,-0.494678,-0.493713,0.556164,0.109296,0.732357,2348.5,3.77011,0,,,0,,,1,1,-3.07125,-0.0173735,-0.0473244,-0.0421612
R1,R1 hors nis_z_100 Q4,6,SL-B 0.5,SL-B,0.5,figé,0.327889,0.00125628,0.907672,1.46745,2.20024,-2.08369,-4.96265,0.891753,-0.0159375,-0.0640381,0.0341499,5,1592,1592,0,22.1111,-0.325905,-3283.59,0.93493,0.466709,-2.06256,-0.0474255,-0.408694,-0.404116,-4846.71,6,4676.41,7960,1.70216,702,890,-2.94345,-1.36774,-2.15559,-0.787858,-0.0179198,-0.0706985,-0.0443092,0.0263893,-6.02261,1.99174,-6.38699,2.05847,-0.117634,0.0324912,-0.117439,0.0409318,-0.188227,-0.208936,-0.207424,0.556164,0.109296,0.912917,2456.02,1.80253,,,,,,,3,2,-2.08369,-0.0159375,-0.0657043,-0.00993172
R1,R1 hors nis_z_100 Q4,6,SL-B 0.5,SL-B,0.5,figé,0.327889,0.00125628,0.907672,1.46745,2.20024,-2.08369,-4.96265,0.891753,-0.0159375,-0.0640381,0.0341499,10,1592,1592,0,22.1111,-0.696026,-11243.6,0.795082,0.431533,-7.06256,-0.168021,-0.718551,-0.716568,-12007.9,6,4676.41,15920,3.40432,702,890,-7.94345,-6.36774,-7.15559,-0.787858,-0.138288,-0.191473,-0.164881,0.0265926,-11.0226,-3.00826,-11.387,-2.94153,-0.235976,-0.0905486,-0.237184,-0.0826185,-0.478666,-0.489017,-0.488041,0.556164,0.109296,0.74524,2456.02,3.60507,,,,,,,1,1,-2.08369,-0.0159375,-0.042195,-0.0364998
R1,R1 hors nis_z_100 Q4,6,SL-B 0.5,SL-B,0.5,dynamique,0.327889,0.00125628,0.907672,1.46745,2.20024,,,,,,,5,1592,1592,0,22.1111,-0.325905,-3283.59,0.93493,0.466709,-2.06256,-0.0474255,-0.408694,-0.404116,-4846.71,6,4676.41,7960,1.70216,702,890,-2.94345,-1.36774,-2.15559,-0.787858,-0.0179198,-0.0706985,-0.0443092,0.0263893,-6.02261,1.99174,-6.38699,2.05847,-0.117634,0.0324912,-0.117439,0.0409318,-0.188227,-0.208936,-0.207424,0.556164,0.109296,0.912917,2456.02,1.80253,0,,,0,,,3,2,-2.08369,-0.0159375,-0.0657043,-0.00993172
R1,R1 hors nis_z_100 Q4,6,SL-B 0.5,SL-B,0.5,dynamique,0.327889,0.00125628,0.907672,1.46745,2.20024,,,,,,,10,1592,1592,0,22.1111,-0.696026,-11243.6,0.795082,0.431533,-7.06256,-0.168021,-0.718551,-0.716568,-12007.9,6,4676.41,15920,3.40432,702,890,-7.94345,-6.36774,-7.15559,-0.787858,-0.138288,-0.191473,-0.164881,0.0265926,-11.0226,-3.00826,-11.387,-2.94153,-0.235976,-0.0905486,-0.237184,-0.0826185,-0.478666,-0.489017,-0.488041,0.556164,0.109296,0.74524,2456.02,3.60507,0,,,0,,,1,1,-2.08369,-0.0159375,-0.042195,-0.0364998
R1,R1 hors nis_z_100 Q4,6,SL-B 1,SL-B,1,figé,0.211683,0,1.40767,1.96745,2.70024,-0.289333,-2.839,2.38471,0.006584,-0.0376237,0.0508088,5,1592,1592,0,22.1111,-0.109386,-426.969,0.991583,0.507538,-0.268197,-0.024904,-0.398689,-0.391349,-4566.27,6,7533.03,7960,1.05668,702,890,0.165016,-0.6099,-0.222442,0.387458,0.0416155,-0.0773722,-0.0178783,0.0594939,-4.64595,4.07324,-4.58024,4.27314,-0.0963058,0.0547675,-0.0932486,0.06883,-0.102642,-0.184901,-0.182863,0.556164,0.109296,0.958405,3470.28,1.27571,,,,,,,4,3,-0.289333,0.006584,0.0198816,0.0141033
R1,R1 hors nis_z_100 Q4,6,SL-B 1,SL-B,1,figé,0.211683,0,1.40767,1.96745,2.70024,-0.289333,-2.839,2.38471,0.006584,-0.0376237,0.0508088,10,1592,1592,0,22.1111,-0.598335,-8386.97,0.847022,0.467965,-5.2682,-0.145499,-0.647724,-0.64658,-9737.19,6,7533.03,15920,2.11336,702,890,-4.83498,-5.6099,-5.22244,0.387458,-0.0787526,-0.198147,-0.13845,0.0596972,-9.64595,-0.926763,-9.58024,-0.726863,-0.21545,-0.0693824,-0.212819,-0.0555447,-0.423694,-0.441049,-0.439981,0.556164,0.109296,0.787471,3470.28,2.55141,,,,,,,1,1,-0.289333,0.006584,0.0127777,0.0114678
R1,R1 hors nis_z_100 Q4,6,SL-B 1,SL-B,1,dynamique,0.211683,0,1.40767,1.96745,2.70024,,,,,,,5,1592,1592,0,22.1111,-0.109386,-426.969,0.991583,0.507538,-0.268197,-0.024904,-0.398689,-0.391349,-4566.27,6,7533.03,7960,1.05668,702,890,0.165016,-0.6099,-0.222442,0.387458,0.0416155,-0.0773722,-0.0178783,0.0594939,-4.64595,4.07324,-4.58024,4.27314,-0.0963058,0.0547675,-0.0932486,0.06883,-0.102642,-0.184901,-0.182863,0.556164,0.109296,0.958405,3470.28,1.27571,0,,,0,,,4,3,-0.289333,0.006584,0.0198816,0.0141033
R1,R1 hors nis_z_100 Q4,6,SL-B 1,SL-B,1,dynamique,0.211683,0,1.40767,1.96745,2.70024,,,,,,,10,1592,1592,0,22.1111,-0.598335,-8386.97,0.847022,0.467965,-5.2682,-0.145499,-0.647724,-0.64658,-9737.19,6,7533.03,15920,2.11336,702,890,-4.83498,-5.6099,-5.22244,0.387458,-0.0787526,-0.198147,-0.13845,0.0596972,-9.64595,-0.926763,-9.58024,-0.726863,-0.21545,-0.0693824,-0.212819,-0.0555447,-0.423694,-0.441049,-0.439981,0.556164,0.109296,0.787471,3470.28,2.55141,0,,,0,,,1,1,-0.289333,0.006584,0.0127777,0.0114678
R1,R1 hors nis_z_100 Q4,13,sans,sans,,figé,0,0,,,,0,0,0,0,0,0,5,1592,1501,0.0571608,20.8472,-0.187229,-164.328,0.997793,0.50433,-0.109479,-0.045771,-0.536213,-0.522446,-6297.02,13,7340.67,7505,1.02239,655,846,-1.05403,0.621825,-0.216104,-0.83793,-0.0211769,-0.0648126,-0.0429947,0.0218179,-9.32872,9.25076,-10.0603,9.83209,-0.207862,0.121055,-0.216306,0.135598,-0.158891,-0.317951,-0.312725,0.553374,0.107928,0.961671,2805.26,1.48046,,,,,,,2,2,0,0,0,0
R1,R1 hors nis_z_100 Q4,13,sans,sans,,figé,0,0,,,,0,0,0,0,0,0,10,1592,1501,0.0571608,20.8472,-0.616415,-7669.33,0.90206,0.473684,-5.10948,-0.16515,-0.769629,-0.759935,-12638.4,13,7340.67,15010,2.04477,655,846,-6.05403,-4.37817,-5.2161,-0.83793,-0.139216,-0.18523,-0.162223,0.023007,-14.3287,4.25076,-15.0603,4.83209,-0.328319,0.000703316,-0.334512,0.0128471,-0.444852,-0.513518,-0.50681,0.553374,0.107928,0.852546,2805.26,2.96092,,,,,,,1,0,0,0,0,0
R1,R1 hors nis_z_100 Q4,13,sans,sans,,dynamique,0,0,,,,,,,,,,5,1592,1501,0.0571608,20.8472,-0.187229,-164.328,0.997793,0.50433,-0.109479,-0.045771,-0.536213,-0.522446,-6297.02,13,7340.67,7505,1.02239,655,846,-1.05403,0.621825,-0.216104,-0.83793,-0.0211769,-0.0648126,-0.0429947,0.0218179,-9.32872,9.25076,-10.0603,9.83209,-0.207862,0.121055,-0.216306,0.135598,-0.158891,-0.317951,-0.312725,0.553374,0.107928,0.961671,2805.26,1.48046,0,,,0,,,2,2,0,0,0,0
R1,R1 hors nis_z_100 Q4,13,sans,sans,,dynamique,0,0,,,,,,,,,,10,1592,1501,0.0571608,20.8472,-0.616415,-7669.33,0.90206,0.473684,-5.10948,-0.16515,-0.769629,-0.759935,-12638.4,13,7340.67,15010,2.04477,655,846,-6.05403,-4.37817,-5.2161,-0.83793,-0.139216,-0.18523,-0.162223,0.023007,-14.3287,4.25076,-15.0603,4.83209,-0.328319,0.000703316,-0.334512,0.0128471,-0.444852,-0.513518,-0.50681,0.553374,0.107928,0.852546,2805.26,2.96092,0,,,0,,,1,0,0,0,0,0
R1,R1 hors nis_z_100 Q4,13,SL-A 1,SL-A,1,figé,0.607595,0.00133245,1,1,1,-1.92937,-8.97115,4.88751,0.026917,-0.0924315,0.147162,5,1592,1501,0.0571608,20.8472,-0.331409,-3060.31,0.94681,0.331779,-2.03884,-0.0188541,-0.515108,-0.50812,-6336.4,8,4444.69,7505,1.68853,655,846,-1.19087,-2.69538,-1.94312,0.752255,0.00658128,-0.0385469,-0.0159828,0.0225641,-7.83344,3.83034,-8.09731,4.29382,-0.128347,0.0982293,-0.132034,0.109002,-0.108248,-0.272127,-0.270187,0.553374,0.107928,0.962284,3192.21,1.301,,,,,,,3,3,-1.92937,0.026917,0.0506435,0.0458245
R1,R1 hors nis_z_100 Q4,13,SL-A 1,SL-A,1,figé,0.607595,0.00133245,1,1,1,-1.92937,-8.97115,4.88751,0.026917,-0.0924315,0.147162,10,1592,1501,0.0571608,20.8472,-0.684476,-10565.3,0.831277,0.314457,-7.03884,-0.138233,-0.758249,-0.754654,-13286.4,8,4444.69,15010,3.37706,655,846,-6.19087,-7.69538,-6.94312,0.752255,-0.111457,-0.158964,-0.135211,0.0237532,-12.8334,-1.16966,-13.0973,-0.706182,-0.246615,-0.0217029,-0.250353,-0.0115603,-0.411377,-0.472817,-0.469366,0.553374,0.107928,0.819351,3192.21,2.60201,,,,,,,0,0,-1.92937,0.026917,0.0334753,0.0407016
R1,R1 hors nis_z_100 Q4,13,SL-A 1,SL-A,1,dynamique,0.606771,0.00130208,1,1,1,,,,,,,5,1592,1536,0.0351759,21.3333,-0.32666,-2973.71,0.949313,0.332682,-1.93601,-0.0168904,-0.506867,-0.499761,-6152.54,8,4706.29,7680,1.63186,675,861,-1.6062,-2.19456,-1.90038,0.294181,-0.00696936,-0.0246682,-0.0158188,0.00884944,-7.53557,3.74385,-7.82749,4.12381,-0.126059,0.097436,-0.12938,0.107021,-0.0996739,-0.284411,-0.282504,0.553863,0.106771,0.96703,3395.01,1.25292,36,5.36333,0.129801,1,106.479,2.31659,3,3,-1.82653,0.0288806,0.0592174,0.0335402
R1,R1 hors nis_z_100 Q4,13,SL-A 1,SL-A,1,dynamique,0.606771,0.00130208,1,1,1,,,,,,,10,1592,1536,0.0351759,21.3333,-0.687748,-10653.7,0.833183,0.314453,-6.93601,-0.136656,-0.758284,-0.75469,-13272.5,8,4706.29,15360,3.26371,675,861,-6.6062,-7.19456,-6.90038,0.294181,-0.126178,-0.144871,-0.135524,0.00934654,-12.5356,-1.25615,-12.8275,-0.876186,-0.245435,-0.0234404,-0.24949,-0.0138155,-0.411664,-0.471609,-0.46815,0.553863,0.106771,0.823373,3395.01,2.50584,36,0.363331,-0.00577041,1,101.479,2.20781,2,1,-1.82653,0.0284942,0.0331885,0.0419093
R1,R1 hors nis_z_100 Q4,13,SL-A 1.5,SL-A,1.5,figé,0.45503,0.00133245,1.5,1.5,1.5,-0.0156695,-6.1249,6.14361,0.0431851,-0.0785079,0.159183,5,1592,1501,0.0571608,20.8472,-0.132217,-187.848,0.997105,0.413724,-0.125148,-0.00258596,-0.493408,-0.485989,-6415.3,13,7317.15,7505,1.02567,655,846,-1.90249,1.25093,-0.325782,-1.57671,0.000246854,-0.00477922,-0.00226618,0.00251304,-7.58292,7.55445,-8.16466,7.58915,-0.118904,0.122206,-0.124789,0.126254,-0.0461508,-0.216789,-0.215282,0.553374,0.107928,0.991404,3903.15,1.06403,,,,,,,3,3,-0.0156695,0.0431851,0.112741,0.101162
R1,R1 hors nis_z_100 Q4,13,SL-A 1.5,SL-A,1.5,figé,0.45503,0.00133245,1.5,1.5,1.5,-0.0156695,-6.1249,6.14361,0.0431851,-0.0785079,0.159183,10,1592,1501,0.0571608,20.8472,-0.590424,-7692.85,0.889119,0.391073,-5.12515,-0.121965,-0.715384,-0.711248,-11455.6,13,7317.15,15010,2.05134,655,846,-6.90249,-3.74907,-5.32578,-1.57671,-0.117792,-0.125196,-0.121494,0.00370219,-12.5829,2.55445,-13.1647,2.58915,-0.238703,0.00200238,-0.24209,0.00673879,-0.37039,-0.423458,-0.419869,0.553374,0.107928,0.860692,3903.15,2.12806,,,,,,,2,0,-0.0156695,0.0431851,0.0744624,0.0900601
R1,R1 hors nis_z_100 Q4,13,SL-A 1.5,SL-A,1.5,dynamique,0.455023,0.0013132,1.5,1.5,1.5,,,,,,,5,1592,1523,0.0433417,21.1528,-0.137574,-237.943,0.99638,0.413657,-0.156233,-7.62512e-05,-0.497709,-0.490353,-6500.2,13,7377.06,7615,1.03225,668,855,-2.33721,1.54773,-0.394737,-1.94247,-0.012655,0.00975136,-0.00145182,-0.0112032,-7.30263,7.24929,-7.96865,7.23898,-0.11443,0.121921,-0.120031,0.126142,-0.0323729,-0.223787,-0.222294,0.554632,0.107682,0.996604,4123.34,1.0243,23,2.45148,0.264434,1,106.479,2.31659,3,3,-0.0467544,0.0456948,0.126518,0.0941639
R1,R1 hors nis_z_100 Q4,13,SL-A 1.5,SL-A,1.5,dynamique,0.455023,0.0013132,1.5,1.5,1.5,,,,,,,10,1592,1523,0.0433417,21.1528,-0.597408,-7852.94,0.888266,0.39002,-5.15623,-0.120072,-0.716024,-0.711896,-11467.3,13,7377.06,15230,2.06451,668,855,-7.33721,-3.45227,-5.39474,-1.94247,-0.132147,-0.110638,-0.121393,-0.0107545,-12.3026,2.24929,-12.9687,2.23898,-0.234817,0.00147439,-0.238267,0.00538662,-0.365775,-0.416887,-0.413257,0.554632,0.107682,0.865191,4123.34,2.04859,23,-2.54852,0.104659,1,101.479,2.20781,2,1,-0.0467544,0.0450778,0.0790772,0.0966312
R1,R1 hors nis_z_100 Q4,13,SL-A 2,SL-A,2,figé,0.349767,0,2,2,2,1.25756,-3.48731,6.24271,0.0564564,-0.0401784,0.152979,5,1592,1501,0.0571608,20.8472,0.0349595,1723.27,1.02535,0.457029,1.14808,0.0106854,-0.452742,-0.444874,-5593.19,13,9228.27,7505,0.813262,655,846,2.13216,0.386182,1.25917,0.872988,0.0605235,-0.0279009,0.0163113,0.0442122,-5.97829,8.79086,-6.02828,9.53095,-0.105044,0.134265,-0.104636,0.147771,0.010375,-0.204926,-0.202972,0.553374,0.107928,1.01155,4510.34,0.92079,,,,,,,3,3,1.25756,0.0564564,0.169266,0.113025
R1,R1 hors nis_z_100 Q4,13,SL-A 2,SL-A,2,figé,0.349767,0,2,2,2,1.25756,-3.48731,6.24271,0.0564564,-0.0401784,0.152979,10,1592,1501,0.0571608,20.8472,-0.511481,-5781.73,0.919857,0.432378,-3.85192,-0.108694,-0.666223,-0.661372,-9728.66,13,9228.27,15010,1.62652,655,846,-2.86784,-4.61382,-3.74083,0.872988,-0.0575152,-0.148318,-0.102917,0.0454014,-10.9783,3.79086,-11.0283,4.53095,-0.22326,0.0147948,-0.223161,0.0308089,-0.333072,-0.386676,-0.38468,0.553374,0.107928,0.885982,4510.34,1.84158,,,,,,,2,1,1.25756,0.0564564,0.11178,0.126843
R1,R1 hors nis_z_100 Q4,13,SL-A 2,SL-A,2,dynamique,0.349636,0,2,2,2,,,,,,,5,1592,1513,0.0496231,21.0139,0.0298302,1682.27,1.02456,0.456048,1.11188,0.0125852,-0.457389,-0.449587,-5636.53,13,9247.27,7565,0.818079,661,852,1.47647,0.829021,1.15274,0.323723,0.0442415,-0.0119744,0.0161336,0.028108,-5.94654,8.73639,-5.97845,9.22317,-0.102392,0.134624,-0.104855,0.146277,0.0231927,-0.215092,-0.213163,0.554145,0.107733,1.01566,4680.66,0.895623,13,5.0367,0.409173,1,106.479,2.31659,3,3,1.22136,0.0583563,0.182084,0.102859
R1,R1 hors nis_z_100 Q4,13,SL-A 2,SL-A,2,dynamique,0.349636,0,2,2,2,,,,,,,10,1592,1513,0.0496231,21.0139,-0.516812,-5882.73,0.919086,0.431593,-3.88812,-0.107339,-0.669865,-0.665067,-9829.66,13,9247.27,15130,1.63616,661,852,-3.52353,-4.17098,-3.84726,0.323723,-0.0750281,-0.132406,-0.103717,0.0286891,-10.9465,3.73639,-10.9784,4.22317,-0.22466,0.0168375,-0.223521,0.0244386,-0.327238,-0.38131,-0.379297,0.554145,0.107733,0.889691,4680.66,1.79125,13,0.0367018,0.227193,1,101.479,2.20781,2,1,1.22136,0.0578114,0.117614,0.132208
R1,R1 hors nis_z_100 Q4,13,SL-A 2.5,SL-A,2.5,figé,0.265157,0,2.5,2.5,2.5,0.956914,-3.22104,5.23976,0.0583383,-0.0313561,0.144565,5,1592,1501,0.0571608,20.8472,-0.0228957,1272,1.01803,0.478348,0.847435,0.0125673,-0.485853,-0.478461,-6135.04,13,8777,7505,0.855076,655,846,0.635871,1.01124,0.823553,-0.187682,0.0342497,-0.00421995,0.0150149,0.0192348,-7.05435,9.37959,-7.18178,9.79496,-0.11899,0.145372,-0.12304,0.156909,0.020627,-0.194591,-0.186483,0.553374,0.107928,1.01498,4632.71,0.896467,,,,,,,4,3,0.956914,0.0583383,0.179518,0.12336
R1,R1 hors nis_z_100 Q4,13,SL-A 2.5,SL-A,2.5,figé,0.265157,0,2.5,2.5,2.5,0.956914,-3.22104,5.23976,0.0583383,-0.0313561,0.144565,10,1592,1501,0.0571608,20.8472,-0.538805,-6233,0.916422,0.451699,-4.15256,-0.106812,-0.700994,-0.697748,-10689.2,13,8777,15010,1.71015,655,846,-4.36413,-3.98876,-4.17645,-0.187682,-0.0837891,-0.124637,-0.104213,0.020424,-12.0543,4.37959,-12.1818,4.79496,-0.234751,0.0281297,-0.24049,0.0370327,-0.326301,-0.405505,-0.398249,0.553374,0.107928,0.892862,4632.71,1.79293,,,,,,,2,1,0.956914,0.0583383,0.118552,0.108013
R1,R1 hors nis_z_100 Q4,13,SL-A 2.5,SL-A,2.5,dynamique,0.265915,0,2.5,2.5,2.5,,,,,,,5,1592,1508,0.0527638,20.9444,-0.0569947,919.887,1.01296,0.477454,0.610004,0.00688637,-0.490219,-0.482889,-6219.95,13,8459.89,7540,0.891265,659,849,0.0517838,1.0433,0.547541,-0.495758,0.0195636,-0.00295377,0.00830491,0.0112587,-7.2896,9.10334,-7.41385,9.33048,-0.123562,0.140025,-0.127998,0.148138,0.00577284,-0.197856,-0.189781,0.553622,0.10809,1.01036,4507.91,0.925996,7,-50.302,-1.21126,0,,,4,3,0.719483,0.0526574,0.164664,0.120095
R1,R1 hors nis_z_100 Q4,13,SL-A 2.5,SL-A,2.5,dynamique,0.265915,0,2.5,2.5,2.5,,,,,,,10,1592,1508,0.0527638,20.9444,-0.556464,-6620.11,0.911756,0.450928,-4.39,-0.112963,-0.712442,-0.709321,-11076.3,13,8459.89,15080,1.78253,659,849,-4.94822,-3.9567,-4.45246,-0.495758,-0.0995885,-0.123345,-0.111467,0.0118781,-12.2896,4.10334,-12.4139,4.33048,-0.240384,0.0212073,-0.245919,0.029267,-0.337517,-0.415403,-0.408268,0.553622,0.10809,0.888647,4507.91,1.85199,7,-55.302,-1.43198,0,,,2,1,0.719483,0.052187,0.107335,0.0981152
R1,R1 hors nis_z_100 Q4,13,SL-A 3,SL-A,3,figé,0.205197,0,3,3,3,0.88918,-2.66783,4.57869,0.0511817,-0.0222817,0.128802,5,1592,1501,0.0571608,20.8472,-0.0404485,1170.33,1.01634,0.489007,0.779701,0.00541068,-0.491463,-0.473967,-6037.03,13,8675.33,7505,0.865097,655,846,0.203838,1.22555,0.714695,-0.510857,0.0324247,-0.0155045,0.00846014,0.0239646,-7.46987,9.47688,-7.90323,9.91374,-0.133359,0.144642,-0.133706,0.15561,0.000432921,-0.192998,-0.184875,0.553374,0.107928,1.00902,4448.48,0.933593,,,,,,,4,3,0.88918,0.0511817,0.159324,0.124953
R1,R1 hors nis_z_100 Q4,13,SL-A 3,SL-A,3,figé,0.205197,0,3,3,3,0.88918,-2.66783,4.57869,0.0511817,-0.0222817,0.128802,10,1592,1501,0.0571608,20.8472,-0.547096,-6334.67,0.916159,0.46036,-4.2203,-0.113969,-0.717827,-0.70734,-10995.6,13,8675.33,15010,1.73019,655,846,-4.79616,-3.77445,-4.2853,-0.510857,-0.085614,-0.135921,-0.110768,0.0251538,-12.4699,4.47688,-12.9032,4.91374,-0.250091,0.0282105,-0.252508,0.037669,-0.339636,-0.421608,-0.413088,0.553374,0.107928,0.889603,4448.48,1.86719,,,,,,,1,0,0.88918,0.0511817,0.105216,0.0919105
R1,R1 hors nis_z_100 Q4,13,SL-A 3,SL-A,3,dynamique,0.204651,0,3,3,3,,,,,,,5,1592,1505,0.0546482,20.9028,-0.0457361,1115.68,1.01555,0.489037,0.741319,0.00551236,-0.495781,-0.478433,-6121.94,13,8640.68,7525,0.87088,656,849,0.0741034,1.25686,0.665481,-0.591377,0.0310222,-0.0141984,0.00841189,0.0226103,-7.49944,9.49398,-7.89946,9.80521,-0.131913,0.143446,-0.133365,0.15442,0.000857818,-0.191092,-0.182949,0.553204,0.107641,1.00915,4462.64,0.932825,4,-13.6617,0.043669,0,,,4,3,0.850797,0.0512834,0.159749,0.126859
R1,R1 hors nis_z_100 Q4,13,SL-A 3,SL-A,3,dynamique,0.204651,0,3,3,3,,,,,,,10,1592,1505,0.0546482,20.9028,-0.550494,-6409.32,0.915317,0.460465,-4.25868,-0.11381,-0.719944,-0.709535,-11070.2,13,8640.68,15050,1.74176,656,849,-4.9259,-3.74314,-4.33452,-0.591377,-0.0869163,-0.134589,-0.110753,0.0238366,-12.4994,4.49398,-12.8995,4.80521,-0.249324,0.0264387,-0.251905,0.0372211,-0.340002,-0.421928,-0.413413,0.553204,0.107641,0.889582,4462.64,1.86565,4,-18.6617,-0.0541956,0,,,1,0,0.850797,0.0513406,0.104851,0.0915905
R1,R1 hors nis_z_100 Q4,13,SL-A 4,SL-A,4,figé,0.127915,0,4,4,4,1.13883,-1.60806,3.844,0.047413,-0.0115871,0.111267,5,1592,1501,0.0571608,20.8472,-0.0163536,1545.06,1.02141,0.500333,1.02935,0.00164199,-0.449911,-0.426613,-5130,13,9050.06,7505,0.829277,655,846,1.77604,0.451239,1.11364,0.662401,0.0725394,-0.053249,0.00964518,0.0628942,-7.39556,9.72884,-7.68172,10.4071,-0.134377,0.14388,-0.135918,0.161885,-0.00119222,-0.18837,-0.183387,0.553374,0.107928,1.00908,4454.46,0.932341,,,,,,,3,3,1.13883,0.047413,0.157699,0.129581
R1,R1 hors nis_z_100 Q4,13,SL-A 4,SL-A,4,figé,0.127915,0,4,4,4,1.13883,-1.60806,3.844,0.047413,-0.0115871,0.111267,10,1592,1501,0.0571608,20.8472,-0.535721,-5959.94,0.921608,0.469687,-3.97065,-0.117737,-0.717392,-0.705249,-10837.2,13,9050.06,15010,1.65855,655,846,-3.22396,-4.54876,-3.88636,0.662401,-0.0454993,-0.173666,-0.109583,0.0640833,-12.3956,4.72884,-12.6817,5.40713,-0.254226,0.0246666,-0.253222,0.0423011,-0.340716,-0.422695,-0.414413,0.553374,0.107928,0.891077,4454.46,1.86468,,,,,,,1,0,1.13883,0.047413,0.104137,0.0908235
R1,R1 hors nis_z_100 Q4,13,SL-A 4,SL-A,4,dynamique,0.12766,0,4,4,4,,,,,,,5,1592,1504,0.0552764,20.8889,-0.0276723,1429.75,1.01978,0.5,0.950629,0.000679281,-0.454582,-0.431481,-5214.9,13,8949.75,7520,0.840247,656,848,1.64391,0.414317,1.02911,0.614796,0.0710757,-0.0537783,0.00864868,0.062427,-7.45436,9.63136,-7.76328,10.4081,-0.135594,0.142113,-0.136506,0.159618,-0.0047928,-0.189498,-0.184521,0.553129,0.107713,1.00798,4424.84,0.940041,3,-38.4365,-0.480997,0,,,3,3,1.06011,0.0464503,0.154099,0.128454
R1,R1 hors nis_z_100 Q4,13,SL-A 4,SL-A,4,dynamique,0.12766,0,4,4,4,,,,,,,10,1592,1504,0.0552764,20.8889,-0.541754,-6090.25,0.920031,0.469415,-4.04937,-0.118633,-0.721065,-0.709079,-10967.5,13,8949.75,15040,1.68049,656,848,-3.35609,-4.58568,-3.97089,0.614796,-0.0468628,-0.174154,-0.110508,0.0636456,-12.4544,4.63136,-12.7633,5.40805,-0.254238,0.022188,-0.25318,0.0398168,-0.343517,-0.425147,-0.416901,0.553129,0.107713,0.890007,4424.84,1.88008,3,-43.4365,-0.567039,0,,,1,0,1.06011,0.0465168,0.101336,0.088371
R1,R1 hors nis_z_100 Q4,13,SL-A 5,SL-A,5,figé,0.0739507,0,5,5,5,1.4598,-0.507788,3.52721,0.0550707,0.00686523,0.107384,5,1592,1501,0.0571608,20.8472,0.0229343,2026.83,1.02807,0.502332,1.35032,0.00929965,-0.469323,-0.449642,-5608.53,13,9531.83,7505,0.787362,655,846,2.39781,0.539319,1.46856,0.929245,0.0846074,-0.049006,0.0178007,0.0668067,-7.2056,10.1939,-7.71122,10.8915,-0.132031,0.15556,-0.132141,0.174412,0.0230915,-0.191992,-0.186366,0.553374,0.107928,1.0167,4707.55,0.882217,,,,,,,2,4,1.4598,0.0550707,0.181983,0.125959
R1,R1 hors nis_z_100 Q4,13,SL-A 5,SL-A,5,figé,0.0739507,0,5,5,5,1.4598,-0.507788,3.52721,0.0550707,0.00686523,0.107384,10,1592,1501,0.0571608,20.8472,-0.51717,-5478.17,0.927974,0.471686,-3.64968,-0.11008,-0.709536,-0.698741,-10489.7,13,9531.83,15010,1.57472,655,846,-2.60219,-4.46068,-3.53144,0.929245,-0.0334313,-0.169423,-0.101427,0.0679958,-12.2056,5.19389,-12.7112,5.89151,-0.247544,0.037551,-0.252526,0.0563222,-0.324687,-0.405275,-0.396743,0.553374,0.107928,0.89822,4707.55,1.76443,,,,,,,1,0,1.4598,0.0550707,0.120165,0.108244
R1,R1 hors nis_z_100 Q4,13,SL-A 5,SL-A,5,dynamique,0.0739507,0,5,5,5,,,,,,,5,1592,1501,0.0571608,20.8472,0.0229343,2026.83,1.02807,0.502332,1.35032,0.00929965,-0.469323,-0.449642,-5608.53,13,9531.83,7505,0.787362,655,846,2.39781,0.539319,1.46856,0.929245,0.0846074,-0.049006,0.0178007,0.0668067,-7.2056,10.1939,-7.71122,10.8915,-0.132031,0.15556,-0.132141,0.174412,0.0230915,-0.191992,-0.186366,0.553374,0.107928,1.0167,4707.55,0.882217,0,,,0,,,2,4,1.4598,0.0550707,0.181983,0.125959
R1,R1 hors nis_z_100 Q4,13,SL-A 5,SL-A,5,dynamique,0.0739507,0,5,5,5,,,,,,,10,1592,1501,0.0571608,20.8472,-0.51717,-5478.17,0.927974,0.471686,-3.64968,-0.11008,-0.709536,-0.698741,-10489.7,13,9531.83,15010,1.57472,655,846,-2.60219,-4.46068,-3.53144,0.929245,-0.0334313,-0.169423,-0.101427,0.0679958,-12.2056,5.19389,-12.7112,5.89151,-0.247544,0.037551,-0.252526,0.0563222,-0.324687,-0.405275,-0.396743,0.553374,0.107928,0.89822,4707.55,1.76443,0,,,0,,,1,0,1.4598,0.0550707,0.120165,0.108244
R1,R1 hors nis_z_100 Q4,13,SL-B 0,SL-B,0,figé,0.598934,0.000666223,0.415329,0.983416,1.72227,-1.84169,-9.64754,5.5526,0.0265802,-0.0959375,0.150259,5,1592,1501,0.0571608,20.8472,-0.318988,-2928.71,0.945178,0.311792,-1.95117,-0.0191909,-0.4855,-0.4795,-6062.53,8,4576.29,7505,1.63997,655,846,-1.34457,-2.42082,-1.8827,0.538127,-0.00310959,-0.0316415,-0.0173755,0.0142659,-7.21985,3.57477,-7.44863,3.97637,-0.126739,0.0990112,-0.13063,0.111051,-0.102545,-0.281483,-0.27883,0.553374,0.107928,0.961575,3245.06,1.27981,,,,,,,3,3,-1.84169,0.0265802,0.0563461,0.0364685
R1,R1 hors nis_z_100 Q4,13,SL-B 0,SL-B,0,figé,0.598934,0.000666223,0.415329,0.983416,1.72227,-1.84169,-9.64754,5.5526,0.0265802,-0.0959375,0.150259,10,1592,1501,0.0571608,20.8472,-0.67861,-10433.7,0.822086,0.297135,-6.95117,-0.13857,-0.737564,-0.733662,-12496.7,8,4576.29,15010,3.27995,655,846,-6.34457,-7.42082,-6.8827,0.538127,-0.121148,-0.152058,-0.136603,0.0154551,-12.2198,-1.42523,-12.4486,-1.02363,-0.247275,-0.0191319,-0.251202,-0.0078127,-0.407615,-0.459267,-0.455727,0.553374,0.107928,0.809357,3245.06,2.55963,,,,,,,0,0,-1.84169,0.0265802,0.0372377,0.0542513
R1,R1 hors nis_z_100 Q4,13,SL-B 0,SL-B,0,dynamique,0.597911,0.000652742,0.41548,0.983999,1.71702,,,,,,,5,1592,1532,0.0376884,21.2778,-0.303802,-2694.42,0.950383,0.313316,-1.75876,-0.013554,-0.477469,-0.471962,-6250.07,9,4965.58,7660,1.54262,673,859,-1.60177,-1.88176,-1.74176,0.139994,-0.0100222,-0.016321,-0.0131716,0.00314938,-6.75518,3.57325,-7.06322,3.84707,-0.117534,0.100396,-0.123152,0.109705,-0.0810221,-0.286912,-0.284279,0.553688,0.10705,0.972365,3576.51,1.18586,32,10.649,0.323667,1,106.479,2.31659,3,3,-1.64928,0.032217,0.0778692,0.0310394
R1,R1 hors nis_z_100 Q4,13,SL-B 0,SL-B,0,dynamique,0.597911,0.000652742,0.41548,0.983999,1.71702,,,,,,,10,1592,1532,0.0376884,21.2778,-0.676495,-10354.4,0.826337,0.298303,-6.75876,-0.133333,-0.732644,-0.728668,-12298,9,4965.58,15320,3.08524,673,859,-6.60177,-6.88176,-6.74176,0.139994,-0.129325,-0.136473,-0.132899,0.00357406,-11.7552,-1.42675,-12.0632,-1.15293,-0.239439,-0.0176126,-0.243628,-0.00908541,-0.398727,-0.449372,-0.445767,0.553688,0.10705,0.818489,3576.51,2.37172,32,5.649,0.185501,1,101.479,2.20781,1,1,-1.64928,0.0318177,0.046125,0.0641465
R1,R1 hors nis_z_100 Q4,13,SL-B 0.25,SL-B,0.25,figé,0.552298,0.000666223,0.665329,1.23342,1.97227,-4.23049,-11.6469,3.15157,-0.0201561,-0.144016,0.102749,5,1592,1501,0.0571608,20.8472,-0.529873,-6514.29,0.893606,0.343105,-4.33997,-0.0659271,-0.63978,-0.63539,-9314.69,10,990.712,7505,7.57536,655,846,-3.31252,-5.13544,-4.22398,0.911461,-0.051087,-0.0774168,-0.0642519,0.0131649,-10.2631,1.63983,-10.3938,2.19259,-0.175654,0.052783,-0.178152,0.0641706,-0.247642,-0.341329,-0.336872,0.553374,0.107928,0.901984,1498.23,2.77198,,,,,,,3,3,-4.23049,-0.0201561,-0.0887506,-0.0233777
R1,R1 hors nis_z_100 Q4,13,SL-B 0.25,SL-B,0.25,figé,0.552298,0.000666223,0.665329,1.23342,1.97227,-4.23049,-11.6469,3.15157,-0.0201561,-0.144016,0.102749,10,1592,1501,0.0571608,20.8472,-0.778175,-14019.3,0.788306,0.325117,-9.33997,-0.185306,-0.815227,-0.81248,-15900,10,990.712,15010,15.1507,655,846,-8.31252,-10.1354,-9.22398,0.911461,-0.169126,-0.197834,-0.18348,0.0143541,-15.2631,-3.36017,-15.3938,-2.80741,-0.298036,-0.0662233,-0.299052,-0.054437,-0.503416,-0.540244,-0.537235,0.553374,0.107928,0.772253,1498.23,5.54396,,,,,,,0,0,-4.23049,-0.0201561,-0.0585638,-0.026726
R1,R1 hors nis_z_100 Q4,13,SL-B 0.25,SL-B,0.25,dynamique,0.552493,0.000656168,0.667034,1.23461,1.97074,,,,,,,5,1592,1524,0.0427136,21.1667,-0.541662,-6759.35,0.89122,0.343176,-4.43527,-0.0695034,-0.643068,-0.638718,-9398.45,10,860.646,7620,8.85381,671,853,-3.76622,-4.96157,-4.3639,0.59768,-0.0622586,-0.0752025,-0.0687305,0.00647191,-9.9897,1.40864,-10.3049,1.83147,-0.175832,0.0458592,-0.181334,0.0547357,-0.257134,-0.345805,-0.341379,0.553731,0.107612,0.898975,1439.47,2.93124,24,-5.77444,-0.193754,1,106.479,2.31659,3,3,-4.32579,-0.0237324,-0.0982425,-0.0278538
R1,R1 hors nis_z_100 Q4,13,SL-B 0.25,SL-B,0.25,dynamique,0.552493,0.000656168,0.667034,1.23461,1.97074,,,,,,,10,1592,1524,0.0427136,21.1667,-0.786214,-14379.4,0.786055,0.324803,-9.43527,-0.189338,-0.819349,-0.816662,-16117.6,10,860.646,15240,17.7076,671,853,-8.76622,-9.96157,-9.3639,0.59768,-0.18164,-0.195393,-0.188517,0.00687636,-14.9897,-3.59136,-15.3049,-3.16853,-0.298919,-0.072217,-0.30043,-0.0633753,-0.512926,-0.547301,-0.544337,0.553731,0.107612,0.769537,1439.47,5.86248,24,-10.7744,-0.341608,1,101.479,2.20781,1,1,-4.32579,-0.0241878,-0.0680741,-0.0337822
R1,R1 hors nis_z_100 Q4,13,SL-B 0.5,SL-B,0.5,figé,0.48501,0.00133245,0.915329,1.48342,2.22227,-2.03159,-7.73547,3.79918,0.000616762,-0.111141,0.115871,5,1592,1501,0.0571608,20.8472,-0.358518,-3213.75,0.950597,0.38441,-2.14107,-0.0451543,-0.581777,-0.577537,-7706.04,13,4291.25,7505,1.74891,655,846,-2.46179,-1.89277,-2.17728,-0.284511,-0.0463999,-0.0441898,-0.0452949,-0.00110505,-9.55012,5.40733,-9.68506,5.59841,-0.160114,0.0789668,-0.165354,0.0874454,-0.18576,-0.289779,-0.288187,0.553374,0.107928,0.936712,2313.11,1.79545,,,,,,,3,3,-2.03159,0.000616762,-0.0268684,0.0281718
R1,R1 hors nis_z_100 Q4,13,SL-B 0.5,SL-B,0.5,figé,0.48501,0.00133245,0.915329,1.48342,2.22227,-2.03159,-7.73547,3.79918,0.000616762,-0.111141,0.115871,10,1592,1501,0.0571608,20.8472,-0.697279,-10718.7,0.846324,0.363757,-7.14107,-0.164533,-0.789776,-0.78665,-14480.6,13,4291.25,15010,3.49782,655,846,-7.46179,-6.89277,-7.17728,-0.284511,-0.164439,-0.164607,-0.164523,8.41092e-05,-14.5501,0.407335,-14.6851,0.598409,-0.280175,-0.0410147,-0.286821,-0.0344286,-0.462565,-0.504487,-0.501243,0.553374,0.107928,0.811042,2313.11,3.59091,,,,,,,2,1,-2.03159,0.000616762,-0.0177129,0.00903178
R1,R1 hors nis_z_100 Q4,13,SL-B 0.5,SL-B,0.5,dynamique,0.485846,0.00131666,0.916534,1.48479,2.22319,,,,,,,5,1592,1519,0.0458543,21.0972,-0.381001,-3561.15,0.946006,0.383805,-2.3444,-0.0498975,-0.589849,-0.58569,-7892.86,13,4033.85,7595,1.88282,666,853,-3.0599,-1.78576,-2.42283,-0.63707,-0.0589438,-0.0428344,-0.0508891,-0.00805472,-9.43944,4.91649,-9.78699,5.08233,-0.1605,0.0701335,-0.166591,0.0766829,-0.198478,-0.299476,-0.297906,0.553465,0.107307,0.932322,2208.07,1.90373,19,-12.6801,-0.300062,1,106.479,2.31659,3,2,-2.23493,-0.00412648,-0.0395864,0.0184747
R1,R1 hors nis_z_100 Q4,13,SL-B 0.5,SL-B,0.5,dynamique,0.485846,0.00131666,0.916534,1.48479,2.22319,,,,,,,10,1592,1519,0.0458543,21.0972,-0.710512,-11156.2,0.842234,0.362739,-7.3444,-0.16965,-0.79558,-0.792541,-14752.4,13,4033.85,15190,3.76563,666,853,-8.0599,-6.78576,-7.42283,-0.63707,-0.178134,-0.163025,-0.17058,-0.00755464,-14.4394,-0.0835065,-14.787,0.0823328,-0.281922,-0.0474293,-0.287786,-0.0414348,-0.473627,-0.512498,-0.509306,0.553465,0.107307,0.807268,2208.07,3.80746,19,-17.6801,-0.448705,1,101.479,2.20781,2,1,-2.23493,-0.0044995,-0.0287747,0.00102088
R1,R1 hors nis_z_100 Q4,13,SL-B 1,SL-B,1,figé,0.367755,0,1.41533,1.98342,2.72227,0.0407319,-4.93944,5.12165,0.0434002,-0.050348,0.143042,5,1592,1501,0.0571608,20.8472,-0.140039,-103.189,0.9985,0.441039,-0.068747,-0.00237078,-0.537127,-0.530612,-7208.08,13,7401.81,7505,1.01394,655,846,1.28581,-1.11749,0.0841608,1.20165,0.0582295,-0.0492895,0.00447004,0.0537595,-7.82811,7.90174,-7.82531,8.5848,-0.125826,0.127705,-0.123694,0.143449,-0.0413428,-0.213184,-0.205374,0.553374,0.107928,0.994548,3984.11,1.04241,,,,,,,3,2,0.0407319,0.0434002,0.117549,0.104767
R1,R1 hors nis_z_100 Q4,13,SL-B 1,SL-B,1,figé,0.367755,0,1.41533,1.98342,2.72227,0.0407319,-4.93944,5.12165,0.0434002,-0.050348,0.143042,10,1592,1501,0.0571608,20.8472,-0.594121,-7608.19,0.895859,0.417055,-5.06875,-0.12175,-0.720148,-0.715378,-11437.8,13,7401.81,15010,2.02788,655,846,-3.71419,-6.11749,-4.91584,1.20165,-0.0598092,-0.169706,-0.114758,0.0549487,-12.8281,2.90174,-12.8253,3.5848,-0.242876,0.00918745,-0.243271,0.0250957,-0.367219,-0.422397,-0.417073,0.553374,0.107928,0.870664,3984.11,2.08482,,,,,,,2,1,0.0407319,0.0434002,0.0776333,0.0911216
R1,R1 hors nis_z_100 Q4,13,SL-B 1,SL-B,1,dynamique,0.368143,0,1.41563,1.98442,2.72596,,,,,,,5,1592,1513,0.0496231,21.0139,-0.178112,-551.789,0.992045,0.440185,-0.364698,-0.00887208,-0.543138,-0.536707,-7337.94,13,7013.21,7565,1.07868,662,851,0.529544,-1.06034,-0.265396,0.794941,0.0408055,-0.0475167,-0.0033556,0.0441611,-8.02326,7.62222,-8.24229,8.01878,-0.130295,0.120444,-0.130554,0.135185,-0.0596499,-0.224054,-0.216352,0.553884,0.107733,0.988457,3829.17,1.09427,13,-26.3169,-0.580641,1,106.479,2.31659,3,2,-0.255219,0.0368989,0.0992415,0.0938969
R1,R1 hors nis_z_100 Q4,13,SL-B 1,SL-B,1,dynamique,0.368143,0,1.41563,1.98442,2.72596,,,,,,,10,1592,1513,0.0496231,21.0139,-0.61442,-8116.79,0.889857,0.41573,-5.3647,-0.128744,-0.734144,-0.729613,-11946.4,13,7013.21,15130,2.15736,662,851,-4.47046,-6.06034,-5.2654,0.794941,-0.078437,-0.167878,-0.123158,0.0447205,-13.0233,2.62222,-13.2423,3.01878,-0.250057,0.000394275,-0.251437,0.0145992,-0.381603,-0.435526,-0.430324,0.553884,0.107733,0.865043,3829.17,2.18853,13,-31.3169,-0.756541,1,101.479,2.20781,1,1,-0.255219,0.0364063,0.0632494,0.077992
R1,R1 hors nis_z_100 Q4,26,sans,sans,,figé,0,0,,,,0,0,0,0,0,0,5,1592,1263,0.206658,17.5417,-0.607029,-6146.7,0.936428,0.510689,-4.86675,-0.110694,-0.776374,-0.759624,-11858.2,26,168.299,6315,37.5225,538,725,1.31027,-9.45052,-4.07013,5.38039,0.0724328,-0.246587,-0.0870771,0.15951,-17.3138,6.98171,-17.1841,8.35935,-0.311,0.0904046,-0.303057,0.124814,-0.363088,-0.443698,-0.437,0.553499,0.108472,0.914411,-383.799,9.10722,,,,,,,4,2,0,0,0,0
R1,R1 hors nis_z_100 Q4,26,sans,sans,,figé,0,0,,,,0,0,0,0,0,0,10,1592,1263,0.206658,17.5417,-0.791185,-12461.7,0.875168,0.494854,-9.86675,-0.23045,-0.85857,-0.848397,-15947.8,26,168.299,12630,75.045,538,725,-3.68973,-14.4505,-9.07013,5.38039,-0.0466496,-0.366843,-0.206746,0.160097,-22.3138,1.98171,-22.1841,3.35935,-0.428968,-0.0276083,-0.421149,0.0062517,-0.551073,-0.593854,-0.583112,0.553499,0.108472,0.843294,-383.799,18.2144,,,,,,,1,1,0,0,0,0
R1,R1 hors nis_z_100 Q4,26,sans,sans,,dynamique,0,0,,,,,,,,,,5,1592,1263,0.206658,17.5417,-0.607029,-6146.7,0.936428,0.510689,-4.86675,-0.110694,-0.776374,-0.759624,-11858.2,26,168.299,6315,37.5225,538,725,1.31027,-9.45052,-4.07013,5.38039,0.0724328,-0.246587,-0.0870771,0.15951,-17.3138,6.98171,-17.1841,8.35935,-0.311,0.0904046,-0.303057,0.124814,-0.363088,-0.443698,-0.437,0.553499,0.108472,0.914411,-383.799,9.10722,0,,,0,,,4,2,0,0,0,0
R1,R1 hors nis_z_100 Q4,26,sans,sans,,dynamique,0,0,,,,,,,,,,10,1592,1263,0.206658,17.5417,-0.791185,-12461.7,0.875168,0.494854,-9.86675,-0.23045,-0.85857,-0.848397,-15947.8,26,168.299,12630,75.045,538,725,-3.68973,-14.4505,-9.07013,5.38039,-0.0466496,-0.366843,-0.206746,0.160097,-22.3138,1.98171,-22.1841,3.35935,-0.428968,-0.0276083,-0.421149,0.0062517,-0.551073,-0.593854,-0.583112,0.553499,0.108472,0.843294,-383.799,18.2144,0,,,0,,,1,1,0,0,0,0
R1,R1 hors nis_z_100 Q4,26,SL-A 1,SL-A,1,figé,0.736342,0.00158353,1,1,1,0.855136,-10.1542,12.0973,0.0121672,-0.167411,0.18678,5,1592,1263,0.206658,17.5417,-0.464782,-5066.66,0.911455,0.244656,-4.01161,-0.0985269,-0.544844,-0.53199,-6688.75,9,1248.34,6315,5.05874,538,725,-0.979594,-6.26158,-3.62059,2.64099,-0.0527613,-0.132488,-0.0926247,0.0398634,-10.5547,2.12985,-10.4566,3.00483,-0.218988,0.0272061,-0.2248,0.0385938,-0.283405,-0.345159,-0.340317,0.553499,0.108472,0.877443,375.232,9.31515,,,,,,,1,1,0.855136,0.0121672,0.0796836,0.0985385
R1,R1 hors nis_z_100 Q4,26,SL-A 1,SL-A,1,figé,0.736342,0.00158353,1,1,1,0.855136,-10.1542,12.0973,0.0121672,-0.167411,0.18678,10,1592,1263,0.206658,17.5417,-0.715525,-11381.7,0.81644,0.240697,-9.01161,-0.218283,-0.74823,-0.745793,-12545.6,9,1248.34,12630,10.1175,538,725,-5.97959,-11.2616,-8.62059,2.64099,-0.171844,-0.252744,-0.212294,0.0404503,-15.5547,-2.87015,-15.4566,-1.99517,-0.341018,-0.0905017,-0.341613,-0.0782839,-0.494885,-0.523077,-0.520632,0.553499,0.108472,0.765015,375.232,18.6303,,,,,,,1,1,0.855136,0.0121672,0.0561875,0.0707774
R1,R1 hors nis_z_100 Q4,26,SL-A 1,SL-A,1,dynamique,0.735525,0.00142959,1,1,1,,,,,,,5,1592,1399,0.121231,19.4306,-0.426921,-4249.09,0.932796,0.24589,-3.03723,-0.0645623,-0.535428,-0.534876,-7161.28,9,2745.91,6995,2.54742,596,803,-0.979776,-4.56431,-2.77204,1.79227,-0.0442883,-0.0796101,-0.0619492,0.0176609,-9.72501,3.24645,-9.83507,3.93655,-0.191668,0.0578658,-0.192593,0.0706693,-0.21856,-0.331568,-0.329693,0.552733,0.105075,0.921592,1657.06,2.33328,153,6.43793,0.234649,17,9.84862,0.104971,2,1,1.82951,0.0461318,0.144529,0.11213
R1,R1 hors nis_z_100 Q4,26,SL-A 1,SL-A,1,dynamique,0.735525,0.00142959,1,1,1,,,,,,,10,1592,1399,0.121231,19.4306,-0.715423,-11244.1,0.835891,0.242316,-8.03723,-0.184163,-0.750044,-0.748344,-12514.3,9,2745.91,13990,5.09485,596,803,-5.97978,-9.56431,-7.77204,1.79227,-0.164151,-0.199016,-0.181584,0.0174321,-14.725,-1.75355,-14.8351,-1.06345,-0.314729,-0.0597722,-0.315326,-0.0506763,-0.469223,-0.49951,-0.49794,0.552733,0.105075,0.804924,1657.06,4.66655,153,1.43793,0.113818,17,4.84862,-0.0372733,1,1,1.82951,0.0462875,0.0818494,0.0943438
R1,R1 hors nis_z_100 Q4,26,SL-A 1.5,SL-A,1.5,figé,0.623911,0.00158353,1.5,1.5,1.5,2.51531,-5.97259,11.0809,0.0313794,-0.133341,0.19613,5,1592,1263,0.206658,17.5417,-0.366289,-2969.86,0.957823,0.325416,-2.35143,-0.0793147,-0.501044,-0.494352,-6203.85,16,3345.14,6315,1.88781,538,725,-1.16114,-3.23471,-2.19793,1.03679,-0.0484273,-0.102235,-0.0753313,0.026904,-10.3398,5.47572,-10.3692,5.82508,-0.217562,0.0639592,-0.219197,0.0745245,-0.248899,-0.296429,-0.293708,0.553499,0.108472,0.918436,917.171,3.811,,,,,,,1,1,2.51531,0.0313794,0.114189,0.147269
R1,R1 hors nis_z_100 Q4,26,SL-A 1.5,SL-A,1.5,figé,0.623911,0.00158353,1.5,1.5,1.5,2.51531,-5.97259,11.0809,0.0313794,-0.133341,0.19613,10,1592,1263,0.206658,17.5417,-0.663153,-9284.86,0.875684,0.321457,-7.35143,-0.199071,-0.723864,-0.720981,-11293.7,16,3345.14,12630,3.77563,538,725,-6.16114,-8.23471,-7.19793,1.03679,-0.16751,-0.222492,-0.195001,0.0274909,-15.3398,0.475718,-15.3692,0.825078,-0.338049,-0.0550751,-0.339556,-0.0458892,-0.470565,-0.499616,-0.497575,0.553499,0.108472,0.821536,917.171,7.62201,,,,,,,1,1,2.51531,0.0313794,0.0805072,0.0942383
R1,R1 hors nis_z_100 Q4,26,SL-A 1.5,SL-A,1.5,dynamique,0.622337,0.00146951,1.5,1.5,1.5,,,,,,,5,1592,1361,0.145101,18.9028,-0.400073,-3414.87,0.955064,0.3277,-2.50909,-0.0561825,-0.536055,-0.522507,-6688.17,16,3390.13,6805,2.0073,580,781,-3.18435,-2.00762,-2.59598,-0.588363,-0.0617162,-0.052073,-0.0568946,-0.00482162,-10.3795,4.98096,-10.703,5.17005,-0.197632,0.0788627,-0.208151,0.0860972,-0.201771,-0.258021,-0.254492,0.552103,0.10507,0.943142,1826.29,2.05721,113,-1.70778,0.181856,15,16.8022,-0.210693,1,1,2.35766,0.0545116,0.161318,0.185677
R1,R1 hors nis_z_100 Q4,26,SL-A 1.5,SL-A,1.5,dynamique,0.622337,0.00146951,1.5,1.5,1.5,,,,,,,10,1592,1361,0.145101,18.9028,-0.696373,-10219.9,0.873176,0.324026,-7.50909,-0.17584,-0.750165,-0.745711,-12122.6,16,3390.13,13610,4.0146,580,781,-8.18435,-7.00762,-7.59598,-0.588363,-0.181743,-0.171456,-0.176599,-0.00514335,-15.3795,-0.0190443,-15.703,0.170048,-0.319696,-0.0392523,-0.328385,-0.0336405,-0.451862,-0.482155,-0.48053,0.552103,0.10507,0.844336,1826.29,4.11442,113,-6.70778,0.0592218,15,11.8022,-0.361114,1,1,2.35766,0.0546106,0.0992108,0.1117
R1,R1 hors nis_z_100 Q4,26,SL-A 2,SL-A,2,figé,0.521774,0.000791766,2,2,2,4.15834,-3.42619,12.8486,0.0407059,-0.101562,0.194931,5,1592,1263,0.206658,17.5417,-0.241942,-894.721,0.988505,0.39034,-0.708409,-0.0699883,-0.497924,-0.490123,-5551.73,24,5420.28,6315,1.16507,538,725,1.53996,-2.37686,-0.418447,1.95841,-0.0110031,-0.113759,-0.0623812,0.0513781,-8.24699,7.17934,-8.38926,7.79609,-0.210041,0.0679535,-0.209693,0.0803264,-0.222576,-0.305628,-0.297159,0.553499,0.108472,0.938356,1311.57,2.66501,,,,,,,2,2,4.15834,0.0407059,0.140512,0.13807
R1,R1 hors nis_z_100 Q4,26,SL-A 2,SL-A,2,figé,0.521774,0.000791766,2,2,2,4.15834,-3.42619,12.8486,0.0407059,-0.101562,0.194931,10,1592,1263,0.206658,17.5417,-0.597026,-7209.72,0.911766,0.381631,-5.70841,-0.189744,-0.704164,-0.701076,-10338.7,24,5420.28,12630,2.33014,538,725,-3.46004,-7.37686,-5.41845,1.95841,-0.130086,-0.234016,-0.182051,0.051965,-13.247,2.17934,-13.3893,2.79609,-0.332147,-0.0512568,-0.328293,-0.0380315,-0.452011,-0.491547,-0.490759,0.553499,0.108472,0.849077,1311.57,5.33002,,,,,,,2,1,4.15834,0.0407059,0.0990618,0.102308
R1,R1 hors nis_z_100 Q4,26,SL-A 2,SL-A,2,dynamique,0.520599,0.000749064,2,2,2,,,,,,,5,1592,1335,0.161432,18.5417,-0.306467,-1706.9,0.979335,0.393258,-1.27858,-0.0652574,-0.552117,-0.539361,-6548.91,24,4968.1,6675,1.34357,570,765,-1.20342,-1.33458,-1.269,0.0655822,-0.0586846,-0.0701548,-0.0644197,0.0057351,-8.75631,6.53408,-9.11568,7.03004,-0.204203,0.0704226,-0.210069,0.0741911,-0.215786,-0.321499,-0.315638,0.551019,0.105618,0.944172,1595,2.30599,86,-10.6345,-0.0032771,14,-7.31317,-0.111314,2,2,3.58817,0.0454367,0.147302,0.122199
R1,R1 hors nis_z_100 Q4,26,SL-A 2,SL-A,2,dynamique,0.520599,0.000749064,2,2,2,,,,,,,10,1592,1335,0.161432,18.5417,-0.644384,-8381.9,0.903298,0.385019,-6.27858,-0.184791,-0.738587,-0.733599,-11419.7,24,4968.1,13350,2.68715,570,765,-6.20342,-6.33458,-6.269,0.0655822,-0.178365,-0.189578,-0.183972,0.00560639,-13.7563,1.53408,-14.1157,2.03004,-0.327094,-0.0495948,-0.332132,-0.0436207,-0.457228,-0.498256,-0.495814,0.551019,0.105618,0.854556,1595,4.61198,86,-15.6345,-0.125118,14,-12.3132,-0.265149,1,1,3.58817,0.0456598,0.0938448,0.0955984
R1,R1 hors nis_z_100 Q4,26,SL-A 2.5,SL-A,2.5,figé,0.437055,0,2.5,2.5,2.5,3.60408,-3.55902,11.7301,0.0401841,-0.0968807,0.184201,5,1592,1263,0.206658,17.5417,-0.307265,-1594.75,0.980792,0.433888,-1.26266,-0.07051,-0.585102,-0.57952,-7138.77,26,4720.25,6315,1.33785,538,725,0.113737,-2.28405,-1.08516,1.19889,-0.036145,-0.0960113,-0.0660781,0.0299331,-9.73435,7.47585,-9.72754,7.83737,-0.22829,0.0770667,-0.22869,0.0887529,-0.229401,-0.337677,-0.334922,0.553499,0.108472,0.941329,1265.14,2.7628,,,,,,,3,3,3.60408,0.0401841,0.133687,0.106021
R1,R1 hors nis_z_100 Q4,26,SL-A 2.5,SL-A,2.5,figé,0.437055,0,2.5,2.5,2.5,3.60408,-3.55902,11.7301,0.0401841,-0.0968807,0.184201,10,1592,1263,0.206658,17.5417,-0.631771,-7909.75,0.908699,0.422803,-6.26266,-0.190266,-0.74008,-0.736668,-11418.9,26,4720.25,12630,2.6757,538,725,-4.88626,-7.28405,-6.08516,1.19889,-0.155227,-0.216267,-0.185747,0.03052,-14.7343,2.47585,-14.7275,2.83737,-0.350427,-0.0392715,-0.348724,-0.0319229,-0.456821,-0.504207,-0.501576,0.553499,0.108472,0.857058,1265.14,5.5256,,,,,,,1,1,3.60408,0.0401841,0.0942516,0.0896468
R1,R1 hors nis_z_100 Q4,26,SL-A 2.5,SL-A,2.5,dynamique,0.43379,0,2.5,2.5,2.5,,,,,,,5,1592,1314,0.174623,18.25,-0.338473,-1983.65,0.977115,0.438356,-1.50963,-0.0637293,-0.619611,-0.612734,-7848.41,26,4586.35,6570,1.43251,556,758,-1.0457,-1.84993,-1.44781,0.402114,-0.0572603,-0.0684744,-0.0628674,0.00560703,-10.0879,7.70611,-10.4827,8.15078,-0.219552,0.0851468,-0.222401,0.0938911,-0.215791,-0.340049,-0.335329,0.549517,0.106545,0.94785,1563.33,2.30938,64,-9.97846,0.0489494,13,-19.2087,-0.167776,2,2,3.35712,0.0469648,0.147297,0.103649
R1,R1 hors nis_z_100 Q4,26,SL-A 2.5,SL-A,2.5,dynamique,0.43379,0,2.5,2.5,2.5,,,,,,,10,1592,1314,0.174623,18.25,-0.657225,-8553.65,0.905383,0.427702,-6.50963,-0.183032,-0.774252,-0.770268,-12859.5,26,4586.35,13140,2.86502,556,758,-6.0457,-6.84993,-6.44781,0.402114,-0.176265,-0.187997,-0.182131,0.00586599,-15.0879,2.70611,-15.4827,3.15078,-0.342182,-0.0323226,-0.344588,-0.022205,-0.453543,-0.503974,-0.50089,0.549517,0.106545,0.863158,1563.33,4.61876,64,-14.9785,-0.0649427,13,-24.2087,-0.304456,2,1,3.35712,0.0474179,0.0975295,0.0898801
R1,R1 hors nis_z_100 Q4,26,SL-A 3,SL-A,3,figé,0.365796,0,3,3,3,2.65523,-3.89285,9.79895,0.0274644,-0.106072,0.168585,5,1592,1263,0.206658,17.5417,-0.39769,-2793.14,0.967924,0.458432,-2.21151,-0.0832297,-0.654811,-0.635889,-8459,26,3521.86,6315,1.79309,538,725,-0.494799,-3.48544,-1.99012,1.49532,-0.0267556,-0.125137,-0.0759465,0.0491909,-11.0272,7.28573,-11.233,7.9197,-0.249465,0.0788651,-0.244647,0.0926587,-0.252583,-0.37328,-0.363937,0.553499,0.108472,0.937195,993.7,3.51751,,,,,,,3,3,2.65523,0.0274644,0.110506,0.0704179
R1,R1 hors nis_z_100 Q4,26,SL-A 3,SL-A,3,figé,0.365796,0,3,3,3,2.65523,-3.89285,9.79895,0.0274644,-0.106072,0.168585,10,1592,1263,0.206658,17.5417,-0.679864,-9108.14,0.899403,0.445764,-7.21151,-0.202986,-0.778873,-0.769876,-12577.6,26,3521.86,12630,3.58618,538,725,-5.4948,-8.48544,-6.99012,1.49532,-0.145838,-0.245394,-0.195616,0.0497777,-16.0272,2.28573,-16.233,2.9197,-0.374695,-0.0369153,-0.365248,-0.0228217,-0.473168,-0.527304,-0.520268,0.553499,0.108472,0.856498,993.7,7.03501,,,,,,,1,1,2.65523,0.0274644,0.0779046,0.0665504
R1,R1 hors nis_z_100 Q4,26,SL-A 3,SL-A,3,dynamique,0.361686,0,3,3,3,,,,,,,5,1592,1305,0.180276,18.125,-0.410404,-2927.4,0.967583,0.462069,-2.24322,-0.0651894,-0.690505,-0.672725,-9489.13,26,3597.6,6525,1.81371,554,751,-1.17367,-3.0322,-2.10294,0.92927,-0.0330748,-0.0888798,-0.0609773,0.0279025,-11.6898,7.88486,-12.036,8.51135,-0.225707,0.102488,-0.231257,0.115306,-0.21628,-0.378512,-0.370038,0.550472,0.10728,0.950643,1576.18,2.27881,52,-16.4096,0.0610059,10,-71.9045,-1.68746,3,3,2.62353,0.0455047,0.146808,0.0651859
R1,R1 hors nis_z_100 Q4,26,SL-A 3,SL-A,3,dynamique,0.361686,0,3,3,3,,,,,,,10,1592,1305,0.180276,18.125,-0.693139,-9452.4,0.899287,0.449808,-7.24322,-0.184223,-0.804917,-0.793483,-13780.1,26,3597.6,13050,3.62741,554,751,-6.17367,-8.0322,-7.10294,0.92927,-0.151038,-0.208703,-0.17987,0.0288323,-16.6898,2.88486,-17.036,3.51135,-0.349228,-0.0151267,-0.352899,-0.00393334,-0.452873,-0.512191,-0.50493,0.550472,0.10728,0.869078,1576.18,4.55763,52,-21.4096,-0.0419122,10,-76.9045,-1.81398,2,2,2.62353,0.0462275,0.0981995,0.081663
R1,R1 hors nis_z_100 Q4,26,SL-A 4,SL-A,4,figé,0.25574,0,4,4,4,1.17975,-4.48814,6.98645,0.0192032,-0.0895113,0.134933,5,1592,1263,0.206658,17.5417,-0.515782,-4656.67,0.949343,0.481394,-3.68699,-0.0914909,-0.71378,-0.71053,-10443.5,26,1658.33,6315,3.80806,538,725,-0.894585,-5.75916,-3.32687,2.43228,0.0382942,-0.1878,-0.0747531,0.113047,-13.4423,6.3633,-13.8651,7.49045,-0.259202,0.0720726,-0.257457,0.0952382,-0.278542,-0.381283,-0.37244,0.553499,0.108472,0.933251,694.442,5.03331,,,,,,,3,3,1.17975,0.0192032,0.084546,0.0624153
R1,R1 hors nis_z_100 Q4,26,SL-A 4,SL-A,4,figé,0.25574,0,4,4,4,1.17975,-4.48814,6.98645,0.0192032,-0.0895113,0.134933,10,1592,1263,0.206658,17.5417,-0.742663,-10971.7,0.884805,0.467933,-8.68699,-0.211247,-0.825704,-0.823381,-15064.8,26,1658.33,12630,7.61612,538,725,-5.89459,-10.7592,-8.32687,2.43228,-0.0807882,-0.308057,-0.194422,0.113634,-18.4423,1.3633,-18.8651,2.49045,-0.381347,-0.0451549,-0.376288,-0.0237881,-0.491468,-0.537946,-0.533431,0.553499,0.108472,0.856339,694.442,10.0666,,,,,,,1,1,1.17975,0.0192032,0.059605,0.055908
R1,R1 hors nis_z_100 Q4,26,SL-A 4,SL-A,4,dynamique,0.251926,0,4,4,4,,,,,,,5,1592,1298,0.184673,18.0278,-0.519597,-4679.42,0.950335,0.483051,-3.6051,-0.0753115,-0.737868,-0.731432,-11093.7,26,1810.58,6490,3.58448,550,748,-2.08224,-4.72485,-3.40354,1.3213,0.0240377,-0.148362,-0.0621623,0.0862,-13.7012,6.84979,-14.2562,7.80447,-0.245248,0.0857753,-0.237703,0.112961,-0.24738,-0.383552,-0.373262,0.55152,0.107088,0.944497,1210.87,2.95603,43,-11.835,0.138338,8,-60.7699,-1.48127,3,3,1.26165,0.0353826,0.115708,0.0601461
R1,R1 hors nis_z_100 Q4,26,SL-A 4,SL-A,4,dynamique,0.251926,0,4,4,4,,,,,,,10,1592,1298,0.184673,18.0278,-0.749123,-11169.4,0.88558,0.469954,-8.6051,-0.194595,-0.841625,-0.839515,-15978,26,1810.58,12980,7.16897,550,748,-7.08224,-9.72485,-8.40354,1.3213,-0.0943883,-0.268276,-0.181332,0.0869441,-18.7012,1.84979,-19.2562,2.80447,-0.366544,-0.029732,-0.358424,-0.00670784,-0.473932,-0.528694,-0.524329,0.55152,0.107088,0.866556,1210.87,5.91206,43,-16.835,0.0343347,8,-65.7699,-1.59305,1,2,1.26165,0.0358553,0.0771406,0.0651603
R1,R1 hors nis_z_100 Q4,26,SL-A 5,SL-A,5,figé,0.173397,0,5,5,5,2.09011,-2.42337,6.83099,0.0354155,-0.0615961,0.134034,5,1592,1263,0.206658,17.5417,-0.464374,-3506.89,0.962018,0.494854,-2.77663,-0.0752787,-0.70418,-0.686675,-9601.48,26,2808.11,6315,2.24884,538,725,3.7751,-7.63847,-1.93169,5.70678,0.127147,-0.225493,-0.0491727,0.17632,-13.0439,8.0161,-13.116,9.34721,-0.249517,0.102863,-0.238763,0.138983,-0.258315,-0.383082,-0.381251,0.553499,0.108472,0.941793,1008.86,3.46466,,,,,,,4,3,2.09011,0.0354155,0.104773,0.0606159
R1,R1 hors nis_z_100 Q4,26,SL-A 5,SL-A,5,figé,0.173397,0,5,5,5,2.09011,-2.42337,6.83099,0.0354155,-0.0615961,0.134034,10,1592,1263,0.206658,17.5417,-0.71533,-9821.89,0.897221,0.480602,-7.77663,-0.195035,-0.810432,-0.798979,-13551.5,26,2808.11,12630,4.49768,538,725,-1.2249,-12.6385,-6.93169,5.70678,0.0080649,-0.345749,-0.168842,0.176907,-18.0439,3.0161,-18.116,4.34721,-0.375744,-0.0149624,-0.358415,0.0186102,-0.477208,-0.531832,-0.521608,0.553499,0.108472,0.865655,1008.86,6.92931,,,,,,,2,1,2.09011,0.0354155,0.0738648,0.0620223
R1,R1 hors nis_z_100 Q4,26,SL-A 5,SL-A,5,dynamique,0.170694,0,5,5,5,,,,,,,5,1592,1283,0.194095,17.8194,-0.431606,-2873.61,0.969212,0.50039,-2.23976,-0.0524354,-0.696409,-0.678444,-9304.4,26,3541.39,6415,1.81144,544,739,3.23911,-6.27292,-1.51691,4.75601,0.133066,-0.188988,-0.0279613,0.161027,-13.0009,8.75264,-12.9991,10.0467,-0.226747,0.126122,-0.214247,0.158492,-0.206566,-0.377469,-0.374678,0.552459,0.10756,0.957784,1735.23,2.04239,25,6.7457,0.697273,5,-92.9262,-2.07411,4,3,2.62699,0.0582588,0.156522,0.0662292
R1,R1 hors nis_z_100 Q4,26,SL-A 5,SL-A,5,dynamique,0.170694,0,5,5,5,,,,,,,10,1592,1283,0.194095,17.8194,-0.700913,-9288.61,0.903828,0.48636,-7.23976,-0.17191,-0.803043,-0.791143,-13314.4,26,3541.39,12830,3.62287,544,739,-1.76089,-11.2729,-6.51691,4.75601,0.0143021,-0.308986,-0.147342,0.161644,-18.0009,3.75264,-17.9991,5.04666,-0.35206,0.00848694,-0.338925,0.040122,-0.443435,-0.503774,-0.498186,0.552459,0.10756,0.880131,1735.23,4.08479,25,1.7457,0.594225,5,-97.9262,-2.18269,2,1,2.62699,0.0585408,0.107638,0.0900799
R1,R1 hors nis_z_100 Q4,26,SL-B 0,SL-B,0,figé,0.719715,0,0.431589,0.976046,1.72125,2.46689,-8.06518,13.3866,0.0356775,-0.132604,0.204991,5,1592,1263,0.206658,17.5417,-0.341888,-3031.01,0.943734,0.248614,-2.39985,-0.0750167,-0.532017,-0.524413,-6970,9,3283.99,6315,1.92297,538,725,-1.27785,-3.23246,-2.25515,0.977303,-0.0538131,-0.0907512,-0.0722821,0.018469,-8.80866,3.83559,-9.01729,4.31248,-0.193915,0.049783,-0.198703,0.0607552,-0.230162,-0.335509,-0.330595,0.553499,0.108472,0.89965,1084.31,3.22356,,,,,,,1,1,2.46689,0.0356775,0.132927,0.108189
R1,R1 hors nis_z_100 Q4,26,SL-B 0,SL-B,0,figé,0.719715,0,0.431589,0.976046,1.72125,2.46689,-8.06518,13.3866,0.0356775,-0.132604,0.204991,10,1592,1263,0.206658,17.5417,-0.650169,-9346.01,0.840586,0.244656,-7.39985,-0.194773,-0.689254,-0.68406,-11055,9,3283.99,12630,3.84593,538,725,-6.27785,-8.23246,-7.25515,0.977303,-0.172896,-0.211007,-0.191951,0.0190559,-13.8087,-1.16441,-14.0173,-0.687524,-0.317022,-0.0658706,-0.322004,-0.0536437,-0.457343,-0.485852,-0.481506,0.553499,0.108472,0.778853,1084.31,6.44712,,,,,,,1,1,2.46689,0.0356775,0.0937299,0.108003
R1,R1 hors nis_z_100 Q4,26,SL-B 0,SL-B,0,dynamique,0.715925,0.00071736,0.434918,0.987873,1.72862,,,,,,,5,1592,1394,0.124372,19.3611,-0.27206,-1894.58,0.968239,0.253945,-1.35909,-0.0346596,-0.536552,-0.53571,-7467.83,9,5075.42,6970,1.37328,597,797,-1.24101,-1.44754,-1.34428,0.103265,-0.0366186,-0.0331921,-0.0349054,-0.00171327,-7.53737,4.70098,-7.68928,4.9742,-0.160633,0.0957268,-0.165061,0.102118,-0.132657,-0.327776,-0.324422,0.55147,0.104735,0.955597,2666.82,1.44132,151,12.3472,0.428177,20,36.3992,0.911202,2,2,3.50765,0.0760346,0.230431,0.115922
R1,R1 hors nis_z_100 Q4,26,SL-B 0,SL-B,0,dynamique,0.715925,0.00071736,0.434918,0.987873,1.72862,,,,,,,10,1592,1394,0.124372,19.3611,-0.637573,-8864.58,0.863335,0.250359,-6.35909,-0.154132,-0.697275,-0.695848,-11428.7,9,5075.42,13940,2.74657,597,797,-6.24101,-6.44754,-6.34428,0.103265,-0.156195,-0.152586,-0.15439,-0.00180417,-12.5374,-0.299024,-12.6893,-0.0257986,-0.283406,-0.0206735,-0.287711,-0.0154131,-0.409518,-0.472443,-0.469906,0.55147,0.104735,0.829371,2666.82,2.88264,151,7.34715,0.309917,20,31.3992,0.782943,1,1,3.50765,0.0763187,0.141555,0.121411
R1,R1 hors nis_z_100 Q4,26,SL-B 0.25,SL-B,0.25,figé,0.684877,0.000791766,0.681589,1.22605,1.97125,0.00169892,-10.0916,10.2326,-0.0214629,-0.184825,0.144289,5,1592,1263,0.206658,17.5417,-0.527002,-6144.56,0.901996,0.277118,-4.86505,-0.132157,-0.577271,-0.565333,-7137.85,11,170.445,6315,37.0501,538,725,-3.84328,-5.62327,-4.73327,0.889997,-0.131498,-0.132646,-0.132072,0.000573935,-11.4123,1.78134,-11.6439,2.66106,-0.259422,0.000426531,-0.265649,0.00616518,-0.359132,-0.387116,-0.379225,0.553499,0.108472,0.849701,-721.31,4.84583,,,,,,,1,1,0.00169892,-0.0214629,0.0039568,0.0565823
R1,R1 hors nis_z_100 Q4,26,SL-B 0.25,SL-B,0.25,figé,0.684877,0.000791766,0.681589,1.22605,1.97125,0.00169892,-10.0916,10.2326,-0.0214629,-0.184825,0.144289,10,1592,1263,0.206658,17.5417,-0.748613,-12459.6,0.814816,0.271576,-9.86505,-0.251913,-0.765992,-0.760831,-13024.9,11,170.445,12630,74.1003,538,725,-8.84328,-10.6233,-9.73327,0.889997,-0.250581,-0.252902,-0.251741,0.0011608,-16.4123,-3.21866,-16.6439,-2.33894,-0.380127,-0.112742,-0.386315,-0.108818,-0.548283,-0.563203,-0.560389,0.553499,0.108472,0.748429,-721.31,9.69165,,,,,,,1,1,0.00169892,-0.0214629,0.00278951,0.0306514
R1,R1 hors nis_z_100 Q4,26,SL-B 0.25,SL-B,0.25,dynamique,0.68532,0.000726744,0.684964,1.23787,1.97812,,,,,,,5,1592,1376,0.135678,19.1111,-0.571611,-7025.83,0.897959,0.277616,-5.10598,-0.121529,-0.616371,-0.605537,-8004.1,11,-145.832,6880,47.1776,588,788,-5.14166,-5.07936,-5.11051,-0.0311508,-0.138885,-0.108578,-0.123731,-0.0151534,-11.5033,1.48391,-11.8113,1.97415,-0.246576,0.00924055,-0.250629,0.0170115,-0.356306,-0.383274,-0.378965,0.551688,0.105378,0.864974,-346.683,10.9484,131,-1.0927,0.12151,18,41.0074,0.9015,1,1,-0.239236,-0.0108346,0.00678216,0.0604235
R1,R1 hors nis_z_100 Q4,26,SL-B 0.25,SL-B,0.25,dynamique,0.68532,0.000726744,0.684964,1.23787,1.97812,,,,,,,10,1592,1376,0.135678,19.1111,-0.784844,-13905.8,0.811685,0.272529,-10.106,-0.241139,-0.798813,-0.79731,-14523,11,-145.832,13760,94.3552,588,788,-10.1417,-10.0794,-10.1105,-0.0311508,-0.258937,-0.227859,-0.243398,-0.0155388,-16.5033,-3.51609,-16.8113,-3.02585,-0.368861,-0.106128,-0.373137,-0.102363,-0.559709,-0.574991,-0.573298,0.551688,0.105378,0.762952,-346.683,21.8967,131,-6.0927,-4.32425e-05,18,36.0074,0.757532,1,1,-0.239236,-0.0106889,-0.00863649,0.0188627
R1,R1 hors nis_z_100 Q4,26,SL-B 0.5,SL-B,0.5,figé,0.631037,0.00158353,0.931589,1.47605,2.22125,1.69299,-7.29749,10.7183,0.00146646,-0.165724,0.168888,5,1592,1263,0.206658,17.5417,-0.425441,-4008.45,0.941461,0.31829,-3.17375,-0.109228,-0.537899,-0.520533,-6010.3,15,2306.55,6315,2.73785,538,725,0.219438,-5.69173,-2.73615,2.95559,-0.0837756,-0.128115,-0.105945,0.0221696,-10.1317,3.53697,-10.0246,4.41371,-0.239215,0.019599,-0.243886,0.0316415,-0.310566,-0.347366,-0.341968,0.553499,0.108472,0.888215,45.7238,76.4448,,,,,,,1,1,1.69299,0.00146646,0.0525223,0.0963324
R1,R1 hors nis_z_100 Q4,26,SL-B 0.5,SL-B,0.5,figé,0.631037,0.00158353,0.931589,1.47605,2.22125,1.69299,-7.29749,10.7183,0.00146646,-0.165724,0.168888,10,1592,1263,0.206658,17.5417,-0.694609,-10323.4,0.858202,0.311956,-8.17375,-0.228984,-0.739697,-0.733067,-11808.1,15,2306.55,12630,5.47571,538,725,-4.78056,-10.6917,-7.73615,2.95559,-0.202858,-0.248371,-0.225615,0.0227565,-15.1317,-1.46303,-15.0246,-0.586287,-0.362209,-0.0948489,-0.365148,-0.0848384,-0.514046,-0.532186,-0.530278,0.553499,0.108472,0.791595,45.7238,152.89,,,,,,,1,1,1.69299,0.00146646,0.0370263,0.0616678
R1,R1 hors nis_z_100 Q4,26,SL-B 0.5,SL-B,0.5,dynamique,0.632818,0.00147167,0.938257,1.48871,2.22986,,,,,,,5,1592,1359,0.146357,18.875,-0.515216,-5607.67,0.924943,0.317881,-4.12632,-0.113705,-0.597489,-0.586122,-7366.69,15,1187.33,6795,5.72293,579,780,-2.51249,-5.32428,-3.91838,1.4059,-0.126777,-0.104002,-0.115389,-0.0113876,-10.8488,2.47223,-11.037,3.09226,-0.238298,0.014936,-0.244528,0.0152771,-0.335336,-0.365321,-0.363474,0.551264,0.105224,0.886329,-53.5945,69.8921,112,-14.3842,-0.152849,16,-0.737863,-0.0342813,1,1,0.740425,-0.00301086,0.0277521,0.0783771
R1,R1 hors nis_z_100 Q4,26,SL-B 0.5,SL-B,0.5,dynamique,0.632818,0.00147167,0.938257,1.48871,2.22986,,,,,,,10,1592,1359,0.146357,18.875,-0.754428,-12402.7,0.843739,0.311994,-9.12632,-0.233219,-0.785117,-0.778947,-13631.7,15,1187.33,13590,11.4459,579,780,-7.51249,-10.3243,-8.91838,1.4059,-0.246197,-0.223585,-0.234891,-0.0113061,-15.8488,-2.52777,-16.037,-1.90774,-0.359161,-0.101045,-0.367362,-0.100823,-0.543099,-0.559292,-0.557909,0.551264,0.105224,0.790724,-53.5945,139.784,112,-19.3842,-0.274075,16,-5.73786,-0.184893,0,1,0.740425,-0.00276873,0.00797374,0.0345626
R1,R1 hors nis_z_100 Q4,26,SL-B 1,SL-B,1,figé,0.538401,0,1.43159,1.97605,2.72125,2.64345,-4.98713,11.0136,0.0151906,-0.12957,0.164016,5,1592,1263,0.206658,17.5417,-0.373476,-2808.02,0.963833,0.375297,-2.2233,-0.0955035,-0.562008,-0.551123,-6622.95,23,3506.98,6315,1.8007,538,725,2.60387,-5.80539,-1.60076,4.20463,0.0205528,-0.181625,-0.0805362,0.101089,-10.0699,6.06062,-10.1538,7.20385,-0.24397,0.0502233,-0.23566,0.0689225,-0.294394,-0.368098,-0.357699,0.553499,0.108472,0.911138,342.472,10.2062,,,,,,,3,2,2.64345,0.0151906,0.0686948,0.0755998
R1,R1 hors nis_z_100 Q4,26,SL-B 1,SL-B,1,figé,0.538401,0,1.43159,1.97605,2.72125,2.64345,-4.98713,11.0136,0.0151906,-0.12957,0.164016,10,1592,1263,0.206658,17.5417,-0.66698,-9123.02,0.888218,0.365796,-7.2233,-0.21526,-0.75373,-0.751126,-12177.9,23,3506.98,12630,3.60139,538,725,-2.39613,-10.8054,-6.60076,4.20463,-0.0985296,-0.301882,-0.200206,0.101676,-15.0699,1.06062,-15.1538,2.20385,-0.368376,-0.0692589,-0.359145,-0.0505802,-0.50265,-0.541039,-0.53698,0.553499,0.108472,0.823918,342.472,20.4124,,,,,,,1,1,2.64345,0.0151906,0.0484225,0.0528155
R1,R1 hors nis_z_100 Q4,26,SL-B 1,SL-B,1,dynamique,0.535474,0,1.43896,1.98871,2.73233,,,,,,,5,1592,1339,0.15892,18.5972,-0.40819,-3265.31,0.960635,0.380134,-2.43862,-0.0830036,-0.623258,-0.611462,-8060.82,23,3429.69,6695,1.95207,571,768,-0.485587,-3.89067,-2.18813,1.70254,-0.0333823,-0.119897,-0.0766394,0.0432571,-10.6746,5.85107,-10.7225,6.68801,-0.231976,0.0617471,-0.23226,0.0736276,-0.273855,-0.367157,-0.356742,0.551511,0.106796,0.924227,846.339,4.36275,89,-10.881,-0.0580378,13,-39.3172,-1.1265,3,1,2.42813,0.0276905,0.0892338,0.0765409
R1,R1 hors nis_z_100 Q4,26,SL-B 1,SL-B,1,dynamique,0.535474,0,1.43896,1.98871,2.73233,,,,,,,10,1592,1339,0.15892,18.5972,-0.697174,-9960.31,0.885682,0.371173,-7.43862,-0.202694,-0.792131,-0.78622,-13609.7,23,3429.69,13390,3.90414,571,768,-5.48559,-8.89067,-7.18813,1.70254,-0.153154,-0.239526,-0.19634,0.0431861,-15.6746,0.851072,-15.7225,1.68801,-0.354769,-0.0563138,-0.352505,-0.0463718,-0.498153,-0.548133,-0.540607,0.551511,0.106796,0.836269,846.339,8.7255,89,-15.881,-0.181108,13,-44.3172,-1.27577,1,1,2.42813,0.0277568,0.0529198,0.045721
R1,↳ F1 · x1 encore opposé hors nis_z_100 Q4,6,sans,sans,,figé,0,0,,,,0,0,0,0,0,0,5,962,962,0,13.3611,-0.221425,-1904.54,0.944809,0.534304,-1.97977,-0.0230101,-0.382956,-0.380431,-4426.16,6,2905.46,4810,1.6555,432,530,1.84347,-5.09607,-1.6263,3.46977,0.16817,-0.178839,-0.00533498,0.173505,-8.40875,4.4255,-8.4146,5.00733,-0.133426,0.106623,-0.119017,0.133165,-0.0623594,-0.135839,-0.135082,0.524935,0.0738046,0.963949,1990.09,1.26876,,,,,,,3,2,0,0,0,0
R1,↳ F1 · x1 encore opposé hors nis_z_100 Q4,6,sans,sans,,figé,0,0,,,,0,0,0,0,0,0,10,962,962,0,13.3611,-0.518845,-6714.54,0.817769,0.50104,-6.97977,-0.134376,-0.570898,-0.570097,-7896.3,6,2905.46,9620,3.31101,432,530,-3.15653,-10.0961,-6.6263,3.46977,0.0607802,-0.293447,-0.116333,0.177113,-13.4088,-0.574504,-13.4146,0.0073278,-0.241462,-0.00608141,-0.228004,0.0193473,-0.271619,-0.289344,-0.288609,0.524935,0.0738046,0.809681,1990.09,2.53751,,,,,,,2,1,0,0,0,0
R1,↳ F1 · x1 encore opposé hors nis_z_100 Q4,6,sans,sans,,dynamique,0,0,,,,,,,,,,5,962,962,0,13.3611,-0.221425,-1904.54,0.944809,0.534304,-1.97977,-0.0230101,-0.382956,-0.380431,-4426.16,6,2905.46,4810,1.6555,432,530,1.84347,-5.09607,-1.6263,3.46977,0.16817,-0.178839,-0.00533498,0.173505,-8.40875,4.4255,-8.4146,5.00733,-0.133426,0.106623,-0.119017,0.133165,-0.0623594,-0.135839,-0.135082,0.524935,0.0738046,0.963949,1990.09,1.26876,0,,,0,,,3,2,0,0,0,0
R1,↳ F1 · x1 encore opposé hors nis_z_100 Q4,6,sans,sans,,dynamique,0,0,,,,,,,,,,10,962,962,0,13.3611,-0.518845,-6714.54,0.817769,0.50104,-6.97977,-0.134376,-0.570898,-0.570097,-7896.3,6,2905.46,9620,3.31101,432,530,-3.15653,-10.0961,-6.6263,3.46977,0.0607802,-0.293447,-0.116333,0.177113,-13.4088,-0.574504,-13.4146,0.0073278,-0.241462,-0.00608141,-0.228004,0.0193473,-0.271619,-0.289344,-0.288609,0.524935,0.0738046,0.809681,1990.09,2.53751,0,,,0,,,2,1,0,0,0,0
R1,↳ F1 · x1 encore opposé hors nis_z_100 Q4,6,SL-A 1,SL-A,1,figé,0.449064,0,1,1,1,-1.29928,-6.44862,3.77976,0.0213808,-0.0507076,0.0954676,5,962,962,0,13.3611,-0.296062,-3154.44,0.897317,0.428274,-3.27905,-0.00162931,-0.340023,-0.339506,-3796.93,6,1655.56,4810,2.90537,432,530,-0.577282,-5.48124,-3.02926,2.45198,0.113414,-0.0954005,0.00900678,0.104407,-8.44671,2.3027,-8.54298,2.79555,-0.105038,0.121194,-0.0986588,0.137623,-0.0371225,-0.143059,-0.142795,0.524935,0.0738046,0.975564,2214.55,1.14016,,,,,,,2,2,-1.29928,0.0213808,0.025237,-0.00722037
R1,↳ F1 · x1 encore opposé hors nis_z_100 Q4,6,SL-A 1,SL-A,1,figé,0.449064,0,1,1,1,-1.29928,-6.44862,3.77976,0.0213808,-0.0507076,0.0954676,10,962,962,0,13.3611,-0.564986,-7964.44,0.762424,0.408524,-8.27905,-0.112995,-0.58873,-0.58795,-8511.93,6,1655.56,9620,5.81074,432,530,-5.57728,-10.4812,-8.02926,2.45198,0.00602467,-0.210008,-0.101991,0.108016,-13.4467,-2.6973,-13.543,-2.20445,-0.212991,0.00477801,-0.205442,0.0186393,-0.251996,-0.267661,-0.266904,0.524935,0.0738046,0.799831,2214.55,2.28032,,,,,,,1,2,-1.29928,0.0213808,0.0196232,0.0216831
R1,↳ F1 · x1 encore opposé hors nis_z_100 Q4,6,SL-A 1,SL-A,1,dynamique,0.449064,0,1,1,1,,,,,,,5,962,962,0,13.3611,-0.296062,-3154.44,0.897317,0.428274,-3.27905,-0.00162931,-0.340023,-0.339506,-3796.93,6,1655.56,4810,2.90537,432,530,-0.577282,-5.48124,-3.02926,2.45198,0.113414,-0.0954005,0.00900678,0.104407,-8.44671,2.3027,-8.54298,2.79555,-0.105038,0.121194,-0.0986588,0.137623,-0.0371225,-0.143059,-0.142795,0.524935,0.0738046,0.975564,2214.55,1.14016,0,,,0,,,2,2,-1.29928,0.0213808,0.025237,-0.00722037
R1,↳ F1 · x1 encore opposé hors nis_z_100 Q4,6,SL-A 1,SL-A,1,dynamique,0.449064,0,1,1,1,,,,,,,10,962,962,0,13.3611,-0.564986,-7964.44,0.762424,0.408524,-8.27905,-0.112995,-0.58873,-0.58795,-8511.93,6,1655.56,9620,5.81074,432,530,-5.57728,-10.4812,-8.02926,2.45198,0.00602467,-0.210008,-0.101991,0.108016,-13.4467,-2.6973,-13.543,-2.20445,-0.212991,0.00477801,-0.205442,0.0186393,-0.251996,-0.267661,-0.266904,0.524935,0.0738046,0.799831,2214.55,2.28032,0,,,0,,,1,2,-1.29928,0.0213808,0.0196232,0.0216831
R1,↳ F1 · x1 encore opposé hors nis_z_100 Q4,6,SL-A 1.5,SL-A,1.5,figé,0.295218,0,1.5,1.5,1.5,1.11686,-3.02698,5.18272,0.0255472,-0.0443938,0.0936402,5,962,962,0,13.3611,-0.118059,-830.123,0.973759,0.494802,-0.862913,0.00253708,-0.2856,-0.282616,-3199.43,6,3979.88,4810,1.20858,432,530,-1.83268,-0.0724614,-0.952571,-0.88011,0.0803146,-0.0608589,0.00972783,0.0705867,-6.39661,5.32308,-6.77561,5.61525,-0.105149,0.122861,-0.103118,0.137382,-0.0234035,-0.142638,-0.142373,0.524935,0.0738046,0.988247,2365.38,1.06745,,,,,,,3,3,1.11686,0.0255472,0.0389559,-0.00679912
R1,↳ F1 · x1 encore opposé hors nis_z_100 Q4,6,SL-A 1.5,SL-A,1.5,figé,0.295218,0,1.5,1.5,1.5,1.11686,-3.02698,5.18272,0.0255472,-0.0443938,0.0936402,10,962,962,0,13.3611,-0.454927,-5640.12,0.834892,0.463617,-5.86291,-0.108829,-0.527731,-0.525643,-7080.45,6,3979.88,9620,2.41716,432,530,-6.83268,-5.07246,-5.95257,-0.88011,-0.0270748,-0.175466,-0.10127,0.0741956,-11.3966,0.323078,-11.7756,0.615245,-0.214273,0.0104578,-0.210302,0.0250818,-0.241345,-0.255704,-0.254934,0.524935,0.0738046,0.820043,2365.38,2.13491,,,,,,,1,2,1.11686,0.0255472,0.0302736,0.0336403
R1,↳ F1 · x1 encore opposé hors nis_z_100 Q4,6,SL-A 1.5,SL-A,1.5,dynamique,0.295218,0,1.5,1.5,1.5,,,,,,,5,962,962,0,13.3611,-0.118059,-830.123,0.973759,0.494802,-0.862913,0.00253708,-0.2856,-0.282616,-3199.43,6,3979.88,4810,1.20858,432,530,-1.83268,-0.0724614,-0.952571,-0.88011,0.0803146,-0.0608589,0.00972783,0.0705867,-6.39661,5.32308,-6.77561,5.61525,-0.105149,0.122861,-0.103118,0.137382,-0.0234035,-0.142638,-0.142373,0.524935,0.0738046,0.988247,2365.38,1.06745,0,,,0,,,3,3,1.11686,0.0255472,0.0389559,-0.00679912
R1,↳ F1 · x1 encore opposé hors nis_z_100 Q4,6,SL-A 1.5,SL-A,1.5,dynamique,0.295218,0,1.5,1.5,1.5,,,,,,,10,962,962,0,13.3611,-0.454927,-5640.12,0.834892,0.463617,-5.86291,-0.108829,-0.527731,-0.525643,-7080.45,6,3979.88,9620,2.41716,432,530,-6.83268,-5.07246,-5.95257,-0.88011,-0.0270748,-0.175466,-0.10127,0.0741956,-11.3966,0.323078,-11.7756,0.615245,-0.214273,0.0104578,-0.210302,0.0250818,-0.241345,-0.255704,-0.254934,0.524935,0.0738046,0.820043,2365.38,2.13491,0,,,0,,,1,2,1.11686,0.0255472,0.0302736,0.0336403
R1,↳ F1 · x1 encore opposé hors nis_z_100 Q4,6,SL-A 2,SL-A,2,figé,0.193347,0,2,2,2,1.81777,-1.304,5.17344,0.0400805,-0.014865,0.0950945,5,962,962,0,13.3611,-0.060536,-155.847,0.995127,0.519751,-0.162003,0.0170704,-0.279305,-0.275503,-3025.92,6,4654.15,4810,1.03349,432,530,-0.0821552,-0.227087,-0.154621,0.0724661,0.121074,-0.067702,0.0266858,0.0943878,-5.54885,5.64959,-5.85554,5.89283,-0.0854288,0.139437,-0.0822036,0.156758,0.0144716,-0.115851,-0.114617,0.524935,0.0738046,1.01659,2752.31,0.917389,,,,,,,3,3,1.81777,0.0400805,0.0768311,0.0199876
R1,↳ F1 · x1 encore opposé hors nis_z_100 Q4,6,SL-A 2,SL-A,2,figé,0.193347,0,2,2,2,1.81777,-1.304,5.17344,0.0400805,-0.014865,0.0950945,10,962,962,0,13.3611,-0.419358,-4965.85,0.85559,0.486486,-5.162,-0.0942955,-0.482121,-0.480996,-6143.66,6,4654.15,9620,2.06697,432,530,-5.08216,-5.22709,-5.15462,0.0724661,0.0136842,-0.182309,-0.0843125,0.0979967,-10.5489,0.649593,-10.8555,0.892827,-0.196413,0.0259767,-0.190467,0.0443405,-0.211915,-0.229701,-0.228904,0.524935,0.0738046,0.846643,2752.31,1.83478,,,,,,,2,1,1.81777,0.0400805,0.0597039,0.0596433
R1,↳ F1 · x1 encore opposé hors nis_z_100 Q4,6,SL-A 2,SL-A,2,dynamique,0.193347,0,2,2,2,,,,,,,5,962,962,0,13.3611,-0.060536,-155.847,0.995127,0.519751,-0.162003,0.0170704,-0.279305,-0.275503,-3025.92,6,4654.15,4810,1.03349,432,530,-0.0821552,-0.227087,-0.154621,0.0724661,0.121074,-0.067702,0.0266858,0.0943878,-5.54885,5.64959,-5.85554,5.89283,-0.0854288,0.139437,-0.0822036,0.156758,0.0144716,-0.115851,-0.114617,0.524935,0.0738046,1.01659,2752.31,0.917389,0,,,0,,,3,3,1.81777,0.0400805,0.0768311,0.0199876
R1,↳ F1 · x1 encore opposé hors nis_z_100 Q4,6,SL-A 2,SL-A,2,dynamique,0.193347,0,2,2,2,,,,,,,10,962,962,0,13.3611,-0.419358,-4965.85,0.85559,0.486486,-5.162,-0.0942955,-0.482121,-0.480996,-6143.66,6,4654.15,9620,2.06697,432,530,-5.08216,-5.22709,-5.15462,0.0724661,0.0136842,-0.182309,-0.0843125,0.0979967,-10.5489,0.649593,-10.8555,0.892827,-0.196413,0.0259767,-0.190467,0.0443405,-0.211915,-0.229701,-0.228904,0.524935,0.0738046,0.846643,2752.31,1.83478,0,,,0,,,2,1,1.81777,0.0400805,0.0597039,0.0596433
R1,↳ F1 · x1 encore opposé hors nis_z_100 Q4,6,SL-A 2.5,SL-A,2.5,figé,0.141372,0,2.5,2.5,2.5,0.686587,-1.8513,3.36744,0.021152,-0.0256296,0.0671667,5,962,962,0,13.3611,-0.161416,-1244.04,0.962718,0.528067,-1.29318,-0.00185811,-0.36226,-0.355966,-4146.37,6,3565.96,4810,1.34887,432,530,-0.918456,-1.59862,-1.25854,0.340084,0.112274,-0.0948865,0.00869372,0.10358,-6.82885,4.80455,-7.19268,5.01924,-0.10427,0.114605,-0.0963667,0.133442,-0.0248156,-0.121134,-0.119792,0.524935,0.0738046,0.988627,2363.14,1.06846,,,,,,,3,3,0.686587,0.021152,0.0375439,0.0147044
R1,↳ F1 · x1 encore opposé hors nis_z_100 Q4,6,SL-A 2.5,SL-A,2.5,figé,0.141372,0,2.5,2.5,2.5,0.686587,-1.8513,3.36744,0.021152,-0.0256296,0.0671667,10,962,962,0,13.3611,-0.481738,-6054.04,0.830593,0.494802,-6.29318,-0.113224,-0.543164,-0.542311,-7350.09,6,3565.96,9620,2.69773,432,530,-5.91846,-6.59862,-6.25854,0.340084,0.00488453,-0.209494,-0.102305,0.107189,-11.8288,-0.19545,-12.1927,0.0192437,-0.214152,6.31479e-05,-0.206823,0.0195478,-0.242443,-0.260878,-0.260114,0.524935,0.0738046,0.826504,2363.14,2.13693,,,,,,,2,1,0.686587,0.021152,0.0291757,0.0284657
R1,↳ F1 · x1 encore opposé hors nis_z_100 Q4,6,SL-A 2.5,SL-A,2.5,dynamique,0.141372,0,2.5,2.5,2.5,,,,,,,5,962,962,0,13.3611,-0.161416,-1244.04,0.962718,0.528067,-1.29318,-0.00185811,-0.36226,-0.355966,-4146.37,6,3565.96,4810,1.34887,432,530,-0.918456,-1.59862,-1.25854,0.340084,0.112274,-0.0948865,0.00869372,0.10358,-6.82885,4.80455,-7.19268,5.01924,-0.10427,0.114605,-0.0963667,0.133442,-0.0248156,-0.121134,-0.119792,0.524935,0.0738046,0.988627,2363.14,1.06846,0,,,0,,,3,3,0.686587,0.021152,0.0375439,0.0147044
R1,↳ F1 · x1 encore opposé hors nis_z_100 Q4,6,SL-A 2.5,SL-A,2.5,dynamique,0.141372,0,2.5,2.5,2.5,,,,,,,10,962,962,0,13.3611,-0.481738,-6054.04,0.830593,0.494802,-6.29318,-0.113224,-0.543164,-0.542311,-7350.09,6,3565.96,9620,2.69773,432,530,-5.91846,-6.59862,-6.25854,0.340084,0.00488453,-0.209494,-0.102305,0.107189,-11.8288,-0.19545,-12.1927,0.0192437,-0.214152,6.31479e-05,-0.206823,0.0195478,-0.242443,-0.260878,-0.260114,0.524935,0.0738046,0.826504,2363.14,2.13693,0,,,0,,,2,1,0.686587,0.021152,0.0291757,0.0284657
R1,↳ F1 · x1 encore opposé hors nis_z_100 Q4,6,SL-A 3,SL-A,3,figé,0.100832,0,3,3,3,-0.441232,-2.97417,2.02464,0.00438904,-0.0373766,0.0459217,5,962,962,0,13.3611,-0.25072,-2329.01,0.932444,0.530146,-2.421,-0.018621,-0.418595,-0.412857,-5038.11,6,2480.99,4810,1.93874,432,530,-2.12733,-2.66038,-2.39385,0.266524,0.102271,-0.11716,-0.00744419,0.109716,-8.4982,3.82709,-8.82984,4.12083,-0.122023,0.0982464,-0.114853,0.117021,-0.0593158,-0.144924,-0.143617,0.524935,0.0738046,0.964543,2007.35,1.25785,,,,,,,3,3,-0.441232,0.00438904,0.00304364,-0.00908496
R1,↳ F1 · x1 encore opposé hors nis_z_100 Q4,6,SL-A 3,SL-A,3,figé,0.100832,0,3,3,3,-0.441232,-2.97417,2.02464,0.00438904,-0.0373766,0.0459217,10,962,962,0,13.3611,-0.536957,-7139.01,0.806179,0.496881,-7.421,-0.129987,-0.589252,-0.588485,-8373.32,6,2480.99,9620,3.87748,432,530,-7.12733,-7.66038,-7.39385,0.266524,-0.00511805,-0.231767,-0.118442,0.113324,-13.4982,-1.17291,-13.8298,-0.87917,-0.231633,-0.0158276,-0.223785,0.00442084,-0.269251,-0.287033,-0.286296,0.524935,0.0738046,0.808041,2007.35,2.51569,,,,,,,2,1,-0.441232,0.00438904,0.00236833,0.0023107
R1,↳ F1 · x1 encore opposé hors nis_z_100 Q4,6,SL-A 3,SL-A,3,dynamique,0.100832,0,3,3,3,,,,,,,5,962,962,0,13.3611,-0.25072,-2329.01,0.932444,0.530146,-2.421,-0.018621,-0.418595,-0.412857,-5038.11,6,2480.99,4810,1.93874,432,530,-2.12733,-2.66038,-2.39385,0.266524,0.102271,-0.11716,-0.00744419,0.109716,-8.4982,3.82709,-8.82984,4.12083,-0.122023,0.0982464,-0.114853,0.117021,-0.0593158,-0.144924,-0.143617,0.524935,0.0738046,0.964543,2007.35,1.25785,0,,,0,,,3,3,-0.441232,0.00438904,0.00304364,-0.00908496
R1,↳ F1 · x1 encore opposé hors nis_z_100 Q4,6,SL-A 3,SL-A,3,dynamique,0.100832,0,3,3,3,,,,,,,10,962,962,0,13.3611,-0.536957,-7139.01,0.806179,0.496881,-7.421,-0.129987,-0.589252,-0.588485,-8373.32,6,2480.99,9620,3.87748,432,530,-7.12733,-7.66038,-7.39385,0.266524,-0.00511805,-0.231767,-0.118442,0.113324,-13.4982,-1.17291,-13.8298,-0.87917,-0.231633,-0.0158276,-0.223785,0.00442084,-0.269251,-0.287033,-0.286296,0.524935,0.0738046,0.808041,2007.35,2.51569,0,,,0,,,2,1,-0.441232,0.00438904,0.00236833,0.0023107
R1,↳ F1 · x1 encore opposé hors nis_z_100 Q4,6,SL-A 4,SL-A,4,figé,0.049896,0,4,4,4,-0.528306,-2.55015,1.36608,0.00278132,-0.0302786,0.0363379,5,962,962,0,13.3611,-0.258616,-2412.77,0.930317,0.532225,-2.50808,-0.0202288,-0.416921,-0.411166,-5002.36,6,2397.23,4810,2.00648,432,530,-0.133402,-4.44366,-2.28853,2.15513,0.140836,-0.151511,-0.00533789,0.146174,-8.80407,3.80328,-8.88879,4.23976,-0.124202,0.1006,-0.116869,0.125315,-0.0564045,-0.143775,-0.143127,0.524935,0.0738046,0.966923,2042.06,1.23646,,,,,,,2,2,-0.528306,0.00278132,0.0059549,-0.0079364
R1,↳ F1 · x1 encore opposé hors nis_z_100 Q4,6,SL-A 4,SL-A,4,figé,0.049896,0,4,4,4,-0.528306,-2.55015,1.36608,0.00278132,-0.0302786,0.0363379,10,962,962,0,13.3611,-0.541839,-7222.77,0.804647,0.49896,-7.50808,-0.131595,-0.588219,-0.58745,-8328.32,6,2397.23,9620,4.01297,432,530,-5.1334,-9.44366,-7.28853,2.15513,0.0334463,-0.266119,-0.116336,0.149782,-13.8041,-1.19672,-13.8888,-0.760235,-0.236439,-0.0135745,-0.225213,0.011384,-0.266987,-0.284825,-0.284085,0.524935,0.0738046,0.810178,2042.06,2.47293,,,,,,,2,1,-0.528306,0.00278132,0.00463204,0.00451932
R1,↳ F1 · x1 encore opposé hors nis_z_100 Q4,6,SL-A 4,SL-A,4,dynamique,0.049896,0,4,4,4,,,,,,,5,962,962,0,13.3611,-0.258616,-2412.77,0.930317,0.532225,-2.50808,-0.0202288,-0.416921,-0.411166,-5002.36,6,2397.23,4810,2.00648,432,530,-0.133402,-4.44366,-2.28853,2.15513,0.140836,-0.151511,-0.00533789,0.146174,-8.80407,3.80328,-8.88879,4.23976,-0.124202,0.1006,-0.116869,0.125315,-0.0564045,-0.143775,-0.143127,0.524935,0.0738046,0.966923,2042.06,1.23646,0,,,0,,,2,2,-0.528306,0.00278132,0.0059549,-0.0079364
R1,↳ F1 · x1 encore opposé hors nis_z_100 Q4,6,SL-A 4,SL-A,4,dynamique,0.049896,0,4,4,4,,,,,,,10,962,962,0,13.3611,-0.541839,-7222.77,0.804647,0.49896,-7.50808,-0.131595,-0.588219,-0.58745,-8328.32,6,2397.23,9620,4.01297,432,530,-5.1334,-9.44366,-7.28853,2.15513,0.0334463,-0.266119,-0.116336,0.149782,-13.8041,-1.19672,-13.8888,-0.760235,-0.236439,-0.0135745,-0.225213,0.011384,-0.266987,-0.284825,-0.284085,0.524935,0.0738046,0.810178,2042.06,2.47293,0,,,0,,,2,1,-0.528306,0.00278132,0.00463204,0.00451932
R1,↳ F1 · x1 encore opposé hors nis_z_100 Q4,6,SL-A 5,SL-A,5,figé,0.024948,0,5,5,5,0.480593,-0.718406,1.86215,0.012973,-0.0114428,0.0426196,5,962,962,0,13.3611,-0.182441,-1442.21,0.957639,0.534304,-1.49918,-0.010037,-0.376753,-0.370603,-4341.17,6,3367.79,4810,1.42824,432,530,2.91015,-5.0932,-1.09152,4.00167,0.186276,-0.170051,0.00811266,0.178163,-7.74517,4.77755,-7.43781,5.44073,-0.118067,0.111257,-0.103582,0.135504,-0.0308455,-0.130516,-0.128229,0.524935,0.0738046,0.985326,2311.96,1.09212,,,,,,,3,2,0.480593,0.012973,0.031514,0.00532322
R1,↳ F1 · x1 encore opposé hors nis_z_100 Q4,6,SL-A 5,SL-A,5,figé,0.024948,0,5,5,5,0.480593,-0.718406,1.86215,0.012973,-0.0114428,0.0426196,10,962,962,0,13.3611,-0.49474,-6252.21,0.828161,0.50104,-6.49918,-0.121403,-0.54227,-0.541416,-7280.37,6,3367.79,9620,2.85647,432,530,-2.08985,-10.0932,-6.09152,4.00167,0.0788865,-0.284658,-0.102886,0.181772,-12.7452,-0.222454,-12.4378,0.440728,-0.230404,-0.00177253,-0.213459,0.0224158,-0.24713,-0.26545,-0.264691,0.524935,0.0738046,0.826223,2311.96,2.18424,,,,,,,2,1,0.480593,0.012973,0.0244893,0.0238933
R1,↳ F1 · x1 encore opposé hors nis_z_100 Q4,6,SL-A 5,SL-A,5,dynamique,0.024948,0,5,5,5,,,,,,,5,962,962,0,13.3611,-0.182441,-1442.21,0.957639,0.534304,-1.49918,-0.010037,-0.376753,-0.370603,-4341.17,6,3367.79,4810,1.42824,432,530,2.91015,-5.0932,-1.09152,4.00167,0.186276,-0.170051,0.00811266,0.178163,-7.74517,4.77755,-7.43781,5.44073,-0.118067,0.111257,-0.103582,0.135504,-0.0308455,-0.130516,-0.128229,0.524935,0.0738046,0.985326,2311.96,1.09212,0,,,0,,,3,2,0.480593,0.012973,0.031514,0.00532322
R1,↳ F1 · x1 encore opposé hors nis_z_100 Q4,6,SL-A 5,SL-A,5,dynamique,0.024948,0,5,5,5,,,,,,,10,962,962,0,13.3611,-0.49474,-6252.21,0.828161,0.50104,-6.49918,-0.121403,-0.54227,-0.541416,-7280.37,6,3367.79,9620,2.85647,432,530,-2.08985,-10.0932,-6.09152,4.00167,0.0788865,-0.284658,-0.102886,0.181772,-12.7452,-0.222454,-12.4378,0.440728,-0.230404,-0.00177253,-0.213459,0.0224158,-0.24713,-0.26545,-0.264691,0.524935,0.0738046,0.826223,2311.96,2.18424,0,,,0,,,2,1,0.480593,0.012973,0.0244893,0.0238933
R1,↳ F1 · x1 encore opposé hors nis_z_100 Q4,6,SL-B 0,SL-B,0,figé,0.393971,0,0.525806,1.21095,1.90086,0.08069,-4.62563,4.97578,0.0292669,-0.0432996,0.107893,5,962,962,0,13.3611,-0.196301,-1826.92,0.936858,0.428274,-1.89908,0.00625685,-0.276395,-0.27505,-3067.97,6,2983.08,4810,1.61243,432,530,-0.404259,-3.1175,-1.76088,1.35662,0.0976533,-0.0682399,0.0147067,0.0829466,-6.78508,3.38595,-6.96468,3.82792,-0.0947098,0.122333,-0.0924169,0.141012,-0.0139147,-0.147732,-0.147469,0.524935,0.0738046,0.994034,2452.72,1.02944,,,,,,,2,2,0.08069,0.0292669,0.0484447,-0.0118928
R1,↳ F1 · x1 encore opposé hors nis_z_100 Q4,6,SL-B 0,SL-B,0,figé,0.393971,0,0.525806,1.21095,1.90086,0.08069,-4.62563,4.97578,0.0292669,-0.0432996,0.107893,10,962,962,0,13.3611,-0.503305,-6636.92,0.791018,0.402287,-6.89908,-0.105109,-0.528678,-0.527783,-7147.13,6,2983.08,9620,3.22485,432,530,-5.40426,-8.1175,-6.76088,1.35662,-0.00973608,-0.182847,-0.0962915,0.0865554,-11.7851,-1.61405,-11.9647,-1.17208,-0.203639,0.00943917,-0.202115,0.0266647,-0.233968,-0.249342,-0.248566,0.524935,0.0738046,0.808809,2452.72,2.05888,,,,,,,1,2,0.08069,0.0292669,0.0376511,0.040002
R1,↳ F1 · x1 encore opposé hors nis_z_100 Q4,6,SL-B 0,SL-B,0,dynamique,0.393971,0,0.525806,1.21095,1.90086,,,,,,,5,962,962,0,13.3611,-0.196301,-1826.92,0.936858,0.428274,-1.89908,0.00625685,-0.276395,-0.27505,-3067.97,6,2983.08,4810,1.61243,432,530,-0.404259,-3.1175,-1.76088,1.35662,0.0976533,-0.0682399,0.0147067,0.0829466,-6.78508,3.38595,-6.96468,3.82792,-0.0947098,0.122333,-0.0924169,0.141012,-0.0139147,-0.147732,-0.147469,0.524935,0.0738046,0.994034,2452.72,1.02944,0,,,0,,,2,2,0.08069,0.0292669,0.0484447,-0.0118928
R1,↳ F1 · x1 encore opposé hors nis_z_100 Q4,6,SL-B 0,SL-B,0,dynamique,0.393971,0,0.525806,1.21095,1.90086,,,,,,,10,962,962,0,13.3611,-0.503305,-6636.92,0.791018,0.402287,-6.89908,-0.105109,-0.528678,-0.527783,-7147.13,6,2983.08,9620,3.22485,432,530,-5.40426,-8.1175,-6.76088,1.35662,-0.00973608,-0.182847,-0.0962915,0.0865554,-11.7851,-1.61405,-11.9647,-1.17208,-0.203639,0.00943917,-0.202115,0.0266647,-0.233968,-0.249342,-0.248566,0.524935,0.0738046,0.808809,2452.72,2.05888,0,,,0,,,1,2,0.08069,0.0292669,0.0376511,0.040002
R1,↳ F1 · x1 encore opposé hors nis_z_100 Q4,6,SL-B 0.25,SL-B,0.25,figé,0.350312,0,0.775806,1.46095,2.15086,-2.07779,-7.10273,2.94161,-0.00859801,-0.0841693,0.0679526,5,962,962,0,13.3611,-0.349717,-3903.38,0.878243,0.444906,-4.05756,-0.0316081,-0.391478,-0.391001,-4564.73,6,906.625,4810,5.30539,432,530,-2.42354,-5.38945,-3.90649,1.48295,0.058701,-0.105219,-0.0232588,0.0819598,-9.4254,1.4869,-9.60273,2.02322,-0.140263,0.0891462,-0.136521,0.104496,-0.0987072,-0.184506,-0.184255,0.524935,0.0738046,0.928284,1559.28,1.6193,,,,,,,2,2,-2.07779,-0.00859801,-0.0363478,-0.0486674
R1,↳ F1 · x1 encore opposé hors nis_z_100 Q4,6,SL-B 0.25,SL-B,0.25,figé,0.350312,0,0.775806,1.46095,2.15086,-2.07779,-7.10273,2.94161,-0.00859801,-0.0841693,0.0679526,10,962,962,0,13.3611,-0.598161,-8713.38,0.749642,0.418919,-9.05756,-0.142974,-0.620811,-0.620092,-9279.73,6,906.625,9620,10.6108,432,530,-7.42354,-10.3894,-8.90649,1.48295,-0.0486883,-0.219826,-0.134257,0.0855687,-14.4254,-3.5131,-14.6027,-2.97678,-0.249671,-0.0257333,-0.246893,-0.00752212,-0.299856,-0.31517,-0.314462,0.524935,0.0738046,0.765836,1559.28,3.23859,,,,,,,1,1,-2.07779,-0.00859801,-0.0282369,-0.0258262
R1,↳ F1 · x1 encore opposé hors nis_z_100 Q4,6,SL-B 0.25,SL-B,0.25,dynamique,0.350312,0,0.775806,1.46095,2.15086,,,,,,,5,962,962,0,13.3611,-0.349717,-3903.38,0.878243,0.444906,-4.05756,-0.0316081,-0.391478,-0.391001,-4564.73,6,906.625,4810,5.30539,432,530,-2.42354,-5.38945,-3.90649,1.48295,0.058701,-0.105219,-0.0232588,0.0819598,-9.4254,1.4869,-9.60273,2.02322,-0.140263,0.0891462,-0.136521,0.104496,-0.0987072,-0.184506,-0.184255,0.524935,0.0738046,0.928284,1559.28,1.6193,0,,,0,,,2,2,-2.07779,-0.00859801,-0.0363478,-0.0486674
R1,↳ F1 · x1 encore opposé hors nis_z_100 Q4,6,SL-B 0.25,SL-B,0.25,dynamique,0.350312,0,0.775806,1.46095,2.15086,,,,,,,10,962,962,0,13.3611,-0.598161,-8713.38,0.749642,0.418919,-9.05756,-0.142974,-0.620811,-0.620092,-9279.73,6,906.625,9620,10.6108,432,530,-7.42354,-10.3894,-8.90649,1.48295,-0.0486883,-0.219826,-0.134257,0.0855687,-14.4254,-3.5131,-14.6027,-2.97678,-0.249671,-0.0257333,-0.246893,-0.00752212,-0.299856,-0.31517,-0.314462,0.524935,0.0738046,0.765836,1559.28,3.23859,0,,,0,,,1,1,-2.07779,-0.00859801,-0.0282369,-0.0258262
R1,↳ F1 · x1 encore opposé hors nis_z_100 Q4,6,SL-B 0.5,SL-B,0.5,figé,0.296258,0.0010395,1.02581,1.71095,2.40086,-0.907843,-4.89911,3.28197,-0.0091838,-0.0770416,0.064136,5,962,962,0,13.3611,-0.275508,-2777.89,0.915671,0.474012,-2.88761,-0.0321939,-0.385144,-0.382576,-4432.04,6,2032.11,4810,2.36699,432,530,-3.15717,-2.6679,-2.91254,-0.244633,0.0468522,-0.0966239,-0.0248858,0.0717381,-8.60454,3.14766,-9.04798,3.41721,-0.140607,0.0865576,-0.138013,0.102719,-0.0967678,-0.173648,-0.173393,0.524935,0.0738046,0.933133,1586.21,1.5918,,,,,,,3,2,-0.907843,-0.0091838,-0.0344084,-0.0378089
R1,↳ F1 · x1 encore opposé hors nis_z_100 Q4,6,SL-B 0.5,SL-B,0.5,figé,0.296258,0.0010395,1.02581,1.71095,2.40086,-0.907843,-4.89911,3.28197,-0.0091838,-0.0770416,0.064136,10,962,962,0,13.3611,-0.55228,-7587.89,0.786635,0.443867,-7.88761,-0.14356,-0.608878,-0.60705,-8947.04,6,2032.11,9620,4.73398,432,530,-8.15717,-7.6679,-7.91254,-0.244633,-0.0605371,-0.211231,-0.135884,0.075347,-13.6045,-1.85234,-14.048,-1.58279,-0.2495,-0.0256664,-0.247859,-0.010024,-0.298352,-0.312522,-0.311811,0.524935,0.0738046,0.775429,1586.21,3.18361,,,,,,,1,1,-0.907843,-0.0091838,-0.0267331,-0.0231778
R1,↳ F1 · x1 encore opposé hors nis_z_100 Q4,6,SL-B 0.5,SL-B,0.5,dynamique,0.296258,0.0010395,1.02581,1.71095,2.40086,,,,,,,5,962,962,0,13.3611,-0.275508,-2777.89,0.915671,0.474012,-2.88761,-0.0321939,-0.385144,-0.382576,-4432.04,6,2032.11,4810,2.36699,432,530,-3.15717,-2.6679,-2.91254,-0.244633,0.0468522,-0.0966239,-0.0248858,0.0717381,-8.60454,3.14766,-9.04798,3.41721,-0.140607,0.0865576,-0.138013,0.102719,-0.0967678,-0.173648,-0.173393,0.524935,0.0738046,0.933133,1586.21,1.5918,0,,,0,,,3,2,-0.907843,-0.0091838,-0.0344084,-0.0378089
R1,↳ F1 · x1 encore opposé hors nis_z_100 Q4,6,SL-B 0.5,SL-B,0.5,dynamique,0.296258,0.0010395,1.02581,1.71095,2.40086,,,,,,,10,962,962,0,13.3611,-0.55228,-7587.89,0.786635,0.443867,-7.88761,-0.14356,-0.608878,-0.60705,-8947.04,6,2032.11,9620,4.73398,432,530,-8.15717,-7.6679,-7.91254,-0.244633,-0.0605371,-0.211231,-0.135884,0.075347,-13.6045,-1.85234,-14.048,-1.58279,-0.2495,-0.0256664,-0.247859,-0.010024,-0.298352,-0.312522,-0.311811,0.524935,0.0738046,0.775429,1586.21,3.18361,0,,,0,,,1,1,-0.907843,-0.0091838,-0.0267331,-0.0231778
R1,↳ F1 · x1 encore opposé hors nis_z_100 Q4,6,SL-B 1,SL-B,1,figé,0.192308,0,1.52581,2.21095,2.90086,0.475505,-2.96915,4.06266,0.0190801,-0.0381404,0.0769424,5,962,962,0,13.3611,-0.175947,-1447.1,0.956019,0.511435,-1.50427,-0.00392993,-0.375114,-0.367486,-4320.07,6,3362.9,4810,1.43031,432,530,-0.844475,-2.04206,-1.44327,0.598791,0.113941,-0.100006,0.0069676,0.106974,-7.34397,4.70408,-7.64266,5.09886,-0.105981,0.116174,-0.0997328,0.131611,-0.0291856,-0.124723,-0.122059,0.524935,0.0738046,0.984823,2313.17,1.09155,,,,,,,4,3,0.475505,0.0190801,0.0331739,0.0111156
R1,↳ F1 · x1 encore opposé hors nis_z_100 Q4,6,SL-B 1,SL-B,1,figé,0.192308,0,1.52581,2.21095,2.90086,0.475505,-2.96915,4.06266,0.0190801,-0.0381404,0.0769424,10,962,962,0,13.3611,-0.490722,-6257.1,0.823001,0.47817,-6.50427,-0.115296,-0.550465,-0.54885,-7522.22,6,3362.9,9620,2.86063,432,530,-5.84448,-7.04206,-6.44327,0.598791,0.00655196,-0.214613,-0.104031,0.110583,-12.344,-0.295916,-12.6427,0.098857,-0.215827,0.00134865,-0.208463,0.0185226,-0.24584,-0.261707,-0.260944,0.524935,0.0738046,0.820604,2313.17,2.1831,,,,,,,1,1,0.475505,0.0190801,0.0257794,0.0276368
R1,↳ F1 · x1 encore opposé hors nis_z_100 Q4,6,SL-B 1,SL-B,1,dynamique,0.192308,0,1.52581,2.21095,2.90086,,,,,,,5,962,962,0,13.3611,-0.175947,-1447.1,0.956019,0.511435,-1.50427,-0.00392993,-0.375114,-0.367486,-4320.07,6,3362.9,4810,1.43031,432,530,-0.844475,-2.04206,-1.44327,0.598791,0.113941,-0.100006,0.0069676,0.106974,-7.34397,4.70408,-7.64266,5.09886,-0.105981,0.116174,-0.0997328,0.131611,-0.0291856,-0.124723,-0.122059,0.524935,0.0738046,0.984823,2313.17,1.09155,0,,,0,,,4,3,0.475505,0.0190801,0.0331739,0.0111156
R1,↳ F1 · x1 encore opposé hors nis_z_100 Q4,6,SL-B 1,SL-B,1,dynamique,0.192308,0,1.52581,2.21095,2.90086,,,,,,,10,962,962,0,13.3611,-0.490722,-6257.1,0.823001,0.47817,-6.50427,-0.115296,-0.550465,-0.54885,-7522.22,6,3362.9,9620,2.86063,432,530,-5.84448,-7.04206,-6.44327,0.598791,0.00655196,-0.214613,-0.104031,0.110583,-12.344,-0.295916,-12.6427,0.098857,-0.215827,0.00134865,-0.208463,0.0185226,-0.24584,-0.261707,-0.260944,0.524935,0.0738046,0.820604,2313.17,2.1831,0,,,0,,,1,1,0.475505,0.0190801,0.0257794,0.0276368
R1,↳ F1 · x1 encore opposé hors nis_z_100 Q4,13,sans,sans,,figé,0,0,,,,0,0,0,0,0,0,5,962,950,0.012474,13.1944,-0.34896,-2896.63,0.944101,0.497895,-3.04909,-0.0231482,-0.564546,-0.558244,-7006.57,13,1853.37,4750,2.5629,424,526,-2.98428,-3.10132,-3.0428,0.0585192,0.0736164,-0.101149,-0.0137661,0.0873825,-14.6078,8.54392,-15.1981,9.04053,-0.220294,0.182992,-0.229595,0.21122,-0.0752967,-0.183165,-0.177192,0.524006,0.0747368,0.976261,1959.03,1.27054,,,,,,,3,2,0,0,0,0
R1,↳ F1 · x1 encore opposé hors nis_z_100 Q4,13,sans,sans,,figé,0,0,,,,0,0,0,0,0,0,10,962,950,0.012474,13.1944,-0.595291,-7646.63,0.859083,0.474737,-8.04909,-0.134409,-0.718304,-0.713361,-11325.5,13,1853.37,9500,5.1258,424,526,-7.98428,-8.10132,-8.0428,0.0585192,-0.0336518,-0.215628,-0.12464,0.090988,-19.6078,3.54392,-20.1981,4.04053,-0.329292,0.0697499,-0.337486,0.0955721,-0.279095,-0.351982,-0.346199,0.524006,0.0747368,0.872024,1959.03,2.54109,,,,,,,2,1,0,0,0,0
R1,↳ F1 · x1 encore opposé hors nis_z_100 Q4,13,sans,sans,,dynamique,0,0,,,,,,,,,,5,962,950,0.012474,13.1944,-0.34896,-2896.63,0.944101,0.497895,-3.04909,-0.0231482,-0.564546,-0.558244,-7006.57,13,1853.37,4750,2.5629,424,526,-2.98428,-3.10132,-3.0428,0.0585192,0.0736164,-0.101149,-0.0137661,0.0873825,-14.6078,8.54392,-15.1981,9.04053,-0.220294,0.182992,-0.229595,0.21122,-0.0752967,-0.183165,-0.177192,0.524006,0.0747368,0.976261,1959.03,1.27054,0,,,0,,,3,2,0,0,0,0
R1,↳ F1 · x1 encore opposé hors nis_z_100 Q4,13,sans,sans,,dynamique,0,0,,,,,,,,,,10,962,950,0.012474,13.1944,-0.595291,-7646.63,0.859083,0.474737,-8.04909,-0.134409,-0.718304,-0.713361,-11325.5,13,1853.37,9500,5.1258,424,526,-7.98428,-8.10132,-8.0428,0.0585192,-0.0336518,-0.215628,-0.12464,0.090988,-19.6078,3.54392,-20.1981,4.04053,-0.329292,0.0697499,-0.337486,0.0955721,-0.279095,-0.351982,-0.346199,0.524006,0.0747368,0.872024,1959.03,2.54109,0,,,0,,,2,1,0,0,0,0
R1,↳ F1 · x1 encore opposé hors nis_z_100 Q4,13,SL-A 1,SL-A,1,figé,0.608421,0,1,1,1,0.355793,-8.41223,9.095,0.0315336,-0.117903,0.180104,5,962,950,0.012474,13.1944,-0.27654,-2558.63,0.933856,0.334737,-2.69329,0.00838536,-0.425518,-0.419125,-4937.1,8,2191.37,4750,2.16759,424,526,0.427409,-5.20884,-2.39071,2.81812,0.109639,-0.0732331,0.0182027,0.0914358,-10.359,5.45071,-10.3675,5.9794,-0.135743,0.175648,-0.132112,0.190729,-0.0294318,-0.221638,-0.220101,0.524006,0.0747368,0.989303,2316.47,1.07449,,,,,,,3,2,0.355793,0.0315336,0.0458649,-0.0384724
R1,↳ F1 · x1 encore opposé hors nis_z_100 Q4,13,SL-A 1,SL-A,1,figé,0.608421,0,1,1,1,0.355793,-8.41223,9.095,0.0315336,-0.117903,0.180104,10,962,950,0.012474,13.1944,-0.550232,-7308.63,0.825491,0.321053,-7.69329,-0.102875,-0.632008,-0.628658,-9346.27,8,2191.37,9500,4.33518,424,526,-4.57259,-10.2088,-7.39071,2.81812,0.0023703,-0.187712,-0.092671,0.0950413,-15.359,0.45071,-15.3675,0.979397,-0.245483,0.0595868,-0.242259,0.0766229,-0.243314,-0.302272,-0.300329,0.524006,0.0747368,0.850483,2316.47,2.14898,,,,,,,1,2,0.355793,0.0315336,0.0357807,0.0497092
R1,↳ F1 · x1 encore opposé hors nis_z_100 Q4,13,SL-A 1,SL-A,1,dynamique,0.606472,0,1,1,1,,,,,,,5,962,958,0.004158,13.3056,-0.248735,-2173.1,0.944134,0.336117,-2.26838,0.0238765,-0.403439,-0.3968,-4949.46,8,2616.9,4790,1.83041,430,528,0.377395,-4.42308,-2.02284,2.40024,0.111239,-0.0472711,0.031984,0.0792551,-9.70339,5.72779,-10.0338,6.21182,-0.120307,0.190085,-0.11707,0.20713,0.00687062,-0.222594,-0.221059,0.524763,0.0741127,1.01233,2713.74,0.926253,8,48.1904,1.86344,0,,,3,2,0.780708,0.0470247,0.0821673,-0.0394286
R1,↳ F1 · x1 encore opposé hors nis_z_100 Q4,13,SL-A 1,SL-A,1,dynamique,0.606472,0,1,1,1,,,,,,,10,962,958,0.004158,13.3056,-0.534803,-6963.1,0.834677,0.321503,-7.26838,-0.0874817,-0.619384,-0.615919,-9000.75,8,2616.9,9580,3.66083,430,528,-4.6226,-9.42308,-7.02284,2.40024,0.00384366,-0.161857,-0.0790065,0.0828501,-14.7034,0.72779,-15.0338,1.21182,-0.231753,0.0758365,-0.227615,0.0956057,-0.216927,-0.297059,-0.295647,0.524763,0.0741127,0.87081,2713.74,1.85251,8,43.1904,1.74052,0,,,2,2,0.780708,0.0469273,0.0621679,0.0549224
R1,↳ F1 · x1 encore opposé hors nis_z_100 Q4,13,SL-A 1.5,SL-A,1.5,figé,0.444211,0,1.5,1.5,1.5,3.23508,-3.7777,10.5933,0.0637926,-0.0755393,0.204945,5,962,950,0.012474,13.1944,-0.066795,176.692,1.00411,0.42,0.185991,0.0406444,-0.404672,-0.400059,-4906.79,13,4926.69,4750,0.964136,424,526,-3.25966,2.96347,-0.148093,-3.11156,0.0603939,0.0247247,0.0425593,0.0178346,-8.93508,9.87257,-9.57166,9.94233,-0.120412,0.216926,-0.122271,0.225607,0.0494607,-0.164984,-0.162213,0.524006,0.0747368,1.03489,3121.53,0.797375,,,,,,,3,3,3.23508,0.0637926,0.124757,0.0181808
R1,↳ F1 · x1 encore opposé hors nis_z_100 Q4,13,SL-A 1.5,SL-A,1.5,figé,0.444211,0,1.5,1.5,1.5,3.23508,-3.7777,10.5933,0.0637926,-0.0755393,0.204945,10,962,950,0.012474,13.1944,-0.419767,-4573.31,0.90007,0.402105,-4.81401,-0.0706164,-0.568632,-0.563377,-7607.81,13,4926.69,9500,1.92827,424,526,-8.25966,-2.03653,-5.14809,-3.11156,-0.0468743,-0.0897545,-0.0683144,0.0214401,-13.9351,4.87257,-14.5717,4.94233,-0.230788,0.106796,-0.23278,0.113416,-0.181798,-0.247901,-0.245114,0.524006,0.0747368,0.905293,3121.53,1.59475,,,,,,,3,2,3.23508,0.0637926,0.0972968,0.104081
R1,↳ F1 · x1 encore opposé hors nis_z_100 Q4,13,SL-A 1.5,SL-A,1.5,dynamique,0.441545,0,1.5,1.5,1.5,,,,,,,5,962,958,0.004158,13.3056,-0.01555,720.217,1.0167,0.421712,0.751792,0.0593542,-0.409727,-0.405153,-4991.69,13,5510.22,4790,0.869294,430,528,-2.89077,3.71828,0.413751,-3.30453,0.0704527,0.0503157,0.0603842,0.0100685,-8.31974,10.2781,-9.00233,10.4409,-0.0970846,0.234063,-0.101004,0.24233,0.0978254,-0.16601,-0.163243,0.524763,0.0741127,1.05982,3602.34,0.697772,8,67.9407,2.28114,0,,,3,3,3.80088,0.0825025,0.173122,0.017155
R1,↳ F1 · x1 encore opposé hors nis_z_100 Q4,13,SL-A 1.5,SL-A,1.5,dynamique,0.441545,0,1.5,1.5,1.5,,,,,,,10,962,958,0.004158,13.3056,-0.390333,-4069.78,0.91144,0.402923,-4.24821,-0.0520039,-0.54675,-0.541228,-7104.28,13,5510.22,9580,1.73859,430,528,-7.89077,-1.28172,-4.58625,-3.30453,-0.0369427,-0.0642698,-0.0506062,0.0136635,-13.3197,5.2781,-14.0023,5.44091,-0.210085,0.122754,-0.212084,0.128977,-0.146177,-0.249198,-0.246417,0.524763,0.0741127,0.927623,3602.34,1.39554,8,62.9407,2.15822,0,,,3,2,3.80088,0.0824051,0.132917,0.102783
R1,↳ F1 · x1 encore opposé hors nis_z_100 Q4,13,SL-A 2,SL-A,2,figé,0.350526,0,2,2,2,2.95037,-2.80066,8.95991,0.0698079,-0.0443093,0.186772,5,962,950,0.012474,13.1944,-0.102511,-93.7778,0.997977,0.457895,-0.0987135,0.0466597,-0.45134,-0.447089,-5735.12,13,4656.22,4750,1.02014,424,526,1.63459,-1.4959,0.0693445,1.56525,0.156867,-0.0421767,0.0573452,0.0995219,-9.80038,9.79581,-9.95748,10.4759,-0.116224,0.22438,-0.110486,0.246926,0.0656511,-0.151375,-0.145379,0.524006,0.0747368,1.04122,3297.76,0.754763,,,,,,,3,2,2.95037,0.0698079,0.140948,0.0317906
R1,↳ F1 · x1 encore opposé hors nis_z_100 Q4,13,SL-A 2,SL-A,2,figé,0.350526,0,2,2,2,2.95037,-2.80066,8.95991,0.0698079,-0.0443093,0.186772,10,962,950,0.012474,13.1944,-0.441989,-4843.78,0.901111,0.437895,-5.09871,-0.0646011,-0.58684,-0.583227,-7943.67,13,4656.22,9500,2.04028,424,526,-3.36541,-6.4959,-4.93066,1.56525,0.0495989,-0.156656,-0.0535285,0.103127,-14.8004,4.79581,-14.9575,5.4759,-0.226267,0.111153,-0.220464,0.13538,-0.169166,-0.234655,-0.231791,0.524006,0.0747368,0.919974,3297.76,1.50953,,,,,,,2,2,2.95037,0.0698079,0.109929,0.117326
R1,↳ F1 · x1 encore opposé hors nis_z_100 Q4,13,SL-A 2,SL-A,2,dynamique,0.348691,0,2,2,2,,,,,,,5,962,955,0.00727651,13.2639,-0.0643637,329.288,1.00709,0.458639,0.344804,0.0618585,-0.45134,-0.447089,-5735.12,13,5104.29,4775,0.935488,427,528,1.66667,-0.724204,0.471232,1.19544,0.158544,-0.0163323,0.0711059,0.0874383,-9.13281,10.0967,-9.37119,10.6005,-0.101276,0.244165,-0.101622,0.25884,0.105143,-0.152417,-0.146429,0.524649,0.0743455,1.05991,3682.64,0.680274,5,84.6131,2.94964,0,,,3,2,3.39389,0.0850067,0.18044,0.0307481
R1,↳ F1 · x1 encore opposé hors nis_z_100 Q4,13,SL-A 2,SL-A,2,dynamique,0.348691,0,2,2,2,,,,,,,10,962,955,0.00727651,13.2639,-0.419712,-4445.71,0.909436,0.438743,-4.6552,-0.049497,-0.570346,-0.566588,-7545.61,13,5104.29,9550,1.87098,427,528,-3.33333,-5.7242,-4.52877,1.19544,0.0511825,-0.130918,-0.0398677,0.0910501,-14.1328,5.09674,-14.3712,5.60046,-0.210639,0.128234,-0.208889,0.147158,-0.139755,-0.235976,-0.233116,0.524649,0.0743455,0.936886,3682.64,1.36055,5,79.6131,2.82028,0,,,3,2,3.39389,0.084912,0.139339,0.116006
R1,↳ F1 · x1 encore opposé hors nis_z_100 Q4,13,SL-A 2.5,SL-A,2.5,figé,0.263158,0,2.5,2.5,2.5,2.5004,-2.29849,7.50083,0.0713485,-0.0277634,0.176905,5,962,950,0.012474,13.1944,-0.148131,-521.255,0.989147,0.478947,-0.548689,0.0482003,-0.486113,-0.480031,-6268.4,13,4228.75,4750,1.12326,424,526,1.20451,-1.96192,-0.378702,1.58321,0.151034,-0.034692,0.0581709,0.0928629,-10.9482,10.1412,-11.1519,10.8174,-0.122091,0.235221,-0.114648,0.253793,0.073692,-0.163127,-0.159401,0.524006,0.0747368,1.04442,3384.57,0.735405,,,,,,,3,2,2.5004,0.0713485,0.148989,0.0200379
R1,↳ F1 · x1 encore opposé hors nis_z_100 Q4,13,SL-A 2.5,SL-A,2.5,figé,0.263158,0,2.5,2.5,2.5,2.5004,-2.29849,7.50083,0.0713485,-0.0277634,0.176905,10,962,950,0.012474,13.1944,-0.470369,-5271.25,0.89575,0.455789,-5.54869,-0.0630605,-0.621967,-0.617365,-8732.86,13,4228.75,9500,2.24653,424,526,-3.79549,-6.96192,-5.3787,1.58321,0.0437656,-0.149171,-0.0527029,0.0964684,-15.9482,5.14123,-16.1519,5.81743,-0.236899,0.125852,-0.224791,0.14118,-0.162894,-0.238869,-0.231854,0.524006,0.0747368,0.925847,3384.57,1.47081,,,,,,,2,2,2.5004,0.0713485,0.116201,0.113113
R1,↳ F1 · x1 encore opposé hors nis_z_100 Q4,13,SL-A 2.5,SL-A,2.5,dynamique,0.262881,0,2.5,2.5,2.5,,,,,,,5,962,951,0.0114345,13.2083,-0.155363,-606.157,0.987402,0.478444,-0.637389,0.0472163,-0.490476,-0.484446,-6339,13,4148.84,4755,1.1461,425,526,1.00191,-1.96192,-0.480004,1.48191,0.14859,-0.034692,0.0569489,0.0916409,-11.0288,10.0656,-11.241,10.6213,-0.122919,0.232882,-0.114845,0.251938,0.0713094,-0.164985,-0.161266,0.52373,0.0746583,1.04327,3363.69,0.740359,1,-84.9023,-0.887646,0,,,3,2,2.4117,0.0703645,0.146606,0.0181807
R1,↳ F1 · x1 encore opposé hors nis_z_100 Q4,13,SL-A 2.5,SL-A,2.5,dynamique,0.262881,0,2.5,2.5,2.5,,,,,,,10,962,951,0.0114345,13.2083,-0.47513,-5361.16,0.89416,0.45531,-5.63739,-0.0639826,-0.625365,-0.620805,-8822.76,13,4148.84,9510,2.29221,425,526,-3.99809,-6.96192,-5.48,1.48191,0.041451,-0.149171,-0.0538601,0.0953111,-16.0288,5.06563,-16.241,5.62129,-0.237155,0.124713,-0.224897,0.139676,-0.164861,-0.240657,-0.233659,0.52373,0.0746583,0.924836,3363.69,1.48072,1,-89.9023,-0.939921,0,,,2,2,2.4117,0.0704265,0.114234,0.111325
R1,↳ F1 · x1 encore opposé hors nis_z_100 Q4,13,SL-A 3,SL-A,3,figé,0.202105,0,3,3,3,1.41462,-3.16912,5.94604,0.0553765,-0.0342741,0.152886,5,962,950,0.012474,13.1944,-0.236382,-1552.74,0.968514,0.484211,-1.63446,0.0322283,-0.488957,-0.482188,-6290,13,3197.26,4750,1.48565,424,526,-0.651606,-2.42672,-1.53916,0.887559,0.136933,-0.0521728,0.0423803,0.0945531,-12.3432,9.384,-12.6053,9.98767,-0.133303,0.225262,-0.12948,0.247832,0.038077,-0.16299,-0.158351,0.524006,0.0747368,1.02744,3056.42,0.814362,,,,,,,2,2,1.41462,0.0553765,0.113374,0.0201758
R1,↳ F1 · x1 encore opposé hors nis_z_100 Q4,13,SL-A 3,SL-A,3,figé,0.202105,0,3,3,3,1.41462,-3.16912,5.94604,0.0553765,-0.0342741,0.152886,10,962,950,0.012474,13.1944,-0.525265,-6302.74,0.878384,0.461053,-6.63446,-0.0790326,-0.66441,-0.658999,-9831.39,13,3197.26,9500,2.97129,424,526,-5.65161,-7.42672,-6.53916,0.887559,0.0296652,-0.166652,-0.0684934,0.0981586,-17.3432,4.384,-17.6053,4.98767,-0.246074,0.114721,-0.240026,0.134875,-0.190664,-0.268782,-0.262043,0.524006,0.0747368,0.912589,3056.42,1.62872,,,,,,,2,2,1.41462,0.0553765,0.0884303,0.0831995
R1,↳ F1 · x1 encore opposé hors nis_z_100 Q4,13,SL-A 3,SL-A,3,dynamique,0.201893,0,3,3,3,,,,,,,5,962,951,0.0114345,13.2083,-0.242865,-1637.64,0.96685,0.483701,-1.72202,0.031261,-0.493296,-0.486584,-6374.91,13,3117.36,4755,1.52533,425,526,-0.849843,-2.42672,-1.63828,0.78844,0.134523,-0.0521728,0.0411749,0.0933477,-12.5201,9.31824,-12.7478,9.84558,-0.133303,0.223644,-0.1297,0.244591,0.0357734,-0.164847,-0.160219,0.52373,0.0746583,1.02634,3035.53,0.820395,1,-84.9023,-0.887646,0,,,2,2,1.32707,0.0544092,0.11107,0.0183183
R1,↳ F1 · x1 encore opposé hors nis_z_100 Q4,13,SL-A 3,SL-A,3,dynamique,0.201893,0,3,3,3,,,,,,,10,962,951,0.0114345,13.2083,-0.529533,-6392.64,0.876863,0.460568,-6.72202,-0.0799378,-0.667427,-0.662065,-9921.29,13,3117.36,9510,3.05066,425,526,-5.84984,-7.42672,-6.63828,0.78844,0.0273838,-0.166652,-0.0696341,0.0970179,-17.5201,4.31824,-17.7478,4.84558,-0.247377,0.113369,-0.240651,0.131368,-0.192566,-0.2705,-0.263777,0.52373,0.0746583,0.911615,3035.53,1.64079,1,-89.9023,-0.939921,0,,,2,2,1.32707,0.0544712,0.0865286,0.0814813
R1,↳ F1 · x1 encore opposé hors nis_z_100 Q4,13,SL-A 4,SL-A,4,figé,0.121053,0,4,4,4,1.87847,-1.52105,5.34344,0.0696429,0.000619542,0.15037,5,962,950,0.012474,13.1944,-0.210757,-1112.09,0.977632,0.495789,-1.17062,0.0464947,-0.487202,-0.478833,-5796.57,13,3637.91,4750,1.30569,424,526,0.298982,-2.35524,-1.02813,1.32711,0.193247,-0.0717996,0.0607235,0.132523,-11.9617,10.1355,-12.5138,11.0095,-0.128481,0.23699,-0.117299,0.261512,0.0788585,-0.155674,-0.150916,0.524006,0.0747368,1.04666,3454.51,0.720517,,,,,,,2,2,1.87847,0.0696429,0.154155,0.0274912
R1,↳ F1 · x1 encore opposé hors nis_z_100 Q4,13,SL-A 4,SL-A,4,figé,0.121053,0,4,4,4,1.87847,-1.52105,5.34344,0.0696429,0.000619542,0.15037,10,962,950,0.012474,13.1944,-0.509328,-5862.09,0.88764,0.472632,-6.17062,-0.0647661,-0.666977,-0.661134,-9783.02,13,3637.91,9500,2.61139,424,526,-4.70102,-7.35524,-6.02813,1.32711,0.0859785,-0.186279,-0.0501502,0.136129,-16.9617,5.13552,-17.5138,6.00952,-0.240645,0.123246,-0.230089,0.149912,-0.158861,-0.255319,-0.248674,0.524006,0.0747368,0.930636,3454.51,1.44103,,,,,,,2,2,1.87847,0.0696429,0.120234,0.0966625
R1,↳ F1 · x1 encore opposé hors nis_z_100 Q4,13,SL-A 4,SL-A,4,dynamique,0.120925,0,4,4,4,,,,,,,5,962,951,0.0114345,13.2083,-0.217457,-1196.99,0.975965,0.495268,-1.25866,0.0455124,-0.491555,-0.483258,-5881.48,13,3558.01,4755,1.33642,425,526,0.0985087,-2.35524,-1.12837,1.22687,0.190703,-0.0717996,0.0594519,0.131252,-12.0671,10.1355,-12.6254,10.7676,-0.128742,0.235797,-0.118688,0.261192,0.0764644,-0.155674,-0.150916,0.52373,0.0746583,1.04554,3433.62,0.72528,1,-84.9023,-0.887646,0,,,2,2,1.79042,0.0686607,0.151761,0.0274912
R1,↳ F1 · x1 encore opposé hors nis_z_100 Q4,13,SL-A 4,SL-A,4,dynamique,0.120925,0,4,4,4,,,,,,,10,962,951,0.0114345,13.2083,-0.51374,-5951.99,0.886113,0.472135,-6.25866,-0.0656864,-0.669971,-0.66418,-9872.92,13,3558.01,9510,2.67284,425,526,-4.90149,-7.35524,-6.12837,1.22687,0.0835646,-0.186279,-0.0513571,0.134922,-17.0671,5.13552,-17.6254,5.76763,-0.241383,0.122135,-0.230337,0.147891,-0.160837,-0.257069,-0.25044,0.52373,0.0746583,0.929641,3433.62,1.45056,1,-89.9023,-0.939921,0,,,2,2,1.79042,0.0687227,0.118257,0.0949126
R1,↳ F1 · x1 encore opposé hors nis_z_100 Q4,13,SL-A 5,SL-A,5,figé,0.0736842,0,5,5,5,1.15551,-1.49848,3.97327,0.0569304,0.00173323,0.124191,5,962,950,0.012474,13.1944,-0.2697,-1798.89,0.964524,0.496842,-1.89357,0.0337822,-0.521316,-0.506925,-6363.3,13,2951.11,4750,1.60957,424,526,0.368732,-3.71718,-1.67422,2.04295,0.192615,-0.0942501,0.0491823,0.143432,-13.4162,9.57616,-13.8667,10.5036,-0.1471,0.231806,-0.136425,0.260604,0.0465058,-0.169221,-0.16454,0.524006,0.0747368,1.03184,3161.2,0.787369,,,,,,,2,3,1.15551,0.0569304,0.121803,0.0139445
R1,↳ F1 · x1 encore opposé hors nis_z_100 Q4,13,SL-A 5,SL-A,5,figé,0.0736842,0,5,5,5,1.15551,-1.49848,3.97327,0.0569304,0.00173323,0.124191,10,962,950,0.012474,13.1944,-0.545993,-6548.89,0.876801,0.473684,-6.89357,-0.0774786,-0.683164,-0.677605,-10198.6,13,2951.11,9500,3.21913,424,526,-4.63127,-8.71718,-6.67422,2.04295,0.0853466,-0.208729,-0.0616914,0.147038,-18.4162,4.57616,-18.8667,5.50363,-0.25484,0.118989,-0.245752,0.146408,-0.184095,-0.272156,-0.265662,0.524006,0.0747368,0.918816,3161.2,1.57474,,,,,,,2,1,1.15551,0.0569304,0.095,0.0798254
R1,↳ F1 · x1 encore opposé hors nis_z_100 Q4,13,SL-A 5,SL-A,5,dynamique,0.0736842,0,5,5,5,,,,,,,5,962,950,0.012474,13.1944,-0.2697,-1798.89,0.964524,0.496842,-1.89357,0.0337822,-0.521316,-0.506925,-6363.3,13,2951.11,4750,1.60957,424,526,0.368732,-3.71718,-1.67422,2.04295,0.192615,-0.0942501,0.0491823,0.143432,-13.4162,9.57616,-13.8667,10.5036,-0.1471,0.231806,-0.136425,0.260604,0.0465058,-0.169221,-0.16454,0.524006,0.0747368,1.03184,3161.2,0.787369,0,,,0,,,2,3,1.15551,0.0569304,0.121803,0.0139445
R1,↳ F1 · x1 encore opposé hors nis_z_100 Q4,13,SL-A 5,SL-A,5,dynamique,0.0736842,0,5,5,5,,,,,,,10,962,950,0.012474,13.1944,-0.545993,-6548.89,0.876801,0.473684,-6.89357,-0.0774786,-0.683164,-0.677605,-10198.6,13,2951.11,9500,3.21913,424,526,-4.63127,-8.71718,-6.67422,2.04295,0.0853466,-0.208729,-0.0616914,0.147038,-18.4162,4.57616,-18.8667,5.50363,-0.25484,0.118989,-0.245752,0.146408,-0.184095,-0.272156,-0.265662,0.524006,0.0747368,0.918816,3161.2,1.57474,0,,,0,,,2,1,1.15551,0.0569304,0.095,0.0798254
R1,↳ F1 · x1 encore opposé hors nis_z_100 Q4,13,SL-B 0,SL-B,0,figé,0.546316,0,0.525281,1.2099,1.90112,0.507634,-8.74388,9.59485,0.0193756,-0.131063,0.166775,5,962,950,0.012474,13.1944,-0.266316,-2414.38,0.936171,0.34,-2.54145,-0.00377261,-0.441992,-0.44082,-5718.97,10.5,2335.62,4750,2.03372,424,526,-0.610815,-4.09771,-2.35426,1.74345,0.0666594,-0.0605467,0.00305634,0.063603,-10.2095,5.89895,-10.4335,6.21822,-0.155737,0.17795,-0.155683,0.19615,-0.0485283,-0.259366,-0.258163,0.524006,0.0747368,0.9765,2116.48,1.17602,,,,,,,3,2,0.507634,0.0193756,0.0267684,-0.0762005
R1,↳ F1 · x1 encore opposé hors nis_z_100 Q4,13,SL-B 0,SL-B,0,figé,0.546316,0,0.525281,1.2099,1.90112,0.507634,-8.74388,9.59485,0.0193756,-0.131063,0.166775,10,962,950,0.012474,13.1944,-0.543873,-7164.38,0.82528,0.323158,-7.54145,-0.115033,-0.616992,-0.613643,-8939.94,10.5,2335.62,9500,4.06744,424,526,-5.61081,-9.09771,-7.35426,1.74345,-0.0406088,-0.175026,-0.107817,0.0672085,-15.2095,0.89895,-15.4335,1.21822,-0.265543,0.0628136,-0.264792,0.08381,-0.258213,-0.333074,-0.331733,0.524006,0.0747368,0.836665,2116.48,2.35205,,,,,,,2,2,0.507634,0.0193756,0.0208813,0.0189078
R1,↳ F1 · x1 encore opposé hors nis_z_100 Q4,13,SL-B 0,SL-B,0,dynamique,0.543841,0,0.524598,1.21095,1.90107,,,,,,,5,962,958,0.004158,13.3056,-0.222205,-1821.88,0.951993,0.34238,-1.90175,0.0158234,-0.442682,-0.441511,-5731.33,11,2968.12,4790,1.61382,430,528,-0.165004,-3.31615,-1.74058,1.57557,0.0777789,-0.0346327,0.0215731,0.0562058,-9.53555,6.28579,-9.68817,6.60582,-0.135164,0.19381,-0.137113,0.209496,-0.00344865,-0.260276,-0.259074,0.524763,0.0741127,1.00603,2609.63,0.963206,8,74.0623,2.34285,0,,,3,2,1.14733,0.0389716,0.0718481,-0.0771103
R1,↳ F1 · x1 encore opposé hors nis_z_100 Q4,13,SL-B 0,SL-B,0,dynamique,0.543841,0,0.524598,1.21095,1.90107,,,,,,,10,962,958,0.004158,13.3056,-0.518367,-6611.88,0.839307,0.324635,-6.90175,-0.0955348,-0.595575,-0.592038,-8387.44,11,2968.12,9580,3.22763,430,528,-5.165,-8.31615,-6.74058,1.57557,-0.0296165,-0.149218,-0.0894173,0.0598008,-14.5356,1.28579,-14.6882,1.60582,-0.24514,0.0815782,-0.24497,0.0980456,-0.224962,-0.334224,-0.332886,0.524763,0.0741127,0.862571,2609.63,1.92641,8,69.0623,2.21993,0,,,2,2,1.14733,0.0388743,0.0541325,0.0177572
R1,↳ F1 · x1 encore opposé hors nis_z_100 Q4,13,SL-B 0.25,SL-B,0.25,figé,0.508421,0,0.775281,1.4599,2.15112,-2.69387,-11.2052,5.8089,-0.0351391,-0.187732,0.110392,5,962,950,0.012474,13.1944,-0.463112,-5455.81,0.872937,0.364211,-5.74296,-0.0582873,-0.573583,-0.568998,-7782,13,-705.808,4750,6.72987,424,526,-3.16723,-7.81921,-5.49322,2.32599,0.00938485,-0.112837,-0.051726,0.0611108,-14.0775,2.83462,-14.2754,3.45868,-0.217748,0.11891,-0.214095,0.136525,-0.16532,-0.289891,-0.285619,0.524006,0.0747368,0.907054,817.246,3.04563,,,,,,,2,2,-2.69387,-0.0351391,-0.0900233,-0.106726
R1,↳ F1 · x1 encore opposé hors nis_z_100 Q4,13,SL-B 0.25,SL-B,0.25,figé,0.508421,0,0.775281,1.4599,2.15112,-2.69387,-11.2052,5.8089,-0.0351391,-0.187732,0.110392,10,962,950,0.012474,13.1944,-0.666273,-10205.8,0.778148,0.346316,-10.743,-0.169548,-0.727982,-0.724924,-12267,13,-705.808,9500,13.4597,424,526,-8.16723,-12.8192,-10.4932,2.32599,-0.0978834,-0.227316,-0.1626,0.0647163,-19.0775,-2.16538,-19.2754,-1.54132,-0.325176,0.00442105,-0.324519,0.026018,-0.349289,-0.392113,-0.389621,0.524006,0.0747368,0.787703,817.246,6.09126,,,,,,,2,2,-2.69387,-0.0351391,-0.0701946,-0.0401314
R1,↳ F1 · x1 encore opposé hors nis_z_100 Q4,13,SL-B 0.25,SL-B,0.25,dynamique,0.506792,0,0.774256,1.4604,2.15107,,,,,,,5,962,957,0.00519751,13.2917,-0.451346,-5235.7,0.878517,0.365726,-5.47095,-0.0514838,-0.564238,-0.559553,-7561.89,13,-450.702,4785,10.6168,430,527,-2.76905,-7.67554,-5.2223,2.45324,0.0201404,-0.109925,-0.0448922,0.0650326,-13.8323,3.00954,-13.9357,3.57381,-0.206947,0.124114,-0.205432,0.142741,-0.152588,-0.290763,-0.286496,0.524369,0.0741902,0.915886,989.896,2.53472,7,31.4438,0.871851,0,,,2,2,-2.42187,-0.0283356,-0.077291,-0.107598
R1,↳ F1 · x1 encore opposé hors nis_z_100 Q4,13,SL-B 0.25,SL-B,0.25,dynamique,0.506792,0,0.774256,1.4604,2.15107,,,,,,,10,962,957,0.00519751,13.2917,-0.660148,-10020.7,0.783006,0.346917,-10.471,-0.16277,-0.722989,-0.719875,-12081.9,13,-450.702,9570,21.2336,430,527,-7.76905,-12.6755,-10.2223,2.45324,-0.087255,-0.224385,-0.15582,0.0685652,-18.8323,-1.99046,-18.9357,-1.42619,-0.316487,0.0128221,-0.314507,0.0303016,-0.340685,-0.384075,-0.381551,0.524369,0.0741902,0.795344,989.896,5.06944,7,26.4438,0.757135,0,,,2,2,-2.42187,-0.0283609,-0.0615906,-0.0320936
R1,↳ F1 · x1 encore opposé hors nis_z_100 Q4,13,SL-B 0.5,SL-B,0.5,figé,0.443158,0.00105263,1.02528,1.7099,2.40112,0.505697,-5.95627,7.25418,0.00173262,-0.129861,0.136994,5,962,950,0.012474,13.1944,-0.282638,-2416.22,0.945982,0.4,-2.54339,-0.0214156,-0.521491,-0.5146,-6533.37,13,2333.78,4750,2.03532,424,526,-2.73444,-2.38938,-2.56191,-0.172529,0.0166519,-0.0521012,-0.0177246,0.0343765,-12.5974,7.67243,-12.9416,8.00898,-0.189923,0.159347,-0.189602,0.168812,-0.0898404,-0.245811,-0.241273,0.524006,0.0747368,0.958484,1700.48,1.46372,,,,,,,3,2,0.505697,0.00173262,-0.0145437,-0.0626453
R1,↳ F1 · x1 encore opposé hors nis_z_100 Q4,13,SL-B 0.5,SL-B,0.5,figé,0.443158,0.00105263,1.02528,1.7099,2.40112,0.505697,-5.95627,7.25418,0.00173262,-0.129861,0.136994,10,962,950,0.012474,13.1944,-0.55403,-7166.22,0.849528,0.382105,-7.54339,-0.132676,-0.689813,-0.684012,-10813.8,13,2333.78,9500,4.07065,424,526,-7.73444,-7.38938,-7.56191,-0.172529,-0.0906163,-0.16658,-0.128598,0.0379821,-17.5974,2.67243,-17.9416,3.00898,-0.29733,0.0465713,-0.30132,0.0600533,-0.290433,-0.349027,-0.344351,0.524006,0.0747368,0.84027,1700.48,2.92744,,,,,,,2,2,0.505697,0.00173262,-0.0113386,0.00295415
R1,↳ F1 · x1 encore opposé hors nis_z_100 Q4,13,SL-B 0.5,SL-B,0.5,dynamique,0.442006,0.00104493,1.02426,1.7104,2.40107,,,,,,,5,962,957,0.00519751,13.2917,-0.269559,-2231.93,0.95032,0.401254,-2.33222,-0.0154044,-0.512767,-0.50575,-6349.09,13,2553.07,4785,1.87422,430,527,-2.42561,-2.25602,-2.34081,-0.0847985,0.0261429,-0.0493045,-0.0115808,0.0377237,-12.1592,7.72325,-12.5637,8.1005,-0.180419,0.16386,-0.181209,0.17526,-0.0771154,-0.246737,-0.242205,0.524369,0.0741902,0.966015,1860.63,1.34852,7,26.3263,0.800399,0,,,3,2,0.716865,0.0077438,-0.00181868,-0.0635718
R1,↳ F1 · x1 encore opposé hors nis_z_100 Q4,13,SL-B 0.5,SL-B,0.5,dynamique,0.442006,0.00104493,1.02426,1.7104,2.40107,,,,,,,10,962,957,0.00519751,13.2917,-0.547483,-7016.93,0.853318,0.382445,-7.33222,-0.126691,-0.685258,-0.679372,-10664.5,13,2553.07,9570,3.74843,430,527,-7.42561,-7.25602,-7.34081,-0.0847985,-0.0812525,-0.163765,-0.122509,0.0412563,-17.1592,2.72325,-17.5637,3.1005,-0.289529,0.0517266,-0.291783,0.0652525,-0.281953,-0.341247,-0.336515,0.524369,0.0741902,0.846841,1860.63,2.69705,7,21.3263,0.685683,0,,,3,2,0.716865,0.00771853,-0.00285805,0.0107344
R1,↳ F1 · x1 encore opposé hors nis_z_100 Q4,13,SL-B 1,SL-B,1,figé,0.331579,0,1.52528,2.2099,2.90112,2.88798,-2.87567,8.88844,0.0744398,-0.0326635,0.189741,5,962,950,0.012474,13.1944,-0.110831,-153.053,0.996711,0.455789,-0.161108,0.0512916,-0.493225,-0.488514,-6447.74,13,4596.95,4750,1.03329,424,526,2.28409,-2.13214,0.0759738,2.20812,0.181787,-0.0538986,0.0639442,0.117843,-10.0311,9.88569,-10.4138,10.8168,-0.11607,0.237403,-0.111672,0.258085,0.0750704,-0.169242,-0.167161,0.524006,0.0747368,1.04587,3388.82,0.734484,,,,,,,3,2,2.88798,0.0744398,0.150367,0.0139232
R1,↳ F1 · x1 encore opposé hors nis_z_100 Q4,13,SL-B 1,SL-B,1,figé,0.331579,0,1.52528,2.2099,2.90112,2.88798,-2.87567,8.88844,0.0744398,-0.0326635,0.189741,10,962,950,0.012474,13.1944,-0.447165,-4903.05,0.900289,0.435789,-5.16111,-0.0599692,-0.599126,-0.592662,-8169.31,13,4596.95,9500,2.06659,424,526,-2.71591,-7.13214,-4.92403,2.20812,0.0745188,-0.168378,-0.0469295,0.121448,-15.0311,4.88569,-15.4138,5.8168,-0.227381,0.124854,-0.222938,0.14677,-0.161822,-0.228069,-0.221614,0.524006,0.0747368,0.924315,3388.82,1.46897,,,,,,,1,2,2.88798,0.0744398,0.117273,0.123913
R1,↳ F1 · x1 encore opposé hors nis_z_100 Q4,13,SL-B 1,SL-B,1,dynamique,0.33089,0,1.52357,2.2104,2.90108,,,,,,,5,962,955,0.00727651,13.2639,-0.106957,-107.834,0.99769,0.456545,-0.112915,0.0533404,-0.499806,-0.495156,-6577.6,13,4667.17,4775,1.0231,428,527,2.20976,-1.99926,0.105249,2.10451,0.181937,-0.0510985,0.0654191,0.116518,-10.1274,9.82586,-10.249,10.6404,-0.114674,0.240632,-0.110391,0.258549,0.0809987,-0.172062,-0.169988,0.524235,0.0743455,1.04858,3458.33,0.723824,5,9.0438,0.442603,0,,,3,2,2.93617,0.0764886,0.156295,0.0111035
R1,↳ F1 · x1 encore opposé hors nis_z_100 Q4,13,SL-B 1,SL-B,1,dynamique,0.33089,0,1.52357,2.2104,2.90108,,,,,,,10,962,955,0.00727651,13.2639,-0.446142,-4882.83,0.901009,0.435602,-5.11291,-0.0579325,-0.598385,-0.591908,-8149.09,13,4667.17,9550,2.04621,428,527,-2.79024,-6.99926,-4.89475,2.10451,0.0745892,-0.165559,-0.045485,0.120074,-15.1274,4.82586,-15.249,5.64041,-0.223733,0.126303,-0.220575,0.149297,-0.158394,-0.229401,-0.222957,0.524235,0.0743455,0.92646,3458.33,1.44765,5,4.0438,0.329053,0,,,2,2,2.93617,0.0764766,0.120701,0.122581
R1,↳ F1 · x1 encore opposé hors nis_z_100 Q4,26,sans,sans,,figé,0,0,,,,0,0,0,0,0,0,5,962,840,0.126819,11.6667,-0.469747,-4045.3,0.940064,0.542857,-4.81584,-0.0436495,-0.635418,-0.609273,-8140.99,26,154.696,4200,27.15,365,475,-0.9236,-7.80672,-4.36516,3.44156,0.192255,-0.224924,-0.0163342,0.20859,-23.7817,10.7843,-23.1888,11.3664,-0.333329,0.228104,-0.303187,0.251609,-0.158788,-0.324959,-0.318498,0.525098,0.0761905,0.955961,896.088,2.46116,,,,,,,2,2,0,0,0,0
R1,↳ F1 · x1 encore opposé hors nis_z_100 Q4,26,sans,sans,,figé,0,0,,,,0,0,0,0,0,0,10,962,840,0.126819,11.6667,-0.651786,-8245.3,0.881263,0.528571,-9.81584,-0.155477,-0.755284,-0.734917,-11083.5,26,154.696,8400,54.3,365,475,-5.9236,-12.8067,-9.36516,3.44156,0.0851848,-0.340407,-0.127611,0.212796,-28.7817,5.78427,-28.1888,6.36635,-0.445653,0.117714,-0.414176,0.140368,-0.325338,-0.424143,-0.415001,0.525098,0.0761905,0.885652,896.088,4.92231,,,,,,,2,1,0,0,0,0
R1,↳ F1 · x1 encore opposé hors nis_z_100 Q4,26,sans,sans,,dynamique,0,0,,,,,,,,,,5,962,840,0.126819,11.6667,-0.469747,-4045.3,0.940064,0.542857,-4.81584,-0.0436495,-0.635418,-0.609273,-8140.99,26,154.696,4200,27.15,365,475,-0.9236,-7.80672,-4.36516,3.44156,0.192255,-0.224924,-0.0163342,0.20859,-23.7817,10.7843,-23.1888,11.3664,-0.333329,0.228104,-0.303187,0.251609,-0.158788,-0.324959,-0.318498,0.525098,0.0761905,0.955961,896.088,2.46116,0,,,0,,,2,2,0,0,0,0
R1,↳ F1 · x1 encore opposé hors nis_z_100 Q4,26,sans,sans,,dynamique,0,0,,,,,,,,,,10,962,840,0.126819,11.6667,-0.651786,-8245.3,0.881263,0.528571,-9.81584,-0.155477,-0.755284,-0.734917,-11083.5,26,154.696,8400,54.3,365,475,-5.9236,-12.8067,-9.36516,3.44156,0.0851848,-0.340407,-0.127611,0.212796,-28.7817,5.78427,-28.1888,6.36635,-0.445653,0.117714,-0.414176,0.140368,-0.325338,-0.424143,-0.415001,0.525098,0.0761905,0.885652,896.088,4.92231,0,,,0,,,2,1,0,0,0,0
R1,↳ F1 · x1 encore opposé hors nis_z_100 Q4,26,SL-A 1,SL-A,1,figé,0.719048,0,1,1,1,3.91466,-9.82805,19.3511,0.0441602,-0.191172,0.277853,5,962,840,0.126819,11.6667,-0.148428,-756.985,0.980679,0.266667,-0.901173,0.000510674,-0.509148,-0.500804,-6655.22,8,3443.01,4200,1.21986,365,475,-0.0614549,-1.54643,-0.803943,0.742488,0.053491,-0.0402005,0.00664524,0.0468458,-10.6195,9.39956,-10.4457,9.28406,-0.171906,0.180159,-0.164655,0.186665,-0.0417632,-0.271527,-0.267566,0.525098,0.0761905,0.983239,1928.6,1.14353,,,,,,,1,3,3.91466,0.0441602,0.117025,0.0534313
R1,↳ F1 · x1 encore opposé hors nis_z_100 Q4,26,SL-A 1,SL-A,1,figé,0.719048,0,1,1,1,3.91466,-9.82805,19.3511,0.0441602,-0.191172,0.277853,10,962,840,0.126819,11.6667,-0.440604,-4956.99,0.882731,0.261905,-5.90117,-0.111317,-0.624225,-0.617943,-9325.22,8,3443.01,8400,2.43972,365,475,-5.06145,-6.54643,-5.80394,0.742488,-0.0535795,-0.155684,-0.104632,0.0510522,-15.6195,4.39956,-15.4457,4.28406,-0.287646,0.0705238,-0.273658,0.0765928,-0.231457,-0.377151,-0.372416,0.525098,0.0761905,0.863275,1928.6,2.28706,,,,,,,1,1,3.91466,0.0441602,0.0938804,0.0469926
R1,↳ F1 · x1 encore opposé hors nis_z_100 Q4,26,SL-A 1,SL-A,1,dynamique,0.716518,0,1,1,1,,,,,,,5,962,896,0.0686071,12.4444,-0.0511742,413.31,1.00992,0.267857,0.461284,0.0438168,-0.441981,-0.434673,-5340.27,8.5,4893.31,4480,0.915536,387,509,1.71238,-0.489945,0.611219,1.10116,0.109448,-0.00608328,0.0516822,0.0577655,-9.52308,10.3383,-9.25394,10.8176,-0.136815,0.219805,-0.129993,0.236485,0.0528801,-0.238425,-0.227753,0.524607,0.0736607,1.0398,3049.64,0.77066,60,15.3287,0.574336,4,-62.643,-1.0927,3,4,5.27712,0.0874664,0.211668,0.0865334
R1,↳ F1 · x1 encore opposé hors nis_z_100 Q4,26,SL-A 1,SL-A,1,dynamique,0.716518,0,1,1,1,,,,,,,10,962,896,0.0686071,12.4444,-0.393902,-4066.69,0.909565,0.263393,-4.53872,-0.0676321,-0.581869,-0.574878,-8182.64,8.5,4893.31,8960,1.83107,387,509,-3.28762,-5.48995,-4.38878,1.10116,0.00232226,-0.120819,-0.0592486,0.0615709,-14.5231,5.33831,-14.2539,5.81761,-0.2516,0.109194,-0.242931,0.125674,-0.167664,-0.319124,-0.315909,0.524607,0.0736607,0.914518,3049.64,1.54132,60,10.3287,0.469434,4,-67.643,-1.1855,2,2,5.27712,0.0878452,0.157674,0.105019
R1,↳ F1 · x1 encore opposé hors nis_z_100 Q4,26,SL-A 1.5,SL-A,1.5,figé,0.603571,0,1.5,1.5,1.5,5.47525,-5.66284,17.7609,0.0797702,-0.123402,0.273766,5,962,840,0.126819,11.6667,-0.0546021,553.904,1.01154,0.352381,0.65941,0.0361207,-0.424712,-0.406193,-5097.86,17,4753.9,4200,0.883484,365,475,-3.10752,3.554,0.223239,-3.33076,0.0432832,0.0306169,0.0369501,0.00633313,-11.0848,11.6829,-11.5496,11.1194,-0.167786,0.241582,-0.164989,0.241703,0.0140212,-0.207805,-0.202149,0.525098,0.0761905,1.01646,2540.61,0.868065,,,,,,,2,1,5.47525,0.0797702,0.172809,0.117154
R1,↳ F1 · x1 encore opposé hors nis_z_100 Q4,26,SL-A 1.5,SL-A,1.5,figé,0.603571,0,1.5,1.5,1.5,5.47525,-5.66284,17.7609,0.0797702,-0.123402,0.273766,10,962,840,0.126819,11.6667,-0.378946,-3646.1,0.928112,0.347619,-4.34059,-0.0757071,-0.545579,-0.537981,-7277,17,4753.9,8400,1.76697,365,475,-8.10752,-1.446,-4.77676,-3.33076,-0.0637874,-0.0848665,-0.0743269,0.0105396,-16.0848,6.68286,-16.5496,6.11943,-0.281873,0.129808,-0.276209,0.131543,-0.186704,-0.313411,-0.30948,0.525098,0.0761905,0.914269,2540.61,1.73613,,,,,,,1,1,5.47525,0.0797702,0.138634,0.110732
R1,↳ F1 · x1 encore opposé hors nis_z_100 Q4,26,SL-A 1.5,SL-A,1.5,dynamique,0.602041,0,1.5,1.5,1.5,,,,,,,5,962,882,0.0831601,12.25,0.0686809,1878.63,1.03714,0.354875,2.12997,0.087476,-0.40783,-0.401973,-5021.36,17,6288.63,4410,0.701265,380,502,-1.12843,4.59649,1.73403,-2.86246,0.111058,0.069625,0.0903415,0.0207165,-9.44334,13.1038,-9.99183,12.7588,-0.122004,0.293577,-0.115175,0.303602,0.135062,-0.158427,-0.151404,0.522741,0.0714286,1.07021,3803.32,0.606126,48,17.0009,0.773463,6,-84.7804,-1.61436,3,3,6.94581,0.131125,0.29385,0.166531
R1,↳ F1 · x1 encore opposé hors nis_z_100 Q4,26,SL-A 1.5,SL-A,1.5,dynamique,0.602041,0,1.5,1.5,1.5,,,,,,,10,962,882,0.0831601,12.25,-0.312512,-2531.37,0.952636,0.35034,-2.87003,-0.0235093,-0.497521,-0.48912,-6193.56,17,6288.63,8820,1.40253,380,502,-6.12843,-0.403512,-3.26597,-2.86246,0.00477989,-0.0449234,-0.0200718,0.0248517,-14.4433,8.10377,-14.9918,7.75879,-0.235673,0.183501,-0.227192,0.189636,-0.0986323,-0.243617,-0.240489,0.522741,0.0714286,0.964655,3803.32,1.21225,48,12.0009,0.676795,6,-89.7804,-1.72876,1,1,6.94581,0.131968,0.226705,0.180526
R1,↳ F1 · x1 encore opposé hors nis_z_100 Q4,26,SL-A 2,SL-A,2,figé,0.509524,0.00119048,2,2,2,5.44771,-4.14531,16.0402,0.0771886,-0.0955502,0.248783,5,962,840,0.126819,11.6667,-0.0746165,530.77,1.00989,0.414286,0.631869,0.0335391,-0.467974,-0.439095,-5650.38,26,4730.77,4200,0.887805,365,475,-0.161761,1.24171,0.539975,-0.701736,0.102491,-0.0194453,0.0415231,0.0609683,-11.3771,11.5964,-11.4544,11.7376,-0.177257,0.232704,-0.158381,0.236323,0.0114838,-0.17277,-0.169519,0.525098,0.0761905,1.01497,2549.23,0.865129,,,,,,,2,2,5.44771,0.0771886,0.170272,0.152189
R1,↳ F1 · x1 encore opposé hors nis_z_100 Q4,26,SL-A 2,SL-A,2,figé,0.509524,0.00119048,2,2,2,5.44771,-4.14531,16.0402,0.0771886,-0.0955502,0.248783,10,962,840,0.126819,11.6667,-0.392106,-3669.23,0.93467,0.407143,-4.36813,-0.0782887,-0.543645,-0.536015,-7130.9,26,4730.77,8400,1.77561,365,475,-5.16176,-3.75829,-4.46002,-0.701736,-0.00457915,-0.134929,-0.0697539,0.0651748,-16.3771,6.5964,-16.4544,6.7376,-0.290988,0.121833,-0.271963,0.125177,-0.188736,-0.295082,-0.289724,0.525098,0.0761905,0.923363,2549.23,1.73026,,,,,,,2,2,5.44771,0.0771886,0.136601,0.129061
R1,↳ F1 · x1 encore opposé hors nis_z_100 Q4,26,SL-A 2,SL-A,2,dynamique,0.506881,0.00114679,2,2,2,,,,,,,5,962,872,0.0935551,12.1111,-0.0424773,931.127,1.01663,0.416284,1.06781,0.0546402,-0.443791,-0.43754,-5602.7,26,5291.13,4360,0.824021,375,497,-0.618887,2.34046,0.860787,-1.47967,0.0904869,0.027593,0.0590399,0.031447,-11.073,12.35,-11.2152,12.1187,-0.160154,0.256808,-0.148707,0.259609,0.05971,-0.169938,-0.165447,0.522064,0.0722477,1.03456,3097.23,0.734915,39,-6.37012,0.188837,7,-92.6844,-1.72983,2,3,5.88364,0.0982897,0.218498,0.15502
R1,↳ F1 · x1 encore opposé hors nis_z_100 Q4,26,SL-A 2,SL-A,2,dynamique,0.506881,0.00114679,2,2,2,,,,,,,10,962,872,0.0935551,12.1111,-0.380971,-3428.87,0.941444,0.409404,-3.93219,-0.0562833,-0.547291,-0.536233,-7105.76,26,5291.13,8720,1.64804,375,497,-5.61889,-2.65954,-4.13921,-1.47967,-0.0154764,-0.0870733,-0.0512748,0.0357985,-16.073,7.34999,-16.2152,7.11871,-0.273283,0.146703,-0.261207,0.148658,-0.156038,-0.285121,-0.278075,0.522064,0.0722477,0.942053,3097.23,1.46983,39,-11.3701,0.0958938,7,-97.6844,-1.84908,2,1,5.88364,0.099194,0.1693,0.139022
R1,↳ F1 · x1 encore opposé hors nis_z_100 Q4,26,SL-A 2.5,SL-A,2.5,figé,0.429762,0,2.5,2.5,2.5,4.96057,-3.92987,15.0502,0.0615725,-0.0973057,0.229687,5,962,840,0.126819,11.6667,-0.124717,121.578,1.00213,0.459524,0.144736,0.017923,-0.50103,-0.465602,-6052.22,26,4321.58,4200,0.971867,365,475,1.57333,-0.953029,0.310153,1.26318,0.102895,-0.0473716,0.0277619,0.0751335,-12.2422,11.9969,-11.5918,12.0845,-0.191651,0.220191,-0.172625,0.218348,-0.0175899,-0.201197,-0.194087,0.525098,0.0761905,1.00306,2280.72,0.966982,,,,,,,2,2,4.96057,0.0615725,0.141198,0.123762
R1,↳ F1 · x1 encore opposé hors nis_z_100 Q4,26,SL-A 2.5,SL-A,2.5,figé,0.429762,0,2.5,2.5,2.5,4.96057,-3.92987,15.0502,0.0615725,-0.0973057,0.229687,10,962,840,0.126819,11.6667,-0.425038,-4078.42,0.931309,0.44881,-4.85526,-0.0939048,-0.580117,-0.548892,-7347.36,26,4321.58,8400,1.94373,365,475,-3.42667,-5.95303,-4.68985,1.26318,-0.00417511,-0.162855,-0.0835151,0.07934,-17.2422,6.99693,-16.5918,7.08448,-0.304408,0.110695,-0.286243,0.108328,-0.212067,-0.319054,-0.312121,0.525098,0.0761905,0.917579,2280.72,1.93396,,,,,,,2,1,4.96057,0.0615725,0.113271,0.10509
R1,↳ F1 · x1 encore opposé hors nis_z_100 Q4,26,SL-A 2.5,SL-A,2.5,dynamique,0.427578,0,2.5,2.5,2.5,,,,,,,5,962,863,0.102911,11.9861,-0.137898,27.6802,1.00047,0.460023,0.0320744,0.0263224,-0.497431,-0.483954,-6257.98,26,4342.68,4315,0.993626,372,491,1.0774,-0.759902,0.158748,0.91865,0.0946019,-0.0254086,0.0345966,0.0600053,-13.2832,11.8606,-12.6464,12.2013,-0.19262,0.230749,-0.173803,0.228827,0.000634033,-0.211812,-0.20576,0.521353,0.0741599,1.01057,2516.47,0.893967,29,-19.689,-0.0227268,6,-79.5136,-1.38667,2,2,4.84791,0.069972,0.159422,0.113147
R1,↳ F1 · x1 encore opposé hors nis_z_100 Q4,26,SL-A 2.5,SL-A,2.5,dynamique,0.427578,0,2.5,2.5,2.5,,,,,,,10,962,863,0.102911,11.9861,-0.440179,-4287.32,0.930345,0.449594,-4.96793,-0.084575,-0.594694,-0.581264,-7684.58,26,4342.68,8630,1.98725,372,491,-3.9226,-5.7599,-4.84125,0.91865,-0.0115543,-0.139898,-0.0757263,0.064172,-18.2832,6.86057,-17.6464,7.20132,-0.304645,0.120976,-0.287416,0.119228,-0.200988,-0.32011,-0.313188,0.521353,0.0741599,0.925144,2516.47,1.78793,29,-24.689,-0.10419,6,-84.5136,-1.48556,2,1,4.84791,0.0709023,0.124349,0.104033
R1,↳ F1 · x1 encore opposé hors nis_z_100 Q4,26,SL-A 3,SL-A,3,figé,0.371429,0,3,3,3,2.61224,-5.92705,11.7183,0.0307533,-0.135845,0.202503,5,962,840,0.126819,11.6667,-0.291942,-1851.02,0.96948,0.484524,-2.2036,-0.0128962,-0.532394,-0.499193,-6672.82,26,2348.98,4200,1.78801,365,475,-0.589708,-3.44375,-2.01673,1.42702,0.090828,-0.0926,-0.00088603,0.091714,-15.2797,9.85522,-14.9316,10.1727,-0.22554,0.186828,-0.204092,0.192367,-0.0721398,-0.236567,-0.229582,0.525098,0.0761905,0.981802,1730.97,1.27409,,,,,,,2,2,2.61224,0.0307533,0.0866481,0.0883918
R1,↳ F1 · x1 encore opposé hors nis_z_100 Q4,26,SL-A 3,SL-A,3,figé,0.371429,0,3,3,3,2.61224,-5.92705,11.7183,0.0307533,-0.135845,0.202503,10,962,840,0.126819,11.6667,-0.534939,-6051.02,0.903708,0.472619,-7.2036,-0.124724,-0.660633,-0.636362,-8605.89,26,2348.98,8400,3.57602,365,475,-5.58971,-8.44375,-7.01673,1.42702,-0.0162426,-0.208083,-0.112163,0.0959204,-20.2797,4.85522,-19.9316,5.17267,-0.339037,0.0788874,-0.316165,0.0813691,-0.255829,-0.349215,-0.343381,0.525098,0.0761905,0.901618,1730.97,2.54818,,,,,,,2,1,2.61224,0.0307533,0.0695088,0.0749288
R1,↳ F1 · x1 encore opposé hors nis_z_100 Q4,26,SL-A 3,SL-A,3,dynamique,0.369767,0,3,3,3,,,,,,,5,962,860,0.106029,11.9444,-0.327837,-2307.03,0.963322,0.483721,-2.68259,-0.00848117,-0.558964,-0.541751,-7395.25,26,1992.97,4300,2.15758,372,488,-1.27383,-3.75648,-2.51516,1.24132,0.0813587,-0.0769657,0.00219652,0.0791622,-16.5503,10.1741,-16.3328,10.3573,-0.233998,0.199475,-0.218294,0.204724,-0.0646375,-0.241135,-0.23411,0.522096,0.0744186,0.985556,1859.04,1.20762,25,-38.8655,-0.238515,5,-103.126,-1.90038,2,2,2.13325,0.0351684,0.0941505,0.083824
R1,↳ F1 · x1 encore opposé hors nis_z_100 Q4,26,SL-A 3,SL-A,3,dynamique,0.369767,0,3,3,3,,,,,,,10,962,860,0.106029,11.9444,-0.562922,-6607.03,0.898578,0.472093,-7.68259,-0.11955,-0.683799,-0.669958,-9553.93,26,1992.97,8600,4.31516,372,488,-6.27383,-8.75648,-7.51516,1.24132,-0.0250158,-0.191613,-0.108315,0.0832987,-21.5503,5.17412,-21.3328,5.35728,-0.346727,0.0861227,-0.328594,0.0920252,-0.252774,-0.353234,-0.347437,0.522096,0.0744186,0.905734,1859.04,2.41524,25,-43.8655,-0.319671,5,-108.126,-1.98936,1,1,2.13325,0.0359272,0.0725634,0.070909
R1,↳ F1 · x1 encore opposé hors nis_z_100 Q4,26,SL-A 4,SL-A,4,figé,0.260714,0,4,4,4,2.05385,-5.41964,9.72865,0.0579756,-0.0733608,0.193781,5,962,840,0.126819,11.6667,-0.342352,-2320.07,0.963743,0.515476,-2.76199,0.014326,-0.538114,-0.504462,-6482.21,26,1879.93,4200,2.23413,365,475,0.214495,-5.04919,-2.41735,2.63184,0.208056,-0.13454,0.0367579,0.171298,-16.7351,10.2139,-16.5431,10.7871,-0.214364,0.227298,-0.191348,0.251592,-0.0352045,-0.24069,-0.233684,0.525098,0.0761905,0.998399,2161.57,1.02028,,,,,,,2,3,2.05385,0.0579756,0.123583,0.0842687
R1,↳ F1 · x1 encore opposé hors nis_z_100 Q4,26,SL-A 4,SL-A,4,figé,0.260714,0,4,4,4,2.05385,-5.41964,9.72865,0.0579756,-0.0733608,0.193781,10,962,840,0.126819,11.6667,-0.568071,-6520.07,0.901285,0.503571,-7.76199,-0.0975018,-0.689928,-0.664121,-9138.28,26,1879.93,8400,4.46826,365,475,-4.7855,-10.0492,-7.41735,2.63184,0.100986,-0.250024,-0.074519,0.175505,-21.7351,5.21389,-21.5431,5.78709,-0.32692,0.11617,-0.302838,0.139464,-0.226191,-0.346399,-0.340233,0.525098,0.0761905,0.920993,2161.57,2.04056,,,,,,,1,1,2.05385,0.0579756,0.0991469,0.0777446
R1,↳ F1 · x1 encore opposé hors nis_z_100 Q4,26,SL-A 4,SL-A,4,dynamique,0.256709,0,4,4,4,,,,,,,5,962,857,0.109148,11.9028,-0.37142,-2731.27,0.958305,0.514586,-3.18702,0.0223146,-0.589286,-0.560125,-6982.94,26,1553.73,4285,2.75788,372,485,-0.878712,-4.95751,-2.91811,2.0394,0.198276,-0.11265,0.0428132,0.155463,-16.9647,9.68832,-17.0851,10.2458,-0.207673,0.235166,-0.184345,0.253414,-0.0185054,-0.239135,-0.233508,0.522825,0.0746791,1.00481,2373.71,0.943799,19,-40.6386,-0.0599946,2,-180.467,-4.11483,3,3,1.62882,0.0659641,0.140283,0.085824
R1,↳ F1 · x1 encore opposé hors nis_z_100 Q4,26,SL-A 4,SL-A,4,dynamique,0.256709,0,4,4,4,,,,,,,10,962,857,0.109148,11.9028,-0.590667,-7016.27,0.896226,0.502917,-8.18702,-0.0889235,-0.708679,-0.684433,-9853.16,26,1553.73,8570,5.51577,372,485,-5.87871,-9.95751,-7.91811,2.0394,0.0918727,-0.227596,-0.0678616,0.159734,-21.9647,4.68832,-22.0851,5.24585,-0.321188,0.12503,-0.298233,0.142109,-0.215533,-0.334216,-0.327935,0.522825,0.0746791,0.926958,2373.71,1.8876,19,-45.6386,-0.145611,2,-185.467,-4.23034,1,2,1.62882,0.0665539,0.109805,0.0899279
R1,↳ F1 · x1 encore opposé hors nis_z_100 Q4,26,SL-A 5,SL-A,5,figé,0.17619,0,5,5,5,1.84753,-4.06037,7.40723,0.0548658,-0.0576928,0.164866,5,962,840,0.126819,11.6667,-0.363652,-2493.38,0.961757,0.529762,-2.96831,0.0112163,-0.574405,-0.562122,-7421.52,26,1706.62,4200,2.46101,365,475,3.42289,-7.87945,-2.22828,5.65117,0.2804,-0.19563,0.042385,0.238015,-18.7705,11.2804,-18.2344,12.2214,-0.239827,0.239996,-0.202502,0.27007,-0.0431302,-0.297315,-0.290831,0.525098,0.0761905,0.996338,2102.9,1.04875,,,,,,,3,2,1.84753,0.0548658,0.115658,0.0276441
R1,↳ F1 · x1 encore opposé hors nis_z_100 Q4,26,SL-A 5,SL-A,5,figé,0.17619,0,5,5,5,1.84753,-4.06037,7.40723,0.0548658,-0.0576928,0.164866,10,962,840,0.126819,11.6667,-0.582071,-6693.38,0.900396,0.516667,-7.96831,-0.100612,-0.709598,-0.685429,-10076.5,26,1706.62,8400,4.92202,365,475,-1.57711,-12.8794,-7.22828,5.65117,0.17333,-0.311114,-0.068892,0.242222,-23.7705,6.2804,-23.2344,7.22143,-0.35211,0.131618,-0.313188,0.15865,-0.23255,-0.39751,-0.389447,0.525098,0.0761905,0.920529,2102.9,2.09749,,,,,,,2,1,1.84753,0.0548658,0.092788,0.0266339
R1,↳ F1 · x1 encore opposé hors nis_z_100 Q4,26,SL-A 5,SL-A,5,dynamique,0.173913,0,5,5,5,,,,,,,5,962,851,0.115385,11.8194,-0.3803,-2728.25,0.958742,0.53114,-3.20594,0.0177917,-0.582548,-0.566061,-7485.59,26,1526.75,4255,2.78697,370,481,2.55734,-7.63923,-2.54095,5.09829,0.27879,-0.182976,0.047907,0.230883,-19.1064,11.0068,-18.6943,12.0091,-0.226762,0.242699,-0.197299,0.273142,-0.0294789,-0.285512,-0.27892,0.52382,0.0752056,1.00144,2269.32,0.982168,12,-40.3794,0.0515481,1,-249.681,-5.10049,3,2,1.6099,0.0614413,0.129309,0.0394463
R1,↳ F1 · x1 encore opposé hors nis_z_100 Q4,26,SL-A 5,SL-A,5,dynamique,0.173913,0,5,5,5,,,,,,,10,962,851,0.115385,11.8194,-0.595243,-6983.25,0.897526,0.518214,-8.20594,-0.0936925,-0.721172,-0.697966,-10185.6,26,1526.75,8510,5.57395,370,481,-2.44266,-12.6392,-7.54095,5.09829,0.172168,-0.298201,-0.0630162,0.235185,-24.1064,6.00684,-23.6943,7.00907,-0.336839,0.130924,-0.307095,0.163542,-0.223419,-0.388622,-0.38044,0.52382,0.0752056,0.92507,2269.32,1.96434,12,-45.3794,-0.0351055,1,-254.681,-5.20263,3,1,1.6099,0.0617849,0.101919,0.0355215
R1,↳ F1 · x1 encore opposé hors nis_z_100 Q4,26,SL-B 0,SL-B,0,figé,0.667857,0,0.528919,1.21656,1.91093,4.74848,-9.18983,20.6539,0.0488653,-0.189326,0.280404,5,962,840,0.126819,11.6667,-0.089648,-56.5797,0.998586,0.295238,-0.0673568,0.00521576,-0.506182,-0.501624,-6756.44,10.5,4143.42,4200,1.01366,365,475,-1.86846,1.31665,-0.275906,-1.59256,0.00612822,0.0045146,0.00532141,0.000806808,-9.79149,9.818,-10.0568,9.59166,-0.165454,0.18824,-0.168479,0.194234,-0.0307605,-0.277613,-0.273685,0.525098,0.0761905,0.990992,2051.11,1.07523,,,,,,,2,2,4.74848,0.0488653,0.128027,0.0473454
R1,↳ F1 · x1 encore opposé hors nis_z_100 Q4,26,SL-B 0,SL-B,0,figé,0.667857,0,0.528919,1.21656,1.91093,4.74848,-9.18983,20.6539,0.0488653,-0.189326,0.280404,10,962,840,0.126819,11.6667,-0.401973,-4256.58,0.901004,0.289286,-5.06736,-0.106612,-0.614768,-0.608327,-9096.44,10.5,4143.42,8400,2.02731,365,475,-6.86846,-3.68335,-5.27591,-1.59256,-0.100942,-0.110969,-0.105956,0.00501324,-14.7915,4.818,-15.0568,4.59166,-0.281738,0.0780634,-0.281727,0.0819922,-0.22263,-0.376851,-0.373283,0.525098,0.0761905,0.873856,2051.11,2.15046,,,,,,,1,1,4.74848,0.0488653,0.102708,0.0472921
R1,↳ F1 · x1 encore opposé hors nis_z_100 Q4,26,SL-B 0,SL-B,0,dynamique,0.668527,0,0.528764,1.22149,1.90108,,,,,,,5,962,896,0.0686071,12.4444,-0.0371577,587.332,1.01371,0.295759,0.655504,0.0469551,-0.462851,-0.459919,-6005.13,11,5067.33,4480,0.884094,391,505,0.31445,0.919568,0.617009,-0.302559,0.0774832,0.0233184,0.0504008,0.0270824,-8.85493,10.0595,-9.02686,10.5405,-0.129487,0.230618,-0.132766,0.237026,0.0628328,-0.254664,-0.24422,0.523839,0.0714286,1.04391,3149.79,0.745066,62,6.24708,0.534331,6,-42.7654,-0.760328,3,3,5.47134,0.0906046,0.221621,0.0702941
R1,↳ F1 · x1 encore opposé hors nis_z_100 Q4,26,SL-B 0,SL-B,0,dynamique,0.668527,0,0.528764,1.22149,1.90108,,,,,,,10,962,896,0.0686071,12.4444,-0.384945,-3892.67,0.915413,0.290179,-4.3445,-0.0642425,-0.582223,-0.575238,-8179.05,11,5067.33,8960,1.76819,391,505,-4.68555,-4.08043,-4.38299,-0.302559,-0.0292345,-0.0913477,-0.0602911,0.0310566,-13.8549,5.05949,-14.0269,5.54049,-0.239973,0.118899,-0.239324,0.127365,-0.159498,-0.333693,-0.33176,0.523839,0.0714286,0.922638,3149.79,1.49013,62,1.24708,0.431278,6,-47.7654,-0.875607,1,2,5.47134,0.0912348,0.165839,0.0904507
R1,↳ F1 · x1 encore opposé hors nis_z_100 Q4,26,SL-B 0.25,SL-B,0.25,figé,0.636905,0,0.778919,1.46656,2.16093,2.11227,-10.5239,16.7668,-0.00460142,-0.224329,0.225805,5,962,840,0.126819,11.6667,-0.28073,-2270.99,0.950379,0.317857,-2.70356,-0.0482509,-0.482361,-0.473707,-6016.11,13,1929.01,4200,2.17729,365,475,-3.59429,-2.01911,-2.8067,-0.787589,-0.0456413,-0.0502563,-0.0479488,0.0023075,-12.6141,7.46701,-12.9137,7.53616,-0.231427,0.140761,-0.228941,0.142205,-0.138232,-0.27969,-0.275772,0.525098,0.0761905,0.933217,895.396,2.46306,,,,,,,1,1,2.11227,-0.00460142,0.0205557,0.0452691
R1,↳ F1 · x1 encore opposé hors nis_z_100 Q4,26,SL-B 0.25,SL-B,0.25,figé,0.636905,0,0.778919,1.46656,2.16093,2.11227,-10.5239,16.7668,-0.00460142,-0.224329,0.225805,10,962,840,0.126819,11.6667,-0.527557,-6470.99,0.866986,0.310714,-7.70356,-0.160079,-0.604215,-0.597598,-8696.11,13,1929.01,8400,4.35457,365,475,-8.59429,-7.01911,-7.8067,-0.787589,-0.152712,-0.16574,-0.159226,0.00651393,-17.6141,2.46701,-17.9137,2.53616,-0.344976,0.0279207,-0.340889,0.032137,-0.308851,-0.378701,-0.375143,0.525098,0.0761905,0.833751,895.396,4.92612,,,,,,,1,1,2.11227,-0.00460142,0.0164865,0.0454424
R1,↳ F1 · x1 encore opposé hors nis_z_100 Q4,26,SL-B 0.25,SL-B,0.25,dynamique,0.640449,0,0.778458,1.47149,2.15112,,,,,,,5,962,890,0.0748441,12.3611,-0.306229,-2550.83,0.94787,0.31573,-2.8661,-0.0310792,-0.467807,-0.458909,-5678.36,13,1899.17,4450,2.34313,388,502,-2.59594,-3.07491,-2.83542,0.239486,-0.00446721,-0.0516478,-0.0280575,0.0235903,-12.9036,7.43285,-13.3328,7.89652,-0.217237,0.161611,-0.214024,0.170021,-0.111352,-0.255347,-0.24566,0.523457,0.0719101,0.953468,1356.92,1.71667,56,-10.7008,0.126043,6,-53.2353,-0.968644,2,2,1.94974,0.0125703,0.0474358,0.0696118
R1,↳ F1 · x1 encore opposé hors nis_z_100 Q4,26,SL-B 0.25,SL-B,0.25,dynamique,0.640449,0,0.778458,1.47149,2.15112,,,,,,,10,962,890,0.0748441,12.3611,-0.55557,-7000.83,0.865355,0.308989,-7.8661,-0.142244,-0.611643,-0.607413,-8538.36,13,1899.17,8900,4.68625,388,502,-7.59594,-8.07491,-7.83542,0.239486,-0.111088,-0.166324,-0.138706,0.0276183,-17.9036,2.43285,-18.3328,2.89652,-0.330362,0.0478315,-0.326189,0.0597964,-0.296063,-0.357013,-0.352292,0.523457,0.0719101,0.85334,1356.92,3.43334,56,-15.7008,0.0243899,6,-58.2353,-1.08392,1,1,1.94974,0.0132338,0.0292751,0.0671304
R1,↳ F1 · x1 encore opposé hors nis_z_100 Q4,26,SL-B 0.5,SL-B,0.5,figé,0.584524,0.00119048,1.02892,1.71656,2.41093,4.3566,-6.93816,17.3169,0.0278591,-0.177856,0.235178,5,962,840,0.126819,11.6667,-0.142147,-385.759,0.992129,0.360714,-0.459236,-0.0157904,-0.453365,-0.439178,-5346.91,17.5,3814.24,4200,1.10114,365,475,-0.157706,-0.690939,-0.424322,0.266617,0.00977501,-0.0354354,-0.0128302,0.0226052,-11.2121,10.2025,-11.3847,10.1519,-0.204955,0.177041,-0.196466,0.176264,-0.0796135,-0.258909,-0.251611,0.525098,0.0761905,0.970363,1577.69,1.39787,,,,,,,1,1,4.3566,0.0278591,0.0791745,0.0660498
R1,↳ F1 · x1 encore opposé hors nis_z_100 Q4,26,SL-B 0.5,SL-B,0.5,figé,0.584524,0.00119048,1.02892,1.71656,2.41093,4.3566,-6.93816,17.3169,0.0278591,-0.177856,0.235178,10,962,840,0.126819,11.6667,-0.436485,-4585.76,0.911326,0.352381,-5.45924,-0.127618,-0.577428,-0.570363,-7991.24,17.5,3814.24,8400,2.20227,365,475,-5.15771,-5.69094,-5.42432,0.266617,-0.0972955,-0.150919,-0.124107,0.0268116,-16.2121,5.20247,-16.3847,5.15193,-0.318208,0.0609341,-0.311448,0.0658038,-0.261827,-0.35717,-0.350654,0.525098,0.0761905,0.874762,1577.69,2.79574,,,,,,,1,1,4.3566,0.0278591,0.0635105,0.0669734
R1,↳ F1 · x1 encore opposé hors nis_z_100 Q4,26,SL-B 0.5,SL-B,0.5,dynamique,0.587968,0.00113507,1.03493,1.72059,2.4011,,,,,,,5,962,881,0.0841996,12.2361,-0.189608,-883.484,0.98306,0.358683,-1.00282,-0.0161108,-0.440978,-0.436793,-5264.31,18,3521.52,4405,1.25088,382,499,-1.4102,-0.69096,-1.05058,-0.359618,-0.0128601,-0.0185993,-0.0157297,0.00286961,-11.6728,9.83567,-11.8506,9.93718,-0.204297,0.17967,-0.199633,0.180596,-0.0833401,-0.243668,-0.23622,0.52278,0.0715096,0.97069,1646.68,1.39848,47,-18.7225,-0.170031,6,-63.7052,-1.17696,1,1,3.81302,0.0275387,0.0754479,0.0812911
R1,↳ F1 · x1 encore opposé hors nis_z_100 Q4,26,SL-B 0.5,SL-B,0.5,dynamique,0.587968,0.00113507,1.03493,1.72059,2.4011,,,,,,,10,962,881,0.0841996,12.2361,-0.478483,-5288.48,0.903848,0.350738,-6.00282,-0.127111,-0.602402,-0.600049,-8045.55,18,3521.52,8810,2.50176,382,499,-6.4102,-5.69096,-6.05058,-0.359618,-0.118844,-0.13344,-0.126142,0.00729806,-16.6728,4.83567,-16.8506,4.93718,-0.318062,0.0673598,-0.312554,0.0680336,-0.271945,-0.352001,-0.350418,0.52278,0.0715096,0.876152,1646.68,2.79696,47,-23.7225,-0.266788,6,-68.7052,-1.29224,1,1,3.81302,0.0283662,0.0533923,0.0721429
R1,↳ F1 · x1 encore opposé hors nis_z_100 Q4,26,SL-B 1,SL-B,1,figé,0.488095,0,1.52892,2.21656,2.91093,6.73787,-3.31549,17.5021,0.0935983,-0.0907467,0.273123,5,962,840,0.126819,11.6667,0.0258116,1614.51,1.03001,0.421429,1.92204,0.0499488,-0.465731,-0.43625,-5597.79,26,5814.51,4200,0.722331,365,475,4.03831,0.295843,2.16708,1.87123,0.182549,-0.0519442,0.0653025,0.117247,-10.0047,13.1721,-9.6836,13.4748,-0.16039,0.260075,-0.138233,0.268396,0.0258687,-0.185735,-0.17997,0.525098,0.0761905,1.02131,2703.38,0.815798,,,,,,,2,2,6.73787,0.0935983,0.184657,0.139223
R1,↳ F1 · x1 encore opposé hors nis_z_100 Q4,26,SL-B 1,SL-B,1,figé,0.488095,0,1.52892,2.21656,2.91093,6.73787,-3.31549,17.5021,0.0935983,-0.0907467,0.273123,10,962,840,0.126819,11.6667,-0.326101,-2585.49,0.954043,0.410714,-3.07796,-0.061879,-0.531376,-0.523541,-6851.93,26,5814.51,8400,1.44466,365,475,-0.961688,-4.70416,-2.83292,1.87123,0.0754787,-0.167428,-0.0459745,0.121453,-15.0047,8.17206,-14.6836,8.47477,-0.275964,0.147021,-0.252939,0.158926,-0.177205,-0.306077,-0.300802,0.525098,0.0761905,0.93083,2703.38,1.6316,,,,,,,2,2,6.73787,0.0935983,0.148133,0.118066
R1,↳ F1 · x1 encore opposé hors nis_z_100 Q4,26,SL-B 1,SL-B,1,dynamique,0.488479,0,1.53905,2.2236,2.90235,,,,,,,5,962,868,0.0977131,12.0556,-0.0376217,1043.09,1.01842,0.421659,1.20171,0.0496272,-0.451364,-0.444543,-5724.49,26,5383.09,4340,0.806229,376,492,2.23024,0.41568,1.32296,0.90728,0.149753,-0.0268914,0.0614306,0.0883221,-10.9692,12.7294,-11.0603,13.2397,-0.164201,0.258805,-0.149171,0.269532,0.0269813,-0.209959,-0.206916,0.522299,0.0725806,1.02132,2785.38,0.813813,34,-34.3536,-0.286307,6,-99.4328,-1.80898,2,2,6.01755,0.0932767,0.185769,0.114999
R1,↳ F1 · x1 encore opposé hors nis_z_100 Q4,26,SL-B 1,SL-B,1,dynamique,0.488479,0,1.53905,2.2236,2.90235,,,,,,,10,962,868,0.0977131,12.0556,-0.376587,-3296.91,0.944259,0.41129,-3.79829,-0.0613733,-0.560978,-0.551558,-7317.97,26,5383.09,8680,1.61246,376,492,-2.76976,-4.58432,-3.67704,0.90728,0.0436161,-0.141609,-0.0489965,0.0926126,-15.9692,7.72944,-16.0603,8.23968,-0.277383,0.147992,-0.259493,0.163219,-0.181351,-0.319656,-0.314015,0.522299,0.0725806,0.931892,2785.38,1.62763,34,-39.3536,-0.377468,6,-104.433,-1.92338,2,1,6.01755,0.094104,0.143987,0.104488
R1,↳ F5 · x1 encore opposé hors nis_z_100 Q4,6,sans,sans,,figé,0,0,,,,0,0,0,0,0,0,5,630,630,0,8.75,0.178744,1938.19,1.10876,0.536508,3.07649,-0.0444337,-0.212038,-0.207656,-2275.27,6,5088.19,3150,0.619081,270,360,-0.627462,5.85446,2.6135,-3.24096,-0.144903,0.0309184,-0.0569923,-0.0879107,-5.6829,12.3335,-6.26169,11.5765,-0.184182,0.0881797,-0.201395,0.079282,-0.0641649,-0.111927,-0.109724,0.60385,0.163492,0.936201,1298.49,1.46487,,,,,,,4,3,0,0,0,0
R1,↳ F5 · x1 encore opposé hors nis_z_100 Q4,6,sans,sans,,figé,0,0,,,,0,0,0,0,0,0,10,630,630,0,8.75,-0.139775,-1211.81,0.937429,0.485714,-1.92351,-0.179122,-0.261459,-0.253355,-2710.74,6,5088.19,6300,1.23816,270,360,-5.62746,0.854456,-2.3865,-3.24096,-0.286037,-0.0989363,-0.192487,-0.0935504,-10.6829,7.3335,-11.2617,6.57651,-0.318806,-0.0463653,-0.338108,-0.0551687,-0.226327,-0.236101,-0.234352,0.60385,0.163492,0.759534,1298.49,2.92975,,,,,,,2,0,0,0,0,0
R1,↳ F5 · x1 encore opposé hors nis_z_100 Q4,6,sans,sans,,dynamique,0,0,,,,,,,,,,5,630,630,0,8.75,0.178744,1938.19,1.10876,0.536508,3.07649,-0.0444337,-0.212038,-0.207656,-2275.27,6,5088.19,3150,0.619081,270,360,-0.627462,5.85446,2.6135,-3.24096,-0.144903,0.0309184,-0.0569923,-0.0879107,-5.6829,12.3335,-6.26169,11.5765,-0.184182,0.0881797,-0.201395,0.079282,-0.0641649,-0.111927,-0.109724,0.60385,0.163492,0.936201,1298.49,1.46487,0,,,0,,,4,3,0,0,0,0
R1,↳ F5 · x1 encore opposé hors nis_z_100 Q4,6,sans,sans,,dynamique,0,0,,,,,,,,,,10,630,630,0,8.75,-0.139775,-1211.81,0.937429,0.485714,-1.92351,-0.179122,-0.261459,-0.253355,-2710.74,6,5088.19,6300,1.23816,270,360,-5.62746,0.854456,-2.3865,-3.24096,-0.286037,-0.0989363,-0.192487,-0.0935504,-10.6829,7.3335,-11.2617,6.57651,-0.318806,-0.0463653,-0.338108,-0.0551687,-0.226327,-0.236101,-0.234352,0.60385,0.163492,0.759534,1298.49,2.92975,0,,,0,,,2,0,0,0,0,0
R1,↳ F5 · x1 encore opposé hors nis_z_100 Q4,6,SL-A 1,SL-A,1,figé,0.434921,0,1,1,1,-3.26929,-7.61038,0.986787,-0.0122749,-0.0930784,0.0688299,5,630,630,0,8.75,-0.0317354,-121.464,0.992735,0.436508,-0.192801,-0.0567086,-0.155491,-0.150566,-1557.4,6,3028.54,3150,1.04011,270,360,-2.86592,1.81204,-0.526941,-2.33898,-0.117502,-0.0111134,-0.0643078,-0.0531944,-6.90419,6.93532,-7.28439,6.38704,-0.159225,0.0472169,-0.16698,0.0401102,-0.0818353,-0.0978527,-0.0964337,0.60385,0.163492,0.899251,1080.48,1.76045,,,,,,,3,1,-3.26929,-0.0122749,-0.0176704,0.0140747
R1,↳ F5 · x1 encore opposé hors nis_z_100 Q4,6,SL-A 1,SL-A,1,figé,0.434921,0,1,1,1,-3.26929,-7.61038,0.986787,-0.0122749,-0.0930784,0.0688299,10,630,630,0,8.75,-0.293445,-3271.46,0.823712,0.398413,-5.1928,-0.191397,-0.309655,-0.305289,-3496.9,6,3028.54,6300,2.08021,270,360,-7.86592,-3.18796,-5.52694,-2.33898,-0.258636,-0.140968,-0.199802,-0.0588341,-11.9042,1.93532,-12.2844,1.38704,-0.294652,-0.0884482,-0.30019,-0.0939887,-0.240924,-0.248036,-0.246599,0.60385,0.163492,0.706502,1080.48,3.52089,,,,,,,1,0,-3.26929,-0.0122749,-0.0145973,-0.0119351
R1,↳ F5 · x1 encore opposé hors nis_z_100 Q4,6,SL-A 1,SL-A,1,dynamique,0.434921,0,1,1,1,,,,,,,5,630,630,0,8.75,-0.0317354,-121.464,0.992735,0.436508,-0.192801,-0.0567086,-0.155491,-0.150566,-1557.4,6,3028.54,3150,1.04011,270,360,-2.86592,1.81204,-0.526941,-2.33898,-0.117502,-0.0111134,-0.0643078,-0.0531944,-6.90419,6.93532,-7.28439,6.38704,-0.159225,0.0472169,-0.16698,0.0401102,-0.0818353,-0.0978527,-0.0964337,0.60385,0.163492,0.899251,1080.48,1.76045,0,,,0,,,3,1,-3.26929,-0.0122749,-0.0176704,0.0140747
R1,↳ F5 · x1 encore opposé hors nis_z_100 Q4,6,SL-A 1,SL-A,1,dynamique,0.434921,0,1,1,1,,,,,,,10,630,630,0,8.75,-0.293445,-3271.46,0.823712,0.398413,-5.1928,-0.191397,-0.309655,-0.305289,-3496.9,6,3028.54,6300,2.08021,270,360,-7.86592,-3.18796,-5.52694,-2.33898,-0.258636,-0.140968,-0.199802,-0.0588341,-11.9042,1.93532,-12.2844,1.38704,-0.294652,-0.0884482,-0.30019,-0.0939887,-0.240924,-0.248036,-0.246599,0.60385,0.163492,0.706502,1080.48,3.52089,0,,,0,,,1,0,-3.26929,-0.0122749,-0.0145973,-0.0119351
R1,↳ F5 · x1 encore opposé hors nis_z_100 Q4,6,SL-A 1.5,SL-A,1.5,figé,0.287302,0.0031746,1.5,1.5,1.5,-2.4298,-5.99843,0.969485,-0.0103659,-0.084537,0.0599322,5,630,630,0,8.75,0.0171829,407.414,1.02258,0.490476,0.646689,-0.0547996,-0.17739,-0.170694,-1778.96,6,3557.41,3150,0.885475,270,360,-0.320508,1.37209,0.525789,-0.846297,-0.0873067,-0.0304192,-0.058863,-0.0284438,-6.80404,8.27533,-6.79591,7.94431,-0.169475,0.063682,-0.18006,0.0656259,-0.0756907,-0.107348,-0.104541,0.60385,0.163492,0.91621,1154.53,1.64753,,,,,,,3,2,-2.4298,-0.0103659,-0.0115258,0.00457989
R1,↳ F5 · x1 encore opposé hors nis_z_100 Q4,6,SL-A 1.5,SL-A,1.5,figé,0.287302,0.0031746,1.5,1.5,1.5,-2.4298,-5.99843,0.969485,-0.0103659,-0.084537,0.0599322,10,630,630,0,8.75,-0.257732,-2742.59,0.860931,0.444444,-4.35331,-0.189488,-0.282902,-0.280084,-3110.4,6,3557.41,6300,1.77095,270,360,-5.32051,-3.62791,-4.47421,-0.846297,-0.228441,-0.160274,-0.194357,-0.0340835,-11.804,3.27533,-11.7959,2.94431,-0.305122,-0.0718353,-0.313907,-0.0698619,-0.235847,-0.24559,-0.244292,0.60385,0.163492,0.734076,1154.53,3.29506,,,,,,,0,0,-2.4298,-0.0103659,-0.00952004,-0.00948973
R1,↳ F5 · x1 encore opposé hors nis_z_100 Q4,6,SL-A 1.5,SL-A,1.5,dynamique,0.287302,0.0031746,1.5,1.5,1.5,,,,,,,5,630,630,0,8.75,0.0171829,407.414,1.02258,0.490476,0.646689,-0.0547996,-0.17739,-0.170694,-1778.96,6,3557.41,3150,0.885475,270,360,-0.320508,1.37209,0.525789,-0.846297,-0.0873067,-0.0304192,-0.058863,-0.0284438,-6.80404,8.27533,-6.79591,7.94431,-0.169475,0.063682,-0.18006,0.0656259,-0.0756907,-0.107348,-0.104541,0.60385,0.163492,0.91621,1154.53,1.64753,0,,,0,,,3,2,-2.4298,-0.0103659,-0.0115258,0.00457989
R1,↳ F5 · x1 encore opposé hors nis_z_100 Q4,6,SL-A 1.5,SL-A,1.5,dynamique,0.287302,0.0031746,1.5,1.5,1.5,,,,,,,10,630,630,0,8.75,-0.257732,-2742.59,0.860931,0.444444,-4.35331,-0.189488,-0.282902,-0.280084,-3110.4,6,3557.41,6300,1.77095,270,360,-5.32051,-3.62791,-4.47421,-0.846297,-0.228441,-0.160274,-0.194357,-0.0340835,-11.804,3.27533,-11.7959,2.94431,-0.305122,-0.0718353,-0.313907,-0.0698619,-0.235847,-0.24559,-0.244292,0.60385,0.163492,0.734076,1154.53,3.29506,0,,,0,,,0,0,-2.4298,-0.0103659,-0.00952004,-0.00948973
R1,↳ F5 · x1 encore opposé hors nis_z_100 Q4,6,SL-A 2,SL-A,2,figé,0.190476,0,2,2,2,-0.266852,-3.18893,2.90724,0.0076227,-0.060564,0.0768104,5,630,630,0,8.75,0.164287,1770.07,1.10133,0.519048,2.80964,-0.036811,-0.140512,-0.133414,-1412.55,6,4920.07,3150,0.640234,270,360,2.30284,3.18974,2.74629,-0.443446,-0.0708405,-0.0112888,-0.0410647,-0.0297759,-4.95175,10.9101,-4.78088,10.5928,-0.156988,0.0845398,-0.161152,0.082354,-0.0444484,-0.062959,-0.0600155,0.60385,0.163492,0.954041,1490.97,1.27577,,,,,,,4,2,-0.266852,0.0076227,0.0197165,0.0489684
R1,↳ F5 · x1 encore opposé hors nis_z_100 Q4,6,SL-A 2,SL-A,2,figé,0.190476,0,2,2,2,-0.266852,-3.18893,2.90724,0.0076227,-0.060564,0.0768104,10,630,630,0,8.75,-0.150329,-1379.93,0.927622,0.469841,-2.19036,-0.1715,-0.209231,-0.202789,-2085.18,6,4920.07,6300,1.28047,270,360,-2.69716,-1.81026,-2.25371,-0.443446,-0.211975,-0.141143,-0.176559,-0.0354156,-9.95175,5.91013,-9.78088,5.59284,-0.295498,-0.0497108,-0.304528,-0.0517787,-0.210016,-0.217686,-0.216237,0.60385,0.163492,0.767319,1490.97,2.55153,,,,,,,1,0,-0.266852,0.0076227,0.0163111,0.018415
R1,↳ F5 · x1 encore opposé hors nis_z_100 Q4,6,SL-A 2,SL-A,2,dynamique,0.190476,0,2,2,2,,,,,,,5,630,630,0,8.75,0.164287,1770.07,1.10133,0.519048,2.80964,-0.036811,-0.140512,-0.133414,-1412.55,6,4920.07,3150,0.640234,270,360,2.30284,3.18974,2.74629,-0.443446,-0.0708405,-0.0112888,-0.0410647,-0.0297759,-4.95175,10.9101,-4.78088,10.5928,-0.156988,0.0845398,-0.161152,0.082354,-0.0444484,-0.062959,-0.0600155,0.60385,0.163492,0.954041,1490.97,1.27577,0,,,0,,,4,2,-0.266852,0.0076227,0.0197165,0.0489684
R1,↳ F5 · x1 encore opposé hors nis_z_100 Q4,6,SL-A 2,SL-A,2,dynamique,0.190476,0,2,2,2,,,,,,,10,630,630,0,8.75,-0.150329,-1379.93,0.927622,0.469841,-2.19036,-0.1715,-0.209231,-0.202789,-2085.18,6,4920.07,6300,1.28047,270,360,-2.69716,-1.81026,-2.25371,-0.443446,-0.211975,-0.141143,-0.176559,-0.0354156,-9.95175,5.91013,-9.78088,5.59284,-0.295498,-0.0497108,-0.304528,-0.0517787,-0.210016,-0.217686,-0.216237,0.60385,0.163492,0.767319,1490.97,2.55153,0,,,0,,,1,0,-0.266852,0.0076227,0.0163111,0.018415
R1,↳ F5 · x1 encore opposé hors nis_z_100 Q4,6,SL-A 2.5,SL-A,2.5,figé,0.139683,0,2.5,2.5,2.5,-1.22944,-4.03789,1.92218,-0.0109628,-0.0754643,0.0556701,5,630,630,0,8.75,0.0934044,1163.64,1.063,0.525397,1.84705,-0.0553964,-0.136752,-0.130066,-1375.75,6,4313.64,3150,0.730241,270,360,-0.374493,3.51321,1.56936,-1.94385,-0.123796,-0.00409659,-0.0639464,-0.0598498,-6.09296,10.2256,-6.11486,9.68937,-0.176464,0.069495,-0.183815,0.0612912,-0.0720391,-0.101347,-0.0986601,0.60385,0.163492,0.926103,1202.99,1.58117,,,,,,,4,2,-1.22944,-0.0109628,-0.00787422,0.0105806
R1,↳ F5 · x1 encore opposé hors nis_z_100 Q4,6,SL-A 2.5,SL-A,2.5,figé,0.139683,0,2.5,2.5,2.5,-1.22944,-4.03789,1.92218,-0.0109628,-0.0754643,0.0556701,10,630,630,0,8.75,-0.202084,-1986.36,0.900919,0.47619,-3.15295,-0.190085,-0.245325,-0.240551,-2571.95,6,4313.64,6300,1.46048,270,360,-5.37449,-1.48679,-3.43064,-1.94385,-0.26493,-0.133951,-0.199441,-0.0654895,-11.093,5.22564,-11.1149,4.68937,-0.312836,-0.0624524,-0.323057,-0.0725399,-0.232832,-0.240636,-0.239185,0.60385,0.163492,0.75087,1202.99,3.16234,,,,,,,2,0,-1.22944,-0.0109628,-0.0065053,-0.00453567
R1,↳ F5 · x1 encore opposé hors nis_z_100 Q4,6,SL-A 2.5,SL-A,2.5,dynamique,0.139683,0,2.5,2.5,2.5,,,,,,,5,630,630,0,8.75,0.0934044,1163.64,1.063,0.525397,1.84705,-0.0553964,-0.136752,-0.130066,-1375.75,6,4313.64,3150,0.730241,270,360,-0.374493,3.51321,1.56936,-1.94385,-0.123796,-0.00409659,-0.0639464,-0.0598498,-6.09296,10.2256,-6.11486,9.68937,-0.176464,0.069495,-0.183815,0.0612912,-0.0720391,-0.101347,-0.0986601,0.60385,0.163492,0.926103,1202.99,1.58117,0,,,0,,,4,2,-1.22944,-0.0109628,-0.00787422,0.0105806
R1,↳ F5 · x1 encore opposé hors nis_z_100 Q4,6,SL-A 2.5,SL-A,2.5,dynamique,0.139683,0,2.5,2.5,2.5,,,,,,,10,630,630,0,8.75,-0.202084,-1986.36,0.900919,0.47619,-3.15295,-0.190085,-0.245325,-0.240551,-2571.95,6,4313.64,6300,1.46048,270,360,-5.37449,-1.48679,-3.43064,-1.94385,-0.26493,-0.133951,-0.199441,-0.0654895,-11.093,5.22564,-11.1149,4.68937,-0.312836,-0.0624524,-0.323057,-0.0725399,-0.232832,-0.240636,-0.239185,0.60385,0.163492,0.75087,1202.99,3.16234,0,,,0,,,2,0,-1.22944,-0.0109628,-0.0065053,-0.00453567
R1,↳ F5 · x1 encore opposé hors nis_z_100 Q4,6,SL-A 3,SL-A,3,figé,0.1,0,3,3,3,-0.907491,-3.49227,1.8564,-0.00935163,-0.0641553,0.0482798,5,630,630,0,8.75,0.115308,1366.47,1.07442,0.530159,2.169,-0.0537853,-0.144643,-0.135721,-1439.9,6,4516.47,3150,0.697447,270,360,0.940587,3.09031,2.01545,-1.07486,-0.105172,-0.0152455,-0.0602086,-0.0449631,-5.97019,10.5917,-5.93222,10.1776,-0.176269,0.0708489,-0.182985,0.0679216,-0.0710866,-0.109005,-0.106342,0.60385,0.163492,0.927949,1215.97,1.56429,,,,,,,4,2,-0.907491,-0.00935163,-0.00692168,0.00292206
R1,↳ F5 · x1 encore opposé hors nis_z_100 Q4,6,SL-A 3,SL-A,3,figé,0.1,0,3,3,3,-0.907491,-3.49227,1.8564,-0.00935163,-0.0641553,0.0482798,10,630,630,0,8.75,-0.186091,-1783.53,0.910498,0.479365,-2.831,-0.188474,-0.247763,-0.243005,-2600.66,6,4516.47,6300,1.39489,270,360,-4.05941,-1.90969,-2.98455,-1.07486,-0.246306,-0.1451,-0.195703,-0.0506028,-10.9702,5.59166,-10.9322,5.17765,-0.31235,-0.0677171,-0.321873,-0.067027,-0.232045,-0.239857,-0.238404,0.60385,0.163492,0.753381,1215.97,3.12857,,,,,,,2,0,-0.907491,-0.00935163,-0.00571794,-0.00375632
R1,↳ F5 · x1 encore opposé hors nis_z_100 Q4,6,SL-A 3,SL-A,3,dynamique,0.1,0,3,3,3,,,,,,,5,630,630,0,8.75,0.115308,1366.47,1.07442,0.530159,2.169,-0.0537853,-0.144643,-0.135721,-1439.9,6,4516.47,3150,0.697447,270,360,0.940587,3.09031,2.01545,-1.07486,-0.105172,-0.0152455,-0.0602086,-0.0449631,-5.97019,10.5917,-5.93222,10.1776,-0.176269,0.0708489,-0.182985,0.0679216,-0.0710866,-0.109005,-0.106342,0.60385,0.163492,0.927949,1215.97,1.56429,0,,,0,,,4,2,-0.907491,-0.00935163,-0.00692168,0.00292206
R1,↳ F5 · x1 encore opposé hors nis_z_100 Q4,6,SL-A 3,SL-A,3,dynamique,0.1,0,3,3,3,,,,,,,10,630,630,0,8.75,-0.186091,-1783.53,0.910498,0.479365,-2.831,-0.188474,-0.247763,-0.243005,-2600.66,6,4516.47,6300,1.39489,270,360,-4.05941,-1.90969,-2.98455,-1.07486,-0.246306,-0.1451,-0.195703,-0.0506028,-10.9702,5.59166,-10.9322,5.17765,-0.31235,-0.0677171,-0.321873,-0.067027,-0.232045,-0.239857,-0.238404,0.60385,0.163492,0.753381,1215.97,3.12857,0,,,0,,,2,0,-0.907491,-0.00935163,-0.00571794,-0.00375632
R1,↳ F5 · x1 encore opposé hors nis_z_100 Q4,6,SL-A 4,SL-A,4,figé,0.0571429,0,4,4,4,-1.2007,-3.37573,1.05011,-0.0222912,-0.0694123,0.0260734,5,630,630,0,8.75,0.0939179,1181.75,1.06363,0.534921,1.87579,-0.0667248,-0.203471,-0.19509,-2054.6,6,4331.75,3150,0.727189,270,360,1.23045,2.3598,1.79512,-0.564674,-0.101523,-0.0406259,-0.0710746,-0.0304488,-6.21126,10.3111,-6.13224,10.1037,-0.199608,0.0583717,-0.203582,0.0578648,-0.0968797,-0.133248,-0.131277,0.60385,0.163492,0.901918,939.155,2.02536,,,,,,,4,1,-1.2007,-0.0222912,-0.0327148,-0.0213207
R1,↳ F5 · x1 encore opposé hors nis_z_100 Q4,6,SL-A 4,SL-A,4,figé,0.0571429,0,4,4,4,-1.2007,-3.37573,1.05011,-0.0222912,-0.0694123,0.0260734,10,630,630,0,8.75,-0.201709,-1968.25,0.902191,0.484127,-3.12421,-0.201414,-0.289568,-0.285074,-3159.82,6,4331.75,6300,1.45438,270,360,-3.76955,-2.6402,-3.20488,-0.564674,-0.242658,-0.170481,-0.206569,-0.0360885,-11.2113,5.31107,-11.1322,5.10372,-0.331408,-0.0735125,-0.340388,-0.078076,-0.253379,-0.260974,-0.259561,0.60385,0.163492,0.734213,939.155,4.05072,,,,,,,2,0,-1.2007,-0.0222912,-0.0270517,-0.0248731
R1,↳ F5 · x1 encore opposé hors nis_z_100 Q4,6,SL-A 4,SL-A,4,dynamique,0.0571429,0,4,4,4,,,,,,,5,630,630,0,8.75,0.0939179,1181.75,1.06363,0.534921,1.87579,-0.0667248,-0.203471,-0.19509,-2054.6,6,4331.75,3150,0.727189,270,360,1.23045,2.3598,1.79512,-0.564674,-0.101523,-0.0406259,-0.0710746,-0.0304488,-6.21126,10.3111,-6.13224,10.1037,-0.199608,0.0583717,-0.203582,0.0578648,-0.0968797,-0.133248,-0.131277,0.60385,0.163492,0.901918,939.155,2.02536,0,,,0,,,4,1,-1.2007,-0.0222912,-0.0327148,-0.0213207
R1,↳ F5 · x1 encore opposé hors nis_z_100 Q4,6,SL-A 4,SL-A,4,dynamique,0.0571429,0,4,4,4,,,,,,,10,630,630,0,8.75,-0.201709,-1968.25,0.902191,0.484127,-3.12421,-0.201414,-0.289568,-0.285074,-3159.82,6,4331.75,6300,1.45438,270,360,-3.76955,-2.6402,-3.20488,-0.564674,-0.242658,-0.170481,-0.206569,-0.0360885,-11.2113,5.31107,-11.1322,5.10372,-0.331408,-0.0735125,-0.340388,-0.078076,-0.253379,-0.260974,-0.259561,0.60385,0.163492,0.734213,939.155,4.05072,0,,,0,,,2,0,-1.2007,-0.0222912,-0.0270517,-0.0248731
R1,↳ F5 · x1 encore opposé hors nis_z_100 Q4,6,SL-A 5,SL-A,5,figé,0.0269841,0,5,5,5,0.0502409,-1.57057,1.67784,0.000288201,-0.0385837,0.0370402,5,630,630,0,8.75,0.184582,1969.84,1.11077,0.534921,3.12673,-0.0441454,-0.162521,-0.15506,-1657.21,6,5119.84,3150,0.615253,270,360,1.44401,4.38877,2.91639,-1.47238,-0.101133,-0.00140476,-0.0512689,-0.0498641,-5.36112,12.2947,-5.40081,11.5897,-0.184602,0.0874292,-0.197668,0.0825699,-0.0638407,-0.102246,-0.100204,0.60385,0.163492,0.936086,1297.52,1.46598,,,,,,,5,2,0.0502409,0.000288201,0.00032418,0.00968136
R1,↳ F5 · x1 encore opposé hors nis_z_100 Q4,6,SL-A 5,SL-A,5,figé,0.0269841,0,5,5,5,0.0502409,-1.57057,1.67784,0.000288201,-0.0385837,0.0370402,10,630,630,0,8.75,-0.135512,-1180.16,0.938963,0.484127,-1.87327,-0.178834,-0.242278,-0.237485,-2519.75,6,5119.84,6300,1.23051,270,360,-3.55599,-0.61123,-2.08361,-1.47238,-0.242267,-0.131259,-0.186763,-0.0555038,-10.3611,7.2947,-10.4008,6.58974,-0.321298,-0.0464393,-0.329952,-0.0515731,-0.226058,-0.233931,-0.232467,0.60385,0.163492,0.759461,1297.52,2.93195,,,,,,,2,0,0.0502409,0.000288201,0.000268669,0.00216939
R1,↳ F5 · x1 encore opposé hors nis_z_100 Q4,6,SL-A 5,SL-A,5,dynamique,0.0269841,0,5,5,5,,,,,,,5,630,630,0,8.75,0.184582,1969.84,1.11077,0.534921,3.12673,-0.0441454,-0.162521,-0.15506,-1657.21,6,5119.84,3150,0.615253,270,360,1.44401,4.38877,2.91639,-1.47238,-0.101133,-0.00140476,-0.0512689,-0.0498641,-5.36112,12.2947,-5.40081,11.5897,-0.184602,0.0874292,-0.197668,0.0825699,-0.0638407,-0.102246,-0.100204,0.60385,0.163492,0.936086,1297.52,1.46598,0,,,0,,,5,2,0.0502409,0.000288201,0.00032418,0.00968136
R1,↳ F5 · x1 encore opposé hors nis_z_100 Q4,6,SL-A 5,SL-A,5,dynamique,0.0269841,0,5,5,5,,,,,,,10,630,630,0,8.75,-0.135512,-1180.16,0.938963,0.484127,-1.87327,-0.178834,-0.242278,-0.237485,-2519.75,6,5119.84,6300,1.23051,270,360,-3.55599,-0.61123,-2.08361,-1.47238,-0.242267,-0.131259,-0.186763,-0.0555038,-10.3611,7.2947,-10.4008,6.58974,-0.321298,-0.0464393,-0.329952,-0.0515731,-0.226058,-0.233931,-0.232467,0.60385,0.163492,0.759461,1297.52,2.93195,0,,,0,,,2,0,0.0502409,0.000288201,0.000268669,0.00216939
R1,↳ F5 · x1 encore opposé hors nis_z_100 Q4,6,SL-B 0,SL-B,0,figé,0.54127,0.0015873,0.319708,0.749653,1.13289,-3.14,-8.57486,2.1122,0.00481365,-0.0845984,0.0976039,5,630,630,0,8.75,-0.0202193,-40.0108,0.99724,0.371429,-0.0635092,-0.03962,-0.136026,-0.130988,-1341.94,5,3109.99,3150,1.01287,270,360,-1.44178,0.970197,-0.235794,-1.20599,-0.0879017,-0.00340873,-0.0456552,-0.0422465,-5.8172,5.925,-5.9595,5.63013,-0.125471,0.0480369,-0.133014,0.0474129,-0.0562314,-0.0846271,-0.0831873,0.60385,0.163492,0.922606,1350.94,1.408,,,,,,,4,2,-3.14,0.00481365,0.00793351,0.0273003
R1,↳ F5 · x1 encore opposé hors nis_z_100 Q4,6,SL-B 0,SL-B,0,figé,0.54127,0.0015873,0.319708,0.749653,1.13289,-3.14,-8.57486,2.1122,0.00481365,-0.0845984,0.0976039,10,630,630,0,8.75,-0.285036,-3190.01,0.80691,0.344444,-5.06351,-0.174309,-0.31608,-0.312751,-3630.99,5,3109.99,6300,2.02573,270,360,-6.44178,-4.0298,-5.23579,-1.20599,-0.229036,-0.133263,-0.18115,-0.0478862,-10.8172,0.924997,-10.9595,0.630131,-0.262254,-0.0848034,-0.270084,-0.0858091,-0.219748,-0.226276,-0.224797,0.60385,0.163492,0.706196,1350.94,2.816,,,,,,,1,0,-3.14,0.00481365,0.00657928,0.00982478
R1,↳ F5 · x1 encore opposé hors nis_z_100 Q4,6,SL-B 0,SL-B,0,dynamique,0.54127,0.0015873,0.319708,0.749653,1.13289,,,,,,,5,630,630,0,8.75,-0.0202193,-40.0108,0.99724,0.371429,-0.0635092,-0.03962,-0.136026,-0.130988,-1341.94,5,3109.99,3150,1.01287,270,360,-1.44178,0.970197,-0.235794,-1.20599,-0.0879017,-0.00340873,-0.0456552,-0.0422465,-5.8172,5.925,-5.9595,5.63013,-0.125471,0.0480369,-0.133014,0.0474129,-0.0562314,-0.0846271,-0.0831873,0.60385,0.163492,0.922606,1350.94,1.408,0,,,0,,,4,2,-3.14,0.00481365,0.00793351,0.0273003
R1,↳ F5 · x1 encore opposé hors nis_z_100 Q4,6,SL-B 0,SL-B,0,dynamique,0.54127,0.0015873,0.319708,0.749653,1.13289,,,,,,,10,630,630,0,8.75,-0.285036,-3190.01,0.80691,0.344444,-5.06351,-0.174309,-0.31608,-0.312751,-3630.99,5,3109.99,6300,2.02573,270,360,-6.44178,-4.0298,-5.23579,-1.20599,-0.229036,-0.133263,-0.18115,-0.0478862,-10.8172,0.924997,-10.9595,0.630131,-0.262254,-0.0848034,-0.270084,-0.0858091,-0.219748,-0.226276,-0.224797,0.60385,0.163492,0.706196,1350.94,2.816,0,,,0,,,1,0,-3.14,0.00481365,0.00657928,0.00982478
R1,↳ F5 · x1 encore opposé hors nis_z_100 Q4,6,SL-B 0.25,SL-B,0.25,figé,0.471429,0,0.569708,0.999653,1.38289,-4.58825,-9.74983,0.172993,-0.0307735,-0.116472,0.0601189,5,630,630,0,8.75,-0.1088,-952.409,0.94373,0.409524,-1.51176,-0.0752071,-0.189043,-0.184315,-1960.9,6,2197.59,3150,1.43339,270,360,-3.50084,-0.019952,-1.7604,-1.74044,-0.127064,-0.0363148,-0.0816892,-0.0453744,-8.15617,5.81755,-8.22235,5.24662,-0.173679,0.0323141,-0.18294,0.0250926,-0.10819,-0.120309,-0.119257,0.60385,0.163492,0.864845,789.224,2.41012,,,,,,,2,1,-4.58825,-0.0307735,-0.0440247,-0.00838195
R1,↳ F5 · x1 encore opposé hors nis_z_100 Q4,6,SL-B 0.25,SL-B,0.25,figé,0.471429,0,0.569708,0.999653,1.38289,-4.58825,-9.74983,0.172993,-0.0307735,-0.116472,0.0601189,10,630,630,0,8.75,-0.349707,-4102.41,0.782216,0.377778,-6.51176,-0.209896,-0.357319,-0.35406,-4211.83,6,2197.59,6300,2.86678,270,360,-8.50084,-5.01995,-6.7604,-1.74044,-0.268198,-0.16617,-0.217184,-0.051014,-13.1562,0.81755,-13.2224,0.246621,-0.308551,-0.100921,-0.320172,-0.107286,-0.262717,-0.268579,-0.267321,0.60385,0.163492,0.679269,789.224,4.82025,,,,,,,0,0,-4.58825,-0.0307735,-0.0363901,-0.0324787
R1,↳ F5 · x1 encore opposé hors nis_z_100 Q4,6,SL-B 0.25,SL-B,0.25,dynamique,0.471429,0,0.569708,0.999653,1.38289,,,,,,,5,630,630,0,8.75,-0.1088,-952.409,0.94373,0.409524,-1.51176,-0.0752071,-0.189043,-0.184315,-1960.9,6,2197.59,3150,1.43339,270,360,-3.50084,-0.019952,-1.7604,-1.74044,-0.127064,-0.0363148,-0.0816892,-0.0453744,-8.15617,5.81755,-8.22235,5.24662,-0.173679,0.0323141,-0.18294,0.0250926,-0.10819,-0.120309,-0.119257,0.60385,0.163492,0.864845,789.224,2.41012,0,,,0,,,2,1,-4.58825,-0.0307735,-0.0440247,-0.00838195
R1,↳ F5 · x1 encore opposé hors nis_z_100 Q4,6,SL-B 0.25,SL-B,0.25,dynamique,0.471429,0,0.569708,0.999653,1.38289,,,,,,,10,630,630,0,8.75,-0.349707,-4102.41,0.782216,0.377778,-6.51176,-0.209896,-0.357319,-0.35406,-4211.83,6,2197.59,6300,2.86678,270,360,-8.50084,-5.01995,-6.7604,-1.74044,-0.268198,-0.16617,-0.217184,-0.051014,-13.1562,0.81755,-13.2224,0.246621,-0.308551,-0.100921,-0.320172,-0.107286,-0.262717,-0.268579,-0.267321,0.60385,0.163492,0.679269,789.224,4.82025,0,,,0,,,0,0,-4.58825,-0.0307735,-0.0363901,-0.0324787
R1,↳ F5 · x1 encore opposé hors nis_z_100 Q4,6,SL-B 0.5,SL-B,0.5,figé,0.37619,0.0015873,0.819708,1.24965,1.63289,-3.87919,-8.43458,0.439196,-0.0262503,-0.111639,0.0614013,5,630,630,0,8.75,-0.0695619,-505.703,0.971138,0.455556,-0.802702,-0.0706839,-0.179389,-0.170754,-1790.44,6,2644.3,3150,1.19124,270,360,-2.60151,0.546401,-1.02755,-1.57395,-0.121555,-0.0325305,-0.0770428,-0.0445123,-7.44302,6.60379,-7.55584,6.01762,-0.174041,0.035993,-0.182903,0.0334013,-0.101258,-0.108847,-0.107575,0.60385,0.163492,0.8799,869.81,2.18683,,,,,,,3,1,-3.87919,-0.0262503,-0.0370931,0.00308052
R1,↳ F5 · x1 encore opposé hors nis_z_100 Q4,6,SL-B 0.5,SL-B,0.5,figé,0.37619,0.0015873,0.819708,1.24965,1.63289,-3.87919,-8.43458,0.439196,-0.0262503,-0.111639,0.0614013,10,630,630,0,8.75,-0.321062,-3655.7,0.810641,0.412698,-5.8027,-0.205373,-0.327576,-0.325606,-3723.03,6,2644.3,6300,2.38249,270,360,-7.60151,-4.4536,-6.02755,-1.57395,-0.262689,-0.162385,-0.212537,-0.050152,-12.443,1.60379,-12.5558,1.01762,-0.309461,-0.0995576,-0.319325,-0.102041,-0.256987,-0.262895,-0.261626,0.60385,0.163492,0.697192,869.81,4.37366,,,,,,,0,0,-3.87919,-0.0262503,-0.0306598,-0.026794
R1,↳ F5 · x1 encore opposé hors nis_z_100 Q4,6,SL-B 0.5,SL-B,0.5,dynamique,0.37619,0.0015873,0.819708,1.24965,1.63289,,,,,,,5,630,630,0,8.75,-0.0695619,-505.703,0.971138,0.455556,-0.802702,-0.0706839,-0.179389,-0.170754,-1790.44,6,2644.3,3150,1.19124,270,360,-2.60151,0.546401,-1.02755,-1.57395,-0.121555,-0.0325305,-0.0770428,-0.0445123,-7.44302,6.60379,-7.55584,6.01762,-0.174041,0.035993,-0.182903,0.0334013,-0.101258,-0.108847,-0.107575,0.60385,0.163492,0.8799,869.81,2.18683,0,,,0,,,3,1,-3.87919,-0.0262503,-0.0370931,0.00308052
R1,↳ F5 · x1 encore opposé hors nis_z_100 Q4,6,SL-B 0.5,SL-B,0.5,dynamique,0.37619,0.0015873,0.819708,1.24965,1.63289,,,,,,,10,630,630,0,8.75,-0.321062,-3655.7,0.810641,0.412698,-5.8027,-0.205373,-0.327576,-0.325606,-3723.03,6,2644.3,6300,2.38249,270,360,-7.60151,-4.4536,-6.02755,-1.57395,-0.262689,-0.162385,-0.212537,-0.050152,-12.443,1.60379,-12.5558,1.01762,-0.309461,-0.0995576,-0.319325,-0.102041,-0.256987,-0.262895,-0.261626,0.60385,0.163492,0.697192,869.81,4.37366,0,,,0,,,0,0,-3.87919,-0.0262503,-0.0306598,-0.026794
R1,↳ F5 · x1 encore opposé hors nis_z_100 Q4,6,SL-B 1,SL-B,1,figé,0.24127,0,1.31971,1.74965,2.13289,-1.45723,-4.47389,1.72956,-0.0124974,-0.0835679,0.0586843,5,630,630,0,8.75,0.0807734,1020.13,1.05724,0.501587,1.61926,-0.056931,-0.144668,-0.139911,-1492.26,6,4170.13,3150,0.755371,270,360,1.7802,1.49856,1.63938,0.140823,-0.0741058,-0.04405,-0.0590779,-0.0150279,-6.07928,9.4355,-5.85497,9.4057,-0.177423,0.0642393,-0.178937,0.0643807,-0.0756643,-0.0970003,-0.0945911,0.60385,0.163492,0.917666,1157.12,1.64385,,,,,,,4,2,-1.45723,-0.0124974,-0.0114993,0.0149272
R1,↳ F5 · x1 encore opposé hors nis_z_100 Q4,6,SL-B 1,SL-B,1,figé,0.24127,0,1.31971,1.74965,2.13289,-1.45723,-4.47389,1.72956,-0.0124974,-0.0835679,0.0586843,10,630,630,0,8.75,-0.211305,-2129.87,0.890628,0.452381,-3.38074,-0.19162,-0.241862,-0.236353,-2517.91,6,4170.13,6300,1.51074,270,360,-3.2198,-3.50144,-3.36062,0.140823,-0.21524,-0.173905,-0.194572,-0.0206676,-11.0793,4.4355,-10.855,4.4057,-0.312143,-0.0698743,-0.318034,-0.0682874,-0.235831,-0.245391,-0.243963,0.60385,0.163492,0.737311,1157.12,3.2877,,,,,,,1,0,-1.45723,-0.0124974,-0.00950341,-0.00929052
R1,↳ F5 · x1 encore opposé hors nis_z_100 Q4,6,SL-B 1,SL-B,1,dynamique,0.24127,0,1.31971,1.74965,2.13289,,,,,,,5,630,630,0,8.75,0.0807734,1020.13,1.05724,0.501587,1.61926,-0.056931,-0.144668,-0.139911,-1492.26,6,4170.13,3150,0.755371,270,360,1.7802,1.49856,1.63938,0.140823,-0.0741058,-0.04405,-0.0590779,-0.0150279,-6.07928,9.4355,-5.85497,9.4057,-0.177423,0.0642393,-0.178937,0.0643807,-0.0756643,-0.0970003,-0.0945911,0.60385,0.163492,0.917666,1157.12,1.64385,0,,,0,,,4,2,-1.45723,-0.0124974,-0.0114993,0.0149272
R1,↳ F5 · x1 encore opposé hors nis_z_100 Q4,6,SL-B 1,SL-B,1,dynamique,0.24127,0,1.31971,1.74965,2.13289,,,,,,,10,630,630,0,8.75,-0.211305,-2129.87,0.890628,0.452381,-3.38074,-0.19162,-0.241862,-0.236353,-2517.91,6,4170.13,6300,1.51074,270,360,-3.2198,-3.50144,-3.36062,0.140823,-0.21524,-0.173905,-0.194572,-0.0206676,-11.0793,4.4355,-10.855,4.4057,-0.312143,-0.0698743,-0.318034,-0.0682874,-0.235831,-0.245391,-0.243963,0.60385,0.163492,0.737311,1157.12,3.2877,0,,,0,,,1,0,-1.45723,-0.0124974,-0.00950341,-0.00929052
R1,↳ F5 · x1 encore opposé hors nis_z_100 Q4,13,sans,sans,,figé,0,0,,,,0,0,0,0,0,0,5,630,604,0.0412698,8.38889,0.16876,2111.95,1.08456,0.501656,3.49661,-0.105598,-0.3088,-0.301778,-3394.5,13,5131.95,3020,0.58847,254,350,-0.286017,6.24172,2.97785,-3.26387,-0.230972,-0.014613,-0.122792,-0.108179,-8.46834,15.4723,-8.93784,14.7731,-0.349102,0.129106,-0.371337,0.107238,-0.129273,-0.27712,-0.272948,0.600816,0.15894,0.910322,565.785,3.20699,,,,,,,2,2,0,0,0,0
R1,↳ F5 · x1 encore opposé hors nis_z_100 Q4,13,sans,sans,,figé,0,0,,,,0,0,0,0,0,0,10,630,604,0.0412698,8.38889,-0.135913,-908.048,0.965786,0.460265,-1.50339,-0.237756,-0.427764,-0.42391,-5207.31,13,5131.95,6040,1.17694,254,350,-5.28602,1.24172,-2.02215,-3.26387,-0.367395,-0.143676,-0.255535,-0.111859,-13.4683,10.4723,-13.9378,9.77312,-0.488954,0.00260013,-0.507257,-0.0212301,-0.273856,-0.366066,-0.362139,0.600816,0.15894,0.794428,565.785,6.41397,,,,,,,2,2,0,0,0,0
R1,↳ F5 · x1 encore opposé hors nis_z_100 Q4,13,sans,sans,,dynamique,0,0,,,,,,,,,,5,630,604,0.0412698,8.38889,0.16876,2111.95,1.08456,0.501656,3.49661,-0.105598,-0.3088,-0.301778,-3394.5,13,5131.95,3020,0.58847,254,350,-0.286017,6.24172,2.97785,-3.26387,-0.230972,-0.014613,-0.122792,-0.108179,-8.46834,15.4723,-8.93784,14.7731,-0.349102,0.129106,-0.371337,0.107238,-0.129273,-0.27712,-0.272948,0.600816,0.15894,0.910322,565.785,3.20699,0,,,0,,,2,2,0,0,0,0
R1,↳ F5 · x1 encore opposé hors nis_z_100 Q4,13,sans,sans,,dynamique,0,0,,,,,,,,,,10,630,604,0.0412698,8.38889,-0.135913,-908.048,0.965786,0.460265,-1.50339,-0.237756,-0.427764,-0.42391,-5207.31,13,5131.95,6040,1.17694,254,350,-5.28602,1.24172,-2.02215,-3.26387,-0.367395,-0.143676,-0.255535,-0.111859,-13.4683,10.4723,-13.9378,9.77312,-0.488954,0.00260013,-0.507257,-0.0212301,-0.273856,-0.366066,-0.362139,0.600816,0.15894,0.794428,565.785,6.41397,0,,,0,,,2,2,0,0,0,0
R1,↳ F5 · x1 encore opposé hors nis_z_100 Q4,13,SL-A 1,SL-A,1,figé,0.615894,0.00331126,1,1,1,-6.11567,-14.2875,1.95275,-0.00614974,-0.195493,0.176939,5,630,604,0.0412698,8.38889,-0.171928,-1581.91,0.924489,0.316225,-2.61906,-0.111748,-0.320693,-0.307871,-3507.12,8,1438.09,3020,2.10001,254,350,-7.09026,0.625756,-3.23225,-3.85801,-0.239664,-0.0189172,-0.129291,-0.110374,-10.1673,5.031,-10.6513,4.2252,-0.250039,0.0307147,-0.263372,0.010368,-0.148487,-0.215695,-0.215028,0.600816,0.15894,0.851672,268.237,6.76442,,,,,,,2,1,-6.11567,-0.00614974,-0.0192138,0.061425
R1,↳ F5 · x1 encore opposé hors nis_z_100 Q4,13,SL-A 1,SL-A,1,figé,0.615894,0.00331126,1,1,1,-6.11567,-14.2875,1.95275,-0.00614974,-0.195493,0.176939,10,630,604,0.0412698,8.38889,-0.387888,-4601.91,0.800341,0.293046,-7.61906,-0.243906,-0.468692,-0.456777,-5927.12,8,1438.09,6040,4.20002,254,350,-12.0903,-4.37424,-8.23225,-3.85801,-0.376087,-0.14798,-0.262034,-0.114054,-15.1673,0.0309972,-15.6513,-0.774801,-0.380964,-0.0977326,-0.396818,-0.119902,-0.289851,-0.329013,-0.326667,0.600816,0.15894,0.713054,268.237,13.5288,,,,,,,1,1,-6.11567,-0.00614974,-0.0159946,0.037053
R1,↳ F5 · x1 encore opposé hors nis_z_100 Q4,13,SL-A 1,SL-A,1,dynamique,0.614122,0.00328407,1,1,1,,,,,,,5,630,609,0.0333333,8.45833,-0.160605,-1445.46,0.93116,0.318555,-2.3735,-0.11006,-0.312604,-0.299629,-3391.39,8,1599.54,3045,1.90367,256,353,-6.86065,0.880644,-2.99001,-3.87065,-0.240931,-0.0151505,-0.128041,-0.11289,-9.87018,5.29659,-10.4167,4.36814,-0.246996,0.028481,-0.260374,0.00819376,-0.144359,-0.211832,-0.211096,0.601177,0.159278,0.85687,332.899,5.49892,5,27.2903,0.0938832,0,,,2,1,-5.87011,-0.00446147,-0.0150862,0.0652876
R1,↳ F5 · x1 encore opposé hors nis_z_100 Q4,13,SL-A 1,SL-A,1,dynamique,0.614122,0.00328407,1,1,1,,,,,,,10,630,609,0.0333333,8.45833,-0.381064,-4490.46,0.805666,0.295567,-7.3735,-0.243334,-0.463168,-0.45113,-5823.32,8,1599.54,6090,3.80735,256,353,-11.8607,-4.11936,-7.99001,-3.87065,-0.380173,-0.144096,-0.262135,-0.118038,-14.8702,0.296593,-15.4167,-0.631862,-0.37998,-0.0988438,-0.39625,-0.121951,-0.287557,-0.326847,-0.324493,0.601177,0.159278,0.716988,332.899,10.9978,5,22.2903,-0.174196,0,,,1,1,-5.87011,-0.00557741,-0.0137013,0.0392198
R1,↳ F5 · x1 encore opposé hors nis_z_100 Q4,13,SL-A 1.5,SL-A,1.5,figé,0.480132,0.00331126,1.5,1.5,1.5,-5.69202,-13.9207,2.27774,-0.0181682,-0.199501,0.154839,5,630,604,0.0412698,8.38889,-0.157716,-1326.03,0.945539,0.389073,-2.19541,-0.123767,-0.338345,-0.321727,-3667.54,13,1693.97,3020,1.78279,254,350,-1.29249,-2.85067,-2.07158,0.779089,-0.156129,-0.100281,-0.128205,-0.0279243,-11.0765,6.05195,-10.6589,6.17162,-0.287801,0.0369951,-0.28736,0.0333966,-0.159838,-0.237215,-0.235437,0.600816,0.15894,0.863985,150.381,12.0658,,,,,,,2,1,-5.69202,-0.0181682,-0.0305649,0.0399042
R1,↳ F5 · x1 encore opposé hors nis_z_100 Q4,13,SL-A 1.5,SL-A,1.5,figé,0.480132,0.00331126,1.5,1.5,1.5,-5.69202,-13.9207,2.27774,-0.0181682,-0.199501,0.154839,10,630,604,0.0412698,8.38889,-0.37738,-4346.03,0.834368,0.359272,-7.19541,-0.255925,-0.473061,-0.460205,-5908.56,13,1693.97,6040,3.56558,254,350,-6.29249,-7.85067,-7.07158,0.779089,-0.292552,-0.229343,-0.260948,-0.0316043,-16.0765,1.05195,-15.6589,1.17162,-0.420638,-0.0920354,-0.424147,-0.0957159,-0.299329,-0.345044,-0.343517,0.600816,0.15894,0.740611,150.381,24.1316,,,,,,,1,1,-5.69202,-0.0181682,-0.0254731,0.0210219
R1,↳ F5 · x1 encore opposé hors nis_z_100 Q4,13,SL-A 1.5,SL-A,1.5,dynamique,0.480198,0.00330033,1.5,1.5,1.5,,,,,,,5,630,606,0.0380952,8.41667,-0.15374,-1278.74,0.94751,0.389439,-2.11013,-0.124642,-0.33923,-0.322634,-3680.91,13,1751.26,3030,1.73018,255,351,-1.33987,-2.66972,-2.00479,0.664924,-0.164911,-0.0953861,-0.130149,-0.0347627,-10.9849,6.12914,-10.5573,6.2488,-0.285088,0.0381723,-0.287743,0.0314896,-0.157568,-0.235155,-0.233372,0.601584,0.160066,0.866344,185.782,9.8115,2,23.6444,-0.388974,0,,,2,1,-5.60674,-0.0190435,-0.0282953,0.0419647
R1,↳ F5 · x1 encore opposé hors nis_z_100 Q4,13,SL-A 1.5,SL-A,1.5,dynamique,0.480198,0.00330033,1.5,1.5,1.5,,,,,,,10,630,606,0.0380952,8.41667,-0.375064,-4308.74,0.835904,0.359736,-7.11013,-0.258062,-0.471102,-0.458198,-5871.27,13,1751.26,6060,3.46036,255,351,-6.33987,-7.66972,-7.00479,0.664924,-0.304312,-0.224461,-0.264386,-0.0399252,-15.9849,1.12914,-15.5573,1.2488,-0.417591,-0.0944203,-0.426957,-0.100987,-0.298021,-0.343822,-0.342292,0.601584,0.160066,0.74236,185.782,19.623,2,18.6444,-0.903448,0,,,1,1,-5.60674,-0.0203053,-0.0241652,0.0222444
R1,↳ F5 · x1 encore opposé hors nis_z_100 Q4,13,SL-A 2,SL-A,2,figé,0.35596,0,2,2,2,-2.5692,-9.4232,4.50263,-0.00523037,-0.176539,0.154445,5,630,604,0.0412698,8.38889,0.0136696,560.157,1.02299,0.438742,0.927412,-0.110829,-0.269685,-0.261379,-3000.25,13,3580.16,3020,0.843538,254,350,-0.12945,1.69439,0.782471,-0.911921,-0.183592,-0.0580234,-0.120808,-0.0627842,-7.45354,9.87756,-7.58253,9.76,-0.274683,0.0684726,-0.287146,0.056527,-0.136977,-0.204886,-0.200973,0.600816,0.15894,0.891448,428.229,4.23714,,,,,,,4,3,-2.5692,-0.00523037,-0.00770429,0.0722334
R1,↳ F5 · x1 encore opposé hors nis_z_100 Q4,13,SL-A 2,SL-A,2,figé,0.35596,0,2,2,2,-2.5692,-9.4232,4.50263,-0.00523037,-0.176539,0.154445,10,630,604,0.0412698,8.38889,-0.250623,-2459.84,0.905778,0.407285,-4.07259,-0.242987,-0.354532,-0.350297,-4081.65,13,3580.16,6040,1.68708,254,350,-5.12945,-3.30561,-4.21753,-0.911921,-0.320015,-0.187086,-0.253551,-0.0664642,-12.4535,4.87756,-12.5825,4.76,-0.412422,-0.0620971,-0.422633,-0.070558,-0.280269,-0.31298,-0.311011,0.600816,0.15894,0.769193,428.229,8.47427,,,,,,,3,1,-2.5692,-0.00523037,-0.0064127,0.0530864
R1,↳ F5 · x1 encore opposé hors nis_z_100 Q4,13,SL-A 2,SL-A,2,dynamique,0.356436,0,2,2,2,,,,,,,5,630,606,0.0380952,8.41667,0.0181703,604.654,1.0248,0.438944,0.997779,-0.112572,-0.270865,-0.262573,-3016.41,13,3634.65,3030,0.833642,255,351,-0.192336,1.86239,0.835028,-1.02736,-0.194227,-0.0532493,-0.123738,-0.0704889,-7.35364,9.915,-7.48674,9.90243,-0.279179,0.0616824,-0.290987,0.0539263,-0.134888,-0.202961,-0.199038,0.601584,0.160066,0.893484,460.839,3.95539,2,22.2487,-0.638974,0,,,4,3,-2.49883,-0.00697342,-0.00561485,0.0741584
R1,↳ F5 · x1 encore opposé hors nis_z_100 Q4,13,SL-A 2,SL-A,2,dynamique,0.356436,0,2,2,2,,,,,,,10,630,606,0.0380952,8.41667,-0.248046,-2425.35,0.907175,0.407591,-4.00222,-0.245992,-0.352313,-0.348063,-4047.15,13,3634.65,6060,1.66728,255,351,-5.19234,-3.13761,-4.16497,-1.02736,-0.333627,-0.182324,-0.257976,-0.0756515,-12.3536,4.915,-12.4867,4.90243,-0.416036,-0.0692371,-0.428415,-0.0779949,-0.279127,-0.31189,-0.309918,0.601584,0.160066,0.770693,460.839,7.91079,2,17.2487,-1.15345,0,,,3,1,-2.49883,-0.00823519,-0.0052709,0.0541763
R1,↳ F5 · x1 encore opposé hors nis_z_100 Q4,13,SL-A 2.5,SL-A,2.5,figé,0.269868,0,2.5,2.5,2.5,-2.35074,-8.56189,4.02341,0.00303821,-0.139029,0.14432,5,630,604,0.0412698,8.38889,0.0239761,692.104,1.02749,0.461921,1.14587,-0.10256,-0.27704,-0.271947,-3138.68,13,3712.1,3020,0.813555,254,350,-2.68114,3.92318,0.621021,-3.30216,-0.227291,-0.0120412,-0.119666,-0.107625,-7.9461,11.0399,-8.77063,10.4194,-0.273607,0.0865798,-0.29811,0.0678561,-0.126778,-0.218267,-0.215,0.600816,0.15894,0.905115,555.844,3.26434,,,,,,,4,2,-2.35074,0.00303821,0.00249448,0.0588529
R1,↳ F5 · x1 encore opposé hors nis_z_100 Q4,13,SL-A 2.5,SL-A,2.5,figé,0.269868,0,2.5,2.5,2.5,-2.35074,-8.56189,4.02341,0.00303821,-0.139029,0.14432,10,630,604,0.0412698,8.38889,-0.243001,-2327.9,0.9133,0.430464,-3.85413,-0.234718,-0.384262,-0.375167,-4475.54,13,3712.1,6040,1.62711,254,350,-7.68114,-1.07682,-4.37898,-3.30216,-0.363714,-0.141104,-0.252409,-0.111305,-12.9461,6.03993,-13.7706,5.41939,-0.408513,-0.0390662,-0.433991,-0.0579603,-0.271759,-0.330796,-0.328669,0.600816,0.15894,0.785269,555.844,6.52869,,,,,,,4,1,-2.35074,0.00303821,0.00209696,0.0352702
R1,↳ F5 · x1 encore opposé hors nis_z_100 Q4,13,SL-A 2.5,SL-A,2.5,dynamique,0.270627,0,2.5,2.5,2.5,,,,,,,5,630,606,0.0380952,8.41667,0.0282349,733.81,1.02912,0.462046,1.21091,-0.105155,-0.27841,-0.273327,-3157.63,13,3763.81,3030,0.805035,255,351,-2.74497,4.08483,0.669933,-3.4149,-0.239716,-0.0073982,-0.123557,-0.116159,-7.77265,11.169,-8.68844,10.4673,-0.276702,0.085484,-0.302548,0.0639483,-0.124909,-0.219749,-0.216488,0.601584,0.160066,0.906868,585.662,3.11237,2,20.853,-0.888974,0,,,4,2,-2.2857,0.000442786,0.00436388,0.057371
R1,↳ F5 · x1 encore opposé hors nis_z_100 Q4,13,SL-A 2.5,SL-A,2.5,dynamique,0.270627,0,2.5,2.5,2.5,,,,,,,10,630,606,0.0380952,8.41667,-0.240611,-2296.19,0.914557,0.430693,-3.78909,-0.238575,-0.385737,-0.376664,-4499.49,13,3763.81,6060,1.61007,255,351,-7.74497,-0.915168,-4.33007,-3.4149,-0.379116,-0.136473,-0.257794,-0.121321,-12.7726,6.16895,-13.6884,5.46732,-0.416678,-0.0416638,-0.438984,-0.0622586,-0.270808,-0.329922,-0.327792,0.601584,0.160066,0.786545,585.662,6.22475,2,15.853,-1.40345,0,,,4,1,-2.2857,-0.000818982,0.00304823,0.0361444
R1,↳ F5 · x1 encore opposé hors nis_z_100 Q4,13,SL-A 3,SL-A,3,figé,0.205298,0,3,3,3,-0.602009,-5.65734,5.01532,0.0263211,-0.0931549,0.153099,5,630,604,0.0412698,8.38889,0.13581,1748.34,1.07033,0.483444,2.8946,-0.0792771,-0.268256,-0.262769,-2916.95,13,4768.34,3020,0.633344,254,350,-0.475568,5.34038,2.43241,-2.90797,-0.192178,0.00265667,-0.0947607,-0.0974174,-6.81236,13.1546,-7.15742,12.803,-0.260263,0.119396,-0.281049,0.100678,-0.0964287,-0.21781,-0.213742,0.600816,0.15894,0.931484,903.672,2.00788,,,,,,,4,3,-0.602009,0.0263211,0.0328442,0.0593096
R1,↳ F5 · x1 encore opposé hors nis_z_100 Q4,13,SL-A 3,SL-A,3,figé,0.205298,0,3,3,3,-0.602009,-5.65734,5.01532,0.0263211,-0.0931549,0.153099,10,630,604,0.0412698,8.38889,-0.160282,-1271.66,0.951962,0.44702,-2.1054,-0.211435,-0.366485,-0.348585,-4132.4,13,4768.34,6040,1.26669,254,350,-5.47557,0.34038,-2.56759,-2.90797,-0.328601,-0.126406,-0.227504,-0.101097,-11.8124,8.15463,-12.1574,7.80299,-0.397586,-0.0124352,-0.419618,-0.0244457,-0.246443,-0.309705,-0.307511,0.600816,0.15894,0.809414,903.672,4.01576,,,,,,,4,1,-0.602009,0.0263211,0.0274125,0.0563611
R1,↳ F5 · x1 encore opposé hors nis_z_100 Q4,13,SL-A 3,SL-A,3,dynamique,0.204959,0,3,3,3,,,,,,,5,630,605,0.0396825,8.40278,0.1427,1809,1.07277,0.484298,2.99009,-0.0764723,-0.268256,-0.262769,-2916.95,13,4834,3025,0.625776,254,351,-0.475568,5.49799,2.51121,-2.98678,-0.192178,0.00725784,-0.0924601,-0.0997179,-6.62271,13.2342,-7.04063,12.8369,-0.257098,0.120187,-0.280384,0.102712,-0.0927745,-0.21781,-0.213742,0.600925,0.158678,0.934526,947.447,1.91863,1,60.6629,1.61767,0,,,4,3,-0.506524,0.029126,0.0364984,0.0593096
R1,↳ F5 · x1 encore opposé hors nis_z_100 Q4,13,SL-A 3,SL-A,3,dynamique,0.204959,0,3,3,3,,,,,,,10,630,605,0.0396825,8.40278,-0.155608,-1216,0.954064,0.447934,-2.00991,-0.208632,-0.366485,-0.348585,-4132.4,13,4834,6050,1.25155,254,351,-5.47557,0.497993,-2.48879,-2.98678,-0.328601,-0.121817,-0.225209,-0.103392,-11.6227,8.23415,-12.0406,7.83685,-0.395987,-0.00798121,-0.417654,-0.0231214,-0.243647,-0.307144,-0.304942,0.600925,0.158678,0.812009,947.447,3.83726,1,55.6629,1.48433,0,,,4,1,-0.506524,0.0291241,0.0302089,0.0589227
R1,↳ F5 · x1 encore opposé hors nis_z_100 Q4,13,SL-A 4,SL-A,4,figé,0.13245,0,4,4,4,-0.482691,-4.77868,4.08895,-0.000465295,-0.108345,0.109004,5,630,604,0.0412698,8.38889,0.14227,1820.41,1.0732,0.493377,3.01392,-0.106064,-0.286524,-0.281173,-3165.43,13,4840.41,3020,0.623915,254,350,2.21845,3.5912,2.90483,-0.686376,-0.178708,-0.0533444,-0.116026,-0.0626818,-7.34982,13.8767,-7.50827,13.9388,-0.31016,0.0986378,-0.323925,0.090688,-0.125382,-0.240742,-0.234796,0.600816,0.15894,0.910216,587.33,3.08935,,,,,,,3,3,-0.482691,-0.000465295,0.00389075,0.0363774
R1,↳ F5 · x1 encore opposé hors nis_z_100 Q4,13,SL-A 4,SL-A,4,figé,0.13245,0,4,4,4,-0.482691,-4.77868,4.08895,-0.000465295,-0.108345,0.109004,10,630,604,0.0412698,8.38889,-0.155505,-1199.59,0.954661,0.451987,-1.98608,-0.238222,-0.379079,-0.374333,-4499.99,13,4840.41,6040,1.24783,254,350,-2.78155,-1.4088,-2.09517,-0.686376,-0.315131,-0.182407,-0.248769,-0.0663618,-12.3498,8.87671,-12.5083,8.93875,-0.449507,-0.028644,-0.459295,-0.0369612,-0.270603,-0.330704,-0.326557,0.600816,0.15894,0.792539,587.33,6.17869,,,,,,,3,2,-0.482691,-0.000465295,0.00325332,0.0353623
R1,↳ F5 · x1 encore opposé hors nis_z_100 Q4,13,SL-A 4,SL-A,4,dynamique,0.13245,0,4,4,4,,,,,,,5,630,604,0.0412698,8.38889,0.14227,1820.41,1.0732,0.493377,3.01392,-0.106064,-0.286524,-0.281173,-3165.43,13,4840.41,3020,0.623915,254,350,2.21845,3.5912,2.90483,-0.686376,-0.178708,-0.0533444,-0.116026,-0.0626818,-7.34982,13.8767,-7.50827,13.9388,-0.31016,0.0986378,-0.323925,0.090688,-0.125382,-0.240742,-0.234796,0.600816,0.15894,0.910216,587.33,3.08935,0,,,0,,,3,3,-0.482691,-0.000465295,0.00389075,0.0363774
R1,↳ F5 · x1 encore opposé hors nis_z_100 Q4,13,SL-A 4,SL-A,4,dynamique,0.13245,0,4,4,4,,,,,,,10,630,604,0.0412698,8.38889,-0.155505,-1199.59,0.954661,0.451987,-1.98608,-0.238222,-0.379079,-0.374333,-4499.99,13,4840.41,6040,1.24783,254,350,-2.78155,-1.4088,-2.09517,-0.686376,-0.315131,-0.182407,-0.248769,-0.0663618,-12.3498,8.87671,-12.5083,8.93875,-0.449507,-0.028644,-0.459295,-0.0369612,-0.270603,-0.330704,-0.326557,0.600816,0.15894,0.792539,587.33,6.17869,0,,,0,,,3,2,-0.482691,-0.000465295,0.00325332,0.0353623
R1,↳ F5 · x1 encore opposé hors nis_z_100 Q4,13,SL-A 5,SL-A,5,figé,0.0711921,0,5,5,5,1.36522,-1.51149,4.74075,0.0378549,-0.042074,0.123116,5,630,604,0.0412698,8.38889,0.27676,2936.55,1.12247,0.496689,4.86183,-0.0677434,-0.26597,-0.258513,-2840.17,13,5956.55,3020,0.507005,254,350,3.45198,5.88499,4.66848,-1.21651,-0.150471,-0.00770688,-0.0790889,-0.071382,-5.98792,16.4073,-6.21125,16.0353,-0.281432,0.148408,-0.292564,0.13779,-0.0774269,-0.222563,-0.218077,0.600816,0.15894,0.947878,1123.08,1.61561,,,,,,,4,2,1.36522,0.0378549,0.051846,0.0545564
R1,↳ F5 · x1 encore opposé hors nis_z_100 Q4,13,SL-A 5,SL-A,5,figé,0.0711921,0,5,5,5,1.36522,-1.51149,4.74075,0.0378549,-0.042074,0.123116,10,630,604,0.0412698,8.38889,-0.0560221,-83.4522,0.996735,0.455298,-0.138166,-0.199901,-0.358999,-0.354681,-4135.38,13,5956.55,6040,1.01401,254,350,-1.54802,0.884989,-0.331518,-1.21651,-0.286894,-0.13677,-0.211832,-0.075062,-10.9879,11.4073,-11.2113,11.0353,-0.420048,0.0221993,-0.43504,0.0113958,-0.230601,-0.318204,-0.313979,0.600816,0.15894,0.824176,1123.08,3.23122,,,,,,,2,2,1.36522,0.0378549,0.0432551,0.0478625
R1,↳ F5 · x1 encore opposé hors nis_z_100 Q4,13,SL-A 5,SL-A,5,dynamique,0.0711921,0,5,5,5,,,,,,,5,630,604,0.0412698,8.38889,0.27676,2936.55,1.12247,0.496689,4.86183,-0.0677434,-0.26597,-0.258513,-2840.17,13,5956.55,3020,0.507005,254,350,3.45198,5.88499,4.66848,-1.21651,-0.150471,-0.00770688,-0.0790889,-0.071382,-5.98792,16.4073,-6.21125,16.0353,-0.281432,0.148408,-0.292564,0.13779,-0.0774269,-0.222563,-0.218077,0.600816,0.15894,0.947878,1123.08,1.61561,0,,,0,,,4,2,1.36522,0.0378549,0.051846,0.0545564
R1,↳ F5 · x1 encore opposé hors nis_z_100 Q4,13,SL-A 5,SL-A,5,dynamique,0.0711921,0,5,5,5,,,,,,,10,630,604,0.0412698,8.38889,-0.0560221,-83.4522,0.996735,0.455298,-0.138166,-0.199901,-0.358999,-0.354681,-4135.38,13,5956.55,6040,1.01401,254,350,-1.54802,0.884989,-0.331518,-1.21651,-0.286894,-0.13677,-0.211832,-0.075062,-10.9879,11.4073,-11.2113,11.0353,-0.420048,0.0221993,-0.43504,0.0113958,-0.230601,-0.318204,-0.313979,0.600816,0.15894,0.824176,1123.08,3.23122,0,,,0,,,2,2,1.36522,0.0378549,0.0432551,0.0478625
R1,↳ F5 · x1 encore opposé hors nis_z_100 Q4,13,SL-B 0,SL-B,0,figé,0.692053,0.00165563,0.318607,0.754156,1.1352,-5.2806,-14.4103,3.36854,0.0307769,-0.159262,0.213284,5,630,604,0.0412698,8.38889,-0.124029,-1077.53,0.937454,0.258278,-1.78399,-0.0748214,-0.275499,-0.267791,-3019.48,5,1942.47,3020,1.55472,254,350,-4.96187,0.522236,-2.21982,-2.74205,-0.174211,-0.00269296,-0.088452,-0.085759,-7.9211,4.86847,-8.44378,4.23585,-0.193807,0.0547302,-0.205979,0.0394426,-0.101178,-0.176364,-0.175761,0.600816,0.15894,0.882018,798.871,2.27129,,,,,,,3,2,-5.2806,0.0307769,0.0280951,0.100755
R1,↳ F5 · x1 encore opposé hors nis_z_100 Q4,13,SL-B 0,SL-B,0,figé,0.692053,0.00165563,0.318607,0.754156,1.1352,-5.2806,-14.4103,3.36854,0.0307769,-0.159262,0.213284,10,630,604,0.0412698,8.38889,-0.352461,-4097.53,0.789708,0.246689,-6.78399,-0.206979,-0.423692,-0.416932,-5256.02,5,1942.47,6040,3.10945,254,350,-9.96187,-4.47776,-7.21982,-2.74205,-0.310634,-0.131756,-0.221195,-0.089439,-12.9211,-0.131529,-13.4438,-0.764147,-0.328309,-0.0749094,-0.342857,-0.0936734,-0.250381,-0.289724,-0.289132,0.600816,0.15894,0.716509,798.871,4.54258,,,,,,,1,1,-5.2806,0.0307769,0.0234754,0.0763423
R1,↳ F5 · x1 encore opposé hors nis_z_100 Q4,13,SL-B 0,SL-B,0,dynamique,0.691803,0.00163934,0.319708,0.754156,1.13512,,,,,,,5,630,610,0.031746,8.47222,-0.123788,-1074.24,0.93805,0.259016,-1.76105,-0.0769753,-0.280858,-0.273207,-3093.59,5,1975.76,3050,1.54371,257,353,-4.78969,0.443931,-2.17288,-2.61681,-0.178523,-0.00304396,-0.0907834,-0.0877395,-7.88858,4.78476,-8.33322,4.19211,-0.195566,0.0504281,-0.208362,0.0316703,-0.101358,-0.176339,-0.175735,0.601831,0.160656,0.882755,818.177,2.24351,6,0.548362,-0.293797,0,,,3,2,-5.25766,0.028623,0.0279151,0.100781
R1,↳ F5 · x1 encore opposé hors nis_z_100 Q4,13,SL-B 0,SL-B,0,dynamique,0.691803,0.00163934,0.319708,0.754156,1.13512,,,,,,,10,630,610,0.031746,8.47222,-0.354223,-4124.24,0.789768,0.247541,-6.76105,-0.210506,-0.425635,-0.418898,-5289.47,5,1975.76,6100,3.08742,257,353,-9.78969,-4.55607,-7.17288,-2.61681,-0.318351,-0.13199,-0.225171,-0.0931808,-12.8886,-0.215242,-13.3332,-0.807895,-0.330835,-0.0797101,-0.345525,-0.0996449,-0.252113,-0.290753,-0.290162,0.601831,0.160656,0.716621,818.177,4.48701,6,-4.45164,-0.565512,0,,,1,1,-5.25766,0.0272503,0.0217433,0.0753131
R1,↳ F5 · x1 encore opposé hors nis_z_100 Q4,13,SL-B 0.25,SL-B,0.25,figé,0.634106,0.00165563,0.568607,1.00416,1.3852,-6.81834,-16.2016,1.63822,-0.0132818,-0.200949,0.168277,5,630,604,0.0412698,8.38889,-0.204994,-2006.32,0.901247,0.299669,-3.32173,-0.11888,-0.326674,-0.314047,-3617.23,7,1013.68,3020,2.97925,254,350,-6.41894,-1.07404,-3.74649,-2.67245,-0.216571,-0.0479846,-0.132278,-0.084293,-10.546,4.38807,-10.832,3.81553,-0.246044,0.0234904,-0.263039,0.0125079,-0.158259,-0.227604,-0.226539,0.600816,0.15894,0.835741,149.569,12.1313,,,,,,,2,1,-6.81834,-0.0132818,-0.0289856,0.0495153
R1,↳ F5 · x1 encore opposé hors nis_z_100 Q4,13,SL-B 0.25,SL-B,0.25,figé,0.634106,0.00165563,0.568607,1.00416,1.3852,-6.81834,-16.2016,1.63822,-0.0132818,-0.200949,0.168277,10,630,604,0.0412698,8.38889,-0.412342,-5026.32,0.77618,0.281457,-8.32173,-0.251038,-0.471593,-0.45915,-5974.34,7,1013.68,6040,5.95851,254,350,-11.4189,-6.07404,-8.74649,-2.67245,-0.352994,-0.177048,-0.265021,-0.087973,-15.546,-0.611933,-15.832,-1.18447,-0.380515,-0.106777,-0.39709,-0.120167,-0.298004,-0.338202,-0.335888,0.600816,0.15894,0.696189,149.569,24.2625,,,,,,,1,1,-6.81834,-0.0132818,-0.0241481,0.0278642
R1,↳ F5 · x1 encore opposé hors nis_z_100 Q4,13,SL-B 0.25,SL-B,0.25,dynamique,0.633224,0.00164474,0.569341,1.00416,1.38515,,,,,,,5,630,608,0.0349206,8.44444,-0.198291,-1922,0.905544,0.300987,-3.16119,-0.118942,-0.328795,-0.316208,-3648.75,7.5,1118,3040,2.71915,257,351,-6.25195,-0.898149,-3.57505,-2.6769,-0.222334,-0.0432392,-0.132786,-0.0895472,-10.2335,4.51676,-10.6148,3.9957,-0.24609,0.0205001,-0.261954,0.00696967,-0.155216,-0.226456,-0.225857,0.602063,0.161184,0.839813,201.598,9.07884,4,21.0802,-0.12828,0,,,2,1,-6.6578,-0.0133436,-0.0259435,0.0506634
R1,↳ F5 · x1 encore opposé hors nis_z_100 Q4,13,SL-B 0.25,SL-B,0.25,dynamique,0.633224,0.00164474,0.569341,1.00416,1.38515,,,,,,,10,630,608,0.0349206,8.44444,-0.408569,-4962,0.779452,0.282895,-8.16119,-0.252562,-0.470856,-0.458396,-5960.2,7.5,1118,6080,5.43829,257,351,-11.252,-5.89815,-8.57505,-2.6769,-0.362162,-0.172314,-0.267238,-0.0949238,-15.2335,-0.483238,-15.6148,-1.0043,-0.381783,-0.11118,-0.397988,-0.123816,-0.29658,-0.336859,-0.334541,0.602063,0.161184,0.699063,201.598,18.1577,4,16.0802,-0.482729,0,,,1,1,-6.6578,-0.0148061,-0.0227238,0.0292069
R1,↳ F5 · x1 encore opposé hors nis_z_100 Q4,13,SL-B 0.5,SL-B,0.5,figé,0.567881,0.00165563,0.818607,1.25416,1.6352,-7.01063,-15.4322,0.987805,-0.033258,-0.214268,0.146881,5,630,604,0.0412698,8.38889,-0.218371,-2122.47,0.906605,0.346026,-3.51402,-0.138856,-0.357999,-0.342181,-3969.96,10,897.532,3020,3.36478,254,350,-5.53833,-2.04495,-3.79164,-1.74669,-0.230265,-0.0725195,-0.151392,-0.0788728,-11.9724,4.50611,-11.9479,4.32398,-0.283397,0.0233909,-0.296776,0.00815818,-0.181239,-0.250643,-0.248484,0.600816,0.15894,0.829083,-119.704,15.1579,,,,,,,3,1,-7.01063,-0.033258,-0.051966,0.0264765
R1,↳ F5 · x1 encore opposé hors nis_z_100 Q4,13,SL-B 0.5,SL-B,0.5,figé,0.567881,0.00165563,0.818607,1.25416,1.6352,-7.01063,-15.4322,0.987805,-0.033258,-0.214268,0.146881,10,630,604,0.0412698,8.38889,-0.422236,-5142.47,0.792113,0.321192,-8.51402,-0.271014,-0.497886,-0.48501,-6414.96,10,897.532,6040,6.72956,254,350,-10.5383,-7.04495,-8.79164,-1.74669,-0.366688,-0.201582,-0.284135,-0.0825528,-16.9724,-0.493889,-16.9479,-0.676023,-0.416675,-0.106271,-0.432383,-0.12261,-0.317178,-0.35899,-0.356953,0.600816,0.15894,0.701463,-119.704,30.3158,,,,,,,2,1,-7.01063,-0.033258,-0.0433217,0.00707601
R1,↳ F5 · x1 encore opposé hors nis_z_100 Q4,13,SL-B 0.5,SL-B,0.5,dynamique,0.567657,0.00165017,0.818974,1.25581,1.63517,,,,,,,5,630,606,0.0380952,8.41667,-0.214645,-2074.72,0.908758,0.346535,-3.42363,-0.139545,-0.356317,-0.341258,-3976.39,10,955.282,3030,3.17184,255,351,-5.56725,-1.86629,-3.71677,-1.85048,-0.238432,-0.0677041,-0.153068,-0.0853642,-11.8896,4.62975,-11.8407,4.42968,-0.28131,0.0191836,-0.295998,0.00561831,-0.178989,-0.248584,-0.24642,0.601584,0.160066,0.831708,-83.8418,21.7409,2,23.8751,-0.347637,0,,,3,1,-6.92024,-0.033947,-0.0497163,0.0285355
R1,↳ F5 · x1 encore opposé hors nis_z_100 Q4,13,SL-B 0.5,SL-B,0.5,dynamique,0.567657,0.00165017,0.818974,1.25581,1.63517,,,,,,,10,630,606,0.0380952,8.41667,-0.420061,-5104.72,0.793788,0.321782,-8.42363,-0.272965,-0.495995,-0.483071,-6377.21,10,955.282,6060,6.34367,255,351,-10.5673,-6.86629,-8.71677,-1.85048,-0.377833,-0.196779,-0.287306,-0.0905267,-16.8896,-0.370249,-16.8407,-0.570323,-0.416023,-0.110258,-0.431423,-0.12537,-0.315871,-0.357764,-0.355723,0.601584,0.160066,0.703415,-83.8418,43.4819,2,18.8751,-0.86211,0,,,2,1,-6.92024,-0.0352088,-0.0420155,0.00830222
R1,↳ F5 · x1 encore opposé hors nis_z_100 Q4,13,SL-B 1,SL-B,1,figé,0.432119,0,1.31861,1.75416,2.1352,-5.08721,-12.1387,2.11622,-0.0327975,-0.200869,0.128843,5,630,604,0.0412698,8.38889,-0.128523,-960.723,0.961195,0.403974,-1.5906,-0.138396,-0.287545,-0.279762,-3071.67,13,2059.28,3020,1.46653,254,350,-2.57275,-0.877843,-1.7253,-0.847453,-0.212205,-0.0848311,-0.148518,-0.0636872,-10.6117,7.02661,-10.7426,7.0722,-0.307516,0.0317394,-0.319894,0.026734,-0.17342,-0.237046,-0.235267,0.600816,0.15894,0.856222,-7.74422,234.299,,,,,,,3,1,-5.08721,-0.0327975,-0.0441472,0.0400733
R1,↳ F5 · x1 encore opposé hors nis_z_100 Q4,13,SL-B 1,SL-B,1,figé,0.432119,0,1.31861,1.75416,2.1352,-5.08721,-12.1387,2.11622,-0.0327975,-0.200869,0.128843,10,630,604,0.0412698,8.38889,-0.35579,-3980.72,0.850368,0.374172,-6.5906,-0.270554,-0.429972,-0.425821,-5273.72,13,2059.28,6040,2.93307,254,350,-7.57275,-5.87784,-6.7253,-0.847453,-0.348628,-0.213894,-0.281261,-0.0673672,-15.6117,2.02661,-15.7426,2.0722,-0.440665,-0.095257,-0.45267,-0.0996286,-0.310666,-0.344905,-0.343378,0.600816,0.15894,0.737056,-7.74422,468.599,,,,,,,1,1,-5.08721,-0.0327975,-0.0368102,0.0211612
R1,↳ F5 · x1 encore opposé hors nis_z_100 Q4,13,SL-B 1,SL-B,1,dynamique,0.432343,0,1.31897,1.75581,2.13517,,,,,,,5,630,606,0.0380952,8.41667,-0.124613,-915.764,0.963034,0.40429,-1.51116,-0.139911,-0.288664,-0.280893,-3087.38,13,2114.24,3030,1.43314,255,351,-2.62424,-0.702514,-1.66338,-0.960865,-0.222404,-0.0799807,-0.151193,-0.0712119,-10.5286,7.10457,-10.6005,7.07801,-0.306438,0.0285984,-0.320856,0.0217137,-0.171381,-0.235164,-0.23338,0.601584,0.160066,0.85835,25.3268,71.9711,2,22.4795,-0.597637,0,,,3,1,-5.00777,-0.0343132,-0.0421077,0.0419559
R1,↳ F5 · x1 encore opposé hors nis_z_100 Q4,13,SL-B 1,SL-B,1,dynamique,0.432343,0,1.31897,1.75581,2.13517,,,,,,,10,630,606,0.0380952,8.41667,-0.353545,-3945.76,0.851798,0.374587,-6.51116,-0.273331,-0.427986,-0.42382,-5238.76,13,2114.24,6060,2.86628,255,351,-7.62424,-5.70251,-6.66338,-0.960865,-0.361805,-0.209056,-0.28543,-0.0763744,-15.5286,2.10457,-15.6005,2.07801,-0.442392,-0.0988936,-0.458553,-0.107768,-0.309541,-0.343836,-0.342306,0.601584,0.160066,0.738634,25.3268,143.942,2,17.4795,-1.11211,0,,,1,1,-5.00777,-0.0355749,-0.0356847,0.0222308
R1,↳ F5 · x1 encore opposé hors nis_z_100 Q4,26,sans,sans,,figé,0,0,,,,0,0,0,0,0,0,5,630,572,0.0920635,7.94444,-0.393837,-3790.26,0.906889,0.468531,-6.62633,-0.274346,-0.574494,-0.546837,-7183.25,26,-930.261,2860,3.07441,235,337,-8.43066,-5.36812,-6.89939,-1.53127,-0.42966,-0.166041,-0.297851,-0.13181,-25.0412,11.417,-25.2018,10.654,-0.638388,0.0889952,-0.689174,0.065222,-0.334641,-0.403925,-0.394276,0.597959,0.155594,0.823794,-2068.72,0.826676,,,,,,,1,0,0,0,0,0
R1,↳ F5 · x1 encore opposé hors nis_z_100 Q4,26,sans,sans,,figé,0,0,,,,0,0,0,0,0,0,10,630,572,0.0920635,7.94444,-0.544787,-6650.26,0.842644,0.445804,-11.6263,-0.405864,-0.652527,-0.629332,-8919.27,26,-930.261,5720,6.14881,235,337,-13.4307,-10.3681,-11.8994,-1.53127,-0.56798,-0.292815,-0.430398,-0.137583,-30.0412,6.41704,-30.2018,5.65404,-0.77124,-0.0432021,-0.822871,-0.0689627,-0.439345,-0.489822,-0.48249,0.597959,0.155594,0.75481,-2068.72,1.65335,,,,,,,1,0,0,0,0,0
R1,↳ F5 · x1 encore opposé hors nis_z_100 Q4,26,sans,sans,,dynamique,0,0,,,,,,,,,,5,630,572,0.0920635,7.94444,-0.393837,-3790.26,0.906889,0.468531,-6.62633,-0.274346,-0.574494,-0.546837,-7183.25,26,-930.261,2860,3.07441,235,337,-8.43066,-5.36812,-6.89939,-1.53127,-0.42966,-0.166041,-0.297851,-0.13181,-25.0412,11.417,-25.2018,10.654,-0.638388,0.0889952,-0.689174,0.065222,-0.334641,-0.403925,-0.394276,0.597959,0.155594,0.823794,-2068.72,0.826676,0,,,0,,,1,0,0,0,0,0
R1,↳ F5 · x1 encore opposé hors nis_z_100 Q4,26,sans,sans,,dynamique,0,0,,,,,,,,,,10,630,572,0.0920635,7.94444,-0.544787,-6650.26,0.842644,0.445804,-11.6263,-0.405864,-0.652527,-0.629332,-8919.27,26,-930.261,5720,6.14881,235,337,-13.4307,-10.3681,-11.8994,-1.53127,-0.56798,-0.292815,-0.430398,-0.137583,-30.0412,6.41704,-30.2018,5.65404,-0.77124,-0.0432021,-0.822871,-0.0689627,-0.439345,-0.489822,-0.48249,0.597959,0.155594,0.75481,-2068.72,1.65335,0,,,0,,,1,0,0,0,0,0
R1,↳ F5 · x1 encore opposé hors nis_z_100 Q4,26,SL-A 1,SL-A,1,figé,0.770979,0.0034965,1,1,1,-3.31606,-17.805,10.9087,-0.00138292,-0.330031,0.336495,5,630,572,0.0920635,7.94444,-0.457153,-5687.05,0.769581,0.206294,-9.94239,-0.275729,-0.488569,-0.484944,-6251.62,9,-2827.05,2860,1.01166,235,337,-7.61961,-11.5621,-9.59087,1.97126,-0.314713,-0.248545,-0.281629,-0.0330841,-19.8623,0.627238,-19.8256,1.41624,-0.443758,-0.103548,-0.453709,-0.100226,-0.309756,-0.338881,-0.33453,0.597959,0.155594,0.699965,-1917.12,0.892049,,,,,,,1,0,-3.31606,-0.00138292,0.0248847,0.0650435
R1,↳ F5 · x1 encore opposé hors nis_z_100 Q4,26,SL-A 1,SL-A,1,figé,0.770979,0.0034965,1,1,1,-3.31606,-17.805,10.9087,-0.00138292,-0.330031,0.336495,10,630,572,0.0920635,7.94444,-0.592342,-8547.05,0.682905,0.204545,-14.9424,-0.407246,-0.61315,-0.610521,-9013.16,9,-2827.05,5720,2.02331,235,337,-12.6196,-16.5621,-14.5909,1.97126,-0.453033,-0.375318,-0.414176,-0.0388572,-24.8623,-4.37276,-24.8256,-3.58376,-0.576648,-0.229875,-0.589289,-0.231734,-0.418354,-0.439992,-0.438193,0.597959,0.155594,0.604085,-1917.12,1.7841,,,,,,,0,0,-3.31606,-0.00138292,0.0209908,0.0498296
R1,↳ F5 · x1 encore opposé hors nis_z_100 Q4,26,SL-A 1,SL-A,1,dynamique,0.766102,0.00338983,1,1,1,,,,,,,5,630,590,0.0634921,8.19444,-0.428369,-5157.88,0.795096,0.211864,-8.74217,-0.244439,-0.4702,-0.46471,-5890.23,9,-2207.88,2950,1.33612,246,344,-6.53703,-10.3191,-8.42807,1.89103,-0.305328,-0.200897,-0.253112,-0.0522156,-18.5951,1.42841,-18.3463,2.07742,-0.406543,-0.0772916,-0.417861,-0.0817239,-0.283157,-0.316835,-0.308885,0.59987,0.159322,0.737977,-1472.43,1.20183,18,29.3982,0.749888,0,,,1,0,-2.11584,0.0299071,0.051484,0.0870897
R1,↳ F5 · x1 encore opposé hors nis_z_100 Q4,26,SL-A 1,SL-A,1,dynamique,0.766102,0.00338983,1,1,1,,,,,,,10,630,590,0.0634921,8.19444,-0.574562,-8107.88,0.705169,0.210169,-13.7422,-0.377353,-0.596279,-0.593534,-8574,9,-2207.88,5900,2.67225,246,344,-11.537,-15.3191,-13.4281,1.89103,-0.445759,-0.328435,-0.387097,-0.0586622,-23.5951,-3.57159,-23.3463,-2.92258,-0.540144,-0.206065,-0.555408,-0.20866,-0.399513,-0.422196,-0.419994,0.59987,0.159322,0.636935,-1472.43,2.40367,18,24.3982,0.572582,0,,,0,0,-2.11584,0.0285102,0.0398324,0.0676256
R1,↳ F5 · x1 encore opposé hors nis_z_100 Q4,26,SL-A 1.5,SL-A,1.5,figé,0.662587,0.0034965,1.5,1.5,1.5,-2.11317,-15.0748,10.5854,-0.0217788,-0.327476,0.289896,5,630,572,0.0920635,7.94444,-0.428642,-4998.99,0.836352,0.27972,-8.7395,-0.296125,-0.498053,-0.481999,-6116.81,14,-2138.99,2860,1.33708,235,337,-3.48467,-12.4038,-7.94426,4.45959,-0.305357,-0.289687,-0.297522,-0.00783473,-20.1486,2.4223,-19.3983,3.72228,-0.490062,-0.088972,-0.496377,-0.093139,-0.325223,-0.352331,-0.349598,0.597959,0.155594,0.747682,-2111.21,0.810038,,,,,,,2,0,-2.11317,-0.0217788,0.00941772,0.0515933
R1,↳ F5 · x1 encore opposé hors nis_z_100 Q4,26,SL-A 1.5,SL-A,1.5,figé,0.662587,0.0034965,1.5,1.5,1.5,-2.11317,-15.0748,10.5854,-0.0217788,-0.327476,0.289896,10,630,572,0.0920635,7.94444,-0.570924,-7858.99,0.759046,0.274476,-13.7395,-0.427642,-0.598971,-0.590543,-8336.98,14,-2138.99,5720,2.67416,235,337,-8.48467,-17.4038,-12.9443,4.45959,-0.443677,-0.416461,-0.430069,-0.0136078,-25.1486,-2.5777,-24.3983,-1.27772,-0.623169,-0.216776,-0.634938,-0.220668,-0.431404,-0.452688,-0.450929,0.597959,0.155594,0.663278,-2111.21,1.62008,,,,,,,1,0,-2.11317,-0.0217788,0.00794126,0.037134
R1,↳ F5 · x1 encore opposé hors nis_z_100 Q4,26,SL-A 1.5,SL-A,1.5,dynamique,0.65812,0.0034188,1.5,1.5,1.5,,,,,,,5,630,585,0.0714286,8.125,-0.419543,-4837.85,0.843216,0.28547,-8.26983,-0.287666,-0.502613,-0.486705,-6206.27,14,-1912.85,2925,1.52913,243,342,-3.56554,-11.6124,-7.58895,4.02341,-0.31496,-0.268272,-0.291616,-0.0233435,-19.4238,2.68987,-18.8407,3.57119,-0.476366,-0.0826429,-0.485479,-0.0926664,-0.320438,-0.348689,-0.344985,0.600451,0.160684,0.75583,-1993.2,0.881154,13,12.3955,0.0845543,0,,,2,0,-1.6435,-0.0133193,0.014203,0.0552355
R1,↳ F5 · x1 encore opposé hors nis_z_100 Q4,26,SL-A 1.5,SL-A,1.5,dynamique,0.65812,0.0034188,1.5,1.5,1.5,,,,,,,10,630,585,0.0714286,8.125,-0.566912,-7762.85,0.764446,0.280342,-13.2698,-0.420807,-0.601583,-0.590182,-8416.27,14,-1912.85,5850,3.05826,243,342,-8.56554,-16.6124,-12.5889,4.02341,-0.455914,-0.395862,-0.425888,-0.0300257,-24.4238,-2.31013,-23.8407,-1.42881,-0.613102,-0.213264,-0.625026,-0.218645,-0.430008,-0.451344,-0.449581,0.600451,0.160684,0.669553,-1993.2,1.76231,13,7.3955,-0.120031,0,,,2,0,-1.6435,-0.014943,0.0093375,0.038478
R1,↳ F5 · x1 encore opposé hors nis_z_100 Q4,26,SL-A 2,SL-A,2,figé,0.550699,0,2,2,2,1.26553,-10.1617,13.0317,-0.0103574,-0.294145,0.287788,5,630,572,0.0920635,7.94444,-0.315068,-3066.38,0.908065,0.34965,-5.3608,-0.284704,-0.42955,-0.423984,-5081.53,22.5,-206.379,2860,13.858,235,337,-4.53742,-5.93498,-5.2362,0.69878,-0.344114,-0.243275,-0.293695,-0.0504196,-18.1272,8.43064,-18.3266,8.74845,-0.502877,-0.0537314,-0.516945,-0.0569367,-0.310829,-0.346308,-0.337892,0.597959,0.155594,0.788034,-1878.29,0.91049,,,,,,,2,1,1.26553,-0.0103574,0.0238115,0.0576164
R1,↳ F5 · x1 encore opposé hors nis_z_100 Q4,26,SL-A 2,SL-A,2,figé,0.550699,0,2,2,2,1.26553,-10.1617,13.0317,-0.0103574,-0.294145,0.287788,10,630,572,0.0920635,7.94444,-0.485588,-5926.38,0.831785,0.337413,-10.3608,-0.416221,-0.537201,-0.524417,-6948.94,22.5,-206.379,5720,27.7159,235,337,-9.53742,-10.935,-10.2362,0.69878,-0.482434,-0.370049,-0.426241,-0.0561927,-23.1272,3.43064,-23.3266,3.74845,-0.63779,-0.181425,-0.655044,-0.187937,-0.419281,-0.444053,-0.437892,0.597959,0.155594,0.707203,-1878.29,1.82098,,,,,,,1,0,1.26553,-0.0103574,0.0200647,0.0457686
R1,↳ F5 · x1 encore opposé hors nis_z_100 Q4,26,SL-A 2,SL-A,2,dynamique,0.550775,0,2,2,2,,,,,,,5,630,581,0.0777778,8.06944,-0.320238,-3139.32,0.906878,0.351119,-5.4033,-0.285887,-0.449708,-0.444338,-5439.74,22,-234.32,2905,12.3976,242,339,-5.47769,-5.3502,-5.41395,-0.0637453,-0.371444,-0.224811,-0.298127,-0.0733164,-17.8399,8.13831,-18.4229,8.53661,-0.498141,-0.0548088,-0.514229,-0.0679773,-0.312919,-0.34924,-0.340862,0.599966,0.158348,0.789168,-1874.7,0.929697,9,-8.10448,-0.361074,0,,,2,1,1.22303,-0.0115405,0.0217217,0.0546841
R1,↳ F5 · x1 encore opposé hors nis_z_100 Q4,26,SL-A 2,SL-A,2,dynamique,0.550775,0,2,2,2,,,,,,,10,630,581,0.0777778,8.06944,-0.491766,-6044.32,0.830283,0.339071,-10.4033,-0.418847,-0.551564,-0.539737,-7319.08,22,-234.32,5810,24.7952,242,339,-10.4777,-10.3502,-10.4139,-0.0637453,-0.512699,-0.351849,-0.432274,-0.080425,-22.8399,3.13831,-23.4229,3.53661,-0.636425,-0.183241,-0.657237,-0.197786,-0.422934,-0.448283,-0.441428,0.599966,0.158348,0.707777,-1874.7,1.85939,9,-13.1045,-0.585745,0,,,2,0,1.22303,-0.0129835,0.0164111,0.0415385
R1,↳ F5 · x1 encore opposé hors nis_z_100 Q4,26,SL-A 2.5,SL-A,2.5,figé,0.447552,0,2.5,2.5,2.5,3.77978,-5.63942,14.0601,0.0578819,-0.180541,0.312387,5,630,572,0.0920635,7.94444,-0.21582,-1628.23,0.953403,0.40035,-2.84655,-0.216464,-0.413639,-0.400433,-4644.55,26,1231.77,2860,2.32186,235,337,-5.27835,-1.15079,-3.21457,-2.06378,-0.328295,-0.138482,-0.233388,-0.0949067,-17.302,11.7494,-17.5427,11.2808,-0.471454,0.0433861,-0.492869,0.0406423,-0.249456,-0.317387,-0.30783,0.597959,0.155594,0.848175,-1000.44,1.70941,,,,,,,2,2,3.77978,0.0578819,0.0851849,0.0865374
R1,↳ F5 · x1 encore opposé hors nis_z_100 Q4,26,SL-A 2.5,SL-A,2.5,figé,0.447552,0,2.5,2.5,2.5,3.77978,-5.63942,14.0601,0.0578819,-0.180541,0.312387,10,630,572,0.0920635,7.94444,-0.411012,-4488.23,0.877633,0.386364,-7.84655,-0.347982,-0.528395,-0.518595,-6620.78,26,1231.77,5720,4.64372,235,337,-10.2783,-6.15079,-8.21457,-2.06378,-0.466615,-0.265255,-0.365935,-0.10068,-22.302,6.7494,-22.5427,6.28076,-0.603389,-0.0802546,-0.628058,-0.0876192,-0.367546,-0.413957,-0.406297,0.597959,0.155594,0.766416,-1000.44,3.41881,,,,,,,2,1,3.77978,0.0578819,0.0717988,0.0758647
R1,↳ F5 · x1 encore opposé hors nis_z_100 Q4,26,SL-A 2.5,SL-A,2.5,dynamique,0.44905,0,2.5,2.5,2.5,,,,,,,5,630,579,0.0809524,8.04167,-0.225349,-1747.26,0.950507,0.400691,-3.01772,-0.222307,-0.434516,-0.421781,-5005.04,26,1147.74,2895,2.52234,240,339,-6.44087,-0.594242,-3.51756,-2.92332,-0.365918,-0.120636,-0.243277,-0.122641,-17.136,11.4232,-17.6295,10.9182,-0.467515,0.0315049,-0.499429,0.0184932,-0.253971,-0.33198,-0.322628,0.598891,0.157168,0.846713,-1035.95,1.67362,7,-17.0042,-0.699734,0,,,2,2,3.60861,0.0520392,0.0806695,0.0719441
R1,↳ F5 · x1 encore opposé hors nis_z_100 Q4,26,SL-A 2.5,SL-A,2.5,dynamique,0.44905,0,2.5,2.5,2.5,,,,,,,10,630,579,0.0809524,8.04167,-0.420206,-4642.26,0.874733,0.386874,-8.01772,-0.355085,-0.546103,-0.534351,-6951.18,26,1147.74,5790,5.04469,240,339,-11.4409,-5.59424,-8.51756,-2.92332,-0.506803,-0.247674,-0.377239,-0.129565,-22.136,6.42318,-22.6295,5.91821,-0.60519,-0.0924853,-0.638804,-0.11158,-0.372836,-0.419629,-0.412043,0.598891,0.157168,0.764893,-1035.95,3.34724,7,-22.0042,-0.935547,0,,,2,0,3.60861,0.0507783,0.0665092,0.0701929
R1,↳ F5 · x1 encore opposé hors nis_z_100 Q4,26,SL-A 3,SL-A,3,figé,0.36014,0,3,3,3,4.69668,-3.42225,13.984,0.0942743,-0.112323,0.322318,5,630,572,0.0920635,7.94444,-0.179983,-1103.76,0.96948,0.428322,-1.92965,-0.180072,-0.432462,-0.397814,-4487.05,26,1756.24,2860,1.62848,235,337,-4.40991,-0.200097,-2.305,-2.10491,-0.290093,-0.103351,-0.196722,-0.0933706,-17.2829,13.6011,-18.0569,13.4426,-0.460981,0.10318,-0.479239,0.0930053,-0.217581,-0.326676,-0.316638,0.597959,0.155594,0.876719,-565.771,3.02271,,,,,,,3,2,4.69668,0.0942743,0.11706,0.0772484
R1,↳ F5 · x1 encore opposé hors nis_z_100 Q4,26,SL-A 3,SL-A,3,figé,0.36014,0,3,3,3,4.69668,-3.42225,13.984,0.0942743,-0.112323,0.322318,10,630,572,0.0920635,7.94444,-0.384084,-3963.76,0.895213,0.410839,-6.92965,-0.311589,-0.541253,-0.514582,-6525.34,26,1756.24,5720,3.25696,235,337,-9.40991,-5.2001,-7.305,-2.10491,-0.428412,-0.230125,-0.329269,-0.0991437,-22.2829,8.60111,-23.0569,8.4426,-0.595564,-0.0237171,-0.611941,-0.0342202,-0.340677,-0.39712,-0.388455,0.597959,0.155594,0.795426,-565.771,6.04542,,,,,,,2,1,4.69668,0.0942743,0.0986686,0.0927021
R1,↳ F5 · x1 encore opposé hors nis_z_100 Q4,26,SL-A 3,SL-A,3,dynamique,0.359862,0,3,3,3,,,,,,,5,630,578,0.0825397,8.02778,-0.183714,-1146.65,0.968541,0.429066,-1.98382,-0.179554,-0.448457,-0.414785,-4771.39,26,1743.35,2890,1.65772,239,339,-5.29532,0.350843,-2.47224,-2.82308,-0.31266,-0.0857126,-0.199186,-0.113474,-17.2747,13.3351,-18.0695,12.9165,-0.459187,0.108516,-0.481445,0.089915,-0.219404,-0.338627,-0.328768,0.598197,0.155709,0.876712,-569.286,3.03677,6,-7.14726,-0.130174,0,,,2,2,4.64252,0.0947922,0.115237,0.0652974
R1,↳ F5 · x1 encore opposé hors nis_z_100 Q4,26,SL-A 3,SL-A,3,dynamique,0.359862,0,3,3,3,,,,,,,10,630,578,0.0825397,8.02778,-0.388725,-4036.65,0.894125,0.411765,-6.98382,-0.311012,-0.554857,-0.528976,-6824.68,26,1743.35,5780,3.31545,239,339,-10.2953,-4.64916,-7.47224,-2.82308,-0.450387,-0.212751,-0.331569,-0.118818,-22.2747,8.33515,-23.0695,7.9165,-0.593545,-0.0222665,-0.617453,-0.0392088,-0.343437,-0.40299,-0.39409,0.598197,0.155709,0.795303,-569.286,6.07354,6,-12.1473,-0.25602,0,,,2,1,4.64252,0.0948511,0.095908,0.0868322
R1,↳ F5 · x1 encore opposé hors nis_z_100 Q4,26,SL-A 4,SL-A,4,figé,0.256993,0,4,4,4,1.25035,-6.02211,9.81035,0.0121325,-0.179265,0.227517,5,630,572,0.0920635,7.94444,-0.332186,-3075.06,0.920029,0.440559,-5.37598,-0.262214,-0.516156,-0.486617,-6022.73,26,-215.062,2860,13.2985,235,337,-8.4044,-3.26418,-5.83429,-2.57011,-0.349974,-0.201016,-0.275495,-0.0744793,-21.0517,10.8825,-21.505,10.7182,-0.551731,0.0320077,-0.563474,0.0208644,-0.29715,-0.377355,-0.368073,0.597959,0.155594,0.831334,-1617.32,1.0574,,,,,,,3,0,1.25035,0.0121325,0.0374903,0.0265694
R1,↳ F5 · x1 encore opposé hors nis_z_100 Q4,26,SL-A 4,SL-A,4,figé,0.256993,0,4,4,4,1.25035,-6.02211,9.81035,0.0121325,-0.179265,0.227517,10,630,572,0.0920635,7.94444,-0.498458,-5935.06,0.851933,0.41958,-10.376,-0.393731,-0.607509,-0.581309,-7936.83,26,-215.062,5720,26.597,235,337,-13.4044,-8.26418,-10.8343,-2.57011,-0.488294,-0.327789,-0.408042,-0.0802523,-26.0517,5.88246,-26.505,5.71817,-0.684423,-0.0989323,-0.702703,-0.110648,-0.407747,-0.451104,-0.443216,0.597959,0.155594,0.756992,-1617.32,2.11481,,,,,,,2,0,1.25035,0.0121325,0.0315979,0.0387174
R1,↳ F5 · x1 encore opposé hors nis_z_100 Q4,26,SL-A 4,SL-A,4,dynamique,0.257391,0,4,4,4,,,,,,,5,630,575,0.0873016,7.98611,-0.349608,-3337.7,0.913788,0.438261,-5.8047,-0.271724,-0.528779,-0.500011,-6285.37,26,-462.702,2875,6.21351,238,337,-9.40199,-3.26418,-6.33308,-3.06891,-0.371845,-0.201016,-0.28643,-0.0854148,-21.398,10.5469,-21.9884,9.98171,-0.565054,0.0263109,-0.577695,0.0149858,-0.308098,-0.387054,-0.377916,0.597959,0.154783,0.824796,-1764.74,0.974158,3,-87.5466,-2.08508,0,,,3,0,0.821632,0.00262193,0.0265425,0.0168709
R1,↳ F5 · x1 encore opposé hors nis_z_100 Q4,26,SL-A 4,SL-A,4,dynamique,0.257391,0,4,4,4,,,,,,,10,630,575,0.0873016,7.98611,-0.512281,-6212.7,0.846072,0.417391,-10.8047,-0.403179,-0.618326,-0.592849,-8214.47,26,-462.702,5750,12.427,238,337,-14.402,-8.26418,-11.3331,-3.06891,-0.509929,-0.327789,-0.418859,-0.0910698,-26.398,5.54694,-26.9884,4.98171,-0.697833,-0.102882,-0.717858,-0.119187,-0.417498,-0.460141,-0.452383,0.597959,0.154783,0.751002,-1764.74,1.94832,3,-92.5466,-2.20466,0,,,2,0,0.821632,0.00268418,0.0218473,0.0296806
R1,↳ F5 · x1 encore opposé hors nis_z_100 Q4,26,SL-A 5,SL-A,5,figé,0.176573,0,5,5,5,3.63907,-2.91385,10.9553,0.0615934,-0.113654,0.254561,5,630,572,0.0920635,7.94444,-0.236202,-1708.71,0.954976,0.452797,-2.98726,-0.212753,-0.485016,-0.451542,-5334.99,26,1151.29,2860,2.48417,235,337,-3.40653,-2.69489,-3.05071,-0.355821,-0.281012,-0.165154,-0.223083,-0.0579288,-19.268,13.796,-19.4101,13.8711,-0.524727,0.112967,-0.542999,0.0919151,-0.26367,-0.361145,-0.350804,0.597959,0.155594,0.857335,-1132.79,1.50969,,,,,,,3,2,3.63907,0.0615934,0.0709705,0.0427794
R1,↳ F5 · x1 encore opposé hors nis_z_100 Q4,26,SL-A 5,SL-A,5,figé,0.176573,0,5,5,5,3.63907,-2.91385,10.9553,0.0615934,-0.113654,0.254561,10,630,572,0.0920635,7.94444,-0.426333,-4568.71,0.884475,0.431818,-7.98726,-0.34427,-0.572871,-0.544359,-7104.99,26,1151.29,5720,4.96835,235,337,-8.40653,-7.69489,-8.05071,-0.355821,-0.419331,-0.291928,-0.35563,-0.0637018,-24.268,8.796,-24.4101,8.87114,-0.658178,-0.0124847,-0.678649,-0.0379372,-0.379529,-0.437792,-0.429712,0.597959,0.155594,0.78219,-1132.79,3.01938,,,,,,,2,0,3.63907,0.0615934,0.0598165,0.05203
R1,↳ F5 · x1 encore opposé hors nis_z_100 Q4,26,SL-A 5,SL-A,5,dynamique,0.176573,0,5,5,5,,,,,,,5,630,572,0.0920635,7.94444,-0.236202,-1708.71,0.954976,0.452797,-2.98726,-0.212753,-0.485016,-0.451542,-5334.99,26,1151.29,2860,2.48417,235,337,-3.40653,-2.69489,-3.05071,-0.355821,-0.281012,-0.165154,-0.223083,-0.0579288,-19.268,13.796,-19.4101,13.8711,-0.524727,0.112967,-0.542999,0.0919151,-0.26367,-0.361145,-0.350804,0.597959,0.155594,0.857335,-1132.79,1.50969,0,,,0,,,3,2,3.63907,0.0615934,0.0709705,0.0427794
R1,↳ F5 · x1 encore opposé hors nis_z_100 Q4,26,SL-A 5,SL-A,5,dynamique,0.176573,0,5,5,5,,,,,,,10,630,572,0.0920635,7.94444,-0.426333,-4568.71,0.884475,0.431818,-7.98726,-0.34427,-0.572871,-0.544359,-7104.99,26,1151.29,5720,4.96835,235,337,-8.40653,-7.69489,-8.05071,-0.355821,-0.419331,-0.291928,-0.35563,-0.0637018,-24.268,8.796,-24.4101,8.87114,-0.658178,-0.0124847,-0.678649,-0.0379372,-0.379529,-0.437792,-0.429712,0.597959,0.155594,0.78219,-1132.79,3.01938,0,,,0,,,2,0,3.63907,0.0615934,0.0598165,0.05203
R1,↳ F5 · x1 encore opposé hors nis_z_100 Q4,26,SL-B 0,SL-B,0,figé,0.814685,0.00174825,0.317374,0.749653,1.12572,0.67503,-14.3555,14.8496,0.0795355,-0.240261,0.400026,5,630,572,0.0920635,7.94444,-0.31349,-3404.14,0.824919,0.167832,-5.9513,-0.194811,-0.350573,-0.339432,-3950.73,5,-544.144,2860,5.25596,235,337,-4.13163,-7.22022,-5.67592,1.5443,-0.211615,-0.183093,-0.197354,-0.0142611,-14.7111,3.56979,-15.1104,4.57385,-0.344366,-0.0350689,-0.354555,-0.0244378,-0.228688,-0.255677,-0.246095,0.597959,0.155594,0.733894,-822.864,2.0783,,,,,,,1,0,0.67503,0.0795355,0.105952,0.148247
R1,↳ F5 · x1 encore opposé hors nis_z_100 Q4,26,SL-B 0,SL-B,0,figé,0.814685,0.00174825,0.317374,0.749653,1.12572,0.67503,-14.3555,14.8496,0.0795355,-0.240261,0.400026,10,630,572,0.0920635,7.94444,-0.484394,-6264.14,0.712961,0.167832,-10.9513,-0.326328,-0.501875,-0.498013,-6539.41,5,-544.144,5720,10.5119,235,337,-9.13163,-12.2202,-10.6759,1.5443,-0.349935,-0.309866,-0.329901,-0.0200341,-19.7111,-1.43021,-20.1104,-0.426152,-0.482067,-0.161256,-0.492642,-0.156606,-0.350019,-0.366926,-0.362071,0.597959,0.155594,0.613129,-822.864,4.15661,,,,,,,0,0,0.67503,0.0795355,0.0893262,0.122896
R1,↳ F5 · x1 encore opposé hors nis_z_100 Q4,26,SL-B 0,SL-B,0,dynamique,0.809122,0.00168919,0.320121,0.749653,1.13196,,,,,,,5,630,592,0.0603175,8.22222,-0.274429,-2838.68,0.857338,0.173986,-4.79507,-0.165291,-0.367505,-0.363771,-4357.95,5,121.32,2960,24.3983,247,345,-3.2205,-5.92236,-4.57143,1.35093,-0.209129,-0.133906,-0.171517,-0.0376118,-13.5168,4.36664,-13.8467,5.21799,-0.306047,-0.00676473,-0.320967,-0.00652206,-0.198696,-0.231544,-0.230302,0.600452,0.160473,0.781156,-367.139,4.84105,20,28.2732,0.678968,0,,,1,0,1.83126,0.109055,0.135945,0.172381
R1,↳ F5 · x1 encore opposé hors nis_z_100 Q4,26,SL-B 0,SL-B,0,dynamique,0.809122,0.00168919,0.320121,0.749653,1.13196,,,,,,,10,630,592,0.0603175,8.22222,-0.460466,-5798.68,0.740469,0.173986,-9.79507,-0.29843,-0.495249,-0.492606,-6554.57,5,121.32,5920,48.7967,247,345,-8.2205,-10.9224,-9.57143,1.35093,-0.350166,-0.26139,-0.305778,-0.044388,-18.5168,-0.633359,-18.8467,0.21799,-0.448427,-0.134173,-0.460703,-0.133958,-0.329257,-0.349736,-0.341694,0.600452,0.160473,0.652779,-367.139,9.68211,20,23.2732,0.499456,0,,,0,0,1.83126,0.107434,0.110089,0.140086
R1,↳ F5 · x1 encore opposé hors nis_z_100 Q4,26,SL-B 0.25,SL-B,0.25,figé,0.777972,0.00174825,0.567374,0.999653,1.37572,-2.998,-17.2954,10.9968,-0.0094401,-0.321657,0.313579,5,630,572,0.0920635,7.94444,-0.446642,-5505.12,0.768564,0.199301,-9.62433,-0.283786,-0.464985,-0.462828,-5838.37,7,-2645.12,2860,1.08124,235,337,-9.38562,-9.7908,-9.58821,0.202589,-0.344804,-0.241237,-0.29302,-0.0517838,-18.9519,0.53193,-19.2513,1.13494,-0.434308,-0.12063,-0.457239,-0.118272,-0.318047,-0.332517,-0.330372,0.597959,0.155594,0.678369,-2044.13,0.836621,,,,,,,1,0,-2.998,-0.0094401,0.0165939,0.0714073
R1,↳ F5 · x1 encore opposé hors nis_z_100 Q4,26,SL-B 0.25,SL-B,0.25,figé,0.777972,0.00174825,0.567374,0.999653,1.37572,-2.998,-17.2954,10.9968,-0.0094401,-0.321657,0.313579,10,630,572,0.0920635,7.94444,-0.584444,-8365.12,0.679248,0.197552,-14.6243,-0.415304,-0.596203,-0.594083,-8607.49,7,-2645.12,5720,2.16247,235,337,-14.3856,-14.7908,-14.5882,0.202589,-0.483124,-0.36801,-0.425567,-0.0575568,-23.9519,-4.46807,-24.2513,-3.86506,-0.574012,-0.24327,-0.597071,-0.249054,-0.425348,-0.436496,-0.434685,0.597959,0.155594,0.582347,-2044.13,1.67324,,,,,,,0,0,-2.998,-0.0094401,0.0139977,0.0533257
R1,↳ F5 · x1 encore opposé hors nis_z_100 Q4,26,SL-B 0.25,SL-B,0.25,dynamique,0.772496,0.00169779,0.569525,0.999896,1.37717,,,,,,,5,630,589,0.0650794,8.18056,-0.431001,-5221.13,0.784151,0.205433,-8.86439,-0.271403,-0.46115,-0.458978,-5775.26,8,-2276.13,2945,1.29386,246,343,-7.89586,-9.55902,-8.72744,0.831578,-0.325717,-0.232449,-0.279083,-0.0466344,-18.3484,0.966279,-18.5272,1.61362,-0.421322,-0.110683,-0.437427,-0.111281,-0.310095,-0.324735,-0.322565,0.6006,0.16129,0.695161,-1867.99,0.946883,17,16.7054,0.145256,0,,,1,0,-2.23806,0.00294313,0.0245452,0.0791899
R1,↳ F5 · x1 encore opposé hors nis_z_100 Q4,26,SL-B 0.25,SL-B,0.25,dynamique,0.772496,0.00169779,0.569525,0.999896,1.37717,,,,,,,10,630,589,0.0650794,8.18056,-0.57631,-8166.13,0.692212,0.203735,-13.8644,-0.404638,-0.588299,-0.586137,-8408.5,8,-2276.13,5890,2.58773,246,343,-12.8959,-14.559,-13.7274,0.831578,-0.4669,-0.359984,-0.413442,-0.0534579,-23.3484,-4.03372,-23.5272,-3.38638,-0.558428,-0.238429,-0.574886,-0.241896,-0.422044,-0.433256,-0.431435,0.6006,0.16129,0.59596,-1867.99,1.89377,17,11.7054,-0.0457702,0,,,0,0,-2.23806,0.00122555,0.0173016,0.0565655
R1,↳ F5 · x1 encore opposé hors nis_z_100 Q4,26,SL-B 0.5,SL-B,0.5,figé,0.725524,0.00174825,0.817374,1.24965,1.62572,-3.43062,-17.4371,10.2995,-0.0267269,-0.334127,0.288235,5,630,572,0.0920635,7.94444,-0.464598,-5752.57,0.789904,0.237762,-10.0569,-0.301073,-0.482031,-0.479311,-6039.02,10,-2892.57,2860,0.988739,235,337,-7.0766,-12.1352,-9.60591,2.52931,-0.357326,-0.261846,-0.309586,-0.04774,-20.8249,1.29775,-20.2482,1.93798,-0.472977,-0.112961,-0.48704,-0.116054,-0.331532,-0.346195,-0.344094,0.597959,0.155594,0.706691,-2228.76,0.767316,,,,,,,1,0,-3.43062,-0.0267269,0.00310826,0.05773
R1,↳ F5 · x1 encore opposé hors nis_z_100 Q4,26,SL-B 0.5,SL-B,0.5,figé,0.725524,0.00174825,0.817374,1.24965,1.62572,-3.43062,-17.4371,10.2995,-0.0267269,-0.334127,0.288235,10,630,572,0.0920635,7.94444,-0.597936,-8612.57,0.708701,0.234266,-15.0569,-0.43259,-0.61006,-0.608012,-8874.02,10,-2892.57,5720,1.97748,235,337,-12.0766,-17.1352,-14.6059,2.52931,-0.495646,-0.38862,-0.442133,-0.0535131,-25.8249,-3.70225,-25.2482,-3.06202,-0.608316,-0.240436,-0.623471,-0.244718,-0.436719,-0.448051,-0.446277,0.597959,0.155594,0.61779,-2228.76,1.53463,,,,,,,1,0,-3.43062,-0.0267269,0.00262583,0.041771
R1,↳ F5 · x1 encore opposé hors nis_z_100 Q4,26,SL-B 0.5,SL-B,0.5,dynamique,0.721843,0.00170648,0.818974,1.25416,1.62922,,,,,,,5,630,586,0.0698413,8.13889,-0.460184,-5666.78,0.796067,0.242321,-9.67026,-0.29596,-0.478495,-0.476393,-6012.44,10,-2736.78,2930,1.0706,244,342,-6.61762,-11.8482,-9.2329,2.61528,-0.356495,-0.252771,-0.304633,-0.0518618,-20.2663,1.2431,-19.8602,1.76771,-0.466319,-0.112068,-0.478086,-0.118179,-0.330029,-0.344724,-0.342618,0.600195,0.16041,0.713903,-2156.64,0.815423,14,6.12844,-0.0870534,0,,,2,0,-3.04393,-0.0216138,0.00461172,0.0592004
R1,↳ F5 · x1 encore opposé hors nis_z_100 Q4,26,SL-B 0.5,SL-B,0.5,dynamique,0.721843,0.00170648,0.818974,1.25416,1.62922,,,,,,,10,630,586,0.0698413,8.13889,-0.597449,-8596.78,0.713565,0.238908,-14.6703,-0.429028,-0.609587,-0.607537,-8858.22,10,-2736.78,5860,2.14121,244,342,-11.6176,-16.8482,-14.2329,2.61528,-0.497241,-0.380361,-0.438801,-0.0584399,-25.2663,-3.7569,-24.8602,-3.23229,-0.602106,-0.241079,-0.615952,-0.246241,-0.438179,-0.449481,-0.447712,0.600195,0.16041,0.623392,-2156.64,1.63085,14,1.12844,-0.283464,0,,,1,0,-3.04393,-0.0231641,0.00116597,0.0403405
R1,↳ F5 · x1 encore opposé hors nis_z_100 Q4,26,SL-B 1,SL-B,1,figé,0.624126,0,1.31737,1.74965,2.12572,-1.79513,-13.8443,10.5373,-0.0540183,-0.350624,0.237139,5,630,572,0.0920635,7.94444,-0.421886,-4817.08,0.85044,0.304196,-8.42146,-0.328365,-0.496621,-0.482405,-6149.29,17,-1957.08,2860,1.46136,235,337,-4.68113,-11.0297,-7.85542,3.17428,-0.346651,-0.315613,-0.331132,-0.0155191,-21.4312,4.91737,-21.038,5.85992,-0.544425,-0.0979308,-0.559428,-0.0981914,-0.350459,-0.377194,-0.374149,0.597959,0.155594,0.740582,-2483.74,0.688544,,,,,,,2,0,-1.79513,-0.0540183,-0.0158189,0.0267305
R1,↳ F5 · x1 encore opposé hors nis_z_100 Q4,26,SL-B 1,SL-B,1,figé,0.624126,0,1.31737,1.74965,2.12572,-1.79513,-13.8443,10.5373,-0.0540183,-0.350624,0.237139,10,630,572,0.0920635,7.94444,-0.565849,-7677.08,0.775593,0.295455,-13.4215,-0.459882,-0.600474,-0.588504,-8301.67,17,-1957.08,5720,2.92273,235,337,-9.68113,-16.0297,-12.8554,3.17428,-0.484971,-0.442387,-0.463679,-0.0212921,-26.4312,-0.0826262,-26.038,0.859922,-0.68101,-0.223461,-0.69682,-0.229279,-0.452682,-0.47336,-0.471668,0.597959,0.155594,0.661007,-2483.74,1.37709,,,,,,,2,0,-1.79513,-0.0540183,-0.0133368,0.0164616
R1,↳ F5 · x1 encore opposé hors nis_z_100 Q4,26,SL-B 1,SL-B,1,dynamique,0.619863,0,1.31861,1.75416,2.13059,,,,,,,5,630,584,0.0730159,8.11111,-0.414563,-4687.66,0.855985,0.309932,-8.02681,-0.320431,-0.504518,-0.494854,-6433.62,17,-1767.66,2920,1.6519,243,341,-4.99581,-10.1867,-7.59127,2.59546,-0.363781,-0.28954,-0.326661,-0.0371208,-20.8235,5.09803,-20.6004,5.77468,-0.535577,-0.0963555,-0.549835,-0.0960871,-0.346597,-0.374404,-0.370428,0.599767,0.159247,0.7478,-2381.95,0.735245,12,10.7849,0.0577145,0,,,2,0,-1.40048,-0.0460852,-0.0119563,0.0295208
R1,↳ F5 · x1 encore opposé hors nis_z_100 Q4,26,SL-B 1,SL-B,1,dynamique,0.619863,0,1.31861,1.75416,2.13059,,,,,,,10,630,584,0.0730159,8.11111,-0.562977,-7607.66,0.779978,0.30137,-13.0268,-0.453367,-0.604696,-0.593347,-8460.32,17,-1767.66,5840,3.30381,243,341,-9.99581,-15.1867,-12.5913,2.59546,-0.504735,-0.416762,-0.460749,-0.0439866,-25.8235,0.0980341,-25.6004,0.774676,-0.675224,-0.225826,-0.688057,-0.227628,-0.451688,-0.472403,-0.470708,0.599767,0.159247,0.666726,-2381.95,1.47049,12,5.78487,-0.142848,0,,,2,0,-1.40048,-0.0475039,-0.0123424,0.0174184
R2,↳ F2b · x1 déjà retourné hors nis_z_100 Q4,13,sans,sans,,figé,0,0,,,,0,0,0,0,0,0,5,741,695,0.0620783,9.65278,0.209283,2744.38,1.08064,0.466187,3.94874,0.0218593,-0.348803,-0.340149,-3748.32,13,6219.38,3475,0.558738,347,348,2.41582,5.47726,3.94654,-1.53072,0.0267942,0.0169386,0.0218664,0.00492783,-6.9816,15.2314,-7.04248,15.286,-0.19781,0.239681,-0.198884,0.239381,0.0231982,-0.200441,-0.198466,0.597907,0.155396,1.02391,2485.87,0.835814,,,,,,,3,2,0,0,0,0
R2,↳ F2b · x1 déjà retourné hors nis_z_100 Q4,13,sans,sans,,figé,0,0,,,,0,0,0,0,0,0,10,741,695,0.0620783,9.65278,-0.145729,-730.624,0.979664,0.440288,-1.05126,-0.112856,-0.474786,-0.467301,-5857.93,13,6219.38,6950,1.11748,347,348,-2.58418,0.477256,-1.05346,-1.53072,-0.107503,-0.118194,-0.112848,0.00534564,-11.9816,10.2314,-12.0425,10.286,-0.341323,0.104653,-0.338661,0.106718,-0.16882,-0.316354,-0.308972,0.597907,0.155396,0.908494,2485.87,1.67163,,,,,,,2,1,0,0,0,0
R2,↳ F2b · x1 déjà retourné hors nis_z_100 Q4,13,sans,sans,,dynamique,0,0,,,,,,,,,,5,741,695,0.0620783,9.65278,0.209283,2744.38,1.08064,0.466187,3.94874,0.0218593,-0.348803,-0.340149,-3748.32,13,6219.38,3475,0.558738,347,348,2.41582,5.47726,3.94654,-1.53072,0.0267942,0.0169386,0.0218664,0.00492783,-6.9816,15.2314,-7.04248,15.286,-0.19781,0.239681,-0.198884,0.239381,0.0231982,-0.200441,-0.198466,0.597907,0.155396,1.02391,2485.87,0.835814,0,,,0,,,3,2,0,0,0,0
R2,↳ F2b · x1 déjà retourné hors nis_z_100 Q4,13,sans,sans,,dynamique,0,0,,,,,,,,,,10,741,695,0.0620783,9.65278,-0.145729,-730.624,0.979664,0.440288,-1.05126,-0.112856,-0.474786,-0.467301,-5857.93,13,6219.38,6950,1.11748,347,348,-2.58418,0.477256,-1.05346,-1.53072,-0.107503,-0.118194,-0.112848,0.00534564,-11.9816,10.2314,-12.0425,10.286,-0.341323,0.104653,-0.338661,0.106718,-0.16882,-0.316354,-0.308972,0.597907,0.155396,0.908494,2485.87,1.67163,0,,,0,,,2,1,0,0,0,0
R2,↳ F2b · x1 déjà retourné hors nis_z_100 Q4,13,SL-A 1,SL-A,1,figé,0.618705,0.00143885,1,1,1,-0.33783,-8.51191,7.8094,0.0339839,-0.124097,0.202512,5,741,695,0.0620783,9.65278,0.230575,2509.58,1.10064,0.315108,3.61091,0.0558432,-0.314346,-0.301955,-3420.64,9,5984.58,3475,0.580659,347,348,9.31525,-2.07703,3.61911,5.69614,0.133454,-0.0215444,0.0559547,0.0774992,-4.64012,13.2697,-4.79693,13.094,-0.105687,0.230491,-0.104379,0.232266,0.0797177,-0.12477,-0.121024,0.597907,0.155396,1.0708,2934.39,0.708062,,,,,,,3,2,-0.33783,0.0339839,0.0565195,0.0756702
R2,↳ F2b · x1 déjà retourné hors nis_z_100 Q4,13,SL-A 1,SL-A,1,figé,0.618705,0.00143885,1,1,1,-0.33783,-8.51191,7.8094,0.0339839,-0.124097,0.202512,10,741,695,0.0620783,9.65278,-0.130662,-965.416,0.964679,0.306475,-1.38909,-0.0788721,-0.430178,-0.420355,-5209.13,9,5984.58,6950,1.16132,347,348,4.31525,-7.07703,-1.38089,5.69614,-0.000842967,-0.156677,-0.07876,0.077917,-9.64012,8.26973,-9.79693,8.09403,-0.241821,0.0997386,-0.2417,0.0983791,-0.122875,-0.248229,-0.244719,0.597907,0.155396,0.909889,2934.39,1.41612,,,,,,,2,2,-0.33783,0.0339839,0.045945,0.0681253
R2,↳ F2b · x1 déjà retourné hors nis_z_100 Q4,13,SL-A 1,SL-A,1,dynamique,0.614085,0.00140845,1,1,1,,,,,,,5,741,710,0.0418354,9.86111,0.240154,2591.37,1.10234,0.31831,3.64982,0.0608759,-0.304386,-0.291815,-3272.99,9,6141.37,3550,0.578046,358,352,8.73724,-1.52431,3.60647,5.13078,0.130274,-0.00970553,0.0602844,0.06999,-4.51353,12.8015,-4.62129,12.799,-0.0986807,0.236033,-0.1014,0.235999,0.0930902,-0.114853,-0.111064,0.599025,0.159155,1.07997,3107.51,0.684321,18,-0.841433,0.0910245,3,-32.3122,-0.924131,3,2,-0.298919,0.0390166,0.0698921,0.0855877
R2,↳ F2b · x1 déjà retourné hors nis_z_100 Q4,13,SL-A 1,SL-A,1,dynamique,0.614085,0.00140845,1,1,1,,,,,,,10,741,710,0.0418354,9.86111,-0.130439,-958.625,0.965463,0.309859,-1.35018,-0.0741441,-0.422678,-0.412725,-5089.35,9,6141.37,7100,1.15609,358,352,3.73724,-6.52431,-1.39353,5.13078,-0.00438282,-0.145094,-0.0747386,0.0703558,-9.51353,7.80146,-9.62129,7.79901,-0.236931,0.103643,-0.238838,0.103915,-0.11633,-0.239944,-0.236395,0.599025,0.159155,0.916649,3107.51,1.36864,18,-5.84143,-0.0628846,3,-37.3122,-1.10191,2,2,-0.298919,0.0387119,0.0524893,0.0764103
R2,↳ F2b · x1 déjà retourné hors nis_z_100 Q4,13,SL-A 1.5,SL-A,1.5,figé,0.461871,0.00143885,1.5,1.5,1.5,3.40792,-1.58372,8.55134,0.0865636,-0.0212871,0.194393,5,741,695,0.0620783,9.65278,0.577268,5112.88,1.18169,0.388489,7.35667,0.108423,-0.202571,-0.190676,-1995.99,13,8587.88,3475,0.40464,347,348,8.09315,6.6223,7.35773,0.735423,0.126723,0.0901755,0.108449,0.0182737,-1.73654,16.7675,-1.68287,16.8827,-0.0673199,0.296747,-0.0673179,0.295582,0.181389,-0.106896,-0.103388,0.597907,0.155396,1.12808,3862.04,0.537987,,,,,,,5,4,3.40792,0.0865636,0.158191,0.0935443
R2,↳ F2b · x1 déjà retourné hors nis_z_100 Q4,13,SL-A 1.5,SL-A,1.5,figé,0.461871,0.00143885,1.5,1.5,1.5,3.40792,-1.58372,8.55134,0.0865636,-0.0212871,0.194393,10,741,695,0.0620783,9.65278,0.114391,1637.88,1.05407,0.37554,2.35667,-0.0262924,-0.338493,-0.329467,-3702.55,13,8587.88,6950,0.80928,347,348,3.09315,1.6223,2.35773,0.735423,-0.00757404,-0.044957,-0.0262655,0.0186915,-6.73654,11.7675,-6.68287,11.8827,-0.208601,0.163856,-0.209758,0.163637,-0.0402609,-0.198367,-0.19592,0.597907,0.155396,0.980761,3862.04,1.07597,,,,,,,2,3,3.40792,0.0865636,0.128559,0.117987
R2,↳ F2b · x1 déjà retourné hors nis_z_100 Q4,13,SL-A 1.5,SL-A,1.5,dynamique,0.463727,0.00142248,1.5,1.5,1.5,,,,,,,5,741,703,0.0512821,9.76389,0.52349,4767.71,1.16707,0.386913,6.78195,0.0973711,-0.212874,-0.201133,-2125.19,13,8282.71,3515,0.424378,352,351,7.22609,6.33654,6.78132,0.444772,0.114491,0.0802028,0.0973467,0.0171439,-2.09305,16.2111,-2.13214,16.2641,-0.0756463,0.28004,-0.0757346,0.281896,0.16288,-0.108255,-0.106158,0.598994,0.157895,1.11508,3732.29,0.564122,9,-39.4337,-0.821647,1,-9.72951,-0.492791,5,4,2.83321,0.0755118,0.139682,0.0921857
R2,↳ F2b · x1 déjà retourné hors nis_z_100 Q4,13,SL-A 1.5,SL-A,1.5,dynamique,0.463727,0.00142248,1.5,1.5,1.5,,,,,,,10,741,703,0.0512821,9.76389,0.0720782,1252.71,1.04078,0.374111,1.78195,-0.0376381,-0.356758,-0.347982,-3981.26,13,8282.71,7030,0.848756,352,351,2.22609,1.33654,1.78132,0.444772,-0.0199779,-0.0553487,-0.0376633,0.0176854,-7.09305,11.2111,-7.13214,11.2641,-0.218433,0.148516,-0.218162,0.147297,-0.0579186,-0.210866,-0.208457,0.598994,0.157895,0.96907,3732.29,1.12824,9,-44.4337,-0.992491,1,-14.7295,-0.746037,2,3,2.83321,0.0752179,0.110901,0.105488
R2,↳ F2b · x1 déjà retourné hors nis_z_100 Q4,13,SL-A 2,SL-A,2,figé,0.369784,0,2,2,2,0.885381,-3.21786,5.21432,0.0167269,-0.0763171,0.113487,5,741,695,0.0620783,9.65278,0.315198,3359.72,1.10798,0.417266,4.83412,0.0385863,-0.270566,-0.256443,-2712.16,13,6834.72,3475,0.508434,347,348,0.753391,8.90313,4.82826,-4.07487,-0.0156675,0.0926841,0.0385083,-0.0541758,-4.8465,15.132,-5.03814,15.1575,-0.1539,0.23923,-0.153183,0.238869,0.0564349,-0.141223,-0.139102,0.597907,0.155396,1.04361,2756.21,0.753835,,,,,,,5,3,0.885381,0.0167269,0.0332367,0.0592173
R2,↳ F2b · x1 déjà retourné hors nis_z_100 Q4,13,SL-A 2,SL-A,2,figé,0.369784,0,2,2,2,0.885381,-3.21786,5.21432,0.0167269,-0.0763171,0.113487,10,741,695,0.0620783,9.65278,-0.0708574,-115.284,0.996524,0.398561,-0.165877,-0.096129,-0.412154,-0.402287,-4800.31,13,6834.72,6950,1.01687,347,348,-4.24661,3.90313,-0.17174,-4.07487,-0.149964,-0.0424484,-0.0962064,-0.053758,-9.8465,10.132,-10.0381,10.1575,-0.292434,0.107223,-0.294484,0.108589,-0.141809,-0.261008,-0.258979,0.597907,0.155396,0.91687,2756.21,1.50767,,,,,,,2,2,0.885381,0.0167269,0.0270109,0.0553468
R2,↳ F2b · x1 déjà retourné hors nis_z_100 Q4,13,SL-A 2,SL-A,2,dynamique,0.370529,0,2,2,2,,,,,,,5,741,699,0.0566802,9.70833,0.290586,3171.68,1.10127,0.416309,4.53746,0.0317761,-0.270566,-0.256443,-2712.16,13,6666.68,3495,0.524249,349,350,0.378994,8.68404,4.53152,-4.15252,-0.0232249,0.0866199,0.0316975,-0.0549224,-5.16497,14.8552,-5.20248,14.7642,-0.160734,0.231271,-0.161229,0.230701,0.0457117,-0.144762,-0.142649,0.59826,0.155937,1.0368,2667.63,0.78381,5,-39.5522,-1.01975,1,-9.72951,-0.492791,5,3,0.588717,0.00991677,0.0225135,0.0556787
R2,↳ F2b · x1 déjà retourné hors nis_z_100 Q4,13,SL-A 2,SL-A,2,dynamique,0.370529,0,2,2,2,,,,,,,10,741,699,0.0566802,9.70833,-0.0900759,-323.316,0.990317,0.397711,-0.462541,-0.102961,-0.41487,-0.405049,-4846.52,13,6666.68,6990,1.0485,349,350,-4.62101,3.68404,-0.468481,-4.15252,-0.157597,-0.0484822,-0.10304,-0.0545573,-10.165,9.85515,-10.2025,9.76422,-0.298319,0.0988657,-0.300731,0.0976092,-0.151643,-0.264422,-0.262403,0.59826,0.155937,0.910706,2667.63,1.56762,5,-44.5522,-1.18129,1,-14.7295,-0.746037,2,2,0.588717,0.0098945,0.0171772,0.0519322
R2,↳ F2b · x1 déjà retourné hors nis_z_100 Q4,13,SL-A 2.5,SL-A,2.5,figé,0.300719,0,2.5,2.5,2.5,-1.45114,-5.94687,3.5008,-0.0604906,-0.160282,0.0441254,5,741,695,0.0620783,9.65278,0.113117,1735.84,1.05204,0.428777,2.49761,-0.0386313,-0.383776,-0.377624,-4395.12,13,5210.84,3475,0.666879,347,348,-3.10891,8.08801,2.48955,-5.59846,-0.12285,0.0453451,-0.0387523,-0.0840973,-7.41429,13.176,-7.4664,13.1513,-0.23464,0.16697,-0.235554,0.166518,-0.0663422,-0.238907,-0.236776,0.597907,0.155396,0.967973,1532.39,1.35588,,,,,,,2,3,-1.45114,-0.0604906,-0.0895403,-0.038466
R2,↳ F2b · x1 déjà retourné hors nis_z_100 Q4,13,SL-A 2.5,SL-A,2.5,figé,0.300719,0,2.5,2.5,2.5,-1.45114,-5.94687,3.5008,-0.0604906,-0.160282,0.0441254,10,741,695,0.0620783,9.65278,-0.213689,-1739.16,0.950833,0.410072,-2.50239,-0.173347,-0.516866,-0.511379,-6804.15,13,5210.84,6950,1.33376,347,348,-8.10891,3.08801,-2.51045,-5.59846,-0.257147,-0.0897875,-0.173467,-0.0836795,-12.4143,8.17596,-12.4664,8.15132,-0.372718,0.0383704,-0.373309,0.0372523,-0.241584,-0.351558,-0.349778,0.597907,0.155396,0.85654,1532.39,2.71175,,,,,,,2,2,-1.45114,-0.0604906,-0.0727641,-0.0352041
R2,↳ F2b · x1 déjà retourné hors nis_z_100 Q4,13,SL-A 2.5,SL-A,2.5,dynamique,0.300287,0,2.5,2.5,2.5,,,,,,,5,741,696,0.0607287,9.66667,0.114674,1749.84,1.05245,0.429598,2.51414,-0.0378662,-0.383776,-0.377624,-4395.12,13,5229.84,3480,0.665412,348,348,-3.14063,8.16892,2.51414,-5.65478,-0.124154,0.0484221,-0.0378662,-0.0862883,-7.41374,13.1774,-7.45545,13.1748,-0.234392,0.167444,-0.235511,0.166592,-0.0654067,-0.238907,-0.236776,0.598175,0.155172,0.96857,1546.34,1.34618,2,2.13908,0.000543497,1,-9.72951,-0.492791,2,3,-1.4346,-0.0597255,-0.0886049,-0.038466
R2,↳ F2b · x1 déjà retourné hors nis_z_100 Q4,13,SL-A 2.5,SL-A,2.5,dynamique,0.300287,0,2.5,2.5,2.5,,,,,,,10,741,696,0.0607287,9.66667,-0.212981,-1730.16,0.951094,0.41092,-2.48586,-0.172542,-0.516866,-0.511379,-6804.15,13,5229.84,6960,1.33082,348,348,-8.14063,3.16892,-2.48586,-5.65478,-0.258651,-0.0864333,-0.172542,-0.086109,-12.4137,8.17743,-12.4555,8.17479,-0.37161,0.0388226,-0.37268,0.0373297,-0.241121,-0.351558,-0.349778,0.598175,0.155172,0.856908,1546.34,2.69236,2,-2.86092,-0.179803,1,-14.7295,-0.746037,2,2,-1.4346,-0.0596863,-0.0723016,-0.0352041
R2,↳ F2b · x1 déjà retourné hors nis_z_100 Q4,13,SL-A 3,SL-A,3,figé,0.23741,0,3,3,3,-0.638414,-4.74155,3.66012,-0.0695988,-0.164172,0.0257413,5,741,695,0.0620783,9.65278,0.175366,2300.68,1.06877,0.443165,3.31033,-0.0477395,-0.377721,-0.370654,-4256.33,13,5775.68,3475,0.601661,347,348,-3.3471,9.94863,3.30076,-6.64787,-0.170691,0.0748583,-0.0479161,-0.122774,-7.29825,14.0688,-7.50696,14.3245,-0.249591,0.16317,-0.253846,0.163346,-0.0752879,-0.257272,-0.255084,0.597907,0.155396,0.963733,1444.48,1.43839,,,,,,,2,2,-0.638414,-0.0695988,-0.0984861,-0.0568311
R2,↳ F2b · x1 déjà retourné hors nis_z_100 Q4,13,SL-A 3,SL-A,3,figé,0.23741,0,3,3,3,-0.638414,-4.74155,3.66012,-0.0695988,-0.164172,0.0257413,10,741,695,0.0620783,9.65278,-0.169693,-1174.32,0.966848,0.42446,-1.68967,-0.182455,-0.512116,-0.506576,-6686.33,13,5775.68,6950,1.20332,347,348,-8.3471,4.94863,-1.69924,-6.64787,-0.304988,-0.0602742,-0.182631,-0.122357,-12.2982,9.06876,-12.507,9.32447,-0.389295,0.0338235,-0.390966,0.0314879,-0.248863,-0.368937,-0.367591,0.597907,0.155396,0.854931,1444.48,2.87678,,,,,,,2,2,-0.638414,-0.0695988,-0.0800428,-0.0525823
R2,↳ F2b · x1 déjà retourné hors nis_z_100 Q4,13,SL-A 3,SL-A,3,dynamique,0.23741,0,3,3,3,,,,,,,5,741,695,0.0620783,9.65278,0.174846,2296.26,1.06863,0.443165,3.30397,-0.0478606,-0.377721,-0.370654,-4256.33,13,5771.26,3475,0.602122,348,347,-3.37815,10.0053,3.3136,-6.69174,-0.171858,0.0764942,-0.0476819,-0.124176,-7.2984,14.0688,-7.50714,14.3465,-0.249591,0.163045,-0.254203,0.16362,-0.0756971,-0.257272,-0.255084,0.597907,0.155396,0.963489,1440.06,1.44281,1,-14.1503,-0.576943,1,-9.72951,-0.492791,2,2,-0.644775,-0.0697199,-0.0988953,-0.0568311
R2,↳ F2b · x1 déjà retourné hors nis_z_100 Q4,13,SL-A 3,SL-A,3,dynamique,0.23741,0,3,3,3,,,,,,,10,741,695,0.0620783,9.65278,-0.170061,-1178.74,0.966727,0.42446,-1.69603,-0.182505,-0.512116,-0.506576,-6686.33,13,5771.26,6950,1.20424,348,347,-8.37815,5.00534,-1.6864,-6.69174,-0.306355,-0.0582979,-0.182326,-0.124028,-12.2984,9.06876,-12.5071,9.34652,-0.389296,0.0337715,-0.390966,0.032447,-0.249195,-0.368937,-0.367591,0.597907,0.155396,0.854729,1440.06,2.88561,1,-19.1503,-0.780805,1,-14.7295,-0.746037,2,2,-0.644775,-0.0696488,-0.0803754,-0.0525823
R2,↳ F2b · x1 déjà retourné hors nis_z_100 Q4,13,SL-A 4,SL-A,4,figé,0.145324,0,4,4,4,-0.54162,-3.83054,3.18672,-0.0532375,-0.138226,0.0278116,5,741,695,0.0620783,9.65278,0.176502,2367.95,1.06953,0.454676,3.40712,-0.0313782,-0.410601,-0.405386,-4788.55,13,5842.95,3475,0.594734,347,348,-1.06279,7.86419,3.4007,-4.46349,-0.100775,0.0378188,-0.0314779,-0.0692967,-7.563,14.4849,-7.69034,14.6503,-0.257689,0.186788,-0.257546,0.184877,-0.047341,-0.267354,-0.265544,0.597907,0.155396,0.981592,1754.54,1.1842,,,,,,,3,2,-0.54162,-0.0532375,-0.0705391,-0.0669132
R2,↳ F2b · x1 déjà retourné hors nis_z_100 Q4,13,SL-A 4,SL-A,4,figé,0.145324,0,4,4,4,-0.54162,-3.83054,3.18672,-0.0532375,-0.138226,0.0278116,10,741,695,0.0620783,9.65278,-0.168893,-1107.05,0.969239,0.431655,-1.59288,-0.166094,-0.53239,-0.52708,-7068.55,13,5842.95,6950,1.18947,347,348,-6.06279,2.86419,-1.5993,-4.46349,-0.235072,-0.0973137,-0.166193,-0.0688789,-12.563,9.4849,-12.6903,9.65035,-0.397969,0.0534137,-0.397359,0.0508346,-0.226149,-0.371787,-0.370063,0.597907,0.155396,0.872047,1754.54,2.36841,,,,,,,2,2,-0.54162,-0.0532375,-0.0573293,-0.0554331
R2,↳ F2b · x1 déjà retourné hors nis_z_100 Q4,13,SL-A 4,SL-A,4,dynamique,0.145324,0,4,4,4,,,,,,,5,741,695,0.0620783,9.65278,0.176502,2367.95,1.06953,0.454676,3.40712,-0.0313782,-0.410601,-0.405386,-4788.55,13,5842.95,3475,0.594734,347,348,-1.06279,7.86419,3.4007,-4.46349,-0.100775,0.0378188,-0.0314779,-0.0692967,-7.563,14.4849,-7.69034,14.6503,-0.257689,0.186788,-0.257546,0.184877,-0.047341,-0.267354,-0.265544,0.597907,0.155396,0.981592,1754.54,1.1842,0,,,0,,,3,2,-0.54162,-0.0532375,-0.0705391,-0.0669132
R2,↳ F2b · x1 déjà retourné hors nis_z_100 Q4,13,SL-A 4,SL-A,4,dynamique,0.145324,0,4,4,4,,,,,,,10,741,695,0.0620783,9.65278,-0.168893,-1107.05,0.969239,0.431655,-1.59288,-0.166094,-0.53239,-0.52708,-7068.55,13,5842.95,6950,1.18947,347,348,-6.06279,2.86419,-1.5993,-4.46349,-0.235072,-0.0973137,-0.166193,-0.0688789,-12.563,9.4849,-12.6903,9.65035,-0.397969,0.0534137,-0.397359,0.0508346,-0.226149,-0.371787,-0.370063,0.597907,0.155396,0.872047,1754.54,2.36841,0,,,0,,,2,2,-0.54162,-0.0532375,-0.0573293,-0.0554331
R2,↳ F2b · x1 déjà retourné hors nis_z_100 Q4,13,SL-A 5,SL-A,5,figé,0.0848921,0,5,5,5,-0.475941,-3.14588,2.64187,-0.0259077,-0.0920828,0.039797,5,741,695,0.0620783,9.65278,0.176331,2413.6,1.07044,0.460432,3.4728,-0.00404838,-0.406814,-0.398931,-4681.24,13,5888.6,3475,0.590124,347,348,-0.686446,7.6201,3.46683,-4.15327,-0.0527233,0.0444867,-0.00411831,-0.048605,-7.25286,14.6617,-7.32852,14.701,-0.230513,0.22065,-0.22925,0.220883,-0.00965686,-0.252084,-0.250236,0.597907,0.155396,1.00405,2147.98,0.967295,,,,,,,3,2,-0.475941,-0.0259077,-0.032855,-0.051643
R2,↳ F2b · x1 déjà retourné hors nis_z_100 Q4,13,SL-A 5,SL-A,5,figé,0.0848921,0,5,5,5,-0.475941,-3.14588,2.64187,-0.0259077,-0.0920828,0.039797,10,741,695,0.0620783,9.65278,-0.169016,-1061.4,0.970663,0.43741,-1.5272,-0.138764,-0.525824,-0.520262,-6904.38,13,5888.6,6950,1.18025,347,348,-5.68645,2.6201,-1.53317,-4.15327,-0.18702,-0.0906458,-0.138833,-0.0481872,-12.2529,9.66172,-12.3285,9.70104,-0.37018,0.0853486,-0.369976,0.0860054,-0.195523,-0.358965,-0.352137,0.597907,0.155396,0.89173,2147.98,1.93459,,,,,,,2,2,-0.475941,-0.0259077,-0.026703,-0.0426102
R2,↳ F2b · x1 déjà retourné hors nis_z_100 Q4,13,SL-A 5,SL-A,5,dynamique,0.0848921,0,5,5,5,,,,,,,5,741,695,0.0620783,9.65278,0.176331,2413.6,1.07044,0.460432,3.4728,-0.00404838,-0.406814,-0.398931,-4681.24,13,5888.6,3475,0.590124,347,348,-0.686446,7.6201,3.46683,-4.15327,-0.0527233,0.0444867,-0.00411831,-0.048605,-7.25286,14.6617,-7.32852,14.701,-0.230513,0.22065,-0.22925,0.220883,-0.00965686,-0.252084,-0.250236,0.597907,0.155396,1.00405,2147.98,0.967295,0,,,0,,,3,2,-0.475941,-0.0259077,-0.032855,-0.051643
R2,↳ F2b · x1 déjà retourné hors nis_z_100 Q4,13,SL-A 5,SL-A,5,dynamique,0.0848921,0,5,5,5,,,,,,,10,741,695,0.0620783,9.65278,-0.169016,-1061.4,0.970663,0.43741,-1.5272,-0.138764,-0.525824,-0.520262,-6904.38,13,5888.6,6950,1.18025,347,348,-5.68645,2.6201,-1.53317,-4.15327,-0.18702,-0.0906458,-0.138833,-0.0481872,-12.2529,9.66172,-12.3285,9.70104,-0.37018,0.0853486,-0.369976,0.0860054,-0.195523,-0.358965,-0.352137,0.597907,0.155396,0.89173,2147.98,1.93459,0,,,0,,,2,2,-0.475941,-0.0259077,-0.026703,-0.0426102
R2,↳ F2b · x1 déjà retourné hors nis_z_100 Q4,13,SL-B 0,SL-B,0,figé,0.471942,0,1.13889,1.53212,1.99846,1.46746,-4.2381,7.06646,0.0421417,-0.0847861,0.166433,5,741,695,0.0620783,9.65278,0.381124,3764.26,1.13199,0.385612,5.41621,0.064001,-0.220512,-0.214789,-2179.89,13,7239.26,3475,0.480021,347,348,5.12645,5.70513,5.41579,-0.289336,0.0702622,0.0577578,0.06401,0.00625221,-3.26546,14.7877,-3.2122,14.7324,-0.11231,0.246383,-0.110679,0.246706,0.097285,-0.132334,-0.124981,0.597907,0.155396,1.0734,3116.22,0.666746,,,,,,,5,4,1.46746,0.0421417,0.0740868,0.0681067
R2,↳ F2b · x1 déjà retourné hors nis_z_100 Q4,13,SL-B 0,SL-B,0,figé,0.471942,0,1.13889,1.53212,1.99846,1.46746,-4.2381,7.06646,0.0421417,-0.0847861,0.166433,10,741,695,0.0620783,9.65278,-0.0242548,289.263,1.00943,0.37554,0.416205,-0.0707143,-0.381269,-0.375951,-4391.27,13,7239.26,6950,0.960043,347,348,0.126453,0.705125,0.415789,-0.289336,-0.0640347,-0.0773747,-0.0707047,0.00667002,-8.26546,9.78772,-8.2122,9.73239,-0.254118,0.110932,-0.252026,0.113782,-0.108615,-0.249716,-0.247839,0.597907,0.155396,0.932855,3116.22,1.33349,,,,,,,2,2,1.46746,0.0421417,0.060205,0.0666383
R2,↳ F2b · x1 déjà retourné hors nis_z_100 Q4,13,SL-B 0,SL-B,0,dynamique,0.470839,0,1.13872,1.53297,1.9989,,,,,,,5,741,703,0.0512821,9.76389,0.377149,3736.97,1.13002,0.385491,5.31575,0.0601662,-0.215287,-0.209525,-2112.02,13,7251.97,3515,0.484696,351,352,5.05239,5.57836,5.31537,-0.262987,0.0648772,0.0554685,0.0601729,0.00470434,-3.2779,14.4744,-3.151,14.4161,-0.11435,0.241241,-0.114894,0.241945,0.0930584,-0.131717,-0.124359,0.598994,0.157895,1.07003,3105.76,0.677923,9,-4.11339,-0.29741,1,-9.72951,-0.492791,5,4,1.36701,0.0383068,0.0698603,0.0687237
R2,↳ F2b · x1 déjà retourné hors nis_z_100 Q4,13,SL-B 0,SL-B,0,dynamique,0.470839,0,1.13872,1.53297,1.9989,,,,,,,10,741,703,0.0512821,9.76389,-0.0309495,221.972,1.00718,0.375533,0.315749,-0.0748695,-0.377921,-0.372575,-4336.13,13,7251.97,7030,0.969392,351,352,0.0523878,0.578362,0.315375,-0.262987,-0.0692472,-0.0804759,-0.0748616,0.00561439,-8.2779,9.47442,-8.151,9.41611,-0.256365,0.105282,-0.256997,0.107609,-0.114509,-0.250202,-0.248326,0.598994,0.157895,0.929297,3105.76,1.35585,9,-9.11339,-0.470322,1,-14.7295,-0.746037,2,2,1.36701,0.0379864,0.0543105,0.0661528
R2,↳ F2b · x1 déjà retourné hors nis_z_100 Q4,13,SL-B 0.25,SL-B,0.25,figé,0.417266,0.0028777,1.38889,1.78212,2.24846,0.934658,-3.63991,5.8078,0.0128182,-0.101721,0.122557,5,741,695,0.0620783,9.65278,0.323904,3393.96,1.11269,0.405755,4.8834,0.0346775,-0.307323,-0.29819,-3251.49,13,6868.96,3475,0.505899,347,348,3.23285,6.5292,4.88103,-1.64817,0.035681,0.0336769,0.034679,0.00100205,-4.21909,14.6039,-4.26528,14.5283,-0.149544,0.225483,-0.150389,0.224725,0.0457758,-0.18213,-0.180109,0.597907,0.155396,1.03759,2642.27,0.786342,,,,,,,3,2,0.934658,0.0128182,0.0225776,0.0183111
R2,↳ F2b · x1 déjà retourné hors nis_z_100 Q4,13,SL-B 0.25,SL-B,0.25,figé,0.417266,0.0028777,1.38889,1.78212,2.24846,0.934658,-3.63991,5.8078,0.0128182,-0.101721,0.122557,10,741,695,0.0620783,9.65278,-0.0647025,-81.0367,0.997484,0.389928,-0.1166,-0.100038,-0.457687,-0.448585,-5628.97,13,6868.96,6950,1.0118,347,348,-1.76715,1.5292,-0.118971,-1.64817,-0.0986159,-0.101456,-0.100036,0.00141986,-9.21909,9.60388,-9.26528,9.52828,-0.289021,0.0919741,-0.288645,0.0910025,-0.150475,-0.29975,-0.297569,0.597907,0.155396,0.907255,2642.27,1.57268,,,,,,,2,2,0.934658,0.0128182,0.0183452,0.0166038
R2,↳ F2b · x1 déjà retourné hors nis_z_100 Q4,13,SL-B 0.25,SL-B,0.25,dynamique,0.41774,0.00286123,1.38922,1.78306,2.24959,,,,,,,5,741,699,0.0566802,9.70833,0.327756,3424.25,1.11325,0.406295,4.89879,0.0316285,-0.306278,-0.297131,-3235.21,13,6919.25,3495,0.505112,350,349,3.32923,6.47284,4.90104,-1.5718,0.0331409,0.0301118,0.0316264,0.00151458,-4.23169,14.6327,-4.22338,14.6734,-0.151904,0.223425,-0.151885,0.220486,0.0419474,-0.185939,-0.183928,0.598339,0.155937,1.03496,2619.34,0.798367,5,4.11203,-0.497064,1,-9.72951,-0.492791,3,2,0.950046,0.0097692,0.0187492,0.0145014
R2,↳ F2b · x1 déjà retourné hors nis_z_100 Q4,13,SL-B 0.25,SL-B,0.25,dynamique,0.41774,0.00286123,1.38922,1.78306,2.24959,,,,,,,10,741,699,0.0566802,9.70833,-0.0638545,-70.747,0.997812,0.390558,-0.101212,-0.103125,-0.457683,-0.448581,-5627.69,13,6919.25,6990,1.01022,350,349,-1.67077,1.47284,-0.0989631,-1.5718,-0.101107,-0.105149,-0.103128,0.00202095,-9.23169,9.6327,-9.22338,9.67341,-0.291266,0.0864214,-0.291307,0.0883493,-0.154726,-0.303679,-0.301511,0.598339,0.155937,0.904774,2619.34,1.59673,5,-0.887974,-0.660806,1,-14.7295,-0.746037,2,2,0.950046,0.00973114,0.0140938,0.0126749
R2,↳ F2b · x1 déjà retourné hors nis_z_100 Q4,13,SL-B 0.5,SL-B,0.5,figé,0.364029,0,1.63889,2.03212,2.49846,0.841042,-3.54474,5.52884,0.00999077,-0.0854589,0.113968,5,741,695,0.0620783,9.65278,0.310601,3328.9,1.10694,0.415827,4.78978,0.0318501,-0.275221,-0.262339,-2753.86,13,6803.9,3475,0.510736,347,348,0.388795,9.17813,4.78346,-4.39467,-0.0298573,0.0933801,0.0317614,-0.0616187,-4.57349,15.0446,-4.59279,15.0216,-0.158251,0.234326,-0.159018,0.232874,0.0450053,-0.15804,-0.155417,0.597907,0.155396,1.03655,2648.19,0.784584,,,,,,,4,3,0.841042,0.00999077,0.0218072,0.042401
R2,↳ F2b · x1 déjà retourné hors nis_z_100 Q4,13,SL-B 0.5,SL-B,0.5,figé,0.364029,0,1.63889,2.03212,2.49846,0.841042,-3.54474,5.52884,0.00999077,-0.0854589,0.113968,10,741,695,0.0620783,9.65278,-0.0741073,-146.1,0.995598,0.398561,-0.210215,-0.102865,-0.426592,-0.416968,-5046.59,13,6803.9,6950,1.02147,347,348,-4.61121,4.17813,-0.216539,-4.39467,-0.164154,-0.0417524,-0.102953,-0.0612009,-9.57349,10.0446,-9.59279,10.0216,-0.298216,0.0992399,-0.299991,0.101795,-0.151099,-0.281682,-0.279444,0.597907,0.155396,0.91074,2648.19,1.56917,,,,,,,2,2,0.841042,0.00999077,0.0177209,0.0346726
R2,↳ F2b · x1 déjà retourné hors nis_z_100 Q4,13,SL-B 0.5,SL-B,0.5,dynamique,0.363897,0,1.63914,2.03447,2.49972,,,,,,,5,741,698,0.0580297,9.69444,0.323576,3428.4,1.10996,0.416905,4.91175,0.0310661,-0.269068,-0.256077,-2668.37,13,6918.4,3490,0.504452,349,349,0.722284,9.10121,4.91175,-4.18946,-0.0267955,0.0889276,0.0310661,-0.0578616,-4.36873,15.0435,-4.42313,14.9211,-0.159328,0.231595,-0.16085,0.230704,0.0453868,-0.158835,-0.155954,0.598326,0.15616,1.03668,2662.47,0.784294,4,22.4421,-0.236126,1,-9.72951,-0.492791,4,3,0.963003,0.00920673,0.0221886,0.0416053
R2,↳ F2b · x1 déjà retourné hors nis_z_100 Q4,13,SL-B 0.5,SL-B,0.5,dynamique,0.363897,0,1.63914,2.03447,2.49972,,,,,,,10,741,698,0.0580297,9.69444,-0.066338,-61.6016,0.998147,0.399713,-0.0882545,-0.103706,-0.422301,-0.412604,-4971.1,13,6918.4,6980,1.0089,349,349,-4.27772,4.10121,-0.0882545,-4.18946,-0.16108,-0.0463328,-0.103706,-0.0573736,-9.36873,10.0435,-9.42313,9.92114,-0.300253,0.0971529,-0.301671,0.0995237,-0.151676,-0.282607,-0.280373,0.598326,0.15616,0.910643,2662.47,1.56859,4,17.4421,-0.410444,1,-14.7295,-0.746037,2,2,0.963003,0.00914959,0.0171441,0.0337471
R2,↳ F2b · x1 déjà retourné hors nis_z_100 Q4,13,SL-B 1,SL-B,1,figé,0.28777,0,2.13889,2.53212,2.99846,0.135191,-4.25169,4.88188,-0.0309953,-0.130554,0.0701628,5,741,695,0.0620783,9.65278,0.244089,2838.33,1.08764,0.431655,4.08393,-0.00913597,-0.334924,-0.326086,-3632.32,13,6313.33,3475,0.550422,347,348,-2.39776,10.547,4.07462,-6.47238,-0.119264,0.100675,-0.0092942,-0.10997,-6.05552,14.8802,-6.25259,14.8371,-0.212728,0.197457,-0.215096,0.199483,-0.0224943,-0.21261,-0.210157,0.597907,0.155396,0.994763,1990.59,1.04377,,,,,,,4,3,0.135191,-0.0309953,-0.0456924,-0.0121694
R2,↳ F2b · x1 déjà retourné hors nis_z_100 Q4,13,SL-B 1,SL-B,1,figé,0.28777,0,2.13889,2.53212,2.99846,0.135191,-4.25169,4.88188,-0.0309953,-0.130554,0.0701628,10,741,695,0.0620783,9.65278,-0.12112,-636.666,0.981488,0.41295,-0.916066,-0.143851,-0.475604,-0.46965,-5991.03,13,6313.33,6950,1.10084,347,348,-7.39776,5.547,-0.925379,-6.47238,-0.253561,-0.0344572,-0.144009,-0.109552,-11.0555,9.88017,-11.2526,9.83708,-0.353353,0.0702266,-0.355342,0.0713768,-0.205956,-0.328333,-0.326489,0.597907,0.155396,0.878994,1990.59,2.08755,,,,,,,2,2,0.135191,-0.0309953,-0.0371367,-0.0119786
R2,↳ F2b · x1 déjà retourné hors nis_z_100 Q4,13,SL-B 1,SL-B,1,dynamique,0.288793,0,2.13897,2.53301,2.99824,,,,,,,5,741,696,0.0607287,9.66667,0.236714,2779.04,1.08565,0.431034,3.99287,-0.0135992,-0.338574,-0.329784,-3687.2,13,6259.04,3480,0.555996,348,348,-2.43153,10.4173,3.99287,-6.4244,-0.120579,0.0933806,-0.0135992,-0.10698,-6.05596,14.7743,-6.3204,14.8387,-0.217586,0.192664,-0.217976,0.193846,-0.0282887,-0.216931,-0.214492,0.598485,0.156609,0.991231,1936.29,1.07563,2,-34.5135,-1.80415,1,-9.72951,-0.492791,4,3,0.0441261,-0.0354585,-0.0514868,-0.0164903
R2,↳ F2b · x1 déjà retourné hors nis_z_100 Q4,13,SL-B 1,SL-B,1,dynamique,0.288793,0,2.13897,2.53301,2.99824,,,,,,,10,741,696,0.0607287,9.66667,-0.126769,-700.963,0.979656,0.412356,-1.00713,-0.148447,-0.478744,-0.472825,-6050.91,13,6259.04,6960,1.11199,348,348,-7.43153,5.41727,-1.00713,-6.4244,-0.255076,-0.0418179,-0.148447,-0.106629,-11.056,9.77426,-11.3204,9.83867,-0.357728,0.0655844,-0.360244,0.0634742,-0.21106,-0.332355,-0.330522,0.598485,0.156609,0.875846,1936.29,2.15125,2,-39.5135,-2.04418,1,-14.7295,-0.746037,2,2,0.0441261,-0.0355908,-0.0422406,-0.0160003
R2,↳ F2b · x1 déjà retourné hors nis_z_100 Q4,26,sans,sans,,figé,0,0,,,,0,0,0,0,0,0,5,741,639,0.137652,8.875,0.775109,7344.68,1.16889,0.496088,11.494,0.388997,-0.447062,-0.443615,-5463.21,26,10539.7,3195,0.30314,321,318,9.77107,13.2332,11.5021,-1.73108,0.530513,0.246146,0.388329,0.142183,-2.92958,25.9552,-3.25415,26.0024,0.0790254,0.699719,0.0755605,0.699873,0.721899,-0.131851,-0.131137,0.597073,0.1518,1.27891,7702.25,0.247674,,,,,,,4,5,0,0,0,0
R2,↳ F2b · x1 déjà retourné hors nis_z_100 Q4,26,sans,sans,,figé,0,0,,,,0,0,0,0,0,0,10,741,639,0.137652,8.875,0.289803,4149.68,1.09197,0.482003,6.49402,0.254542,-0.477082,-0.474351,-6028.21,26,10539.7,6390,0.60628,321,318,4.77107,8.23323,6.50215,-1.73108,0.394117,0.11365,0.253884,0.140234,-7.92958,20.9552,-8.25415,21.0024,-0.0564828,0.569251,-0.0595595,0.56778,0.423095,-0.166866,-0.160671,0.597073,0.1518,1.17884,7702.25,0.495348,,,,,,,4,4,0,0,0,0
R2,↳ F2b · x1 déjà retourné hors nis_z_100 Q4,26,sans,sans,,dynamique,0,0,,,,,,,,,,5,741,639,0.137652,8.875,0.775109,7344.68,1.16889,0.496088,11.494,0.388997,-0.447062,-0.443615,-5463.21,26,10539.7,3195,0.30314,321,318,9.77107,13.2332,11.5021,-1.73108,0.530513,0.246146,0.388329,0.142183,-2.92958,25.9552,-3.25415,26.0024,0.0790254,0.699719,0.0755605,0.699873,0.721899,-0.131851,-0.131137,0.597073,0.1518,1.27891,7702.25,0.247674,0,,,0,,,4,5,0,0,0,0
R2,↳ F2b · x1 déjà retourné hors nis_z_100 Q4,26,sans,sans,,dynamique,0,0,,,,,,,,,,10,741,639,0.137652,8.875,0.289803,4149.68,1.09197,0.482003,6.49402,0.254542,-0.477082,-0.474351,-6028.21,26,10539.7,6390,0.60628,321,318,4.77107,8.23323,6.50215,-1.73108,0.394117,0.11365,0.253884,0.140234,-7.92958,20.9552,-8.25415,21.0024,-0.0564828,0.569251,-0.0595595,0.56778,0.423095,-0.166866,-0.160671,0.597073,0.1518,1.17884,7702.25,0.495348,0,,,0,,,4,4,0,0,0,0
R2,↳ F2b · x1 déjà retourné hors nis_z_100 Q4,26,SL-A 1,SL-A,1,figé,0.730829,0,1,1,1,-9.07855,-20.0653,2.44021,-0.270545,-0.524867,-0.00495874,5,741,639,0.137652,8.875,0.10557,1543.48,1.05774,0.245696,2.41547,0.118452,-0.445531,-0.426727,-5343.87,8,4738.48,3195,0.674266,321,318,6.03248,-1.23566,2.39841,3.63407,0.150864,0.0857345,0.118299,0.0325646,-8.60236,14.0406,-8.72976,14.0328,-0.10904,0.362179,-0.108403,0.363427,0.17616,-0.158357,-0.149596,0.597073,0.1518,1.13817,3662.33,0.520884,,,,,,,3,3,-9.07855,-0.270545,-0.54574,-0.0265063
R2,↳ F2b · x1 déjà retourné hors nis_z_100 Q4,26,SL-A 1,SL-A,1,figé,0.730829,0,1,1,1,-9.07855,-20.0653,2.44021,-0.270545,-0.524867,-0.00495874,10,741,639,0.137652,8.875,-0.196835,-1651.52,0.943338,0.241002,-2.58453,-0.0160029,-0.530256,-0.514572,-7003.87,8,4738.48,6390,1.34853,321,318,1.03248,-6.23566,-2.60159,3.63407,0.0144683,-0.0467616,-0.0161467,0.0306149,-13.6024,9.04062,-13.7298,9.03276,-0.243642,0.231574,-0.244723,0.233927,-0.0280816,-0.233493,-0.225331,0.597073,0.1518,0.989179,3662.33,1.04177,,,,,,,3,3,-9.07855,-0.270545,-0.451177,-0.0666276
R2,↳ F2b · x1 déjà retourné hors nis_z_100 Q4,26,SL-A 1,SL-A,1,dynamique,0.725146,0,1,1,1,,,,,,,5,741,684,0.0769231,9.5,0.304036,3257.15,1.1159,0.25,4.76192,0.128444,-0.360595,-0.33891,-3879.02,9,6677.15,3420,0.512194,345,339,10.1992,-0.77156,4.7138,5.48536,0.186632,0.0692262,0.127929,0.0587027,-5.55023,15.1698,-5.69698,15.0661,-0.0840116,0.360453,-0.0845699,0.359746,0.213061,-0.13837,-0.129402,0.596802,0.153509,1.15352,4114.45,0.496071,48,31.079,0.175517,3,-73.9579,-1.24664,3,3,-6.7321,-0.260553,-0.508838,-0.00651964
R2,↳ F2b · x1 déjà retourné hors nis_z_100 Q4,26,SL-A 1,SL-A,1,dynamique,0.725146,0,1,1,1,,,,,,,10,741,684,0.0769231,9.5,-0.0736638,-162.848,0.994691,0.24269,-0.238082,-0.00579474,-0.463384,-0.445467,-5634.02,9,6677.15,6840,1.02439,345,339,5.19916,-5.77156,-0.286199,5.48536,0.0519447,-0.0645561,-0.0063057,0.0582504,-10.5502,10.1698,-10.697,10.0661,-0.219191,0.225379,-0.217994,0.22441,-0.010877,-0.215098,-0.206741,0.596802,0.153509,1.00215,4114.45,0.992143,48,26.079,0.0371334,3,-78.9579,-1.49329,3,2,-6.7321,-0.260337,-0.433972,-0.0482328
R2,↳ F2b · x1 déjà retourné hors nis_z_100 Q4,26,SL-A 1.5,SL-A,1.5,figé,0.619718,0,1.5,1.5,1.5,-6.59386,-16.4338,3.94249,-0.251156,-0.479276,-0.00194888,5,741,639,0.137652,8.875,0.251732,3131.21,1.09413,0.325509,4.90017,0.13784,-0.403137,-0.390442,-4802.29,15,6326.21,3195,0.505042,321,318,3.80827,6.00237,4.90532,-1.09705,0.112471,0.163449,0.13796,-0.0254893,-8.38345,18.2834,-8.69203,18.2649,-0.100585,0.381157,-0.100494,0.379693,0.216285,-0.142653,-0.133578,0.597073,0.1518,1.13514,4039.36,0.472265,,,,,,,4,4,-6.59386,-0.251156,-0.505614,-0.0108026
R2,↳ F2b · x1 déjà retourné hors nis_z_100 Q4,26,SL-A 1.5,SL-A,1.5,figé,0.619718,0,1.5,1.5,1.5,-6.59386,-16.4338,3.94249,-0.251156,-0.479276,-0.00194888,10,741,639,0.137652,8.875,-0.0906109,-63.7943,0.9982,0.314554,-0.0998346,0.00338549,-0.457955,-0.445014,-5643.78,15,6326.21,6390,1.01008,321,318,-1.19173,1.00237,-0.0946842,-1.09705,-0.0239247,0.0309533,0.00351432,-0.027439,-13.3834,13.2834,-13.692,13.2649,-0.238753,0.245939,-0.238716,0.245031,0.00508408,-0.178196,-0.167716,0.597073,0.1518,1.01313,4039.36,0.94453,,,,,,,3,3,-6.59386,-0.251156,-0.418011,-0.0113303
R2,↳ F2b · x1 déjà retourné hors nis_z_100 Q4,26,SL-A 1.5,SL-A,1.5,dynamique,0.617691,0,1.5,1.5,1.5,,,,,,,5,741,667,0.099865,9.26389,0.460115,4730.7,1.1376,0.325337,7.0925,0.153967,-0.353151,-0.339394,-3971.03,16,8065.7,3335,0.413479,334,333,7.3557,6.82851,7.09211,0.263593,0.147566,0.160387,0.153976,-0.00641073,-5.917,19.9645,-5.87828,19.9535,-0.0758824,0.393872,-0.075061,0.39076,0.266864,-0.123003,-0.11372,0.596872,0.152924,1.15523,4540.33,0.438419,30,48.6501,0.379479,2,-69.9953,-1.6157,4,4,-4.40152,-0.23503,-0.455036,0.00884803
R2,↳ F2b · x1 déjà retourné hors nis_z_100 Q4,26,SL-A 1.5,SL-A,1.5,dynamique,0.617691,0,1.5,1.5,1.5,,,,,,,10,741,667,0.099865,9.26389,0.0461071,1395.7,1.03809,0.314843,2.0925,0.0195925,-0.419893,-0.405548,-4843.77,16,8065.7,6670,0.826959,334,333,2.3557,1.82851,2.09211,0.263593,0.0112657,0.0279443,0.019605,-0.0083393,-10.917,14.9645,-10.8783,14.9535,-0.212367,0.26415,-0.212278,0.2603,0.0382344,-0.181529,-0.170923,0.596872,0.152924,1.03144,4540.33,0.876837,30,43.6501,0.24807,2,-74.9953,-1.7314,3,2,-4.40152,-0.234949,-0.384861,-0.0146631
R2,↳ F2b · x1 déjà retourné hors nis_z_100 Q4,26,SL-A 2,SL-A,2,figé,0.536776,0,2,2,2,-9.20712,-17.5265,-0.643645,-0.331881,-0.541071,-0.10635,5,741,639,0.137652,8.875,0.0444037,1461.33,1.03816,0.361502,2.2869,0.057116,-0.466505,-0.459942,-5974.13,23,4656.33,3195,0.686163,321,318,-2.20865,6.82486,2.30811,-4.51675,0.00663088,0.108077,0.0573541,-0.0507233,-10.7266,15.6041,-10.9884,15.4647,-0.19421,0.30686,-0.196596,0.304803,0.080788,-0.18829,-0.179698,0.597073,0.1518,1.05317,2887.46,0.660667,,,,,,,3,4,-9.20712,-0.331881,-0.641111,-0.0564392
R2,↳ F2b · x1 déjà retourné hors nis_z_100 Q4,26,SL-A 2,SL-A,2,figé,0.536776,0,2,2,2,-9.20712,-17.5265,-0.643645,-0.331881,-0.541071,-0.10635,10,741,639,0.137652,8.875,-0.24131,-1733.67,0.95703,0.350548,-2.7131,-0.077339,-0.539694,-0.532455,-7114.01,23,4656.33,6390,1.37233,321,318,-7.20865,1.82486,-2.69189,-4.51675,-0.129765,-0.0244187,-0.0770917,-0.0526729,-15.7266,10.6041,-15.9884,10.4647,-0.3302,0.178935,-0.333727,0.178379,-0.106929,-0.282863,-0.273149,0.597073,0.1518,0.952824,2887.46,1.32133,,,,,,,2,1,-9.20712,-0.331881,-0.530024,-0.115997
R2,↳ F2b · x1 déjà retourné hors nis_z_100 Q4,26,SL-A 2,SL-A,2,dynamique,0.533537,0,2,2,2,,,,,,,5,741,656,0.11471,9.11111,0.142487,2397.32,1.06137,0.36128,3.65446,0.0687378,-0.4114,-0.404159,-4964.89,23,5677.32,3280,0.577737,329,327,0.979906,6.34536,3.66264,-2.68273,0.0370277,0.100642,0.0688348,-0.0318071,-8.82758,16.6068,-8.96265,16.3488,-0.168857,0.316394,-0.172772,0.312385,0.103637,-0.164143,-0.155295,0.595758,0.14939,1.0634,3149.07,0.620528,19,39.6143,0.229657,2,-91.6604,-2.11569,4,4,-7.83956,-0.320259,-0.618263,-0.0322922
R2,↳ F2b · x1 déjà retourné hors nis_z_100 Q4,26,SL-A 2,SL-A,2,dynamique,0.533537,0,2,2,2,,,,,,,10,741,656,0.11471,9.11111,-0.17705,-882.677,0.978563,0.35061,-1.34554,-0.0650703,-0.494254,-0.486301,-6145.98,23,5677.32,6560,1.15547,329,327,-4.02009,1.34536,-1.33736,-2.68273,-0.0987766,-0.0311579,-0.0649673,-0.0338093,-13.8276,11.6068,-13.9627,11.3488,-0.302924,0.184593,-0.305153,0.182373,-0.0922743,-0.267521,-0.2576,0.595758,0.14939,0.962275,3149.07,1.24106,19,34.6143,0.119509,2,-96.6604,-2.2314,2,1,-7.83956,-0.319612,-0.515369,-0.100655
R2,↳ F2b · x1 déjà retourné hors nis_z_100 Q4,26,SL-A 2.5,SL-A,2.5,figé,0.450704,0,2.5,2.5,2.5,-11.1281,-19.3875,-2.65906,-0.37838,-0.604312,-0.140173,5,741,639,0.137652,8.875,-0.0864396,233.846,1.0056,0.392801,0.365956,0.0106169,-0.51744,-0.513145,-6648.65,26,3428.85,3195,0.9318,321,318,-7.37627,8.18122,0.402476,-7.77874,-0.0928801,0.11509,0.0111051,-0.103985,-12.8179,13.7443,-13.0155,13.6893,-0.243398,0.266567,-0.242605,0.264561,0.0146945,-0.227247,-0.221662,0.597073,0.1518,1.01833,2276.41,0.838006,,,,,,,2,1,-11.1281,-0.37838,-0.707205,-0.095396
R2,↳ F2b · x1 déjà retourné hors nis_z_100 Q4,26,SL-A 2.5,SL-A,2.5,figé,0.450704,0,2.5,2.5,2.5,-11.1281,-19.3875,-2.65906,-0.37838,-0.604312,-0.140173,10,741,639,0.137652,8.875,-0.336407,-2961.15,0.932313,0.380282,-4.63404,-0.123838,-0.617143,-0.613736,-8958.65,26,3428.85,6390,1.8636,321,318,-12.3763,3.18122,-4.59752,-7.77874,-0.229276,-0.0174058,-0.123341,-0.105935,-17.8179,8.74434,-18.0155,8.68926,-0.377091,0.136733,-0.378713,0.135543,-0.161566,-0.333289,-0.328971,0.597073,0.1518,0.927758,2276.41,1.67601,,,,,,,1,1,-11.1281,-0.37838,-0.584661,-0.166423
R2,↳ F2b · x1 déjà retourné hors nis_z_100 Q4,26,SL-A 2.5,SL-A,2.5,dynamique,0.448541,0,2.5,2.5,2.5,,,,,,,5,741,651,0.121457,9.04167,-0.0092538,1072.95,1.0254,0.393241,1.64816,0.0176144,-0.471171,-0.466464,-5706.5,26,4327.95,3255,0.752087,328,323,-4.35001,7.73919,1.69459,-6.0446,-0.0675988,0.104147,0.0182739,-0.0858727,-10.9167,14.2286,-10.9431,14.3214,-0.228938,0.265042,-0.229189,0.263095,0.0263351,-0.214703,-0.209027,0.597067,0.150538,1.02382,2429.59,0.799911,12,69.9257,0.390229,0,,,2,1,-9.84586,-0.371383,-0.695564,-0.0828522
R2,↳ F2b · x1 déjà retourné hors nis_z_100 Q4,26,SL-A 2.5,SL-A,2.5,dynamique,0.448541,0,2.5,2.5,2.5,,,,,,,10,741,651,0.121457,9.04167,-0.284619,-2182.05,0.950664,0.380952,-3.35184,-0.116568,-0.582091,-0.578371,-8056.5,26,4327.95,6510,1.50417,328,323,-9.35001,2.73919,-3.30541,-6.0446,-0.203592,-0.028197,-0.115894,-0.0876975,-15.9167,9.22863,-15.9431,9.32138,-0.367799,0.133956,-0.367708,0.134721,-0.154982,-0.323952,-0.319573,0.597067,0.150538,0.932609,2429.59,1.59982,12,64.9257,0.270561,0,,,1,1,-9.84586,-0.37111,-0.578077,-0.157087
R2,↳ F2b · x1 déjà retourné hors nis_z_100 Q4,26,SL-A 3,SL-A,3,figé,0.378717,0,3,3,3,-8.79939,-18.2281,0.264218,-0.348452,-0.580778,-0.11648,5,741,639,0.137652,8.875,0.0524436,1721.87,1.04062,0.419405,2.69463,0.0405448,-0.46371,-0.458937,-5535.5,26,4916.87,3195,0.649804,321,318,-6.00094,11.4722,2.73565,-8.7366,-0.126305,0.208969,0.0413319,-0.167637,-10.368,16.1367,-10.4505,16.0411,-0.225917,0.319859,-0.227641,0.321418,0.0440925,-0.224179,-0.217833,0.597073,0.1518,1.03228,2584.91,0.737993,,,,,,,2,1,-8.79939,-0.348452,-0.677807,-0.0923281
R2,↳ F2b · x1 déjà retourné hors nis_z_100 Q4,26,SL-A 3,SL-A,3,figé,0.378717,0,3,3,3,-8.79939,-18.2281,0.264218,-0.348452,-0.580778,-0.11648,10,741,639,0.137652,8.875,-0.235474,-1473.13,0.966719,0.406886,-2.30537,-0.0939101,-0.574494,-0.570707,-7845.5,26,4916.87,6390,1.29961,321,318,-11.0009,6.47225,-2.26435,-8.7366,-0.2627,0.0764725,-0.093114,-0.169586,-15.368,11.1367,-15.4505,11.0411,-0.360333,0.187418,-0.360569,0.190631,-0.137279,-0.330718,-0.32315,0.597073,0.1518,0.944383,2584.91,1.47599,,,,,,,1,1,-8.79939,-0.348452,-0.560374,-0.163852
R2,↳ F2b · x1 déjà retourné hors nis_z_100 Q4,26,SL-A 3,SL-A,3,dynamique,0.376744,0,3,3,3,,,,,,,5,741,645,0.129555,8.95833,0.0902228,2081.88,1.04896,0.420155,3.22772,0.0436552,-0.447772,-0.442857,-5235.6,26,5306.88,3225,0.607702,325,320,-5.23874,11.8265,3.29386,-8.53261,-0.126056,0.216018,0.044981,-0.171037,-9.58751,16.5153,-9.62399,16.2701,-0.225603,0.324121,-0.225093,0.325384,0.0499209,-0.221961,-0.215598,0.597139,0.151938,1.03481,2659.57,0.724091,6,60.0014,0.374906,0,,,2,1,-8.2663,-0.345342,-0.671978,-0.0901109
R2,↳ F2b · x1 déjà retourné hors nis_z_100 Q4,26,SL-A 3,SL-A,3,dynamique,0.376744,0,3,3,3,,,,,,,10,741,645,0.129555,8.95833,-0.210389,-1143.12,0.974262,0.407752,-1.77228,-0.0906792,-0.562717,-0.558825,-7565.6,26,5306.88,6450,1.2154,325,320,-10.2387,6.82647,-1.70614,-8.53261,-0.262423,0.0837483,-0.0893374,-0.173086,-14.5875,11.5153,-14.624,11.2701,-0.357497,0.190938,-0.359655,0.191661,-0.134035,-0.329497,-0.321915,0.597139,0.151938,0.946397,2659.57,1.44818,6,55.0014,0.25342,0,,,1,1,-8.2663,-0.345221,-0.55713,-0.162631
R2,↳ F2b · x1 déjà retourné hors nis_z_100 Q4,26,SL-A 4,SL-A,4,figé,0.262911,0,4,4,4,-6.97117,-14.5839,0.227715,-0.223471,-0.435677,-0.0141885,5,741,639,0.137652,8.875,0.162146,2890.1,1.0652,0.460094,4.52285,0.165525,-0.447711,-0.444268,-5547.34,26,6085.1,3195,0.525053,321,318,-0.494164,9.58719,4.54651,-5.04068,0.111998,0.219558,0.165778,-0.0537802,-9.38145,18.2571,-9.4853,18.3774,-0.123629,0.463169,-0.125192,0.457736,0.24176,-0.139644,-0.138937,0.597073,0.1518,1.11442,4354.14,0.438122,,,,,,,2,2,-6.97117,-0.223471,-0.480139,-0.00779377
R2,↳ F2b · x1 déjà retourné hors nis_z_100 Q4,26,SL-A 4,SL-A,4,figé,0.262911,0,4,4,4,-6.97117,-14.5839,0.227715,-0.223471,-0.435677,-0.0141885,10,741,639,0.137652,8.875,-0.155748,-304.901,0.993382,0.447574,-0.477153,0.0310705,-0.55232,-0.548336,-7203.74,26,6085.1,6390,1.05011,321,318,-5.49416,4.58719,-0.453488,-5.04068,-0.0243978,0.087062,0.0313321,-0.0557299,-14.3814,13.2571,-14.4853,13.3774,-0.259559,0.331366,-0.263035,0.325462,0.0261361,-0.242609,-0.242119,0.597073,0.1518,1.02403,4354.14,0.876245,,,,,,,2,2,-6.97117,-0.223471,-0.396959,-0.0757432
R2,↳ F2b · x1 déjà retourné hors nis_z_100 Q4,26,SL-A 4,SL-A,4,dynamique,0.26209,0,4,4,4,,,,,,,5,741,641,0.134953,8.90278,0.212894,3324.06,1.07498,0.461778,5.18574,0.173422,-0.427919,-0.424352,-5188.98,26,6529.06,3205,0.490883,322,319,0.620287,9.79412,5.2072,-4.58692,0.12309,0.224227,0.173659,-0.0505689,-8.80643,19.1363,-8.82365,18.9032,-0.114475,0.46801,-0.116012,0.46012,0.25855,-0.134348,-0.131008,0.596493,0.151326,1.12073,4493.07,0.42549,2,216.979,2.69633,0,,,2,2,-6.30828,-0.215575,-0.463349,-0.00249756
R2,↳ F2b · x1 déjà retourné hors nis_z_100 Q4,26,SL-A 4,SL-A,4,dynamique,0.26209,0,4,4,4,,,,,,,10,741,641,0.134953,8.90278,-0.119745,119.057,1.00258,0.449298,0.185736,0.0391299,-0.536501,-0.532376,-6850.38,26,6529.06,6410,0.981765,322,319,-4.37971,4.79412,0.207204,-4.58692,-0.0130418,0.0917923,0.0393752,-0.052417,-13.8064,14.1363,-13.8236,13.9032,-0.251249,0.337857,-0.250472,0.332455,0.0395855,-0.235731,-0.235237,0.596493,0.151326,1.02986,4493.07,0.850981,2,211.979,2.61412,0,,,2,2,-6.30828,-0.215412,-0.38351,-0.0688656
R2,↳ F2b · x1 déjà retourné hors nis_z_100 Q4,26,SL-A 5,SL-A,5,figé,0.181534,0,5,5,5,-4.49519,-10.9295,1.84296,-0.150256,-0.347242,0.0399934,5,741,639,0.137652,8.875,0.354711,4472.26,1.10154,0.478873,6.99883,0.238741,-0.448467,-0.445028,-5514.76,26,7667.26,3195,0.416707,321,318,0.356327,13.704,7.03017,-6.67384,0.191235,0.286696,0.238965,-0.0477307,-7.15157,20.8895,-7.13612,20.7485,-0.0706422,0.540613,-0.0706474,0.536499,0.366035,-0.129718,-0.129155,0.597073,0.1518,1.15958,5331.04,0.357838,,,,,,,4,5,-4.49519,-0.150256,-0.355864,0.0021324
R2,↳ F2b · x1 déjà retourné hors nis_z_100 Q4,26,SL-A 5,SL-A,5,figé,0.181534,0,5,5,5,-4.49519,-10.9295,1.84296,-0.150256,-0.347242,0.0399934,10,741,639,0.137652,8.875,-0.0157844,1277.26,1.02793,0.464789,1.99883,0.104286,-0.525349,-0.523247,-6595.45,26,7667.26,6390,0.833414,321,318,-4.64367,8.70401,2.03017,-6.67384,0.0548392,0.1542,0.10452,-0.0496804,-12.1516,15.8895,-12.1361,15.7485,-0.200431,0.404689,-0.204206,0.405239,0.128874,-0.205425,-0.20491,0.597073,0.1518,1.0675,5331.04,0.715676,,,,,,,2,2,-4.49519,-0.150256,-0.294221,-0.0385589
R2,↳ F2b · x1 déjà retourné hors nis_z_100 Q4,26,SL-A 5,SL-A,5,dynamique,0.18125,0,5,5,5,,,,,,,5,741,640,0.136302,8.88889,0.403259,4830.61,1.10967,0.479687,7.54784,0.244124,-0.428702,-0.42514,-5156.4,26,8030.61,3200,0.398475,322,318,1.46814,13.704,7.58607,-6.11794,0.202081,0.286696,0.244388,-0.0423078,-6.60072,21.4306,-6.64727,21.3431,-0.0632538,0.543586,-0.0625405,0.54359,0.378615,-0.128916,-0.121135,0.596542,0.151562,1.16387,5424.41,0.351915,1,358.359,3.68363,0,,,4,5,-3.94619,-0.144873,-0.343284,0.00293438
R2,↳ F2b · x1 déjà retourné hors nis_z_100 Q4,26,SL-A 5,SL-A,5,dynamique,0.18125,0,5,5,5,,,,,,,10,741,640,0.136302,8.88889,0.0189938,1630.61,1.03566,0.465625,2.54784,0.109799,-0.508576,-0.5064,-6242.09,26,8030.61,6400,0.79695,322,318,-3.53186,8.70401,2.58607,-6.11794,0.0659492,0.1542,0.110075,-0.0441254,-11.6007,16.4306,-11.6473,16.3431,-0.195109,0.407883,-0.197875,0.413381,0.139125,-0.198209,-0.19769,0.596542,0.151562,1.07155,5424.41,0.70383,1,353.359,3.63223,0,,,2,2,-3.94619,-0.144743,-0.28397,-0.0313437
R2,↳ F2b · x1 déjà retourné hors nis_z_100 Q4,26,SL-B 0,SL-B,0,figé,0.624413,0,1.14247,1.53588,2.00473,-9.48297,-18.8819,-0.0241283,-0.278773,-0.519978,-0.0349723,5,741,639,0.137652,8.875,0.0565165,1285.06,1.03788,0.320814,2.01105,0.110224,-0.474553,-0.457486,-5930.07,15,4480.06,3195,0.71316,321,318,4.2886,-0.28799,2.00031,2.2883,0.136052,0.0841514,0.110102,0.0259505,-9.90755,14.0644,-9.94668,14.034,-0.109519,0.33605,-0.108834,0.335386,0.171124,-0.171277,-0.162505,0.597073,0.1518,1.10895,3661.33,0.521026,,,,,,,3,4,-9.48297,-0.278773,-0.550775,-0.039426
R2,↳ F2b · x1 déjà retourné hors nis_z_100 Q4,26,SL-B 0,SL-B,0,figé,0.624413,0,1.14247,1.53588,2.00473,-9.48297,-18.8819,-0.0241283,-0.278773,-0.519978,-0.0349723,10,741,639,0.137652,8.875,-0.232496,-1909.94,0.947106,0.312989,-2.98895,-0.0242312,-0.546582,-0.529796,-7101.19,15,4480.06,6390,1.42632,321,318,-0.711399,-5.28799,-2.99969,2.2883,-0.000342993,-0.0483447,-0.0243439,0.0240009,-14.9076,9.06441,-14.9467,9.03398,-0.245193,0.205443,-0.244706,0.20406,-0.0322516,-0.245002,-0.236104,0.597073,0.1518,0.991154,3661.33,1.04205,,,,,,,2,1,-9.48297,-0.278773,-0.455347,-0.0781364
R2,↳ F2b · x1 déjà retourné hors nis_z_100 Q4,26,SL-B 0,SL-B,0,dynamique,0.623123,0,1.14152,1.53447,2.00491,,,,,,,5,741,666,0.101215,9.25,0.1578,2240.76,1.0641,0.321321,3.3645,0.109194,-0.412503,-0.393421,-4786.01,15,5570.76,3330,0.597764,332,334,7.54052,-0.786509,3.37701,4.16352,0.164548,0.054171,0.109359,0.0551882,-8.03571,14.5847,-7.83109,14.5985,-0.104093,0.330323,-0.105297,0.328802,0.179589,-0.146848,-0.137491,0.596352,0.15015,1.10951,3817.94,0.520138,30,26.7863,-0.106223,3,-50.7033,-1.82553,4,4,-8.12952,-0.279803,-0.54231,-0.0149979
R2,↳ F2b · x1 déjà retourné hors nis_z_100 Q4,26,SL-B 0,SL-B,0,dynamique,0.623123,0,1.14152,1.53447,2.00491,,,,,,,10,741,666,0.101215,9.25,-0.170163,-1089.24,0.970742,0.312312,-1.6355,-0.024864,-0.508555,-0.490362,-6267.04,15,5570.76,6660,1.19553,332,334,2.54052,-5.78651,-1.62299,4.16352,0.030434,-0.0798307,-0.0246984,0.0551324,-13.0357,9.58474,-12.8311,9.59846,-0.236995,0.199709,-0.238347,0.197677,-0.032859,-0.241428,-0.232488,0.596352,0.15015,0.991505,3817.94,1.04028,30,21.7863,-0.245671,3,-55.7033,-2.09815,2,1,-8.12952,-0.279406,-0.455954,-0.0745619
R2,↳ F2b · x1 déjà retourné hors nis_z_100 Q4,26,SL-B 0.25,SL-B,0.25,figé,0.583725,0.00156495,1.39247,1.78588,2.25473,-9.08021,-18.0304,0.614863,-0.323099,-0.564828,-0.0861026,5,741,639,0.137652,8.875,0.0575073,1542.43,1.04179,0.339593,2.41381,0.0658978,-0.468234,-0.454436,-5623.34,18,4737.43,3195,0.674417,321,318,1.14227,3.69735,2.41981,-1.27754,0.0780118,0.0536696,0.0658407,0.0121711,-10.4056,15.7208,-10.5425,15.466,-0.169258,0.306089,-0.167596,0.303366,0.0954345,-0.182528,-0.176641,0.597073,0.1518,1.06262,3009.99,0.633771,,,,,,,2,3,-9.08021,-0.323099,-0.626465,-0.0506771
R2,↳ F2b · x1 déjà retourné hors nis_z_100 Q4,26,SL-B 0.25,SL-B,0.25,figé,0.583725,0.00156495,1.39247,1.78588,2.25473,-9.08021,-18.0304,0.614863,-0.323099,-0.564828,-0.0861026,10,741,639,0.137652,8.875,-0.231784,-1652.57,0.957664,0.328638,-2.58619,-0.0685571,-0.577862,-0.56713,-7927.25,18,4737.43,6390,1.34883,321,318,-3.85773,-1.30265,-2.58019,-1.27754,-0.0583837,-0.0788266,-0.0686051,0.0102215,-15.4056,10.7208,-15.5425,10.466,-0.304627,0.172497,-0.305025,0.170727,-0.0948243,-0.293134,-0.28648,0.597073,0.1518,0.957357,3009.99,1.26754,,,,,,,2,1,-9.08021,-0.323099,-0.517919,-0.126268
R2,↳ F2b · x1 déjà retourné hors nis_z_100 Q4,26,SL-B 0.25,SL-B,0.25,dynamique,0.582451,0.00151286,1.39553,1.79246,2.2552,,,,,,,5,741,661,0.107962,9.18056,0.165335,2554.2,1.06743,0.340393,3.86414,0.0701394,-0.422308,-0.407318,-4759.09,19,5859.2,3305,0.56407,330,331,4.74519,2.98576,3.86547,0.879716,0.110127,0.0302727,0.0701998,0.039927,-8.67197,16.3172,-8.70112,16.0848,-0.152789,0.298685,-0.150691,0.29844,0.108828,-0.177096,-0.17117,0.596162,0.149773,1.06765,3200.67,0.615594,24,35.772,0.0285412,2,-76.6219,-1.78421,2,2,-7.62988,-0.318858,-0.613071,-0.0452451
R2,↳ F2b · x1 déjà retourné hors nis_z_100 Q4,26,SL-B 0.25,SL-B,0.25,dynamique,0.582451,0.00151286,1.39553,1.79246,2.2552,,,,,,,10,741,661,0.107962,9.18056,-0.162678,-750.802,0.981264,0.329803,-1.13586,-0.0638516,-0.544812,-0.533241,-7144.09,19,5859.2,6610,1.12814,330,331,-0.254812,-2.01424,-1.13453,0.879716,-0.0255413,-0.102046,-0.0637937,0.0382524,-13.672,11.3172,-13.7011,11.0848,-0.291428,0.167979,-0.293636,0.167668,-0.0894868,-0.291448,-0.284779,0.596162,0.149773,0.962085,3200.67,1.23119,24,30.772,-0.0915712,2,-81.6219,-1.89991,1,1,-7.62988,-0.318394,-0.512582,-0.124582
R2,↳ F2b · x1 déjà retourné hors nis_z_100 Q4,26,SL-B 0.5,SL-B,0.5,figé,0.530516,0,1.64247,2.03588,2.50473,-9.35377,-18.0766,-0.394683,-0.328137,-0.540811,-0.10128,5,741,639,0.137652,8.875,0.0322354,1367.62,1.03528,0.363067,2.14025,0.0608601,-0.463073,-0.453386,-5848.74,23,4562.62,3195,0.700256,321,318,-2.49725,6.8215,2.16212,-4.65937,-0.00123149,0.123537,0.0611529,-0.0623844,-11.4909,16.1707,-11.6642,16.0298,-0.185278,0.316012,-0.189375,0.316312,0.0883714,-0.181096,-0.170137,0.597073,0.1518,1.05684,2960.73,0.644316,,,,,,,3,3,-9.35377,-0.328137,-0.633528,-0.049245
R2,↳ F2b · x1 déjà retourné hors nis_z_100 Q4,26,SL-B 0.5,SL-B,0.5,figé,0.530516,0,1.64247,2.03588,2.50473,-9.35377,-18.0766,-0.394683,-0.328137,-0.540811,-0.10128,10,741,639,0.137652,8.875,-0.250155,-1827.38,0.955231,0.352113,-2.85975,-0.0735949,-0.573763,-0.564846,-7823.82,23,4562.62,6390,1.40051,321,318,-7.49725,1.8215,-2.83788,-4.65937,-0.137627,-0.00895876,-0.0732929,-0.0643341,-16.4909,11.1707,-16.6642,11.0298,-0.320583,0.184833,-0.325165,0.181947,-0.10066,-0.29738,-0.287863,0.597073,0.1518,0.956758,2960.73,1.28863,,,,,,,1,1,-9.35377,-0.328137,-0.523755,-0.130514
R2,↳ F2b · x1 déjà retourné hors nis_z_100 Q4,26,SL-B 0.5,SL-B,0.5,dynamique,0.525191,0,1.64424,2.04246,2.50583,,,,,,,5,741,655,0.116059,9.09722,0.146317,2446.23,1.06227,0.366412,3.7347,0.070587,-0.385734,-0.374999,-4481.67,24,5721.23,3275,0.572429,329,326,1.59286,5.89626,3.74456,-2.1517,0.0425746,0.0988571,0.0707159,-0.0281412,-9.41791,16.8848,-9.47892,16.7074,-0.164729,0.318373,-0.162351,0.317515,0.108196,-0.150218,-0.138846,0.595549,0.149618,1.06565,3187.43,0.611911,18,50.2058,0.182026,2,-87.4544,-2.03421,3,3,-7.75932,-0.31841,-0.613703,-0.0183676
R2,↳ F2b · x1 déjà retourné hors nis_z_100 Q4,26,SL-B 0.5,SL-B,0.5,dynamique,0.525191,0,1.64424,2.04246,2.50583,,,,,,,10,741,655,0.116059,9.09722,-0.173877,-828.768,0.979967,0.355725,-1.2653,-0.0632016,-0.514024,-0.503857,-6485.19,24,5721.23,6550,1.14486,329,326,-3.40714,0.896262,-1.25544,-2.1517,-0.0931367,-0.0329911,-0.0630639,-0.0300728,-14.4179,11.8848,-14.4789,11.7074,-0.296694,0.184114,-0.298842,0.182077,-0.0881902,-0.272715,-0.262864,0.595549,0.149618,0.96452,3187.43,1.22382,18,45.2058,0.0739035,2,-92.4544,-2.14991,1,1,-7.75932,-0.317744,-0.511285,-0.105849
R2,↳ F2b · x1 déjà retourné hors nis_z_100 Q4,26,SL-B 1,SL-B,1,figé,0.438185,0,2.14247,2.53588,3.00473,-8.85153,-17.6586,0.191886,-0.341249,-0.558391,-0.113544,5,741,639,0.137652,8.875,0.0586156,1688.55,1.04165,0.394366,2.64249,0.0477477,-0.46369,-0.457016,-5563.26,26,4883.55,3195,0.654237,321,318,-5.14463,10.5031,2.67922,-7.82385,-0.0878348,0.184609,0.0483872,-0.136222,-10.5662,15.852,-10.5811,15.7985,-0.206948,0.304502,-0.207988,0.305365,0.0548698,-0.208757,-0.198168,0.597073,0.1518,1.03811,2667.27,0.715205,,,,,,,2,1,-8.85153,-0.341249,-0.667029,-0.0769063
R2,↳ F2b · x1 déjà retourné hors nis_z_100 Q4,26,SL-B 1,SL-B,1,figé,0.438185,0,2.14247,2.53588,3.00473,-8.85153,-17.6586,0.191886,-0.341249,-0.558391,-0.113544,10,741,639,0.137652,8.875,-0.230984,-1506.45,0.964546,0.383412,-2.35751,-0.0867073,-0.574255,-0.56918,-7873.26,26,4883.55,6390,1.30847,321,318,-10.1446,5.50308,-2.32078,-7.82385,-0.22423,0.0521131,-0.0860586,-0.138172,-15.5662,10.852,-15.5811,10.7985,-0.339363,0.17668,-0.343805,0.175529,-0.128362,-0.321126,-0.31193,0.597073,0.1518,0.945641,2667.27,1.43041,,,,,,,1,1,-8.85153,-0.341249,-0.551457,-0.15426
R2,↳ F2b · x1 déjà retourné hors nis_z_100 Q4,26,SL-B 1,SL-B,1,dynamique,0.437596,0,2.1451,2.54246,3.00473,,,,,,,5,741,649,0.124157,9.01389,0.107025,2162.15,1.05263,0.392912,3.33151,0.0439341,-0.422896,-0.415714,-4805.51,26,5407.15,3245,0.600131,326,323,-2.41374,9.13012,3.35819,-5.77193,-0.0643094,0.153183,0.0444368,-0.108746,-9.07604,16.0581,-9.04742,16.1625,-0.201019,0.294485,-0.202946,0.292455,0.0493242,-0.201635,-0.190952,0.597001,0.151002,1.03501,2647.25,0.731803,11,33.8262,-0.384076,1,-101.509,-2.2273,2,1,-8.16251,-0.345063,-0.672575,-0.0697849
R2,↳ F2b · x1 déjà retourné hors nis_z_100 Q4,26,SL-B 1,SL-B,1,dynamique,0.437596,0,2.1451,2.54246,3.00473,,,,,,,10,741,649,0.124157,9.01389,-0.199813,-1082.85,0.974857,0.382126,-1.66849,-0.0902806,-0.543455,-0.538014,-7150.51,26,5407.15,6490,1.20026,326,323,-7.41374,4.13012,-1.64181,-5.77193,-0.200555,0.0210182,-0.0897685,-0.110787,-14.076,11.0581,-14.0474,11.1625,-0.337527,0.163468,-0.336715,0.164169,-0.135516,-0.316382,-0.307122,0.597001,0.151002,0.942886,2647.25,1.46361,11,28.8262,-0.502106,1,-106.509,-2.33701,1,1,-8.16251,-0.344823,-0.558611,-0.149516
R2,↳ F2b · x1 déjà retourné hors nis_z_100 Q4,48,sans,sans,,figé,0,0,,,,0,0,0,0,0,0,5,741,564,0.238866,7.83333,-0.0574996,1911.81,1.03353,0.48227,3.38973,0.219301,-0.60791,-0.593584,-8084.83,48,4731.81,2820,0.595967,281,283,8.8787,-2.06044,3.40913,5.46957,0.561711,-0.12069,0.220511,0.341201,-18.6945,24.6657,-18.626,24.9183,-0.312708,0.768009,-0.310626,0.77342,0.179046,-0.314303,-0.305223,0.595157,0.148936,1.07957,3956.76,0.424171,,,,,,,3,3,0,0,0,0
R2,↳ F2b · x1 déjà retourné hors nis_z_100 Q4,48,sans,sans,,figé,0,0,,,,0,0,0,0,0,0,10,741,564,0.238866,7.83333,-0.289258,-908.191,0.98448,0.464539,-1.61027,0.0856037,-0.630003,-0.62127,-8684.83,48,4731.81,5640,1.19193,281,283,3.8787,-7.06044,-1.59087,5.46957,0.428767,-0.255134,0.0868163,0.34195,-23.6945,19.6657,-23.626,19.9183,-0.436931,0.633274,-0.443905,0.639186,-0.0030848,-0.33758,-0.329109,0.595157,0.148936,1.02033,3956.76,0.848342,,,,,,,3,3,0,0,0,0
R2,↳ F2b · x1 déjà retourné hors nis_z_100 Q4,48,sans,sans,,dynamique,0,0,,,,,,,,,,5,741,564,0.238866,7.83333,-0.0574996,1911.81,1.03353,0.48227,3.38973,0.219301,-0.60791,-0.593584,-8084.83,48,4731.81,2820,0.595967,281,283,8.8787,-2.06044,3.40913,5.46957,0.561711,-0.12069,0.220511,0.341201,-18.6945,24.6657,-18.626,24.9183,-0.312708,0.768009,-0.310626,0.77342,0.179046,-0.314303,-0.305223,0.595157,0.148936,1.07957,3956.76,0.424171,0,,,0,,,3,3,0,0,0,0
R2,↳ F2b · x1 déjà retourné hors nis_z_100 Q4,48,sans,sans,,dynamique,0,0,,,,,,,,,,10,741,564,0.238866,7.83333,-0.289258,-908.191,0.98448,0.464539,-1.61027,0.0856037,-0.630003,-0.62127,-8684.83,48,4731.81,5640,1.19193,281,283,3.8787,-7.06044,-1.59087,5.46957,0.428767,-0.255134,0.0868163,0.34195,-23.6945,19.6657,-23.626,19.9183,-0.436931,0.633274,-0.443905,0.639186,-0.0030848,-0.33758,-0.329109,0.595157,0.148936,1.02033,3956.76,0.848342,0,,,0,,,3,3,0,0,0,0
R2,↳ F2b · x1 déjà retourné hors nis_z_100 Q4,48,SL-A 1,SL-A,1,figé,0.801418,0,1,1,1,-3.38611,-23.9358,16.1837,-0.138856,-0.657446,0.348083,5,741,564,0.238866,7.83333,-0.0594003,2.04517,1.00008,0.193262,0.0036262,0.0804453,-0.515799,-0.501673,-6797.75,9,2822.05,2820,0.999275,281,283,6.14476,-6.09411,0.0253263,6.11944,0.177853,-0.0162744,0.0807895,0.0970638,-13.1924,13.8069,-13.002,13.8724,-0.162363,0.347241,-0.163643,0.34882,0.0701242,-0.194141,-0.187497,0.595157,0.148936,1.06627,2487.24,0.674781,,,,,,,3,4,-3.38611,-0.138856,-0.108922,0.120162
R2,↳ F2b · x1 déjà retourné hors nis_z_100 Q4,48,SL-A 1,SL-A,1,figé,0.801418,0,1,1,1,-3.38611,-23.9358,16.1837,-0.138856,-0.657446,0.348083,10,741,564,0.238866,7.83333,-0.290623,-2817.95,0.900088,0.193262,-4.99637,-0.0532519,-0.581943,-0.569105,-8247.75,9,2822.05,5640,1.99855,281,283,1.14476,-11.0941,-4.97467,6.11944,0.0449086,-0.150719,-0.0529051,0.0978137,-18.1924,8.80694,-18.002,8.87235,-0.292752,0.216414,-0.29576,0.219343,-0.0952182,-0.251075,-0.244115,0.595157,0.148936,0.935861,2487.24,1.34956,,,,,,,3,2,-3.38611,-0.138856,-0.0921334,0.0865049
R2,↳ F2b · x1 déjà retourné hors nis_z_100 Q4,48,SL-A 1,SL-A,1,dynamique,0.794251,0,1,1,1,,,,,,,5,741,661,0.107962,9.18056,0.316436,3551.07,1.11978,0.199697,5.37226,0.180562,-0.441255,-0.427192,-5390.88,9,6856.07,3305,0.482055,333,328,13.327,-2.70373,5.31163,8.01536,0.34805,0.010522,0.179286,0.168764,-6.14637,18.2625,-6.3243,18.1272,-0.065221,0.45612,-0.0662294,0.457609,0.269953,-0.188,-0.181305,0.596752,0.152799,1.18348,4573.03,0.431282,105,31.1772,0.636428,8,-34.4274,-0.894454,4,4,1.98253,-0.0387385,0.0909065,0.126303
R2,↳ F2b · x1 déjà retourné hors nis_z_100 Q4,48,SL-A 1,SL-A,1,dynamique,0.794251,0,1,1,1,,,,,,,10,741,661,0.107962,9.18056,-0.0540407,246.066,1.00762,0.199697,0.372263,0.0463428,-0.524339,-0.51137,-6771.79,9,6856.07,6610,0.96411,333,328,8.32699,-7.70373,0.311632,8.01536,0.213024,-0.122879,0.0450723,0.167952,-11.1464,13.2625,-11.3243,13.1272,-0.203828,0.319091,-0.203078,0.325543,0.042689,-0.223786,-0.21726,0.596752,0.152799,1.03989,4573.03,0.862564,105,26.1772,0.49867,8,-39.4274,-1.03829,3,3,1.98253,-0.0392609,0.0457738,0.113794
R2,↳ F2b · x1 déjà retourné hors nis_z_100 Q4,48,SL-A 1.5,SL-A,1.5,figé,0.70922,0,1.5,1.5,1.5,-1.14802,-18.5105,15.9033,-0.101418,-0.561434,0.340508,5,741,564,0.238866,7.83333,0.0349517,1264.33,1.03772,0.264184,2.24172,0.117883,-0.488984,-0.453734,-5846.23,16,4084.33,2820,0.690444,281,283,3.86426,0.630637,2.24745,1.61681,0.174472,0.0616936,0.118083,0.0563892,-12.3977,16.7519,-12.3273,16.6237,-0.1502,0.401461,-0.148811,0.399893,0.138307,-0.165371,-0.157994,0.595157,0.148936,1.0941,3163.85,0.530475,,,,,,,3,3,-1.14802,-0.101418,-0.0407394,0.148932
R2,↳ F2b · x1 déjà retourné hors nis_z_100 Q4,48,SL-A 1.5,SL-A,1.5,figé,0.70922,0,1.5,1.5,1.5,-1.14802,-18.5105,15.9033,-0.101418,-0.561434,0.340508,10,741,564,0.238866,7.83333,-0.21944,-1555.67,0.956307,0.258865,-2.75828,-0.0158143,-0.532627,-0.500168,-6731.23,16,4084.33,5640,1.38089,281,283,-1.13574,-4.36936,-2.75255,1.61681,0.0415275,-0.0727508,-0.0156116,0.0571391,-17.3977,11.7519,-17.3273,11.6237,-0.282671,0.269868,-0.283528,0.26523,-0.037553,-0.199251,-0.190777,0.595157,0.148936,0.988679,3163.85,1.06095,,,,,,,3,3,-1.14802,-0.101418,-0.0344682,0.138328
R2,↳ F2b · x1 déjà retourné hors nis_z_100 Q4,48,SL-A 1.5,SL-A,1.5,dynamique,0.708661,0,1.5,1.5,1.5,,,,,,,5,741,635,0.14305,8.81944,0.267496,3466.49,1.0925,0.262992,5.45904,0.171088,-0.444933,-0.408458,-5074.77,16,6641.49,3175,0.478055,316,319,9.78871,1.17008,5.4794,4.30932,0.307975,0.0354875,0.171731,0.136244,-8.44403,19.8788,-8.48696,19.9242,-0.112043,0.481509,-0.108275,0.480341,0.258499,-0.174678,-0.167873,0.593414,0.148031,1.14374,4438.67,0.424472,81,28.4077,0.490956,10,9.88589,-0.238734,4,4,2.06931,-0.0482131,0.0794525,0.139625
R2,↳ F2b · x1 déjà retourné hors nis_z_100 Q4,48,SL-A 1.5,SL-A,1.5,dynamique,0.708661,0,1.5,1.5,1.5,,,,,,,10,741,635,0.14305,8.81944,-0.0773182,291.489,1.00732,0.258268,0.459038,0.0382288,-0.491993,-0.457828,-5855.37,16,6641.49,6350,0.956111,316,319,4.78871,-3.82992,0.479397,4.30932,0.173762,-0.0960294,0.0388661,0.134896,-13.444,14.8788,-13.487,14.9242,-0.248563,0.348768,-0.24075,0.347641,0.0424281,-0.209609,-0.202965,0.593414,0.148031,1.03496,4438.67,0.848943,81,23.4077,0.365287,10,4.88589,-0.36063,3,2,2.06931,-0.0473748,0.0455129,0.127971
R2,↳ F2b · x1 déjà retourné hors nis_z_100 Q4,48,SL-A 2,SL-A,2,figé,0.64539,0,2,2,2,-2.31109,-16.8185,12.4398,-0.172215,-0.615704,0.257008,5,741,564,0.238866,7.83333,-0.0542321,608.356,1.01532,0.301418,1.07865,0.0470857,-0.531178,-0.507728,-6713.3,23,3428.36,2820,0.822552,281,283,-1.48512,3.62429,1.06959,-2.5547,0.0986278,-0.00409219,0.0472678,0.05136,-14.2028,16.4512,-14.2402,16.4096,-0.241429,0.356899,-0.244966,0.358638,0.0440058,-0.231368,-0.224062,0.595157,0.148936,1.03547,2351.6,0.713702,,,,,,,3,3,-2.31109,-0.172215,-0.13504,0.082935
R2,↳ F2b · x1 déjà retourné hors nis_z_100 Q4,48,SL-A 2,SL-A,2,figé,0.64539,0,2,2,2,-2.31109,-16.8185,12.4398,-0.172215,-0.615704,0.257008,10,741,564,0.238866,7.83333,-0.286743,-2211.64,0.946941,0.296099,-3.92135,-0.0866115,-0.617894,-0.603335,-8602.77,23,3428.36,5640,1.6451,281,283,-6.48512,-1.37571,-3.93041,-2.5547,-0.0343169,-0.138537,-0.0864267,0.0521099,-19.2028,11.4512,-19.2402,11.4096,-0.377874,0.228386,-0.382502,0.229638,-0.117328,-0.328331,-0.322063,0.595157,0.148936,0.950198,2351.6,1.4274,,,,,,,2,1,-2.31109,-0.172215,-0.114243,0.00924891
R2,↳ F2b · x1 déjà retourné hors nis_z_100 Q4,48,SL-A 2,SL-A,2,dynamique,0.645528,0,2,2,2,,,,,,,5,741,615,0.17004,8.54167,0.0290302,1624.29,1.03742,0.300813,2.64112,0.0942603,-0.483995,-0.469367,-5899.95,23,4699.29,3075,0.654354,307,308,1.72799,3.5513,2.63964,-0.911656,0.187735,0.00108863,0.094412,0.0933234,-11.1732,18.0993,-11.2424,17.7857,-0.206555,0.430248,-0.211592,0.426953,0.12107,-0.215679,-0.209212,0.592229,0.146341,1.06994,3270.15,0.556886,62,15.4229,0.408325,11,-5.4289,-0.554328,3,2,-0.748608,-0.125041,-0.057976,0.098624
R2,↳ F2b · x1 déjà retourné hors nis_z_100 Q4,48,SL-A 2,SL-A,2,dynamique,0.645528,0,2,2,2,,,,,,,10,741,615,0.17004,8.54167,-0.243468,-1450.71,0.968166,0.295935,-2.35888,-0.038188,-0.576872,-0.565335,-7532.69,23,4699.29,6150,1.30871,307,308,-3.27201,-1.4487,-2.36036,-0.911656,0.0538839,-0.129961,-0.0380386,0.0919224,-16.1732,13.0993,-16.2424,12.7857,-0.34744,0.299857,-0.345348,0.297266,-0.0655833,-0.285718,-0.279051,0.592229,0.146341,0.983101,3270.15,1.11377,62,10.4229,0.288388,11,-10.4289,-0.680289,3,2,-0.748608,-0.123792,-0.0624985,0.0518625
R2,↳ F2b · x1 déjà retourné hors nis_z_100 Q4,48,SL-A 2.5,SL-A,2.5,figé,0.588652,0,2.5,2.5,2.5,-7.48868,-22.5073,7.92378,-0.292034,-0.749519,0.156467,5,741,564,0.238866,7.83333,-0.305673,-2311.81,0.949156,0.328014,-4.09895,-0.0727328,-0.654183,-0.644809,-9609.13,32,508.192,2820,5.54908,281,283,-8.14363,-0.0828564,-4.11324,-4.03039,-0.0160801,-0.128985,-0.0725326,0.0564525,-19.041,11.7829,-19.1715,11.7339,-0.36992,0.243834,-0.369563,0.247291,-0.107309,-0.356388,-0.348918,0.595157,0.148936,0.960274,814.429,2.06076,,,,,,,1,1,-7.48868,-0.292034,-0.286355,-0.0420847
R2,↳ F2b · x1 déjà retourné hors nis_z_100 Q4,48,SL-A 2.5,SL-A,2.5,figé,0.588652,0,2.5,2.5,2.5,-7.48868,-22.5073,7.92378,-0.292034,-0.749519,0.156467,10,741,564,0.238866,7.83333,-0.476454,-5131.81,0.891685,0.320922,-9.09895,-0.20643,-0.721436,-0.713841,-11764.1,32,508.192,5640,11.0982,281,283,-13.1436,-5.08286,-9.11324,-4.03039,-0.149025,-0.26343,-0.206227,0.0572024,-24.041,6.78288,-24.1715,6.73385,-0.50877,0.116206,-0.510894,0.116,-0.245301,-0.435069,-0.429797,0.595157,0.148936,0.889036,814.429,4.12152,,,,,,,1,1,-7.48868,-0.292034,-0.242217,-0.0974893
R2,↳ F2b · x1 déjà retourné hors nis_z_100 Q4,48,SL-A 2.5,SL-A,2.5,dynamique,0.585124,0,2.5,2.5,2.5,,,,,,,5,741,605,0.183536,8.40278,-0.130115,123.928,1.00256,0.333884,0.204839,0.0243526,-0.585887,-0.574662,-7639.71,32,3148.93,3025,0.960645,305,300,-2.2247,2.67487,0.225085,-2.44979,0.121313,-0.0742234,0.0235446,0.097768,-14.3701,16.1082,-14.1781,16.0893,-0.304389,0.368106,-0.304919,0.363289,0.0195965,-0.289658,-0.282042,0.594361,0.14876,1.02288,2327.78,0.772384,53,43.1516,0.880268,12,-12.3919,-0.758371,2,2,-3.18489,-0.194948,-0.15945,0.0246453
R2,↳ F2b · x1 déjà retourné hors nis_z_100 Q4,48,SL-A 2.5,SL-A,2.5,dynamique,0.585124,0,2.5,2.5,2.5,,,,,,,10,741,605,0.183536,8.40278,-0.357323,-2901.07,0.942526,0.327273,-4.79516,-0.108754,-0.671692,-0.66274,-9954.71,32,3148.93,6050,1.92129,305,300,-7.2247,-2.32513,-4.77491,-2.44979,-0.0126732,-0.206435,-0.109554,0.096881,-19.3701,11.1082,-19.1781,11.0893,-0.442301,0.233754,-0.440905,0.233098,-0.148227,-0.379914,-0.373197,0.594361,0.14876,0.948011,2327.78,1.54477,53,38.1516,0.756659,12,-17.3919,-0.87731,2,2,-3.18489,-0.194357,-0.145143,-0.0423336
R2,↳ F2b · x1 déjà retourné hors nis_z_100 Q4,48,SL-A 3,SL-A,3,figé,0.510638,0,3,3,3,-0.55193,-16.3543,14.7335,-0.184878,-0.639031,0.238897,5,741,564,0.238866,7.83333,0.0147027,1600.52,1.03469,0.370567,2.8378,0.0344226,-0.561236,-0.55391,-7227.46,47,4420.52,2820,0.637934,281,283,0.351914,5.30612,2.82902,-2.4771,0.0490321,0.0199164,0.0344742,0.0145578,-13.9026,20.1902,-13.6876,20.1717,-0.30805,0.391447,-0.31001,0.390932,0.0158961,-0.297925,-0.293456,0.595157,0.148936,1.0205,2146.4,0.781934,,,,,,,1,1,-0.55193,-0.184878,-0.16315,0.0163779
R2,↳ F2b · x1 déjà retourné hors nis_z_100 Q4,48,SL-A 3,SL-A,3,figé,0.510638,0,3,3,3,-0.55193,-16.3543,14.7335,-0.184878,-0.639031,0.238897,10,741,564,0.238866,7.83333,-0.234739,-1219.48,0.974557,0.361702,-2.1622,-0.0992746,-0.646,-0.64021,-9372.46,47,4420.52,5640,1.27587,281,283,-4.64809,0.306123,-2.17098,-2.4771,-0.0839126,-0.114528,-0.0992203,0.0153077,-18.9026,15.1902,-18.6876,15.1717,-0.447091,0.262572,-0.447452,0.261292,-0.141114,-0.386277,-0.382575,0.595157,0.148936,0.949415,2146.4,1.56387,,,,,,,1,1,-0.55193,-0.184878,-0.138029,-0.0486966
R2,↳ F2b · x1 déjà retourné hors nis_z_100 Q4,48,SL-A 3,SL-A,3,dynamique,0.507614,0,3,3,3,,,,,,,5,741,591,0.202429,8.20833,0.159834,3049.19,1.06353,0.375635,5.15937,0.109301,-0.530532,-0.522693,-6449.75,47,6004.19,2955,0.492157,302,289,3.19362,7.21354,5.20358,-2.00996,0.144512,0.0725057,0.108509,0.0360032,-11.3467,22.862,-11.4619,23.0355,-0.257925,0.497168,-0.265074,0.497258,0.131362,-0.265851,-0.26087,0.595831,0.150592,1.06743,3360.81,0.523886,36,38.7064,1.05286,9,-6.13742,-0.808819,2,2,1.76964,-0.11,-0.0476838,0.0484521
R2,↳ F2b · x1 déjà retourné hors nis_z_100 Q4,48,SL-A 3,SL-A,3,dynamique,0.507614,0,3,3,3,,,,,,,10,741,591,0.202429,8.20833,-0.136964,94.1869,1.00189,0.367174,0.159369,-0.0244053,-0.625361,-0.619233,-8704.75,47,6004.19,5910,0.984313,302,289,-1.80638,2.21354,0.203581,-2.00996,0.0100986,-0.0604612,-0.0251813,0.0352799,-16.3467,17.862,-16.4619,18.0355,-0.393792,0.366088,-0.398983,0.366312,-0.0512991,-0.345816,-0.34187,0.595831,0.150592,0.993545,3360.81,1.04777,36,33.7064,0.921595,9,-11.1374,-0.932214,1,2,1.76964,-0.110009,-0.0482143,-0.00823593
R2,↳ F2b · x1 déjà retourné hors nis_z_100 Q4,48,SL-A 4,SL-A,4,figé,0.414894,0,4,4,4,-5.24921,-18.8474,8.09529,-0.169895,-0.583309,0.207506,5,741,564,0.238866,7.83333,-0.243886,-1048.74,0.980203,0.411348,-1.85947,0.0494061,-0.644919,-0.63899,-9110.3,48,1771.26,2820,1.59209,281,283,-4.91415,1.17362,-1.87027,-3.04388,0.0868287,0.012248,0.0495383,0.0372903,-19.7393,16.7936,-19.772,16.5318,-0.332682,0.450909,-0.331472,0.448793,0.0311715,-0.292989,-0.287173,0.595157,0.148936,1.02675,2366.58,0.709185,,,,,,,3,3,-5.24921,-0.169895,-0.147875,0.0213135
R2,↳ F2b · x1 déjà retourné hors nis_z_100 Q4,48,SL-A 4,SL-A,4,figé,0.414894,0,4,4,4,-5.24921,-18.8474,8.09529,-0.169895,-0.583309,0.207506,10,741,564,0.238866,7.83333,-0.429852,-3868.74,0.929225,0.397163,-6.85947,-0.0842911,-0.71355,-0.708864,-11255.3,48,1771.26,5640,3.18418,281,283,-9.91415,-3.82638,-6.87027,-3.04388,-0.0461159,-0.122196,-0.0841562,0.0380402,-24.7393,11.7936,-24.772,11.5318,-0.463898,0.314711,-0.462852,0.31434,-0.128159,-0.374323,-0.37055,0.595157,0.148936,0.96298,2366.58,1.41837,,,,,,,1,2,-5.24921,-0.169895,-0.125074,-0.0367434
R2,↳ F2b · x1 déjà retourné hors nis_z_100 Q4,48,SL-A 4,SL-A,4,dynamique,0.414802,0,4,4,4,,,,,,,5,741,581,0.215924,8.06944,-0.18249,-228.668,0.995763,0.414802,-0.393576,0.0531467,-0.637919,-0.631873,-8883.32,48,2676.33,2905,1.08544,293,288,-5.85722,5.16492,-0.346149,-5.51107,0.0270159,0.0797312,0.0533735,-0.0263577,-17.442,18.4646,-17.4798,18.1948,-0.323508,0.454046,-0.323322,0.450805,0.0407944,-0.295221,-0.290736,0.595903,0.151463,1.02991,2520.13,0.686908,23,42.0007,0.0381026,6,24.3236,-0.35614,3,2,-3.78331,-0.166154,-0.138252,0.0190815
R2,↳ F2b · x1 déjà retourné hors nis_z_100 Q4,48,SL-A 4,SL-A,4,dynamique,0.414802,0,4,4,4,,,,,,,10,741,581,0.215924,8.06944,-0.388753,-3133.67,0.943741,0.401033,-5.39358,-0.0804623,-0.709939,-0.705194,-11098.3,48,2676.33,5810,2.17088,293,288,-10.8572,0.164924,-5.34615,-5.51107,-0.106506,-0.0539668,-0.0802362,-0.0262694,-22.442,13.4646,-22.4798,13.1948,-0.455478,0.320012,-0.45553,0.319012,-0.124661,-0.386658,-0.382959,0.595903,0.151463,0.965651,2520.13,1.37382,23,37.0007,-0.0839043,6,19.3236,-0.453564,1,2,-3.78331,-0.166066,-0.121576,-0.049078
R2,↳ F2b · x1 déjà retourné hors nis_z_100 Q4,48,SL-A 5,SL-A,5,figé,0.319149,0,5,5,5,-1.78304,-12.8608,9.35936,-0.10444,-0.467889,0.23404,5,741,564,0.238866,7.83333,-0.0965731,906.173,1.01662,0.443262,1.60669,0.114861,-0.572442,-0.565377,-7681.12,48,3726.17,2820,0.756809,281,283,1.97786,1.23814,1.608,0.369857,0.235231,-0.00465891,0.115286,0.119945,-16.4075,21.6007,-16.4992,21.5814,-0.290275,0.526121,-0.291329,0.531654,0.113203,-0.248835,-0.242661,0.595157,0.148936,1.0559,3180.47,0.527703,,,,,,,3,3,-1.78304,-0.10444,-0.0658427,0.0654674
R2,↳ F2b · x1 déjà retourné hors nis_z_100 Q4,48,SL-A 5,SL-A,5,figé,0.319149,0,5,5,5,-1.78304,-12.8608,9.35936,-0.10444,-0.467889,0.23404,10,741,564,0.238866,7.83333,-0.318716,-1913.83,0.965906,0.429078,-3.39331,-0.0188366,-0.648187,-0.642433,-9042.59,48,3726.17,5640,1.51362,281,283,-3.02214,-3.76186,-3.392,0.369857,0.102286,-0.139103,-0.0184086,0.120695,-21.4075,16.6007,-21.4992,16.5814,-0.423196,0.392381,-0.426017,0.396885,-0.0587849,-0.310452,-0.30462,0.595157,0.148936,0.993668,3180.47,1.05541,,,,,,,3,2,-1.78304,-0.10444,-0.0557001,0.0271278
R2,↳ F2b · x1 déjà retourné hors nis_z_100 Q4,48,SL-A 5,SL-A,5,dynamique,0.316522,0,5,5,5,,,,,,,5,741,575,0.224022,7.98611,-0.0596747,1322.68,1.02404,0.445217,2.30032,0.113895,-0.568258,-0.561123,-7584,48,4197.68,2875,0.684901,292,283,2.04786,2.56081,2.30433,-0.256476,0.194431,0.0307977,0.112614,0.0818167,-15.321,22.1735,-15.2883,21.7143,-0.289845,0.516923,-0.292265,0.518204,0.116319,-0.248006,-0.241824,0.595749,0.151304,1.05636,3246.56,0.527567,16,42.7361,-0.0582226,5,53.4533,-0.327971,3,3,-1.08941,-0.105406,-0.0627268,0.0662971
R2,↳ F2b · x1 déjà retourné hors nis_z_100 Q4,48,SL-A 5,SL-A,5,dynamique,0.316522,0,5,5,5,,,,,,,10,741,575,0.224022,7.98611,-0.294768,-1552.32,0.972599,0.431304,-2.69968,-0.019772,-0.651261,-0.645556,-9120.66,48,4197.68,5750,1.3698,292,283,-2.95214,-2.43919,-2.69567,-0.256476,0.0610745,-0.10319,-0.0210576,0.082132,-20.321,17.1735,-20.2883,16.7143,-0.427811,0.390197,-0.427965,0.385125,-0.0594009,-0.325109,-0.319401,0.595749,0.151304,0.99365,3246.56,1.05513,16,37.7361,-0.181347,5,48.4533,-0.4313,3,2,-1.08941,-0.105376,-0.0563161,0.0124706
R2,↳ F2b · x1 déjà retourné hors nis_z_100 Q4,48,SL-B 0,SL-B,0,figé,0.707447,0,1.13897,1.52767,2.00502,-1.68895,-19.1925,15.0536,-0.0967633,-0.549695,0.341353,5,741,564,0.238866,7.83333,0.00216541,959.241,1.02817,0.258865,1.70078,0.122538,-0.512652,-0.494833,-6586.03,15,3779.24,2820,0.746182,281,283,7.52791,-4.08516,1.72137,5.80654,0.261437,-0.0153802,0.123028,0.138409,-12.766,15.5942,-12.7932,15.8422,-0.14699,0.405881,-0.144929,0.401942,0.147558,-0.186361,-0.179653,0.595157,0.148936,1.09946,3258.4,0.515082,,,,,,,3,3,-1.68895,-0.0967633,-0.031488,0.127941
R2,↳ F2b · x1 déjà retourné hors nis_z_100 Q4,48,SL-B 0,SL-B,0,figé,0.707447,0,1.13897,1.52767,2.00502,-1.68895,-19.1925,15.0536,-0.0967633,-0.549695,0.341353,10,741,564,0.238866,7.83333,-0.24418,-1860.76,0.948516,0.257092,-3.29922,-0.0111596,-0.584042,-0.569405,-7980.03,15,3779.24,5640,1.49236,281,283,2.52791,-9.08516,-3.27863,5.80654,0.128492,-0.149825,-0.0106662,0.139158,-17.766,10.5942,-17.7932,10.8422,-0.279161,0.275527,-0.278733,0.276688,-0.0297422,-0.260061,-0.253155,0.595157,0.148936,0.994267,3258.4,1.03016,,,,,,,2,2,-1.68895,-0.0967633,-0.0266574,0.0775194
R2,↳ F2b · x1 déjà retourné hors nis_z_100 Q4,48,SL-B 0,SL-B,0,dynamique,0.710692,0,1.14152,1.53255,2.00198,,,,,,,5,741,636,0.1417,8.83333,0.171674,2708.49,1.07069,0.254717,4.25864,0.179727,-0.489079,-0.47622,-6175.66,16,5888.49,3180,0.540036,319,317,13.8022,-5.34514,4.22853,9.57367,0.400316,-0.0422537,0.179031,0.221285,-9.07228,18.0877,-9.19705,17.949,-0.109961,0.481159,-0.10611,0.474873,0.279118,-0.183737,-0.177006,0.596628,0.149371,1.15198,4643.81,0.408561,84,20.307,0.466323,12,-3.62217,-0.502014,3,2,0.868907,-0.0395737,0.100072,0.130566
R2,↳ F2b · x1 déjà retourné hors nis_z_100 Q4,48,SL-B 0,SL-B,0,dynamique,0.710692,0,1.14152,1.53255,2.00198,,,,,,,10,741,636,0.1417,8.83333,-0.147534,-471.505,0.988413,0.253145,-0.741361,0.0456654,-0.570574,-0.558865,-7610.54,16,5888.49,6360,1.08007,319,317,8.80221,-10.3451,-0.771466,9.57367,0.265625,-0.175681,0.0449715,0.220653,-14.0723,13.0877,-14.197,12.949,-0.245912,0.345433,-0.24412,0.341693,0.0581141,-0.241889,-0.234814,0.596628,0.149371,1.04354,4643.81,0.817121,84,15.307,0.330444,12,-8.62217,-0.63166,3,2,0.868907,-0.0399382,0.0611989,0.0956906
R2,↳ F2b · x1 déjà retourné hors nis_z_100 Q4,48,SL-B 0.25,SL-B,0.25,figé,0.679078,0.00177305,1.38897,1.77767,2.25502,-3.31326,-20.1635,13.0815,-0.169111,-0.629086,0.277642,5,741,564,0.238866,7.83333,-0.0995332,43.132,1.00115,0.276596,0.0764751,0.0501899,-0.557918,-0.529314,-7071.98,19,2863.13,2820,0.984935,281,283,1.83147,-1.66612,0.0826766,1.7488,0.165311,-0.0641177,0.0505967,0.114714,-14.5877,14.9192,-14.8635,14.8115,-0.232593,0.3385,-0.23372,0.340899,0.0446159,-0.243121,-0.235927,0.595157,0.148936,1.03723,2336.3,0.718377,,,,,,,2,2,-3.31326,-0.169111,-0.13443,0.0711816
R2,↳ F2b · x1 déjà retourné hors nis_z_100 Q4,48,SL-B 0.25,SL-B,0.25,figé,0.679078,0.00177305,1.38897,1.77767,2.25502,-3.31326,-20.1635,13.0815,-0.169111,-0.629086,0.277642,10,741,564,0.238866,7.83333,-0.320921,-2776.87,0.929763,0.271277,-4.92352,-0.0835072,-0.639697,-0.620736,-9121.99,19,2863.13,5640,1.96987,281,283,-3.16853,-6.66612,-4.91732,1.7488,0.0323665,-0.198562,-0.0830978,0.115464,-19.5877,9.91924,-19.8635,9.81146,-0.365988,0.211756,-0.365352,0.211609,-0.116808,-0.338603,-0.332431,0.595157,0.148936,0.946041,2336.3,1.43675,,,,,,,2,1,-3.31326,-0.169111,-0.113724,-0.00102325
R2,↳ F2b · x1 déjà retourné hors nis_z_100 Q4,48,SL-B 0.25,SL-B,0.25,dynamique,0.678914,0.00159744,1.39623,1.78255,2.25491,,,,,,,5,741,626,0.155196,8.69444,0.110268,2344.52,1.0565,0.277955,3.74524,0.119857,-0.48005,-0.448456,-5316.09,19,5474.52,3130,0.57174,311,315,7.06454,0.468083,3.76631,3.29823,0.264923,-0.0233658,0.120779,0.144144,-8.97458,17.5461,-9.10536,17.6042,-0.171514,0.425092,-0.17085,0.423125,0.16438,-0.182596,-0.177852,0.593962,0.146965,1.09213,3672.35,0.506243,72,32.0012,0.583202,10,0.269966,-0.473308,3,2,0.355506,-0.0994434,-0.0146657,0.131707
R2,↳ F2b · x1 déjà retourné hors nis_z_100 Q4,48,SL-B 0.25,SL-B,0.25,dynamique,0.678914,0.00159744,1.39623,1.78255,2.25491,,,,,,,10,741,626,0.155196,8.69444,-0.188189,-785.481,0.982054,0.273163,-1.25476,-0.0129634,-0.585635,-0.565877,-7594,19,5474.52,6260,1.14348,311,315,2.06454,-4.53192,-1.23369,3.29823,0.131128,-0.155225,-0.0120485,0.143176,-13.9746,12.5461,-14.1054,12.6042,-0.306896,0.293786,-0.30622,0.288316,-0.0331555,-0.29164,-0.285029,0.593962,0.146965,0.997822,3672.35,1.01249,72,27.0012,0.458763,10,-4.73003,-0.595204,2,2,0.355506,-0.098567,-0.0300707,0.0459397
R2,↳ F2b · x1 déjà retourné hors nis_z_100 Q4,48,SL-B 0.5,SL-B,0.5,figé,0.641844,0.00177305,1.63897,2.02767,2.50502,-3.01469,-18.9302,13.3815,-0.174983,-0.619253,0.262683,5,741,564,0.238866,7.83333,-0.0915199,211.527,1.00531,0.303191,0.375047,0.044318,-0.563605,-0.54904,-7323.53,23.5,3031.53,2820,0.930224,281,283,-2.47804,3.20797,0.364966,-2.84301,0.0637109,0.0250621,0.0443865,0.0193244,-15.8925,16.4107,-15.8646,16.1898,-0.252616,0.365123,-0.253472,0.361839,0.0423335,-0.252918,-0.245817,0.595157,0.148936,1.03473,2337.11,0.718127,,,,,,,3,2,-3.01469,-0.174983,-0.136713,0.061385
R2,↳ F2b · x1 déjà retourné hors nis_z_100 Q4,48,SL-B 0.5,SL-B,0.5,figé,0.641844,0.00177305,1.63897,2.02767,2.50502,-3.01469,-18.9302,13.3815,-0.174983,-0.619253,0.262683,10,741,564,0.238866,7.83333,-0.314878,-2608.47,0.937601,0.297872,-4.62495,-0.0893792,-0.646284,-0.63664,-9478.53,23.5,3031.53,5640,1.86045,281,283,-7.47804,-1.79203,-4.63503,-2.84301,-0.0692337,-0.109382,-0.089308,0.0200743,-20.8925,11.4107,-20.8646,11.1898,-0.386233,0.233983,-0.388164,0.231568,-0.118739,-0.347166,-0.341073,0.595157,0.148936,0.949438,2337.11,1.43625,,,,,,,1,2,-3.01469,-0.174983,-0.115654,-0.00958586
R2,↳ F2b · x1 déjà retourné hors nis_z_100 Q4,48,SL-B 0.5,SL-B,0.5,dynamique,0.636808,0.00162866,1.64403,2.03255,2.50502,,,,,,,5,741,614,0.17139,8.52778,0.223091,3392.24,1.07883,0.309446,5.52482,0.134259,-0.441912,-0.426784,-4743.63,24,6462.24,3070,0.475068,307,307,5.21507,5.83457,5.52482,-0.309751,0.215561,0.052957,0.134259,0.081302,-8.50753,21.5836,-8.5415,21.3389,-0.173867,0.474847,-0.173646,0.469397,0.196026,-0.206182,-0.19653,0.593347,0.14658,1.10226,3922.13,0.464435,61,51.9571,0.843508,11,-1.02987,-0.544154,2,2,2.13509,-0.0850418,0.0169799,0.108121
R2,↳ F2b · x1 déjà retourné hors nis_z_100 Q4,48,SL-B 0.5,SL-B,0.5,dynamique,0.636808,0.00162866,1.64403,2.03255,2.50502,,,,,,,10,741,614,0.17139,8.52778,-0.100271,322.238,1.00714,0.30456,0.524818,0.00156415,-0.558806,-0.546776,-7088.63,24,6462.24,6140,0.950135,307,307,0.215066,0.834569,0.524818,-0.309751,0.081809,-0.0786807,0.00156415,0.0802448,-13.5075,16.5836,-13.5415,16.3389,-0.310097,0.341928,-0.310301,0.337732,-0.00314301,-0.274594,-0.267824,0.593347,0.14658,1.01278,3922.13,0.92887,61,46.9571,0.723343,11,-6.02987,-0.658759,2,2,2.13509,-0.0840395,-5.82125e-05,0.0629864
R2,↳ F2b · x1 déjà retourné hors nis_z_100 Q4,48,SL-B 1,SL-B,1,figé,0.567376,0,2.13897,2.52767,3.00502,-0.0574128,-15.7964,15.7164,-0.178389,-0.623238,0.26772,5,741,564,0.238866,7.83333,0.0594115,1879.43,1.04424,0.338652,3.33232,0.0409119,-0.566192,-0.558949,-7452.1,35,4699.43,2820,0.600073,281,283,-0.2636,6.90283,3.31961,-3.58321,0.0272378,0.0544894,0.0408636,-0.0136258,-12.4484,20.174,-12.4543,20.2828,-0.268497,0.357355,-0.27359,0.358527,0.019151,-0.296253,-0.290574,0.595157,0.148936,1.02207,2142.04,0.783525,,,,,,,2,1,-0.0574128,-0.178389,-0.159895,0.0180502
R2,↳ F2b · x1 déjà retourné hors nis_z_100 Q4,48,SL-B 1,SL-B,1,figé,0.567376,0,2.13897,2.52767,3.00502,-0.0574128,-15.7964,15.7164,-0.178389,-0.623238,0.26772,10,741,564,0.238866,7.83333,-0.200998,-940.572,0.978797,0.33156,-1.66768,-0.0927853,-0.649998,-0.644274,-9597.1,35,4699.43,5640,1.20015,281,283,-5.2636,1.90283,-1.68039,-3.58321,-0.105707,-0.079955,-0.0928309,-0.0128759,-17.4484,15.174,-17.4543,15.2828,-0.403083,0.227918,-0.403431,0.229955,-0.13836,-0.383769,-0.380053,0.595157,0.148936,0.945191,2142.04,1.56705,,,,,,,1,1,-0.0574128,-0.178389,-0.135275,-0.0461893
R2,↳ F2b · x1 déjà retourné hors nis_z_100 Q4,48,SL-B 1,SL-B,1,dynamique,0.56689,0,2.14489,2.52865,2.9978,,,,,,,5,741,598,0.192982,8.30556,0.12844,2636.11,1.05833,0.339465,4.40822,0.094745,-0.544432,-0.536826,-6848.8,35,5626.11,2990,0.53145,304,294,3.87024,4.96449,4.41736,-0.547126,0.138475,0.0495273,0.0940013,0.0444739,-11.6628,21.6469,-11.772,21.745,-0.249027,0.449674,-0.249072,0.450162,0.101196,-0.252077,-0.245751,0.594424,0.148829,1.05823,3071.81,0.578592,45,15.296,0.56904,11,-6.21493,-0.725124,2,2,1.01848,-0.124556,-0.0778503,0.0622256
R2,↳ F2b · x1 déjà retourné hors nis_z_100 Q4,48,SL-B 1,SL-B,1,dynamique,0.56689,0,2.14489,2.52865,2.9978,,,,,,,10,741,598,0.192982,8.30556,-0.163265,-353.887,0.9925,0.332776,-0.591784,-0.0385094,-0.637184,-0.631249,-9123.8,35,5626.11,5980,1.0629,304,294,-1.12976,-0.0355094,-0.582635,-0.547126,0.00428451,-0.0827589,-0.0392372,0.0435217,-16.6628,16.6469,-16.772,16.745,-0.388125,0.323113,-0.388667,0.321021,-0.0781363,-0.346664,-0.342724,0.594424,0.148829,0.979403,3071.81,1.15718,45,10.296,0.444347,11,-11.2149,-0.846057,2,2,1.01848,-0.124113,-0.0750515,-0.00908418
R2,↳ F3 · x1 déjà retourné hors nis_z_100 Q4,13,sans,sans,,figé,0,0,,,,0,0,0,0,0,0,5,711,646,0.0914205,8.97222,-0.237417,-1890.19,0.947954,0.464396,-2.92599,0.00667705,-0.44824,-0.444218,-5472.81,13,1339.81,3230,2.41078,367,279,-1.33301,-5.0214,-3.17721,1.8442,0.0140023,-0.00295866,0.00552181,0.00848047,-13.8544,7.56682,-14.0895,7.17673,-0.232315,0.252763,-0.232832,0.245145,-0.0315711,-0.267383,-0.26478,0.610419,0.165635,0.993723,1857.59,1.0614,,,,,,,2,2,0,0,0,0
R2,↳ F3 · x1 déjà retourné hors nis_z_100 Q4,13,sans,sans,,figé,0,0,,,,0,0,0,0,0,0,10,711,646,0.0914205,8.97222,-0.448052,-5120.19,0.865604,0.433437,-7.92599,-0.13544,-0.549467,-0.537127,-7150.82,13,1339.81,6460,4.82157,367,279,-6.33301,-10.0214,-8.17721,1.8442,-0.130701,-0.141673,-0.136187,0.00548611,-18.8544,2.56682,-19.0895,2.17673,-0.372458,0.109436,-0.372707,0.104273,-0.204903,-0.342547,-0.340212,0.610419,0.165635,0.891716,1857.59,2.12281,,,,,,,2,2,0,0,0,0
R2,↳ F3 · x1 déjà retourné hors nis_z_100 Q4,13,sans,sans,,dynamique,0,0,,,,,,,,,,5,711,646,0.0914205,8.97222,-0.237417,-1890.19,0.947954,0.464396,-2.92599,0.00667705,-0.44824,-0.444218,-5472.81,13,1339.81,3230,2.41078,367,279,-1.33301,-5.0214,-3.17721,1.8442,0.0140023,-0.00295866,0.00552181,0.00848047,-13.8544,7.56682,-14.0895,7.17673,-0.232315,0.252763,-0.232832,0.245145,-0.0315711,-0.267383,-0.26478,0.610419,0.165635,0.993723,1857.59,1.0614,0,,,0,,,2,2,0,0,0,0
R2,↳ F3 · x1 déjà retourné hors nis_z_100 Q4,13,sans,sans,,dynamique,0,0,,,,,,,,,,10,711,646,0.0914205,8.97222,-0.448052,-5120.19,0.865604,0.433437,-7.92599,-0.13544,-0.549467,-0.537127,-7150.82,13,1339.81,6460,4.82157,367,279,-6.33301,-10.0214,-8.17721,1.8442,-0.130701,-0.141673,-0.136187,0.00548611,-18.8544,2.56682,-19.0895,2.17673,-0.372458,0.109436,-0.372707,0.104273,-0.204903,-0.342547,-0.340212,0.610419,0.165635,0.891716,1857.59,2.12281,0,,,0,,,2,2,0,0,0,0
R2,↳ F3 · x1 déjà retourné hors nis_z_100 Q4,13,SL-A 1,SL-A,1,figé,0.654799,0,1,1,1,4.8414,-2.87222,12.7176,0.0489551,-0.113639,0.215312,5,711,646,0.0914205,8.97222,0.0883951,1237.36,1.05251,0.289474,1.91541,0.0556322,-0.185123,-0.181315,-1925.28,7,4467.36,3230,0.723023,367,279,0.446399,3.84777,2.14708,-1.70069,-1.38854e-05,0.12883,0.0644079,-0.0644218,-5.81818,9.94911,-5.42005,10.088,-0.11385,0.233649,-0.102817,0.238246,0.0765099,-0.120549,-0.119313,0.610419,0.165635,1.07102,2807.06,0.70239,,,,,,,4,4,4.8414,0.0489551,0.108081,0.146834
R2,↳ F3 · x1 déjà retourné hors nis_z_100 Q4,13,SL-A 1,SL-A,1,figé,0.654799,0,1,1,1,4.8414,-2.87222,12.7176,0.0489551,-0.113639,0.215312,10,711,646,0.0914205,8.97222,-0.212076,-1992.64,0.92299,0.27709,-3.08459,-0.0864844,-0.277018,-0.271391,-3007.92,7,4467.36,6460,1.44605,367,279,-4.5536,-1.15223,-2.85292,-1.70069,-0.144717,-0.0098846,-0.0773008,-0.0674162,-10.8182,4.94911,-10.42,5.08801,-0.259872,0.0970319,-0.247533,0.100309,-0.116143,-0.185357,-0.182622,0.610419,0.165635,0.913894,2807.06,1.40478,,,,,,,2,1,4.8414,0.0489551,0.0887593,0.15719
R2,↳ F3 · x1 déjà retourné hors nis_z_100 Q4,13,SL-A 1,SL-A,1,dynamique,0.656023,0,1,1,1,,,,,,,5,711,689,0.0309423,9.56944,0.108019,1463.04,1.0584,0.288824,2.12343,0.0450469,-0.220486,-0.216843,-2367.77,7,4908.04,3445,0.701909,389,300,2.98208,1.01004,1.99606,0.986023,0.032984,0.0606885,0.0468362,-0.0138523,-4.97166,9.45989,-5.05059,9.15318,-0.119186,0.215683,-0.115193,0.210809,0.0685402,-0.133803,-0.132586,0.612245,0.171263,1.06122,2875.09,0.733606,44,4.31786,-0.137817,1,-35.6997,-1.16287,5,5,5.04941,0.0383698,0.100111,0.13358
R2,↳ F3 · x1 déjà retourné hors nis_z_100 Q4,13,SL-A 1,SL-A,1,dynamique,0.656023,0,1,1,1,,,,,,,10,711,689,0.0309423,9.56944,-0.21493,-1981.96,0.927983,0.275762,-2.87657,-0.0990114,-0.32262,-0.319351,-3598.31,7,4908.04,6890,1.40382,389,300,-2.01792,-3.98996,-3.00394,0.986023,-0.113061,-0.0807938,-0.0969274,-0.0161336,-9.97166,4.45989,-10.0506,4.15318,-0.271443,0.0730277,-0.263512,0.071715,-0.134677,-0.205871,-0.203205,0.612245,0.171263,0.904376,2875.09,1.46721,44,-0.682138,-0.310811,1,-40.6997,-1.32574,1,1,5.04941,0.0364281,0.0702262,0.136676
R2,↳ F3 · x1 déjà retourné hors nis_z_100 Q4,13,SL-A 1.5,SL-A,1.5,figé,0.493808,0.00309598,1.5,1.5,1.5,7.81334,1.97849,13.8854,0.12482,-0.00322695,0.266101,5,711,646,0.0914205,8.97222,0.305392,3157.23,1.11648,0.379257,4.88735,0.131497,-0.269065,-0.265648,-2975.74,13,6387.23,3230,0.505697,367,279,4.01112,6.03995,5.02554,-1.01442,0.104132,0.167494,0.135813,-0.0316807,-3.77137,13.8429,-3.90723,14.11,-0.073639,0.354782,-0.0649527,0.355703,0.225001,-0.138172,-0.135,0.610419,0.165635,1.15994,4124.47,0.478038,,,,,,,5,4,7.81334,0.12482,0.256573,0.129211
R2,↳ F3 · x1 déjà retourné hors nis_z_100 Q4,13,SL-A 1.5,SL-A,1.5,figé,0.493808,0.00309598,1.5,1.5,1.5,7.81334,1.97849,13.8854,0.12482,-0.00322695,0.266101,10,711,646,0.0914205,8.97222,-0.0549037,-72.7714,0.997503,0.357585,-0.112649,-0.0106191,-0.343425,-0.338315,-3924.47,13,6387.23,6460,1.01139,367,279,-0.988879,1.03995,0.0255375,-1.01442,-0.0405706,0.0287794,-0.0058956,-0.034675,-8.77137,8.84287,-8.90723,9.11002,-0.217473,0.214718,-0.209875,0.219208,0.0058167,-0.200866,-0.198304,0.610419,0.165635,1.0123,4124.47,0.956076,,,,,,,3,2,7.81334,0.12482,0.210719,0.141682
R2,↳ F3 · x1 déjà retourné hors nis_z_100 Q4,13,SL-A 1.5,SL-A,1.5,dynamique,0.497015,0.00298507,1.5,1.5,1.5,,,,,,,5,711,670,0.0576653,9.30556,0.218849,2474.73,1.08845,0.374627,3.69363,0.0936741,-0.290458,-0.287141,-3271.73,13,5824.73,3350,0.575134,379,291,2.98535,4.61609,3.80072,-0.815371,0.0751669,0.117778,0.0964725,-0.0213056,-4.91364,12.6107,-4.95054,12.7644,-0.106356,0.309987,-0.100378,0.307238,0.170914,-0.158555,-0.155458,0.61291,0.168657,1.12156,3755.56,0.546722,24,-28.4375,-0.924403,0,,,4,4,6.61961,0.0869971,0.202485,0.108828
R2,↳ F3 · x1 déjà retourné hors nis_z_100 Q4,13,SL-A 1.5,SL-A,1.5,dynamique,0.497015,0.00298507,1.5,1.5,1.5,,,,,,,10,711,670,0.0576653,9.30556,-0.128119,-875.271,0.970931,0.352239,-1.30637,-0.0494604,-0.391894,-0.387161,-4688.24,13,5824.73,6700,1.15027,379,291,-2.01465,-0.38391,-1.19928,-0.815371,-0.0701146,-0.0225602,-0.0463374,-0.0237772,-9.91364,7.61066,-9.95054,7.76436,-0.250812,0.17271,-0.244271,0.170408,-0.0464238,-0.236225,-0.233777,0.61291,0.168657,0.977122,3755.56,1.09344,24,-33.4375,-1.09494,0,,,3,3,6.61961,0.0859791,0.158479,0.106322
R2,↳ F3 · x1 déjà retourné hors nis_z_100 Q4,13,SL-A 2,SL-A,2,figé,0.382353,0,2,2,2,5.45214,0.319943,10.7314,0.0957924,-0.0279425,0.222294,5,711,646,0.0914205,8.97222,0.112633,1631.89,1.05418,0.419505,2.52615,0.102469,-0.329036,-0.324065,-3775.47,13,4861.89,3230,0.66435,367,279,2.01203,3.20243,2.60723,-0.595198,0.0788222,0.133575,0.106199,-0.0273766,-6.943,12.1876,-6.81384,12.1805,-0.109598,0.333726,-0.102032,0.333027,0.161763,-0.164922,-0.161849,0.610419,0.165635,1.11045,3610.17,0.546138,,,,,,,4,3,5.45214,0.0957924,0.193334,0.102461
R2,↳ F3 · x1 déjà retourné hors nis_z_100 Q4,13,SL-A 2,SL-A,2,figé,0.382353,0,2,2,2,5.45214,0.319943,10.7314,0.0957924,-0.0279425,0.222294,10,711,646,0.0914205,8.97222,-0.194527,-1598.11,0.950124,0.391641,-2.47385,-0.0396472,-0.396429,-0.391686,-4808.31,13,4861.89,6460,1.3287,367,279,-2.98797,-1.79757,-2.39277,-0.595198,-0.0658809,-0.00513901,-0.0355099,-0.0303709,-11.943,7.18763,-11.8138,7.18053,-0.257172,0.19522,-0.247295,0.195517,-0.0461167,-0.222999,-0.220453,0.610419,0.165635,0.979212,3610.17,1.09228,,,,,,,2,2,5.45214,0.0957924,0.158786,0.119548
R2,↳ F3 · x1 déjà retourné hors nis_z_100 Q4,13,SL-A 2,SL-A,2,dynamique,0.382622,0,2,2,2,,,,,,,5,711,656,0.0773558,9.11111,0.053192,1086.53,1.03535,0.416159,1.65629,0.0851772,-0.347539,-0.342705,-4053.66,13,4366.53,3280,0.751169,374,282,0.957453,2.58312,1.77029,-0.812836,0.0640491,0.113198,0.0886236,-0.0245745,-7.73231,11.2047,-7.62824,11.3359,-0.125881,0.313349,-0.118575,0.314068,0.131997,-0.174372,-0.171334,0.609628,0.164634,1.09118,3379.28,0.591719,12,-45.858,-1.03923,2,-2.46512,-1.07588,5,3,4.58228,0.0785002,0.163568,0.0930107
R2,↳ F3 · x1 déjà retourné hors nis_z_100 Q4,13,SL-A 2,SL-A,2,dynamique,0.382622,0,2,2,2,,,,,,,10,711,656,0.0773558,9.11111,-0.241383,-2193.47,0.932921,0.38872,-3.34371,-0.0564012,-0.423811,-0.419213,-5183.04,13,4366.53,6560,1.50234,374,282,-4.04255,-2.41688,-3.22971,-0.812836,-0.0789824,-0.026453,-0.0527177,-0.0262647,-12.7323,6.20474,-12.6282,6.33587,-0.269702,0.176554,-0.263286,0.170243,-0.0731565,-0.232486,-0.229971,0.609628,0.164634,0.96207,3379.28,1.18344,12,-50.858,-1.17955,2,-7.46512,-1.38372,2,2,4.58228,0.0790384,0.131746,0.110061
R2,↳ F3 · x1 déjà retourné hors nis_z_100 Q4,13,SL-A 2.5,SL-A,2.5,figé,0.311146,0,2.5,2.5,2.5,2.3911,-2.63371,7.24753,0.0456422,-0.0811454,0.169553,5,711,646,0.0914205,8.97222,-0.0936369,-345.537,0.989513,0.430341,-0.534887,0.0523192,-0.340281,-0.335805,-3943.16,13,2884.46,3230,1.11979,367,279,0.229848,-1.54083,-0.65549,0.885338,0.0316473,0.0795113,0.0555793,-0.023932,-10.3761,9.7565,-10.518,9.57327,-0.164385,0.291948,-0.15772,0.291268,0.0727488,-0.167666,-0.164603,0.610419,0.165635,1.05315,2825.2,0.697882,,,,,,,3,2,2.3911,0.0456422,0.10432,0.0997169
R2,↳ F3 · x1 déjà retourné hors nis_z_100 Q4,13,SL-A 2.5,SL-A,2.5,figé,0.311146,0,2.5,2.5,2.5,2.3911,-2.63371,7.24753,0.0456422,-0.0811454,0.169553,10,711,646,0.0914205,8.97222,-0.343923,-3575.54,0.897356,0.402477,-5.53489,-0.0897974,-0.432651,-0.428124,-5303.42,13,2884.46,6460,2.23958,367,279,-4.77015,-6.54083,-5.65549,0.885338,-0.113056,-0.059203,-0.0861294,-0.0269263,-15.3761,4.7565,-15.518,4.57327,-0.310994,0.152131,-0.304582,0.148838,-0.119222,-0.242608,-0.239918,0.610419,0.165635,0.935092,2825.2,1.39576,,,,,,,2,2,2.3911,0.0456422,0.0856806,0.099939
R2,↳ F3 · x1 déjà retourné hors nis_z_100 Q4,13,SL-A 2.5,SL-A,2.5,dynamique,0.310769,0,2.5,2.5,2.5,,,,,,,5,711,650,0.0857947,9.02778,-0.11593,-593.261,0.982132,0.429231,-0.912709,0.0464377,-0.349057,-0.344641,-4076.11,13,2656.74,3250,1.2233,369,281,-0.288971,-1.73178,-1.01038,0.721405,0.0252319,0.0742845,0.0497582,-0.0245263,-10.8164,9.23709,-10.724,9.15362,-0.168479,0.28713,-0.165449,0.285386,0.0629604,-0.17357,-0.170529,0.609169,0.164615,1.04718,2741.91,0.72205,5,-51.2707,-0.902288,1,-8.62949,-0.897711,3,2,2.01328,0.0397606,0.0945315,0.0938124
R2,↳ F3 · x1 déjà retourné hors nis_z_100 Q4,13,SL-A 2.5,SL-A,2.5,dynamique,0.310769,0,2.5,2.5,2.5,,,,,,,10,711,650,0.0857947,9.02778,-0.361347,-3843.26,0.890515,0.401538,-5.91271,-0.0952108,-0.447651,-0.443244,-5569.92,13,2656.74,6500,2.44661,369,281,-5.28897,-6.73178,-6.01038,0.721405,-0.118043,-0.0652286,-0.0916356,-0.0264071,-15.8164,4.23709,-15.724,4.15362,-0.313041,0.144978,-0.307919,0.142013,-0.127971,-0.25004,-0.247376,0.609169,0.164615,0.92972,2741.91,1.4441,5,-56.2707,-1.05915,1,-13.6295,-1.41785,2,2,2.01328,0.0402288,0.0769315,0.092507
R2,↳ F3 · x1 déjà retourné hors nis_z_100 Q4,13,SL-A 3,SL-A,3,figé,0.25387,0,3,3,3,0.521569,-4.07274,4.84338,0.0278613,-0.0755106,0.133328,5,711,646,0.0914205,8.97222,-0.202233,-1553.25,0.955402,0.44582,-2.40442,0.0345383,-0.41128,-0.398329,-4763.62,13,1676.75,3230,1.92635,367,279,-1.34885,-3.79291,-2.57088,1.22203,0.00322235,0.0757317,0.039477,-0.0362547,-12.9851,8.36529,-13.3022,8.3599,-0.190373,0.28,-0.181426,0.2879,0.0399564,-0.210868,-0.208613,0.610419,0.165635,1.03298,2525.99,0.780546,,,,,,,2,2,0.521569,0.0278613,0.0715275,0.0565144
R2,↳ F3 · x1 déjà retourné hors nis_z_100 Q4,13,SL-A 3,SL-A,3,figé,0.25387,0,3,3,3,0.521569,-4.07274,4.84338,0.0278613,-0.0755106,0.133328,10,711,646,0.0914205,8.97222,-0.42257,-4783.25,0.869551,0.416409,-7.40442,-0.107578,-0.527817,-0.509114,-6549,13,1676.75,6460,3.8527,367,279,-6.34885,-8.79291,-7.57088,1.22203,-0.141481,-0.0629826,-0.102232,-0.0392491,-17.9851,3.36529,-18.3022,3.3599,-0.334821,0.140038,-0.326569,0.146837,-0.146149,-0.281449,-0.278897,0.610419,0.165635,0.920997,2525.99,1.56109,,,,,,,2,2,0.521569,0.0278613,0.0587539,0.061098
R2,↳ F3 · x1 déjà retourné hors nis_z_100 Q4,13,SL-A 3,SL-A,3,dynamique,0.253478,0,3,3,3,,,,,,,5,711,647,0.0900141,8.98611,-0.201748,-1547.18,0.955577,0.446677,-2.39131,0.0347319,-0.410922,-0.397963,-4757.55,13,1687.82,3235,1.91667,368,279,-1.32868,-3.79291,-2.5608,1.23212,0.0036478,0.0757317,0.0396898,-0.036042,-12.9431,8.36529,-13.277,8.356,-0.189252,0.28,-0.18141,0.2879,0.0403718,-0.210553,-0.208296,0.610492,0.165379,1.03322,2533.28,0.7796,1,6.07522,0.159789,0,,,2,2,0.534675,0.0280549,0.0719429,0.0568296
R2,↳ F3 · x1 déjà retourné hors nis_z_100 Q4,13,SL-A 3,SL-A,3,dynamique,0.253478,0,3,3,3,,,,,,,10,711,647,0.0900141,8.98611,-0.422508,-4782.18,0.86958,0.417311,-7.39131,-0.107368,-0.527766,-0.509061,-6547.93,13,1687.82,6470,3.83334,368,279,-6.32868,-8.79291,-7.5608,1.23212,-0.141019,-0.0629826,-0.102001,-0.0390184,-17.9431,3.36529,-18.277,3.356,-0.334148,0.13987,-0.325081,0.145803,-0.146088,-0.281398,-0.278846,0.610492,0.165379,0.921037,2533.28,1.5592,1,1.07522,0.0282801,0,,,2,2,0.534675,0.0280713,0.0588143,0.0611488
R2,↳ F3 · x1 déjà retourné hors nis_z_100 Q4,13,SL-A 4,SL-A,4,figé,0.150155,0,4,4,4,0.153979,-3.3736,3.86973,0.0336637,-0.049025,0.123091,5,711,646,0.0914205,8.97222,-0.226304,-1790.72,0.950004,0.456656,-2.77201,0.0403407,-0.417401,-0.39054,-4441.05,13,1439.28,3230,2.24417,367,279,-0.726401,-5.46282,-3.09461,2.36821,0.0251285,0.060351,0.0427398,-0.0176112,-13.769,8.36333,-14.4649,8.09537,-0.179714,0.282288,-0.177912,0.280115,0.0284377,-0.190021,-0.187144,0.610419,0.165635,1.0263,2429.47,0.811558,,,,,,,3,2,0.153979,0.0336637,0.0600088,0.0773615
R2,↳ F3 · x1 déjà retourné hors nis_z_100 Q4,13,SL-A 4,SL-A,4,figé,0.150155,0,4,4,4,0.153979,-3.3736,3.86973,0.0336637,-0.049025,0.123091,10,711,646,0.0914205,8.97222,-0.440003,-5020.72,0.866546,0.427245,-7.77201,-0.101776,-0.528237,-0.508767,-6450.56,13,1439.28,6460,4.48834,367,279,-5.7264,-10.4628,-8.09461,2.36821,-0.119575,-0.0783633,-0.0989689,-0.0206056,-18.769,3.36333,-19.4649,3.09537,-0.323368,0.140584,-0.319619,0.138669,-0.155607,-0.279166,-0.275941,0.610419,0.165635,0.918225,2429.47,1.62312,,,,,,,2,2,0.153979,0.0336637,0.0492957,0.0633817
R2,↳ F3 · x1 déjà retourné hors nis_z_100 Q4,13,SL-A 4,SL-A,4,dynamique,0.150155,0,4,4,4,,,,,,,5,711,646,0.0914205,8.97222,-0.226304,-1790.72,0.950004,0.456656,-2.77201,0.0403407,-0.417401,-0.39054,-4441.05,13,1439.28,3230,2.24417,367,279,-0.726401,-5.46282,-3.09461,2.36821,0.0251285,0.060351,0.0427398,-0.0176112,-13.769,8.36333,-14.4649,8.09537,-0.179714,0.282288,-0.177912,0.280115,0.0284377,-0.190021,-0.187144,0.610419,0.165635,1.0263,2429.47,0.811558,0,,,0,,,3,2,0.153979,0.0336637,0.0600088,0.0773615
R2,↳ F3 · x1 déjà retourné hors nis_z_100 Q4,13,SL-A 4,SL-A,4,dynamique,0.150155,0,4,4,4,,,,,,,10,711,646,0.0914205,8.97222,-0.440003,-5020.72,0.866546,0.427245,-7.77201,-0.101776,-0.528237,-0.508767,-6450.56,13,1439.28,6460,4.48834,367,279,-5.7264,-10.4628,-8.09461,2.36821,-0.119575,-0.0783633,-0.0989689,-0.0206056,-18.769,3.36333,-19.4649,3.09537,-0.323368,0.140584,-0.319619,0.138669,-0.155607,-0.279166,-0.275941,0.610419,0.165635,0.918225,2429.47,1.62312,0,,,0,,,2,2,0.153979,0.0336637,0.0492957,0.0633817
R2,↳ F3 · x1 déjà retourné hors nis_z_100 Q4,13,SL-A 5,SL-A,5,figé,0.0944272,0,5,5,5,-0.987506,-4.30077,2.29734,0.0187336,-0.0479939,0.0938504,5,711,646,0.0914205,8.97222,-0.285894,-2528.12,0.931226,0.4613,-3.91349,0.0254107,-0.474228,-0.458241,-5721.15,13,701.884,3230,4.6019,367,279,-1.01477,-7.72651,-4.37064,3.35587,0.0316751,0.0171703,0.0244227,0.00725238,-15.4678,7.20513,-16.151,7.0563,-0.205968,0.273105,-0.207717,0.268647,-0.00111148,-0.234173,-0.231453,0.610419,0.165635,1.00991,2148.18,0.917826,,,,,,,3,2,-0.987506,0.0187336,0.0304596,0.0332095
R2,↳ F3 · x1 déjà retourné hors nis_z_100 Q4,13,SL-A 5,SL-A,5,figé,0.0944272,0,5,5,5,-0.987506,-4.30077,2.29734,0.0187336,-0.0479939,0.0938504,10,711,646,0.0914205,8.97222,-0.483157,-5758.12,0.850633,0.430341,-8.91349,-0.116706,-0.572992,-0.558374,-7487.61,13,701.884,6460,9.20379,367,279,-6.01477,-12.7265,-9.37064,3.35587,-0.113028,-0.121544,-0.117286,0.00425801,-20.4678,2.20513,-21.151,2.0563,-0.343411,0.126366,-0.346885,0.127573,-0.179875,-0.314351,-0.311283,0.610419,0.165635,0.905023,2148.18,1.83565,,,,,,,2,2,-0.987506,0.0187336,0.0250279,0.0281964
R2,↳ F3 · x1 déjà retourné hors nis_z_100 Q4,13,SL-A 5,SL-A,5,dynamique,0.0944272,0,5,5,5,,,,,,,5,711,646,0.0914205,8.97222,-0.285894,-2528.12,0.931226,0.4613,-3.91349,0.0254107,-0.474228,-0.458241,-5721.15,13,701.884,3230,4.6019,367,279,-1.01477,-7.72651,-4.37064,3.35587,0.0316751,0.0171703,0.0244227,0.00725238,-15.4678,7.20513,-16.151,7.0563,-0.205968,0.273105,-0.207717,0.268647,-0.00111148,-0.234173,-0.231453,0.610419,0.165635,1.00991,2148.18,0.917826,0,,,0,,,3,2,-0.987506,0.0187336,0.0304596,0.0332095
R2,↳ F3 · x1 déjà retourné hors nis_z_100 Q4,13,SL-A 5,SL-A,5,dynamique,0.0944272,0,5,5,5,,,,,,,10,711,646,0.0914205,8.97222,-0.483157,-5758.12,0.850633,0.430341,-8.91349,-0.116706,-0.572992,-0.558374,-7487.61,13,701.884,6460,9.20379,367,279,-6.01477,-12.7265,-9.37064,3.35587,-0.113028,-0.121544,-0.117286,0.00425801,-20.4678,2.20513,-21.151,2.0563,-0.343411,0.126366,-0.346885,0.127573,-0.179875,-0.314351,-0.311283,0.610419,0.165635,0.905023,2148.18,1.83565,0,,,0,,,2,2,-0.987506,0.0187336,0.0250279,0.0281964
R2,↳ F3 · x1 déjà retourné hors nis_z_100 Q4,13,SL-B 0,SL-B,0,figé,0.360681,0,1.57197,2.08839,2.62839,4.6813,-0.0974221,9.69887,0.096797,-0.0229593,0.223411,5,711,646,0.0914205,8.97222,0.0562873,1133.93,1.03714,0.416409,1.75531,0.103474,-0.341793,-0.337328,-3979.19,13,4363.93,3230,0.740158,367,279,2.01758,1.41031,1.71395,0.303635,0.0846349,0.128255,0.106445,-0.0218102,-8.04753,11.784,-8.03909,11.9627,-0.114333,0.341299,-0.109873,0.340185,0.159291,-0.151557,-0.14864,0.610419,0.165635,1.10936,3589.69,0.549254,,,,,,,4,4,4.6813,0.096797,0.190862,0.115826
R2,↳ F3 · x1 déjà retourné hors nis_z_100 Q4,13,SL-B 0,SL-B,0,figé,0.360681,0,1.57197,2.08839,2.62839,4.6813,-0.0974221,9.69887,0.096797,-0.0229593,0.223411,10,711,646,0.0914205,8.97222,-0.235339,-2096.07,0.935425,0.388545,-3.24469,-0.0386425,-0.393554,-0.388715,-4773.4,13,4363.93,6460,1.48032,367,279,-2.98242,-3.58969,-3.28605,0.303635,-0.0600681,-0.0104589,-0.0352635,-0.0248046,-13.0475,6.78398,-13.0391,6.96271,-0.257031,0.200267,-0.251621,0.198873,-0.0481416,-0.208606,-0.206338,0.610419,0.165635,0.977887,3589.69,1.09851,,,,,,,3,2,4.6813,0.096797,0.156761,0.133941
R2,↳ F3 · x1 déjà retourné hors nis_z_100 Q4,13,SL-B 0,SL-B,0,dynamique,0.360983,0,1.57228,2.09,2.63025,,,,,,,5,711,651,0.0843882,9.04167,0.036115,942.665,1.03062,0.416283,1.44803,0.0956771,-0.351198,-0.346796,-4121.99,13,4197.66,3255,0.775431,371,280,1.60668,1.2378,1.42224,0.18444,0.0725316,0.126345,0.0994382,-0.0269066,-8.23766,11.5805,-8.38902,11.6149,-0.120131,0.330855,-0.112998,0.3292,0.146521,-0.157108,-0.15421,0.609952,0.165899,1.10097,3493.1,0.568375,5,-38.2533,-0.911697,0,,,4,4,4.37401,0.089,0.178092,0.110275
R2,↳ F3 · x1 déjà retourné hors nis_z_100 Q4,13,SL-B 0,SL-B,0,dynamique,0.360983,0,1.57228,2.09,2.63025,,,,,,,10,711,651,0.0843882,9.04167,-0.251822,-2312.34,0.929347,0.388633,-3.55197,-0.0462117,-0.40592,-0.40118,-4926.19,13,4197.66,6510,1.55086,371,280,-3.39332,-3.7622,-3.57776,0.18444,-0.0720099,-0.012029,-0.0420194,-0.0299904,-13.2377,6.58048,-13.389,6.61493,-0.267839,0.189072,-0.257736,0.191859,-0.0599237,-0.215111,-0.212861,0.609952,0.165899,0.970398,3493.1,1.13675,5,-43.2533,-1.02415,0,,,3,2,4.37401,0.0892279,0.144979,0.127436
R2,↳ F3 · x1 déjà retourné hors nis_z_100 Q4,13,SL-B 0.25,SL-B,0.25,figé,0.331269,0,1.82197,2.33839,2.87839,3.48399,-1.27464,8.22927,0.0654395,-0.0585167,0.190296,5,711,646,0.0914205,8.97222,-0.0257995,360.469,1.01132,0.424149,0.558001,0.0721165,-0.341069,-0.336599,-3971.41,13,3590.47,3230,0.899604,367,279,1.27194,-0.381124,0.445409,0.826532,0.0552524,0.0942997,0.0747761,-0.0195236,-9.37811,10.9833,-9.4149,10.9564,-0.149589,0.314651,-0.142255,0.317497,0.106981,-0.162013,-0.15893,0.610419,0.165635,1.07505,3133.72,0.629173,,,,,,,3,2,3.48399,0.0654395,0.138552,0.105369
R2,↳ F3 · x1 déjà retourné hors nis_z_100 Q4,13,SL-B 0.25,SL-B,0.25,figé,0.331269,0,1.82197,2.33839,2.87839,3.48399,-1.27464,8.22927,0.0654395,-0.0585167,0.190296,10,711,646,0.0914205,8.97222,-0.294792,-2869.53,0.914966,0.396285,-4.442,-0.0700001,-0.42552,-0.420936,-5180.53,13,3590.47,6460,1.79921,367,279,-3.72806,-5.38112,-4.55459,0.826532,-0.0894506,-0.0444146,-0.0669326,-0.022518,-14.3781,5.98332,-14.4149,5.95644,-0.293713,0.173798,-0.286632,0.179434,-0.0911106,-0.229592,-0.226855,0.610419,0.165635,0.951431,3133.72,1.25835,,,,,,,2,2,3.48399,0.0654395,0.113792,0.112955
R2,↳ F3 · x1 déjà retourné hors nis_z_100 Q4,13,SL-B 0.25,SL-B,0.25,dynamique,0.331279,0,1.82216,2.33885,2.87942,,,,,,,5,711,649,0.0872011,9.01389,-0.0359381,256.168,1.00802,0.423729,0.394711,0.0672432,-0.340669,-0.336196,-3965.34,13,3501.17,3245,0.926834,369,280,1.10947,-0.547236,0.281116,0.828352,0.0480702,0.0925104,0.0702903,-0.0222201,-9.47309,10.7711,-9.53287,10.7359,-0.153103,0.305759,-0.146782,0.307925,0.0992736,-0.162531,-0.159449,0.610485,0.16641,1.07021,3073.44,0.644563,3,-34.7671,-0.98215,0,,,3,2,3.3207,0.0605661,0.130845,0.104852
R2,↳ F3 · x1 déjà retourné hors nis_z_100 Q4,13,SL-B 0.25,SL-B,0.25,dynamique,0.331279,0,1.82216,2.33885,2.87942,,,,,,,10,711,649,0.0872011,9.01389,-0.303181,-2988.83,0.911745,0.395994,-4.60529,-0.0748135,-0.428509,-0.424256,-5231.35,13,3501.17,6490,1.85367,369,280,-3.89053,-5.54724,-4.71888,0.828352,-0.0967811,-0.0458634,-0.0713223,-0.0254589,-14.4731,5.77114,-14.5329,5.73592,-0.297662,0.164284,-0.290331,0.165923,-0.098287,-0.230404,-0.227671,0.610485,0.16641,0.946944,3073.44,1.28913,3,-39.7671,-1.11131,0,,,2,2,3.3207,0.060626,0.106616,0.112143
R2,↳ F3 · x1 déjà retourné hors nis_z_100 Q4,13,SL-B 0.5,SL-B,0.5,figé,0.301858,0.00154799,2.07197,2.58839,3.12839,1.40356,-3.4203,6.27911,0.0335868,-0.0885992,0.157361,5,711,646,0.0914205,8.97222,-0.151562,-983.484,0.970493,0.430341,-1.52242,0.0402638,-0.372011,-0.367434,-4395.9,13,2246.52,3230,1.43778,367,279,-1.0432,-2.1528,-1.598,0.554799,0.0147621,0.0738092,0.0442856,-0.0295235,-11.622,9.24595,-11.9339,9.00702,-0.181444,0.279923,-0.17346,0.281195,0.0562639,-0.180393,-0.177656,0.610419,0.165635,1.04345,2670.07,0.738427,,,,,,,3,2,1.40356,0.0335868,0.087835,0.0869898
R2,↳ F3 · x1 déjà retourné hors nis_z_100 Q4,13,SL-B 0.5,SL-B,0.5,figé,0.301858,0.00154799,2.07197,2.58839,3.12839,1.40356,-3.4203,6.27911,0.0335868,-0.0885992,0.157361,10,711,646,0.0914205,8.97222,-0.385874,-4213.48,0.880351,0.402477,-6.52242,-0.101853,-0.481804,-0.46531,-5958.31,13,2246.52,6460,2.87556,367,279,-6.0432,-7.1528,-6.598,0.554799,-0.129941,-0.0649052,-0.0974231,-0.0325179,-16.622,4.24595,-16.9339,4.00702,-0.326439,0.14062,-0.318688,0.144158,-0.13276,-0.257705,-0.255068,0.610419,0.165635,0.926159,2670.07,1.47685,,,,,,,2,2,1.40356,0.0335868,0.0721424,0.0848419
R2,↳ F3 · x1 déjà retourné hors nis_z_100 Q4,13,SL-B 0.5,SL-B,0.5,dynamique,0.302003,0.00154083,2.07216,2.58885,3.12942,,,,,,,5,711,649,0.0872011,9.01389,-0.160889,-1093.66,0.967301,0.429892,-1.68515,0.0351525,-0.374576,-0.370017,-4389.82,13,2151.34,3245,1.50836,369,280,-1.20906,-2.31258,-1.76082,0.551762,0.00712179,0.072093,0.0396074,-0.0324856,-11.7026,8.98142,-12.0066,8.88657,-0.184072,0.271529,-0.176148,0.273819,0.0482894,-0.180899,-0.178164,0.610485,0.16641,1.03856,2603.91,0.760789,3,-36.7268,-1.06548,0,,,3,2,1.24083,0.0284755,0.0798605,0.0864835
R2,↳ F3 · x1 déjà retourné hors nis_z_100 Q4,13,SL-B 0.5,SL-B,0.5,dynamique,0.302003,0.00154083,2.07216,2.58885,3.12942,,,,,,,10,711,649,0.0872011,9.01389,-0.393538,-4338.66,0.877237,0.402157,-6.68515,-0.106904,-0.484437,-0.468028,-6009.13,13,2151.34,6490,3.01673,369,280,-6.20906,-7.31258,-6.76082,0.551762,-0.13773,-0.0662808,-0.102005,-0.0357244,-16.7026,3.98142,-17.0066,3.88657,-0.329469,0.13093,-0.32095,0.137326,-0.140117,-0.258488,-0.255854,0.610485,0.16641,0.921623,2603.91,1.52158,3,-41.7268,-1.19465,0,,,2,2,1.24083,0.0285353,0.0647856,0.0840591
R2,↳ F3 · x1 déjà retourné hors nis_z_100 Q4,13,SL-B 1,SL-B,1,figé,0.252322,0,2.57197,3.08839,3.62839,-1.12518,-5.74579,3.55377,0.00729655,-0.0958993,0.116032,5,711,646,0.0914205,8.97222,-0.284335,-2617.06,0.926488,0.441176,-4.05117,0.0139736,-0.431976,-0.417905,-5072.99,13,612.944,3230,5.26965,367,279,-2.41518,-6.20316,-4.30917,1.89399,-0.0034419,0.0368822,0.0167201,-0.020162,-14.8406,6.429,-15.6889,6.43761,-0.201959,0.258895,-0.200017,0.259566,-0.00420425,-0.211081,-0.208178,0.610419,0.165635,1.00713,2093.6,0.941755,,,,,,,2,2,-1.12518,0.00729655,0.0273668,0.0563018
R2,↳ F3 · x1 déjà retourné hors nis_z_100 Q4,13,SL-B 1,SL-B,1,figé,0.252322,0,2.57197,3.08839,3.62839,-1.12518,-5.74579,3.55377,0.00729655,-0.0958993,0.116032,10,711,646,0.0914205,8.97222,-0.482025,-5847.06,0.843873,0.413313,-9.05117,-0.128143,-0.543308,-0.525938,-6877.12,13,612.944,6460,10.5393,367,279,-7.41518,-11.2032,-9.30917,1.89399,-0.148145,-0.101832,-0.124989,-0.0231564,-19.8406,1.429,-20.6889,1.43761,-0.350951,0.122664,-0.348584,0.117519,-0.182415,-0.284574,-0.282033,0.610419,0.165635,0.898583,2093.6,1.88351,,,,,,,2,2,-1.12518,0.00729655,0.0224876,0.0579732
R2,↳ F3 · x1 déjà retourné hors nis_z_100 Q4,13,SL-B 1,SL-B,1,dynamique,0.251932,0,2.57203,3.08793,3.62822,,,,,,,5,711,647,0.0900141,8.98611,-0.283901,-2610.98,0.926659,0.44204,-4.03552,0.014199,-0.431631,-0.417551,-5066.92,13,624.019,3235,5.18413,368,279,-2.39211,-6.20316,-4.29764,1.90553,-0.00299834,0.0368822,0.0169419,-0.0199403,-14.7753,6.42844,-15.6329,6.43761,-0.201372,0.258895,-0.199509,0.258635,-0.00380646,-0.210766,-0.207862,0.610492,0.165379,1.00736,2100.88,0.940055,1,6.07522,0.159789,0,,,2,2,-1.10953,0.00752192,0.0277646,0.0566169
R2,↳ F3 · x1 déjà retourné hors nis_z_100 Q4,13,SL-B 1,SL-B,1,dynamique,0.251932,0,2.57203,3.08793,3.62822,,,,,,,10,711,647,0.0900141,8.98611,-0.481969,-5845.98,0.843901,0.414219,-9.03552,-0.127901,-0.543259,-0.525887,-6876.05,13,624.019,6470,10.3683,368,279,-7.39211,-11.2032,-9.29764,1.90553,-0.147666,-0.101832,-0.124749,-0.0229167,-19.7753,1.42844,-20.6329,1.43761,-0.350374,0.122664,-0.347366,0.117519,-0.182357,-0.284523,-0.281982,0.610492,0.165379,0.898622,2100.88,1.88011,1,1.07522,0.0282801,0,,,2,2,-1.10953,0.00753832,0.0225454,0.0580237
R2,↳ F3 · x1 déjà retourné hors nis_z_100 Q4,26,sans,sans,,figé,0,0,,,,0,0,0,0,0,0,5,711,601,0.154712,8.34722,0.481696,5597.94,1.1264,0.47421,9.31437,0.143554,-0.480189,-0.47286,-5996.51,26,8602.94,3005,0.349299,344,257,10.7266,7.42412,9.07534,1.65122,0.268362,-0.0235041,0.122429,0.145933,-12.3676,28.2313,-13.3616,29.1318,-0.293426,0.548447,-0.319039,0.529649,0.164089,-0.336959,-0.326742,0.608423,0.169717,1.08287,3742.18,0.488568,,,,,,,4,3,0,0,0,0
R2,↳ F3 · x1 déjà retourné hors nis_z_100 Q4,26,sans,sans,,figé,0,0,,,,0,0,0,0,0,0,10,711,601,0.154712,8.34722,0.0971606,2592.94,1.05649,0.454243,4.31437,0.00278865,-0.543273,-0.539927,-7021.23,26,8602.94,6010,0.698599,344,257,5.72656,2.42412,4.07534,1.65122,0.126818,-0.163227,-0.0182046,0.145022,-17.3676,23.2313,-18.3616,24.1318,-0.436852,0.414782,-0.460932,0.389252,-0.0304442,-0.393277,-0.391125,0.608423,0.169717,1.00355,3742.18,0.977136,,,,,,,4,3,0,0,0,0
R2,↳ F3 · x1 déjà retourné hors nis_z_100 Q4,26,sans,sans,,dynamique,0,0,,,,,,,,,,5,711,601,0.154712,8.34722,0.481696,5597.94,1.1264,0.47421,9.31437,0.143554,-0.480189,-0.47286,-5996.51,26,8602.94,3005,0.349299,344,257,10.7266,7.42412,9.07534,1.65122,0.268362,-0.0235041,0.122429,0.145933,-12.3676,28.2313,-13.3616,29.1318,-0.293426,0.548447,-0.319039,0.529649,0.164089,-0.336959,-0.326742,0.608423,0.169717,1.08287,3742.18,0.488568,0,,,0,,,4,3,0,0,0,0
R2,↳ F3 · x1 déjà retourné hors nis_z_100 Q4,26,sans,sans,,dynamique,0,0,,,,,,,,,,10,711,601,0.154712,8.34722,0.0971606,2592.94,1.05649,0.454243,4.31437,0.00278865,-0.543273,-0.539927,-7021.23,26,8602.94,6010,0.698599,344,257,5.72656,2.42412,4.07534,1.65122,0.126818,-0.163227,-0.0182046,0.145022,-17.3676,23.2313,-18.3616,24.1318,-0.436852,0.414782,-0.460932,0.389252,-0.0304442,-0.393277,-0.391125,0.608423,0.169717,1.00355,3742.18,0.977136,0,,,0,,,4,3,0,0,0,0
R2,↳ F3 · x1 déjà retourné hors nis_z_100 Q4,26,SL-A 1,SL-A,1,figé,0.760399,0,1,1,1,-3.33057,-19.712,13.6126,-0.0469649,-0.363691,0.307325,5,711,601,0.154712,8.34722,0.340637,3596.26,1.14221,0.21797,5.9838,0.0965893,-0.17108,-0.164581,-1758.2,7,6601.26,3005,0.455216,344,257,-3.4792,18.6502,7.58552,-11.0647,-0.0431333,0.283611,0.120239,-0.163372,-4.41596,16.919,-3.10909,19.0704,-0.126701,0.3371,-0.108136,0.362778,0.147824,-0.107744,-0.106491,0.608423,0.169717,1.12141,3339.52,0.547477,,,,,,,4,4,-3.33057,-0.0469649,-0.0162649,0.229215
R2,↳ F3 · x1 déjà retourné hors nis_z_100 Q4,26,SL-A 1,SL-A,1,figé,0.760399,0,1,1,1,-3.33057,-19.712,13.6126,-0.0469649,-0.363691,0.307325,10,711,601,0.154712,8.34722,-0.00728908,591.264,1.02138,0.211314,0.983801,-0.0441763,-0.304802,-0.300533,-3305.25,7,6601.26,6010,0.910432,344,257,-8.4792,13.6502,2.58552,-11.0647,-0.184678,0.143888,-0.0203949,-0.164283,-9.41596,11.919,-8.10909,14.0704,-0.274962,0.202531,-0.257462,0.23083,-0.0439699,-0.188472,-0.186146,0.608423,0.169717,0.977187,3339.52,1.09495,,,,,,,3,2,-3.33057,-0.0469649,-0.0135257,0.204804
R2,↳ F3 · x1 déjà retourné hors nis_z_100 Q4,26,SL-A 1,SL-A,1,dynamique,0.759587,0,1,1,1,,,,,,,5,711,678,0.0464135,9.41667,0.385356,4056.96,1.14281,0.218289,5.98372,0.0690053,-0.193031,-0.181289,-1913.94,7,7446.96,3390,0.455219,383,295,0.607213,12.9641,6.78564,-6.17842,0.00435111,0.152946,0.0786487,-0.0742976,-3.67743,15.9911,-2.80828,17.0117,-0.140222,0.286621,-0.133594,0.298216,0.126936,-0.120154,-0.118918,0.611327,0.172566,1.09576,3411.19,0.607529,81,3.98063,-0.200338,4,-34.5663,-1.24071,3,3,-3.33065,-0.0745489,-0.0371526,0.216805
R2,↳ F3 · x1 déjà retourné hors nis_z_100 Q4,26,SL-A 1,SL-A,1,dynamique,0.759587,0,1,1,1,,,,,,,10,711,678,0.0464135,9.41667,-0.0129189,666.961,1.02147,0.212389,0.983718,-0.0750715,-0.357777,-0.353833,-4068.76,7,7446.96,6780,0.910439,383,295,-4.39279,7.96406,1.78564,-6.17842,-0.141549,0.0112371,-0.0651562,-0.0763933,-8.67743,10.9911,-7.80828,12.0117,-0.293487,0.15242,-0.290963,0.161259,-0.0840179,-0.23347,-0.231273,0.611327,0.172566,0.953053,3411.19,1.21506,81,-1.01937,-0.373754,4,-39.5663,-1.48139,3,2,-3.33065,-0.0778602,-0.0535737,0.159807
R2,↳ F3 · x1 déjà retourné hors nis_z_100 Q4,26,SL-A 1.5,SL-A,1.5,figé,0.620632,0.00332779,1.5,1.5,1.5,2.06643,-10.8284,15.6608,0.0727444,-0.199252,0.383964,5,711,601,0.154712,8.34722,0.821062,6839.86,1.22584,0.314476,11.3808,0.216299,-0.246534,-0.243013,-2741.01,14,9844.86,3005,0.305235,344,257,3.69214,21.6722,12.6822,-8.99005,0.134317,0.326033,0.230175,-0.095858,-1.85161,24.608,-0.949879,26.1031,-0.0593206,0.524843,-0.0446665,0.529663,0.373748,-0.109018,-0.107767,0.608423,0.169717,1.22433,5180.07,0.352951,,,,,,,5,5,2.06643,0.0727444,0.20966,0.227941
R2,↳ F3 · x1 déjà retourné hors nis_z_100 Q4,26,SL-A 1.5,SL-A,1.5,figé,0.620632,0.00332779,1.5,1.5,1.5,2.06643,-10.8284,15.6608,0.0727444,-0.199252,0.383964,10,711,601,0.154712,8.34722,0.348649,3834.86,1.11851,0.306156,6.3808,0.075533,-0.277197,-0.273819,-3006.01,14,9844.86,6010,0.610471,344,257,-1.30786,16.6722,7.68219,-8.99005,-0.00722795,0.18631,0.0895412,-0.0967691,-6.85161,19.608,-5.94988,21.1031,-0.209144,0.388422,-0.194753,0.393929,0.144271,-0.161127,-0.159949,0.608423,0.169717,1.09391,5180.07,0.705901,,,,,,,5,4,2.06643,0.0727444,0.174715,0.23215
R2,↳ F3 · x1 déjà retourné hors nis_z_100 Q4,26,SL-A 1.5,SL-A,1.5,dynamique,0.621166,0.00306748,1.5,1.5,1.5,,,,,,,5,711,652,0.0829817,9.05556,0.652117,5895.99,1.18047,0.306748,9.04293,0.148662,-0.251719,-0.248222,-2808.94,14,9155.99,3260,0.356051,370,282,1.87368,18.4494,10.1615,-8.28785,0.0928048,0.221949,0.157377,-0.0645719,-3.17168,21.1794,-2.22378,22.601,-0.117764,0.440213,-0.10159,0.435593,0.286735,-0.122933,-0.121087,0.611925,0.171779,1.16651,4697.34,0.424682,56,-21.0403,-0.700623,5,-46.8773,-1.23335,5,5,-0.271443,0.00510726,0.122646,0.214026
R2,↳ F3 · x1 déjà retourné hors nis_z_100 Q4,26,SL-A 1.5,SL-A,1.5,dynamique,0.621166,0.00306748,1.5,1.5,1.5,,,,,,,10,711,652,0.0829817,9.05556,0.192658,2635.99,1.07543,0.297546,4.04293,0.0053109,-0.345755,-0.341334,-3843.1,14,9155.99,6520,0.712102,370,282,-3.12632,13.4494,5.16153,-8.28785,-0.0521538,0.0807078,0.014277,-0.0664308,-8.17168,16.1794,-7.22378,17.601,-0.268439,0.29887,-0.254722,0.297974,0.0540558,-0.216078,-0.214977,0.611925,0.171779,1.04009,4697.34,0.849364,56,-26.0403,-0.878354,5,-51.8773,-1.45104,5,3,-0.271443,0.00252225,0.0845,0.177198
R2,↳ F3 · x1 déjà retourné hors nis_z_100 Q4,26,SL-A 2,SL-A,2,figé,0.517471,0,2,2,2,2.4529,-9.57162,15.0657,0.0898193,-0.180756,0.37773,5,711,601,0.154712,8.34722,0.837694,7072.13,1.20575,0.36772,11.7673,0.233374,-0.258235,-0.25018,-2825.19,24,10077.1,3005,0.2982,344,257,5.16746,20.6012,12.8844,-7.71689,0.200479,0.277404,0.238941,-0.0384629,-3.23063,26.6594,-2.61275,28.522,-0.0784457,0.554436,-0.0719183,0.556586,0.405529,-0.119316,-0.116406,0.608423,0.169717,1.21408,5440.59,0.33605,,,,,,,5,6,2.4529,0.0898193,0.241441,0.217643
R2,↳ F3 · x1 déjà retourné hors nis_z_100 Q4,26,SL-A 2,SL-A,2,figé,0.517471,0,2,2,2,2.4529,-9.57162,15.0657,0.0898193,-0.180756,0.37773,10,711,601,0.154712,8.34722,0.360963,4067.13,1.11206,0.356073,6.76727,0.092608,-0.289302,-0.284521,-3081.44,24,10077.1,6010,0.5964,344,257,0.167463,15.6012,7.88435,-7.71689,0.0589337,0.137682,0.0983077,-0.039374,-8.23063,21.6594,-7.61275,23.522,-0.228817,0.417302,-0.221549,0.42125,0.170753,-0.161451,-0.160273,0.608423,0.169717,1.09878,5440.59,0.672099,,,,,,,5,4,2.4529,0.0898193,0.201197,0.231826
R2,↳ F3 · x1 déjà retourné hors nis_z_100 Q4,26,SL-A 2,SL-A,2,dynamique,0.518341,0,2,2,2,,,,,,,5,711,627,0.118143,8.70833,0.668366,6130,1.16942,0.360447,9.77671,0.1863,-0.261088,-0.253064,-2862.49,24,9265,3135,0.33837,358,269,2.31195,19.7112,11.0116,-8.69964,0.146067,0.239844,0.192955,-0.0468885,-4.66598,23.9735,-3.51222,25.7453,-0.115698,0.496327,-0.106196,0.500172,0.333269,-0.135681,-0.133497,0.606551,0.167464,1.17427,4989.49,0.381109,31,-37.2585,-0.957934,5,-42.5767,-1.24969,5,6,0.462344,0.0427456,0.16918,0.201278
R2,↳ F3 · x1 déjà retourné hors nis_z_100 Q4,26,SL-A 2,SL-A,2,dynamique,0.518341,0,2,2,2,,,,,,,10,711,627,0.118143,8.70833,0.219539,2995,1.07839,0.349282,4.77671,0.0462608,-0.329492,-0.324579,-3535.84,24,9265,6270,0.676741,358,269,-2.68805,14.7112,6.01159,-8.69964,0.00639699,0.0993137,0.0528554,-0.0464584,-9.66598,18.9735,-8.51222,20.7453,-0.266126,0.363401,-0.258106,0.366281,0.102438,-0.179605,-0.178453,0.606551,0.167464,1.06255,4989.49,0.762218,31,-42.2585,-1.09665,5,-47.5767,-1.46883,4,4,0.462344,0.0434721,0.132882,0.213671
R2,↳ F3 · x1 déjà retourné hors nis_z_100 Q4,26,SL-A 2.5,SL-A,2.5,figé,0.450915,0,2.5,2.5,2.5,-1.69818,-13.8224,10.7106,0.00403668,-0.251424,0.283315,5,711,601,0.154712,8.34722,0.416476,4577.33,1.11934,0.392679,7.61619,0.147591,-0.285186,-0.279537,-3183.48,26,7582.33,3005,0.396316,344,257,2.42434,14.5656,8.49497,-6.07062,0.119574,0.185092,0.152333,-0.0327591,-6.91974,22.2052,-6.504,23.7988,-0.171703,0.475604,-0.166389,0.472283,0.245144,-0.13229,-0.131072,0.608423,0.169717,1.12914,4246.62,0.430533,,,,,,,4,4,-1.69818,0.00403668,0.0810554,0.204669
R2,↳ F3 · x1 déjà retourné hors nis_z_100 Q4,26,SL-A 2.5,SL-A,2.5,figé,0.450915,0,2.5,2.5,2.5,-1.69818,-13.8224,10.7106,0.00403668,-0.251424,0.283315,10,711,601,0.154712,8.34722,0.0488742,1572.33,1.03911,0.377704,2.61619,0.00682533,-0.389906,-0.386134,-4416.9,26,7582.33,6010,0.792632,344,257,-2.57566,9.56559,3.49497,-6.07062,-0.0219709,0.0453696,0.0116994,-0.0336702,-11.9197,17.2052,-11.504,18.7988,-0.320349,0.333074,-0.311611,0.341144,0.0371256,-0.203816,-0.201572,0.608423,0.169717,1.0297,4246.62,0.861065,,,,,,,4,3,-1.69818,0.00403668,0.0675698,0.189461
R2,↳ F3 · x1 déjà retourné hors nis_z_100 Q4,26,SL-A 2.5,SL-A,2.5,dynamique,0.451299,0,2.5,2.5,2.5,,,,,,,5,711,616,0.133615,8.55556,0.330828,3973.8,1.10032,0.387987,6.45097,0.118364,-0.291421,-0.286584,-3249.35,26,7053.8,3080,0.436644,349,267,0.761743,13.8875,7.3246,-6.56285,0.101333,0.140626,0.12098,-0.0196463,-7.41044,20.6473,-6.89954,21.7698,-0.189559,0.432957,-0.187858,0.431717,0.202918,-0.136548,-0.135335,0.605164,0.167208,1.10773,3939.54,0.473127,20,-34.2766,-0.903325,5,-16.4001,-0.455369,4,4,-2.8634,-0.0251898,0.0388293,0.200411
R2,↳ F3 · x1 déjà retourné hors nis_z_100 Q4,26,SL-A 2.5,SL-A,2.5,dynamique,0.451299,0,2.5,2.5,2.5,,,,,,,10,711,616,0.133615,8.55556,-0.0219432,893.798,1.02153,0.373377,1.45097,-0.0209492,-0.400248,-0.395784,-4553.99,26,7053.8,6160,0.873288,349,267,-4.23826,8.88745,2.3246,-6.56285,-0.0365263,-0.000588122,-0.0185572,-0.0179691,-12.4104,15.6473,-11.8995,16.7698,-0.331776,0.299357,-0.331428,0.298006,-0.00161847,-0.217727,-0.214847,0.605164,0.167208,1.01036,3939.54,0.946253,20,-39.2766,-1.03765,5,-21.4001,-0.74927,4,3,-2.8634,-0.0237378,0.0288257,0.17555
R2,↳ F3 · x1 déjà retourné hors nis_z_100 Q4,26,SL-A 3,SL-A,3,figé,0.396007,0,3,3,3,-6.35909,-18.525,6.07939,-0.0583168,-0.301937,0.208761,5,711,601,0.154712,8.34722,0.0593485,1776.12,1.04227,0.409318,2.95528,0.0852375,-0.41156,-0.407922,-4722.69,26,4781.12,3005,0.628514,344,257,-1.78336,9.29805,3.75734,-5.54071,0.0625345,0.115626,0.0890802,-0.0265457,-12.3242,18.4533,-11.6717,19.6981,-0.23092,0.421984,-0.232854,0.42458,0.122708,-0.189931,-0.187888,0.608423,0.169717,1.06891,3229.72,0.566088,,,,,,,4,4,-6.35909,-0.0583168,-0.0413809,0.147027
R2,↳ F3 · x1 déjà retourné hors nis_z_100 Q4,26,SL-A 3,SL-A,3,figé,0.396007,0,3,3,3,-6.35909,-18.525,6.07939,-0.0583168,-0.301937,0.208761,10,711,601,0.154712,8.34722,-0.21569,-1228.88,0.971954,0.392679,-2.04472,-0.0555281,-0.505423,-0.501429,-6437.69,26,4781.12,6010,1.25703,344,257,-6.78336,4.29805,-1.24266,-5.54071,-0.0790104,-0.0240967,-0.0515535,-0.0274568,-17.3242,13.4533,-16.6717,14.6981,-0.379285,0.285928,-0.376782,0.285835,-0.064878,-0.26772,-0.265656,0.608423,0.169717,0.980089,3229.72,1.13218,,,,,,,3,3,-6.35909,-0.0583168,-0.0344338,0.125557
R2,↳ F3 · x1 déjà retourné hors nis_z_100 Q4,26,SL-A 3,SL-A,3,dynamique,0.397059,0,3,3,3,,,,,,,5,711,612,0.139241,8.5,0.00177582,1238.18,1.02869,0.405229,2.02318,0.0636466,-0.41261,-0.408978,-4724.75,26,4298.18,3060,0.711929,348,264,-3.31776,9.0635,2.87287,-6.19063,0.0462592,0.0865663,0.0664127,-0.0201535,-12.1995,16.8128,-11.8721,17.8563,-0.249154,0.389283,-0.24607,0.397769,0.0897805,-0.199383,-0.197364,0.605897,0.166667,1.05314,2960.28,0.626309,15,-42.3093,-0.958058,4,-24.1753,-0.523712,4,3,-7.29119,-0.0799077,-0.0743083,0.137576
R2,↳ F3 · x1 déjà retourné hors nis_z_100 Q4,26,SL-A 3,SL-A,3,dynamique,0.397059,0,3,3,3,,,,,,,10,711,612,0.139241,8.5,-0.262406,-1821.82,0.959519,0.388889,-2.97682,-0.0760923,-0.508277,-0.504307,-6479.75,26,4298.18,6120,1.42386,348,264,-8.31776,4.0635,-2.12713,-6.19063,-0.0934525,-0.0532084,-0.0733304,-0.020122,-17.1995,11.8128,-16.8721,12.8563,-0.393584,0.254007,-0.389454,0.258558,-0.0946462,-0.277764,-0.275728,0.605897,0.166667,0.965921,2960.28,1.25262,15,-47.3093,-1.07352,4,-29.1753,-0.72669,3,2,-7.29119,-0.0788809,-0.064202,0.115513
R2,↳ F3 · x1 déjà retourné hors nis_z_100 Q4,26,SL-A 4,SL-A,4,figé,0.261231,0,4,4,4,-0.554013,-9.69898,9.00639,0.0316437,-0.163804,0.249367,5,711,601,0.154712,8.34722,0.484311,5264.97,1.12674,0.442596,8.76036,0.175198,-0.328491,-0.323068,-3685.57,26,8269.97,3005,0.363363,344,257,7.28223,10.7389,9.01055,-1.72832,0.229734,0.1022,0.165967,0.063767,-7.33862,24.9473,-7.33425,25.6045,-0.161015,0.516423,-0.176354,0.507597,0.258827,-0.159464,-0.15606,0.608423,0.169717,1.1242,4410.63,0.414524,,,,,,,5,5,-0.554013,0.0316437,0.0947384,0.177495
R2,↳ F3 · x1 déjà retourné hors nis_z_100 Q4,26,SL-A 4,SL-A,4,figé,0.261231,0,4,4,4,-0.554013,-9.69898,9.00639,0.0316437,-0.163804,0.249367,10,711,601,0.154712,8.34722,0.0991179,2259.97,1.05225,0.422629,3.76036,0.0344324,-0.435602,-0.431044,-5063.01,26,8269.97,6010,0.726725,344,257,2.28223,5.73886,4.01055,-1.72832,0.0881893,-0.0375225,0.0253334,0.0628559,-12.3386,19.9473,-12.3343,20.6045,-0.308435,0.37651,-0.318069,0.366709,0.0485242,-0.239568,-0.236871,0.608423,0.169717,1.03452,4410.63,0.829048,,,,,,,4,3,-0.554013,0.0316437,0.0789684,0.153709
R2,↳ F3 · x1 déjà retourné hors nis_z_100 Q4,26,SL-A 4,SL-A,4,dynamique,0.260797,0,4,4,4,,,,,,,5,711,602,0.153305,8.36111,0.460904,5107.28,1.12248,0.44186,8.48385,0.173421,-0.33908,-0.333743,-3685.57,26,8117.28,3010,0.370814,345,257,6.80404,10.7389,8.77145,-1.96741,0.226475,0.1022,0.164337,0.0621372,-7.88038,24.875,-7.77467,25.4138,-0.164223,0.516341,-0.177951,0.50559,0.256011,-0.161344,-0.157948,0.607648,0.169435,1.12299,4388.96,0.416731,1,-157.694,-0.894816,0,,,5,5,-0.830515,0.0298663,0.0919223,0.175614
R2,↳ F3 · x1 déjà retourné hors nis_z_100 Q4,26,SL-A 4,SL-A,4,dynamique,0.260797,0,4,4,4,,,,,,,10,711,602,0.153305,8.36111,0.0812359,2097.28,1.04831,0.421927,3.48385,0.0328416,-0.444784,-0.4403,-5225.7,26,8117.28,6020,0.741628,345,257,1.80404,5.73886,3.77145,-1.96741,0.0852578,-0.0375225,0.0238677,0.0613901,-12.8804,19.875,-12.7747,20.4138,-0.31042,0.376456,-0.318754,0.364429,0.0461042,-0.241323,-0.238632,0.607648,0.169435,1.03343,4388.96,0.833463,1,-162.694,-0.923188,0,,,4,3,-0.830515,0.030053,0.0765484,0.151954
R2,↳ F3 · x1 déjà retourné hors nis_z_100 Q4,26,SL-A 5,SL-A,5,figé,0.18802,0,5,5,5,0.43115,-7.3347,8.62059,0.0586076,-0.103862,0.250453,5,711,601,0.154712,8.34722,0.557322,5857.06,1.13838,0.460899,9.74552,0.202162,-0.383153,-0.378633,-4182.19,26,8862.06,3005,0.339086,344,257,12.82,5.63023,9.22513,3.5949,0.34668,0.00872153,0.177701,0.168979,-7.1637,26.5966,-8.07302,26.7416,-0.151791,0.561938,-0.172924,0.536339,0.304642,-0.210461,-0.207264,0.608423,0.169717,1.13968,4788.44,0.381817,,,,,,,5,4,0.43115,0.0586076,0.140554,0.126498
R2,↳ F3 · x1 déjà retourné hors nis_z_100 Q4,26,SL-A 5,SL-A,5,figé,0.18802,0,5,5,5,0.43115,-7.3347,8.62059,0.0586076,-0.103862,0.250453,10,711,601,0.154712,8.34722,0.153203,2852.06,1.06485,0.440932,4.74552,0.0613962,-0.478905,-0.474696,-5799.49,26,8862.06,6010,0.678172,344,257,7.82002,0.630229,4.22513,3.5949,0.205135,-0.131001,0.0370669,0.168068,-12.1637,21.5966,-13.073,21.7416,-0.296689,0.422839,-0.321306,0.400993,0.0866947,-0.285719,-0.283185,0.608423,0.169717,1.05097,4788.44,0.763634,,,,,,,4,3,0.43115,0.0586076,0.117139,0.107558
R2,↳ F3 · x1 déjà retourné hors nis_z_100 Q4,26,SL-A 5,SL-A,5,dynamique,0.187708,0,5,5,5,,,,,,,5,711,602,0.153305,8.36111,0.532764,5699.36,1.13415,0.460133,9.46738,0.20034,-0.39288,-0.388431,-4339.88,26,8709.36,3010,0.345605,345,257,12.3258,5.63023,8.97801,3.34778,0.343081,0.00872153,0.175901,0.16718,-7.49698,26.5173,-8.63624,26.6299,-0.154202,0.561814,-0.174607,0.535194,0.301724,-0.212227,-0.209037,0.607648,0.169435,1.13848,4766.78,0.383701,1,-157.694,-0.894816,0,,,5,4,0.153012,0.0567853,0.137635,0.124731
R2,↳ F3 · x1 déjà retourné hors nis_z_100 Q4,26,SL-A 5,SL-A,5,dynamique,0.187708,0,5,5,5,,,,,,,10,711,602,0.153305,8.36111,0.134441,2689.36,1.06092,0.440199,4.46738,0.0597607,-0.487382,-0.483243,-5962.18,26,8709.36,6020,0.69121,345,257,7.32578,0.630229,3.97801,3.34778,0.201864,-0.131001,0.0354317,0.166433,-12.497,21.5173,-13.6362,21.6299,-0.298685,0.42278,-0.323284,0.39901,0.0841866,-0.287367,-0.28484,0.607648,0.169435,1.04988,4766.78,0.767402,1,-162.694,-0.923188,0,,,4,3,0.153012,0.056972,0.114631,0.10591
R2,↳ F3 · x1 déjà retourné hors nis_z_100 Q4,26,SL-B 0,SL-B,0,figé,0.50416,0,1.57228,2.08466,2.63025,2.36639,-9.50077,15.4608,0.0927251,-0.171651,0.382495,5,711,601,0.154712,8.34722,0.821858,7020.14,1.20202,0.369384,11.6808,0.236279,-0.292978,-0.285301,-3302.75,26,10025.1,3005,0.299747,344,257,6.40917,18.7369,12.573,-6.16386,0.210232,0.271144,0.240688,-0.030456,-2.73426,26.414,-2.37734,28.1151,-0.0784198,0.567517,-0.0720824,0.562175,0.408818,-0.127345,-0.123542,0.608423,0.169717,1.21546,5465.72,0.334505,,,,,,,5,6,2.36639,0.0927251,0.24473,0.209614
R2,↳ F3 · x1 déjà retourné hors nis_z_100 Q4,26,SL-B 0,SL-B,0,figé,0.50416,0,1.57228,2.08466,2.63025,2.36639,-9.50077,15.4608,0.0927251,-0.171651,0.382495,10,711,601,0.154712,8.34722,0.349227,4015.14,1.1095,0.356073,6.68076,0.0955138,-0.312033,-0.306992,-3552.75,26,10025.1,6010,0.599493,344,257,1.40917,13.7369,7.57303,-6.16386,0.0686873,0.131422,0.100054,-0.0313672,-7.73426,21.414,-7.37734,23.1151,-0.225541,0.429074,-0.214722,0.430828,0.173501,-0.148065,-0.146869,0.608423,0.169717,1.10014,5465.72,0.66901,,,,,,,4,5,2.36639,0.0927251,0.203945,0.245211
R2,↳ F3 · x1 déjà retourné hors nis_z_100 Q4,26,SL-B 0,SL-B,0,dynamique,0.503226,0,1.57222,2.08782,2.63855,,,,,,,5,711,620,0.127989,8.61111,0.720523,6467.97,1.17938,0.364516,10.4322,0.202371,-0.297767,-0.291014,-3382.15,26,9567.97,3100,0.323998,353,267,4.4713,18.3131,11.3922,-6.9209,0.172072,0.242429,0.20725,-0.0351786,-3.32617,24.5228,-2.71995,26.0014,-0.106146,0.519564,-0.097068,0.528388,0.357439,-0.129063,-0.125775,0.606864,0.169355,1.18674,5149.79,0.365311,23,-31.3584,-0.887363,4,-42.2683,-0.96884,5,6,1.11783,0.0588166,0.193351,0.207896
R2,↳ F3 · x1 déjà retourné hors nis_z_100 Q4,26,SL-B 0,SL-B,0,dynamique,0.503226,0,1.57222,2.08782,2.63855,,,,,,,10,711,620,0.127989,8.61111,0.262093,3367.97,1.08851,0.351613,5.4322,0.0622696,-0.32579,-0.32085,-3634.08,26,9567.97,6200,0.647996,353,267,-0.528702,13.3131,6.3922,-6.9209,0.0318202,0.102527,0.0671734,-0.0353533,-8.32617,19.5228,-7.71995,21.0014,-0.251145,0.383119,-0.242557,0.392727,0.124713,-0.163243,-0.162068,0.606864,0.169355,1.07405,5149.79,0.730623,23,-36.3584,-1.02104,4,-47.2683,-1.17182,5,4,1.11783,0.0594809,0.155157,0.230033
R2,↳ F3 · x1 déjà retourné hors nis_z_100 Q4,26,SL-B 0.25,SL-B,0.25,figé,0.467554,0,1.82228,2.33466,2.88025,0.398656,-11.7046,12.9332,0.0484656,-0.215868,0.334024,5,711,601,0.154712,8.34722,0.609581,5837.53,1.15877,0.384359,9.71303,0.19202,-0.295459,-0.287808,-3333.39,26,8842.53,3005,0.339835,344,257,4.90966,16.1424,10.526,-5.61639,0.167027,0.225473,0.19625,-0.0292232,-4.85952,24.8658,-4.81801,26.2741,-0.132487,0.526772,-0.12781,0.530705,0.327567,-0.128049,-0.12425,0.608423,0.169717,1.17111,4880.72,0.374599,,,,,,,4,5,0.398656,0.0484656,0.163478,0.208909
R2,↳ F3 · x1 déjà retourné hors nis_z_100 Q4,26,SL-B 0.25,SL-B,0.25,figé,0.467554,0,1.82228,2.33466,2.88025,0.398656,-11.7046,12.9332,0.0484656,-0.215868,0.334024,10,711,601,0.154712,8.34722,0.191942,2832.53,1.07331,0.369384,4.71303,0.0512543,-0.355117,-0.350392,-3892.27,26,8842.53,6010,0.67967,344,257,-0.0903391,11.1424,5.52605,-5.61639,0.0254822,0.0857508,0.0556165,-0.0301343,-9.85952,19.8658,-9.81801,21.2741,-0.279848,0.390412,-0.272967,0.394602,0.105796,-0.173266,-0.172105,0.608423,0.169717,1.06444,4880.72,0.749197,,,,,,,4,4,0.398656,0.0484656,0.13624,0.22001
R2,↳ F3 · x1 déjà retourné hors nis_z_100 Q4,26,SL-B 0.25,SL-B,0.25,dynamique,0.468395,0,1.82203,2.33772,2.88744,,,,,,,5,711,617,0.132208,8.56944,0.508704,5209.36,1.13709,0.377634,8.44305,0.156881,-0.302634,-0.293789,-3416.72,26,8294.36,3085,0.371939,351,266,2.97346,15.6605,9.31695,-6.3435,0.129427,0.193106,0.161267,-0.0318395,-5.44108,22.5958,-5.21876,24.1538,-0.15978,0.480375,-0.149267,0.482996,0.272918,-0.13084,-0.126523,0.607521,0.170178,1.14287,4508.78,0.415679,20,-34.6618,-0.995408,4,-16.268,-0.324872,5,5,-0.871316,0.0133263,0.108829,0.206118
R2,↳ F3 · x1 déjà retourné hors nis_z_100 Q4,26,SL-B 0.25,SL-B,0.25,dynamique,0.468395,0,1.82203,2.33772,2.88744,,,,,,,10,711,617,0.132208,8.56944,0.108298,2124.36,1.05319,0.363047,3.44305,0.0165568,-0.368482,-0.363549,-4080.93,26,8294.36,6170,0.743879,351,266,-2.02654,10.6605,4.31695,-6.3435,-0.0111256,0.053085,0.0209797,-0.0321053,-10.4411,17.5958,-10.2188,19.1538,-0.304984,0.343336,-0.296197,0.345436,0.0554032,-0.189394,-0.18711,0.607521,0.170178,1.03871,4508.78,0.831357,20,-39.6618,-1.13498,4,-21.268,-0.52785,4,3,-0.871316,0.0137681,0.0858474,0.203883
R2,↳ F3 · x1 déjà retourné hors nis_z_100 Q4,26,SL-B 0.5,SL-B,0.5,figé,0.442596,0.00166389,2.07228,2.58466,3.13025,-2.56554,-14.494,9.97156,-0.000186292,-0.260673,0.279158,5,711,601,0.154712,8.34722,0.340056,4056.05,1.10412,0.391015,6.74883,0.143368,-0.314881,-0.310204,-3410.02,26,7061.05,3005,0.425574,344,257,2.03688,13.0559,7.54638,-5.5095,0.131992,0.158595,0.145293,-0.0133014,-8.38091,22.0126,-8.07363,23.3197,-0.174502,0.482708,-0.170668,0.47359,0.239618,-0.13313,-0.131912,0.608423,0.169717,1.12627,4204.31,0.434865,,,,,,,4,4,-2.56554,-0.000186292,0.0755296,0.203829
R2,↳ F3 · x1 déjà retourné hors nis_z_100 Q4,26,SL-B 0.5,SL-B,0.5,figé,0.442596,0.00166389,2.07228,2.58466,3.13025,-2.56554,-14.494,9.97156,-0.000186292,-0.260673,0.279158,10,711,601,0.154712,8.34722,-0.00774274,1051.05,1.02576,0.37604,1.74883,0.00260236,-0.413983,-0.409689,-4823.59,26,7061.05,6010,0.851148,344,257,-2.96312,8.05589,2.54638,-5.5095,-0.00955279,0.0188723,0.00465975,-0.0142125,-13.3809,17.0126,-13.0736,18.3197,-0.321402,0.339279,-0.318308,0.341695,0.032524,-0.203969,-0.201726,0.608423,0.169717,1.02744,4204.31,0.869731,,,,,,,4,4,-2.56554,-0.000186292,0.0629682,0.189308
R2,↳ F3 · x1 déjà retourné hors nis_z_100 Q4,26,SL-B 0.5,SL-B,0.5,dynamique,0.442276,0.00162602,2.07474,2.58772,3.13422,,,,,,,5,711,615,0.135021,8.54167,0.263763,3489.3,1.08695,0.385366,5.67365,0.116032,-0.318912,-0.313714,-3504.93,26,6564.3,3075,0.468443,349,266,0.43024,12.5532,6.4917,-6.06146,0.108685,0.125671,0.117178,-0.00849337,-8.32908,20.1244,-7.9899,21.42,-0.19811,0.439325,-0.194102,0.433857,0.197473,-0.133219,-0.131984,0.606546,0.169106,1.10507,3897.63,0.47853,18,-35.6538,-0.908566,4,-18.7539,-0.387383,4,5,-3.64072,-0.0275226,0.0333846,0.20374
R2,↳ F3 · x1 déjà retourné hors nis_z_100 Q4,26,SL-B 0.5,SL-B,0.5,dynamique,0.442276,0.00162602,2.07474,2.58772,3.13422,,,,,,,10,711,615,0.135021,8.54167,-0.0707919,414.296,1.00985,0.370732,0.673652,-0.0239325,-0.419586,-0.415333,-4903.87,26,6564.3,6150,0.936886,349,266,-4.56976,7.55317,1.4917,-6.06146,-0.031236,-0.01435,-0.022793,-0.008443,-13.3291,15.1244,-12.9899,16.42,-0.341825,0.304761,-0.33807,0.299788,-0.00625962,-0.214765,-0.212552,0.606546,0.169106,1.00816,3897.63,0.957059,18,-40.6538,-1.03577,4,-23.7539,-0.590361,4,3,-3.64072,-0.0267211,0.0241846,0.178512
R2,↳ F3 · x1 déjà retourné hors nis_z_100 Q4,26,SL-B 1,SL-B,1,figé,0.389351,0,2.57228,3.08466,3.63025,-7.20913,-19.1659,5.08324,-0.0705213,-0.314609,0.192912,5,711,601,0.154712,8.34722,0.00386168,1265.25,1.02969,0.40599,2.10524,0.0730329,-0.424262,-0.420463,-4941.09,26,4270.25,3005,0.703706,344,257,-0.862136,6.07714,2.6075,-3.46964,0.082095,0.0609031,0.0714991,0.0105959,-13.5789,17.6537,-13.8615,18.8786,-0.246159,0.405504,-0.245639,0.402925,0.102669,-0.195913,-0.193885,0.608423,0.169717,1.05953,3052.1,0.599034,,,,,,,4,4,-7.20913,-0.0705213,-0.0614193,0.141046
R2,↳ F3 · x1 déjà retourné hors nis_z_100 Q4,26,SL-B 1,SL-B,1,figé,0.389351,0,2.57228,3.08466,3.63025,-7.20913,-19.1659,5.08324,-0.0705213,-0.314609,0.192912,10,711,601,0.154712,8.34722,-0.256792,-1739.75,0.960837,0.391015,-2.89476,-0.0677327,-0.516133,-0.512226,-6631.09,26,4270.25,6010,1.40741,344,257,-5.86214,1.07714,-2.3925,-3.46964,-0.0594498,-0.0788194,-0.0691346,0.00968481,-18.5789,12.6537,-18.8615,13.8786,-0.389669,0.270729,-0.390135,0.269208,-0.0815699,-0.273127,-0.271079,0.608423,0.169717,0.972097,3052.1,1.19807,,,,,,,4,2,-7.20913,-0.0705213,-0.0511257,0.12015
R2,↳ F3 · x1 déjà retourné hors nis_z_100 Q4,26,SL-B 1,SL-B,1,dynamique,0.389525,0,2.57228,3.08769,3.63025,,,,,,,5,711,611,0.140647,8.48611,-0.026188,980.311,1.02253,0.402619,1.60444,0.0556603,-0.420168,-0.416342,-4854.59,26,4035.31,3055,0.757067,347,264,-1.96991,6.30254,2.16631,-4.13623,0.0684059,0.0389077,0.0536568,0.0147491,-13.0403,16.5417,-13.3543,17.8454,-0.254949,0.379653,-0.261548,0.376809,0.0779032,-0.201201,-0.199187,0.607328,0.168576,1.04765,2854.3,0.650032,14,-27.1316,-0.852425,4,-23.7257,-0.512405,4,4,-7.70993,-0.0878939,-0.0861856,0.135757
R2,↳ F3 · x1 déjà retourné hors nis_z_100 Q4,26,SL-B 1,SL-B,1,dynamique,0.389525,0,2.57228,3.08769,3.63025,,,,,,,10,711,611,0.140647,8.48611,-0.282648,-2074.69,0.954254,0.387889,-3.39556,-0.0845616,-0.514394,-0.510473,-6579.59,26,4035.31,6110,1.51413,347,264,-6.96991,1.30254,-2.83369,-4.13623,-0.0716122,-0.101582,-0.0865972,0.014985,-18.0403,11.5417,-18.3543,12.8454,-0.399558,0.239896,-0.404203,0.239592,-0.104634,-0.279199,-0.277168,0.607328,0.168576,0.961244,2854.3,1.30006,14,-32.1316,-0.987239,4,-28.7257,-0.715383,4,2,-7.70993,-0.0873503,-0.0741901,0.114077
R2,↳ F3 · x1 déjà retourné hors nis_z_100 Q4,48,sans,sans,,figé,0,0,,,,0,0,0,0,0,0,5,711,523,0.264416,7.26389,-0.127332,1471.01,1.02633,0.491396,2.81265,0.200757,-0.681381,-0.668273,-9417.32,48,4086.01,2615,0.639988,305,218,-13.9959,26.3291,6.16664,-20.1625,-0.0531322,0.55597,0.251419,-0.304551,-22.9013,26.8549,-18.5634,29.6287,-0.406951,0.811699,-0.316836,0.814961,0.0336954,-0.473919,-0.465333,0.600775,0.154876,1.03625,2616.27,0.600483,,,,,,,3,3,0,0,0,0
R2,↳ F3 · x1 déjà retourné hors nis_z_100 Q4,48,sans,sans,,figé,0,0,,,,0,0,0,0,0,0,10,711,523,0.264416,7.26389,-0.328321,-1143.99,0.980005,0.476099,-2.18735,0.06483,-0.72689,-0.715811,-10957.3,48,4086.01,5230,1.27998,305,218,-18.9959,21.3291,1.16664,-20.1625,-0.188388,0.419103,0.115357,-0.303746,-27.9013,21.8549,-23.5634,24.6287,-0.541739,0.664897,-0.451191,0.678428,-0.116634,-0.508781,-0.501066,0.600775,0.154876,0.982263,2616.27,1.20097,,,,,,,3,3,0,0,0,0
R2,↳ F3 · x1 déjà retourné hors nis_z_100 Q4,48,sans,sans,,dynamique,0,0,,,,,,,,,,5,711,523,0.264416,7.26389,-0.127332,1471.01,1.02633,0.491396,2.81265,0.200757,-0.681381,-0.668273,-9417.32,48,4086.01,2615,0.639988,305,218,-13.9959,26.3291,6.16664,-20.1625,-0.0531322,0.55597,0.251419,-0.304551,-22.9013,26.8549,-18.5634,29.6287,-0.406951,0.811699,-0.316836,0.814961,0.0336954,-0.473919,-0.465333,0.600775,0.154876,1.03625,2616.27,0.600483,0,,,0,,,3,3,0,0,0,0
R2,↳ F3 · x1 déjà retourné hors nis_z_100 Q4,48,sans,sans,,dynamique,0,0,,,,,,,,,,10,711,523,0.264416,7.26389,-0.328321,-1143.99,0.980005,0.476099,-2.18735,0.06483,-0.72689,-0.715811,-10957.3,48,4086.01,5230,1.27998,305,218,-18.9959,21.3291,1.16664,-20.1625,-0.188388,0.419103,0.115357,-0.303746,-27.9013,21.8549,-23.5634,24.6287,-0.541739,0.664897,-0.451191,0.678428,-0.116634,-0.508781,-0.501066,0.600775,0.154876,0.982263,2616.27,1.20097,0,,,0,,,3,3,0,0,0,0
R2,↳ F3 · x1 déjà retourné hors nis_z_100 Q4,48,SL-A 1,SL-A,1,figé,0.820268,0,1,1,1,-5.15383,-28.8632,19.9822,-0.101783,-0.665756,0.437615,5,711,523,0.264416,7.26389,-0.167618,-1224.44,0.949964,0.175908,-2.34118,0.0989748,-0.298043,-0.29161,-2917.51,6,1390.56,2615,1.88053,305,218,-13.6688,13.507,-0.0808604,-13.5879,-0.0829184,0.353458,0.13527,-0.218188,-15.4263,11.8852,-13.8835,15.0234,-0.163111,0.405381,-0.140595,0.448251,0.0738139,-0.13471,-0.130177,0.600775,0.154876,1.07524,2442.93,0.64309,,,,,,,3,4,-5.15383,-0.101783,0.0401185,0.339209
R2,↳ F3 · x1 déjà retourné hors nis_z_100 Q4,48,SL-A 1,SL-A,1,figé,0.820268,0,1,1,1,-5.15383,-28.8632,19.9822,-0.101783,-0.665756,0.437615,10,711,523,0.264416,7.26389,-0.359272,-3839.44,0.855823,0.172084,-7.34118,-0.0369526,-0.42943,-0.426795,-5032.51,6,1390.56,5230,3.76107,305,218,-18.6688,8.50704,-5.08086,-13.5879,-0.218174,0.216592,-0.000791381,-0.217383,-20.4263,6.88515,-18.8835,10.0234,-0.304412,0.268537,-0.274141,0.311785,-0.0822899,-0.203034,-0.197452,0.600775,0.154876,0.945725,2442.93,1.28618,,,,,,,1,3,-5.15383,-0.101783,0.0343437,0.305747
R2,↳ F3 · x1 déjà retourné hors nis_z_100 Q4,48,SL-A 1,SL-A,1,dynamique,0.82,0,1,1,1,,,,,,,5,711,650,0.0857947,9.02778,-0.0387786,427.823,1.01446,0.176923,0.658189,0.0759281,-0.282763,-0.246846,-2751.4,7,3677.82,3250,0.883675,367,283,-6.34753,9.74335,1.69791,-8.04544,-0.0121393,0.190136,0.0889982,-0.101138,-10.7999,12.9926,-9.77623,14.5407,-0.183063,0.362309,-0.17347,0.369117,0.0797539,-0.159073,-0.154668,0.611186,0.172308,1.06694,2942.2,0.675125,131,12.3005,-0.0292767,4,-10.2245,-0.356179,2,3,-2.15446,-0.124829,0.0460586,0.314846
R2,↳ F3 · x1 déjà retourné hors nis_z_100 Q4,48,SL-A 1,SL-A,1,dynamique,0.82,0,1,1,1,,,,,,,10,711,650,0.0857947,9.02778,-0.305589,-2822.18,0.912559,0.173846,-4.34181,-0.0683962,-0.433218,-0.406872,-4599.17,7,3677.82,6500,1.76735,367,283,-11.3475,4.74335,-3.30209,-8.04544,-0.157665,0.0473694,-0.0551478,-0.102517,-15.7999,7.99259,-14.7762,9.54069,-0.331383,0.216939,-0.31707,0.237595,-0.11477,-0.239773,-0.235135,0.611186,0.172308,0.935269,2942.2,1.35025,131,7.30048,-0.20575,4,-15.2245,-0.455486,1,2,-2.15446,-0.133226,0.00186358,0.269007
R2,↳ F3 · x1 déjà retourné hors nis_z_100 Q4,48,SL-A 1.5,SL-A,1.5,figé,0.730402,0.00382409,1.5,1.5,1.5,-1.8386,-25.2605,20.9036,0.0182273,-0.490916,0.526,5,711,523,0.264416,7.26389,-0.0351171,509.425,1.016,0.248566,0.974043,0.218985,-0.365889,-0.36389,-4088.67,14,3124.42,2615,0.836954,305,218,-12.3169,19.5691,3.62613,-15.943,0.0628943,0.437368,0.250131,-0.187237,-14.9665,17.4804,-12.7674,21.1948,-0.103349,0.58755,-0.0705919,0.617372,0.250089,-0.116621,-0.113019,0.600775,0.154876,1.16389,4030.68,0.389767,,,,,,,4,4,-1.8386,0.0182273,0.216394,0.357298
R2,↳ F3 · x1 déjà retourné hors nis_z_100 Q4,48,SL-A 1.5,SL-A,1.5,figé,0.730402,0.00382409,1.5,1.5,1.5,-1.8386,-25.2605,20.9036,0.0182273,-0.490916,0.526,10,711,523,0.264416,7.26389,-0.257234,-2105.58,0.937707,0.244742,-4.02596,0.0830572,-0.439027,-0.439027,-5113.67,14,3124.42,5230,1.67391,305,218,-17.3169,14.5691,-1.37387,-15.943,-0.0723616,0.300501,0.11407,-0.186431,-19.9665,12.4804,-17.7674,16.1948,-0.239698,0.457969,-0.208896,0.482934,0.0684185,-0.176495,-0.172938,0.600775,0.154876,1.05488,4030.68,0.779535,,,,,,,2,3,-1.8386,0.0182273,0.185052,0.332286
R2,↳ F3 · x1 déjà retourné hors nis_z_100 Q4,48,SL-A 1.5,SL-A,1.5,dynamique,0.741519,0.00323102,1.5,1.5,1.5,,,,,,,5,711,619,0.129395,8.59722,-0.211668,-1419.6,0.961923,0.239095,-2.29338,0.0906637,-0.412461,-0.410643,-4459.95,13,1675.4,3095,1.84732,351,268,-14.1657,13.2559,-0.454937,-13.7108,-0.0277722,0.245779,0.109004,-0.136776,-16.4357,12.4447,-14.6506,14.7746,-0.193694,0.416464,-0.179541,0.426364,0.087471,-0.202434,-0.197617,0.610555,0.172859,1.06049,2971.12,0.636012,102,-13.2498,-0.441804,6,96.2579,2.22402,2,2,-5.10603,-0.110094,0.0537756,0.271485
R2,↳ F3 · x1 déjà retourné hors nis_z_100 Q4,48,SL-A 1.5,SL-A,1.5,dynamique,0.741519,0.00323102,1.5,1.5,1.5,,,,,,,10,711,619,0.129395,8.59722,-0.421652,-4514.6,0.886113,0.235864,-7.29338,-0.0528334,-0.542592,-0.541177,-6959.95,13,1675.4,6190,3.69465,351,268,-19.1657,8.25587,-5.45494,-13.7108,-0.172563,0.103977,-0.0342932,-0.13827,-21.4357,7.44467,-19.6506,9.7746,-0.339126,0.272097,-0.323505,0.288018,-0.0997655,-0.278758,-0.273187,0.610555,0.172859,0.958177,2971.12,1.27202,102,-18.2498,-0.623189,6,91.2579,2.09626,1,1,-5.10603,-0.117663,0.0168682,0.230023
R2,↳ F3 · x1 déjà retourné hors nis_z_100 Q4,48,SL-A 2,SL-A,2,figé,0.657744,0,2,2,2,-2.32032,-22.8584,18.3305,0.0122993,-0.480499,0.512378,5,711,523,0.264416,7.26389,-0.082651,257.488,1.00683,0.300191,0.492329,0.213057,-0.36074,-0.329552,-3784.85,23,2872.49,2615,0.910361,305,218,-13.4903,20.0552,3.28244,-16.7727,0.0650277,0.420161,0.242594,-0.177567,-16.672,17.7356,-14.4912,21.5414,-0.151288,0.609735,-0.118714,0.627543,0.231233,-0.163427,-0.156614,0.600775,0.154876,1.13226,3926.32,0.400127,,,,,,,4,4,-2.32032,0.0122993,0.197538,0.310492
R2,↳ F3 · x1 déjà retourné hors nis_z_100 Q4,48,SL-A 2,SL-A,2,figé,0.657744,0,2,2,2,-2.32032,-22.8584,18.3305,0.0122993,-0.480499,0.512378,10,711,523,0.264416,7.26389,-0.293852,-2357.51,0.940393,0.294455,-4.50767,0.0771292,-0.452472,-0.440981,-4833.73,23,2872.49,5230,1.82072,305,218,-18.4903,15.0552,-1.71756,-16.7727,-0.0702283,0.283295,0.106533,-0.176761,-21.672,12.7356,-19.4912,16.5414,-0.293116,0.474913,-0.25862,0.496022,0.0523001,-0.21953,-0.212973,0.600775,0.154876,1.04147,3926.32,0.800254,,,,,,,2,3,-2.32032,0.0122993,0.168934,0.28925
R2,↳ F3 · x1 déjà retourné hors nis_z_100 Q4,48,SL-A 2,SL-A,2,dynamique,0.663248,0,2,2,2,,,,,,,5,711,585,0.177215,8.125,-0.239218,-1533.91,0.963642,0.294017,-2.62206,0.121161,-0.414964,-0.388785,-4065.24,22,1391.09,2925,2.10266,335,250,-14.8956,13.8245,-0.535562,-14.36,-0.00196502,0.286151,0.142093,-0.144058,-18.3227,13.0033,-16.4709,15.6623,-0.214069,0.463136,-0.187563,0.478773,0.108679,-0.207554,-0.201089,0.603787,0.164103,1.06592,3086.77,0.572143,70,-25.7152,-0.577558,8,-1.08345,0.0150128,3,4,-5.43471,-0.0795959,0.0749836,0.266365
R2,↳ F3 · x1 déjà retourné hors nis_z_100 Q4,48,SL-A 2,SL-A,2,dynamique,0.663248,0,2,2,2,,,,,,,10,711,585,0.177215,8.125,-0.432309,-4458.91,0.899257,0.288889,-7.62206,-0.0179242,-0.520622,-0.517205,-6221.85,22,1391.09,5850,4.20533,335,250,-19.8956,8.82448,-5.53556,-14.36,-0.141002,0.147,0.00299894,-0.144001,-23.3227,8.00328,-21.4709,10.6623,-0.360045,0.322333,-0.329329,0.341585,-0.0707841,-0.266988,-0.26083,0.603787,0.164103,0.979078,3086.77,1.14429,70,-30.7152,-0.745311,8,-6.08345,-0.168435,1,1,-5.43471,-0.0827542,0.0458495,0.241793
R2,↳ F3 · x1 déjà retourné hors nis_z_100 Q4,48,SL-A 2.5,SL-A,2.5,figé,0.602294,0,2.5,2.5,2.5,-7.10758,-24.2099,10.6237,-0.042504,-0.458891,0.394338,5,711,523,0.264416,7.26389,-0.299894,-2246.25,0.948152,0.33652,-4.29493,0.158253,-0.523071,-0.486024,-5927.49,30,368.75,2615,7.09152,305,218,-17.0348,13.5292,-1.75281,-15.282,0.0197907,0.351974,0.185882,-0.166092,-21.5907,12.8911,-19.6783,16.1257,-0.234243,0.59656,-0.195115,0.608617,0.0753391,-0.207884,-0.201422,0.600775,0.154876,1.05035,2601.55,0.60388,,,,,,,3,3,-7.10758,-0.042504,0.0416438,0.266035
R2,↳ F3 · x1 déjà retourné hors nis_z_100 Q4,48,SL-A 2.5,SL-A,2.5,figé,0.602294,0,2.5,2.5,2.5,-7.10758,-24.2099,10.6237,-0.042504,-0.458891,0.394338,10,711,523,0.264416,7.26389,-0.461158,-4861.25,0.892139,0.328872,-9.29493,0.0223259,-0.59659,-0.565038,-7467.49,30,368.75,5230,14.183,305,218,-22.0348,8.52916,-6.75281,-15.282,-0.115465,0.215107,0.049821,-0.165286,-26.5907,7.89109,-24.6783,11.1257,-0.367432,0.458277,-0.330498,0.471492,-0.080968,-0.261018,-0.254809,0.600775,0.154876,0.974871,2601.55,1.20776,,,,,,,2,2,-7.10758,-0.042504,0.0356656,0.247763
R2,↳ F3 · x1 déjà retourné hors nis_z_100 Q4,48,SL-A 2.5,SL-A,2.5,dynamique,0.602473,0,2.5,2.5,2.5,,,,,,,5,711,566,0.203938,7.86111,-0.370983,-3230,0.931191,0.335689,-5.70672,0.123524,-0.540342,-0.504637,-6084.02,31,-400.002,2830,7.07497,323,243,-17.3047,9.70949,-3.79759,-13.5071,0.0130527,0.270365,0.141709,-0.128656,-21.8018,10.7499,-19.8929,12.8677,-0.241652,0.53087,-0.216192,0.520815,0.0362116,-0.226772,-0.220464,0.601452,0.160777,1.03062,2378.41,0.71565,51,-31.4562,-0.583547,8,-77.5641,-2.11363,2,2,-8.51936,-0.0772332,0.00251626,0.247147
R2,↳ F3 · x1 déjà retourné hors nis_z_100 Q4,48,SL-A 2.5,SL-A,2.5,dynamique,0.602473,0,2.5,2.5,2.5,,,,,,,10,711,566,0.203938,7.86111,-0.526199,-6060,0.875902,0.328622,-10.7067,-0.0142098,-0.616806,-0.586835,-7894.02,31,-400.002,5660,14.1499,323,243,-22.3047,4.70949,-8.79759,-13.5071,-0.123977,0.131695,0.00385889,-0.127836,-26.8018,5.74987,-24.8929,7.86771,-0.381187,0.393721,-0.35497,0.381816,-0.125951,-0.282451,-0.276423,0.601452,0.160777,0.95582,2378.41,1.4313,51,-36.4562,-0.745293,8,-82.5641,-2.28634,2,2,-8.51936,-0.0790398,-0.00931726,0.22633
R2,↳ F3 · x1 déjà retourné hors nis_z_100 Q4,48,SL-A 3,SL-A,3,figé,0.552581,0,3,3,3,-13.2251,-31.1612,4.36429,-0.0827322,-0.477838,0.336866,5,711,523,0.264416,7.26389,-0.499448,-5445.7,0.888039,0.365201,-10.4124,0.118025,-0.643368,-0.615665,-8582.9,38,-2830.7,2615,0.9238,305,218,-22.6578,6.71982,-7.96898,-14.6888,-0.00871475,0.295345,0.143315,-0.15203,-28.9376,7.75193,-26.7782,11.1967,-0.275146,0.556389,-0.236657,0.565996,-0.0152425,-0.237032,-0.232543,0.600775,0.154876,1.00804,1754.06,0.89565,,,,,,,2,2,-13.2251,-0.0827322,-0.0489379,0.236887
R2,↳ F3 · x1 déjà retourné hors nis_z_100 Q4,48,SL-A 3,SL-A,3,figé,0.552581,0,3,3,3,-13.2251,-31.1612,4.36429,-0.0827322,-0.477838,0.336866,10,711,523,0.264416,7.26389,-0.614813,-8060.7,0.839781,0.357553,-15.4124,-0.0179022,-0.698389,-0.688133,-10339.2,38,-2830.7,5230,1.8476,305,218,-27.6578,1.71982,-12.969,-14.6888,-0.143971,0.158478,0.00725367,-0.151224,-33.9376,2.75193,-31.7782,6.19669,-0.408269,0.414619,-0.375039,0.42599,-0.158391,-0.321661,-0.318904,0.600775,0.154876,0.941576,1754.06,1.7913,,,,,,,2,1,-13.2251,-0.0827322,-0.041757,0.187119
R2,↳ F3 · x1 déjà retourné hors nis_z_100 Q4,48,SL-A 3,SL-A,3,dynamique,0.546595,0,3,3,3,,,,,,,5,711,558,0.21519,7.75,-0.535265,-6104.84,0.882354,0.367384,-10.9406,0.118137,-0.656098,-0.629385,-8871.3,38.5,-3314.84,2790,0.84167,319,239,-23.551,5.89093,-8.83004,-14.721,1.20945e-05,0.275801,0.137907,-0.137895,-28.9026,6.59385,-26.1651,8.81044,-0.252537,0.542852,-0.221957,0.545567,-0.0241592,-0.245016,-0.238857,0.599537,0.155914,1.00448,1780.77,0.939314,42,-8.80208,-0.010019,7,41.3499,-0.65914,2,2,-13.7532,-0.0826205,-0.0578545,0.228903
R2,↳ F3 · x1 déjà retourné hors nis_z_100 Q4,48,SL-A 3,SL-A,3,dynamique,0.546595,0,3,3,3,,,,,,,10,711,558,0.21519,7.75,-0.648595,-8894.84,0.83426,0.360215,-15.9406,-0.0172664,-0.712919,-0.702388,-10727.4,38.5,-3314.84,5580,1.68334,319,239,-28.551,0.890927,-13.83,-14.721,-0.134316,0.138963,0.00232356,-0.13664,-33.9026,1.59385,-31.1651,3.81044,-0.385008,0.416064,-0.355362,0.408973,-0.174447,-0.321725,-0.318969,0.599537,0.155914,0.937868,1780.77,1.87863,42,-13.8021,-0.146625,7,36.3499,-0.840923,2,2,-13.7532,-0.0820964,-0.0578138,0.187055
R2,↳ F3 · x1 déjà retourné hors nis_z_100 Q4,48,SL-A 4,SL-A,4,figé,0.393881,0,4,4,4,-2.45529,-18.5726,13.6549,0.0975198,-0.261875,0.472191,5,711,523,0.264416,7.26389,-0.157945,186.898,1.00375,0.424474,0.357358,0.298277,-0.594646,-0.563159,-7176.57,48,2801.9,2615,0.933296,305,218,-14.4264,21.041,3.30733,-17.7337,0.0937193,0.584471,0.339095,-0.245376,-20.8233,21.2505,-17.917,25.6374,-0.108311,0.779269,-0.0667154,0.806257,0.214234,-0.19403,-0.183902,0.600775,0.154876,1.09985,3923.23,0.400443,,,,,,,3,4,-2.45529,0.0975198,0.180538,0.279889
R2,↳ F3 · x1 déjà retourné hors nis_z_100 Q4,48,SL-A 4,SL-A,4,figé,0.393881,0,4,4,4,-2.45529,-18.5726,13.6549,0.0975198,-0.261875,0.472191,10,711,523,0.264416,7.26389,-0.351863,-2428.1,0.952696,0.409178,-4.64264,0.16235,-0.657164,-0.63035,-8813.34,48,2801.9,5230,1.86659,305,218,-19.4264,16.041,-1.69267,-17.7337,-0.0415367,0.447604,0.203034,-0.24457,-25.8233,16.2505,-22.917,20.6374,-0.244338,0.640796,-0.198498,0.668748,0.0377762,-0.256622,-0.244338,0.600775,0.154876,1.03192,3923.23,0.800885,,,,,,,3,3,-2.45529,0.0975198,0.15441,0.252159
R2,↳ F3 · x1 déjà retourné hors nis_z_100 Q4,48,SL-A 4,SL-A,4,dynamique,0.387755,0,4,4,4,,,,,,,5,711,539,0.241913,7.48611,-0.0943736,976.857,1.01913,0.434137,1.81235,0.330582,-0.555525,-0.521,-6278.13,48,3671.86,2695,0.733961,312,227,-13.7242,23.1665,4.72117,-18.4453,0.121036,0.618592,0.369814,-0.248778,-17.7817,22.4071,-15.843,26.6706,-0.07252,0.793484,-0.032331,0.825837,0.280259,-0.16825,-0.161033,0.596752,0.152134,1.12083,4499.59,0.357421,23,27.4214,0.791416,7,-22.7524,-0.568858,3,3,-1.0003,0.129824,0.246564,0.305669
R2,↳ F3 · x1 déjà retourné hors nis_z_100 Q4,48,SL-A 4,SL-A,4,dynamique,0.387755,0,4,4,4,,,,,,,10,711,539,0.241913,7.48611,-0.308465,-1718.14,0.967335,0.41744,-3.18765,0.195789,-0.626124,-0.596881,-7893.91,48,3671.86,5390,1.46792,312,227,-18.7242,18.1665,-0.278831,-18.4453,-0.0131351,0.482945,0.234905,-0.24804,-22.7817,17.4071,-20.843,21.6706,-0.202857,0.655916,-0.165586,0.689592,0.0901629,-0.221712,-0.212355,0.596752,0.152134,1.05164,4499.59,0.714841,23,22.4214,0.690369,7,-27.7524,-0.677549,3,3,-1.0003,0.130959,0.206797,0.287068
R2,↳ F3 · x1 déjà retourné hors nis_z_100 Q4,48,SL-A 5,SL-A,5,figé,0.281071,0,5,5,5,5.43569,-9.20283,19.431,0.207431,-0.100891,0.528682,5,711,523,0.264416,7.26389,0.255,4313.88,1.08802,0.456979,8.24834,0.408188,-0.530393,-0.511732,-6143.92,48,6928.88,2615,0.377406,305,218,-1.38228,21.7224,10.17,-11.5523,0.303288,0.554952,0.42912,-0.125832,-14.7459,31.1299,-13.5144,33.3313,-0.0611269,0.931775,-0.0313317,0.937937,0.402446,-0.20778,-0.201054,0.600775,0.154876,1.16173,5395.29,0.291185,,,,,,,3,4,5.43569,0.207431,0.368751,0.266139
R2,↳ F3 · x1 déjà retourné hors nis_z_100 Q4,48,SL-A 5,SL-A,5,figé,0.281071,0,5,5,5,5.43569,-9.20283,19.431,0.207431,-0.100891,0.528682,10,711,523,0.264416,7.26389,-0.0338304,1698.88,1.03367,0.441683,3.24834,0.272261,-0.597782,-0.581609,-7683.92,48,6928.88,5230,0.754812,305,218,-6.38228,16.7224,5.17004,-11.5523,0.168032,0.418085,0.293058,-0.125027,-19.7459,26.1299,-18.5144,28.3313,-0.196485,0.784773,-0.167803,0.800082,0.198664,-0.258655,-0.251965,0.600775,0.154876,1.09192,5395.29,0.58237,,,,,,,3,3,5.43569,0.207431,0.315298,0.250125
R2,↳ F3 · x1 déjà retourné hors nis_z_100 Q4,48,SL-A 5,SL-A,5,dynamique,0.276119,0,5,5,5,,,,,,,5,711,536,0.246132,7.44444,0.425373,5612.44,1.1137,0.468284,10.471,0.444274,-0.470455,-0.449413,-4924.09,48,8292.44,2680,0.323186,312,224,2.99865,20.8788,11.9387,-8.9401,0.3824,0.530455,0.456428,-0.0740277,-11.1903,32.2183,-10.6309,34.4775,-0.0174733,0.957999,-0.000376438,0.959125,0.488552,-0.200816,-0.194031,0.598272,0.152985,1.18604,6028.38,0.26597,18,45.2066,0.850086,5,-96.9683,-1.86938,4,5,7.65833,0.243516,0.454857,0.273103
R2,↳ F3 · x1 déjà retourné hors nis_z_100 Q4,48,SL-A 5,SL-A,5,dynamique,0.276119,0,5,5,5,,,,,,,10,711,536,0.246132,7.44444,0.090289,2932.44,1.05772,0.451493,5.47097,0.309091,-0.54823,-0.530065,-6504.09,48,8292.44,5360,0.646372,312,224,-2.00135,15.8788,6.93875,-8.9401,0.248001,0.39418,0.32109,-0.0730897,-16.1903,27.2183,-15.6309,29.4775,-0.149221,0.817724,-0.127745,0.818569,0.268174,-0.252548,-0.245802,0.598272,0.152985,1.11445,6028.38,0.531941,18,40.2066,0.747471,5,-101.968,-1.96516,3,4,7.65833,0.244261,0.384807,0.256233
R2,↳ F3 · x1 déjà retourné hors nis_z_100 Q4,48,SL-B 0,SL-B,0,figé,0.640535,0.00191205,1.56385,2.08101,2.62742,-0.616082,-17.9523,17.5785,0.0927286,-0.328375,0.527743,5,711,523,0.264416,7.26389,-0.00741804,1148.8,1.02988,0.311663,2.19656,0.293486,-0.406553,-0.364982,-4263.7,25,3763.8,2615,0.694776,305,218,-8.49516,17.1552,4.33,-12.8252,0.22185,0.39371,0.30778,-0.0859298,-13.8943,18.9094,-12.0366,21.9266,-0.0780017,0.722362,-0.055121,0.719218,0.27497,-0.137964,-0.130931,0.600775,0.154876,1.1511,4282.79,0.366823,,,,,,,4,4,-0.616082,0.0927286,0.241275,0.335955
R2,↳ F3 · x1 déjà retourné hors nis_z_100 Q4,48,SL-B 0,SL-B,0,figé,0.640535,0.00191205,1.56385,2.08101,2.62742,-0.616082,-17.9523,17.5785,0.0927286,-0.328375,0.527743,10,711,523,0.264416,7.26389,-0.235914,-1466.2,0.963583,0.305927,-2.80344,0.157559,-0.476614,-0.435678,-4912.01,25,3763.8,5230,1.38955,305,218,-13.4952,12.1552,-0.669995,-12.8252,0.0865944,0.256843,0.171719,-0.0851244,-18.8943,13.9094,-17.0366,16.9266,-0.21437,0.586931,-0.193579,0.580622,0.0896997,-0.195765,-0.189009,0.600775,0.154876,1.05994,4282.79,0.733647,,,,,,,2,4,-0.616082,0.0927286,0.206333,0.313015
R2,↳ F3 · x1 déjà retourné hors nis_z_100 Q4,48,SL-B 0,SL-B,0,dynamique,0.649913,0.0017331,1.5661,2.08101,2.62479,,,,,,,5,711,577,0.188467,8.01389,-0.185212,-745.884,0.982488,0.299827,-1.29269,0.193114,-0.461446,-0.419613,-4799.43,25,2139.12,2885,1.34869,329,248,-10.0279,10.2955,0.133817,-10.1617,0.159633,0.237532,0.198582,-0.0389495,-16.6968,14.6227,-15.3356,16.423,-0.165816,0.593841,-0.156432,0.58823,0.150754,-0.193167,-0.186585,0.603592,0.164645,1.08508,3443.92,0.505634,60,-38.8226,-0.886153,6,-72.4454,-1.8505,3,4,-4.10534,-0.00764293,0.117059,0.280752
R2,↳ F3 · x1 déjà retourné hors nis_z_100 Q4,48,SL-B 0,SL-B,0,dynamique,0.649913,0.0017331,1.5661,2.08101,2.62479,,,,,,,10,711,577,0.188467,8.01389,-0.389554,-3630.88,0.918627,0.294627,-6.29269,0.0542817,-0.553014,-0.518053,-6416.71,25,2139.12,5770,2.69738,329,248,-15.0279,5.2955,-4.86618,-10.1617,0.0214912,0.0977821,0.0596366,-0.0381454,-21.6968,9.62272,-20.3356,11.423,-0.308234,0.453814,-0.29388,0.45073,-0.0331132,-0.253387,-0.247114,0.603592,0.164645,0.998172,3443.92,1.01127,60,-43.8226,-1.04805,6,-77.4454,-1.96669,2,2,-4.10534,-0.0105483,0.0835204,0.255394
R2,↳ F3 · x1 déjà retourné hors nis_z_100 Q4,48,SL-B 0.25,SL-B,0.25,figé,0.621415,0,1.81385,2.33101,2.87742,-4.59436,-22.2379,13.4111,0.0309405,-0.397518,0.47702,5,711,523,0.264416,7.26389,-0.200473,-931.835,0.977663,0.325048,-1.78171,0.231698,-0.492781,-0.453381,-5323.4,28,1683.17,2615,1.55362,305,218,-13.9467,15.2382,0.645714,-14.5924,0.10781,0.405027,0.256418,-0.148608,-19.1545,15.4792,-17.0021,19.0996,-0.169758,0.684006,-0.131916,0.681901,0.177084,-0.15213,-0.145213,0.600775,0.154876,1.09931,3501.79,0.448635,,,,,,,3,3,-4.59436,0.0309405,0.143388,0.321788
R2,↳ F3 · x1 déjà retourné hors nis_z_100 Q4,48,SL-B 0.25,SL-B,0.25,figé,0.621415,0,1.81385,2.33101,2.87742,-4.59436,-22.2379,13.4111,0.0309405,-0.397518,0.47702,10,711,523,0.264416,7.26389,-0.384596,-3546.83,0.918452,0.3174,-6.78171,0.0957704,-0.570956,-0.537399,-6841.17,28,1683.17,5230,3.10724,305,218,-18.9467,10.2382,-4.35429,-14.5924,-0.0274457,0.26816,0.120357,-0.147803,-24.1545,10.4792,-22.0021,14.0996,-0.305669,0.540861,-0.268356,0.547036,0.00601785,-0.208983,-0.202338,0.600775,0.154876,1.01754,3501.79,0.89727,,,,,,,2,2,-4.59436,0.0309405,0.122651,0.299798
R2,↳ F3 · x1 déjà retourné hors nis_z_100 Q4,48,SL-B 0.25,SL-B,0.25,dynamique,0.62697,0,1.81273,2.3261,2.87341,,,,,,,5,711,571,0.196906,7.93056,-0.311711,-2347.11,0.948489,0.316988,-4.11053,0.161076,-0.529887,-0.49337,-5889.8,28,507.887,2855,5.62133,325,246,-14.2298,9.25845,-2.48568,-11.7441,0.0866293,0.259431,0.17303,-0.0864006,-20.5536,12.6783,-19.073,14.7732,-0.211699,0.585503,-0.199453,0.587082,0.0982058,-0.184901,-0.178251,0.603718,0.164623,1.05883,2977.18,0.578941,54,-35.2697,-0.76956,6,-81.5474,-2.05879,3,3,-6.92318,-0.0396812,0.0645104,0.289018
R2,↳ F3 · x1 déjà retourné hors nis_z_100 Q4,48,SL-B 0.25,SL-B,0.25,dynamique,0.62697,0,1.81273,2.3261,2.87341,,,,,,,10,711,571,0.196906,7.93056,-0.482824,-5202.11,0.890542,0.309982,-9.11053,0.022105,-0.608869,-0.578277,-7690.71,28,507.887,5710,11.2427,325,246,-19.2298,4.25845,-7.48568,-11.7441,-0.0514567,0.11929,0.0339168,-0.0853735,-25.5536,7.67832,-24.073,9.77324,-0.355835,0.443804,-0.338389,0.445245,-0.075634,-0.244892,-0.238549,0.603718,0.164623,0.979099,2977.18,1.15788,54,-40.2697,-0.935478,6,-86.5474,-2.17498,2,2,-6.92318,-0.0427249,0.0409996,0.263888
R2,↳ F3 · x1 déjà retourné hors nis_z_100 Q4,48,SL-B 0.5,SL-B,0.5,figé,0.59847,0.00191205,2.06385,2.58101,3.12742,-8.52137,-26.2081,9.34876,-0.0346382,-0.464357,0.418479,5,711,523,0.264416,7.26389,-0.353624,-2985.66,0.933181,0.33652,-5.70873,0.166119,-0.571055,-0.537736,-6798.48,31,-370.663,2615,7.05492,305,218,-18.4553,12.1248,-3.16525,-15.2901,0.0328713,0.352544,0.192708,-0.159836,-23.8854,12.5194,-21.274,16.0416,-0.232183,0.622416,-0.204206,0.63239,0.0832773,-0.171894,-0.165138,0.600775,0.154876,1.05351,2685.1,0.585091,,,,,,,3,2,-8.52137,-0.0346382,0.0495819,0.302025
R2,↳ F3 · x1 déjà retourné hors nis_z_100 Q4,48,SL-B 0.5,SL-B,0.5,figé,0.59847,0.00191205,2.06385,2.58101,3.12742,-8.52137,-26.2081,9.34876,-0.0346382,-0.464357,0.418479,10,711,523,0.264416,7.26389,-0.502532,-5600.66,0.879372,0.328872,-10.7087,0.0301918,-0.637198,-0.608822,-8463.48,31,-370.663,5230,14.1098,305,218,-23.4553,7.12484,-8.16525,-15.2901,-0.102385,0.215677,0.0566463,-0.159031,-28.8854,7.51941,-26.274,11.0416,-0.369966,0.487274,-0.34328,0.503398,-0.0741738,-0.244247,-0.240746,0.600775,0.154876,0.979099,2685.1,1.17018,,,,,,,2,2,-8.52137,-0.0346382,0.0424598,0.264534
R2,↳ F3 · x1 déjà retourné hors nis_z_100 Q4,48,SL-B 0.5,SL-B,0.5,dynamique,0.600352,0.00176056,2.06666,2.57599,3.12194,,,,,,,5,711,568,0.201125,7.88889,-0.431313,-4177.51,0.913841,0.332746,-7.35476,0.116159,-0.594675,-0.563191,-7284.58,32.5,-1337.51,2840,2.12335,322,246,-18.4586,7.17956,-5.63953,-12.8191,0.035997,0.221087,0.128542,-0.0925448,-24.0824,9.24199,-22.5551,11.302,-0.26293,0.5488,-0.240417,0.543812,0.0302898,-0.199394,-0.192863,0.601952,0.161972,1.02789,2338.84,0.730936,51,-34.0341,-0.676558,6,-90.6493,-2.26708,3,2,-10.1674,-0.0845983,-0.00340553,0.274525
R2,↳ F3 · x1 déjà retourné hors nis_z_100 Q4,48,SL-B 0.5,SL-B,0.5,dynamique,0.600352,0.00176056,2.06666,2.57599,3.12194,,,,,,,10,711,568,0.201125,7.88889,-0.572094,-7017.51,0.860742,0.325704,-12.3548,-0.022246,-0.662461,-0.636061,-9104.58,32.5,-1337.51,5680,4.24671,322,246,-23.4586,2.17956,-10.6395,-12.8191,-0.101082,0.0809462,-0.010068,-0.0910142,-29.0824,4.24199,-27.5551,6.30203,-0.398549,0.405927,-0.38048,0.407388,-0.131588,-0.26387,-0.260878,0.601952,0.161972,0.954429,2338.84,1.46187,51,-39.0341,-0.837757,6,-95.6493,-2.38327,2,2,-10.1674,-0.0870759,-0.014954,0.244911
R2,↳ F3 · x1 déjà retourné hors nis_z_100 Q4,48,SL-B 1,SL-B,1,figé,0.541109,0,2.56385,3.08101,3.62742,-15.6381,-32.9952,2.01372,-0.116512,-0.511939,0.297858,5,711,523,0.264416,7.26389,-0.560562,-6707.73,0.864954,0.359465,-12.8255,0.0842452,-0.679287,-0.654374,-9607.16,40,-4092.73,2615,0.638937,305,218,-25.6568,5.12662,-10.2651,-15.3917,-0.0632982,0.29067,0.113686,-0.176984,-31.5629,5.42667,-29.4723,9.33283,-0.308956,0.556118,-0.28507,0.553284,-0.0547687,-0.260677,-0.254026,0.600775,0.154876,0.9903,1347.47,1.16591,,,,,,,2,2,-15.6381,-0.116512,-0.0884641,0.213242
R2,↳ F3 · x1 déjà retourné hors nis_z_100 Q4,48,SL-B 1,SL-B,1,figé,0.541109,0,2.56385,3.08101,3.62742,-15.6381,-32.9952,2.01372,-0.116512,-0.511939,0.297858,10,711,523,0.264416,7.26389,-0.661865,-9322.73,0.818469,0.351816,-17.8255,-0.0516822,-0.728781,-0.717549,-11294.3,40,-4092.73,5230,1.27787,305,218,-30.6568,0.12662,-15.2651,-15.3917,-0.198554,0.153804,-0.0223752,-0.176179,-36.5629,0.426672,-34.4723,4.33283,-0.44751,0.408454,-0.425695,0.4157,-0.192176,-0.340652,-0.337972,0.600775,0.154876,0.925379,1347.47,2.33182,,,,,,,2,2,-15.6381,-0.116512,-0.075542,0.168128
R2,↳ F3 · x1 déjà retourné hors nis_z_100 Q4,48,SL-B 1,SL-B,1,dynamique,0.540395,0,2.5661,3.07269,3.61517,,,,,,,5,711,557,0.216596,7.73611,-0.581938,-7133.51,0.864297,0.360862,-12.807,0.0798601,-0.680471,-0.65565,-9579.4,40,-4348.51,2785,0.64045,318,239,-24.7189,3.04233,-10.8383,-13.8806,-0.0353169,0.233108,0.0988957,-0.134213,-30.359,4.73208,-28.5303,7.28205,-0.302004,0.54118,-0.278009,0.534974,-0.0692226,-0.256903,-0.248085,0.601094,0.157989,0.98518,1312.14,1.27581,41,-6.34526,-0.183076,7,23.6594,-1.13257,2,2,-15.6197,-0.120897,-0.102918,0.217016
R2,↳ F3 · x1 déjà retourné hors nis_z_100 Q4,48,SL-B 1,SL-B,1,dynamique,0.540395,0,2.5661,3.07269,3.61517,,,,,,,10,711,557,0.216596,7.73611,-0.683746,-9918.51,0.817535,0.35368,-17.807,-0.0560652,-0.733008,-0.722601,-11405.1,40,-4348.51,5570,1.2809,318,239,-29.7189,-1.95767,-15.8383,-13.8806,-0.169963,0.0954805,-0.0372411,-0.132722,-35.359,-0.267917,-33.5303,2.28205,-0.439531,0.396504,-0.410722,0.389515,-0.212684,-0.340733,-0.338054,0.601094,0.157989,0.920102,1312.14,2.55163,41,-11.3453,-0.326805,7,18.6594,-1.31435,2,2,-15.6197,-0.120895,-0.0960508,0.168047
R2,R2 hors nis_z_100 Q4,13,sans,sans,,figé,0,0,,,,0,0,0,0,0,0,5,1452,1240,0.146006,17.2222,-0.111035,379.558,1.00581,0.462903,0.306096,0.0312584,-0.559821,-0.550162,-7139.08,13,6579.56,6200,0.942312,661,579,-0.905592,1.68939,0.391897,-1.29749,-0.00834667,0.0764724,0.0340629,-0.0424095,-8.86422,8.7956,-8.77696,9.07314,-0.145917,0.208173,-0.144132,0.207476,0.00957907,-0.311301,-0.303789,0.600752,0.156452,1.01393,4174.64,0.892211,,,,,,,3,3,0,0,0,0
R2,R2 hors nis_z_100 Q4,13,sans,sans,,figé,0,0,,,,0,0,0,0,0,0,10,1452,1240,0.146006,17.2222,-0.521926,-5820.44,0.915337,0.435484,-4.6939,-0.105507,-0.697174,-0.689968,-10826.6,13,6579.56,12400,1.88462,661,579,-5.90559,-3.31061,-4.6081,-1.29749,-0.14592,-0.0593704,-0.102645,-0.0432746,-13.8642,3.7956,-13.777,4.07314,-0.282537,0.0732536,-0.282273,0.0719627,-0.304428,-0.460061,-0.453379,0.600752,0.156452,0.90475,4174.64,1.78442,,,,,,,3,2,0,0,0,0
R2,R2 hors nis_z_100 Q4,13,sans,sans,,dynamique,0,0,,,,,,,,,,5,1452,1240,0.146006,17.2222,-0.111035,379.558,1.00581,0.462903,0.306096,0.0312584,-0.559821,-0.550162,-7139.08,13,6579.56,6200,0.942312,661,579,-0.905592,1.68939,0.391897,-1.29749,-0.00834667,0.0764724,0.0340629,-0.0424095,-8.86422,8.7956,-8.77696,9.07314,-0.145917,0.208173,-0.144132,0.207476,0.00957907,-0.311301,-0.303789,0.600752,0.156452,1.01393,4174.64,0.892211,0,,,0,,,3,3,0,0,0,0
R2,R2 hors nis_z_100 Q4,13,sans,sans,,dynamique,0,0,,,,,,,,,,10,1452,1240,0.146006,17.2222,-0.521926,-5820.44,0.915337,0.435484,-4.6939,-0.105507,-0.697174,-0.689968,-10826.6,13,6579.56,12400,1.88462,661,579,-5.90559,-3.31061,-4.6081,-1.29749,-0.14592,-0.0593704,-0.102645,-0.0432746,-13.8642,3.7956,-13.777,4.07314,-0.282537,0.0732536,-0.282273,0.0719627,-0.304428,-0.460061,-0.453379,0.600752,0.156452,0.90475,4174.64,1.78442,0,,,0,,,3,2,0,0,0,0
R2,R2 hors nis_z_100 Q4,13,SL-A 1,SL-A,1,figé,0.637097,0.000806452,1,1,1,2.31864,-4.04479,8.56294,0.0208168,-0.106489,0.150044,5,1452,1240,0.146006,17.2222,0.281471,3254.67,1.0722,0.3,2.62474,0.0520751,-0.311999,-0.298759,-3377.93,8,9454.67,6200,0.65576,661,579,4.83967,0.0961177,2.46789,2.37178,0.071668,0.0297075,0.0506877,0.0209802,-3.83587,9.02648,-4.0513,9.02518,-0.076819,0.17834,-0.0808778,0.180911,0.128931,-0.136118,-0.133866,0.600752,0.156452,1.06276,5113.24,0.728434,,,,,,,5,3,2.31864,0.0208168,0.119352,0.175183
R2,R2 hors nis_z_100 Q4,13,SL-A 1,SL-A,1,figé,0.637097,0.000806452,1,1,1,2.31864,-4.04479,8.56294,0.0208168,-0.106489,0.150044,10,1452,1240,0.146006,17.2222,-0.310687,-2945.33,0.940437,0.289516,-2.37526,-0.08469,-0.492314,-0.486127,-6143.84,8,9454.67,12400,1.31152,661,579,-0.160332,-4.90388,-2.53211,2.37178,-0.065905,-0.106135,-0.0860202,0.0201152,-8.83587,4.02648,-9.0513,4.02518,-0.216757,0.0476118,-0.21949,0.0487815,-0.22217,-0.31508,-0.312599,0.600752,0.156452,0.905763,5113.24,1.45687,,,,,,,2,1,2.31864,0.0208168,0.0822577,0.14498
R2,R2 hors nis_z_100 Q4,13,SL-A 1,SL-A,1,dynamique,0.640293,0.000732601,1,1,1,,,,,,,5,1452,1365,0.0599174,18.9583,0.317842,3623.45,1.07312,0.299634,2.65454,0.0493091,-0.330705,-0.319969,-3532.57,7,10448.4,6825,0.653207,729,636,5.55901,-0.674642,2.44219,3.11683,0.0792269,0.0150166,0.0471217,0.0321052,-3.27791,9.00065,-3.57727,8.85227,-0.0721315,0.172209,-0.0761953,0.173725,0.146127,-0.176006,-0.174849,0.604765,0.164103,1.06385,5682.64,0.72634,132,2.73053,0.0132847,7,-1.1922,-0.140029,4,4,2.34845,0.0180508,0.136548,0.135295
R2,R2 hors nis_z_100 Q4,13,SL-A 1,SL-A,1,dynamique,0.640293,0.000732601,1,1,1,,,,,,,10,1452,1365,0.0599174,18.9583,-0.334076,-3201.55,0.941109,0.289377,-2.34546,-0.0893029,-0.555899,-0.55211,-7330.53,7,10448.4,13650,1.30641,729,636,0.559013,-5.67464,-2.55781,3.11683,-0.0603082,-0.122537,-0.0914228,0.0311145,-8.27791,4.00065,-8.57727,3.85227,-0.21461,0.0355055,-0.219913,0.0346453,-0.241506,-0.358859,-0.35406,0.604765,0.164103,0.90581,5682.64,1.45268,132,-2.26947,-0.144071,7,-6.1922,-0.304924,2,2,2.34845,0.0162039,0.0629215,0.101201
R2,R2 hors nis_z_100 Q4,13,SL-A 1.5,SL-A,1.5,figé,0.476613,0.00241935,1.5,1.5,1.5,5.41167,1.06018,9.95876,0.0848641,-0.0107321,0.184866,5,1452,1240,0.146006,17.2222,0.841458,7090.03,1.13762,0.380645,5.71776,0.116123,-0.330506,-0.320343,-3589.69,13,13290,6200,0.466515,661,579,5.97411,5.42512,5.69961,0.274495,0.118605,0.113289,0.115947,0.0026579,-0.985594,13.1051,-1.0925,13.2715,-0.0255436,0.263901,-0.0273308,0.265881,0.380194,-0.144471,-0.142796,0.600752,0.156452,1.13595,7171.48,0.519371,,,,,,,5,4,5.41167,0.0848641,0.370615,0.16683
R2,R2 hors nis_z_100 Q4,13,SL-A 1.5,SL-A,1.5,figé,0.476613,0.00241935,1.5,1.5,1.5,5.41167,1.06018,9.95876,0.0848641,-0.0107321,0.184866,10,1452,1240,0.146006,17.2222,-0.00929676,890.028,1.01606,0.36371,0.717764,-0.0206426,-0.454057,-0.444874,-5534.28,13,13290,12400,0.93303,661,579,0.974107,0.425117,0.699612,0.274495,-0.0189683,-0.022554,-0.0207611,0.00179284,-5.98559,8.10506,-6.0925,8.27146,-0.166323,0.130531,-0.167407,0.132084,-0.0489947,-0.25051,-0.246872,0.600752,0.156452,0.989986,7171.48,1.03874,,,,,,,4,3,5.41167,0.0848641,0.255433,0.209551
R2,R2 hors nis_z_100 Q4,13,SL-A 1.5,SL-A,1.5,dynamique,0.479537,0.0023166,1.5,1.5,1.5,,,,,,,5,1452,1295,0.108127,17.9861,0.776485,6760.39,1.12562,0.378378,5.22038,0.104473,-0.31216,-0.305129,-3496.19,13,13235.4,6475,0.489219,690,605,5.22811,5.21157,5.21984,0.00826632,0.111039,0.0969849,0.104012,0.00702684,-1.19077,12.1082,-1.22767,12.2308,-0.0345279,0.2527,-0.0372309,0.254083,0.361118,-0.139601,-0.137618,0.603347,0.16139,1.12468,7222,0.54094,61,-4.94773,-0.167145,6,4.63706,-0.249403,4,4,4.91429,0.0732146,0.351539,0.1717
R2,R2 hors nis_z_100 Q4,13,SL-A 1.5,SL-A,1.5,dynamique,0.479537,0.0023166,1.5,1.5,1.5,,,,,,,10,1452,1295,0.108127,17.9861,-0.0702017,285.394,1.00493,0.362162,0.220382,-0.0333797,-0.47431,-0.467539,-5686.98,13,13235.4,12950,0.978437,690,605,0.228105,0.211573,0.219839,0.00826632,-0.0276047,-0.039966,-0.0337854,0.00618066,-6.19077,7.10819,-6.22767,7.23081,-0.179038,0.118795,-0.17999,0.121086,-0.0790599,-0.283559,-0.28092,0.603347,0.16139,0.979682,7222,1.08188,61,-9.94773,-0.330633,6,-0.362939,-0.423122,4,3,4.91429,0.0721271,0.225368,0.176502
R2,R2 hors nis_z_100 Q4,13,SL-A 2,SL-A,2,figé,0.372581,0,2,2,2,2.6042,-1.49821,6.73956,0.0339826,-0.0497311,0.122956,5,1452,1240,0.146006,17.2222,0.283862,3608.76,1.06308,0.41371,2.91029,0.065241,-0.439628,-0.432588,-5255.87,13,9808.76,6200,0.632088,661,579,0.731874,5.39722,3.06455,-2.33268,0.030489,0.104915,0.0677019,-0.0372129,-4.31371,10.6979,-4.25742,11.0743,-0.0821238,0.219145,-0.0807788,0.226723,0.17629,-0.17746,-0.174062,0.600752,0.156452,1.06666,5598.1,0.665344,,,,,,,4,3,2.6042,0.0339826,0.166711,0.133841
R2,R2 hors nis_z_100 Q4,13,SL-A 2,SL-A,2,figé,0.372581,0,2,2,2,2.6042,-1.49821,6.73956,0.0339826,-0.0497311,0.122956,10,1452,1240,0.146006,17.2222,-0.309412,-2591.24,0.957458,0.391129,-2.08971,-0.0715241,-0.579591,-0.574379,-7942.64,13,9808.76,12400,1.26418,661,579,-4.26813,0.397225,-1.93545,-2.33268,-0.107084,-0.0309281,-0.069006,-0.038078,-9.31371,5.69793,-9.25742,6.07426,-0.219109,0.0838312,-0.218233,0.0909323,-0.189531,-0.33217,-0.329713,0.600752,0.156452,0.939062,5598.1,1.33069,,,,,,,3,3,2.6042,0.0339826,0.114897,0.127891
R2,R2 hors nis_z_100 Q4,13,SL-A 2,SL-A,2,dynamique,0.376582,0,2,2,2,,,,,,,5,1452,1264,0.129477,17.5556,0.170939,2697.8,1.04603,0.40981,2.13434,0.0483712,-0.456234,-0.449403,-5554.6,13,9017.8,6320,0.700836,675,589,-0.033888,4.61914,2.29263,-2.32652,0.0206458,0.0801448,0.0503953,-0.0297495,-5.0909,9.86137,-5.02316,10.1284,-0.0970101,0.203067,-0.098077,0.211462,0.121723,-0.191403,-0.188062,0.601731,0.158228,1.04851,5204.92,0.730643,28,-31.7806,-0.748535,4,5.27564,-0.300333,4,3,1.82824,0.0171128,0.112144,0.119898
R2,R2 hors nis_z_100 Q4,13,SL-A 2,SL-A,2,dynamique,0.376582,0,2,2,2,,,,,,,10,1452,1264,0.129477,17.5556,-0.377697,-3622.2,0.941956,0.387658,-2.86566,-0.0885977,-0.614132,-0.609162,-8705.83,13,9017.8,12640,1.40167,675,589,-5.03389,-0.380856,-2.70737,-2.32652,-0.116537,-0.0565786,-0.086558,-0.0299794,-10.0909,4.86137,-10.0232,5.12844,-0.237651,0.0711835,-0.237299,0.0771687,-0.233166,-0.370092,-0.367775,0.601731,0.158228,0.923141,5204.92,1.46129,28,-36.7806,-0.902293,4,0.275642,-0.49163,3,2,1.82824,0.016909,0.0712616,0.0899686
R2,R2 hors nis_z_100 Q4,13,SL-A 2.5,SL-A,2.5,figé,0.302419,0,2.5,2.5,2.5,0.0705776,-3.6351,4.1192,-0.0267421,-0.107642,0.0605426,5,1452,1240,0.146006,17.2222,-0.0724513,467.075,1.00756,0.425,0.376673,0.00451629,-0.511741,-0.503793,-6344.42,13,6667.07,6200,0.929943,661,579,-2.1016,3.20592,0.552164,-2.65376,-0.0519344,0.0689617,0.00851367,-0.0604481,-7.27823,8.35357,-7.13132,8.60474,-0.146056,0.166785,-0.145327,0.174321,-0.0136908,-0.257436,-0.253653,0.600752,0.156452,1.00438,3858.42,0.965333,,,,,,,4,3,0.0705776,-0.0267421,-0.0232699,0.0538647
R2,R2 hors nis_z_100 Q4,13,SL-A 2.5,SL-A,2.5,figé,0.302419,0,2.5,2.5,2.5,0.0705776,-3.6351,4.1192,-0.0267421,-0.107642,0.0605426,10,1452,1240,0.146006,17.2222,-0.501157,-5732.93,0.912367,0.402419,-4.62333,-0.132249,-0.676952,-0.672791,-10412.6,13,6667.07,12400,1.85989,661,579,-7.1016,-1.79408,-4.44784,-2.65376,-0.189507,-0.0668811,-0.128194,-0.0613131,-12.2782,3.35357,-12.1313,3.60474,-0.285857,0.0338624,-0.283128,0.0398859,-0.32047,-0.439362,-0.437299,0.600752,0.156452,0.890352,3858.42,1.93067,,,,,,,3,2,0.0705776,-0.0267421,-0.0160418,0.020699
R2,R2 hors nis_z_100 Q4,13,SL-A 2.5,SL-A,2.5,dynamique,0.3032,0,2.5,2.5,2.5,,,,,,,5,1452,1250,0.139118,17.3611,-0.10506,115.385,1.00185,0.424,0.0923084,0.00310785,-0.531004,-0.52337,-6744.97,13,6365.39,6250,0.981873,669,581,-2.41419,2.97845,0.282129,-2.69632,-0.050947,0.06535,0.0072015,-0.0581485,-7.43293,8.01896,-7.32358,8.14578,-0.15027,0.166052,-0.14767,0.172607,-0.0226872,-0.271537,-0.267825,0.600442,0.156,1.00144,3797.24,0.988288,11,-32.8562,-0.200744,1,-9.72951,-0.492791,4,3,-0.213787,-0.0281505,-0.0322663,0.0397639
R2,R2 hors nis_z_100 Q4,13,SL-A 2.5,SL-A,2.5,dynamique,0.3032,0,2.5,2.5,2.5,,,,,,,10,1452,1250,0.139118,17.3611,-0.521104,-6134.61,0.907232,0.4016,-4.90769,-0.133469,-0.690478,-0.686492,-10838.2,13,6365.39,12500,1.96375,669,581,-7.41419,-2.02155,-4.71787,-2.69632,-0.188463,-0.070145,-0.129304,-0.0591588,-12.4329,3.01896,-12.3236,3.14578,-0.291753,0.0331757,-0.287872,0.0392212,-0.328557,-0.450663,-0.448642,0.600442,0.156,0.88794,3797.24,1.97658,11,-37.8562,-0.326655,1,-14.7295,-0.746037,3,2,-0.213787,-0.0279618,-0.024129,0.00939803
R2,R2 hors nis_z_100 Q4,13,SL-A 3,SL-A,3,figé,0.240323,0,3,3,3,-0.0618365,-3.24541,3.2627,-0.0325369,-0.108309,0.043185,5,1452,1240,0.146006,17.2222,-0.0947973,302.881,1.00479,0.441129,0.244259,-0.00127856,-0.560977,-0.550749,-7264.6,13,6502.88,6200,0.953424,661,579,-2.56472,3.45106,0.443168,-3.00789,-0.0831178,0.092151,0.00451662,-0.0876344,-7.69832,8.38949,-7.67378,8.75465,-0.157253,0.161576,-0.153333,0.17056,-0.0282158,-0.313549,-0.310051,0.600752,0.156452,1.00009,3727.64,0.999202,,,,,,,3,3,-0.0618365,-0.0325369,-0.0377948,-0.00224777
R2,R2 hors nis_z_100 Q4,13,SL-A 3,SL-A,3,figé,0.240323,0,3,3,3,-0.0618365,-3.24541,3.2627,-0.0325369,-0.108309,0.043185,10,1452,1240,0.146006,17.2222,-0.513182,-5897.12,0.911751,0.417742,-4.75574,-0.138044,-0.703694,-0.701304,-11161,13,6502.88,12400,1.90685,661,579,-7.56472,-1.54894,-4.55683,-3.00789,-0.220691,-0.0436918,-0.132191,-0.0884994,-12.6983,3.38949,-12.6738,3.75465,-0.294365,0.0307352,-0.290499,0.038089,-0.330483,-0.46676,-0.46521,0.600752,0.156452,0.88927,3727.64,1.9984,,,,,,,3,2,-0.0618365,-0.0325369,-0.0260556,-0.00669938
R2,R2 hors nis_z_100 Q4,13,SL-A 3,SL-A,3,dynamique,0.241352,0,3,3,3,,,,,,,5,1452,1243,0.143939,17.2639,-0.110652,130.103,1.00205,0.440869,0.104669,5.03215e-05,-0.566644,-0.556548,-7393.69,13,6345.1,6215,0.979496,665,578,-2.82374,3.47386,0.325059,-3.1488,-0.0808807,0.093163,0.00614115,-0.0870219,-7.90648,8.37085,-7.79758,8.54972,-0.157318,0.16978,-0.152602,0.176694,-0.0288945,-0.318904,-0.315434,0.600913,0.156879,0.99993,3732.45,1.0006,4,-45.6269,0.288793,1,-9.72951,-0.492791,3,3,-0.201427,-0.0312081,-0.0384736,-0.00760311
R2,R2 hors nis_z_100 Q4,13,SL-A 3,SL-A,3,dynamique,0.241352,0,3,3,3,,,,,,,10,1452,1243,0.143939,17.2639,-0.52243,-6084.9,0.909398,0.417538,-4.89533,-0.136713,-0.707667,-0.705309,-11295.1,13,6345.1,12430,1.95899,665,578,-7.82374,-1.52614,-4.67494,-3.1488,-0.218621,-0.0424767,-0.130549,-0.0880721,-12.9065,3.37085,-12.7976,3.54972,-0.296574,0.0326062,-0.290973,0.0402942,-0.331618,-0.471081,-0.469544,0.600913,0.156879,0.889359,3732.45,2.00119,4,-50.6269,0.123421,1,-14.7295,-0.746037,2,2,-0.201427,-0.0312064,-0.0271906,-0.0110206
R2,R2 hors nis_z_100 Q4,13,SL-A 4,SL-A,4,figé,0.149194,0,4,4,4,-0.822506,-3.26666,1.58224,-0.0370461,-0.101249,0.0241408,5,1452,1240,0.146006,17.2222,-0.186941,-640.349,0.990224,0.451613,-0.516411,-0.00578772,-0.594108,-0.584652,-7988.52,13,5559.65,6200,1.11518,661,579,-2.05835,1.2439,-0.407223,-1.65113,-0.0583302,0.0541961,-0.0020671,-0.0562631,-9.47421,8.35184,-9.467,8.43998,-0.17268,0.165315,-0.170156,0.170597,-0.0593038,-0.340292,-0.336931,0.600752,0.156452,0.990927,3429.7,1.086,,,,,,,3,3,-0.822506,-0.0370461,-0.0688829,-0.0289913
R2,R2 hors nis_z_100 Q4,13,SL-A 4,SL-A,4,figé,0.149194,0,4,4,4,-0.822506,-3.26666,1.58224,-0.0370461,-0.101249,0.0241408,10,1452,1240,0.146006,17.2222,-0.562764,-6840.35,0.900834,0.426613,-5.51641,-0.142553,-0.729762,-0.727798,-12019.6,13,5559.65,12400,2.23036,661,579,-7.05835,-3.7561,-5.40722,-1.65113,-0.195903,-0.0816468,-0.138775,-0.0571282,-14.4742,3.35184,-14.467,3.43998,-0.311067,0.0300656,-0.308366,0.0359896,-0.351906,-0.491759,-0.490671,0.600752,0.156452,0.883954,3429.7,2.172,,,,,,,2,2,-0.822506,-0.0370461,-0.0474781,-0.0316979
R2,R2 hors nis_z_100 Q4,13,SL-A 4,SL-A,4,dynamique,0.149194,0,4,4,4,,,,,,,5,1452,1240,0.146006,17.2222,-0.191834,-700.559,0.989314,0.450806,-0.564967,-0.00697197,-0.59655,-0.587151,-8048.73,13,5499.44,6200,1.12739,661,579,-2.14944,1.2439,-0.452768,-1.69667,-0.0605518,0.0541961,-0.00317789,-0.0573739,-9.54017,8.3039,-9.50404,8.42269,-0.173623,0.164007,-0.172633,0.169519,-0.0627559,-0.342713,-0.339364,0.600709,0.156452,0.989808,3392.73,1.09776,1,-54.1344,-1.30868,1,6.07522,0.159789,3,3,-0.871062,-0.0382303,-0.072335,-0.0314122
R2,R2 hors nis_z_100 Q4,13,SL-A 4,SL-A,4,dynamique,0.149194,0,4,4,4,,,,,,,10,1452,1240,0.146006,17.2222,-0.565396,-6900.56,0.900047,0.425806,-5.56497,-0.143729,-0.731389,-0.729437,-12079.8,13,5499.44,12400,2.25477,661,579,-7.14944,-3.7561,-5.45277,-1.69667,-0.198109,-0.0816468,-0.139878,-0.058231,-14.5402,3.3039,-14.504,3.42269,-0.311095,0.0300359,-0.308617,0.035965,-0.354268,-0.493611,-0.492527,0.600709,0.156452,0.883022,3392.73,2.19552,1,-59.1344,-1.42955,1,1.07522,0.0282801,2,2,-0.871062,-0.0382218,-0.0498399,-0.0335501
R2,R2 hors nis_z_100 Q4,13,SL-A 5,SL-A,5,figé,0.0919355,0,5,5,5,-1.40231,-3.50868,0.904422,-0.0304412,-0.081731,0.0193308,5,1452,1240,0.146006,17.2222,-0.251545,-1359.3,0.979616,0.457258,-1.09621,0.000817215,-0.644068,-0.635775,-9194.41,13,4840.7,6200,1.28081,661,579,-2.16948,0.129058,-1.02021,-1.14927,-0.0351387,0.0418653,0.00336332,-0.038502,-10.3377,7.92489,-10.2937,7.89253,-0.174196,0.181094,-0.174486,0.185026,-0.0547326,-0.364987,-0.361751,0.600752,0.156452,0.992954,3493.92,1.06604,,,,,,,3,3,-1.40231,-0.0304412,-0.0643117,-0.0536856
R2,R2 hors nis_z_100 Q4,13,SL-A 5,SL-A,5,figé,0.0919355,0,5,5,5,-1.40231,-3.50868,0.904422,-0.0304412,-0.081731,0.0193308,10,1452,1240,0.146006,17.2222,-0.597525,-7559.3,0.892204,0.431452,-6.09621,-0.135948,-0.756174,-0.753413,-13005.1,13,4840.7,12400,2.56161,661,579,-7.16948,-4.87094,-6.02021,-1.14927,-0.172712,-0.0939775,-0.133345,-0.0393671,-15.3377,2.92489,-15.2937,2.89253,-0.313031,0.0492575,-0.308803,0.0515261,-0.348751,-0.503372,-0.502218,0.600752,0.156452,0.886509,3493.92,2.13208,,,,,,,2,2,-1.40231,-0.0304412,-0.0443231,-0.0433114
R2,R2 hors nis_z_100 Q4,13,SL-A 5,SL-A,5,dynamique,0.0919355,0,5,5,5,,,,,,,5,1452,1240,0.146006,17.2222,-0.251545,-1359.3,0.979616,0.457258,-1.09621,0.000817215,-0.644068,-0.635775,-9194.41,13,4840.7,6200,1.28081,661,579,-2.16948,0.129058,-1.02021,-1.14927,-0.0351387,0.0418653,0.00336332,-0.038502,-10.3377,7.92489,-10.2937,7.89253,-0.174196,0.181094,-0.174486,0.185026,-0.0547326,-0.364987,-0.361751,0.600752,0.156452,0.992954,3493.92,1.06604,0,,,0,,,3,3,-1.40231,-0.0304412,-0.0643117,-0.0536856
R2,R2 hors nis_z_100 Q4,13,SL-A 5,SL-A,5,dynamique,0.0919355,0,5,5,5,,,,,,,10,1452,1240,0.146006,17.2222,-0.597525,-7559.3,0.892204,0.431452,-6.09621,-0.135948,-0.756174,-0.753413,-13005.1,13,4840.7,12400,2.56161,661,579,-7.16948,-4.87094,-6.02021,-1.14927,-0.172712,-0.0939775,-0.133345,-0.0393671,-15.3377,2.92489,-15.2937,2.89253,-0.313031,0.0492575,-0.308803,0.0515261,-0.348751,-0.503372,-0.502218,0.600752,0.156452,0.886509,3493.92,2.13208,0,,,0,,,2,2,-1.40231,-0.0304412,-0.0443231,-0.0433114
R2,R2 hors nis_z_100 Q4,13,SL-B 0,SL-B,0,figé,0.417742,0,1.2393,1.77343,2.45783,2.8626,-1.47868,7.46707,0.0462703,-0.0495689,0.141812,5,1452,1240,0.146006,17.2222,0.334377,3929.18,1.07164,0.395968,3.16869,0.0775286,-0.394492,-0.376464,-4332.37,13,10129.2,6200,0.612093,661,579,3.48513,2.80743,3.14628,0.338851,0.0754464,0.0799058,0.0776761,-0.00222967,-4.16381,10.6791,-4.18461,10.9606,-0.0683052,0.233654,-0.0688551,0.233695,0.217094,-0.148219,-0.145291,0.600752,0.156452,1.08213,5921.27,0.629031,,,,,,,4,3,2.8626,0.0462703,0.207515,0.163082
R2,R2 hors nis_z_100 Q4,13,SL-B 0,SL-B,0,figé,0.417742,0,1.2393,1.77343,2.45783,2.8626,-1.47868,7.46707,0.0462703,-0.0495689,0.141812,10,1452,1240,0.146006,17.2222,-0.282224,-2270.82,0.961277,0.378226,-1.83131,-0.0592365,-0.552038,-0.543161,-7163.81,13,10129.2,12400,1.22419,661,579,-1.51487,-2.19257,-1.85372,0.338851,-0.0621265,-0.0559371,-0.0590318,-0.00309473,-9.16381,5.67913,-9.18461,5.96056,-0.208747,0.0961172,-0.209502,0.100159,-0.161408,-0.324102,-0.321615,0.600752,0.156452,0.947452,5921.27,1.25806,,,,,,,3,3,2.8626,0.0462703,0.14302,0.135959
R2,R2 hors nis_z_100 Q4,13,SL-B 0,SL-B,0,dynamique,0.416139,0,1.2392,1.77642,2.47025,,,,,,,5,1452,1264,0.129477,17.5556,0.33158,3916.19,1.07034,0.39557,3.09825,0.076448,-0.397675,-0.379742,-4377.39,13,10236.2,6320,0.617417,676,588,3.55522,2.5729,3.06406,0.49116,0.0793753,0.0730827,0.076229,0.00314629,-4.08319,10.6011,-4.14089,10.6737,-0.0706694,0.229342,-0.0736014,0.231645,0.222085,-0.148522,-0.145595,0.602025,0.159019,1.08226,6045.84,0.629325,29,-7.40495,-0.152335,5,-40.351,-0.982498,4,3,2.79216,0.0451896,0.212506,0.162779
R2,R2 hors nis_z_100 Q4,13,SL-B 0,SL-B,0,dynamique,0.416139,0,1.2392,1.77642,2.47025,,,,,,,10,1452,1264,0.129477,17.5556,-0.292276,-2403.81,0.959634,0.378165,-1.90175,-0.0607491,-0.55999,-0.551269,-7339.47,13,10236.2,12640,1.23483,676,588,-1.44478,-2.4271,-1.93594,0.49116,-0.0586631,-0.0631472,-0.0609052,0.00224205,-9.08319,5.60109,-9.14089,5.67374,-0.207443,0.0928732,-0.211349,0.0953728,-0.164688,-0.33176,-0.329302,0.602025,0.159019,0.947221,6045.84,1.25865,29,-12.4049,-0.331455,5,-45.351,-1.25571,3,2,2.79216,0.0447577,0.13974,0.1283
R2,R2 hors nis_z_100 Q4,13,SL-B 0.25,SL-B,0.25,figé,0.375,0.0016129,1.4893,2.02343,2.70783,2.06465,-1.77553,5.95943,0.0178798,-0.0686176,0.105095,5,1452,1240,0.146006,17.2222,0.198405,2939.72,1.05107,0.410484,2.37074,0.0491381,-0.445252,-0.436195,-5091.88,13,9139.72,6200,0.678358,661,579,2.21963,2.54326,2.38144,-0.161814,0.0437923,0.0552411,0.0495167,-0.00572438,-5.40679,10.2909,-5.40705,10.3006,-0.105659,0.209595,-0.107033,0.213561,0.121515,-0.203198,-0.199331,0.600752,0.156452,1.04937,5115.18,0.728158,,,,,,,4,3,2.06465,0.0178798,0.111936,0.108103
R2,R2 hors nis_z_100 Q4,13,SL-B 0.25,SL-B,0.25,figé,0.375,0.0016129,1.4893,2.02343,2.70783,2.06465,-1.77553,5.95943,0.0178798,-0.0686176,0.105095,10,1452,1240,0.146006,17.2222,-0.355402,-3260.28,0.9468,0.389516,-2.62926,-0.087627,-0.634511,-0.629803,-9229.24,13,9139.72,12400,1.35672,661,579,-2.78037,-2.45674,-2.61856,-0.161814,-0.0937806,-0.0806018,-0.0871912,-0.00658944,-10.4068,5.29093,-10.407,5.30058,-0.243142,0.0762342,-0.245882,0.078144,-0.22729,-0.388786,-0.386538,0.600752,0.156452,0.923364,5115.18,1.45632,,,,,,,3,2,2.06465,0.0178798,0.0771382,0.0712747
R2,R2 hors nis_z_100 Q4,13,SL-B 0.25,SL-B,0.25,dynamique,0.373111,0.00159109,1.493,2.02681,2.72007,,,,,,,5,1452,1257,0.134298,17.4583,0.221282,3135.1,1.05396,0.411297,2.49411,0.0526614,-0.440434,-0.431298,-5003.36,13,9420.1,6285,0.667191,675,582,2.39411,2.61009,2.5021,-0.107986,0.0488731,0.057055,0.052964,-0.00409095,-5.22472,10.4455,-5.34191,10.5254,-0.102613,0.213795,-0.104865,0.216471,0.135233,-0.20006,-0.196177,0.602016,0.158313,1.05312,5298.93,0.714044,20,1.88374,0.0892767,3,-52.568,-1.1595,4,4,2.18802,0.021403,0.125654,0.111241
R2,R2 hors nis_z_100 Q4,13,SL-B 0.25,SL-B,0.25,dynamique,0.373111,0.00159109,1.493,2.02681,2.72007,,,,,,,10,1452,1257,0.134298,17.4583,-0.348653,-3149.9,0.949082,0.390613,-2.50589,-0.084462,-0.636225,-0.63154,-9273.98,13,9420.1,12570,1.33438,675,582,-2.60589,-2.38991,-2.4979,-0.107986,-0.0898338,-0.0782318,-0.0840328,-0.00580102,-10.2247,5.44548,-10.3419,5.52536,-0.239378,0.0793596,-0.239261,0.0817623,-0.222436,-0.393763,-0.391533,0.602016,0.158313,0.926466,5298.93,1.42809,20,-3.11626,-0.0888481,3,-57.568,-1.42188,3,2,2.18802,0.0210447,0.0819914,0.0662978
R2,R2 hors nis_z_100 Q4,13,SL-B 0.5,SL-B,0.5,figé,0.332258,0.000806452,1.7393,2.27343,2.95783,1.04191,-2.38775,4.63648,0.00333943,-0.0772209,0.086933,5,1452,1240,0.146006,17.2222,0.048297,1671.52,1.0279,0.418548,1.348,0.0345978,-0.477981,-0.468522,-5659.31,13,7871.52,6200,0.78765,661,579,-0.405871,3.35026,1.4722,-1.87807,-0.0105244,0.0861104,0.037793,-0.0483174,-6.2361,9.02314,-6.18356,9.27355,-0.116184,0.193253,-0.116087,0.199295,0.0802555,-0.218307,-0.214324,0.600752,0.156452,1.03534,4758.11,0.782803,,,,,,,3,3,1.04191,0.00333943,0.0706764,0.092994
R2,R2 hors nis_z_100 Q4,13,SL-B 0.5,SL-B,0.5,figé,0.332258,0.000806452,1.7393,2.27343,2.95783,1.04191,-2.38775,4.63648,0.00333943,-0.0772209,0.086933,10,1452,1240,0.146006,17.2222,-0.436182,-4528.48,0.928776,0.396774,-3.652,-0.102167,-0.640855,-0.636229,-9356.1,13,7871.52,12400,1.5753,661,579,-5.40587,-1.64974,-3.5278,-1.87807,-0.148097,-0.0497325,-0.0989149,-0.0491824,-11.2361,4.02314,-11.1836,4.27355,-0.256022,0.0578523,-0.254045,0.0645907,-0.25572,-0.389883,-0.387639,0.600752,0.156452,0.914558,4758.11,1.56561,,,,,,,3,3,1.04191,0.00333943,0.048708,0.0701773
R2,R2 hors nis_z_100 Q4,13,SL-B 0.5,SL-B,0.5,dynamique,0.330677,0.000796813,1.74287,2.27681,2.97019,,,,,,,5,1452,1255,0.135675,17.4306,0.0762153,1940.54,1.03214,0.41992,1.54625,0.0406889,-0.469438,-0.459825,-5495.34,13,8215.54,6275,0.763796,672,583,-0.0714253,3.41087,1.66972,-1.74115,0.00132177,0.0860659,0.0436938,-0.042372,-5.91477,9.20661,-5.91142,9.54695,-0.108391,0.198809,-0.108508,0.206348,0.0987199,-0.212058,-0.208043,0.601695,0.157769,1.04081,4981.72,0.757898,17,6.15172,0.313987,2,-82.2208,-1.41279,4,3,1.24015,0.00943057,0.0891408,0.0992428
R2,R2 hors nis_z_100 Q4,13,SL-B 0.5,SL-B,0.5,dynamique,0.330677,0.000796813,1.74287,2.27681,2.97019,,,,,,,10,1452,1255,0.135675,17.4306,-0.425485,-4334.46,0.932353,0.398406,-3.45375,-0.0961534,-0.638955,-0.634305,-9301.5,13,8215.54,12550,1.52759,672,583,-5.07143,-1.58913,-3.33028,-1.74115,-0.136389,-0.0497753,-0.0930823,-0.0433069,-10.9148,4.20661,-10.9114,4.54695,-0.248657,0.0656372,-0.247808,0.0706884,-0.246842,-0.391072,-0.388832,0.601695,0.157769,0.91928,4981.72,1.5158,17,1.15172,0.168276,2,-87.2208,-1.5771,3,3,1.24015,0.0093533,0.0575856,0.0689883
R2,R2 hors nis_z_100 Q4,13,SL-B 1,SL-B,1,figé,0.269355,0,2.2393,2.77343,3.45783,-0.980411,-4.4322,2.62541,-0.0307421,-0.106959,0.0459631,5,1452,1240,0.146006,17.2222,-0.192537,-836.152,0.986854,0.432258,-0.674316,0.00051624,-0.568278,-0.55822,-7433.78,13,5363.85,6200,1.15589,661,579,-3.39374,2.43024,-0.481749,-2.91199,-0.0702494,0.0813039,0.00552728,-0.0757767,-8.81522,7.46081,-8.73259,7.64593,-0.152151,0.164424,-0.149626,0.169949,-0.041897,-0.296287,-0.292702,0.600752,0.156452,0.995358,3579.95,1.04042,,,,,,,3,3,-0.980411,-0.0307421,-0.0514761,0.0150139
R2,R2 hors nis_z_100 Q4,13,SL-B 1,SL-B,1,figé,0.269355,0,2.2393,2.77343,3.45783,-0.980411,-4.4322,2.62541,-0.0307421,-0.106959,0.0459631,10,1452,1240,0.146006,17.2222,-0.565772,-7036.15,0.895279,0.409677,-5.67432,-0.136249,-0.709345,-0.705833,-11411,13,5363.85,12400,2.31177,661,579,-8.39374,-2.56976,-5.48175,-2.91199,-0.207822,-0.0545389,-0.131181,-0.0766417,-13.8152,2.46081,-13.7326,2.64593,-0.290676,0.0290824,-0.289119,0.0369606,-0.339903,-0.45751,-0.455933,0.600752,0.156452,0.884058,3579.95,2.08085,,,,,,,3,2,-0.980411,-0.0307421,-0.0354755,0.0025503
R2,R2 hors nis_z_100 Q4,13,SL-B 1,SL-B,1,dynamique,0.270683,0,2.24063,2.77378,3.45606,,,,,,,5,1452,1245,0.142562,17.2917,-0.20099,-935.858,0.985379,0.432129,-0.751693,0.00120533,-0.576817,-0.566958,-7632.37,13,5289.14,6225,1.17694,666,579,-3.45018,2.35227,-0.548957,-2.90122,-0.0646183,0.0769195,0.00615063,-0.0707689,-8.97448,7.40502,-8.83658,7.65084,-0.152874,0.169521,-0.150941,0.177445,-0.0424949,-0.306228,-0.302692,0.601114,0.15743,0.995264,3593.24,1.04138,6,-18.2392,0.0612841,1,-9.72951,-0.492791,3,3,-1.05779,-0.030053,-0.052074,0.0050736
R2,R2 hors nis_z_100 Q4,13,SL-B 1,SL-B,1,dynamique,0.270683,0,2.24063,2.77378,3.45606,,,,,,,10,1452,1245,0.142562,17.2917,-0.571393,-7160.86,0.894083,0.409639,-5.75169,-0.135633,-0.715382,-0.711943,-11619.6,13,5289.14,12450,2.35388,666,579,-8.45018,-2.64773,-5.54896,-2.90122,-0.202288,-0.0589629,-0.130625,-0.0716623,-13.9745,2.40502,-13.8366,2.65084,-0.291608,0.0334022,-0.289024,0.041046,-0.341453,-0.465605,-0.464052,0.601114,0.15743,0.88424,3593.24,2.08276,6,-23.2392,-0.110087,1,-14.7295,-0.746037,3,2,-1.05779,-0.0301263,-0.0370251,-0.00554447
R2,R2 hors nis_z_100 Q4,26,sans,sans,,figé,0,0,,,,0,0,0,0,0,0,5,1452,1080,0.256198,15,1.87391,13308.6,1.17801,0.493519,12.3228,0.353872,-0.476126,-0.459874,-5852.04,26,18708.6,5400,0.288637,580,500,14.2382,10.1009,12.1696,2.06863,0.481809,0.205465,0.343637,0.138172,-1.53777,25.8023,-1.70445,25.5988,0.0506798,0.642866,0.0453673,0.625706,1.21692,-0.204728,-0.196093,0.600229,0.156481,1.23423,11854.7,0.273414,,,,,,,5,5,0,0,0,0
R2,R2 hors nis_z_100 Q4,26,sans,sans,,figé,0,0,,,,0,0,0,0,0,0,10,1452,1080,0.256198,15,0.675196,7908.63,1.10197,0.475,7.3228,0.218052,-0.511208,-0.498015,-6278.48,26,18708.6,10800,0.577274,580,500,9.23821,5.10094,7.16957,2.06863,0.345409,0.0703171,0.207863,0.137546,-6.53777,20.8023,-6.70445,20.5988,-0.0884483,0.509706,-0.0929959,0.491838,0.603498,-0.222392,-0.215096,0.600229,0.156481,1.13976,11854.7,0.546828,,,,,,,5,4,0,0,0,0
R2,R2 hors nis_z_100 Q4,26,sans,sans,,dynamique,0,0,,,,,,,,,,5,1452,1080,0.256198,15,1.87391,13308.6,1.17801,0.493519,12.3228,0.353872,-0.476126,-0.459874,-5852.04,26,18708.6,5400,0.288637,580,500,14.2382,10.1009,12.1696,2.06863,0.481809,0.205465,0.343637,0.138172,-1.53777,25.8023,-1.70445,25.5988,0.0506798,0.642866,0.0453673,0.625706,1.21692,-0.204728,-0.196093,0.600229,0.156481,1.23423,11854.7,0.273414,0,,,0,,,5,5,0,0,0,0
R2,R2 hors nis_z_100 Q4,26,sans,sans,,dynamique,0,0,,,,,,,,,,10,1452,1080,0.256198,15,0.675196,7908.63,1.10197,0.475,7.3228,0.218052,-0.511208,-0.498015,-6278.48,26,18708.6,10800,0.577274,580,500,9.23821,5.10094,7.16957,2.06863,0.345409,0.0703171,0.207863,0.137546,-6.53777,20.8023,-6.70445,20.5988,-0.0884483,0.509706,-0.0929959,0.491838,0.603498,-0.222392,-0.215096,0.600229,0.156481,1.13976,11854.7,0.546828,0,,,0,,,5,4,0,0,0,0
R2,R2 hors nis_z_100 Q4,26,SL-A 1,SL-A,1,figé,0.748148,0,1,1,1,-7.06498,-16.9469,2.69869,-0.23774,-0.444646,-0.0121285,5,1452,1080,0.256198,15,0.579531,5678.45,1.12561,0.233333,5.25782,0.116132,-0.241236,-0.22313,-2146.91,7.5,11078.4,5400,0.487433,580,500,1.61514,9.48334,5.54924,-3.9341,0.0647794,0.1757,0.12024,-0.0554605,-3.0084,13.823,-2.87542,14.4312,-0.0587495,0.288059,-0.058524,0.300066,0.32113,-0.119345,-0.118039,0.600229,0.156481,1.13755,6266.66,0.517219,,,,,,,6,5,-7.06498,-0.23774,-0.895788,0.0853827
R2,R2 hors nis_z_100 Q4,26,SL-A 1,SL-A,1,figé,0.748148,0,1,1,1,-7.06498,-16.9469,2.69869,-0.23774,-0.444646,-0.0121285,10,1452,1080,0.256198,15,-0.0794944,278.45,1.00564,0.227778,0.257824,-0.0196888,-0.434942,-0.420809,-4755.32,7.5,11078.4,10800,0.974866,580,500,-3.38486,4.48334,0.549239,-3.9341,-0.0716209,0.0405525,-0.0155342,-0.0560867,-8.0084,8.82302,-7.87542,9.43121,-0.195308,0.156151,-0.196264,0.169832,-0.04459,-0.219234,-0.213937,0.600229,0.156481,0.991191,6266.66,1.03444,,,,,,,2,2,-7.06498,-0.23774,-0.648088,0.00315787
R2,R2 hors nis_z_100 Q4,26,SL-A 1,SL-A,1,dynamique,0.745802,0,1,1,1,,,,,,,5,1452,1310,0.0977961,18.1944,0.780385,7137.68,1.13115,0.232824,5.44861,0.0909375,-0.263927,-0.25971,-2652.29,7,13687.7,6550,0.478533,700,610,6.36891,4.39253,5.38072,0.988187,0.11204,0.066722,0.0893808,0.0226588,-2.85932,13.9623,-3.09013,13.9854,-0.0729813,0.250787,-0.0774203,0.2545,0.319712,-0.162616,-0.160959,0.603588,0.161832,1.11492,7004.84,0.564395,244,4.26699,-0.0403186,14,-29.8631,-0.253119,4,4,-6.8742,-0.262934,-0.897206,0.0421117
R2,R2 hors nis_z_100 Q4,26,SL-A 1,SL-A,1,dynamique,0.745802,0,1,1,1,,,,,,,10,1452,1310,0.0977961,18.1944,-0.0751389,587.678,1.00988,0.225954,0.448609,-0.0473696,-0.518229,-0.515271,-6708.31,7,13687.7,13100,0.957065,700,610,1.36891,-0.607468,0.380718,0.988187,-0.0275584,-0.0701037,-0.048831,0.0212726,-7.85932,8.96232,-8.09013,8.98539,-0.216678,0.116998,-0.220386,0.119207,-0.111258,-0.327742,-0.325815,0.603588,0.161832,0.969542,7004.84,1.12879,244,-0.733014,-0.191762,14,-34.8631,-0.428546,2,2,-6.8742,-0.265421,-0.714755,-0.10535
R2,R2 hors nis_z_100 Q4,26,SL-A 1.5,SL-A,1.5,figé,0.622222,0.00185185,1.5,1.5,1.5,-4.68293,-12.701,3.25822,-0.172487,-0.346762,0.00818571,5,1452,1080,0.256198,15,0.981836,8251.06,1.14863,0.32037,7.63987,0.181385,-0.377441,-0.368275,-4265.86,15,13651.1,5400,0.395574,580,500,5.53572,10.0807,7.80821,-2.27249,0.157535,0.209051,0.183293,-0.0257581,-1.89993,17.5575,-1.91742,17.8938,-0.0135709,0.394524,-0.016176,0.39362,0.581275,-0.136364,-0.134211,0.600229,0.156481,1.1822,8135.76,0.398393,,,,,,,5,5,-4.68293,-0.172487,-0.635643,0.0683641
R2,R2 hors nis_z_100 Q4,26,SL-A 1.5,SL-A,1.5,figé,0.622222,0.00185185,1.5,1.5,1.5,-4.68293,-12.701,3.25822,-0.172487,-0.346762,0.00818571,10,1452,1080,0.256198,15,0.155071,2851.06,1.04815,0.311111,2.63987,0.0455643,-0.430102,-0.423157,-5140.86,15,13651.1,10800,0.791147,580,500,0.535718,5.0807,2.80821,-2.27249,0.0211343,0.0739031,0.0475187,-0.0263844,-6.89993,12.5575,-6.91742,12.8938,-0.153831,0.260994,-0.152841,0.263211,0.143614,-0.188991,-0.184732,0.600229,0.156481,1.05683,8135.76,0.796787,,,,,,,4,3,-4.68293,-0.172487,-0.459883,0.0334011
R2,R2 hors nis_z_100 Q4,26,SL-A 1.5,SL-A,1.5,dynamique,0.621488,0.00165289,1.5,1.5,1.5,,,,,,,5,1452,1210,0.166667,16.8056,1.3842,10423.7,1.16818,0.316529,8.61462,0.152262,-0.337753,-0.320597,-3586.19,15,16473.7,6050,0.367252,644,566,7.45244,9.93695,8.6947,-1.24225,0.181402,0.119108,0.150255,0.0311469,-1.32007,18.734,-1.4159,18.9736,-0.04232,0.360178,-0.0435503,0.356336,0.573536,-0.145379,-0.142745,0.599424,0.157025,1.16226,8500.86,0.426605,148,18.9893,0.0309094,18,35.4328,0.901804,5,5,-3.70819,-0.201609,-0.643381,0.0593485
R2,R2 hors nis_z_100 Q4,26,SL-A 1.5,SL-A,1.5,dynamique,0.621488,0.00165289,1.5,1.5,1.5,,,,,,,10,1452,1210,0.166667,16.8056,0.30221,4373.69,1.06613,0.307438,3.61462,0.0153923,-0.400935,-0.382454,-4487.95,15,16473.7,12100,0.734505,644,566,2.45244,4.93695,3.6947,-1.24225,0.0427751,-0.0157641,0.0135055,0.0292696,-6.32007,13.734,-6.4159,13.9736,-0.180817,0.227203,-0.18547,0.225987,0.0949693,-0.221743,-0.218876,0.599424,0.157025,1.03832,8500.86,0.853211,148,13.9893,-0.116898,18,30.4328,0.737989,5,3,-3.70819,-0.202659,-0.508528,0.000648872
R2,R2 hors nis_z_100 Q4,26,SL-A 2,SL-A,2,figé,0.528704,0,2,2,2,-5.84404,-13.2902,1.72488,-0.192427,-0.360933,-0.0200396,5,1452,1080,0.256198,15,0.705109,6997.07,1.11,0.368519,6.47877,0.161445,-0.441641,-0.433466,-5295.4,23,12397.1,5400,0.435587,580,500,3.89861,9.47175,6.68518,-2.78657,0.160254,0.162826,0.16154,-0.00128589,-3.5297,16.927,-3.47202,17.1488,-0.0463301,0.376178,-0.0503382,0.38155,0.506237,-0.171633,-0.167785,0.600229,0.156481,1.14488,7707.96,0.420505,,,,,,,5,5,-5.84404,-0.192427,-0.710681,0.0330951
R2,R2 hors nis_z_100 Q4,26,SL-A 2,SL-A,2,figé,0.528704,0,2,2,2,-5.84404,-13.2902,1.72488,-0.192427,-0.360933,-0.0200396,10,1452,1080,0.256198,15,-0.00630067,1597.07,1.02382,0.356481,1.47877,0.0256244,-0.493292,-0.483666,-6181.25,23,12397.1,10800,0.871174,580,500,-1.10139,4.47175,1.68518,-2.78657,0.0238539,0.0276782,0.025766,-0.00191218,-8.5297,11.927,-8.47202,12.1488,-0.185027,0.245876,-0.190331,0.246792,0.0893261,-0.201044,-0.195172,0.600229,0.156481,1.03723,7707.96,0.841009,,,,,,,4,4,-5.84404,-0.192427,-0.514172,0.0213478
R2,R2 hors nis_z_100 Q4,26,SL-A 2,SL-A,2,dynamique,0.525764,0,2,2,2,,,,,,,5,1452,1145,0.211433,15.9028,0.863614,8155.58,1.12075,0.365066,7.12278,0.1343,-0.410358,-0.395082,-4692.21,24,13880.6,5725,0.412447,612,533,4.41203,10.2353,7.32367,-2.91164,0.16529,0.0987172,0.132004,0.0332865,-3.83907,18.156,-3.92288,18.5504,-0.0757902,0.355933,-0.0785776,0.35294,0.445458,-0.169155,-0.167988,0.596336,0.151965,1.12484,7484.38,0.456153,83,16.3794,-0.157087,18,11.1653,0.419347,5,5,-5.20002,-0.219572,-0.77146,0.0355724
R2,R2 hors nis_z_100 Q4,26,SL-A 2,SL-A,2,dynamique,0.525764,0,2,2,2,,,,,,,10,1452,1145,0.211433,15.9028,0.0513683,2430.58,1.03413,0.352838,2.12278,-0.000480771,-0.483259,-0.468151,-5462.21,24,13880.6,11450,0.824893,612,533,-0.587972,5.23531,2.32367,-2.91164,0.0300376,-0.0355225,-0.00274245,0.0327801,-8.83907,13.156,-8.92288,13.5504,-0.213123,0.230912,-0.218615,0.226952,0.0274294,-0.265924,-0.263256,0.596336,0.151965,1.01885,7484.38,0.912306,83,11.3794,-0.288362,18,6.16533,0.238379,4,2,-5.20002,-0.218532,-0.576068,-0.0435317
R2,R2 hors nis_z_100 Q4,26,SL-A 2.5,SL-A,2.5,figé,0.44537,0,2.5,2.5,2.5,-7.95882,-14.9331,-0.909561,-0.231083,-0.396736,-0.0621617,5,1452,1080,0.256198,15,0.331209,4713.11,1.06776,0.401852,4.36399,0.122789,-0.483481,-0.46947,-5838.96,26,10113.1,5400,0.533961,580,500,1.16534,8.07441,4.61988,-3.45454,0.106435,0.14176,0.124097,-0.0176624,-6.41209,15.3275,-6.29037,15.777,-0.0964888,0.355177,-0.096758,0.355911,0.356756,-0.172809,-0.164419,0.600229,0.156481,1.10285,6695.66,0.48408,,,,,,,3,4,-7.95882,-0.231083,-0.860162,0.0319191
R2,R2 hors nis_z_100 Q4,26,SL-A 2.5,SL-A,2.5,figé,0.44537,0,2.5,2.5,2.5,-7.95882,-14.9331,-0.909561,-0.231083,-0.396736,-0.0621617,10,1452,1080,0.256198,15,-0.224305,-686.894,0.990568,0.387037,-0.636013,-0.0130314,-0.56569,-0.555089,-6879.1,26,10113.1,10800,1.06792,580,500,-3.83466,3.07441,-0.380121,-3.45454,-0.0299654,0.00661205,-0.0116767,-0.0182887,-11.4121,10.3275,-11.2904,10.777,-0.236495,0.224885,-0.238066,0.226062,-0.0188102,-0.262257,-0.255882,0.600229,0.156481,1.00599,6695.66,0.968159,,,,,,,3,3,-7.95882,-0.231083,-0.622308,-0.0398656
R2,R2 hors nis_z_100 Q4,26,SL-A 2.5,SL-A,2.5,dynamique,0.445236,0,2.5,2.5,2.5,,,,,,,5,1452,1123,0.226584,15.5972,0.471928,5987.65,1.08214,0.398041,5.33183,0.108919,-0.464279,-0.447017,-5500.72,26,11602.6,5615,0.483941,602,521,1.12219,10.196,5.65907,-4.53688,0.107736,0.110286,0.109011,-0.00127469,-6.2224,16.6431,-6.05517,17.1352,-0.114126,0.337468,-0.11799,0.338158,0.321684,-0.172704,-0.171538,0.595713,0.15138,1.09176,6551.23,0.510581,56,35.1676,0.13533,13,53.4495,1.37495,4,4,-6.99097,-0.244953,-0.895234,0.0320232
R2,R2 hors nis_z_100 Q4,26,SL-A 2.5,SL-A,2.5,dynamique,0.445236,0,2.5,2.5,2.5,,,,,,,10,1452,1123,0.226584,15.5972,-0.160524,372.646,1.00488,0.384684,0.331831,-0.0254222,-0.600629,-0.588953,-7731.31,26,11602.6,11230,0.967883,602,521,-3.87781,5.19595,0.659068,-4.53688,-0.0265986,-0.0240629,-0.0253307,-0.00126787,-11.2224,11.6431,-11.0552,12.1352,-0.249974,0.209933,-0.257413,0.209171,-0.0540569,-0.312281,-0.308806,0.595713,0.15138,0.996254,6551.23,1.02116,56,30.1676,0.0207976,13,48.4495,1.20307,4,3,-6.99097,-0.243474,-0.657554,-0.0898891
R2,R2 hors nis_z_100 Q4,26,SL-A 3,SL-A,3,figé,0.378704,0,3,3,3,-8.23509,-15.3984,-1.46252,-0.22162,-0.383131,-0.0621672,5,1452,1080,0.256198,15,0.272077,4414.73,1.06065,0.425926,4.08772,0.132252,-0.488438,-0.479016,-5971.18,26,9814.73,5400,0.550193,580,500,0.379739,8.38897,4.38436,-4.00462,0.0822021,0.190311,0.136256,-0.0540543,-6.64539,15.2254,-6.59985,15.8495,-0.0917564,0.374314,-0.0932513,0.375998,0.345788,-0.170459,-0.165243,0.600229,0.156481,1.09632,6650.52,0.487366,,,,,,,4,4,-8.23509,-0.22162,-0.87113,0.0342687
R2,R2 hors nis_z_100 Q4,26,SL-A 3,SL-A,3,figé,0.378704,0,3,3,3,-8.23509,-15.3984,-1.46252,-0.22162,-0.383131,-0.0621672,10,1452,1080,0.256198,15,-0.258784,-985.266,0.987024,0.410185,-0.912283,-0.00356812,-0.608247,-0.603249,-8060.05,26,9814.73,10800,1.10039,580,500,-4.62026,3.38897,-0.615645,-4.00462,-0.0541983,0.0551629,0.000482292,-0.0546806,-11.6454,10.2254,-11.5999,10.8495,-0.232385,0.238163,-0.230531,0.24166,-0.0267459,-0.295746,-0.292371,0.600229,0.156481,1.00451,6650.52,0.974731,,,,,,,2,2,-8.23509,-0.22162,-0.630244,-0.0733545
R2,R2 hors nis_z_100 Q4,26,SL-A 3,SL-A,3,dynamique,0.380435,0,3,3,3,,,,,,,5,1452,1104,0.239669,15.3333,0.234229,4329.13,1.05759,0.422101,3.92131,0.111935,-0.513886,-0.498245,-6222.49,26,9849.13,5520,0.560456,591,513,-1.77625,10.4852,4.35446,-6.13071,0.0633328,0.167928,0.11563,-0.0522974,-7.72393,15.827,-7.82063,16.4777,-0.112522,0.350299,-0.111231,0.360269,0.272049,-0.202018,-0.20059,0.597502,0.154891,1.07851,6152.58,0.536069,34,31.5941,-0.158814,10,115.98,1.38562,4,4,-8.40149,-0.241937,-0.944869,0.00271007
R2,R2 hors nis_z_100 Q4,26,SL-A 3,SL-A,3,dynamique,0.380435,0,3,3,3,,,,,,,10,1452,1104,0.239669,15.3333,-0.289435,-1190.87,0.984812,0.406703,-1.07869,-0.023022,-0.651408,-0.641528,-9121.09,26,9849.13,11040,1.12091,591,513,-6.77625,5.48517,-0.64554,-6.13071,-0.0724863,0.0339633,-0.0192615,-0.0532248,-12.7239,10.827,-12.8206,11.4777,-0.249511,0.217024,-0.248528,0.225021,-0.0853181,-0.326053,-0.322113,0.597502,0.154891,0.988414,6152.58,1.07214,34,26.5941,-0.266227,10,110.98,1.2511,2,2,-8.40149,-0.241074,-0.688816,-0.103661
R2,R2 hors nis_z_100 Q4,26,SL-A 4,SL-A,4,figé,0.255556,0,4,4,4,-4.60132,-9.77606,0.764155,-0.120151,-0.251782,0.010997,5,1452,1080,0.256198,15,0.833342,8339.21,1.11237,0.462037,7.72149,0.233721,-0.477978,-0.463879,-5751.02,26,13739.2,5400,0.393036,580,500,7.84419,7.57915,7.71167,0.132522,0.275908,0.184783,0.230345,0.0455628,-4.31876,20.4188,-4.50594,20.3655,-0.0158398,0.49389,-0.018206,0.492815,0.718732,-0.170189,-0.165367,0.600229,0.156481,1.16399,9158.61,0.3539,,,,,,,5,4,-4.60132,-0.120151,-0.498186,0.0345382
R2,R2 hors nis_z_100 Q4,26,SL-A 4,SL-A,4,figé,0.255556,0,4,4,4,-4.60132,-9.77606,0.764155,-0.120151,-0.251782,0.010997,10,1452,1080,0.256198,15,0.0684361,2939.21,1.03809,0.444444,2.72149,0.0979001,-0.515861,-0.502941,-6501.02,26,13739.2,10800,0.786072,580,500,2.84419,2.57915,2.71167,0.132522,0.139508,0.0496349,0.0945714,0.0449365,-9.31876,15.4188,-9.50594,15.3655,-0.152051,0.361449,-0.159065,0.360117,0.243067,-0.224249,-0.213221,0.600229,0.156481,1.07069,9158.61,0.7078,,,,,,,4,3,-4.60132,-0.120151,-0.360431,-0.00185739
R2,R2 hors nis_z_100 Q4,26,SL-A 4,SL-A,4,dynamique,0.254362,0,4,4,4,,,,,,,5,1452,1089,0.25,15.125,1.06304,9706.7,1.12991,0.460055,8.91341,0.234567,-0.479079,-0.45792,-5697.1,26,15151.7,5445,0.359366,585,504,7.12753,10.9863,9.05692,-1.92939,0.268203,0.195526,0.231864,0.0363383,-4.04047,21.5263,-4.09147,21.8782,-0.0128574,0.493902,-0.0177249,0.488752,0.730661,-0.163199,-0.157681,0.598338,0.155188,1.1651,9250.96,0.352174,11,180.546,0.879796,2,309.257,3.32611,5,5,-3.40939,-0.119305,-0.486256,0.0415282
R2,R2 hors nis_z_100 Q4,26,SL-A 4,SL-A,4,dynamique,0.254362,0,4,4,4,,,,,,,10,1452,1089,0.25,15.125,0.19696,4261.7,1.05484,0.442608,3.91341,0.0992553,-0.537435,-0.520654,-6387.1,26,15151.7,10890,0.718731,585,504,2.12753,5.98631,4.05692,-1.92939,0.132343,0.0608506,0.0965965,0.035746,-9.04047,16.5263,-9.09147,16.8782,-0.146506,0.355837,-0.15575,0.353815,0.249598,-0.228952,-0.222299,0.598338,0.155188,1.0718,9250.96,0.704348,11,175.546,0.800527,2,304.257,3.22441,5,2,-3.40939,-0.118796,-0.353899,-0.00656025
R2,R2 hors nis_z_100 Q4,26,SL-A 5,SL-A,5,figé,0.178704,0,5,5,5,-3.20314,-7.97159,1.39024,-0.0753891,-0.19086,0.0404027,5,1452,1080,0.256198,15,1.10367,9849.24,1.13157,0.480556,9.11967,0.278483,-0.526753,-0.513971,-6654.16,26,15249.2,5400,0.354116,580,500,10.461,7.5637,9.01236,1.44866,0.356018,0.188542,0.27228,0.0837377,-3.82271,21.8183,-4.06183,21.8126,0.0166949,0.556352,0.0100999,0.545793,0.879613,-0.178558,-0.172527,0.600229,0.156481,1.18699,10091.1,0.321196,,,,,,,4,4,-3.20314,-0.0753891,-0.337304,0.0261702
R2,R2 hors nis_z_100 Q4,26,SL-A 5,SL-A,5,figé,0.178704,0,5,5,5,-3.20314,-7.97159,1.39024,-0.0753891,-0.19086,0.0404027,10,1452,1080,0.256198,15,0.226056,4449.24,1.05725,0.462037,4.11967,0.142662,-0.562589,-0.552648,-7404.16,26,15249.2,10800,0.708232,580,500,5.46102,2.5637,4.01236,1.44866,0.219617,0.0533947,0.136506,0.0831114,-8.82271,16.8183,-9.06183,16.8126,-0.126416,0.419943,-0.129383,0.411464,0.359469,-0.239115,-0.229392,0.600229,0.156481,1.09413,10091.1,0.642392,,,,,,,4,3,-3.20314,-0.0753891,-0.244029,-0.0167228
R2,R2 hors nis_z_100 Q4,26,SL-A 5,SL-A,5,dynamique,0.178473,0,5,5,5,,,,,,,5,1452,1087,0.251377,15.0972,1.53895,11932,1.15862,0.480221,10.977,0.28607,-0.49393,-0.473374,-5901.14,26,17367,5435,0.312949,584,503,10.8171,11.1628,10.9899,-0.172861,0.359893,0.20036,0.280126,0.0797661,-1.59196,23.4177,-1.85062,23.5519,0.0186219,0.561706,0.0175672,0.551342,0.926715,-0.177962,-0.165979,0.598671,0.155474,1.19305,10358.6,0.314113,8,267.256,1.4957,1,55.2479,1.76856,5,5,-1.34577,-0.0678016,-0.290203,0.0267652
R2,R2 hors nis_z_100 Q4,26,SL-A 5,SL-A,5,dynamique,0.178473,0,5,5,5,,,,,,,10,1452,1087,0.251377,15.0972,0.474698,6497.04,1.08319,0.461822,5.97704,0.150663,-0.548659,-0.532285,-6591.14,26,17367,10870,0.625898,584,503,5.81706,6.16278,5.98992,-0.172861,0.223988,0.0655307,0.144759,0.0792285,-6.59196,18.4177,-6.85062,18.5519,-0.117216,0.428077,-0.119517,0.418948,0.391786,-0.240871,-0.230079,0.598671,0.155474,1.09998,10358.6,0.628226,8,262.256,1.41298,1,50.2479,1.6085,5,3,-1.34577,-0.0673884,-0.211712,-0.0184789
R2,R2 hors nis_z_100 Q4,26,SL-B 0,SL-B,0,figé,0.566667,0,1.2393,1.76923,2.4531,-3.39918,-11.4983,4.67793,-0.13434,-0.306308,0.0435408,5,1452,1080,0.256198,15,1.2347,9637.51,1.16258,0.350926,8.92362,0.219532,-0.401171,-0.392354,-4614.26,20,15037.5,5400,0.359102,580,500,8.80137,9.06544,8.9334,-0.132035,0.2529,0.180824,0.216862,0.0360383,-1.24074,19.452,-1.30096,19.8961,0.0207637,0.431892,0.00945547,0.433439,0.731386,-0.149583,-0.144988,0.600229,0.156481,1.20482,9081.03,0.356924,,,,,,,5,5,-3.39918,-0.13434,-0.485532,0.0551448
R2,R2 hors nis_z_100 Q4,26,SL-B 0,SL-B,0,figé,0.566667,0,1.2393,1.76923,2.4531,-3.39918,-11.4983,4.67793,-0.13434,-0.306308,0.0435408,10,1452,1080,0.256198,15,0.302516,4237.51,1.06746,0.340741,3.92362,0.0837112,-0.453149,-0.443424,-5489.26,20,15037.5,10800,0.718204,580,500,3.80137,4.06544,3.9334,-0.132035,0.1165,0.0456761,0.0810881,0.035412,-6.24074,14.452,-6.30096,14.8961,-0.12178,0.296703,-0.132369,0.300002,0.252213,-0.178289,-0.173121,0.600229,0.156481,1.08479,9081.03,0.713847,,,,,,,4,4,-3.39918,-0.13434,-0.351285,0.0441032
R2,R2 hors nis_z_100 Q4,26,SL-B 0,SL-B,0,dynamique,0.567241,0,1.23912,1.77303,2.47105,,,,,,,5,1452,1160,0.201102,16.1111,1.13572,9291.91,1.14521,0.344828,8.01027,0.166185,-0.398625,-0.391296,-4538.73,20,15091.9,5800,0.384312,619,541,8.53956,7.40466,7.97211,0.567448,0.22386,0.100194,0.162027,0.0618326,-2.7223,18.5216,-2.58929,18.5624,-0.0363754,0.379383,-0.04016,0.374175,0.596537,-0.161674,-0.15783,0.597148,0.15431,1.16395,8506.29,0.407164,102,-2.26469,-0.351079,22,5.20913,0.386815,5,4,-4.31254,-0.187687,-0.620381,0.0430532
R2,R2 hors nis_z_100 Q4,26,SL-B 0,SL-B,0,dynamique,0.567241,0,1.23912,1.77303,2.47105,,,,,,,10,1452,1160,0.201102,16.1111,0.195967,3491.91,1.05149,0.333621,3.01027,0.0309947,-0.457106,-0.448833,-5528.73,20,15091.9,11600,0.768624,619,541,3.53956,2.40466,2.97211,0.567448,0.0891455,-0.0355401,0.0268027,0.0623428,-7.7223,13.5216,-7.58929,13.5624,-0.178746,0.251703,-0.181358,0.247224,0.129252,-0.229241,-0.22644,0.597148,0.15431,1.04775,8506.29,0.814329,102,-7.26469,-0.49452,22,0.209131,0.182417,4,4,-4.31254,-0.187057,-0.474246,-0.00684888
R2,R2 hors nis_z_100 Q4,26,SL-B 0.25,SL-B,0.25,figé,0.525,0.000925926,1.4893,2.01923,2.7031,-5.35564,-13.1216,2.29339,-0.181771,-0.354361,-0.00613571,5,1452,1080,0.256198,15,0.791786,7524.54,1.11873,0.369444,6.96717,0.172101,-0.437205,-0.426064,-5154.61,24,12924.5,5400,0.41781,580,500,7.27721,6.60752,6.94236,0.334844,0.215867,0.121331,0.168599,0.047268,-3.14555,18.0748,-3.60236,18.2022,-0.0354296,0.397561,-0.0413444,0.395142,0.537692,-0.163051,-0.157535,0.600229,0.156481,1.15289,7911.91,0.409665,,,,,,,5,5,-5.35564,-0.181771,-0.679226,0.0416766
R2,R2 hors nis_z_100 Q4,26,SL-B 0.25,SL-B,0.25,figé,0.525,0.000925926,1.4893,2.01923,2.7031,-5.35564,-13.1216,2.29339,-0.181771,-0.354361,-0.00613571,10,1452,1080,0.256198,15,0.0442372,2124.54,1.0318,0.356481,1.96717,0.0362802,-0.486316,-0.474317,-6029.61,24,12924.5,10800,0.83562,580,500,2.27721,1.60752,1.94236,0.334844,0.079467,-0.0138164,0.0328253,0.0466417,-8.14555,13.0748,-8.60236,13.2022,-0.174874,0.263368,-0.179583,0.261744,0.112077,-0.214061,-0.207727,0.600229,0.156481,1.0438,7911.91,0.81933,,,,,,,4,3,-5.35564,-0.181771,-0.49142,0.00833104
R2,R2 hors nis_z_100 Q4,26,SL-B 0.25,SL-B,0.25,dynamique,0.526132,0.00087108,1.49307,2.02303,2.72001,,,,,,,5,1452,1148,0.209366,15.9444,0.966593,8742.1,1.12875,0.36324,7.61507,0.133238,-0.428453,-0.413646,-4997.73,24,14482.1,5740,0.396351,615,533,7.17907,8.11814,7.6486,-0.469534,0.192663,0.0646706,0.128667,0.0639962,-3.68354,18.9995,-3.96808,19.3611,-0.0818357,0.357056,-0.08729,0.356192,0.448405,-0.18146,-0.177666,0.597383,0.154181,1.12505,7520.95,0.455923,86,21.0179,-0.113826,18,32.777,1.28458,5,5,-4.70774,-0.220634,-0.768513,0.0232679
R2,R2 hors nis_z_100 Q4,26,SL-B 0.25,SL-B,0.25,dynamique,0.526132,0.00087108,1.49307,2.02303,2.72001,,,,,,,10,1452,1148,0.209366,15.9444,0.107828,3002.1,1.04193,0.351045,2.61507,-0.00193122,-0.54897,-0.535783,-6600.51,24,14482.1,11480,0.792703,615,533,2.17907,3.11814,2.6486,-0.469534,0.0567318,-0.0696193,-0.00644376,0.0631755,-8.68354,13.9995,-8.96808,14.3611,-0.221132,0.226673,-0.22935,0.223025,0.0279735,-0.291375,-0.2888,0.597383,0.154181,1.01896,7520.95,0.911847,86,16.0179,-0.25252,18,27.777,1.0935,3,2,-4.70774,-0.219983,-0.575524,-0.0689829
R2,R2 hors nis_z_100 Q4,26,SL-B 0.5,SL-B,0.5,figé,0.487037,0.000925926,1.7393,2.26923,2.9531,-7.57692,-14.4691,-0.839662,-0.214845,-0.373738,-0.0552346,5,1452,1080,0.256198,15,0.394695,5125.56,1.07609,0.381481,4.74588,0.139027,-0.487796,-0.472876,-5944.1,26,10525.6,5400,0.513037,580,500,3.78796,5.85708,4.82252,-1.03456,0.159236,0.115584,0.13741,0.0218259,-5.63995,15.7238,-5.66742,15.8459,-0.0753337,0.368514,-0.0791218,0.364669,0.411057,-0.183626,-0.175786,0.600229,0.156481,1.11856,7074.59,0.458152,,,,,,,4,4,-7.57692,-0.214845,-0.805861,0.0211022
R2,R2 hors nis_z_100 Q4,26,SL-B 0.5,SL-B,0.5,figé,0.487037,0.000925926,1.7393,2.26923,2.9531,-7.57692,-14.4691,-0.839662,-0.214845,-0.373738,-0.0552346,10,1452,1080,0.256198,15,-0.18729,-274.444,0.99612,0.368519,-0.254115,0.00320652,-0.550849,-0.538729,-6936.3,26,10525.6,10800,1.02607,580,500,-1.21204,0.857082,-0.177481,-1.03456,0.0228358,-0.0195634,0.00163618,0.0211996,-10.64,10.7238,-10.6674,10.8459,-0.212051,0.23441,-0.218996,0.230166,0.020479,-0.247545,-0.240526,0.600229,0.156481,1.01723,7074.59,0.916304,,,,,,,3,3,-7.57692,-0.214845,-0.583019,-0.0251529
R2,R2 hors nis_z_100 Q4,26,SL-B 0.5,SL-B,0.5,dynamique,0.483275,0.000880282,1.74293,2.27303,2.96254,,,,,,,5,1452,1136,0.217631,15.7778,0.620873,6910.45,1.09706,0.381162,6.08314,0.127345,-0.449262,-0.434994,-5344.08,26,12590.4,5680,0.451136,609,527,4.74865,7.62528,6.18696,-1.43832,0.172189,0.0755237,0.123857,0.0483328,-5.42045,17.429,-5.71512,17.7033,-0.0924653,0.35222,-0.0983233,0.347011,0.39213,-0.178883,-0.174101,0.595232,0.151408,1.10924,7096.29,0.476434,72,30.6804,0.0863101,16,26.506,0.731195,5,4,-6.23966,-0.226527,-0.824788,0.0258446
R2,R2 hors nis_z_100 Q4,26,SL-B 0.5,SL-B,0.5,dynamique,0.483275,0.000880282,1.74293,2.27303,2.96254,,,,,,,10,1452,1136,0.217631,15.7778,-0.0815217,1230.45,1.01646,0.368838,1.08314,-0.00674829,-0.556592,-0.543628,-6777.11,26,12590.4,11360,0.902271,609,527,-0.251352,2.62528,1.18696,-1.43832,0.0378169,-0.0582477,-0.0102154,0.0480323,-10.4205,12.429,-10.7151,12.7033,-0.228809,0.225111,-0.239406,0.223002,-0.00719842,-0.259185,-0.256493,0.595232,0.151408,1.00925,7096.29,0.952868,72,25.6804,-0.0280772,16,21.506,0.569221,3,3,-6.23966,-0.2248,-0.610696,-0.036793
R2,R2 hors nis_z_100 Q4,26,SL-B 1,SL-B,1,figé,0.409259,0,2.2393,2.76923,3.4531,-9.70572,-17.0096,-2.42185,-0.238489,-0.392928,-0.0777901,5,1452,1080,0.256198,15,0.090635,2826.46,1.03906,0.407407,2.61709,0.115383,-0.553822,-0.545603,-7360.39,26,8226.46,5400,0.656419,580,500,0.0788154,5.56149,2.82015,-2.74134,0.10201,0.130895,0.116453,-0.0144425,-8.07565,13.7324,-8.07027,14.1334,-0.0966414,0.349925,-0.0990303,0.349877,0.287411,-0.220371,-0.214799,0.600229,0.156481,1.08458,6190.39,0.523591,,,,,,,4,4,-9.70572,-0.238489,-0.929507,-0.0156435
R2,R2 hors nis_z_100 Q4,26,SL-B 1,SL-B,1,figé,0.409259,0,2.2393,2.76923,3.4531,-9.70572,-17.0096,-2.42185,-0.238489,-0.392928,-0.0777901,10,1452,1080,0.256198,15,-0.364554,-2573.54,0.965961,0.393519,-2.38291,-0.0204377,-0.646072,-0.641292,-8999.23,26,8226.46,10800,1.31284,580,500,-4.92118,0.561486,-2.17985,-2.74134,-0.0343902,-0.00425271,-0.0193215,-0.0150687,-13.0757,8.73242,-13.0703,9.13336,-0.238394,0.214276,-0.23881,0.216138,-0.068963,-0.314532,-0.310658,0.600229,0.156481,0.992068,6190.39,1.04718,,,,,,,2,3,-9.70572,-0.238489,-0.672461,-0.0921398
R2,R2 hors nis_z_100 Q4,26,SL-B 1,SL-B,1,dynamique,0.410233,0,2.24435,2.76923,3.45649,,,,,,,5,1452,1114,0.232782,15.4722,0.12771,3409.36,1.04526,0.403052,3.06046,0.0918011,-0.527288,-0.513886,-6362.75,26,8979.36,5570,0.620312,594,520,-0.0960087,6.66613,3.28506,-3.38107,0.101267,0.0809883,0.0911276,0.0101393,-8.77925,14.919,-8.71022,15.566,-0.127013,0.32167,-0.131865,0.326444,0.217419,-0.19972,-0.198592,0.596652,0.152603,1.06642,5726.55,0.580341,50,38.7724,0.021088,16,84.7324,1.46258,5,4,-9.26234,-0.262071,-0.999499,0.0050075
R2,R2 hors nis_z_100 Q4,26,SL-B 1,SL-B,1,dynamique,0.410233,0,2.24435,2.76923,3.45649,,,,,,,10,1452,1114,0.232782,15.4722,-0.354027,-2160.64,0.972544,0.389587,-1.93954,-0.0428508,-0.674209,-0.664183,-9682.53,26,8979.36,11140,1.24062,594,520,-5.09601,1.66613,-1.71494,-3.38107,-0.0338826,-0.0530952,-0.0434889,0.0096063,-13.7792,9.91897,-13.7102,10.566,-0.26372,0.194057,-0.26668,0.194405,-0.126807,-0.347663,-0.342518,0.596652,0.152603,0.975915,5726.55,1.16068,50,33.7724,-0.0944933,16,79.7324,1.30865,1,2,-9.26234,-0.260902,-0.730305,-0.125272
R2,R2 hors nis_z_100 Q4,48,sans,sans,,figé,0,0,,,,0,0,0,0,0,0,5,1452,864,0.404959,12,-0.478342,-2501.96,0.972215,0.46875,-2.89579,0.0710028,-0.708904,-0.672732,-9830.35,48,1818.04,4320,2.37618,469,395,-1.49003,-4.5649,-3.02746,1.53744,0.239406,-0.12895,0.0552283,0.184178,-21.5068,16.3336,-21.2823,15.9909,-0.380528,0.507687,-0.379326,0.478988,-0.0539082,-0.369128,-0.359332,0.595289,0.146991,1.00975,3014.62,0.853059,,,,,,,3,3,0,0,0,0
R2,R2 hors nis_z_100 Q4,48,sans,sans,,figé,0,0,,,,0,0,0,0,0,0,10,1452,864,0.404959,12,-0.66155,-6821.96,0.926148,0.456019,-7.89579,-0.063711,-0.784641,-0.75801,-10971.4,48,1818.04,8640,4.75237,469,395,-6.49003,-9.5649,-8.02746,1.53744,0.103785,-0.262586,-0.0794005,0.183186,-26.5068,11.3336,-26.2823,10.9909,-0.512396,0.372071,-0.514881,0.347795,-0.268501,-0.453827,-0.443886,0.595289,0.146991,0.954512,3014.62,1.70612,,,,,,,3,3,0,0,0,0
R2,R2 hors nis_z_100 Q4,48,sans,sans,,dynamique,0,0,,,,,,,,,,5,1452,864,0.404959,12,-0.478342,-2501.96,0.972215,0.46875,-2.89579,0.0710028,-0.708904,-0.672732,-9830.35,48,1818.04,4320,2.37618,469,395,-1.49003,-4.5649,-3.02746,1.53744,0.239406,-0.12895,0.0552283,0.184178,-21.5068,16.3336,-21.2823,15.9909,-0.380528,0.507687,-0.379326,0.478988,-0.0539082,-0.369128,-0.359332,0.595289,0.146991,1.00975,3014.62,0.853059,0,,,0,,,3,3,0,0,0,0
R2,R2 hors nis_z_100 Q4,48,sans,sans,,dynamique,0,0,,,,,,,,,,10,1452,864,0.404959,12,-0.66155,-6821.96,0.926148,0.456019,-7.89579,-0.063711,-0.784641,-0.75801,-10971.4,48,1818.04,8640,4.75237,469,395,-6.49003,-9.5649,-8.02746,1.53744,0.103785,-0.262586,-0.0794005,0.183186,-26.5068,11.3336,-26.2823,10.9909,-0.512396,0.372071,-0.514881,0.347795,-0.268501,-0.453827,-0.443886,0.595289,0.146991,0.954512,3014.62,1.70612,0,,,0,,,3,3,0,0,0,0
R2,R2 hors nis_z_100 Q4,48,SL-A 1,SL-A,1,figé,0.818287,0,1,1,1,1.11883,-17.2149,17.5817,-0.0188224,-0.397272,0.364851,5,1452,864,0.404959,12,-0.221286,-1535.29,0.961826,0.178241,-1.77696,0.0521804,-0.515517,-0.50004,-6288.66,7,2784.71,4320,1.55133,469,395,-1.26971,-2.37924,-1.82447,0.554762,0.116002,-0.0235979,0.0462021,0.0698,-10.7793,8.1607,-11.2598,8.37622,-0.164361,0.279064,-0.166215,0.277478,0.0300734,-0.276446,-0.265456,0.595289,0.146991,1.02742,3094.7,0.830986,,,,,,,3,3,1.11883,-0.0188224,0.0839816,0.0926827
R2,R2 hors nis_z_100 Q4,48,SL-A 1,SL-A,1,figé,0.818287,0,1,1,1,1.11883,-17.2149,17.5817,-0.0188224,-0.397272,0.364851,10,1452,864,0.404959,12,-0.494593,-5855.29,0.866228,0.177083,-6.77696,-0.0825334,-0.636552,-0.624568,-9148.66,7,2784.71,8640,3.10266,469,395,-6.26971,-7.37924,-6.82447,0.554762,-0.0196192,-0.157234,-0.0884267,0.0688075,-15.7793,3.1607,-16.2598,3.37622,-0.294189,0.146485,-0.301643,0.142799,-0.203519,-0.372212,-0.362329,0.595289,0.146991,0.90333,3094.7,1.66197,,,,,,,1,2,1.11883,-0.0188224,0.0649818,0.0816153
R2,R2 hors nis_z_100 Q4,48,SL-A 1,SL-A,1,dynamique,0.808896,0,1,1,1,,,,,,,5,1452,1214,0.163912,16.8611,0.158162,2957.34,1.05369,0.186161,2.43603,0.125889,-0.403659,-0.368472,-3797.12,7.5,9027.34,6070,0.672402,652,562,2.3919,2.48722,2.43956,-0.0476565,0.170994,0.0735607,0.122277,0.0487168,-6.05012,11.4222,-6.09705,11.4346,-0.0687514,0.338472,-0.0733516,0.33178,0.326691,-0.17215,-0.166433,0.602835,0.158155,1.12123,6862.61,0.53321,383,10.1212,0.237434,33,-18.6726,-0.509336,4,4,5.33181,0.0548863,0.380599,0.196978
R2,R2 hors nis_z_100 Q4,48,SL-A 1,SL-A,1,dynamique,0.808896,0,1,1,1,,,,,,,10,1452,1214,0.163912,16.8611,-0.368916,-3112.66,0.948141,0.185338,-2.56397,-0.0127049,-0.610206,-0.594308,-7784.91,7.5,9027.34,12140,1.3448,652,562,-2.6081,-2.51278,-2.56044,-0.0476565,0.0315623,-0.064061,-0.0162494,0.0478116,-11.0501,6.42221,-11.097,6.43459,-0.208135,0.19894,-0.213761,0.195812,-0.0798205,-0.29806,-0.293528,0.602835,0.158155,0.984502,6862.61,1.06642,383,5.12124,0.0892742,33,-23.6726,-0.657368,1,3,5.33181,0.0510061,0.18868,0.155768
R2,R2 hors nis_z_100 Q4,48,SL-A 1.5,SL-A,1.5,figé,0.730324,0.00115741,1.5,1.5,1.5,0.69483,-14.0029,15.6562,0.0371577,-0.292445,0.385877,5,1452,864,0.404959,12,-0.276888,-1901.63,0.964015,0.244213,-2.20096,0.108161,-0.619327,-0.613754,-8855.91,15,2418.37,4320,1.78632,469,395,-2.05119,-2.37878,-2.21498,0.163794,0.192677,0.00781048,0.100244,0.0924333,-14.2197,9.81919,-14.4546,10.4016,-0.145,0.371438,-0.149644,0.360365,0.165948,-0.24999,-0.238715,0.595289,0.146991,1.07511,4437.48,0.579529,,,,,,,5,5,0.69483,0.0371577,0.219856,0.119138
R2,R2 hors nis_z_100 Q4,48,SL-A 1.5,SL-A,1.5,figé,0.730324,0.00115741,1.5,1.5,1.5,0.69483,-14.0029,15.6562,0.0371577,-0.292445,0.385877,10,1452,864,0.404959,12,-0.530706,-6221.63,0.889127,0.241898,-7.20096,-0.0265533,-0.695193,-0.690776,-10858.3,15,2418.37,8640,3.57265,469,395,-7.05119,-7.37878,-7.21498,0.163794,0.0570558,-0.125826,-0.034385,0.0914408,-19.2197,4.81919,-19.4546,5.4016,-0.272625,0.236094,-0.28061,0.228003,-0.0983977,-0.31546,-0.303819,0.595289,0.146991,0.973653,4437.48,1.15906,,,,,,,2,2,0.69483,0.0371577,0.170103,0.138367
R2,R2 hors nis_z_100 Q4,48,SL-A 1.5,SL-A,1.5,dynamique,0.727768,0.000907441,1.5,1.5,1.5,,,,,,,5,1452,1102,0.241047,15.3056,-0.115998,574.123,1.00864,0.248639,0.520983,0.134101,-0.565711,-0.556058,-7407.63,14.5,6084.12,5510,0.905636,585,517,-1.48633,2.79231,0.652992,-2.13932,0.194893,0.0653137,0.130103,0.0647898,-10.9794,12.042,-10.9716,12.4846,-0.0983659,0.374895,-0.101325,0.369976,0.318856,-0.21868,-0.211688,0.597968,0.156987,1.10238,6512.1,0.505951,273,6.6055,0.176376,35,-19.2128,-0.176526,5,5,3.41677,0.0630985,0.372764,0.150448
R2,R2 hors nis_z_100 Q4,48,SL-A 1.5,SL-A,1.5,dynamique,0.727768,0.000907441,1.5,1.5,1.5,,,,,,,10,1452,1102,0.241047,15.3056,-0.490631,-4935.88,0.930119,0.245917,-4.47902,-0.00300483,-0.644277,-0.639432,-9257.18,14.5,6084.12,11020,1.81127,585,517,-6.48633,-2.20769,-4.34701,-2.13932,0.055886,-0.0696415,-0.00687773,0.0627637,-15.9794,7.04203,-15.9716,7.48457,-0.235294,0.236764,-0.234129,0.234534,-0.0512848,-0.265707,-0.250943,0.597968,0.156987,0.997714,6512.1,1.0119,273,1.6055,0.0282031,35,-24.2128,-0.340893,3,3,3.41677,0.0607062,0.217216,0.18812
R2,R2 hors nis_z_100 Q4,48,SL-A 2,SL-A,2,figé,0.657407,0,2,2,2,-0.746884,-13.3436,12.3124,0.00565544,-0.295643,0.329493,5,1452,864,0.404959,12,-0.38366,-3147.27,0.949676,0.289352,-3.64267,0.0766583,-0.664354,-0.657248,-10278.4,23,1172.73,4320,3.6837,469,395,-4.13055,-3.06339,-3.59697,-0.533583,0.18346,-0.0501521,0.066654,0.116806,-16.3497,9.47954,-16.3548,9.56471,-0.191244,0.354702,-0.198477,0.344467,0.0934129,-0.281938,-0.268666,0.595289,0.146991,1.04423,3879.75,0.662839,,,,,,,4,5,-0.746884,0.00565544,0.147321,0.0871899
R2,R2 hors nis_z_100 Q4,48,SL-A 2,SL-A,2,figé,0.657407,0,2,2,2,-0.746884,-13.3436,12.3124,0.00565544,-0.295643,0.329493,10,1452,864,0.404959,12,-0.60004,-7467.27,0.886201,0.28588,-8.64267,-0.0580556,-0.709836,-0.702774,-11402.3,23,1172.73,8640,7.3674,469,395,-9.13055,-8.06339,-8.59697,-0.533583,0.0478388,-0.183788,-0.0679748,0.115814,-21.3497,4.47954,-21.3548,4.56471,-0.328678,0.220794,-0.335842,0.209979,-0.154513,-0.327178,-0.314892,0.595289,0.146991,0.959785,3879.75,1.32568,,,,,,,2,2,-0.746884,0.00565544,0.113988,0.12665
R2,R2 hors nis_z_100 Q4,48,SL-A 2,SL-A,2,dynamique,0.654224,0,2,2,2,,,,,,,5,1452,1018,0.298898,14.1389,-0.380939,-2698.23,0.963226,0.290766,-2.65052,0.0897684,-0.603898,-0.595511,-8410.61,23,2391.77,5090,2.12813,544,474,-6.38404,1.63437,-2.37484,-4.00921,0.161608,0.00731981,0.0844638,0.077144,-15.1588,9.63466,-14.6868,10.1029,-0.172456,0.371377,-0.179178,0.364893,0.124007,-0.222365,-0.217901,0.594008,0.150295,1.04853,4706.14,0.642458,187,-5.40134,-0.0517152,33,-44.2148,-1.05522,4,4,0.245267,0.0187656,0.177915,0.146763
R2,R2 hors nis_z_100 Q4,48,SL-A 2,SL-A,2,dynamique,0.654224,0,2,2,2,,,,,,,10,1452,1018,0.298898,14.1389,-0.628059,-7788.23,0.898847,0.286837,-7.65052,-0.0444667,-0.721569,-0.719078,-10748.4,23,2391.77,10180,4.25626,544,474,-11.384,-3.36563,-7.37484,-4.00921,0.0271899,-0.126705,-0.0497578,0.0769476,-20.1588,4.63466,-19.6868,5.10288,-0.307489,0.238718,-0.317033,0.233998,-0.169248,-0.313339,-0.308309,0.594008,0.150295,0.963596,4706.14,1.28492,187,-10.4013,-0.18777,33,-49.2148,-1.2123,3,2,0.245267,0.0192443,0.0992523,0.140488
R2,R2 hors nis_z_100 Q4,48,SL-A 2.5,SL-A,2.5,figé,0.601852,0,2.5,2.5,2.5,-7.27144,-18.5174,4.47025,-0.110869,-0.402057,0.198295,5,1452,864,0.404959,12,-0.658553,-8784.48,0.878254,0.322917,-10.1672,-0.0398658,-0.753537,-0.74257,-12263.4,31,-4464.48,4320,0.967638,469,395,-11.6255,-8.43575,-10.0306,-1.59487,0.0414914,-0.136465,-0.0474866,0.0889781,-22.8547,3.14788,-23.0681,3.49482,-0.315546,0.250299,-0.321074,0.23291,-0.145669,-0.336276,-0.32088,0.595289,0.146991,0.967131,1456.68,1.76542,,,,,,,4,4,-7.27144,-0.110869,-0.0917606,0.0328526
R2,R2 hors nis_z_100 Q4,48,SL-A 2.5,SL-A,2.5,figé,0.601852,0,2.5,2.5,2.5,-7.27144,-18.5174,4.47025,-0.110869,-0.402057,0.198295,10,1452,864,0.404959,12,-0.778494,-13104.5,0.825495,0.31713,-15.1672,-0.17458,-0.830974,-0.823687,-15572.4,31,-4464.48,8640,1.93528,469,395,-16.6255,-13.4358,-15.0306,-1.59487,-0.0941299,-0.270101,-0.182115,0.0879855,-27.8547,-1.85212,-28.0681,-1.50518,-0.452025,0.115618,-0.456628,0.0970658,-0.339426,-0.451356,-0.439404,0.595289,0.146991,0.89667,1456.68,3.53084,,,,,,,0,1,-7.27144,-0.110869,-0.0709258,0.00247101
R2,R2 hors nis_z_100 Q4,48,SL-A 2.5,SL-A,2.5,dynamique,0.593272,0,2.5,2.5,2.5,,,,,,,5,1452,981,0.32438,13.625,-0.621116,-7340.74,0.909978,0.327217,-7.48292,0.0283461,-0.743827,-0.731678,-11356.3,32,-2435.74,4905,2.01376,530,451,-12.2467,-1.88466,-7.06569,-5.18103,0.0941471,-0.0489811,0.022583,0.0715641,-20.8615,5.23172,-20.4754,6.02726,-0.257338,0.319214,-0.260618,0.314207,-0.0395056,-0.290561,-0.280486,0.59265,0.147808,1.00411,3063.34,0.948948,151,-3.8577,0.142818,34,-59.5956,-1.19665,3,3,-4.58713,-0.0426567,0.0144026,0.0785674
R2,R2 hors nis_z_100 Q4,48,SL-A 2.5,SL-A,2.5,dynamique,0.593272,0,2.5,2.5,2.5,,,,,,,10,1452,981,0.32438,13.625,-0.76817,-12245.7,0.855694,0.32212,-12.4829,-0.105416,-0.836714,-0.829317,-15438.6,32,-2435.74,9810,4.02752,530,451,-17.2467,-6.88466,-12.0657,-5.18103,-0.0392906,-0.183124,-0.111207,0.0719166,-25.8615,0.231721,-25.4754,1.02726,-0.388785,0.180279,-0.39168,0.17705,-0.2818,-0.425328,-0.416452,0.59265,0.147808,0.93127,3063.34,1.8979,151,-8.8577,0.0172581,34,-64.5956,-1.31818,1,2,-4.58713,-0.0417048,-0.013299,0.0284996
R2,R2 hors nis_z_100 Q4,48,SL-A 3,SL-A,3,figé,0.534722,0,3,3,3,-6.58178,-17.4402,4.37916,-0.0548716,-0.338442,0.262996,5,1452,864,0.404959,12,-0.645724,-8188.61,0.893596,0.357639,-9.47756,0.0161312,-0.765432,-0.750545,-12700.9,41.5,-3868.61,4320,1.11668,469,395,-12.7422,-5.60135,-9.17176,-3.57041,0.0492096,-0.0231442,0.0130327,0.0361769,-23.4595,4.47788,-23.4937,4.91218,-0.273643,0.317375,-0.283602,0.313845,-0.0862611,-0.347088,-0.334483,0.595289,0.146991,0.989588,2191.14,1.17366,,,,,,,4,4,-6.58178,-0.0548716,-0.0323529,0.0220402
R2,R2 hors nis_z_100 Q4,48,SL-A 3,SL-A,3,figé,0.534722,0,3,3,3,-6.58178,-17.4402,4.37916,-0.0548716,-0.338442,0.262996,10,1452,864,0.404959,12,-0.77017,-12508.6,0.84316,0.350694,-14.4776,-0.118583,-0.831503,-0.820948,-15726.1,41.5,-3868.61,8640,2.23336,469,395,-17.7422,-10.6014,-14.1718,-3.57041,-0.0864117,-0.15678,-0.121596,0.0351844,-28.4595,-0.522121,-28.4937,-0.0878172,-0.407601,0.188337,-0.415986,0.182098,-0.293466,-0.433259,-0.42097,0.595289,0.146991,0.922744,2191.14,2.34731,,,,,,,1,2,-6.58178,-0.0548716,-0.0249655,0.0205684
R2,R2 hors nis_z_100 Q4,48,SL-A 3,SL-A,3,dynamique,0.523109,0,3,3,3,,,,,,,5,1452,952,0.344353,13.2222,-0.553298,-5541.78,0.933757,0.367647,-5.8212,0.0990857,-0.726025,-0.708339,-10864.7,44.5,-781.78,4760,6.08867,516,436,-10.4077,-0.393105,-5.40041,-5.00731,0.155804,0.0319607,0.0938822,0.0619215,-19.9202,8.50748,-19.6489,9.16793,-0.199119,0.403744,-0.203068,0.398533,0.072359,-0.322211,-0.309126,0.592762,0.14916,1.03305,4130.32,0.68313,113,11.9081,0.361904,25,-52.049,-1.57988,3,4,-2.92541,0.0280829,0.126267,0.0469178
R2,R2 hors nis_z_100 Q4,48,SL-A 3,SL-A,3,dynamique,0.523109,0,3,3,3,,,,,,,10,1452,952,0.344353,13.2222,-0.722659,-10301.8,0.881164,0.361345,-10.8212,-0.0340635,-0.810148,-0.803924,-14143.1,44.5,-781.78,9520,12.1773,516,436,-15.4077,-5.39311,-10.4004,-5.00731,0.0233591,-0.102022,-0.0393316,0.0626907,-24.9202,3.50748,-24.6489,4.16793,-0.335917,0.272589,-0.336971,0.26539,-0.191234,-0.397059,-0.383274,0.592762,0.14916,0.963459,4130.32,1.36626,113,6.90806,0.234901,25,-57.049,-1.73932,2,3,-2.92541,0.0296475,0.0772669,0.0567684
R2,R2 hors nis_z_100 Q4,48,SL-A 4,SL-A,4,figé,0.40625,0,4,4,4,-3.2768,-14.1524,8.74175,0.0341509,-0.235477,0.320043,5,1452,864,0.404959,12,-0.557522,-5333.11,0.936013,0.405093,-6.17258,0.105154,-0.789056,-0.775717,-14244.6,48,-1013.11,4320,4.2641,469,395,-11.2822,-0.105713,-5.69396,-5.58825,0.116863,0.0912505,0.104057,0.0128063,-22.9198,10.5433,-23.0005,11.4029,-0.241403,0.463887,-0.240649,0.45588,0.0807099,-0.387097,-0.373209,0.595289,0.146991,1.03579,3986.48,0.645092,,,,,,,4,4,-3.2768,0.0341509,0.134618,-0.0179687
R2,R2 hors nis_z_100 Q4,48,SL-A 4,SL-A,4,figé,0.40625,0,4,4,4,-3.2768,-14.1524,8.74175,0.0341509,-0.235477,0.320043,10,1452,864,0.404959,12,-0.712927,-9653.11,0.887686,0.393519,-11.1726,-0.0295601,-0.836433,-0.825047,-15895.7,48,-1013.11,8640,8.52819,469,395,-16.2822,-5.10571,-10.694,-5.58825,-0.0187581,-0.0423858,-0.0305719,0.0118138,-27.9198,5.54335,-28.0005,6.40291,-0.37311,0.32807,-0.377463,0.321357,-0.164308,-0.436853,-0.422425,0.595289,0.146991,0.971838,3986.48,1.29018,,,,,,,3,4,-3.2768,0.0341509,0.104193,0.0169745
R2,R2 hors nis_z_100 Q4,48,SL-A 4,SL-A,4,dynamique,0.396083,0,4,4,4,,,,,,,5,1452,919,0.36708,12.7639,-0.355845,-1338.39,0.984594,0.416757,-1.45635,0.182143,-0.711326,-0.693073,-10949.7,48,3256.61,4595,1.41098,501,418,-9.5248,8.2142,-0.655299,-8.8695,0.150224,0.2204,0.185312,-0.035088,-17.6742,14.3598,-17.4313,15.8434,-0.159553,0.526992,-0.153997,0.537367,0.292747,-0.330142,-0.315204,0.592704,0.146899,1.07891,5972.6,0.455995,78,34.7191,0.716292,23,-55.9404,-0.898501,3,5,1.43943,0.11114,0.346655,0.0389864
R2,R2 hors nis_z_100 Q4,48,SL-A 4,SL-A,4,dynamique,0.396083,0,4,4,4,,,,,,,10,1452,919,0.36708,12.7639,-0.593349,-5933.39,0.933772,0.4037,-6.45635,0.0492744,-0.769991,-0.754958,-12216.7,48,3256.61,9190,2.82195,501,418,-14.5248,3.2142,-5.6553,-8.8695,0.0175521,0.0872956,0.0524238,-0.0348717,-22.6742,9.35978,-22.4313,10.8434,-0.291719,0.393016,-0.286797,0.408671,-0.0153553,-0.353671,-0.340397,0.592704,0.146899,1.01229,5972.6,0.91199,78,29.7191,0.595868,23,-60.9404,-1.0585,3,3,1.43943,0.112985,0.253145,0.100157
R2,R2 hors nis_z_100 Q4,48,SL-A 5,SL-A,5,figé,0.299769,0,5,5,5,2.27746,-6.86235,11.8293,0.111436,-0.13087,0.381464,5,1452,864,0.404959,12,-0.301803,-534.231,0.993621,0.435185,-0.618323,0.182439,-0.688943,-0.668397,-10111.6,48,3785.77,4320,1.14112,469,395,-0.0429869,-1.30144,-0.672216,0.629229,0.293126,0.051016,0.172071,0.121055,-17.2749,16.4674,-17.5471,16.4495,-0.168231,0.55041,-0.170516,0.530146,0.253754,-0.296393,-0.280072,0.595289,0.146991,1.07304,5529.49,0.465078,,,,,,,4,4,2.27746,0.111436,0.307662,0.0727355
R2,R2 hors nis_z_100 Q4,48,SL-A 5,SL-A,5,figé,0.299769,0,5,5,5,2.27746,-6.86235,11.8293,0.111436,-0.13087,0.381464,10,1452,864,0.404959,12,-0.546922,-4854.23,0.943699,0.423611,-5.61832,0.0477253,-0.768255,-0.751885,-11970.7,48,3785.77,8640,2.28223,469,395,-5.04299,-6.30144,-5.67222,0.629229,0.157505,-0.0826202,0.0374421,0.120062,-22.2749,11.4674,-22.5471,11.4495,-0.304786,0.416116,-0.308327,0.397653,-0.0304761,-0.370897,-0.354804,0.595289,0.146991,1.0092,5529.49,0.930157,,,,,,,3,4,2.27746,0.111436,0.238024,0.0829307
R2,R2 hors nis_z_100 Q4,48,SL-A 5,SL-A,5,dynamique,0.290788,0,5,5,5,,,,,,,5,1452,901,0.379477,12.5139,0.0871687,4052.05,1.04775,0.447281,4.49728,0.260875,-0.617468,-0.586071,-7936.93,48,8557.05,4505,0.526467,496,405,2.37522,7.09614,4.73568,-2.36046,0.327469,0.179317,0.253393,0.0740757,-11.7783,21.4248,-12.0536,21.6602,-0.0931611,0.634119,-0.0906074,0.618954,0.513834,-0.261647,-0.243718,0.594497,0.146504,1.11822,7549.88,0.354735,55,54.8292,0.993308,18,-87.2598,-1.26605,3,5,7.39306,0.189872,0.567743,0.107481
R2,R2 hors nis_z_100 Q4,48,SL-A 5,SL-A,5,dynamique,0.290788,0,5,5,5,,,,,,,10,1452,901,0.379477,12.5139,-0.307296,-452.951,0.994817,0.435072,-0.502721,0.126819,-0.669247,-0.648838,-8831.93,48,8557.05,9010,1.05293,496,405,-2.62478,2.09614,-0.264317,-2.36046,0.192899,0.0458914,0.119395,0.0735036,-16.7783,16.4248,-17.0536,16.6602,-0.226756,0.50177,-0.22093,0.493253,0.158293,-0.286497,-0.266226,0.594497,0.146504,1.05136,7549.88,0.709471,55,49.8292,0.879002,18,-92.2598,-1.37133,3,2,7.39306,0.19053,0.426794,0.16733
R2,R2 hors nis_z_100 Q4,48,SL-B 0,SL-B,0,figé,0.680556,0.00115741,1.2392,1.77869,2.45182,0.70614,-13.0543,14.2989,0.0594583,-0.234339,0.377464,5,1452,864,0.404959,12,-0.296121,-1891.85,0.967629,0.274306,-2.18965,0.130461,-0.637525,-0.631245,-9591.12,19,2428.15,4320,1.77913,469,395,-0.659324,-4.00666,-2.33299,1.67367,0.257116,-0.0199215,0.118597,0.138519,-14.8049,10.7945,-15.0609,10.9269,-0.133657,0.414663,-0.139813,0.396006,0.214482,-0.259816,-0.245527,0.595289,0.146991,1.08602,4902.15,0.524596,,,,,,,4,5,0.70614,0.0594583,0.26839,0.109312
R2,R2 hors nis_z_100 Q4,48,SL-B 0,SL-B,0,figé,0.680556,0.00115741,1.2392,1.77869,2.45182,0.70614,-13.0543,14.2989,0.0594583,-0.234339,0.377464,10,1452,864,0.404959,12,-0.543201,-6211.85,0.899136,0.271991,-7.18965,-0.00425266,-0.673463,-0.663645,-10381.1,19,2428.15,8640,3.55827,469,395,-5.65932,-9.00666,-7.33299,1.67367,0.121495,-0.153558,-0.0160315,0.137526,-19.8049,5.79452,-20.0609,5.92691,-0.269104,0.279042,-0.27525,0.262067,-0.0608584,-0.279364,-0.269131,0.595289,0.146991,0.991675,4902.15,1.04919,,,,,,,4,5,0.70614,0.0594583,0.207642,0.174464
R2,R2 hors nis_z_100 Q4,48,SL-B 0,SL-B,0,dynamique,0.684615,0.000961538,1.22699,1.76859,2.44328,,,,,,,5,1452,1040,0.283747,14.4444,-0.274687,-1169.43,0.983327,0.270192,-1.12445,0.182914,-0.659282,-0.653378,-10079.2,19.5,4030.57,5200,1.29014,557,483,0.964952,-3.53397,-1.28451,2.24946,0.347972,-0.00743254,0.17027,0.177702,-13.1903,10.9524,-13.4048,10.9098,-0.0907513,0.471792,-0.094477,0.453469,0.336566,-0.259638,-0.247302,0.596887,0.152885,1.10427,6519.13,0.476109,208,-3.54999,0.166249,32,-45.6507,-1.34163,5,5,1.77134,0.111911,0.390474,0.10949
R2,R2 hors nis_z_100 Q4,48,SL-B 0,SL-B,0,dynamique,0.684615,0.000961538,1.22699,1.76859,2.44328,,,,,,,10,1452,1040,0.283747,14.4444,-0.568955,-6369.43,0.913861,0.268269,-6.12445,0.0474548,-0.705212,-0.699433,-11074.2,19.5,4030.57,10400,2.58028,557,483,-4.03505,-8.53397,-6.28451,2.24946,0.212037,-0.142343,0.034847,0.17719,-18.1903,5.95242,-18.4048,5.9098,-0.223362,0.338844,-0.229532,0.318197,-0.0199833,-0.284514,-0.274071,0.596887,0.152885,1.00889,6519.13,0.952218,208,-8.54999,0.0238453,32,-50.6507,-1.50211,2,4,1.77134,0.111166,0.248517,0.169313
R2,R2 hors nis_z_100 Q4,48,SL-B 0.25,SL-B,0.25,figé,0.657407,0.00115741,1.4892,2.02869,2.70182,-3.19003,-16.6259,10.302,-0.00893193,-0.31121,0.322418,5,1452,864,0.404959,12,-0.503558,-5258.14,0.917851,0.289352,-6.08582,0.0620709,-0.708466,-0.700075,-11441.7,22,-938.145,4320,4.60483,469,395,-5.59954,-6.66319,-6.13137,0.531829,0.164581,-0.0596438,0.0524687,0.112112,-18.6628,7.21023,-18.8377,7.07792,-0.20598,0.3517,-0.218271,0.337753,0.0561435,-0.30215,-0.29151,0.595289,0.146991,1.03235,3534.34,0.727618,,,,,,,4,5,-3.19003,-0.00893193,0.110052,0.0669787
R2,R2 hors nis_z_100 Q4,48,SL-B 0.25,SL-B,0.25,figé,0.657407,0.00115741,1.4892,2.02869,2.70182,-3.19003,-16.6259,10.302,-0.00893193,-0.31121,0.322418,10,1452,864,0.404959,12,-0.67788,-9578.14,0.857233,0.284722,-11.0858,-0.0726429,-0.768545,-0.764198,-13248.3,22,-938.145,8640,9.20966,469,395,-10.5995,-11.6632,-11.1314,0.531829,0.0289598,-0.19328,-0.0821601,0.11112,-23.6628,2.21023,-23.8377,2.07792,-0.342725,0.21777,-0.350504,0.201853,-0.183327,-0.361568,-0.351977,0.595289,0.146991,0.94908,3534.34,1.45524,,,,,,,2,2,-3.19003,-0.00893193,0.0851731,0.0922591
R2,R2 hors nis_z_100 Q4,48,SL-B 0.25,SL-B,0.25,dynamique,0.652559,0.000984252,1.48606,2.01859,2.701,,,,,,,5,1452,1016,0.300275,14.1111,-0.400066,-2926.05,0.960687,0.293307,-2.87997,0.143597,-0.63742,-0.631789,-9313.19,24,2153.95,5080,2.35846,541,475,-4.52715,-1.00392,-2.76554,-1.76162,0.255671,0.0159493,0.13581,0.119861,-15.558,9.45479,-15.6702,9.62181,-0.14321,0.447246,-0.143597,0.428675,0.192393,-0.249284,-0.246455,0.595511,0.151575,1.06574,5310.57,0.569655,185,0.793586,0.228032,33,-66.2206,-1.51754,4,5,0.0158136,0.0725937,0.246301,0.119844
R2,R2 hors nis_z_100 Q4,48,SL-B 0.25,SL-B,0.25,dynamique,0.652559,0.000984252,1.48606,2.01859,2.701,,,,,,,10,1452,1016,0.300275,14.1111,-0.639197,-8006.05,0.897401,0.28937,-7.87997,0.00874827,-0.737265,-0.73233,-11572.5,24,2153.95,10160,4.71692,541,475,-9.52715,-6.00392,-7.76554,-1.76162,0.119289,-0.117152,0.00106857,0.118221,-20.558,4.45479,-20.6702,4.62181,-0.28038,0.31094,-0.281649,0.293856,-0.118827,-0.29674,-0.292554,0.595511,0.151575,0.979959,5310.57,1.13931,185,-4.20641,0.0894136,33,-71.2206,-1.67001,2,3,0.0158136,0.0724593,0.149674,0.157087
R2,R2 hors nis_z_100 Q4,48,SL-B 0.5,SL-B,0.5,figé,0.62963,0.00231481,1.7392,2.27869,2.95182,-5.48155,-18.1484,7.02124,-0.0471566,-0.336947,0.272848,5,1452,864,0.404959,12,-0.597635,-7238.02,0.894235,0.306713,-8.37734,0.0238462,-0.741801,-0.733104,-12638.7,27,-2918.02,4320,1.48046,469,395,-10.1285,-6.29817,-8.21331,-1.91514,0.0839857,-0.0475599,0.0182129,0.0657728,-21.6783,5.29194,-21.7273,5.30309,-0.260875,0.318236,-0.260634,0.31196,-0.020617,-0.332763,-0.319882,0.595289,0.146991,1.00749,2811.03,0.914842,,,,,,,4,4,-5.48155,-0.0471566,0.0332912,0.0363649
R2,R2 hors nis_z_100 Q4,48,SL-B 0.5,SL-B,0.5,figé,0.62963,0.00231481,1.7392,2.27869,2.95182,-5.48155,-18.1484,7.02124,-0.0471566,-0.336947,0.272848,10,1452,864,0.404959,12,-0.738952,-11558,0.838219,0.302083,-13.3773,-0.110868,-0.799508,-0.794563,-14512.7,27,-2918.02,8640,2.96091,469,395,-15.1285,-11.2982,-13.2133,-1.91514,-0.0516356,-0.181196,-0.116416,0.0647803,-26.6783,0.291939,-26.7273,0.303092,-0.389558,0.183764,-0.391142,0.17674,-0.24269,-0.364672,-0.351372,0.595289,0.146991,0.930902,2811.03,1.82968,,,,,,,2,2,-5.48155,-0.0471566,0.0258103,0.0891556
R2,R2 hors nis_z_100 Q4,48,SL-B 0.5,SL-B,0.5,dynamique,0.621349,0.0020141,1.72854,2.26867,2.93403,,,,,,,5,1452,993,0.316116,13.7917,-0.519867,-5059.39,0.93508,0.313192,-5.09506,0.110809,-0.690939,-0.684643,-10835.9,27,-94.3898,4965,52.601,530,463,-8.78274,-0.873731,-4.82824,-3.9545,0.198321,0.0106331,0.104477,0.093844,-18.7803,8.03911,-18.7153,8.49422,-0.180909,0.426769,-0.18492,0.411929,0.108685,-0.282209,-0.276782,0.592421,0.147029,1.04352,4522.53,0.650382,162,-0.911358,0.239217,33,-70.4931,-1.53567,3,3,-2.19927,0.0398061,0.162594,0.0869195
R2,R2 hors nis_z_100 Q4,48,SL-B 0.5,SL-B,0.5,dynamique,0.621349,0.0020141,1.72854,2.26867,2.93403,,,,,,,10,1452,993,0.316116,13.7917,-0.707939,-10024.4,0.876782,0.309164,-10.0951,-0.0228579,-0.780242,-0.778368,-12898,27,-94.3898,9930,105.202,530,463,-13.7827,-5.87373,-9.82824,-3.9545,0.063879,-0.122146,-0.0291337,0.0930127,-23.7803,3.03911,-23.7153,3.49422,-0.310681,0.291705,-0.317087,0.278497,-0.173794,-0.314477,-0.310115,0.592421,0.147029,0.964545,4522.53,1.30076,162,-5.91136,0.106957,33,-75.4931,-1.68984,2,3,-2.19927,0.0408531,0.094707,0.139351
R2,R2 hors nis_z_100 Q4,48,SL-B 1,SL-B,1,figé,0.560185,0,2.2392,2.77869,3.45182,-8.0659,-19.6147,3.51949,-0.0776531,-0.356996,0.229594,5,1452,864,0.404959,12,-0.685546,-9470.89,0.873825,0.336806,-10.9617,-0.00665026,-0.802861,-0.790062,-14223.3,38,-5150.89,4320,0.838689,469,395,-14.1066,-7.2276,-10.6671,-3.4395,0.0225618,-0.0413349,-0.00938657,0.0319483,-24.5979,2.68307,-24.4713,2.90794,-0.280191,0.280452,-0.278507,0.270989,-0.133305,-0.378313,-0.363909,0.595289,0.146991,0.97347,1633.07,1.57473,,,,,,,2,4,-8.0659,-0.0776531,-0.0793966,-0.00918461
R2,R2 hors nis_z_100 Q4,48,SL-B 1,SL-B,1,figé,0.560185,0,2.2392,2.77869,3.45182,-8.0659,-19.6147,3.51949,-0.0776531,-0.356996,0.229594,10,1452,864,0.404959,12,-0.796014,-13790.9,0.823064,0.331019,-15.9617,-0.141364,-0.857696,-0.848667,-17467.5,38,-5150.89,8640,1.67738,469,395,-19.1066,-12.2276,-15.6671,-3.4395,-0.11306,-0.174971,-0.144015,0.0309558,-29.5979,-2.31693,-29.4713,-2.09206,-0.41207,0.142991,-0.409314,0.136763,-0.329846,-0.464597,-0.452987,0.595289,0.146991,0.905371,1633.07,3.14945,,,,,,,2,2,-8.0659,-0.0776531,-0.0613457,-0.0107697
R2,R2 hors nis_z_100 Q4,48,SL-B 1,SL-B,1,dynamique,0.550725,0,2.23606,2.76023,3.451,,,,,,,5,1452,966,0.334711,13.4167,-0.603619,-6808.26,0.917562,0.345756,-7.04788,0.074009,-0.747135,-0.730812,-11409.6,39,-1978.26,4830,2.44154,520,446,-10.6668,-2.82856,-6.74766,-3.9191,0.141207,-0.00433844,0.0684342,0.0727727,-20.585,6.40537,-20.4591,6.95409,-0.210356,0.359218,-0.213236,0.351534,0.017655,-0.312939,-0.299675,0.59186,0.145963,1.01957,3618.89,0.789934,132,0.107563,0.105473,30,-88.2813,-2.11053,3,3,-4.1521,0.00300613,0.0715632,0.0561897
R2,R2 hors nis_z_100 Q4,48,SL-B 1,SL-B,1,dynamique,0.550725,0,2.23606,2.76023,3.451,,,,,,,10,1452,966,0.334711,13.4167,-0.755632,-11638.3,0.864296,0.34058,-12.0479,-0.0587113,-0.823901,-0.818684,-15014.6,39,-1978.26,9660,4.88309,520,446,-15.6668,-7.82856,-11.7477,-3.9191,0.00888719,-0.137526,-0.0643192,0.0732064,-25.585,1.40537,-25.4591,1.95409,-0.339129,0.226516,-0.344183,0.219737,-0.235345,-0.407737,-0.394196,0.59186,0.145963,0.948458,3618.89,1.57987,132,-4.89244,-0.0179307,30,-93.2813,-2.25968,2,2,-4.1521,0.00499971,0.033156,0.0460907
