descripteur,sens,classe,bornes,n,n_6,mfe_6_p50,mae_6_p50,asym_6_p50,ret_6_p50,pct_mfe_gt_mae_6,pct_mfe_gt_mae_6_lo,pct_mfe_gt_mae_6_hi,n_13,mfe_13_p50,mae_13_p50,asym_13_p50,ret_13_p50,pct_mfe_gt_mae_13,pct_mfe_gt_mae_13_lo,pct_mfe_gt_mae_13_hi,n_26,mfe_26_p50,mae_26_p50,asym_26_p50,ret_26_p50,pct_mfe_gt_mae_26,pct_mfe_gt_mae_26_lo,pct_mfe_gt_mae_26_hi,n_48,mfe_48_p50,mae_48_p50,asym_48_p50,ret_48_p50,pct_mfe_gt_mae_48,pct_mfe_gt_mae_48_lo,pct_mfe_gt_mae_48_hi,win_strict_1p0,win_strict_1p0_lo,win_strict_1p0_hi,win_all_1p0,amb_1p0,timeout_1p0,win_strict_1p5,win_strict_1p5_lo,win_strict_1p5_hi,win_all_1p5,amb_1p5,timeout_1p5,win_strict_2p0,win_strict_2p0_lo,win_strict_2p0_hi,win_all_2p0,amb_2p0,timeout_2p0,annees_meme_signe_asym_6_p50,annees_meme_signe_asym_13_p50,annees_meme_signe_asym_26_p50,annees_meme_signe_asym_48_p50,annees_meme_signe_pct_mfe_gt_mae_6,annees_meme_signe_pct_mfe_gt_mae_13,annees_meme_signe_pct_mfe_gt_mae_26,annees_meme_signe_pct_mfe_gt_mae_48,annees_meme_signe_win_strict_1p5,annees_meme_signe_win_strict_2p0,monotone_pct_mfe_gt_mae_26,monotone_win_strict_1p5
retrace_ratio,Tous,Q1,[0 ; 0.405],1824.0,1824.0,0.9283540132317221,0.8392967815131055,0.09937367134241858,0.12757104436724104,0.5257675438596491,0.5028215568390271,0.5486052188728288,1824.0,1.3868420166184667,1.3862297967691997,0.04136635547236053,0.053249374893123536,0.5071271929824561,0.4841923112735433,0.5300321160510127,1824.0,1.9536461824211449,2.205303935892485,-0.1587594161935037,-0.007318808425282852,0.47423245614035087,0.45139478112717124,0.4971784431609728,1823.0,2.7832683400626737,2.945509949998644,-0.10886983248897004,0.02404469355654334,0.4909489851892485,0.4680432680569898,0.5138927684335303,0.4804837822979659,0.45758872506312837,0.5034610995623353,0.4791666666666667,0.01699561403508772,0.0027412280701754384,0.48337028824833705,0.4603696793701352,0.5064415722350941,0.4780701754385965,0.00712719298245614,0.010964912280701754,0.48205128205128206,0.4587379882142727,0.5054429818059952,0.46381578947368424,0.0043859649122807015,0.03782894736842105,,,,,,,,,,,,
retrace_ratio,Tous,Q2,[0.405 ; 0.621],1824.0,1824.0,0.8827024000197594,0.8717385664666677,0.05551942615543654,0.05037318910666648,0.5164473684210527,0.49350295332428884,0.5393226481939172,1824.0,1.4592153107356611,1.289050750380406,0.16079995106872863,0.04290522012940513,0.5317982456140351,0.5088554924067926,0.5546073371950723,1824.0,2.192807494790594,2.151221995879296,0.02264046689601442,0.034839615323751495,0.5032894736842105,0.4803608288134418,0.5262042914901994,1824.0,3.1359875336372993,2.9901121402112745,0.2464182207729574,0.13069055115921838,0.5164473684210527,0.49350295332428884,0.5393226481939172,0.5005488474204172,0.47761292915918085,0.5234824561141092,0.5,0.012609649122807017,0.0010964912280701754,0.5110987791342952,0.4880194078405497,0.5341309291546775,0.5049342105263158,0.008771929824561403,0.01206140350877193,0.5126436781609195,0.4891555029032775,0.5360761465768129,0.48903508771929827,0.008223684210526315,0.046052631578947366,,,,,,,,,,,,
retrace_ratio,Tous,Q3,[0.621 ; 0.845],1825.0,1825.0,0.9070316773041481,0.8756991814234681,0.08628931554742418,-0.03200687039217552,0.5178082191780822,0.49486936208252463,0.5406722616425699,1825.0,1.4216079989337393,1.3414720794104324,0.06323227125080899,-0.04582078969704042,0.5090410958904109,0.48610988464526955,0.5319343243228554,1825.0,2.128153670822428,2.071126263562417,0.054366136015347316,0.04180282089700143,0.5073972602739726,0.484468265976936,0.5302951777242573,1824.0,3.020112274868146,2.937478112330156,0.15263395895468101,-0.025384901049587037,0.5093201754385965,0.48638233501347405,0.532218839180176,0.5005488474204172,0.47761292915918085,0.5234824561141092,0.4997260273972603,0.012054794520547946,0.0016438356164383563,0.5154696132596686,0.492437324090993,0.5384363751339009,0.5112328767123288,0.006575342465753425,0.00821917808219178,0.5079545454545454,0.484605786354461,0.5312686549785929,0.4898630136986301,0.0038356164383561643,0.03561643835616438,,,,,,,,,,,,
retrace_ratio,Tous,Q4,[0.845 ; 3.45],1823.0,1823.0,1.0226169426511587,0.9880963307565942,-0.0071761280815958,-0.10614566626653096,0.4975315414152496,0.47460851184247926,0.5204649526549353,1823.0,1.535265028262798,1.4403492516193714,0.06793943296158976,-0.1397884493768128,0.5095995611629183,0.48665509264431955,0.5325036565324016,1822.0,2.2324640324402543,2.140695868238573,0.01372989931481448,-0.21378684206784915,0.5010976948408342,0.4781606631610095,0.52403010738557,1822.0,3.2260183341114574,3.2408731823376606,-0.037155042026891016,-0.16225832577882504,0.4983534577387486,0.475422268919924,0.5212915752602065,0.49807797913234486,0.47514113399980656,0.5210229166224501,0.4975315414152496,0.017004936917169502,0.0010970927043335162,0.49944690265486724,0.4764248747934031,0.5224712759517834,0.4953373560065826,0.005485463521667581,0.008228195282501372,0.503405221339387,0.4800771899625949,0.526718436553396,0.48656061437191445,0.0032912781130005485,0.033461327482172246,,,,,,,,,,,,
retrace_ratio,Tous,Q4 − Q1,,,,,,-0.10654979942401438,,-0.0282360024443995,,,,,,0.026573077489229227,,0.002472368180462148,,,,,,0.17248931550831817,,0.02686523870048335,,,,,,0.07171479046207903,,0.007404472549500107,,,,,,,,,0.016076614406530187,,,,,,0.021353939288104973,,,,,,3.0,3.0,5.0,3.0,2.0,4.0,6.0,3.0,5.0,5.0,False,False
retrace_ratio,Long,Q1,[0 ; 0.405],773.0,773.0,0.9730674937561272,0.8248462622024862,0.15241687609153748,0.20710373977834054,0.5394566623544631,0.5042097616565916,0.5743133246456867,773.0,1.3715967917604817,1.4285223598193675,0.06428358566980251,0.08151177750300917,0.5135834411384217,0.4783682939103326,0.5486642439970091,773.0,1.926147401934344,2.234877796627723,-0.15952001727263643,0.1371505912485104,0.47477360931435963,0.4397820270024742,0.5100146883124628,772.0,2.807010727806299,2.9699194278814107,-0.09795554999965247,0.23569254388172434,0.49352331606217614,0.4583747819049676,0.5287359891596413,0.4811443433029909,0.44601125868649716,0.5164648813142483,0.47865459249676584,0.019404915912031046,0.00517464424320828,0.4725130890052356,0.43733747121889543,0.5079637471573947,0.4670116429495472,0.00517464424320828,0.01164294954721863,0.46756756756756757,0.43187797802833167,0.503592154322427,0.4476067270375162,0.00517464424320828,0.042690815006468305,,,,,,,,,,,,
retrace_ratio,Long,Q2,[0.405 ; 0.621],937.0,937.0,0.8606392725228424,0.8194994909293247,0.08248649117898693,0.09137901723245616,0.5250800426894343,0.4930679152428592,0.5568873588436607,937.0,1.4562911880078235,1.2998912968712166,0.22467012592365448,0.13446397445773464,0.5410885805763074,0.509078654024245,0.5727629652238836,937.0,2.1691501426779793,2.121837622867125,0.11538771186626853,0.12520237815731858,0.5112059765208111,0.4792184370028033,0.5431020046103227,937.0,3.167983903838209,2.8420126037906015,0.37949887917580544,0.3864378457583709,0.5304162219850587,0.4984011811625411,0.5621828746445149,0.5160256410256411,0.48400972375392326,0.5479105487685955,0.5154749199573105,0.010672358591248666,0.0010672358591248667,0.5243770314192849,0.49212394071637616,0.556428044865626,0.5165421558164355,0.007470651013874066,0.014941302027748132,0.5252525252525253,0.49242505786630947,0.5578631719164813,0.4994663820704376,0.008537886872998933,0.04909284951974386,,,,,,,,,,,,
retrace_ratio,Long,Q3,[0.621 ; 0.845],936.0,936.0,0.8575767626798043,0.8924243183943493,0.012271125026307915,-0.015234424086971864,0.5042735042735043,0.4722904301293682,0.5362216425433033,936.0,1.3780304283345166,1.344873568425049,0.005226574049432402,0.02347777030532551,0.5010683760683761,0.46909731269794996,0.533030705470218,936.0,2.1196524737373323,2.1369385663650373,0.04134183295671716,0.15199309047015208,0.5042735042735043,0.4722904301293682,0.5362216425433033,936.0,3.1698104040999846,2.8332653516369786,0.33444885730254065,0.3280216070642371,0.5192307692307693,0.4872089505441775,0.5510953764828449,0.4919786096256685,0.4600317421155123,0.5239911218053025,0.49145299145299143,0.010683760683760684,0.0010683760683760685,0.5118534482758621,0.47970987129276565,0.5438992914662268,0.5074786324786325,0.009615384615384616,0.008547008547008548,0.5055309734513275,0.472984270966917,0.538030866475562,0.48824786324786323,0.003205128205128205,0.03418803418803419,,,,,,,,,,,,
retrace_ratio,Long,Q4,[0.845 ; 3.45],982.0,982.0,0.8800569347782872,0.988473265680752,-0.10424605045224206,-0.1043182604030829,0.4755600814663951,0.4444804164138745,0.5068302201021743,982.0,1.3907143460432063,1.4633483968666057,-0.043350534873552976,-0.14542711072252934,0.4938900203665988,0.46270408577288985,0.5251235733561223,982.0,2.120559034964634,2.2475660166570948,-0.20622896871422952,-0.23492670612973318,0.48065173116089616,0.44953834818977034,0.5119159057187682,982.0,3.0449436169958672,3.378152970641139,-0.40282854297755233,-0.21045693931438314,0.4786150712830957,0.4475147874951178,0.5098820194564248,0.4673469387755102,0.43629710129556715,0.49865177665389143,0.4663951120162933,0.019348268839103868,0.002036659877800407,0.47638603696098564,0.4451741585505973,0.5077834574886466,0.4725050916496945,0.007128309572301426,0.008146639511201629,0.4915433403805497,0.459784023438223,0.5233710626308647,0.47352342158859473,0.004073319755600814,0.03665987780040733,,,,,,,,,,,,
retrace_ratio,Long,Q4 − Q1,,,,,,-0.25666292654377953,,-0.06389658088806799,,,,,,-0.10763412054335549,,-0.0196934207718229,,,,,,-0.046708951441593094,,0.0058781218465365215,,,,,,-0.3048729929778998,,-0.014908244779080426,,,,,,,,,0.00387294795575005,,,,,,0.023975772812982132,,,,,,6.0,4.0,3.0,4.0,5.0,2.0,3.0,4.0,3.0,5.0,False,False
retrace_ratio,Short,Q1,[0 ; 0.405],1051.0,1051.0,0.9083488411202365,0.8443321960552731,0.05621051956298051,0.058793444306242726,0.5156993339676499,0.48548301255180293,0.5458013053969774,1051.0,1.3981632593705746,1.3598424229927053,0.027375021466919638,0.013170176654598019,0.5023786869647955,0.472196394506814,0.5325436536672437,1051.0,1.978920461692801,2.165397138724654,-0.14741989743066344,-0.124537782015006,0.4738344433872502,0.44379695928989815,0.5040625107954682,1051.0,2.7774066788732044,2.935237179491568,-0.11157719581108567,-0.1296415143741212,0.489058039961941,0.4589311191957712,0.5192646592035639,0.48,0.4499086961983634,0.5102371169864643,0.47954329210275926,0.015223596574690771,0.0009514747859181732,0.4913461538461538,0.46104998920242524,0.5217060151568569,0.4862036156041865,0.008563273073263558,0.010466222645099905,0.49261083743842365,0.46193960954343166,0.5233377878459172,0.47573739295908657,0.003805899143672693,0.03425309229305423,,,,,,,,,,,,
retrace_ratio,Short,Q2,[0.405 ; 0.621],887.0,887.0,0.8984405509392335,0.9138211060021278,0.038617132162992444,-0.02075684283312494,0.5073280721533259,0.4744658285035074,0.5401271137210139,887.0,1.4621394334634985,1.2862167322867954,0.11992614338691307,-0.0361299112507059,0.5219842164599775,0.4890868755471887,0.5546919511263749,887.0,2.2353595502664434,2.180623843018685,-0.03741207731961353,-0.0492698421917692,0.49492671927846676,0.4621161258396832,0.5277810680048792,887.0,3.100147773782469,3.0663985094407846,0.04049518210876831,-0.1254978704396419,0.5016910935738444,0.4688498339949911,0.5345177680568217,0.48419864559819414,0.4514306031949279,0.5171031223580245,0.4836527621195039,0.014656144306651634,0.0011273957158962795,0.49715585893060293,0.4641861819209956,0.5301502879508364,0.4926719278466742,0.010146561443066516,0.009019165727170236,0.4994110718492344,0.4658560709858863,0.532971378331783,0.47801578354002255,0.007891770011273957,0.04284103720405862,,,,,,,,,,,,
retrace_ratio,Short,Q3,[0.621 ; 0.845],889.0,889.0,0.9585486941635166,0.8628748212319314,0.14543597150017135,-0.051989743421856596,0.532058492688414,0.49919039070205395,0.5646507206440124,889.0,1.4523914379250376,1.3385236973568087,0.16406199598830812,-0.1349107014215327,0.5174353205849269,0.4845828040803981,0.5501378003358837,889.0,2.1312365121715477,2.0003402781325135,0.058409014894091435,-0.06915388791194624,0.5106861642294713,0.4778502858637887,0.5434300845849,888.0,2.897951788687738,3.0939098943240273,0.0,-0.3614300978553686,0.4988738738738739,0.46606306673234876,0.5316943825725503,0.5095828635851184,0.47671339007560093,0.5423696882180037,0.5084364454443194,0.013498312710911136,0.0022497187851518562,0.5192743764172335,0.4862884700619548,0.5520931096696811,0.515185601799775,0.003374578177727784,0.007874015748031496,0.5105140186915887,0.4770536003387692,0.5438804879863363,0.4915635545556805,0.0044994375703037125,0.03712035995500562,,,,,,,,,,,,
retrace_ratio,Short,Q4,[0.845 ; 3.45],841.0,841.0,1.1529533709544662,0.982975860688038,0.12423332819459981,-0.11142056365134106,0.5231866825208086,0.48940117223230034,0.5567613273415845,841.0,1.6716796695038054,1.4085550618888576,0.207218027976108,-0.1390208465802269,0.5279429250891795,0.49415213300253213,0.5614795972531749,840.0,2.448335969558656,2.0281155294955826,0.33554065311857195,-0.15448002454885695,0.525,0.4911920344747073,0.5585803398666384,840.0,3.34965462521004,3.097161186448743,0.29295473563941,-0.08762631673405463,0.5214285714285715,0.48762571576188146,0.5550363193878434,0.5338882282996433,0.5000951254629451,0.5673731431450402,0.5338882282996433,0.014268727705112961,0.0,0.526378896882494,0.49244814303129625,0.5600677501876606,0.5219976218787158,0.0035671819262782403,0.008323424494649227,0.5171568627450981,0.48287014006693524,0.5512827987446597,0.5017835909631391,0.0023781212841854932,0.029726516052318668,,,,,,,,,,,,
retrace_ratio,Short,Q4 − Q1,,,,,,0.0680228086316193,,0.00748734855315869,,,,,,0.17984300650918836,,0.02556423812438402,,,,,,0.48296055054923537,,0.051165556612749796,,,,,,0.40453193145049565,,0.03237053146663044,,,,,,,,,0.03503274303634013,,,,,,0.024546025306674435,,,,,,3.0,3.0,6.0,5.0,3.0,4.0,5.0,4.0,5.0,4.0,True,True
obs_dist_seg_atr,Tous,Q1,[0 ; 1.26],1824.0,1824.0,0.9787680655718589,0.8805548219608548,0.10396728588475745,0.13475102184712348,0.5268640350877193,0.5039183873403316,0.5496967618060714,1824.0,1.5412274089485365,1.4665060438256095,0.09820367301658506,0.0413372375446266,0.5191885964912281,0.49624289193166443,0.5420536431729093,1824.0,2.2392645835557543,2.3039363297938067,-0.010263923795056671,0.021650474861939457,0.4967105263157895,0.47379570850980063,0.5196391711865583,1823.0,3.090939370235239,3.0407866851273146,0.08557084402920695,0.053426756128023035,0.5063082830499177,0.4833683394346547,0.5292216957386192,0.5024711696869851,0.4795251866051787,0.5254067483090624,0.5016447368421053,0.017543859649122806,0.001644736842105263,0.49558011049723755,0.4725798506262027,0.5185990924523991,0.4917763157894737,0.010416666666666666,0.007675438596491228,0.49971574758385445,0.4763753723084737,0.5230573617499917,0.4819078947368421,0.008771929824561403,0.0356359649122807,,,,,,,,,,,,
obs_dist_seg_atr,Tous,Q2,[1.26 ; 1.77],1824.0,1824.0,0.9277546314966418,0.836481944151799,0.10504017674597929,0.02504443074490759,0.5279605263157895,0.5050153283240603,0.5507881942568899,1824.0,1.4417552718986255,1.2963146689206297,0.2574298617973095,0.04639016508228726,0.5350877192982456,0.5121481406367092,0.5578798092687969,1824.0,2.1250320534012137,2.1808686770936423,0.050467145174574846,0.016842274079498298,0.5087719298245614,0.4858347878090105,0.531672199667366,1824.0,3.1784130649919677,3.0536278914324413,0.1169373823478374,-0.04847924832667951,0.5104166666666666,0.48747751197102135,0.5333120356571757,0.5098792535675082,0.4869281580621005,0.5327887768571169,0.5093201754385965,0.014802631578947368,0.0010964912280701754,0.5187845303867403,0.49575043812545383,0.5417390537904885,0.5148026315789473,0.007675438596491228,0.007675438596491228,0.5079365079365079,0.4846142242506089,0.53122429883879,0.49122807017543857,0.004934210526315789,0.03289473684210526,,,,,,,,,,,,
obs_dist_seg_atr,Tous,Q3,[1.77 ; 2.39],1824.0,1824.0,0.8881636595644509,0.9145421451238784,0.04638865065946804,-0.0218415291938689,0.5120614035087719,0.48912048380639045,0.5349516239736273,1824.0,1.4317410806956534,1.3478842104223943,0.07712455101878657,-0.044451950363881235,0.5148026315789473,0.4918593207365564,0.5376837206298288,1824.0,2.174156178637837,2.044093422867027,0.07734487023945572,0.026738455604217753,0.5087719298245614,0.4858347878090105,0.531672199667366,1823.0,3.0737037527426643,3.0805847533693274,0.1921608590081787,0.13497899574323788,0.5112452002194185,0.48829884121033856,0.5341442649681064,0.48710916072408117,0.4642153746355747,0.5100571621842568,0.4868421052631579,0.01425438596491228,0.0005482456140350877,0.503880266075388,0.4808240422929264,0.5269199989991868,0.49835526315789475,0.003289473684210526,0.010964912280701754,0.5071306332002282,0.48373659172163347,0.5304934902618534,0.48739035087719296,0.003837719298245614,0.03892543859649123,,,,,,,,,,,,
obs_dist_seg_atr,Tous,Q4,[2.39 ; 7.72],1824.0,1824.0,0.9019936226497414,0.9526965291746283,-0.04210320899379941,-0.10860487538160335,0.4906798245614035,0.467781160819824,0.5136176649865261,1824.0,1.3457582505120027,1.3942859950158115,-0.06737979503215852,-0.14925154851857897,0.48848684210526316,0.4655948779427072,0.5114272009945486,1823.0,1.9341687217205585,2.026104857205706,-0.23390679406913997,-0.15569836338509013,0.471749862863412,0.4489173191064924,0.49470121903058534,1823.0,2.8210324613102085,2.9142607724157843,-0.17220652026759756,-0.11749956988188866,0.48710916072408117,0.4642153746355747,0.5100571621842568,0.4801980198019802,0.45729780902477213,0.5031817408987778,0.4786184210526316,0.01206140350877193,0.003289473684210526,0.4911111111111111,0.4680594684957276,0.5142006146512627,0.48464912280701755,0.006578947368421052,0.013157894736842105,0.4910970706490523,0.4676592995180471,0.514574044758018,0.46875,0.0021929824561403508,0.04550438596491228,,,,,,,,,,,,
obs_dist_seg_atr,Tous,Q4 − Q1,,,,,,-0.14607049487855686,,-0.03618421052631576,,,,,,-0.16558346804874358,,-0.030701754385964897,,,,,,-0.2236428702740833,,-0.02496066345237752,,,,,,-0.25777736429680453,,-0.019199122325836537,,,,,,,,,-0.004468999386126438,,,,,,-0.008618676934802172,,,,,,4.0,4.0,4.0,4.0,4.0,4.0,4.0,5.0,5.0,5.0,False,False
obs_dist_seg_atr,Long,Q1,[0 ; 1.26],754.0,754.0,1.0306201396816506,0.8390804276635647,0.19044987431083826,0.22341611544578707,0.5424403183023873,0.5067540795927875,0.5776962857606055,754.0,1.5412274089485365,1.480052536112397,0.17005815471512403,0.08297029777143264,0.5251989389920424,0.4895172884986497,0.5606251159299273,754.0,2.241403227140056,2.317754204678924,0.015203344301253115,0.1241791438306214,0.5013262599469496,0.4657207388911162,0.5369183350261773,753.0,3.0756482557062856,2.969247963100925,0.1124962749221544,0.27637149742727385,0.5073041168658698,0.47164839124972247,0.5428856935574551,0.5139442231075697,0.4782647969051324,0.5494820922722068,0.513262599469496,0.01856763925729443,0.001326259946949602,0.504,0.46828750785469087,0.5396717238990356,0.5013262599469496,0.011936339522546418,0.005305039787798408,0.5,0.4638728329355326,0.5361271670644674,0.4854111405835544,0.011936339522546418,0.029177718832891247,,,,,,,,,,,,
obs_dist_seg_atr,Long,Q2,[1.26 ; 1.77],887.0,887.0,0.9263474659212182,0.8342337809105208,0.10290412701054628,0.10477977523392194,0.5332581736189402,0.5003530022038261,0.5658765048151546,887.0,1.4860297904551174,1.2904219683176401,0.3170551252133935,0.11224901797130092,0.5501691093573844,0.5172835946622585,0.5826219328748479,887.0,2.156732065946601,2.1546697635512175,0.1778256472104938,0.1371505912485104,0.5264937993235626,0.49359132272557,0.5591677760861603,887.0,3.3275415134311985,2.9241070467057226,0.40857763531314806,0.2634213494715388,0.5332581736189402,0.5003530022038261,0.5658765048151546,0.5141242937853108,0.48120523569771134,0.5469212606318935,0.5129650507328072,0.012401352874859075,0.002254791431792559,0.5216400911161732,0.4885753278843454,0.554516311249032,0.5163472378804961,0.009019165727170236,0.010146561443066516,0.5117096018735363,0.4782065624605461,0.5451077650330144,0.4926719278466742,0.004509582863585118,0.03720405862457723,,,,,,,,,,,,
obs_dist_seg_atr,Long,Q3,[1.77 ; 2.39],1029.0,1029.0,0.8136918915112835,0.9052343815409641,-0.0004515158081339381,0.011786296249851022,0.4975704567541302,0.46708621575741993,0.528072770867441,1029.0,1.3547422983811321,1.348052171521173,0.025475043709664996,-0.004107711458823769,0.5053449951409135,0.4748332144187112,0.5358170150065945,1029.0,2.088689869261962,2.071389193645891,-0.039732939891957836,0.04045697885583928,0.4965986394557823,0.46611835739182755,0.5271042238829778,1029.0,3.007603993791579,3.1655122245465335,0.06824572660037084,0.2180040425806094,0.5063168124392614,0.475802105747602,0.5367845290277593,0.4776264591439689,0.4472317930462674,0.5081877209566571,0.4771622934888241,0.012633624878522837,0.0009718172983479105,0.5004916420845624,0.4698174676951315,0.5311621162089727,0.4946550048590865,0.0009718172983479105,0.011661807580174927,0.5050813008130082,0.47388269117342874,0.5362403892880542,0.48299319727891155,0.0029154518950437317,0.043731778425655975,,,,,,,,,,,,
obs_dist_seg_atr,Long,Q4,[2.39 ; 7.72],958.0,958.0,0.8502890775861471,0.9614868015100726,-0.10905645836891179,-0.10106216548694996,0.47390396659707723,0.44245201987984467,0.5055643686814318,958.0,1.2582050535001734,1.4496999896919474,-0.17131958225658717,-0.10130851840284308,0.47390396659707723,0.44245201987984467,0.5055643686814318,958.0,1.833003423168107,2.1294720190138112,-0.44007982135035306,-0.09157910315711251,0.453027139874739,0.4217548731058757,0.4846746263044221,958.0,2.7824094572431255,2.8885610952637997,-0.24906947707938815,0.05475039819646135,0.4780793319415449,0.44659807435289445,0.5097356920385778,0.4591194968553459,0.4277240644768739,0.49084284679530316,0.4572025052192067,0.016701461377870562,0.0041753653444676405,0.4650423728813559,0.4334300541607063,0.4969380579795499,0.4582463465553236,0.009394572025052192,0.014613778705636743,0.47859495060373214,0.44631380854182523,0.5110558606992761,0.4551148225469729,0.003131524008350731,0.049060542797494784,,,,,,,,,,,,
obs_dist_seg_atr,Long,Q4 − Q1,,,,,,-0.29950633267975,,-0.06853635170531003,,,,,,-0.3413777369717112,,-0.051294972394965166,,,,,,-0.4552831656516062,,-0.048299120072210544,,,,,,-0.36156575200154256,,-0.029224784924324954,,,,,,,,,-0.03895762711864409,,,,,,-0.02140504939626786,,,,,,5.0,6.0,6.0,5.0,5.0,5.0,6.0,5.0,4.0,4.0,False,False
obs_dist_seg_atr,Short,Q1,[0 ; 1.26],1070.0,1070.0,0.9416661360475422,0.9001279218780744,0.05583735068142489,0.06301174662527624,0.5158878504672897,0.48594022324163727,0.5457218021446022,1070.0,1.5413936664638848,1.4310093567034952,0.062462775503726344,-0.014880005063662126,0.5149532710280373,0.48500726857244175,0.5447922847322542,1070.0,2.230404622248499,2.2890682159107723,-0.05283301020183755,-0.03852032711747251,0.4934579439252336,0.46357806140034524,0.5233846340288503,1070.0,3.0929991351547512,3.103756450695836,0.041022852986577915,-0.1247714657840983,0.505607476635514,0.4756834531660803,0.5354913793231806,0.4943820224719101,0.4644703152640895,0.5243340005975079,0.4934579439252336,0.016822429906542057,0.001869158878504673,0.48962264150943396,0.4596204992037119,0.5196997304244583,0.4850467289719626,0.009345794392523364,0.009345794392523364,0.49951314508276534,0.4689917706692499,0.5300381481854025,0.4794392523364486,0.0065420560747663555,0.04018691588785047,,,,,,,,,,,,
obs_dist_seg_atr,Short,Q2,[1.26 ; 1.77],937.0,937.0,0.9323647208411519,0.8387301073930771,0.10795567256810681,-0.02834725721371781,0.5229455709711847,0.49093562782508954,0.554768133573216,937.0,1.423290113305281,1.3112679728886485,0.22444787406548322,-0.015495454232843913,0.5208110992529349,0.48880392211053264,0.5526483265995583,937.0,2.103956005844264,2.1958949712660734,-0.0371494248119458,-0.126074285459236,0.4919957310565635,0.4600827150343235,0.5239741123848723,937.0,3.018004409998156,3.164891897544298,-0.11157719581108567,-0.35306333881317115,0.4887940234791889,0.4568979953896774,0.5207815629971967,0.5058697972251868,0.4738982465039809,0.5377934133886089,0.5058697972251868,0.017075773745997867,0.0,0.5160944206008584,0.48400987289626557,0.5480468341362066,0.5133404482390609,0.0064034151547491995,0.005336179295624333,0.5043956043956044,0.4719600455594126,0.53679420681868,0.48986125933831376,0.005336179295624333,0.0288153681963714,,,,,,,,,,,,
obs_dist_seg_atr,Short,Q3,[1.77 ; 2.39],795.0,795.0,0.9985195301839088,0.9166750657890339,0.11439790919167381,-0.0546170465092222,0.5308176100628931,0.49606167006862834,0.5652771485407181,795.0,1.5493653103063831,1.3463097737940517,0.1306029959333872,-0.08564724947582894,0.5270440251572327,0.49229113817769,0.5615368046835731,795.0,2.3201559883525538,2.026149157881647,0.2184183420535129,0.01722965066321791,0.5245283018867924,0.48977854713563407,0.5590421452269069,794.0,3.162791400975187,2.979561090329895,0.379035934298242,0.03731772680460294,0.517632241813602,0.48287375107911873,0.5522209343822561,0.49937106918238994,0.46470077611223515,0.5340474112630843,0.49937106918238994,0.016352201257861635,0.0,0.5082592121982211,0.47337554571512463,0.5430626386191341,0.5031446540880503,0.006289308176100629,0.010062893081761006,0.5097529258777633,0.47445935804194617,0.5449495350611165,0.4930817610062893,0.005031446540880503,0.03270440251572327,,,,,,,,,,,,
obs_dist_seg_atr,Short,Q4,[2.39 ; 7.72],866.0,866.0,0.9928864308880092,0.9411676971413392,0.03875427273517677,-0.12295740390900196,0.5092378752886836,0.4759745867807993,0.5424195668214197,866.0,1.4457533316068845,1.3606202229592212,0.049809509583226524,-0.1686819157713437,0.5046189376443418,0.4713718132644945,0.5378252635366151,865.0,2.0314257067471226,1.943607663664319,-0.08438470571925515,-0.24926516355651732,0.49248554913294795,0.4592752594616622,0.5257622893849858,865.0,2.8317633426520876,2.940223634434931,-0.026906973458475616,-0.3161440530449973,0.49710982658959535,0.46387590521798605,0.5303693058768785,0.5034722222222222,0.4701912476959793,0.5367224563716755,0.5023094688221709,0.006928406466512702,0.0023094688221709007,0.5198598130841121,0.4863765384892634,0.553165628347047,0.5138568129330254,0.003464203233256351,0.011547344110854504,0.5048192771084338,0.4708607956643487,0.5387333526726976,0.4838337182448037,0.0011547344110854503,0.04157043879907621,,,,,,,,,,,,
obs_dist_seg_atr,Short,Q4 − Q1,,,,,,-0.017083077946248117,,-0.0066499751786061045,,,,,,-0.012653265920499819,,-0.010334333383695493,,,,,,-0.03155169551741759,,-0.000972394792285669,,,,,,-0.06792982644505353,,-0.008497650045918625,,,,,,,,,0.030237171574678146,,,,,,0.005306132025668431,,,,,,3.0,3.0,3.0,3.0,3.0,4.0,4.0,4.0,4.0,3.0,False,False
obs_lag_seg_bars,Tous,Q1,[0 ; 4],2686.0,2686.0,0.9513277937220437,0.89580174456854,0.07507577453617498,0.057864993844134634,0.5186150409530901,0.4997058478747074,0.5374710624682659,2686.0,1.5208970283095742,1.38829881833346,0.12542173639362802,-0.03099922325121303,0.5186150409530901,0.4997058478747074,0.5374710624682659,2685.0,2.177865537662429,2.160416584266322,0.032195979567420645,0.01722965066321791,0.503538175046555,0.4846343905266818,0.5224318494481833,2683.0,3.0991376386235414,2.975320553375215,0.14019958313363118,-0.029336464004856663,0.5080134178158777,0.48909815052227995,0.5269057702149901,0.4964591874767052,0.4775584888132945,0.5153700113260513,0.4959046909903202,0.014519731943410276,0.0011169024571854058,0.5103344607290492,0.49133949647026753,0.5292996289471681,0.505584512285927,0.010052122114668651,0.009307520476545048,0.5061680801850424,0.4869330562121838,0.5253848618625749,0.48883097542814596,0.004467609828741623,0.03425167535368578,,,,,,,,,,,,
obs_lag_seg_bars,Tous,Q2,[4 ; 5],1193.0,1193.0,0.9561800156169427,0.9396890169841005,0.07205538732729078,0.024049165742435055,0.5163453478625314,0.4879805081257215,0.544605257609694,1193.0,1.4264976713792368,1.3990692221627423,0.07811975118197909,-0.005875550453013685,0.5163453478625314,0.4879805081257215,0.544605257609694,1193.0,2.120104488790345,2.1618689174103323,0.05834103223575283,0.013641294312150618,0.5071248952221291,0.4787774261192003,0.5354266256116218,1193.0,3.0751889790707394,3.099134961991189,0.030659313055084677,-0.018449254986342888,0.5020955574182733,0.47376161243331394,0.5304160498404573,0.4979009235936188,0.46955675656193463,0.5262585883339913,0.49706621961441744,0.014249790444258172,0.0016764459346186086,0.502106149957877,0.4737008664043921,0.530497844826388,0.49958088851634536,0.002514668901927913,0.005029337803855826,0.49956559513466553,0.47072906907753087,0.5284050113019776,0.48197820620285,0.003352891869237217,0.03520536462699078,,,,,,,,,,,,
obs_lag_seg_bars,Tous,Q3,[5 ; 7],2153.0,2153.0,0.91117634156385,0.9207109920684069,0.016568291485523412,-0.03285918870675285,0.5048769159312587,0.4837675555817853,0.5259689035072828,2153.0,1.4171768502053743,1.3973224156684816,0.00958027159772675,-0.08785442490153522,0.5016256386437529,0.4805211785377438,0.5227243078252789,2153.0,2.1263663915940065,2.1929070526401158,-0.08966859576811483,-0.06044092961356665,0.4895494658615885,0.46847100504604866,0.5106651540488055,2153.0,3.0354178980045585,3.117671128267942,0.06824572660037084,0.07132770956685086,0.5048769159312587,0.4837675555817853,0.5259689035072828,0.4886099488609949,0.46752425704720646,0.5097362524955831,0.48815606130980027,0.013005109150023224,0.0009289363678588017,0.492970946579194,0.4717904294131007,0.5141767254967858,0.4886205294937297,0.005109150023223409,0.008824895494658615,0.49879401833092135,0.47729205714202216,0.5203004410051643,0.48026010218300047,0.0037157454714352067,0.03715745471435207,,,,,,,,,,,,
obs_lag_seg_bars,Tous,Q4,[7 ; 18],1264.0,1264.0,0.8609819245326367,0.8202452075678515,0.07226985248637607,0.026886836470839594,0.5197784810126582,0.4922171669616775,0.5472199362221903,1264.0,1.370412111473358,1.2698338550831467,0.15458327367108865,0.06181379981257765,0.5253164556962026,0.49775208070109456,0.5527274113742563,1264.0,1.9895555752288945,1.9859154288525072,-0.15938467299133735,-0.024956175575098542,0.4833860759493671,0.45592870764595744,0.5109441256795937,1264.0,2.9260827809702548,3.006562067219378,-0.06704551333092115,-0.02504223119534282,0.4944620253164557,0.4669576276906573,0.5219999834178598,0.4996028594122319,0.4720267830447775,0.5271813520055724,0.497626582278481,0.01819620253164557,0.003955696202531646,0.501610305958132,0.4738406769022477,0.5293700041345712,0.49287974683544306,0.007911392405063292,0.01740506329113924,0.49791492910758967,0.46966510624721497,0.5261780704437145,0.4723101265822785,0.00949367088607595,0.051424050632911396,,,,,,,,,,,,
obs_lag_seg_bars,Tous,Q4 − Q1,,,,,,-0.0028059220497989035,,0.0011634400595681438,,,,,,0.029161537277460625,,0.006701414743112477,,,,,,-0.191580652558758,,-0.020152099097187848,,,,,,-0.20724509646455233,,-0.013551392499422,,,,,,,,,-0.008724154770917147,,,,,,-0.00825315107745278,,,,,,4.0,3.0,5.0,5.0,1.0,3.0,3.0,5.0,3.0,4.0,False,False
obs_lag_seg_bars,Long,Q1,[0 ; 4],1282.0,1282.0,0.906216915286248,0.8766905140985475,0.0506115425704698,0.12226525153256196,0.5140405616224649,0.4866798179760315,0.5413174096762704,1282.0,1.474966730198266,1.3886674967155677,0.12828209574637012,0.0346459810315739,0.515600624024961,0.4882377406191473,0.5428702901056325,1282.0,2.12544079513982,2.182129022538896,0.01457940128332075,0.09283283616971849,0.500780031201248,0.47344819280836414,0.5281072087278748,1281.0,3.0381163424504924,2.987218286218182,0.029790631267333473,0.12252092903438758,0.5027322404371585,0.4753843037567984,0.5300638386445684,0.501951600312256,0.47460579836210626,0.5292857319245844,0.5015600624024961,0.015600624024960999,0.00078003120124805,0.5051140833988985,0.47765290940629235,0.532544435895273,0.500780031201248,0.014040561622464899,0.00858034321372855,0.5052631578947369,0.47740523650335515,0.533088437587021,0.48673946957878317,0.0062402496099844,0.036661466458658344,,,,,,,,,,,,
obs_lag_seg_bars,Long,Q2,[4 ; 5],617.0,617.0,0.914268189529523,0.9815405671410254,0.04574509442184029,0.05513560401332705,0.5105348460291734,0.471147274547221,0.5497920439520549,617.0,1.3392444568929431,1.505587342173643,0.06793943296158976,0.029016344724138787,0.5121555915721232,0.4727608670274115,0.5513998850871376,617.0,2.0783613025886716,2.3576999034489616,-0.030955171485356515,0.1811844077592392,0.4991896272285251,0.45986363113762546,0.5385256520547379,617.0,3.122735255613795,3.0775257776346945,0.10799089770623978,0.20306799247751584,0.5056726094003241,0.4663089626768801,0.544966054976576,0.47317073170731705,0.4339991155132595,0.5126754454729444,0.47163695299837927,0.01620745542949757,0.0032414910858995136,0.4739413680781759,0.43473020865270107,0.513476580919254,0.47163695299837927,0.0016207455429497568,0.004862236628849271,0.490787269681742,0.4508726141147622,0.5308197320876312,0.47487844408427876,0.006482982171799027,0.03241491085899514,,,,,,,,,,,,
obs_lag_seg_bars,Long,Q3,[5 ; 7],1102.0,1102.0,0.8873269332375703,0.9169376611726712,0.0023478059018052578,0.004050955918082788,0.5009074410163339,0.47143437241958924,0.5303742048667055,1102.0,1.4685344976952293,1.3932429205504744,0.056020885096712075,-0.028874553132616318,0.5136116152450091,0.48410524929084753,0.5430234100035758,1102.0,2.1394825347886552,2.182298749489676,-0.007733798990927782,0.04037287986556626,0.49637023593466423,0.46691365469548707,0.5258520361593333,1102.0,3.1569554740028494,3.0910732286315143,0.3262815882187969,0.3609766962342723,0.5208711433756806,0.4913542706341139,0.5502430069506686,0.4877384196185286,0.45830659146451336,0.5172555162620601,0.48729582577132485,0.013611615245009074,0.0009074410163339383,0.5041171088746569,0.47451306500846974,0.533692313051589,0.5,0.0054446460980036296,0.008166969147005444,0.5051837888784166,0.4751347430182157,0.5351954319110884,0.4863883847549909,0.003629764065335753,0.03720508166969147,,,,,,,,,,,,
obs_lag_seg_bars,Long,Q4,[7 ; 18],627.0,627.0,0.8099362140925115,0.8165501974101596,0.03812948957381927,-0.00518646510361071,0.5135566188197768,0.4744702390901241,0.5524778886173702,627.0,1.2317435081146424,1.2871995842468242,0.011085769770922214,0.030632963657346544,0.5023923444976076,0.4633601382139394,0.5413954137344419,627.0,1.9124384601733082,1.9991033405295278,-0.26894635972836556,-0.10139037322247856,0.46730462519936206,0.42856864665360234,0.5064388100518527,627.0,2.853363781055106,2.9569168055734636,-0.22445753422940465,0.07539436429531969,0.48484848484848486,0.44594048010400117,0.523941024222917,0.48154093097913325,0.4425382027183221,0.5207699121228115,0.4784688995215311,0.014354066985645933,0.006379585326953748,0.4909983633387889,0.4515384679091299,0.530570745260571,0.4784688995215311,0.003189792663476874,0.025518341307814992,0.4812925170068027,0.4411588269178586,0.5216690648694033,0.4513556618819777,0.004784688995215311,0.06220095693779904,,,,,,,,,,,,
obs_lag_seg_bars,Long,Q4 − Q1,,,,,,-0.012482052996650526,,-0.00048394280268815315,,,,,,-0.11719632597544791,,-0.013208279527353373,,,,,,-0.2835257610116863,,-0.03347540600188598,,,,,,-0.2542481654967381,,-0.01788375558867361,,,,,,,,,-0.014115720060109638,,,,,,-0.023970640887934158,,,,,,3.0,4.0,3.0,4.0,3.0,3.0,4.0,5.0,3.0,3.0,True,False
obs_lag_seg_bars,Short,Q1,[0 ; 4],1404.0,1404.0,0.9916018933454704,0.9266763563724694,0.10957982516386452,0.0009677108887533803,0.5227920227920227,0.4966383488001498,0.548821310866108,1404.0,1.543956402240613,1.3866304500377742,0.12409464171132238,-0.07999072758891931,0.5213675213675214,0.49521445421456933,0.5474039767225476,1403.0,2.216054403657521,2.149869360533504,0.054366136015347316,-0.03749684952514227,0.5060584461867427,0.4799159775137893,0.5321678277987631,1402.0,3.118569799723671,2.955388868870781,0.24553874692328523,-0.11767043525920243,0.5128388017118403,0.4866751839607276,0.5389322528941783,0.4914407988587732,0.4653308781851023,0.5175974972449603,0.49074074074074076,0.013532763532763533,0.0014245014245014246,0.5151079136690647,0.4888288278687612,0.5413037209086609,0.50997150997151,0.00641025641025641,0.009971509971509971,0.506990434142752,0.4804270541173351,0.5335144046699517,0.49074074074074076,0.002849002849002849,0.03205128205128205,,,,,,,,,,,,
obs_lag_seg_bars,Short,Q2,[4 ; 5],576.0,576.0,1.0119802300892466,0.8918586913807631,0.1050805183998586,0.00462950647582659,0.5225694444444444,0.4817632806811913,0.5630765514384773,576.0,1.5432279165360414,1.3491410822308296,0.08464348325342363,-0.063615521214549,0.5208333333333334,0.48003257333918686,0.5613580409251226,576.0,2.1492546062871245,2.0244045716410293,0.08952086217181084,-0.19364029985582737,0.515625,0.47484338260700787,0.5561995780912242,576.0,2.9852689251192865,3.14441561202333,-0.06613041802100744,-0.2091651702988206,0.4982638888888889,0.45757779191247794,0.538972990232163,0.5243055555555556,0.4834944769239554,0.5647945730510723,0.5243055555555556,0.012152777777777778,0.0,0.5322862129144852,0.49135224933786326,0.5727901426116773,0.5295138888888888,0.003472222222222222,0.005208333333333333,0.5090252707581228,0.4674772335967606,0.5504490020945181,0.4895833333333333,0.0,0.03819444444444445,,,,,,,,,,,,
obs_lag_seg_bars,Short,Q3,[5 ; 7],1051.0,1051.0,0.930543500768707,0.9220543339798316,0.03790975243271167,-0.06563876935171657,0.5090390104662227,0.47883703482807694,0.5391751482333421,1051.0,1.379024565688837,1.3973224156684816,-0.04613209327356959,-0.1449256996532754,0.489058039961941,0.4589311191957712,0.5192646592035639,1051.0,2.103956005844264,2.22209583048263,-0.16902907858757169,-0.1978014145978735,0.48239771646051377,0.4523064878467994,0.5126171556651743,1051.0,2.8532715506599766,3.1962698876373516,-0.11157719581108567,-0.30830580037884864,0.48810656517602286,0.4579844163237795,0.5183153428059325,0.4895238095238095,0.45938031903963256,0.5197436783428964,0.489058039961941,0.012369172216936251,0.0009514747859181732,0.4812680115273775,0.4510400687005927,0.5116336992657671,0.47668886774500474,0.004757373929590866,0.009514747859181731,0.49209486166007904,0.46138085367411236,0.5228686592420745,0.4738344433872502,0.003805899143672693,0.037107516650808754,,,,,,,,,,,,
obs_lag_seg_bars,Short,Q4,[7 ; 18],637.0,637.0,0.9027389126503191,0.8268150902449037,0.09936744477278973,0.08032885817192653,0.5259026687598116,0.4870866071042197,0.5644081772543488,637.0,1.4973967200089615,1.2286046635413321,0.3493093331718445,0.09857924104321299,0.5478806907378336,0.5090580492306487,0.5861292794321598,637.0,2.218758789456719,1.9439951680477965,0.0,0.014941563576948754,0.49921507064364207,0.4605073671518241,0.53793218483731,637.0,3.025177784173721,3.125476089864095,0.10111406089081669,-0.21869409649998767,0.5039246467817896,0.4651898492014501,0.5426123908528784,0.5172955974842768,0.4784721054078644,0.5559114045108408,0.5164835164835165,0.02197802197802198,0.0015698587127158557,0.5118858954041204,0.4729299301990777,0.5506980110070436,0.5070643642072213,0.012558869701726845,0.009419152276295133,0.513911620294599,0.4743173999445089,0.5533319978841352,0.49293563579277866,0.0141287284144427,0.04081632653061224,,,,,,,,,,,,
obs_lag_seg_bars,Short,Q4 − Q1,,,,,,-0.01021238039107479,,0.003110645967788872,,,,,,0.2252146914605221,,0.02651316937031223,,,,,,-0.054366136015347316,,-0.006843375543100605,,,,,,-0.14442468603246855,,-0.008914154930050655,,,,,,,,,-0.003222018264944282,,,,,,0.006921186151847003,,,,,,4.0,5.0,4.0,4.0,3.0,4.0,2.0,4.0,4.0,4.0,False,False
x1_already_flipped_at_t,Tous,Faux,x1 encore opposé,3515.0,3515.0,0.935055902909763,0.859486855822751,0.09982487056724834,0.08561002587243251,0.5254623044096728,0.5089353034579677,0.5419337097991223,3515.0,1.4315955125113804,1.3319669959792881,0.1518264256327512,0.04861417103528022,0.5240398293029872,0.5075120543714374,0.540515114569614,3515.0,2.1142642290639935,2.12657031217518,0.01912682448690567,0.07202373338421843,0.5007112375533428,0.48418986252878904,0.5172310596292302,3514.0,3.0018193636475003,2.897776983984782,0.16791853366388432,0.13217071469997732,0.5110984632896983,0.49456744671793057,0.5276052400795648,0.4985754985754986,0.4820447579476871,0.5151093539508118,0.49786628733997157,0.015362731152204837,0.001422475106685633,0.5097588978185993,0.49315743600501627,0.526338862221371,0.5052631578947369,0.008534850640113799,0.008819345661450925,0.505484731692855,0.4886151119552358,0.522341872227854,0.4850640113798009,0.0068278805120910386,0.040398293029871975,,,,,,,,,,,,
x1_already_flipped_at_t,Tous,Vrai,x1 déjà retourné,3781.0,3781.0,0.9173979121437873,0.9273127872151615,0.017055332957824396,-0.06102689186334626,0.5040994445913779,0.48816631570924557,0.5200242516318024,3781.0,1.451112146615923,1.4031843089800564,0.02702820082813536,-0.08682371048441827,0.5054218460724677,0.48948777570489616,0.5213449101332643,3780.0,2.135181503722613,2.1574627173335035,-0.0671378300867674,-0.10346471303251983,0.4925925925925926,0.4766702520851546,0.5085299740553899,3779.0,3.0489948053297384,3.1671871817357915,-0.028928554342124223,-0.11351052816056446,0.4969568668960042,0.4810265388503399,0.5128933757450795,0.49152093269740327,0.47558759134138423,0.5074715183894207,0.4906109494842634,0.014017455699550383,0.0018513620735255223,0.4954545454545455,0.4794433809217579,0.5114750382763192,0.4900819888918276,0.005554086220576567,0.010843692144935203,0.4978046103183315,0.48158120491287604,0.5140326397233603,0.47976725733932823,0.003173763554615181,0.03623380058185665,,,,,,,,,,,,
x1_already_flipped_at_t,Tous,Vrai − Faux,,,,,,-0.08276953760942395,,-0.021362859818294888,,,,,,-0.12479822480461583,,-0.018617983230519553,,,,,,-0.08626465457367306,,-0.00811864496075021,,,,,,-0.19684708800600853,,-0.014141596393694111,,,,,,,,,-0.014304352364053807,,,,,,-0.0076801213745235075,,,,,,4.0,4.0,5.0,5.0,4.0,4.0,4.0,5.0,4.0,4.0,,
x1_already_flipped_at_t,Long,Faux,x1 encore opposé,1718.0,1718.0,0.9288311693990338,0.8453677670429542,0.10582065359487161,0.1223231841455086,0.5325960419091967,0.5089561866906958,0.5560904470995438,1718.0,1.419592473315385,1.3484058296308614,0.19783344931962654,0.11699473735269927,0.5314318975552969,0.5077911195494836,0.5549324201768188,1718.0,2.100855480919554,2.126847136579431,0.032767115359963045,0.19717335079698722,0.5034924330616997,0.47986795774393864,0.5271013244478728,1717.0,3.0681547934440783,2.8251141734869987,0.2627746933288326,0.32533289665826864,0.5212580081537566,0.4976077461010931,0.544813357619319,0.49854227405247814,0.4749077727567955,0.522183291364529,0.4976717112922002,0.015133876600698487,0.0017462165308498253,0.5126396237507349,0.4888839930824073,0.536338291498166,0.5075669383003493,0.008731082654249126,0.00989522700814901,0.5152068126520681,0.4910407755314168,0.5393019467302376,0.4930151338766007,0.007566938300349243,0.04307334109429569,,,,,,,,,,,,
x1_already_flipped_at_t,Long,Vrai,x1 déjà retourné,1910.0,1910.0,0.8570090480751884,0.9219173864856238,-0.031053650428239016,-0.0441489236369254,0.4884816753926702,0.4661094360008047,0.5109001555975805,1910.0,1.372217698091736,1.4286423928599628,-0.0420086682874949,-0.08302606527835367,0.49476439790575916,0.47237484016475495,0.5171749741981474,1910.0,2.0433461490509943,2.220935576584376,-0.1650717327820064,-0.062293480194668654,0.48429319371727747,0.4619344623492278,0.5067149807394792,1910.0,3.028746017298185,3.1877989246956755,-0.13608650035734865,0.028605444582355227,0.49162303664921464,0.4692416966617516,0.5140380063188922,0.48083989501312335,0.4584642847957008,0.5032926257829453,0.47958115183246075,0.014659685863874346,0.002617801047120419,0.4830508474576271,0.4605670201009982,0.5056035091864433,0.4774869109947644,0.0062827225130890054,0.011518324607329843,0.4839412084921067,0.4611453356083818,0.5068041066467258,0.4654450261780105,0.0031413612565445027,0.03821989528795811,,,,,,,,,,,,
x1_already_flipped_at_t,Long,Vrai − Faux,,,,,,-0.13687430402311063,,-0.04411436651652656,,,,,,-0.23984211760712143,,-0.036667499649537694,,,,,,-0.19783884814196945,,-0.019199239344422192,,,,,,-0.3988611936861812,,-0.029634971504541918,,,,,,,,,-0.0295887762931078,,,,,,-0.031265604159961435,,,,,,4.0,5.0,5.0,5.0,4.0,5.0,5.0,5.0,6.0,5.0,,
x1_already_flipped_at_t,Short,Faux,x1 encore opposé,1797.0,1797.0,0.944123222402716,0.8688792870856943,0.09090498236483227,0.036078018231733636,0.5186421814134669,0.49552501270390736,0.5416798141948048,1797.0,1.437195702299238,1.3153365643348505,0.10356458404259673,-0.051511605572165366,0.5169727323316639,0.4938563829062655,0.5400166684492783,1797.0,2.1211156605088544,2.12657031217518,-0.007047951647220394,-0.03496543013611184,0.4980523094045632,0.47496321568267064,0.5211497128502998,1797.0,2.909549569509607,3.003719716964873,0.014192229191741625,-0.10121639766704028,0.5013912075681691,0.4782949055914001,0.5244815740279067,0.4986072423398329,0.4755040483632651,0.5217163850534405,0.4980523094045632,0.015581524763494713,0.0011129660545353367,0.50701065619742,0.48381414184407423,0.5301770255878906,0.5030606566499721,0.008347245409015025,0.0077907623817473565,0.49624060150375937,0.47270742161925045,0.5197904500846605,0.4774624373956594,0.006121313299944352,0.037840845854201444,,,,,,,,,,,,
x1_already_flipped_at_t,Short,Vrai,x1 déjà retourné,1871.0,1871.0,0.9934775496071523,0.9373649363848342,0.0780425550006674,-0.09019110188368934,0.5200427578834848,0.49738675714142727,0.5426166223440716,1871.0,1.5425817392793877,1.3895160839914513,0.12324287862571322,-0.09384867863368447,0.5163014430785676,0.4936469618335285,0.5388891201480107,1870.0,2.1967227925048416,2.0997272351878085,0.011769328287175841,-0.1500370325605029,0.5010695187165776,0.47842825275190953,0.5237063993979841,1869.0,3.090939370235239,3.0839311008010264,0.03705551787357326,-0.30830580037884864,0.5024077046548957,0.4797578596885654,0.5250476721834308,0.5024077046548957,0.4797578596885654,0.5250476721834308,0.5018706574024586,0.013361838588989846,0.0010689470871191875,0.5080993520518359,0.4853369152885948,0.5308282574287321,0.5029396044895778,0.004810261892036344,0.010154997327632281,0.5118981737686774,0.4888498691665248,0.5348959957396051,0.49438802779262425,0.003206841261357563,0.034206306787814,,,,,,,,,,,,
x1_already_flipped_at_t,Short,Vrai − Faux,,,,,,-0.012862427364164875,,0.0014005764700179002,,,,,,0.019678294583116485,,-0.00067128925309623,,,,,,0.018817279934396233,,0.0030172093120143795,,,,,,0.022863288681831635,,0.0010164970867265755,,,,,,,,,0.0010886958544158443,,,,,,0.01565757226491804,,,,,,3.0,4.0,3.0,4.0,3.0,3.0,2.0,2.0,3.0,5.0,,
nis_z_100,Tous,Q1,[-1.06 ; -0.324],1824.0,1824.0,1.0197378305559526,0.8935161751989829,0.1890759176552808,0.106980710234123,0.5416666666666666,0.5187364307527664,0.5644217597600218,1824.0,1.5766194128856226,1.4753478168914778,0.13903274837781332,0.05029691778939045,0.5235745614035088,0.5006282271322074,0.5464218017105543,1824.0,2.314661291535772,2.3637654477073977,0.0,0.024637759938724066,0.4994517543859649,0.4765306940247009,0.5223751192580256,1823.0,3.295404009050151,3.258519800751897,0.11972789697021469,0.0945868733528495,0.507953922106418,0.4850115920667253,0.5308628001082722,0.5065934065934066,0.4836341610088105,0.5295248764865509,0.5054824561403509,0.01864035087719298,0.0021929824561403508,0.5030403537866225,0.4800174718621526,0.5260503500589684,0.49890350877192985,0.006030701754385965,0.008223684210526315,0.5140765765765766,0.49082612018911465,0.5372662673581816,0.5005482456140351,0.004934210526315789,0.02631578947368421,,,,,,,,,,,,
nis_z_100,Tous,Q2,[-0.324 ; 0.188],1824.0,1824.0,0.9318574544269713,0.8773274308263307,0.05297209056475287,0.04899643495046663,0.5164473684210527,0.49350295332428884,0.5393226481939172,1824.0,1.5209920746407453,1.3183051221431117,0.2102599606545586,0.0562024713822641,0.5367324561403509,0.5137948386895557,0.5595156713677711,1824.0,2.249113403572417,2.0992912322428277,0.1871683513066804,0.05090200152793009,0.5202850877192983,0.4973390602857405,0.5431458482533803,1823.0,3.2305763787766018,3.0255834919655924,0.19535965173804778,0.0,0.5167306637410861,0.4937797948393437,0.5396111680115131,0.5032930845225028,0.48035187494085985,0.5262204366988793,0.5027412280701754,0.014802631578947368,0.0010964912280701754,0.5187845303867403,0.49575043812545383,0.5417390537904885,0.5148026315789473,0.010964912280701754,0.007675438596491228,0.5196581196581197,0.4962656862197464,0.5429646799485316,0.5,0.008223684210526315,0.03782894736842105,,,,,,,,,,,,
nis_z_100,Tous,Q3,[0.188 ; 1.22],1824.0,1824.0,0.9270557321724431,0.8600741538787897,0.05807993636105464,0.03045102824884343,0.5137061403508771,0.4907637033699762,0.536590964561862,1824.0,1.4295980402180528,1.3163524728723335,0.1256037921325981,-0.07067422036328991,0.5191885964912281,0.49624289193166443,0.5420536431729093,1823.0,2.112639357129202,2.0717285652521116,0.032195979567420645,0.029184048538734682,0.5030170049369171,0.4800825778757395,0.5259387432940871,1823.0,3.012050736683061,3.0276114843324398,-0.00042300587761451763,0.050314896184768476,0.4986286341195831,0.4757031047352338,0.5215599310966631,0.5079626578802856,0.4850077378542771,0.5308840524249451,0.5071271929824561,0.013157894736842105,0.001644736842105263,0.5130193905817174,0.4899572374478387,0.5360262428082545,0.5076754385964912,0.006030701754385965,0.010416666666666666,0.5034246575342466,0.48003023324037253,0.5268040962344502,0.48355263157894735,0.003289473684210526,0.039473684210526314,,,,,,,,,,,,
nis_z_100,Tous,Q4,[1.22 ; 9.55],1824.0,1824.0,0.8465490553663084,0.9656583054845209,-0.08956464638459394,-0.15508158103720684,0.4857456140350877,0.46286264363674945,0.5086885017141388,1824.0,1.2744790783415456,1.3982657969749979,-0.16129939090918854,-0.10171056561797623,0.4780701754385965,0.45521605090458983,0.501016480404469,1824.0,1.7688060182620764,2.0721749181936424,-0.29407643828136776,-0.18587068795528422,0.46326754385964913,0.44048432863222897,0.48620516131044456,1824.0,2.6962209836939914,2.845321155889064,-0.07861405648668415,-0.12224987627997365,0.4917763157894737,0.4688744673594384,0.5147127318814587,0.46183415705656233,0.43904023203064196,0.484788773182742,0.4610745614035088,0.01206140350877193,0.001644736842105263,0.47444444444444445,0.45145475197720614,0.49754298707039096,0.4682017543859649,0.004934210526315789,0.013157894736842105,0.4682814302191465,0.4448905038896481,0.4918125880377173,0.4451754385964912,0.003289473684210526,0.049342105263157895,,,,,,,,,,,,
nis_z_100,Tous,Q4 − Q1,,,,,,-0.27864056403987475,,-0.05592105263157893,,,,,,-0.30033213928700186,,-0.0455043859649123,,,,,,-0.29407643828136776,,-0.03618421052631576,,,,,,-0.19834195345689884,,-0.016177606316944315,,,,,,,,,-0.02859590934217804,,,,,,-0.045795146357430094,,,,,,5.0,5.0,6.0,3.0,6.0,5.0,6.0,3.0,4.0,5.0,False,False
nis_z_100,Long,Q1,[-1.06 ; -0.324],892.0,892.0,1.0139215071237024,0.9256183711072243,0.17675247898209748,0.1497377227240868,0.5414798206278026,0.5086719292238807,0.5739319596779072,892.0,1.558971486345004,1.5101382965226855,0.13903274837781332,0.04604501666605819,0.5246636771300448,0.4918552038951226,0.5572606219383728,892.0,2.2807463263990577,2.391441455179589,-0.13269137729460584,-0.010682235922138964,0.4876681614349776,0.4549885644328271,0.5204535226504253,891.0,3.295404009050151,3.252029238733757,0.01951453149483466,0.14329878515961933,0.500561167227834,0.46779809222609336,0.5333194239913022,0.4966292134831461,0.46386543523609086,0.5294219660215818,0.49551569506726456,0.017937219730941704,0.002242152466367713,0.4983089064261556,0.4654822319431785,0.5311501660050091,0.49551569506726456,0.007847533632286996,0.005605381165919282,0.5034562211981567,0.47025177923473455,0.5366302048320961,0.4899103139013453,0.006726457399103139,0.026905829596412557,,,,,,,,,,,,
nis_z_100,Long,Q2,[-0.324 ; 0.188],922.0,922.0,0.9093326479621724,0.8503707080923322,0.048639279481370756,0.07350590638977414,0.5184381778741866,0.4861759347110319,0.5505474097573955,922.0,1.499698877780748,1.3046859138877012,0.1563940936898881,0.07681483751931995,0.53470715835141,0.5024329592639328,0.5666933362060483,922.0,2.234277702118482,2.162062721107155,0.16176198157308186,0.12712189421685963,0.517353579175705,0.4850933445539135,0.5494698031810771,922.0,3.377766301149416,3.164122508628446,0.11020762382365928,0.16259428957516014,0.5086767895878525,0.47643806375490394,0.5408435101125912,0.504885993485342,0.4726422695533889,0.5370891266121816,0.5043383947939263,0.015184381778741865,0.0010845986984815619,0.5256830601092897,0.49328817854804174,0.5578631842113285,0.5216919739696312,0.01193058568329718,0.007592190889370932,0.522956326987682,0.4901682180926732,0.5555477701041278,0.5065075921908894,0.008676789587852495,0.031453362255965296,,,,,,,,,,,,
nis_z_100,Long,Q3,[0.188 ; 1.22],920.0,920.0,0.8935333141128516,0.8635520965981862,0.003795121489242291,0.07313043776425109,0.5010869565217392,0.4688401157077455,0.5333247575778916,920.0,1.4041046139334619,1.3622397387410583,0.15063607690337033,0.06000787949949979,0.5239130434782608,0.491607951511158,0.5560192607728525,920.0,2.1614368493800717,1.9579618420818128,0.15990170019576247,0.2821148511383284,0.5239130434782608,0.491607951511158,0.5560192607728525,920.0,3.0582966640408307,2.8122146796533394,0.3735768182820677,0.3763184101318233,0.5282608695652173,0.4959522851082902,0.5603344203182677,0.5054466230936819,0.47314847853582076,0.5376993721144429,0.5043478260869565,0.013043478260869565,0.002173913043478261,0.5099118942731278,0.47742262476383335,0.5423176459147583,0.5032608695652174,0.006521739130434782,0.013043478260869565,0.5148401826484018,0.48175111192095177,0.547799661763766,0.4902173913043478,0.002173913043478261,0.04782608695652174,,,,,,,,,,,,
nis_z_100,Long,Q4,[1.22 ; 9.55],894.0,894.0,0.777465132705562,0.9370845879262868,-0.11201311556023552,-0.14630018164930964,0.47651006711409394,0.44394062346733487,0.5092805237818012,894.0,1.1757171258769243,1.4019243244568984,-0.2595645236979592,-0.06883114698697941,0.46420581655480986,0.43173661641247024,0.4969813222528801,894.0,1.658287453956281,2.1264310898234617,-0.5101161108394405,-0.15295001893373428,0.4429530201342282,0.4107038531258195,0.47569036162208267,894.0,2.5571016906711233,2.7974432067862223,-0.1181294215999031,0.07188421695466786,0.4843400447427293,0.45171711733773096,0.5170969808283598,0.4489337822671156,0.4165629001403769,0.48174312407664666,0.44742729306487694,0.013422818791946308,0.003355704697986577,0.4527872582480091,0.4201568413676256,0.4858285585047864,0.4451901565995526,0.003355704697986577,0.016778523489932886,0.4514218009478673,0.4181439301635242,0.48513989077661374,0.4261744966442953,0.003355704697986577,0.05592841163310962,,,,,,,,,,,,
nis_z_100,Long,Q4 − Q1,,,,,,-0.28876559454233297,,-0.0649697535137087,,,,,,-0.3985972720757725,,-0.060457860575234945,,,,,,-0.3774247335448347,,-0.044715141300749384,,,,,,-0.13764395309473776,,-0.016221122485104655,,,,,,,,,-0.04552164817814652,,,,,,-0.05203442025028937,,,,,,5.0,5.0,5.0,5.0,5.0,5.0,5.0,5.0,4.0,4.0,False,False
nis_z_100,Short,Q1,[-1.06 ; -0.324],932.0,932.0,1.0210597656963367,0.8750545452921944,0.2057284016175722,0.08228563429484984,0.5418454935622318,0.5097506308069055,0.5735968074775222,932.0,1.6042577286230357,1.4331213628585822,0.13772919192305383,0.053249374893123536,0.5225321888412017,0.4904370932708828,0.5544422965745781,932.0,2.351239636995611,2.295654067200506,0.14702381015187976,0.06951536927172888,0.5107296137339056,0.4786579027694088,0.5427132352522394,932.0,3.289678005524376,3.2653029377862146,0.2146275412563582,0.05148314112316754,0.5150214592274678,0.4829391846962574,0.5469804085340499,0.5161290322580645,0.48401000329985133,0.5481153592884078,0.5150214592274678,0.019313304721030045,0.002145922746781116,0.5075921908893709,0.4753568333296816,0.5397645438043768,0.5021459227467812,0.004291845493562232,0.01072961373390558,0.5242290748898678,0.4917111018914551,0.5565428931006574,0.5107296137339056,0.003218884120171674,0.02575107296137339,,,,,,,,,,,,
nis_z_100,Short,Q2,[-0.324 ; 0.188],902.0,902.0,0.9575342826219763,0.8902423530592478,0.06313854298516478,-0.017847540589388228,0.5144124168514412,0.481803601711308,0.5468989882337773,902.0,1.5413271974822385,1.342420115254864,0.24929021777640378,0.02859887564991871,0.5388026607538803,0.5061747183067722,0.5711014853915344,902.0,2.272532846244447,2.0206112985254183,0.21916764118769594,-0.007494964969989272,0.5232815964523282,0.49065686309250256,0.5557088591264814,901.0,3.0762081177554825,2.927207571288775,0.23988217192711922,-0.12012662208030328,0.5249722530521642,0.49232756344609396,0.5574048980145638,0.5016648168701443,0.46907877502177586,0.5342367224089347,0.5011086474501109,0.014412416851441241,0.0011086474501108647,0.511731843575419,0.4790029533106883,0.5443604513203391,0.5077605321507761,0.009977827050997782,0.007760532150776054,0.5162412993039444,0.4828819345130111,0.5494565440262507,0.4933481152993348,0.007760532150776054,0.04434589800443459,,,,,,,,,,,,
nis_z_100,Short,Q3,[0.188 ; 1.22],904.0,904.0,0.9471667463296485,0.8460048301962058,0.0940177092596205,-0.0043448199887646255,0.5265486725663717,0.49395673825146297,0.5589159214724361,904.0,1.4434566172824868,1.2804306483769743,0.08850287261568215,-0.14835119077126416,0.5143805309734514,0.48180779754511277,0.5468315598053325,903.0,2.0626736897961626,2.1685778623619516,-0.21537063329022388,-0.1660944429195855,0.48172757475083056,0.4492834197162408,0.5143265425969128,903.0,2.9091923702007323,3.2080697197754775,-0.3998187683605938,-0.39101202567335996,0.4684385382059801,0.4360936562200142,0.5010508241390694,0.5105204872646734,0.47793988628813733,0.5430119535921681,0.5099557522123894,0.01327433628318584,0.0011061946902654867,0.5161649944258639,0.48346165135636343,0.5487304676576785,0.5121681415929203,0.0055309734513274336,0.007743362831858407,0.4920091324200913,0.459009456743042,0.5250785881959559,0.47676991150442477,0.004424778761061947,0.030973451327433628,,,,,,,,,,,,
nis_z_100,Short,Q4,[1.22 ; 9.55],930.0,930.0,0.9108740095463447,0.9859890659162023,-0.04243288165393365,-0.16728150175220946,0.4946236559139785,0.46257832021834366,0.5267132255855701,930.0,1.3878703161821955,1.38605132093192,-0.05752199593085512,-0.15837798090989091,0.4913978494623656,0.45936866448960534,0.5234978087966566,930.0,1.8906005625300881,2.019954522140904,-0.137775810107912,-0.21072877876402543,0.4827956989247312,0.4508160859784897,0.514916860594034,930.0,2.752383173658469,2.896105383106508,-0.013453486729237808,-0.36371061640917657,0.4989247311827957,0.4668599293914804,0.5309983797693023,0.47419354838709676,0.44227297799245013,0.5063264418663355,0.47419354838709676,0.010752688172043012,0.0,0.495114006514658,0.46291087338781844,0.5273577304466112,0.49032258064516127,0.0064516129032258064,0.00967741935483871,0.4842696629213483,0.4515744186850688,0.517100120517403,0.46344086021505376,0.0032258064516129032,0.043010752688172046,,,,,,,,,,,,
nis_z_100,Short,Q4 − Q1,,,,,,-0.24816128327150583,,-0.04722183764825327,,,,,,-0.19525118785390894,,-0.031134339378836084,,,,,,-0.2847996202597918,,-0.0279339148091744,,,,,,-0.22808102798559599,,-0.016096728044672104,,,,,,,,,-0.01247818437471293,,,,,,-0.03995941196851949,,,,,,4.0,4.0,4.0,3.0,4.0,4.0,4.0,4.0,4.0,4.0,False,False
nis_z_100_seg_max,Tous,Q1,[-0.88 ; 0.0362],1824.0,1824.0,0.9961753763899486,0.9259746617294723,0.08215785606577918,0.0,0.5202850877192983,0.4973390602857405,0.5431458482533803,1824.0,1.5818286449467034,1.5847401058727364,0.02673102776520969,-0.08699702685070743,0.5054824561403509,0.4825500823258416,0.5283917848468939,1823.0,2.341216340149006,2.471677324890968,-0.13760489516628513,-0.11347735912585502,0.48601206801974767,0.4631219388665056,0.5089610266188436,1821.0,3.3957733288406007,3.5228081668680105,-0.08094445708335095,-0.01111372548799016,0.49093904448105435,0.4680208182147035,0.5138954204330783,0.5035694673256452,0.48062147590771404,0.5265024300795234,0.5027412280701754,0.015899122807017545,0.001644736842105263,0.4914222468179303,0.46841425523046487,0.5144666328604648,0.4868421052631579,0.008771929824561403,0.00932017543859649,0.4879009566685425,0.46471110345951044,0.511143009562108,0.4753289473684211,0.006030701754385965,0.025767543859649123,,,,,,,,,,,,
nis_z_100_seg_max,Tous,Q2,[0.0362 ; 0.771],1824.0,1824.0,1.0101468884471552,0.8957116196231777,0.09493827956934422,0.07927038628646951,0.5213815789473685,0.4984353389167738,0.5442379430568942,1824.0,1.532486223714792,1.3317337842780685,0.19713238322160917,0.030437573281463258,0.5334429824561403,0.5105016919321265,0.5562436978215589,1824.0,2.261389625759932,2.1182255807243964,0.19741554936160957,0.0472018171467956,0.5219298245614035,0.49898351959553106,0.5447839490954102,1824.0,3.2753034431477874,3.014194828535432,0.37554203066637337,0.09089136800027589,0.53125,0.5083068145768299,0.5540618283077614,0.5079626578802856,0.4850077378542771,0.5308840524249451,0.5071271929824561,0.01644736842105263,0.001644736842105263,0.5223140495867769,0.49931089761961966,0.5452229419406807,0.5197368421052632,0.008771929824561403,0.004934210526315789,0.522354272778721,0.499040798343374,0.545570758105266,0.5060307017543859,0.00712719298245614,0.03125,,,,,,,,,,,,
nis_z_100_seg_max,Tous,Q3,[0.771 ; 2.18],1824.0,1824.0,0.9171527926165044,0.8972756953175827,0.06882405011899714,0.008362989255386437,0.5164473684210527,0.49350295332428884,0.5393226481939172,1824.0,1.4662118065036456,1.3541315294787188,0.13195246396184235,0.006576798377197111,0.5224780701754386,0.4995317278549866,0.5453299275532282,1824.0,2.1168775088190284,2.0707208164945827,-0.010459745335105679,-0.034244861419861716,0.49835526315789475,0.4754366173130013,0.5212808225351782,1824.0,2.9891491330532425,2.9826166201825175,-0.029504026150812088,-0.12151813323400108,0.4967105263157895,0.47379570850980063,0.5196391711865583,0.5,0.47707777363267806,0.522922226367322,0.5,0.012609649122807017,0.0,0.5113322277501382,0.4882972497071622,0.5343191774533795,0.5071271929824561,0.004934210526315789,0.008223684210526315,0.5088319088319089,0.4854487315217104,0.5321765054524437,0.4895833333333333,0.0043859649122807015,0.03782894736842105,,,,,,,,,,,,
nis_z_100_seg_max,Tous,Q4,[2.18 ; 9.92],1824.0,1824.0,0.8137486114782688,0.8619264727341589,-0.003709859666301023,-0.026927813237078657,0.4994517543859649,0.4765306940247009,0.5223751192580256,1824.0,1.2552062127845358,1.2971379873361295,-0.028859907932278633,-0.028145195962089406,0.4961622807017544,0.4732487939142429,0.5190918990648424,1824.0,1.7489353150244025,1.9369901076791753,-0.15365293025770657,-0.026106687551717744,0.47971491228070173,0.4568541517466198,0.5026609397142596,1824.0,2.6238222813003924,2.6806338397745786,-0.047055559278918635,0.04055141637358768,0.4961622807017544,0.4732487939142429,0.5190918990648424,0.4680968096809681,0.4452508276378234,0.49107733612789584,0.46655701754385964,0.013706140350877192,0.003289473684210526,0.4841048522030117,0.46103138233376845,0.5072462888866661,0.4758771929824561,0.005482456140350877,0.01699561403508772,0.48661233993015135,0.4630333993742481,0.5102510188904752,0.4583333333333333,0.0021929824561403508,0.0581140350877193,,,,,,,,,,,,
nis_z_100_seg_max,Tous,Q4 − Q1,,,,,,-0.0858677157320802,,-0.02083333333333337,,,,,,-0.055590935697488325,,-0.009320175438596534,,,,,,-0.016048035091421442,,-0.006297155739045934,,,,,,0.033888897804432314,,0.005223236220700034,,,,,,,,,-0.007317394614918593,,,,,,-0.0012886167383911462,,,,,,6.0,3.0,4.0,4.0,5.0,3.0,3.0,3.0,4.0,4.0,False,False
nis_z_100_seg_max,Long,Q1,[-0.88 ; 0.0362],907.0,907.0,0.8874638242954123,0.9717203908505688,-0.012136840576760783,-0.03502405504661806,0.49173098125689085,0.45929860750445395,0.5242331064620578,907.0,1.5043844632540997,1.6888495204166125,-0.1658973060091163,-0.17168797863512741,0.4796030871003308,0.4472443580743493,0.5121338697097132,907.0,2.2788815910421465,2.6337223716726608,-0.32901972481877423,-0.10763969039566927,0.4652701212789416,0.43302302355731603,0.4978101751020336,906.0,3.4130809393544705,3.521221832723249,-0.2523367309068293,0.09520133463130886,0.4757174392935982,0.4433686305239396,0.508271303284319,0.46298342541436466,0.43072134060198114,0.49555844236570007,0.4619625137816979,0.022050716648291068,0.002205071664829107,0.4633333333333333,0.4309794013962627,0.4959989541031964,0.4597574421168688,0.014332965821389196,0.007717750826901874,0.46214689265536724,0.42953334747263505,0.49508764236402414,0.45093715545755236,0.007717750826901874,0.024255788313120176,,,,,,,,,,,,
nis_z_100_seg_max,Long,Q2,[0.0362 ; 0.771],918.0,918.0,0.9785830883595406,0.8614291321943603,0.08619589734737548,0.11042129549201743,0.5206971677559913,0.48836111230451074,0.5528607201664907,918.0,1.5134886823003617,1.3075975145960945,0.24114778768155015,0.10396990127818578,0.5403050108932462,0.5079642946794795,0.572309800132471,918.0,2.252079865220203,2.0473567995128903,0.21503657739526266,0.15018011991741642,0.5392156862745098,0.5068739233203422,0.5712306013615555,918.0,3.3169195849637214,2.9297542039976383,0.46095304635633666,0.25945535940363584,0.5413943355119826,0.509054820098149,0.5733888448438541,0.5125408942202835,0.4802038179865556,0.5447733333497871,0.5119825708061002,0.011982570806100218,0.0010893246187363835,0.5399780941949617,0.5075485242910603,0.5720726447309387,0.5370370370370371,0.008714596949891068,0.0054466230936819175,0.5404494382022472,0.5076035621398332,0.572947622768097,0.5239651416122004,0.007625272331154684,0.030501089324618737,,,,,,,,,,,,
nis_z_100_seg_max,Long,Q3,[0.771 ; 2.18],895.0,895.0,0.9041752902295805,0.8883874121725074,0.08248649117898693,0.07144593919444306,0.5206703910614525,0.48792216223293805,0.5532419316407767,895.0,1.4679089498621,1.3579835247194372,0.21707275474588586,0.061464139536921286,0.5363128491620112,0.5035558903219535,0.5687594097264643,895.0,2.0694808852640274,2.0392900528586395,0.0,0.038382317861837524,0.4994413407821229,0.46675603898034734,0.5321314179419846,895.0,3.016789335806141,2.908755641124297,0.06447592835197122,0.2189349849978053,0.5005586592178771,0.46786858205801535,0.5332439610196525,0.5083798882681564,0.47566093481113475,0.5410272113538848,0.5083798882681564,0.012290502793296089,0.0,0.5191011235955056,0.48626384757775215,0.5517742119621039,0.5162011173184358,0.004469273743016759,0.00558659217877095,0.5162790697674419,0.4828809398210083,0.5495324100338725,0.4960893854748603,0.004469273743016759,0.03910614525139665,,,,,,,,,,,,
nis_z_100_seg_max,Long,Q4,[2.18 ; 9.92],908.0,908.0,0.8097638627375846,0.8440628474377648,0.01344919042966257,0.0337353048425969,0.5044052863436124,0.471934119937551,0.5368393336973785,908.0,1.2167345471279156,1.3016861372106414,-0.05228935476948139,0.04972334759526799,0.4922907488986784,0.45987320844406676,0.5247732476948065,908.0,1.6858326640793946,1.9496351175646127,-0.2672696165968521,0.11390740093586989,0.46916299559471364,0.4369005714254582,0.5016852531300346,908.0,2.5950509016981456,2.598180894202665,0.08547631493982802,0.24343584644202093,0.5044052863436124,0.471934119937551,0.5368393336973785,0.4728682170542636,0.4404876904611949,0.505478617215912,0.47026431718061673,0.013215859030837005,0.005506607929515419,0.4650112866817156,0.43238992829267686,0.4979347497174319,0.45374449339207046,0.0022026431718061676,0.024229074889867842,0.475177304964539,0.44171392284107397,0.5088651027090992,0.44273127753303965,0.0011013215859030838,0.06828193832599119,,,,,,,,,,,,
nis_z_100_seg_max,Long,Q4 − Q1,,,,,,0.02558603100642335,,0.012674305086721516,,,,,,0.11360795123963492,,0.012687661798347627,,,,,,0.06175010822192212,,0.0038928743157720658,,,,,,0.3378130458466573,,0.028687847050014148,,,,,,,,,0.0016779533483822773,,,,,,0.01303041230917179,,,,,,4.0,4.0,4.0,4.0,3.0,4.0,5.0,3.0,4.0,4.0,False,False
nis_z_100_seg_max,Short,Q1,[-0.88 ; 0.0362],917.0,917.0,1.088030212345827,0.8679651450915994,0.20872665748775693,0.007099321458459704,0.5485278080697928,0.5161823106906779,0.5804684053499528,917.0,1.638329295101623,1.4546599897882377,0.22814052927143574,-0.005875550453013685,0.5310796074154853,0.4987172627674657,0.5631826340226012,916.0,2.3823317119353153,2.313012717538033,0.11074248365846187,-0.123368586023852,0.5065502183406113,0.47421319849309534,0.5388325259011916,915.0,3.370150375895514,3.523508562233069,0.10456381881934568,-0.12111295004140372,0.5060109289617486,0.47365812088062254,0.5383134746588045,0.5436681222707423,0.5112962756861373,0.5756752202757761,0.5430752453653217,0.009814612868047983,0.0010905125408942203,0.5192943770672547,0.48676541232692594,0.5516605884178797,0.5136314067611778,0.003271537622682661,0.010905125408942203,0.5134529147982063,0.48066463157401457,0.5461258188806195,0.4994547437295529,0.004362050163576881,0.027262813522355506,,,,,,,,,,,,
nis_z_100_seg_max,Short,Q2,[0.0362 ; 0.771],906.0,906.0,1.0252689245891777,0.925615525427008,0.1042277632088974,0.03555241995898577,0.522075055187638,0.4895238832444621,0.5544398132934848,906.0,1.5431352946585988,1.342380658693661,0.12115110307094351,-0.06446341771600632,0.5264900662251656,0.49393414304026967,0.5588222928052667,906.0,2.289041016644787,2.17117372954126,0.04991370255047366,-0.04846923992678483,0.5044150110375276,0.47190811947834893,0.5368846198292405,906.0,3.1935327479076623,3.0693930851684845,0.3175672089331605,-0.08451729277986214,0.5209713024282561,0.4884217137062667,0.553343798004783,0.5033185840707964,0.4707799752119909,0.5358291072534965,0.5022075055187638,0.02097130242825607,0.002207505518763797,0.5044345898004434,0.4718558925850568,0.5369756735518926,0.5022075055187638,0.008830022075055188,0.004415011037527594,0.5039908779931584,0.4709545124313859,0.5369924328536685,0.4878587196467991,0.006622516556291391,0.03200883002207505,,,,,,,,,,,,
nis_z_100_seg_max,Short,Q3,[0.771 ; 2.18],929.0,929.0,0.9229837346421604,0.9072493440642807,0.05703918937770541,-0.04523901811543315,0.5123789020452099,0.48025123483619925,0.5444046124158958,929.0,1.4457433374050428,1.3531369577365657,0.07439569269372143,-0.021035400158167034,0.5091496232508074,0.4770308106758437,0.5411930764235311,929.0,2.1417661797140384,2.1165910015283504,-0.042506433070075914,-0.0699085679754549,0.49730893433799783,0.4652339959477307,0.5294060372583356,929.0,2.914267782418092,3.003019079970778,-0.10042356081668251,-0.35558306328097905,0.4930032292787944,0.4609486884828874,0.525115397852885,0.49192680301399355,0.4598777319501583,0.5240423676680405,0.49192680301399355,0.012917115177610334,0.0,0.5038084874863983,0.47153370432374764,0.5360515627470043,0.4983853606027987,0.005382131324004306,0.010764262648008612,0.5016759776536313,0.4689812876679661,0.5343563415650378,0.48331539289558667,0.004305705059203444,0.03659849300322928,,,,,,,,,,,,
nis_z_100_seg_max,Short,Q4,[2.18 ; 9.92],916.0,916.0,0.8162871699221736,0.8846034800154099,-0.01886379425094982,-0.08495357728121886,0.4945414847161572,0.46225377404566886,0.5268747889590919,916.0,1.3230950879794474,1.2929860830998199,-0.0006867840459645353,-0.14454906545190893,0.5,0.4676875750055374,0.5323124249944626,916.0,1.836399484826651,1.922105635222222,-0.050913342253874644,-0.11434035075040933,0.490174672489083,0.45790949494514965,0.5225219184634198,916.0,2.6576271388392163,2.736549642639094,-0.14996714197467276,-0.12413360561234311,0.48799126637554585,0.4557382762512556,0.5203445623592182,0.4633879781420765,0.4312974725109161,0.49578462738530105,0.462882096069869,0.014192139737991267,0.001091703056768559,0.5027563395810364,0.4702735340020571,0.5352158946757721,0.4978165938864629,0.008733624454148471,0.009825327510917031,0.49770642201834864,0.46460270337771614,0.5308302607564377,0.4737991266375546,0.0032751091703056767,0.048034934497816595,,,,,,,,,,,,
nis_z_100_seg_max,Short,Q4 − Q1,,,,,,-0.22759045173870673,,-0.053986323353635624,,,,,,-0.22882731331740028,,-0.031079607415485322,,,,,,-0.16165582591233651,,-0.01637554585152834,,,,,,-0.25453096079401843,,-0.018019662586202745,,,,,,,,,-0.016538037486218293,,,,,,-0.01574649277985768,,,,,,5.0,4.0,3.0,3.0,6.0,4.0,4.0,3.0,4.0,3.0,True,True
cycle_seg_div_atr,Tous,0,le segment porte l'extremum du cycle,6295.0,6295.0,0.9276681585906811,0.8925214112269189,0.061500693071039475,0.016664093411537746,0.5162827640984908,0.5039314040104717,0.5286142627991206,6295.0,1.428905842973987,1.3673662331919274,0.08187689713752028,-0.005835437037354827,0.5146942017474185,0.5023425954053633,0.5270278843984151,6294.0,2.0969698785889594,2.150273766492031,-0.07891039187281759,-0.026195460819381476,0.4909437559580553,0.4786023496617662,0.5032962106322875,6293.0,3.011012098821407,3.0249957324543715,0.030665327304430886,0.013108017099146245,0.5016685205784205,0.48931763580613163,0.5140173694765168,0.49475023862551704,0.4823973198909345,0.5071095700758972,0.49404289118347894,0.013979348689436061,0.0014297061159650516,0.5020853384664742,0.48967595863862634,0.5144921497660502,0.49722001588562353,0.006830818109610802,0.009690230341540906,0.500412881915772,0.4878224636333499,0.5130027766237975,0.4813343923749007,0.0046068308181096106,0.03812549642573471,,,,,,,,,,,,
cycle_seg_div_atr,Tous,>0,plus bas plus haut / plus haut plus bas,1001.0,1001.0,0.945036988899357,0.9144348833649494,0.010026985213460965,0.03897989911553905,0.5024975024975025,0.4715727674976713,0.5334031411430538,1001.0,1.5710856600399699,1.3984678754562163,0.10402080601533713,-0.10872996085550296,0.5124875124875125,0.48153380703190646,0.5433457361717189,1001.0,2.3282665668923417,2.088687275023909,0.29167464287039113,-0.03223739364155217,0.5314685314685315,0.5004937090478735,0.5622027398252624,1000.0,3.1771781655993188,3.1261584978749886,0.18422388185729022,-0.07352169297328173,0.517,0.48602179171422133,0.5478480937338415,0.49599198396793587,0.46504651927844526,0.5269681864395047,0.4945054945054945,0.01898101898101898,0.002997002997002997,0.5040404040404041,0.472939607801212,0.5351099646859931,0.4985014985014985,0.007992007992007992,0.01098901098901099,0.5083160083160083,0.4767537074970373,0.5398121558909137,0.4885114885114885,0.006993006993006993,0.03896103896103896,,,,,,,,,,,,
cycle_seg_div_atr,Tous,>0 − 0,,,,,,-0.05147370785757851,,-0.013785261600988363,,,,,,0.02214390887781685,,-0.0022066892599060806,,,,,,0.3705850347432087,,0.040524775510476174,,,,,,0.15355855455285933,,0.01533147942157953,,,,,,,,,0.0019550655739298817,,,,,,0.007903126400236271,,,,,,2.0,3.0,5.0,4.0,3.0,4.0,5.0,4.0,4.0,5.0,,
cycle_seg_div_atr,Long,0,le segment porte l'extremum du cycle,3086.0,3086.0,0.886868286238738,0.8868816948921614,0.03798758332330949,0.04138151103051357,0.5113415424497731,0.4937017424468471,0.5289531405736936,3086.0,1.3730784581124764,1.3869587105761445,0.06023864788292635,0.03261457787768967,0.5132858068697342,0.49564527632201116,0.530893300930622,3086.0,2.040559708406321,2.190316488174963,-0.11007780427003883,0.0760139670166382,0.48865845755022685,0.4710468594263066,0.506298257553153,3086.0,3.036335219128407,3.0115808744394696,0.08464793266968522,0.22560604842273524,0.5048606610499028,0.487225220258568,0.5224840153216637,0.48911984410522896,0.4714873420802799,0.5067794621564345,0.4880103694102398,0.013933895009721323,0.002268308489954634,0.4947609692206942,0.4770462839717227,0.512488818173529,0.4896305897602074,0.006804925469863901,0.010369410239792612,0.49493243243243246,0.47693884337117626,0.512939158206236,0.4747245625405055,0.004536616979909268,0.04082955281918341,,,,,,,,,,,,
cycle_seg_div_atr,Long,>0,plus bas plus haut / plus haut plus bas,542.0,542.0,0.9072187857535192,0.9152091645573217,0.0,0.09746135713198023,0.4981549815498155,0.45622203703314107,0.5401138963218837,542.0,1.5695947984875764,1.3869839405630566,0.09833223710688054,-0.06232327612289981,0.5055350553505535,0.46355243894177955,0.5474397609931467,542.0,2.286657974852446,2.0695700111774924,0.249669256442112,-0.023141974303968325,0.5202952029520295,0.4782404790769336,0.5620642540177956,541.0,3.1345886954089273,3.030749934856965,0.1124962749221544,0.10182216715413947,0.5101663585951941,0.46811860587471404,0.5520707482421522,0.4898336414048059,0.44792925175784776,0.5318813941252859,0.488929889298893,0.02029520295202952,0.0018450184501845018,0.5102803738317757,0.4679981501135334,0.5524160124158629,0.503690036900369,0.01107011070110701,0.012915129151291513,0.5201535508637236,0.47726338468750806,0.5627486875262799,0.5,0.00922509225092251,0.03874538745387454,,,,,,,,,,,,
cycle_seg_div_atr,Long,>0 − 0,,,,,,-0.03798758332330949,,-0.013186560899957622,,,,,,0.038093589223954186,,-0.007750751519180699,,,,,,0.3597470607121508,,0.03163674540180261,,,,,,0.027848342252469183,,0.00530569754529131,,,,,,,,,0.015519404611081533,,,,,,0.025221118431291156,,,,,,4.0,1.0,4.0,3.0,4.0,4.0,4.0,2.0,3.0,4.0,,
cycle_seg_div_atr,Short,0,le segment porte l'extremum du cycle,3209.0,3209.0,0.960460997210086,0.8976225984389472,0.08813429723652105,-0.019204317991461783,0.5210345902150203,0.5037352675939972,0.5382836106476192,3209.0,1.4782308778536903,1.3523374390472067,0.11088923469240251,-0.0642365615292426,0.5160486132751636,0.4987488620663373,0.5333099857772664,3208.0,2.1355627716881127,2.1161282639921737,-0.050913342253874644,-0.1036723897958109,0.493142144638404,0.47585982089579354,0.5104408733850202,3207.0,2.976455361519648,3.027021163446309,-0.020187638422681207,-0.15304685358553716,0.49859681945743684,0.4813037228633513,0.5158932737122505,0.5001559089491737,0.48286087980497727,0.517450565019956,0.4998441882206295,0.014023060143346837,0.0006232471174820816,0.509119496855346,0.4917433573752368,0.5264736292989747,0.5045185416017451,0.006855718292302898,0.009037083203490184,0.505654281098546,0.4880437867304004,0.5232507563659619,0.4876908694297289,0.004674353381115612,0.03552508569647865,,,,,,,,,,,,
cycle_seg_div_atr,Short,>0,plus bas plus haut / plus haut plus bas,459.0,459.0,0.9966778423331067,0.8987938237345646,0.050947215307907495,-0.046060780501911765,0.5076252723311547,0.4620149807474988,0.5531089839090922,459.0,1.5727593497053851,1.406715171833271,0.11992614338691307,-0.1301596726605825,0.5206971677559913,0.47501184466017654,0.5660389165505704,459.0,2.3981509032376533,2.113018062051554,0.3712377796405805,-0.04917033010561919,0.5446623093681917,0.49891993334463697,0.5896632882153956,459.0,3.317515763687137,3.1765109923358423,0.20281068089203774,-0.45194911032936497,0.5250544662309368,0.4793510075730941,0.5703420191557046,0.5032822757111597,0.45760489597255666,0.5489049330012165,0.5010893246187363,0.017429193899782137,0.004357298474945534,0.4967032967032967,0.4509815065121944,0.5424802894539953,0.4923747276688453,0.004357298474945534,0.008714596949891068,0.4943310657596372,0.4479182569718053,0.5408417870528542,0.4749455337690632,0.004357298474945534,0.0392156862745098,,,,,,,,,,,,
cycle_seg_div_atr,Short,>0 − 0,,,,,,-0.03718708192861356,,-0.013409317883865568,,,,,,0.009036908694510556,,0.004648554480827682,,,,,,0.42215112189445514,,0.05152016472978771,,,,,,0.22299831931471895,,0.026457646773499932,,,,,,,,,-0.01241620015204925,,,,,,-0.011323215338908843,,,,,,4.0,4.0,5.0,4.0,5.0,3.0,6.0,4.0,4.0,4.0,,
A_vol,Tous,Q1,[0.0603 ; 0.396],1824.0,1824.0,0.9596218967310335,0.8916519816686377,0.10041752446548717,0.011421099856377098,0.5290570175438597,0.506112379830106,0.5518795161853912,1824.0,1.4679600107369022,1.3543517546413826,0.10796512735078383,0.009167921995844763,0.518640350877193,0.49569484909947925,0.5415074992878208,1824.0,2.108910449048426,2.1463985806652532,-0.04083569235530125,-0.07905176795417768,0.49835526315789475,0.4754366173130013,0.5212808225351782,1823.0,3.1313688748818445,3.1743672694997978,0.07184559412857194,0.0,0.505759736697751,0.48282064365004806,0.5286746058559847,0.5021978021978022,0.4792460453333323,0.525140300498455,0.5010964912280702,0.01864035087719298,0.0021929824561403508,0.5019369120088545,0.47890340458181957,0.5249622013331318,0.49725877192982454,0.004934210526315789,0.00932017543859649,0.5102040816326531,0.48687878411068664,0.5334850312899692,0.4934210526315789,0.004934210526315789,0.03289473684210526,,,,,,,,,,,,
A_vol,Tous,Q2,[0.396 ; 0.548],1824.0,1824.0,0.9371689887309385,0.8831956201472608,0.06878049070745579,0.049848606802031584,0.5180921052631579,0.49514683382592634,0.5409613278441002,1824.0,1.4756456197805567,1.3239763445873454,0.11381225740687652,-0.07656314699030267,0.5224780701754386,0.4995317278549866,0.5453299275532282,1823.0,2.093943463688527,2.126000439616871,-0.016064040038189443,0.005638548079910819,0.4964344487109161,0.4735140291098489,0.5193698640530832,1823.0,2.976455361519648,2.931874124069672,0.06447592835197122,0.034919500404021454,0.5030170049369171,0.4800825778757395,0.5259387432940871,0.4947773501924134,0.4718359640519769,0.5177407495801893,0.4934210526315789,0.013706140350877192,0.0027412280701754384,0.5041689827682045,0.4810802894541214,0.527239909059159,0.49725877192982454,0.006578947368421052,0.013706140350877192,0.5025553662691652,0.4792223387110864,0.5258772690950758,0.48519736842105265,0.001644736842105263,0.03453947368421053,,,,,,,,,,,,
A_vol,Tous,Q3,[0.548 ; 0.724],1824.0,1824.0,0.930601054489907,0.9359327334990992,0.08794785768963231,-0.002966100347967005,0.5213815789473685,0.4984353389167738,0.5442379430568942,1824.0,1.3781672733639994,1.3962236091421132,-0.00878429183766727,-0.0020350326346668364,0.49890350877192985,0.47598364191809256,0.5218279846473606,1824.0,2.145942896270629,2.1353223640557903,-0.008726483825759988,0.0355846779944099,0.49725877192982454,0.47434265060845937,0.520186415805173,1824.0,3.0138542512243145,3.133061125821735,-0.037155042026891016,0.012223743085737133,0.4967105263157895,0.47379570850980063,0.5196391711865583,0.49917718047174986,0.4762504424907274,0.5221073790084108,0.49890350877192985,0.01206140350877193,0.0005482456140350877,0.504424778761062,0.4813930820173561,0.5274377120211514,0.5,0.00712719298245614,0.008771929824561403,0.5,0.4765456362184046,0.5234543637815954,0.47752192982456143,0.004934210526315789,0.044956140350877194,,,,,,,,,,,,
A_vol,Tous,Q4,[0.724 ; 3.05],1824.0,1824.0,0.8778340888053067,0.892828213289257,-0.05622228402428399,0.012162642831838037,0.48903508771929827,0.46614140738220167,0.5119748582723278,1824.0,1.4446753469957554,1.4084580261570105,0.10518348265487878,-0.01901726904576578,0.5175438596491229,0.49459884610767857,0.5404151288450746,1824.0,2.155647752636748,2.1633093917828363,-0.03547855176115137,-0.014565592840086855,0.49396929824561403,0.4710614105773781,0.5169025355326132,1823.0,2.987508276214751,2.9358913519156906,0.11836428240819043,-0.04473160681703014,0.5095995611629183,0.48665509264431955,0.5325036565324016,0.4835345773874863,0.46064685653041887,0.5064915852708854,0.4830043859649123,0.01425438596491228,0.0010964912280701754,0.4988950276243094,0.47588690588901716,0.5219078298806332,0.49506578947368424,0.00932017543859649,0.007675438596491228,0.49314285714285716,0.4697592627912768,0.5165564911513825,0.4731359649122807,0.008223684210526315,0.04057017543859649,,,,,,,,,,,,
A_vol,Tous,Q4 − Q1,,,,,,-0.15663980848977116,,-0.04002192982456143,,,,,,-0.0027816446959050417,,-0.0010964912280700956,,,,,,0.005357140594149878,,-0.004385964912280715,,,,,,0.046518688279618484,,0.0038398244651672853,,,,,,,,,-0.0030418843845451127,,,,,,-0.017061224489795912,,,,,,6.0,4.0,2.0,4.0,5.0,3.0,4.0,3.0,2.0,6.0,False,False
A_vol,Long,Q1,[0.0603 ; 0.396],909.0,909.0,0.8864016179727081,0.9236068111928485,0.03808626125846871,0.021837426309901275,0.5071507150715071,0.4746878452433946,0.5395533988015743,909.0,1.368084432817317,1.439117041323713,0.008511642999976398,-0.05390985958513562,0.5005500550055005,0.468111679622681,0.5329838006884704,909.0,2.0193265241788394,2.327295971325317,-0.3410058855808054,-0.2377148607788781,0.46424642464246424,0.43204349346401766,0.4967502863111371,908.0,2.9579246577806373,3.298452537924273,-0.3057212848420079,0.021809407736174978,0.4790748898678414,0.4467374995098628,0.5115885957242217,0.47519294377067256,0.4428657206330013,0.5077294212665341,0.47414741474147415,0.0165016501650165,0.0022002200220022,0.4666666666666667,0.43428338252393645,0.4993333042937536,0.46204620462046203,0.005500550055005501,0.009900990099009901,0.4840182648401826,0.4510660858906886,0.5171100039873074,0.46644664466446645,0.0044004400440044,0.036303630363036306,,,,,,,,,,,,
A_vol,Long,Q2,[0.396 ; 0.548],910.0,910.0,0.9259027805063367,0.8593538018077709,0.08456934393957094,0.08267720866968553,0.5274725274725275,0.4949874763325105,0.5597266010305687,910.0,1.48702652119754,1.3081599080230126,0.0863632890201895,0.004971079940342201,0.5197802197802198,0.4873040107428572,0.55209012495856,910.0,2.0633093379764826,2.079820355073807,0.06709161359780158,0.1323100100491759,0.5076923076923077,0.4752454632983333,0.5400744783633288,910.0,3.2813915309654877,2.8575867080447375,0.3067811078731583,0.2697793905355989,0.5153846153846153,0.4829168985896397,0.5477229847336844,0.4895259095920617,0.4571055092886649,0.5220346617355833,0.4879120879120879,0.016483516483516484,0.0032967032967032967,0.5155555555555555,0.4829079807599147,0.5480708987251631,0.5098901098901099,0.007692307692307693,0.01098901098901099,0.4988584474885845,0.4658247506303792,0.5319021129323347,0.48021978021978023,0.0032967032967032967,0.03736263736263736,,,,,,,,,,,,
A_vol,Long,Q3,[0.548 ; 0.724],913.0,913.0,0.8980791122883184,0.9333747383872897,0.06926670685351881,0.0536678214163038,0.5180722891566265,0.4856523787332674,0.5503407524684583,913.0,1.365156029116177,1.446442653945306,-0.033158519944981625,0.021932512859337814,0.49726177437020813,0.46490848433863546,0.5296380109338303,913.0,2.089359585673244,2.182730122070323,-0.010405016004299585,0.1442634074259384,0.4950711938663746,0.46272816509147185,0.5274555263989666,913.0,3.0223001513339884,3.106629183139592,-0.04335491256842551,0.1398734984255978,0.4939759036144578,0.461638237485175,0.5263640521142499,0.506578947368421,0.47417123136655526,0.538931471109506,0.5060240963855421,0.009857612267250822,0.001095290251916758,0.5105204872646734,0.47793988628813733,0.5430119535921681,0.5049288061336255,0.007667031763417305,0.01095290251916758,0.506896551724138,0.4737173740466539,0.540015091883098,0.4830230010952902,0.0032858707557502738,0.047097480832420595,,,,,,,,,,,,
A_vol,Long,Q4,[0.724 ; 3.05],896.0,896.0,0.8611254175472727,0.8826824216957494,-0.06446797696915035,0.03646703033017207,0.484375,0.45178805215787177,0.5170953602115942,896.0,1.3980103850426628,1.3838959166848,0.209393167095765,0.09684208096350355,0.53125,0.4985106431105261,0.563722532150542,896.0,2.17735885539462,2.1272479434642504,0.08591638893776225,0.20011366990976742,0.5066964285714286,0.47400121606081147,0.5393344643522747,896.0,3.0461674909992515,2.775641761370961,0.38479581394750023,0.33557037898107245,0.5345982142857143,0.5018589384248807,0.5670420770427306,0.4854586129753915,0.45282869824063543,0.5182129643421631,0.484375,0.016741071428571428,0.002232142857142857,0.49548532731376976,0.4626535531258177,0.5283560827464544,0.48995535714285715,0.008928571428571428,0.011160714285714286,0.5052386495925495,0.47185449891429376,0.538576152551746,0.484375,0.010044642857142858,0.041294642857142856,,,,,,,,,,,,
A_vol,Long,Q4 − Q1,,,,,,-0.10255423822761905,,-0.022775715071507108,,,,,,0.2008815240957886,,0.030699944994499462,,,,,,0.4269222745185677,,0.042450003928964364,,,,,,0.6905170987895082,,0.05552332441787289,,,,,,,,,0.02881866064710309,,,,,,0.021220384752366872,,,,,,4.0,3.0,5.0,5.0,3.0,4.0,4.0,5.0,4.0,5.0,False,False
A_vol,Short,Q1,[0.0603 ; 0.396],915.0,915.0,1.0367796856651894,0.8397461182756324,0.2263550061443996,0.0022404356040973622,0.5508196721311476,0.5184439210465617,0.5827704776049578,915.0,1.5924820310519099,1.3064978606789455,0.2924126239169088,0.07432756083502036,0.5366120218579234,0.504215372614699,0.5687025274890838,915.0,2.284177470891041,1.997992461759951,0.3000921595910291,0.028135031568436598,0.5322404371584699,0.49984263812253094,0.5643686470434868,915.0,3.370773261404541,2.9268922229117904,0.4589364467664316,-0.03847858169783377,0.5322404371584699,0.49984263812253094,0.5643686470434868,0.5290251916757941,0.4965926785508121,0.5612144715610501,0.5278688524590164,0.020765027322404372,0.002185792349726776,0.5369349503858876,0.5043958420846258,0.5691625021982879,0.5322404371584699,0.004371584699453552,0.008743169398907104,0.536036036036036,0.5031500419899285,0.5686115802533039,0.5202185792349727,0.00546448087431694,0.029508196721311476,,,,,,,,,,,,
A_vol,Short,Q2,[0.396 ; 0.548],914.0,914.0,0.9604547222592121,0.9158875810948996,0.05344806188142023,0.0,0.5087527352297593,0.47637342622980205,0.5410587755793117,914.0,1.4646922125933477,1.3351946906773207,0.14056715138956022,-0.11818720149562051,0.5251641137855579,0.4927520008841206,0.5573655793170819,913.0,2.120104488790345,2.164581708754174,-0.09745587423006927,-0.14679104387811193,0.48521358159912376,0.4529243869531472,0.5176266875181682,913.0,2.8317633426520876,2.984607865986678,-0.09697920946016231,-0.14588041691344733,0.49069003285870755,0.45836938287515394,0.5230887010512298,0.5,0.4676170885367898,0.5323829114632102,0.4989059080962801,0.010940919037199124,0.002188183807439825,0.492769744160178,0.46018868597761076,0.5254123319639641,0.48468271334792123,0.005470459518599562,0.016411378555798686,0.5062146892655367,0.4733192837812216,0.5390563746038044,0.49015317286652077,0.0,0.03172866520787746,,,,,,,,,,,,
A_vol,Short,Q3,[0.548 ; 0.724],911.0,911.0,0.9669910988728406,0.9384907286109087,0.1169056612518509,-0.04395266791144046,0.5246981339187706,0.4922332028665367,0.556955640316808,911.0,1.4082748720458997,1.36052161836234,0.01055526954924177,-0.044335554799572525,0.5005488474204172,0.468145956867118,0.5329471285369565,911.0,2.177757022092204,2.071126263562417,-0.007047951647220394,-0.11900014298845984,0.4994511525795829,0.4670528714630436,0.5318540431328821,911.0,2.998820284958183,3.149452243128851,-0.00042300587761451763,-0.2344931823604101,0.4994511525795829,0.4670528714630436,0.5318540431328821,0.49176728869374314,0.45940562811461455,0.5241980908242707,0.49176728869374314,0.014270032930845226,0.0,0.4983425414364641,0.4658423445687728,0.5308567501909742,0.4950603732162459,0.006586169045005488,0.006586169045005488,0.49311926605504586,0.46003844258197246,0.5262604498204893,0.47200878155872666,0.006586169045005488,0.042810098792535674,,,,,,,,,,,,
A_vol,Short,Q4,[0.724 ; 3.05],928.0,928.0,0.9101398624246386,0.8942741867662767,-0.045481028502677594,-0.027706118752594017,0.49353448275862066,0.4614601149683223,0.525662159890409,928.0,1.4945473398846296,1.4354142731207873,0.03541574077127932,-0.14849229709374964,0.5043103448275862,0.4721900675018861,0.5363950825922931,928.0,2.1330059280733566,2.1937093111443073,-0.15275499251383645,-0.13585435540200075,0.4816810344827586,0.44967432583858913,0.5138387862611498,927.0,2.908468690802537,3.1418108449485747,-0.2477140835739351,-0.38732871451224044,0.4854368932038835,0.45338963134266863,0.5176043594716654,0.4816810344827586,0.44967432583858913,0.5138387862611498,0.4816810344827586,0.011853448275862068,0.0,0.5021645021645021,0.46998301860753,0.5343280620769317,0.5,0.009698275862068966,0.004310344827586207,0.48148148148148145,0.4488226767739785,0.514299288051975,0.46228448275862066,0.00646551724137931,0.03987068965517242,,,,,,,,,,,,
A_vol,Short,Q4 − Q1,,,,,,-0.2718360346470772,,-0.05728518937252691,,,,,,-0.2569968831456295,,-0.03230167703033726,,,,,,-0.45284715210486554,,-0.050559402675711296,,,,,,-0.7066505303403667,,-0.04680354395458641,,,,,,,,,-0.03477044822138542,,,,,,-0.054554554554554546,,,,,,6.0,5.0,4.0,5.0,6.0,5.0,5.0,5.0,5.0,5.0,False,False
decel_ratio,Tous,Q1,[0.112 ; 0.744],1824.0,1824.0,0.9249033115327274,0.8244112263371324,0.16362733024977544,0.09430705600425471,0.543859649122807,0.5209334161056215,0.5666015212762611,1824.0,1.4456392214462441,1.325969457559975,0.17310183696429066,0.09103524696030299,0.5356359649122807,0.5126970122737097,0.55842512434907,1824.0,2.096824457566234,2.1086238136843267,-0.0527860931756234,0.02213741010262015,0.49506578947368424,0.47215504723510376,0.5179972723094347,1824.0,2.9936915752568467,2.901231258409977,0.15698838642103993,0.22331801375446297,0.5120614035087719,0.48912048380639045,0.5349516239736273,0.5019262520638414,0.47895611320866993,0.5248882629303637,0.5,0.017543859649122806,0.003837719298245614,0.5077691453940066,0.48469396533627507,0.5308112705603839,0.5016447368421053,0.006030701754385965,0.01206140350877193,0.5105413105413106,0.4871559442336568,0.533880628929043,0.49122807017543857,0.005482456140350877,0.03782894736842105,,,,,,,,,,,,
decel_ratio,Tous,Q2,[0.744 ; 0.87],1824.0,1824.0,0.9078774965602747,0.8602567029128592,0.055357697162604816,0.003407008570941239,0.5169956140350878,0.4940508859415085,0.5398689022939711,1824.0,1.3773600920933327,1.3762671845373324,0.04014693672228366,0.004185464577317563,0.5071271929824561,0.4841923112735433,0.5300321160510127,1823.0,2.0161805969145976,2.1660359057171306,-0.03951630852468456,-0.03459732868298906,0.48985189248491495,0.46694944643241004,0.5127970187236275,1823.0,3.0354178980045585,3.0162364244474675,0.06728135710341392,-0.029336464004856663,0.5030170049369171,0.4800825778757395,0.5259387432940871,0.4928728070175439,0.4699678839489874,0.5158076887264569,0.4928728070175439,0.013706140350877192,0.0,0.49640685461580986,0.4733981982154336,0.5194307395141509,0.4923245614035088,0.006030701754385965,0.008223684210526315,0.5,0.4765456362184046,0.5234543637815954,0.47752192982456143,0.003837719298245614,0.044956140350877194,,,,,,,,,,,,
decel_ratio,Tous,Q3,[0.87 ; 0.981],1824.0,1824.0,0.9047586789761755,0.9333712339966351,-0.04210320899379941,-0.02947682506469109,0.4906798245614035,0.467781160819824,0.5136176649865261,1824.0,1.4179794722571717,1.3734951931751533,0.025513719008504902,-0.06259952472391318,0.5038377192982456,0.4809081009351576,0.5267512060857572,1824.0,2.1724080051320054,2.1373104027313,-0.0857205265729486,0.04709147084182551,0.49122807017543857,0.46832780033263405,0.5141652121909895,1824.0,3.04872898765187,3.0855784651163782,0.02017172930595379,-0.04086340287539098,0.5010964912280702,0.4781720153526396,0.5240163580819076,0.48765770707624795,0.46476213387093834,0.5106051886161345,0.48739035087719296,0.014802631578947368,0.0005482456140350877,0.49806308799114557,0.47503779866686824,0.5210965954181804,0.4934210526315789,0.00712719298245614,0.00932017543859649,0.49026345933562426,0.4668617264338905,0.5137079434150833,0.4692982456140351,0.006578947368421052,0.04276315789473684,,,,,,,,,,,,
decel_ratio,Tous,Q4,[0.981 ; 1.63],1824.0,1824.0,0.9722260297413898,0.9525655725523893,0.030308183271248228,-0.03254713820060211,0.5060307017543859,0.4830974644673869,0.528938589422622,1824.0,1.5474663335073702,1.434285397538932,0.08525723217617182,-0.1263953163489078,0.5109649122807017,0.4880251417276722,0.5338585926177983,1824.0,2.2137343487061543,2.1558571149581245,0.10540379830151143,-0.1318996617913859,0.5098684210526315,0.4869299097335663,0.5327654511773571,1822.0,3.0592577185771597,3.130527103718676,-0.009274063377218844,-0.14641055826804839,0.4989023051591657,0.4759698926144299,0.5218393368389904,0.49725274725274726,0.4743115307102448,0.5202055370000214,0.4961622807017544,0.012609649122807017,0.0021929824561403508,0.5071982281284607,0.4841493990508421,0.5302164990476435,0.5021929824561403,0.008771929824561403,0.009868421052631578,0.5050732807215332,0.4818211885319815,0.5283034479935672,0.49122807017543857,0.003837719298245614,0.027412280701754384,,,,,,,,,,,,
decel_ratio,Tous,Q4 − Q1,,,,,,-0.1333191469785272,,-0.03782894736842113,,,,,,-0.08784460478811884,,-0.024671052631578982,,,,,,0.15818989147713483,,0.01480263157894729,,,,,,-0.16626244979825877,,-0.013159098349606213,,,,,,,,,-0.0005709172655459227,,,,,,-0.0054680298197773425,,,,,,4.0,5.0,3.0,4.0,5.0,5.0,4.0,4.0,4.0,3.0,False,False
decel_ratio,Long,Q1,[0.112 ; 0.744],867.0,867.0,0.913885231661593,0.8047917471615853,0.16858853203546864,0.14140532570684625,0.5467128027681661,0.5134422879986058,0.5795711831079653,867.0,1.3832348643355468,1.339023011022478,0.1504844222296374,0.07004440868980984,0.532871972318339,0.49958943860884125,0.56586448550319,867.0,1.9470321970267486,2.2141223128704763,-0.21113365743118867,-0.049078302370554015,0.47058823529411764,0.43756617925475194,0.5038697833818516,867.0,2.9064645230942974,2.9820597697516544,0.026872963056887633,0.30394144701745907,0.5017301038062284,0.4685136165509784,0.5349313268233391,0.4982618771726535,0.4649841945837631,0.5315549655119224,0.49596309111880044,0.012687427912341407,0.00461361014994233,0.49414519906323184,0.4607139647524627,0.5276288715007572,0.4867358708189158,0.0057670126874279125,0.014994232987312572,0.47946859903381644,0.44561332147360166,0.5135135122889801,0.45790080738177624,0.0057670126874279125,0.04498269896193772,,,,,,,,,,,,
decel_ratio,Long,Q2,[0.744 ; 0.87],916.0,916.0,0.8423886272937943,0.8368918536948495,0.035937946467495825,0.020643515509164385,0.509825327510917,0.4774780815365802,0.5420905050548503,916.0,1.3557383695431642,1.3814141351664606,0.060770372610369744,0.05991254558966491,0.5120087336244541,0.4796554376407818,0.5442617237487444,916.0,1.9992021915525076,2.061973532479255,0.02473200405394573,0.21514214522555525,0.5043668122270742,0.47203737701468423,0.5366597725815071,916.0,3.0413607076441895,2.835814668115745,0.1635191682948185,0.2020948637767409,0.5087336244541485,0.47638963372562937,0.5410046654667534,0.4868995633187773,0.4546528971892054,0.5192556540222207,0.4868995633187773,0.017467248908296942,0.0,0.4900662251655629,0.4576250425110113,0.5225912940469127,0.4847161572052402,0.004366812227074236,0.010917030567685589,0.5023094688221709,0.4690714853696225,0.5355270530309322,0.47489082969432317,0.002183406113537118,0.05458515283842795,,,,,,,,,,,,
decel_ratio,Long,Q3,[0.87 ; 0.981],915.0,915.0,0.871728132133434,0.9194800445055451,-0.05866148489377555,-0.011348451421008317,0.48743169398907105,0.4551644103154984,0.5198040717384268,915.0,1.4004250350835858,1.4362266512785684,0.045376219476979264,-0.018344176457398803,0.5103825136612021,0.47801604351744814,0.5426621669597439,915.0,2.1828770582879136,2.2253590078779744,-0.127376388221359,0.1313736906081185,0.4907103825136612,0.4584247752879054,0.5230736679693438,915.0,3.084058850591383,3.0835012356980145,0.02082892711707292,0.11412550922022552,0.5016393442622951,0.46930265989216513,0.5339623207094967,0.48358862144420134,0.4513270564787185,0.515987565129193,0.4830601092896175,0.018579234972677595,0.001092896174863388,0.5011037527593819,0.4686096597972079,0.5335885250296893,0.4961748633879781,0.007650273224043716,0.009836065573770493,0.49886363636363634,0.4659047399430889,0.5318324111482378,0.47978142076502733,0.006557377049180328,0.03825136612021858,,,,,,,,,,,,
decel_ratio,Long,Q4,[0.981 ; 1.63],930.0,930.0,0.9383045115970206,0.9604804099483795,-0.011305252263510129,0.031722146912624066,0.4956989247311828,0.4636485009369846,0.5277847357061465,930.0,1.5305803793275894,1.4231507127909917,-0.01758871856416711,-0.050725918912953236,0.4946236559139785,0.46257832021834366,0.5267132255855701,930.0,2.1875974707026535,2.1532674414427606,0.08660803231010224,-0.07881525471555888,0.5064516129032258,0.4743584322650439,0.5384917127702598,929.0,3.2373873718866486,3.1212182145750793,0.2067090154737484,0.08932188754003306,0.5102260495156081,0.4781041371951858,0.5422637366217621,0.4886731391585761,0.45660715905938953,0.5208326115739814,0.4870967741935484,0.010752688172043012,0.0032258064516129032,0.5027085590465872,0.4705076294585382,0.5348870356061286,0.4989247311827957,0.011827956989247311,0.007526881720430108,0.5126791620727673,0.48016441229608986,0.5450869596219251,0.5,0.0064516129032258064,0.024731182795698924,,,,,,,,,,,,
decel_ratio,Long,Q4 − Q1,,,,,,-0.17989378429897876,,-0.05101387803698332,,,,,,-0.1680731407938045,,-0.03824831640436055,,,,,,0.2977416897412909,,0.03586337760910818,,,,,,0.17983605241686076,,0.008495945709379726,,,,,,,,,0.008563359983355334,,,,,,0.03321056303895087,,,,,,3.0,4.0,5.0,3.0,4.0,5.0,4.0,3.0,3.0,4.0,False,False
decel_ratio,Short,Q1,[0.112 ; 0.744],957.0,957.0,0.9358338559335789,0.8449732899790582,0.15150210874015654,0.043738970032109026,0.5412748171368861,0.509601757861195,0.5726178296337677,957.0,1.5235404441649174,1.3153365643348505,0.25469013058548295,0.12828107134368522,0.5381400208986415,0.5064637671083609,0.5695112947540728,957.0,2.2187050085075968,2.0303646168137655,0.14291176227758903,0.10220039614815299,0.5172413793103449,0.4855756633648166,0.548769227614092,957.0,3.1519995305713095,2.834516937508252,0.33355875194740287,0.14104431830380765,0.5214211076280042,0.4897488653228003,0.5529220598328134,0.5052410901467506,0.4735568217322474,0.5368833178482428,0.5036572622779519,0.0219435736677116,0.003134796238244514,0.520042194092827,0.4882221055366453,0.5517005034352678,0.5151515151515151,0.006269592476489028,0.009404388714733543,0.5382955771305286,0.5061105578206164,0.5701645033713199,0.5214211076280042,0.00522466039707419,0.03134796238244514,,,,,,,,,,,,
decel_ratio,Short,Q2,[0.744 ; 0.87],908.0,908.0,0.9665172364215417,0.8679354950711669,0.09933325440699706,-0.005698254573584374,0.5242290748898678,0.4917111018914551,0.5565428931006574,908.0,1.4212810359885117,1.3660944739392038,0.02576000124486891,-0.07136223638524189,0.5022026431718062,0.4697398157601236,0.5346469110573413,907.0,2.0450066944338428,2.235953210245659,-0.12904506061832619,-0.24926516355651732,0.47519294377067256,0.4428657206330013,0.5077294212665341,907.0,3.0269398060603425,3.13503480319998,-0.023501366457393046,-0.2762165609262314,0.4972436604189636,0.4647841053242277,0.5297264659979428,0.4988986784140969,0.46644953545911216,0.5313571011321553,0.4988986784140969,0.009911894273127754,0.0,0.5027685492801772,0.4702141100732754,0.5352995320004893,0.5,0.007709251101321586,0.005506607929515419,0.4977168949771689,0.4646884396107501,0.5307652875146778,0.4801762114537445,0.005506607929515419,0.03524229074889868,,,,,,,,,,,,
decel_ratio,Short,Q3,[0.87 ; 0.981],909.0,909.0,0.941171466190875,0.9567998674949423,-0.0216635484637102,-0.03900556009967406,0.49394939493949397,0.4615411432602794,0.5264085733170545,909.0,1.4347117140249166,1.333913758922131,-0.016064040038189443,-0.11540467797555468,0.49724972497249725,0.4648257077765593,0.5296968906676833,909.0,2.1523902459783084,2.033921752709943,-0.045959022311408304,-0.024010615598837177,0.49174917491749176,0.4593522155457612,0.5242155797869668,909.0,2.9510765066933935,3.0876556945347424,0.011423795427545964,-0.19633435239005897,0.5005500550055005,0.468111679622681,0.5329838006884704,0.49174917491749176,0.4593522155457612,0.5242155797869668,0.49174917491749176,0.011001100110011002,0.0,0.49500554938956715,0.46244921881626183,0.5276042888916065,0.49064906490649063,0.006600660066006601,0.0088008800880088,0.4815242494226328,0.44840030224204014,0.5148113905535217,0.45874587458745875,0.006600660066006601,0.047304730473047306,,,,,,,,,,,,
decel_ratio,Short,Q4,[0.981 ; 1.63],894.0,894.0,1.0193741149952387,0.9299110457497869,0.07062657392369022,-0.068902533630078,0.5167785234899329,0.4840191659102291,0.549394300340388,894.0,1.5739294544091094,1.447312448674865,0.234815466836059,-0.17436329741415268,0.5279642058165548,0.49518961967145886,0.5604994907462362,894.0,2.2336731011937525,2.1691984924730088,0.169600885548233,-0.17116349064159742,0.5134228187919463,0.48067121533584917,0.5460595576646444,893.0,2.928120279837761,3.1470203790980857,-0.23206237850793632,-0.39836644712342656,0.48712206047032475,0.45446389505949614,0.5198905505862008,0.5061590145576708,0.4734109676171454,0.5388542975088255,0.5055928411633109,0.0145413870246085,0.0011185682326621924,0.5118912797281994,0.47894091882595113,0.544738619887614,0.5055928411633109,0.005592841163310962,0.012304250559284116,0.497116493656286,0.4639207105973565,0.5303377171121145,0.48210290827740493,0.0011185682326621924,0.030201342281879196,,,,,,,,,,,,
decel_ratio,Short,Q4 − Q1,,,,,,-0.08087553481646632,,-0.02449629364695316,,,,,,-0.019874663749423954,,-0.010175815082086759,,,,,,0.02668912327064396,,-0.0038185605183985727,,,,,,-0.5656211304553391,,-0.03429904715767945,,,,,,,,,-0.00815091436462767,,,,,,-0.04117908347424254,,,,,,4.0,3.0,3.0,3.0,4.0,3.0,2.0,4.0,3.0,5.0,False,False
log_R_rel,Tous,Q1,[-1.24 ; -0.322],1824.0,1824.0,0.9730435714734507,0.9230604720291774,0.054634994558828934,0.013380555021913909,0.5142543859649122,0.4913114982858612,0.5371373563632506,1824.0,1.5930220808545665,1.4996752671500402,0.11819876231104634,-0.063615521214549,0.5213815789473685,0.4984353389167738,0.5442379430568942,1824.0,2.456725072584576,2.3907989211928804,0.044642695356516215,-0.11547643190432028,0.5038377192982456,0.4809081009351576,0.5267512060857572,1822.0,3.364495617205795,3.4117952162686915,0.0,-0.08969995788009207,0.4994511525795829,0.476517543885891,0.5223870708408193,0.5046677649643053,0.48171787567710883,0.5275980013831246,0.5038377192982456,0.01699561403508772,0.001644736842105263,0.5005518763796909,0.47755288032729587,0.5235485373293982,0.49725877192982454,0.010964912280701754,0.006578947368421052,0.5033783783783784,0.4801423543303115,0.5265998186810398,0.4901315789473684,0.00932017543859649,0.02631578947368421,,,,,,,,,,,,
log_R_rel,Tous,Q2,[-0.322 ; -0.118],1824.0,1824.0,0.9748579016302013,0.8965051722881123,0.11243072055038787,0.008362989255386437,0.5230263157894737,0.5000799636991691,0.5458758784263193,1824.0,1.5105217686398897,1.3744838883965862,0.11443084176836071,-0.04559836650032943,0.5208333333333334,0.4978871858147862,0.5436919094416082,1823.0,2.2141856364987174,2.1811359314627596,0.05834103223575283,-0.02383056298243214,0.5052111903455841,0.4822729754099138,0.5281274884288775,1823.0,3.1837382112219097,3.1325728955801537,0.06728135710341392,-0.05893396422080895,0.5052111903455841,0.4822729754099138,0.5281274884288775,0.5175631174533479,0.49460551075047443,0.5404468179948011,0.5169956140350878,0.013157894736842105,0.0010964912280701754,0.5229155162893429,0.499886953239795,0.5458470656409713,0.5191885964912281,0.005482456140350877,0.00712719298245614,0.5087918321043675,0.48546175058346613,0.532083681898993,0.4917763157894737,0.0043859649122807015,0.03344298245614035,,,,,,,,,,,,
log_R_rel,Tous,Q3,[-0.118 ; 0.112],1824.0,1824.0,0.9505827874890687,0.9101737851125744,0.054895872868298085,0.02984869309640306,0.5137061403508771,0.4907637033699762,0.536590964561862,1824.0,1.4321141840601541,1.3408568998530912,0.11426001949264092,0.0,0.5175438596491229,0.49459884610767857,0.5404151288450746,1824.0,2.0049893310336815,1.9988507487483957,-0.012004520338760576,0.051886557949904495,0.49780701754385964,0.4748896202096748,0.5207336329212312,1824.0,2.942370178672811,2.906291652708471,0.2572819666496126,0.10909528496476566,0.5131578947368421,0.49021593598637264,0.5360445452281921,0.48930334613274823,0.4664025769532127,0.5122491025355838,0.48903508771929827,0.013706140350877192,0.0005482456140350877,0.5058171745152354,0.4827640773211959,0.5288455627932286,0.5005482456140351,0.005482456140350877,0.010416666666666666,0.5094555873925501,0.48600476023908434,0.5328648732371549,0.48739035087719296,0.0027412280701754384,0.04331140350877193,,,,,,,,,,,,
log_R_rel,Tous,Q4,[0.112 ; 0.758],1824.0,1824.0,0.819979610942662,0.8471643367298454,0.02747145450148121,0.020938477059594778,0.506578947368421,0.48364487411624124,0.5294853664910412,1824.0,1.2771204871931179,1.3182848637333398,-0.016610968611245204,0.02082573516046101,0.49780701754385964,0.4748896202096748,0.5207336329212312,1824.0,1.8202231148376309,1.9893042198620454,-0.1605689791196242,0.009851458340690279,0.4791666666666667,0.456308090558392,0.502112814185214,1824.0,2.744196687491156,2.7527464980323577,-0.0030608027173901838,0.07580539881101511,0.49725877192982454,0.47434265060845937,0.520186415805173,0.4680968096809681,0.4452508276378234,0.49107733612789584,0.46655701754385964,0.014802631578947368,0.003289473684210526,0.4799554565701559,0.4569169320014754,0.5030795476887374,0.4725877192982456,0.006030701754385965,0.015350877192982455,0.48413156376226196,0.46066342795550236,0.5076698961657072,0.45997807017543857,0.003289473684210526,0.049890350877192985,,,,,,,,,,,,
log_R_rel,Tous,Q4 − Q1,,,,,,-0.027163540057347724,,-0.007675438596491224,,,,,,-0.13480973092229154,,-0.02357456140350883,,,,,,-0.20521167447614042,,-0.024671052631578927,,,,,,-0.0030608027173901838,,-0.002192380649758352,,,,,,,,,-0.02059641980953497,,,,,,-0.019246814616116437,,,,,,3.0,4.0,5.0,2.0,3.0,4.0,5.0,4.0,4.0,4.0,False,False
log_R_rel,Long,Q1,[-1.24 ; -0.322],935.0,935.0,0.8855171912682288,0.9351516083693421,0.0,0.012410291598675363,0.4994652406417112,0.46748365790208796,0.531451199692633,935.0,1.5874297476129104,1.4775294456918118,0.09825009004630872,-0.005835437037354827,0.5187165775401069,0.4866785275782214,0.5506014566065441,935.0,2.4977494625483816,2.3807728423698284,0.1438599850675161,-0.07046376400772407,0.5144385026737968,0.482408916894437,0.5463499280480963,934.0,3.432119619068716,3.293017575505573,0.20024498944108032,0.056385691856063076,0.5149892933618844,0.4829413817586294,0.5469144062550393,0.493576017130621,0.461604125244114,0.5256005370357423,0.493048128342246,0.016042780748663103,0.0010695187165775401,0.5042918454935622,0.4722403901050375,0.5363080651036217,0.5026737967914439,0.014973262032085561,0.0032085561497326204,0.5081788440567067,0.4758541509794343,0.5404352955442675,0.4983957219251337,0.011764705882352941,0.019251336898395723,,,,,,,,,,,,
log_R_rel,Long,Q2,[-0.322 ; -0.118],907.0,907.0,0.9296376222418086,0.9017601147410175,0.048510703179457784,0.02383056298243214,0.5126791620727673,0.48016441229608986,0.5450869596219251,907.0,1.450782439830138,1.4717328745367946,0.011085769770922214,-0.04709055524523342,0.5049614112458655,0.47247040606547647,0.5374105655546164,907.0,2.0783613025886716,2.32953395447127,-0.15637217880489793,-0.02383056298243214,0.48732083792723263,0.45491304037807473,0.5198355877039099,907.0,3.2637225684295235,3.266638833779921,-0.09232688859438994,0.14835752593865598,0.49393605292171994,0.46149233487000635,0.5264309220387688,0.5027624309392266,0.4702438677396211,0.5352576409941342,0.5016538037486218,0.011025358324145534,0.002205071664829107,0.508869179600887,0.47627550174110506,0.5413876305327937,0.5060639470782801,0.004410143329658214,0.005512679162072767,0.4982896237172178,0.4652772680369683,0.5313168982694368,0.48180815876515987,0.0033076074972436605,0.03307607497243661,,,,,,,,,,,,
log_R_rel,Long,Q3,[-0.118 ; 0.112],878.0,878.0,0.9261513648454767,0.8890433029526187,0.06640664888749107,0.12431184472951703,0.5113895216400911,0.478347150800538,0.5443326592696606,878.0,1.3837809332148288,1.3276549819527734,0.15752251794694727,0.08653023904717953,0.5250569476082004,0.491987796155476,0.5579077859989606,878.0,2.019431586148138,1.9659001310297297,0.03424677399699521,0.18802183180377485,0.5068337129840547,0.47380573206290344,0.5398021539792157,878.0,3.0549932188141433,2.739078044504198,0.3307248664502902,0.28042268135294546,0.520501138952164,0.48743818047247345,0.5533854776538838,0.49372862029646525,0.4607385502355507,0.5267733928879349,0.49316628701594534,0.01366742596810934,0.0011389521640091116,0.5057736720554272,0.47252224190771674,0.5389741040936701,0.4988610478359909,0.0056947608200455585,0.01366742596810934,0.513189448441247,0.479283962633243,0.5469739839762355,0.4874715261958998,0.002277904328018223,0.05011389521640091,,,,,,,,,,,,
log_R_rel,Long,Q4,[0.112 ; 0.758],908.0,908.0,0.8097638627375846,0.8267891617689082,0.04007529647513189,0.06619905643093302,0.51431718061674,0.48181625246915044,0.5466974718443706,908.0,1.2477356450024422,1.334864164991843,0.004327952745104251,0.03433731469199797,0.5,0.46754613876788625,0.5324538612321138,908.0,1.7152980746671644,1.980491332179652,-0.2672696165968521,0.1422143982633522,0.4647577092511013,0.4325327007494144,0.49727967017114905,908.0,2.7006547771504277,2.726431757192803,-0.037155042026891016,0.31934545327250546,0.4933920704845815,0.46096887090232164,0.525870948645284,0.4668141592920354,0.4345007237078722,0.499408451637254,0.4647577092511013,0.018722466960352423,0.004405286343612335,0.46906636670416196,0.43646466181564403,0.5019342658328884,0.4592511013215859,0.004405286343612335,0.02092511013215859,0.47479484173505276,0.4414709660114401,0.5083447292115744,0.4460352422907489,0.003303964757709251,0.0605726872246696,,,,,,,,,,,,
log_R_rel,Long,Q4 − Q1,,,,,,0.04007529647513189,,0.014851939975028816,,,,,,-0.09392213730120447,,-0.018716577540106916,,,,,,-0.4111296016643682,,-0.049680793422695435,,,,,,-0.23740003146797134,,-0.02159722287730287,,,,,,,,,-0.035225478789400244,,,,,,-0.033384002321653894,,,,,,3.0,3.0,4.0,5.0,4.0,3.0,5.0,4.0,4.0,5.0,False,False
log_R_rel,Short,Q1,[-1.24 ; -0.322],889.0,889.0,1.0728308610327133,0.8987938237345646,0.12158119211006546,0.02012296771097556,0.5298087739032621,0.49694124386265964,0.562419789494209,889.0,1.613218637866231,1.5142791378156333,0.16378282052192894,-0.11300057799175892,0.5241844769403825,0.4913212835042605,0.5568395548796142,889.0,2.382282588142041,2.414129723312367,-0.03951630852468456,-0.17707549395843908,0.49268841394825647,0.4599260065029444,0.5255137400321631,888.0,3.226509827578068,3.610945305509653,-0.24515204529791618,-0.3232808363589767,0.4831081081081081,0.45038378065310103,0.5159779589203839,0.5163472378804961,0.48346006689231996,0.549093419608535,0.515185601799775,0.01799775028121485,0.0022497187851518562,0.4965909090909091,0.4636425691556002,0.5295688841183801,0.4915635545556805,0.006749156355455568,0.010123734533183352,0.49825378346915017,0.4648991107592657,0.531624005418721,0.4814398200224972,0.006749156355455568,0.03374578177727784,,,,,,,,,,,,
log_R_rel,Short,Q2,[-0.322 ; -0.118],917.0,917.0,1.0176711237586995,0.8962806455064158,0.17853910332801884,0.001030174664813762,0.5332606324972737,0.5008982335713837,0.5653455156250037,917.0,1.602554390563674,1.2847087421374341,0.23439149023432285,-0.04041232590246945,0.5365321701199564,0.5041708449430413,0.5685886828628266,916.0,2.302721623537256,2.0546335560359292,0.2526760565918622,-0.02364507375521492,0.5229257641921398,0.4905514347798865,0.555108600600118,916.0,3.1743257230973176,2.9687136739591637,0.1631155973926378,-0.15410212116853494,0.5163755458515283,0.48401199243691906,0.5486023185487985,0.5321701199563795,0.49980767120306996,0.5642641517901572,0.5321701199563795,0.015267175572519083,0.0,0.5368536853685368,0.5043503675207945,0.5690468133263535,0.5321701199563795,0.006543075245365322,0.008724100327153763,0.5191873589164786,0.486276019578634,0.5519330279642096,0.5016357688113413,0.0054525627044711015,0.03380588876772083,,,,,,,,,,,,
log_R_rel,Short,Q3,[-0.118 ; 0.112],946.0,946.0,0.9615515252162641,0.9236749953363523,0.05342517649293352,-0.03747592383485338,0.5158562367864693,0.48400998587300353,0.5475742277474569,946.0,1.4595866131140345,1.3529493423775225,0.06980354554293272,-0.11134101983740358,0.5105708245243129,0.4787371000242326,0.5423190423894079,946.0,1.9826426951664735,2.0200112509207857,-0.08704322185948245,-0.09625353261832706,0.4894291754756871,0.4576809576105922,0.5212628999757675,946.0,2.9010984639722066,3.0172617580749534,0.10628518447922264,-0.1694573374529108,0.5063424947145877,0.47452134116941475,0.5381123442787694,0.48520084566596194,0.4534765258967587,0.5170448747241448,0.48520084566596194,0.013742071881606765,0.0,0.5058572949946751,0.47391973909964313,0.5377471198934262,0.5021141649048626,0.005285412262156448,0.007399577167019027,0.5060373216245884,0.47361371657189666,0.538410222872921,0.48731501057082455,0.003171247357293869,0.03699788583509514,,,,,,,,,,,,
log_R_rel,Short,Q4,[0.112 ; 0.758],916.0,916.0,0.8436020974483609,0.8598527779784528,-0.006255097274680413,-0.04394261050106427,0.49890829694323147,0.4666005080053387,0.5312252045956135,916.0,1.3148641892172352,1.2907243661163892,-0.03137821065747426,0.004211588338903316,0.49563318777292575,0.46334022741849284,0.5279626229853157,916.0,1.9360769968143723,2.004356432930295,-0.0484127237695344,-0.09742640676187289,0.49344978165938863,0.4611674740988083,0.5257868015069046,916.0,2.801300738078013,2.7811791961594485,0.021199616481221633,-0.15476003625673462,0.5010917030567685,0.4687747954043865,0.5333994919946613,0.46936542669584247,0.43720655367327055,0.5017807399948309,0.4683406113537118,0.010917030567685589,0.002183406113537118,0.4906284454244763,0.45820197974398297,0.5231339627513971,0.48580786026200873,0.007641921397379912,0.009825327510917031,0.49318181818181817,0.46025058455458806,0.5261723219933726,0.4737991266375546,0.0032751091703056767,0.039301310043668124,,,,,,,,,,,,
log_R_rel,Short,Q4 − Q1,,,,,,-0.12783628938474587,,-0.03090047696003062,,,,,,-0.1951610311794032,,-0.02855128916745675,,,,,,-0.00889641524484984,,0.000761367711132166,,,,,,0.2663516617791378,,0.01798359494866042,,,,,,,,,-0.005962463666432771,,,,,,-0.005071965287332003,,,,,,5.0,4.0,3.0,5.0,4.0,4.0,3.0,5.0,4.0,3.0,False,False
leg_atr,Tous,Q1,[0.76 ; 2.17],1824.0,1824.0,0.9804720819846635,0.9122969848027582,0.0884727079362449,0.012528786751966583,0.5202850877192983,0.4973390602857405,0.5431458482533803,1824.0,1.5987620417462347,1.412945936487571,0.16085058575810163,-0.03185561639269545,0.5279605263157895,0.5050153283240603,0.5507881942568899,1824.0,2.338796975208366,2.302062079314733,0.07734487023945572,-0.07881525471555888,0.5076754385964912,0.48473977594053097,0.5305788381012986,1823.0,3.339736499831287,3.1765109923358423,0.17032955943575165,0.051352528250044285,0.5128908392759188,0.4899428378157432,0.5357846253644253,0.5074135090609555,0.48445935843630755,0.5303364463064164,0.506578947368421,0.01918859649122807,0.001644736842105263,0.5099447513812154,0.48691771317054383,0.5329296649026021,0.5060307017543859,0.009868421052631578,0.007675438596491228,0.5079455164585698,0.48461000633431583,0.5312464555363298,0.4906798245614035,0.008223684210526315,0.03399122807017544,,,,,,,,,,,,
leg_atr,Tous,Q2,[2.17 ; 2.82],1824.0,1824.0,0.9865901431674007,0.90620504729755,0.07575745048816815,0.03093738471266785,0.5202850877192983,0.4973390602857405,0.5431458482533803,1824.0,1.5427084857849116,1.432295549432501,0.10967138452472625,0.008957064982956424,0.5208333333333334,0.4978871858147862,0.5436919094416082,1823.0,2.273385594510122,2.2121447455596526,0.1540948743192216,0.02272178981608963,0.5139879319802523,0.4910389733811564,0.5368780611334943,1822.0,3.2796119260924224,3.1482662401458743,0.17540946816378136,-0.03703214179574808,0.513172338090011,0.49021778949262323,0.5360714570663333,0.5227646736149204,0.4998120301470194,0.5456215750434908,0.5224780701754386,0.01206140350877193,0.0005482456140350877,0.5149006622516556,0.4918814889484002,0.5378567877823455,0.5115131578947368,0.006030701754385965,0.006578947368421052,0.5104578858111928,0.487165228983315,0.5337052199050686,0.49506578947368424,0.003837719298245614,0.030153508771929825,,,,,,,,,,,,
leg_atr,Tous,Q3,[2.82 ; 3.94],1824.0,1824.0,0.9284929018389947,0.9173450711018794,0.06204576002550989,0.019978782864431645,0.5153508771929824,0.49240717072469065,0.5382300573589682,1824.0,1.3938203484229033,1.3491154194775277,0.057766055570042676,-0.0447091372280041,0.5109649122807017,0.4880251417276722,0.5338585926177983,1824.0,2.0400143374398922,2.129592442302664,-0.06797842782224042,-0.04480562436241556,0.4917763157894737,0.4688744673594384,0.5147127318814587,1824.0,2.860301541513321,3.0764618403722666,-0.1503883690585867,-0.11730512627783168,0.48519736842105265,0.46231627937017117,0.5081406792634436,0.48021978021978023,0.4573320207586751,0.5031908667552407,0.4791666666666667,0.014802631578947368,0.0021929824561403508,0.4986134220743206,0.47556141036205,0.5216713299069363,0.4928728070175439,0.004934210526315789,0.011513157894736841,0.4985722444317533,0.4751813235174321,0.5219694164695843,0.4786184210526316,0.003837719298245614,0.0400219298245614,,,,,,,,,,,,
leg_atr,Tous,Q4,[3.94 ; 13.8],1824.0,1824.0,0.8569624231117379,0.8381004715808442,0.003380030176498617,0.00943452408783298,0.5016447368421053,0.4787191774648219,0.5245633826869988,1824.0,1.2913984157494145,1.3384933811601323,-0.01368228655818566,-0.00956186521908632,0.49780701754385964,0.4748896202096748,0.5207336329212312,1824.0,1.8150618716556641,1.9921523505820673,-0.19766692072303874,0.020034292132515515,0.4725877192982456,0.44975750815576104,0.4955331559805625,1824.0,2.810245752746329,2.7457368090919587,0.09166640081280783,0.14621441584789324,0.5038377192982456,0.4809081009351576,0.5267512060857572,0.46923076923076923,0.4463916304954735,0.4921995278595066,0.4682017543859649,0.012609649122807017,0.0021929824561403508,0.4858254585881045,0.46278430881552396,0.5089270162393226,0.4791666666666667,0.00712719298245614,0.013706140350877192,0.48876080691642654,0.46529003643637956,0.5122812386009788,0.4649122807017544,0.003837719298245614,0.048793859649122806,,,,,,,,,,,,
leg_atr,Tous,Q4 − Q1,,,,,,-0.08509267775974629,,-0.018640350877192957,,,,,,-0.17453287231628728,,-0.03015350877192985,,,,,,-0.27501179096249445,,-0.03508771929824561,,,,,,-0.07866315862294382,,-0.009053119977673219,,,,,,,,,-0.024119292793110925,,,,,,-0.01918470954214324,,,,,,5.0,5.0,5.0,5.0,5.0,5.0,5.0,5.0,5.0,5.0,False,False
leg_atr,Long,Q1,[0.76 ; 2.17],872.0,872.0,0.911193618002242,0.9354222882538528,0.033396189307677,0.03549638304548909,0.5103211009174312,0.47716872991477677,0.5433829314815305,872.0,1.5657372177161233,1.4238914703061347,0.09535425207770076,0.002005463274779901,0.5217889908256881,0.4886106142368781,0.5547762264886594,872.0,2.3617788057956286,2.327128615930901,0.13690495692682578,-0.02644041591925196,0.5172018348623854,0.48403177588131446,0.550220993112531,871.0,3.3711876088247954,3.152058873273705,0.2563695546474529,0.20804910311995364,0.5200918484500574,0.4868972189913962,0.5531100234625519,0.4890929965556831,0.45601569490681515,0.5222660877610417,0.48853211009174313,0.020642201834862386,0.0011467889908256881,0.5126728110599078,0.4794375838966297,0.5457963576817487,0.5103211009174312,0.013761467889908258,0.0045871559633027525,0.5105882352941177,0.47701006361023024,0.5440711299038831,0.49770642201834864,0.009174311926605505,0.02522935779816514,,,,,,,,,,,,
leg_atr,Long,Q2,[2.17 ; 2.82],943.0,943.0,0.9608833638347903,0.8424961626176991,0.07522191641063308,0.06297469288864607,0.5206786850477201,0.4887735394764623,0.5524160322533815,943.0,1.480517726381502,1.4021511172237358,0.09221176228599667,0.0,0.5196182396606575,0.4877146835247861,0.551362602475322,943.0,2.2141856364987174,2.21500973307392,0.14347039503719658,0.10612797193998558,0.5143160127253447,0.48242254821337094,0.5460933091380594,943.0,3.346251598527799,3.1116432555722224,0.41001373335194075,0.23205117103545655,0.5217391304347826,0.4898325384721042,0.5534693189874752,0.5307855626326964,0.49885552086893403,0.5624655290827703,0.5302226935312832,0.009544008483563097,0.0010604453870625664,0.5144385026737968,0.482408916894437,0.5463499280480963,0.5100742311770944,0.006362672322375398,0.008483563096500531,0.5093715545755237,0.47686603724860294,0.5417980202560171,0.4899257688229056,0.0042417815482502655,0.03817603393425239,,,,,,,,,,,,
leg_atr,Long,Q3,[2.82 ; 3.94],934.0,934.0,0.897493758016971,0.9210290798731924,0.046437189467898196,0.06361558647845952,0.512847965738758,0.48080502456761065,0.5447856508726768,934.0,1.3977941921991228,1.3602109600649104,0.14817104560765107,0.10161966763955671,0.5182012847965739,0.4861470150863218,0.550106441787419,934.0,2.1037819209046793,2.125603238016479,-0.04193154493372189,0.0026866803120777485,0.4925053533190578,0.46053879705013057,0.5245333089430351,934.0,2.9628566183303784,3.0739196555844206,-0.136912362709801,0.06732284788983897,0.4828693790149893,0.45095742367841535,0.5149216757345345,0.47690655209452204,0.44498337407999655,0.5090195286577506,0.4753747323340471,0.013918629550321198,0.0032119914346895075,0.5005417118093174,0.46834931188808154,0.5327296211248517,0.49464668094218417,0.0032119914346895075,0.011777301927194861,0.5106145251396648,0.477888784510006,0.5432495339656853,0.4892933618843683,0.004282655246252677,0.0417558886509636,,,,,,,,,,,,
leg_atr,Long,Q4,[3.94 ; 13.8],879.0,879.0,0.8060733803928198,0.8510582552040191,-0.021701816601438887,0.04017475581917756,0.4926052332195677,0.45965841817945685,0.5256164034873064,879.0,1.2076419037449453,1.3902534407556666,-0.0807046183604747,0.0,0.4880546075085324,0.4551333755337846,0.5210797979279099,879.0,1.6927986833918618,2.0330147273448222,-0.4055579520190381,0.13473072185867382,0.4482366325369738,0.4156557445465836,0.4812680071207597,879.0,2.703135518582464,2.742758920768003,-0.03576459561986774,0.33032441060638557,0.49829351535836175,0.46531854792404714,0.531283333999052,0.4577625570776256,0.42502578596246476,0.4908681658579538,0.45620022753128553,0.015927189988623434,0.0034129692832764505,0.45886442641946695,0.4258734798921583,0.4922199757057272,0.45051194539249145,0.006825938566552901,0.01820250284414107,0.4620024125452352,0.42831721271412926,0.4960381508988314,0.43572241183162685,0.0034129692832764505,0.05688282138794084,,,,,,,,,,,,
leg_atr,Long,Q4 − Q1,,,,,,-0.055098005909115885,,-0.01771586769786354,,,,,,-0.17605887043817547,,-0.03373438331715567,,,,,,-0.5424629089458639,,-0.06896520232541153,,,,,,-0.29213415026732065,,-0.021798333091695654,,,,,,,,,-0.053808384640440854,,,,,,-0.04858582274888246,,,,,,4.0,5.0,6.0,4.0,4.0,5.0,6.0,4.0,6.0,6.0,True,False
leg_atr,Short,Q1,[0.76 ; 2.17],952.0,952.0,1.0439834553017404,0.8773243122043319,0.16459609349811016,0.0014827982211602613,0.5294117647058824,0.49765013302514427,0.5609369801534411,952.0,1.6204277966318292,1.4097945924969313,0.20464702351682212,-0.05084056808274508,0.5336134453781513,0.5018516807308281,0.565105020044698,952.0,2.3161817049839772,2.216901500038784,0.0,-0.17465647744581753,0.4989495798319328,0.46725577993613276,0.5306518231646321,952.0,3.3244630326120186,3.197504614684621,0.09344396414417193,-0.07571064859270453,0.5063025210084033,0.47458160760128565,0.5379727737941253,0.5242105263157895,0.4924187828559864,0.5558072538360598,0.523109243697479,0.017857142857142856,0.0021008403361344537,0.5074309978768577,0.4755391052035317,0.5392625275434314,0.5021008403361344,0.0063025210084033615,0.01050420168067227,0.5054824561403509,0.4730784864816532,0.537840432248398,0.4842436974789916,0.007352941176470588,0.04201680672268908,,,,,,,,,,,,
leg_atr,Short,Q2,[2.17 ; 2.82],881.0,881.0,1.0065435878660873,0.9672666699443312,0.08125630002126968,0.0,0.5198637911464246,0.48685815882365935,0.5526969434680955,881.0,1.5926999547958827,1.4468590176140033,0.12904065083901337,0.013170176654598019,0.5221339387060159,0.4891247107009965,0.5549509747098159,880.0,2.3196918297031948,2.202301479371847,0.1736367176659948,-0.04452842451407979,0.5136363636363637,0.4806253813703676,0.5465288055337112,879.0,3.197958509441626,3.211900253054198,0.0593254633864753,-0.30013839700456396,0.5039817974971559,0.47098292811524284,0.5369460140641923,0.5141884222474461,0.48119474374250576,0.5470589007516048,0.5141884222474461,0.014755959137343927,0.0,0.5153933865450399,0.4823218281847068,0.5483306750576467,0.5130533484676504,0.0056753688989784334,0.004540295119182747,0.511600928074246,0.4782535808017472,0.5448453324405826,0.5005675368898979,0.00340522133938706,0.021566401816118047,,,,,,,,,,,,
leg_atr,Short,Q3,[2.82 ; 3.94],890.0,890.0,0.9567605502133103,0.9119562724006811,0.06942162529930243,-0.043432521351023504,0.5179775280898876,0.48514235975507747,0.5506581668706692,890.0,1.3921547674017594,1.334456335030442,0.025414420900494034,-0.1583538550458111,0.503370786516854,0.47057803397841835,0.5361345647639092,890.0,2.0044295051260486,2.1407724402940844,-0.12650797641645373,-0.07977312741830225,0.4910112359550562,0.4582761358678156,0.523823600819311,890.0,2.78992878783308,3.0764618403722666,-0.2104546736752807,-0.25591254560967797,0.48764044943820223,0.4549245349086466,0.5204626030361525,0.48368953880764903,0.45097973853952505,0.5165396960387919,0.48314606741573035,0.015730337078651686,0.0011235955056179776,0.4965909090909091,0.4636425691556002,0.5295688841183801,0.4910112359550562,0.006741573033707865,0.011235955056179775,0.48598130841121495,0.4526362203486251,0.5194516618845677,0.46741573033707867,0.0033707865168539327,0.038202247191011236,,,,,,,,,,,,
leg_atr,Short,Q4,[3.94 ; 13.8],945.0,945.0,0.8913560940734309,0.8365083164158315,0.04589745634212524,-0.03285918870675285,0.5100529100529101,0.47820381221146285,0.5418206049304499,945.0,1.39909907965877,1.2997837780854207,0.05471481446307981,-0.03803092119818964,0.5068783068783069,0.4750386553954743,0.5386622615963609,945.0,1.9910043542735227,1.943918975523678,-0.03741207731961353,-0.08496162940331158,0.49523809523809526,0.46344401048598366,0.5270707392888998,945.0,2.8869446301113557,2.748714697415914,0.17917033808520724,-0.07804296821950987,0.508994708994709,0.47714861794917074,0.5407679658093828,0.4798728813559322,0.4481485725944628,0.5117603404559878,0.4793650793650794,0.009523809523809525,0.0010582010582010583,0.5106837606837606,0.4786805903244274,0.5425995913572516,0.5058201058201058,0.007407407407407408,0.009523809523809525,0.5132450331125827,0.4807109506984472,0.5456672672243208,0.49206349206349204,0.004232804232804233,0.04126984126984127,,,,,,,,,,,,
leg_atr,Short,Q4 − Q1,,,,,,-0.11869863715598492,,-0.019358854652972268,,,,,,-0.14993220905374233,,-0.026735138499844324,,,,,,-0.03741207731961353,,-0.003711484593837522,,,,,,0.08572637394103531,,0.002692187986305661,,,,,,,,,0.003252762806902898,,,,,,0.007762576972231816,,,,,,4.0,5.0,5.0,2.0,4.0,5.0,5.0,2.0,2.0,2.0,False,False
prev_seg_len,Tous,Q1,[6 ; 8],2345.0,2345.0,1.012172751363168,0.9246074082818607,0.07742703637099572,-0.020768220465128613,0.5181236673773987,0.4978864511463761,0.5383016000189302,2345.0,1.5874297476129104,1.4576510945072985,0.13869576881028492,-0.1390208465802269,0.5194029850746269,0.49916561621672045,0.5395768856190781,2345.0,2.3012477962694913,2.2393452646287253,0.07272139819141343,-0.13939450663950453,0.5078891257995736,0.48765789512902125,0.5280945506723475,2343.0,3.2075804675100446,3.266638833779921,-0.030345812518316268,-0.13819751323960935,0.49722577891591974,0.47700117578882334,0.5174594644179974,0.506193934216147,0.48594725637963054,0.5264203167647559,0.5053304904051172,0.014925373134328358,0.0017057569296375266,0.5133276010318143,0.49300970314162706,0.5336015480266928,0.5091684434968017,0.00767590618336887,0.00810234541577825,0.5105820105820106,0.4900080542258098,0.5311201793623066,0.49381663113006397,0.00511727078891258,0.03283582089552239,,,,,,,,,,,,
prev_seg_len,Tous,Q2,[8 ; 10],1801.0,1801.0,0.919990819997576,0.9166750657890339,0.03808626125846871,0.008624066674607299,0.5074958356468628,0.48441464895949843,0.530545112606281,1801.0,1.4329301371230803,1.3516002749670084,0.07439569269372143,0.02526663716354403,0.5141588006662965,0.4910700760491268,0.5371872513529011,1800.0,2.1919516309131937,2.1681685289358046,0.04791574159060119,0.00992304131387834,0.505,0.4819162910027231,0.5280624122270948,1800.0,3.181408335433229,2.965763988357172,0.15137244477860728,0.0056803397033461074,0.5094444444444445,0.4863542268583707,0.5324944347979521,0.5027777777777778,0.4796980054417215,0.525845718574844,0.5024986118822876,0.013325930038867296,0.000555247084952804,0.5056053811659192,0.4824175586800352,0.5287691146807367,0.5008328706274292,0.006107717934480844,0.009439200444197668,0.5005767012687428,0.47706715520016074,0.5240836976738871,0.4819544697390339,0.004997223764575236,0.03720155469183787,,,,,,,,,,,,
prev_seg_len,Tous,Q3,[10 ; 13],1626.0,1626.0,0.9144818237724301,0.8277597335302818,0.09829143018546597,0.07778025442557587,0.5313653136531366,0.5070644083502259,0.5555183604292678,1626.0,1.3937014420463356,1.2808305007874776,0.151556692104791,0.08250976254771952,0.52460024600246,0.5002969191061415,0.5487876054267946,1626.0,2.0577890465982005,1.983164820971727,-0.006055266812388186,0.10209240309420899,0.497539975399754,0.47327139455374506,0.5218201529929611,1626.0,2.886776111135278,2.8346079673133877,0.24856239066091634,0.06342012230617548,0.5153751537515375,0.4910756940702699,0.5396021337628153,0.5003080714725816,0.4760103045467261,0.524604383447483,0.4993849938499385,0.015375153751537515,0.0018450184501845018,0.5146417445482866,0.49018465011849666,0.539028915716698,0.5079950799507995,0.006150061500615006,0.012915129151291513,0.5106658047834518,0.4857597630706351,0.5355190058249116,0.4858548585485855,0.005535055350553505,0.04858548585485855,,,,,,,,,,,,
prev_seg_len,Tous,Q4,[13 ; 54],1524.0,1524.0,0.8678493831625327,0.8793192071852292,-0.00464378642510956,0.02053141956750608,0.49868766404199477,0.4736191693515007,0.5237627581991041,1524.0,1.317951428537434,1.3939801162569017,-0.03508049552745436,0.0009624058561483787,0.49606299212598426,0.4710017860478002,0.5211439966040141,1524.0,1.8536836771905936,2.1474949733222966,-0.2382730452999765,-0.009768233735396793,0.4678477690288714,0.44290849193218285,0.49294873305763287,1524.0,2.8501070623680858,2.9367510778921773,-0.09659975857101064,0.17175351971875136,0.494750656167979,0.46969335284112496,0.519834357361294,0.4625,0.43756030045565963,0.4876287743143164,0.4612860892388451,0.015091863517060367,0.0026246719160104987,0.4685222001325381,0.4434561165632014,0.4937481485759908,0.46391076115485563,0.007874015748031496,0.00984251968503937,0.47888283378746593,0.453416293686122,0.5044596081772307,0.4612860892388451,0.003937007874015748,0.03674540682414698,,,,,,,,,,,,
prev_seg_len,Tous,Q4 − Q1,,,,,,-0.08207082279610528,,-0.019436003335403906,,,,,,-0.1737762643377393,,-0.02333999294864264,,,,,,-0.31099444349138994,,-0.0400413567707022,,,,,,-0.06625394605269437,,-0.002475122747940761,,,,,,,,,-0.044805400899276204,,,,,,-0.03169917679454465,,,,,,4.0,5.0,6.0,2.0,4.0,4.0,6.0,2.0,5.0,5.0,True,False
prev_seg_len,Long,Q1,[6 ; 8],1203.0,1203.0,0.9551517474598702,0.9180150764147249,0.052092545281915884,0.024049165742435055,0.512884455527847,0.48464291927035347,0.5410439645758777,1203.0,1.5874297476129104,1.439117041323713,0.12636804845001592,-0.07449190549953763,0.5187032418952618,0.4904535257353576,0.5468338862994943,1203.0,2.34242221066154,2.2051733051315963,0.1260766185020038,-0.05259330449641605,0.512884455527847,0.48464291927035347,0.5410439645758777,1202.0,3.3150887722956197,3.181136469315663,0.15926065607741569,0.0697851581067375,0.5099833610648918,0.4817356086860382,0.5381675029664374,0.5008333333333334,0.4725857246681318,0.529075623469364,0.4995843724023275,0.013300083125519535,0.0024937655860349127,0.5154553049289892,0.4871390844259514,0.5436726396182522,0.512884455527847,0.010806317539484621,0.004987531172069825,0.5227077977720651,0.494022483642153,0.5512441006677997,0.5070656691604323,0.007481296758104738,0.029925187032418952,,,,,,,,,,,,
prev_seg_len,Long,Q2,[8 ; 10],888.0,888.0,0.8527502796922732,0.9488919118553785,-0.05667896408317581,-0.02144115356203081,0.48873873873873874,0.4559797940488123,0.5215946990001777,888.0,1.348345457686396,1.4003644246146227,-0.009165042375446807,0.03478145934204048,0.4988738738738739,0.46606306673234876,0.5316943825725503,888.0,2.07672768576327,2.3117066997940343,-0.12346919801410697,0.02782695944801041,0.48986486486486486,0.45709949445497,0.522717549289121,888.0,3.129139030927429,3.1198393205896435,-0.05361845418569113,0.1430258559200081,0.4954954954954955,0.46270048380696216,0.5283293134126339,0.48478015783540024,0.45202678628755955,0.5176647952461274,0.48423423423423423,0.01126126126126126,0.0011261261261261261,0.4908883826879271,0.45793225221929823,0.523923899724543,0.48536036036036034,0.0045045045045045045,0.01126126126126126,0.486013986013986,0.45270733192851265,0.519445323501441,0.46959459459459457,0.0033783783783783786,0.033783783783783786,,,,,,,,,,,,
prev_seg_len,Long,Q3,[10 ; 13],805.0,805.0,0.8794444042545121,0.788732901354513,0.08610247914732677,0.11779914158538932,0.5267080745341615,0.49217184660590646,0.5609906020119687,805.0,1.3430580975477702,1.2727806030510198,0.15504673943352837,0.11224901797130092,0.5279503105590062,0.4934128466853376,0.5622222739612761,805.0,1.9796214438099728,1.9348082983188275,-0.005062581977555979,0.10479419736648235,0.4956521739130435,0.46121578182685463,0.5301298660725611,805.0,2.8636907582611633,2.7279834981567017,0.177137155309934,0.22309729007802817,0.5142857142857142,0.4797735261050687,0.5486622022254226,0.5062189054726368,0.47171232702574467,0.5406663373064711,0.5055900621118012,0.018633540372670808,0.0012422360248447205,0.5063131313131313,0.4715467774310673,0.5410185370737286,0.49813664596273294,0.002484472049689441,0.016149068322981366,0.5019710906701709,0.46652582076425836,0.5373965600267447,0.4745341614906832,0.004968944099378882,0.0546583850931677,,,,,,,,,,,,
prev_seg_len,Long,Q4,[13 ; 54],732.0,732.0,0.8730255070211335,0.8818798905080161,0.03705798900270798,0.07230581787992615,0.5095628415300546,0.47339232345809457,0.5456335103626624,732.0,1.306174996718394,1.4696933464936155,0.0027846665417507305,0.02571991913120572,0.5,0.4638728329355326,0.5361271670644674,732.0,1.8433085401323641,2.1797680437742195,-0.2779716267346225,0.18774367665001923,0.46311475409836067,0.4272780764878062,0.4993365644892737,732.0,2.908237202352867,2.9085168132257553,0.01800756969575453,0.42029133172528654,0.5013661202185792,0.46523195520898103,0.5374860210511269,0.4567901234567901,0.42095031813869194,0.4930829463484769,0.45491803278688525,0.017759562841530054,0.004098360655737705,0.46398891966759004,0.42789829725466016,0.5004607276345168,0.4576502732240437,0.01092896174863388,0.01366120218579235,0.47050359712230216,0.43365874458010517,0.5076727388347344,0.44672131147540983,0.004098360655737705,0.050546448087431695,,,,,,,,,,,,
prev_seg_len,Long,Q4 − Q1,,,,,,-0.015034556279207904,,-0.0033216139977924053,,,,,,-0.12358338190826519,,-0.018703241895261846,,,,,,-0.4040482452366263,,-0.049769701429486335,,,,,,-0.14125308638166115,,-0.008617240846312657,,,,,,,,,-0.05146638526139913,,,,,,-0.052204200649762944,,,,,,3.0,5.0,5.0,4.0,2.0,5.0,5.0,4.0,6.0,6.0,False,False
prev_seg_len,Short,Q1,[6 ; 8],1142.0,1142.0,1.0581602133396877,0.9277103367609172,0.11010466091730714,-0.05687911179646726,0.5236427320490368,0.49464472760391603,0.5524822051239584,1142.0,1.583493580164543,1.4819907567956014,0.18416564069045133,-0.17661294642607644,0.5201401050788091,0.4911449853854008,0.5490001795309368,1142.0,2.268922870170212,2.253892934207631,0.048217183509891876,-0.22591294250331334,0.5026269702276708,0.473667546928402,0.5315687789302508,1141.0,3.0721687865279073,3.3478895068321863,-0.1804570459122166,-0.39836644712342656,0.48378615249780893,0.45489208497775735,0.512789033528069,0.5118317265556529,0.4828364518778436,0.5407475967800669,0.51138353765324,0.016637478108581436,0.0008756567425569177,0.5110717449069974,0.48192465936588974,0.5401437392522401,0.5052539404553416,0.0043782837127845885,0.01138353765323993,0.4977293369663942,0.46825423685783546,0.5272202275359743,0.4798598949211909,0.002626970227670753,0.03590192644483362,,,,,,,,,,,,
prev_seg_len,Short,Q2,[8 ; 10],913.0,913.0,0.9693696456353477,0.8829387633911083,0.13860624948976352,0.017254138308920915,0.5257393209200438,0.4933089589029839,0.5579539855358374,913.0,1.5830847235615544,1.326376669374276,0.1586135770416661,0.021786870814418217,0.5290251916757941,0.4965926785508121,0.5612144715610501,912.0,2.2807978114704754,2.0206112985254183,0.27438018174428513,-0.020371149698703107,0.5197368421052632,0.48729627524666425,0.5520118321815197,912.0,3.2019588862136645,2.8837978663134898,0.2235042552203659,-0.07903790436101332,0.5230263157894737,0.4905810314685504,0.5552784271976642,0.52026286966046,0.48783919765029005,0.5525167373334627,0.52026286966046,0.01533406352683461,0.0,0.5198675496688742,0.4873197022389557,0.5522476246451964,0.515881708652793,0.007667031763417305,0.007667031763417305,0.5148401826484018,0.48175111192095177,0.547799661763766,0.4939759036144578,0.0065717415115005475,0.040525739320920046,,,,,,,,,,,,
prev_seg_len,Short,Q3,[10 ; 13],821.0,821.0,0.9538571029193096,0.885268921456404,0.12423332819459981,0.02526113042129691,0.535931790499391,0.5017297593455636,0.5697991257155197,821.0,1.428905842973987,1.285344918414589,0.1480666447760536,0.060549813673024054,0.5213154689403167,0.4871245748544602,0.5553078145885553,821.0,2.128814032554357,2.012175305587288,-0.007047951647220394,0.07987678533516446,0.4993909866017052,0.4652713517177333,0.5335162942981806,821.0,2.908531935566832,2.903836889292669,0.2764289142211718,-0.17477062507450433,0.5164433617539586,0.4822626536709287,0.5504709038993976,0.4945054945054945,0.46036925951023455,0.5286930338886408,0.4933008526187576,0.012180267965895249,0.00243605359317905,0.5227552275522755,0.48839438686719805,0.5569020329037833,0.5176613885505481,0.0097442143727162,0.0097442143727162,0.5190839694656488,0.48414610333316577,0.5538361959025291,0.49695493300852617,0.0060901339829476245,0.04263093788063337,,,,,,,,,,,,
prev_seg_len,Short,Q4,[13 ; 54],792.0,792.0,0.8650214539377575,0.8732367119334801,-0.05598014935755729,-0.04394261050106427,0.48863636363636365,0.45396151091661274,0.5234209229747547,792.0,1.3424236296075005,1.3342831226920593,-0.07045715258557275,-0.05402882215405569,0.49242424242424243,0.4577261440983813,0.5271954784958637,792.0,1.8783513210668303,2.132696007482536,-0.1982031242650526,-0.15157196283059016,0.4722222222222222,0.437671063724771,0.507041552454127,792.0,2.8109347164014693,2.975120789271247,-0.19630517124433292,-0.08526185437392589,0.48863636363636365,0.45396151091661274,0.5234209229747547,0.46776232616940583,0.43322963103660184,0.5026066412470834,0.4671717171717172,0.012626262626262626,0.0012626262626262627,0.4726810673443456,0.4380172961078406,0.507610248017304,0.4696969696969697,0.005050505050505051,0.006313131313131313,0.48641655886157825,0.4513357560029909,0.5216317060896675,0.47474747474747475,0.003787878787878788,0.023989898989898988,,,,,,,,,,,,
prev_seg_len,Short,Q4 − Q1,,,,,,-0.16608481027486444,,-0.03500636841267313,,,,,,-0.2546227932760241,,-0.027715862654566714,,,,,,-0.24642030777494447,,-0.030404748005448567,,,,,,-0.015848125332116325,,0.004850211138554716,,,,,,,,,-0.03839067756265174,,,,,,-0.011312778104815957,,,,,,5.0,4.0,5.0,2.0,3.0,4.0,4.0,4.0,4.0,3.0,False,False
saturation,Tous,Q1,[0 ; 0.1],1932.0,1932.0,0.9632088265611771,0.9151197467714226,0.06907658752078363,0.023208291934720376,0.5170807453416149,0.4947861855404408,0.5393075130348971,1932.0,1.5211011389745344,1.3716666734156389,0.08588208523721408,-0.031948968516072054,0.5175983436853002,0.495303555240078,0.539823285716331,1932.0,2.269762887692866,2.1528734623848567,0.05705344243762167,-0.06818525731136915,0.5056935817805382,0.4834100858745682,0.5279544803172109,1931.0,3.273946913756604,3.13503480319998,0.09655888164167599,-0.06741588639226023,0.506991196271362,0.4847000953507923,0.5292545353538609,0.5036307053941909,0.4813273861073219,0.5259195848658677,0.5025879917184265,0.018115942028985508,0.002070393374741201,0.5124869927159209,0.4901376434080979,0.5347865248100983,0.5098343685300207,0.005693581780538302,0.005175983436853002,0.5197649572649573,0.4971150762820139,0.5423338835875188,0.5036231884057971,0.004140786749482402,0.031055900621118012,,,,,,,,,,,,
saturation,Tous,Q2,[0.1 ; 0.182],1744.0,1744.0,0.9291218294747718,0.872527731609128,0.10582065359487161,0.035016474032158004,0.5298165137614679,0.5063516633170728,0.5531502961282224,1744.0,1.450988314284732,1.4068602242300075,0.11504600053118441,-0.037125539640485566,0.5200688073394495,0.49660260507781895,0.5434467907026681,1744.0,2.2190871000309658,2.1160054103603207,0.0532155884267817,0.041151633811945726,0.5045871559633027,0.48113711724809155,0.5280170303588769,1744.0,3.032251272180264,3.0838293233817886,0.08916328755862393,-0.040759921782254835,0.5057339449541285,0.48228193940894243,0.5291607450997684,0.5025847214244687,0.4791182595813654,0.5260398017578416,0.5017201834862385,0.014908256880733946,0.0017201834862385322,0.5037768739105172,0.48017242307245994,0.5273645008978338,0.49713302752293576,0.010321100917431193,0.013188073394495414,0.5110977804439112,0.4871031670561662,0.535041361784868,0.48853211009174313,0.008027522935779817,0.04415137614678899,,,,,,,,,,,,
saturation,Tous,Q3,[0.182 ; 0.286],1802.0,1802.0,0.9545951106965103,0.883196646917193,0.09300948576558925,0.037357254810907056,0.5199778024417314,0.4968922488564695,0.5429783577349393,1802.0,1.4400379623012156,1.3373440616510484,0.16475963990589446,0.015572103908758995,0.52330743618202,0.5002214389219275,0.5462942687680494,1802.0,2.1383428976853107,2.08634451123991,0.06362352250371878,0.08155916379241748,0.5066592674805771,0.4835857113795241,0.5297044908176121,1801.0,3.008367787268909,2.880327267353853,0.2234655731781682,0.2146166053942637,0.5141588006662965,0.4910700760491268,0.5371872513529011,0.5036131183991106,0.48052541028880763,0.5266854284227019,0.5027746947835738,0.013873473917869035,0.001664816870144284,0.5086737548964745,0.48550081568663495,0.5318094813267915,0.5044395116537181,0.006659267480577136,0.008324084350721421,0.5002878526194589,0.4767991991470557,0.5237752356550538,0.48224195338512765,0.004994450610432853,0.03607103218645949,,,,,,,,,,,,
saturation,Tous,Q4,[0.286 ; 0.684],1818.0,1818.0,0.8476776702126921,0.9145160661807807,-0.051616084514515846,-0.05148542590463264,0.4911991199119912,0.4682612862455607,0.514174069276017,1818.0,1.3583822034364754,1.3792872814914015,-0.02576931657671422,-0.05333879008758217,0.4966996699669967,0.47374718724189613,0.5196660710786956,1817.0,1.8875903927278173,2.164778693016061,-0.2508309925032591,-0.12732476916689425,0.468904788112273,0.44604850948832003,0.49189227569584987,1817.0,2.832320347777643,3.057677494960837,-0.10886983248897004,-0.05644105528654171,0.4881673087506879,0.4652324468103363,0.5111520997641709,0.4697136563876652,0.44684712874237903,0.4927080501259358,0.4691969196919692,0.01155115511551155,0.0011001100110011,0.483835005574136,0.46076892001824876,0.5069701733479298,0.47744774477447743,0.005500550055005501,0.013201320132013201,0.47386559448592763,0.45049404990223263,0.4973522187791194,0.4537953795379538,0.0027502750275027505,0.04235423542354235,,,,,,,,,,,,
saturation,Tous,Q4 − Q1,,,,,,-0.12069267203529949,,-0.025881625429623634,,,,,,-0.1116514018139283,,-0.020898673718303507,,,,,,-0.30788443494088075,,-0.03678879366826526,,,,,,-0.20542871413064603,,-0.0188238875206741,,,,,,,,,-0.028651987141784907,,,,,,-0.04589936277902967,,,,,,5.0,4.0,4.0,2.0,5.0,4.0,4.0,2.0,4.0,4.0,False,False
saturation,Long,Q1,[0 ; 0.1],961.0,961.0,0.9104658256238944,0.8952607292932717,0.026382353810837717,0.04974032373623697,0.5088449531737773,0.47726474775218947,0.5403547247083677,961.0,1.485535178244195,1.3641485588190725,0.09025920060957147,-0.031777467548142715,0.5202913631633714,0.4886865535020277,0.5517345892016035,961.0,2.199273678747769,2.240631979856371,-0.051994615164448234,-0.08170975813249824,0.49739854318418314,0.46585942073807624,0.5289583814794069,960.0,3.1772957051790502,3.14661450495635,-0.08429856802631844,0.04163543012695535,0.49583333333333335,0.4642847639780239,0.5274151169982694,0.4994786235662148,0.46789806468432826,0.5310633428826068,0.4984391259105099,0.012486992715920915,0.002081165452653486,0.5109717868338558,0.47931999319121094,0.5425358465226399,0.5088449531737773,0.009365244536940686,0.004162330905306972,0.5204741379310345,0.48831285126680357,0.5524666116805472,0.5026014568158168,0.006243496357960458,0.03433922996878252,,,,,,,,,,,,
saturation,Long,Q2,[0.1 ; 0.182],879.0,879.0,0.8951064400320984,0.8664056599692082,0.10672504953380217,0.08163756525445358,0.5301478953356087,0.4970938740593333,0.5629395452992471,879.0,1.4330523414257754,1.4067292337714152,0.09841438416745235,0.06861503624320198,0.5199089874857793,0.48686581412544444,0.5527788967717312,879.0,2.177865537662429,2.063786589544656,0.056316151888210965,0.1621159381128886,0.5051194539249146,0.4721163142070737,0.5380780400236285,879.0,3.0880096174609677,3.0455584909754787,0.2627746933288326,0.11019345783792997,0.5164960182025028,0.4834595301590566,0.5493889445843173,0.5057077625570776,0.4726462175904145,0.5387194645960154,0.5039817974971559,0.013651877133105802,0.0034129692832764505,0.5074971164936563,0.4742587077973209,0.5406693801580547,0.5005688282138794,0.010238907849829351,0.013651877133105802,0.5161676646706587,0.48227468375263305,0.5499125611336482,0.49032992036405004,0.009101251422070534,0.05005688282138794,,,,,,,,,,,,
saturation,Long,Q3,[0.182 ; 0.286],914.0,914.0,0.9314514820678148,0.8696606729064649,0.06826265647033722,0.07944454915544533,0.5175054704595186,0.4851043395276093,0.5497600640906184,914.0,1.4049587520999935,1.36673324020977,0.1553406674048306,0.0489668928129436,0.5196936542669585,0.4872886124374642,0.5519338416330422,914.0,2.084116604455361,2.204940719054306,0.014649016030014912,0.11929836480253933,0.5010940919037199,0.46874197909972204,0.5334370461264171,914.0,3.0495391990327025,2.9565736202207766,0.20109055377432805,0.336313081245018,0.5120350109409191,0.4796463607901325,0.5443229166973993,0.49835706462212487,0.46599887596397976,0.5307290211994996,0.49781181619256015,0.0175054704595186,0.0010940919037199124,0.503858875413451,0.4713718914154641,0.536313308733497,0.5,0.005470459518599562,0.007658643326039387,0.49209932279909707,0.4592849170233996,0.5249819457530767,0.47702407002188185,0.002188183807439825,0.030634573304157548,,,,,,,,,,,,
saturation,Long,Q4,[0.286 ; 0.684],874.0,874.0,0.8023447346782293,0.9471959752779515,-0.08467858997834343,-0.06113968433556422,0.4805491990846682,0.44758286529667934,0.5136857736012722,874.0,1.276947091609451,1.42370479384664,-0.09417861832863915,-0.02993224634011779,0.4874141876430206,0.45440331825311786,0.5205352127984978,874.0,1.8587454155089225,2.1959053988017425,-0.2446644196098291,0.04846971578454248,0.4691075514874142,0.4362292768280884,0.5022562084804227,874.0,2.875579440711557,2.9281155370791767,0.0,0.2830999577438137,0.4988558352402746,0.46578454670703756,0.5319371379340182,0.4518348623853211,0.4190853205308045,0.48500692628642816,0.45080091533180777,0.016018306636155607,0.002288329519450801,0.46386946386946387,0.4307353928830423,0.4973256336443381,0.45537757437070936,0.004576659038901602,0.018306636155606407,0.4639423076923077,0.4302986639127525,0.49791739999217877,0.4416475972540046,0.003432494279176201,0.04805491990846682,,,,,,,,,,,,
saturation,Long,Q4 − Q1,,,,,,-0.11106094378918115,,-0.028295754089109115,,,,,,-0.18443781893821062,,-0.032877175520350854,,,,,,-0.19266980444538087,,-0.028290991696768963,,,,,,0.08429856802631844,,0.003022501906941255,,,,,,,,,-0.04710232296439193,,,,,,-0.056531830238726766,,,,,,4.0,3.0,4.0,3.0,4.0,3.0,4.0,3.0,4.0,3.0,False,True
saturation,Short,Q1,[0 ; 0.1],971.0,971.0,1.0000891821893498,0.9330954044929913,0.1306029959333872,0.001030174664813762,0.525231719876416,0.4937844533173775,0.5564801229994313,971.0,1.5731756341489949,1.3907646414803212,0.08044378787171004,-0.03196417179489591,0.5149330587023687,0.4835004900626092,0.5462479326555021,971.0,2.350428206730468,2.12657031217518,0.13640201454164042,-0.03952436445791303,0.513903192584964,0.48247282468965513,0.5452239826685864,971.0,3.3399887252397678,3.0876556945347424,0.2244697566791308,-0.18093823385864194,0.518022657054583,0.4865842831708736,0.5493189856268472,0.5077399380804953,0.47629320891923554,0.539125539621123,0.5066941297631308,0.02368692070030896,0.0020597322348094747,0.5139896373056995,0.4824617343858769,0.5454065982703592,0.5108135942327497,0.0020597322348094747,0.006179196704428424,0.5190677966101694,0.4871819963388536,0.5507990334028247,0.5046343975283213,0.0020597322348094747,0.027806385169927908,,,,,,,,,,,,
saturation,Short,Q2,[0.1 ; 0.182],865.0,865.0,0.9585486941635166,0.8756991814234681,0.09937989791204742,0.003326117738344715,0.5294797687861271,0.4961597519588561,0.5625390948735238,865.0,1.4836894277765007,1.4128740131605912,0.1437788977187906,-0.15273651079448453,0.5202312138728323,0.48692161490277336,0.5533619074331737,865.0,2.2439014235404886,2.1841469146989128,0.032195979567420645,-0.05925929877489469,0.5040462427745664,0.4707821827775851,0.5372745216896042,865.0,2.914267782418092,3.167220597803247,-0.05075620598941175,-0.2358322700692575,0.49479768786127165,0.4615752283738041,0.5280661515969522,0.49942196531791905,0.4661772899150803,0.5326717523038925,0.49942196531791905,0.016184971098265895,0.0,0.5,0.4665402629083733,0.5334597370916268,0.4936416184971098,0.010404624277456647,0.012716763005780347,0.5060096153846154,0.4720872117404149,0.5398767776087632,0.4867052023121387,0.006936416184971098,0.03815028901734104,,,,,,,,,,,,
saturation,Short,Q3,[0.182 ; 0.286],888.0,888.0,0.9876773361864455,0.8931758553771276,0.12768457440022085,-0.020009360291754777,0.5225225225225225,0.48964293200006703,0.5552080819019531,888.0,1.4858098699918405,1.3127518689202389,0.17532765281542695,-0.009624395103430723,0.527027027027027,0.4941426369952477,0.5596785796871765,888.0,2.2172079027006997,1.9856722508593554,0.15857792215891364,0.023801469215456433,0.5123873873873874,0.47952831716003746,0.5451397404860736,887.0,2.976455361519648,2.824284116913753,0.26946798603915345,0.052001892864600524,0.5163472378804961,0.48346006689231996,0.549093419608535,0.5090293453724605,0.4761431000415146,0.5418376282139412,0.5078828828828829,0.010135135135135136,0.0022522522522522522,0.5136363636363637,0.4806253813703676,0.5465288055337112,0.509009009009009,0.007882882882882882,0.009009009009009009,0.5088131609870741,0.4752603412709715,0.5422867692112512,0.48761261261261263,0.007882882882882882,0.041666666666666664,,,,,,,,,,,,
saturation,Short,Q4,[0.286 ; 0.684],944.0,944.0,0.9002127983536188,0.8973781295310022,0.010177576028479036,-0.04052675325575156,0.5010593220338984,0.4692235199760329,0.5328865372318383,944.0,1.418680244953975,1.340214126970073,0.047953031250085015,-0.08406104507339435,0.5052966101694916,0.4734453420631185,0.5371049439762366,943.0,1.94162087889138,2.1495511167235364,-0.2508575083014202,-0.2457504588634324,0.4687168610816543,0.43705754438371963,0.5006300265890811,943.0,2.7960531046128603,3.180573187265338,-0.3109239329744723,-0.3325235665572896,0.4782608695652174,0.4465306810125249,0.5101674615278959,0.486228813559322,0.45446507514491113,0.5181041811527654,0.486228813559322,0.007415254237288136,0.0,0.5021367521367521,0.4701615398148928,0.5340944965214429,0.4978813559322034,0.006355932203389831,0.00847457627118644,0.4829482948294829,0.450602763432067,0.5154373469222375,0.4650423728813559,0.00211864406779661,0.037076271186440676,,,,,,,,,,,,
saturation,Short,Q4 − Q1,,,,,,-0.12042541990490817,,-0.02417239784251768,,,,,,-0.032490756621625025,,-0.009636448532877151,,,,,,-0.3872595228430606,,-0.045186331503309696,,,,,,-0.5353936896536031,,-0.03976178748936554,,,,,,,,,-0.011852885168947336,,,,,,-0.036119501780686514,,,,,,5.0,2.0,5.0,5.0,4.0,3.0,5.0,5.0,5.0,4.0,False,False
n_short_seg_48,Tous,0,aucun segment court,4059.0,4059.0,0.9311952376277624,0.895131086132793,0.04761387508684215,0.0066058670263744144,0.5109632914510963,0.49558175943538046,0.5263240908936109,4059.0,1.4411698971599305,1.3661002472276127,0.06028028070354569,-0.03529785635322388,0.5102241931510224,0.49484287880403893,0.5255861726263689,4058.0,2.0833503142623693,2.161545281125675,-0.06797842782224042,-0.06946679968488942,0.49112863479546576,0.47576269229010953,0.5065113579830474,4056.0,2.9862775277855267,3.0339939489325944,0.0,-0.03208834743029305,0.4992603550295858,0.48388053358561395,0.5146415762425134,0.4909943251912164,0.4756191226292377,0.5063865834846021,0.49026853904902684,0.015767430401576743,0.0014781966001478197,0.5026061057334326,0.4871718937915515,0.518035352632409,0.49889135254988914,0.007637349100763735,0.007390983000739098,0.5010209290454314,0.48537116119138346,0.5166686968181803,0.48361665434836165,0.005173688100517369,0.03473762010347376,,,,,,,,,,,,
n_short_seg_48,Tous,≥1,au moins un,3237.0,3237.0,0.9223576965386826,0.8987938237345646,0.06623287421666753,0.02738806678577518,0.5186901451961693,0.5014653978333622,0.5358705830427165,3237.0,1.438864014102933,1.3805984404459164,0.12160295828614547,0.00907000973708104,0.5196169292554834,0.5023923050763619,0.5367950467522493,3237.0,2.177757022092204,2.1255059535065426,0.030143089276307444,0.05050190203815938,0.5032437442075997,0.4860256515914104,0.5204541467424545,3237.0,3.100147773782469,3.0382647788377986,0.147437322390629,0.05975706269890733,0.5094223046030275,0.49219957953300575,0.5266226918177447,0.4998452491488703,0.4826148668659517,0.5170759989866452,0.4989187519308001,0.013283904850169911,0.0018535681186283596,0.5020344287949922,0.48470487618298835,0.5193590949745706,0.4955205437133148,0.006178560395427865,0.012974976830398516,0.5020974507905777,0.4845017505027093,0.5196879574089032,0.4806919987642879,0.004633920296570899,0.042632066728452274,,,,,,,,,,,,
n_short_seg_48,Tous,≥1 − 0,,,,,,0.018618999129825377,,0.007726853745072981,,,,,,0.06132267758259977,,0.009392736104461008,,,,,,0.09812151709854787,,0.012115109412133895,,,,,,0.147437322390629,,0.010161949573441686,,,,,,,,,-0.0005716769384404019,,,,,,0.001076521745146275,,,,,,4.0,4.0,5.0,6.0,4.0,4.0,5.0,6.0,2.0,2.0,,
n_short_seg_48,Long,0,aucun segment court,2013.0,2013.0,0.9041752902295805,0.8961625099530837,0.021024456356707716,0.03179414419199308,0.505712866368604,0.48388162608043805,0.5275223433735835,2013.0,1.4004250350835858,1.3864066926091576,0.0352667597097031,0.0487581507654968,0.5086934923000497,0.48685844531912376,0.5304954212413437,2013.0,2.040799363181167,2.15561563699777,-0.025262524702825088,0.056457735630293285,0.49677098857426727,0.4749558128877671,0.5185984652469162,2012.0,3.0189968860655965,2.9407006509571674,0.11218746150312067,0.26362977261686693,0.5084493041749503,0.4866091208227967,0.5302572837597854,0.4820717131474104,0.46027109006099237,0.5039408041557292,0.4808743169398907,0.014406358668653751,0.0024838549428713363,0.498496993987976,0.47658564600645914,0.5204141163747215,0.4942871336313959,0.007948335817188276,0.008445106805762544,0.4992248062015504,0.47696996921852436,0.5214827151059712,0.4798807749627422,0.004967709885742673,0.038748137108792845,,,,,,,,,,,,
n_short_seg_48,Long,≥1,au moins un,1615.0,1615.0,0.8715320245687576,0.891845927139908,0.04755382978955487,0.06894967784347668,0.5139318885448917,0.48955125637293434,0.5382463984439422,1615.0,1.399696184716652,1.3902534407556666,0.09025920060957147,-0.034796234175180525,0.5164086687306502,0.4920258127320737,0.5407136473855808,1615.0,2.1388361901175448,2.1991532797126174,-0.12777785942292652,0.05108109442366787,0.4891640866873065,0.4648385021599135,0.5135410996491826,1615.0,3.0756482557062856,3.057677494960837,0.030924749010063445,0.13769418590136023,0.5021671826625387,0.4778052623777685,0.5265188172604122,0.4981389578163772,0.4737639448151835,0.5225228199271031,0.4972136222910217,0.015479876160990712,0.0018575851393188853,0.4952919020715631,0.470780095838645,0.519826361307762,0.4885448916408669,0.006811145510835914,0.013622291021671827,0.49805950840879687,0.47317120843095956,0.522957428198745,0.47678018575851394,0.005572755417956657,0.04272445820433437,,,,,,,,,,,,
n_short_seg_48,Long,≥1 − 0,,,,,,0.026529373432847156,,0.008219022176287671,,,,,,0.05499244089986838,,0.00771517643060049,,,,,,-0.10251533472010144,,-0.007606901886960782,,,,,,-0.08126271249305722,,-0.006282121512411587,,,,,,,,,-0.0032050919164128833,,,,,,-0.001165297792753539,,,,,,2.0,5.0,3.0,3.0,2.0,4.0,2.0,2.0,2.0,3.0,,
n_short_seg_48,Short,0,aucun segment court,2046.0,2046.0,0.9671528491910686,0.8938764158906385,0.06967339603652051,-0.025474634125360756,0.5161290322580645,0.49446463326084455,0.5377329765447131,2046.0,1.4730846604572227,1.3554931354675683,0.07813629491562085,-0.1296475201889694,0.5117302052785924,0.49006875274125833,0.5333476907536928,2045.0,2.1178790163630508,2.1681545294345486,-0.1446687225118138,-0.1669991064228574,0.48557457212713934,0.46395991855952257,0.5072433213590734,2044.0,2.9286355608218795,3.0764618403722666,-0.13254743901235014,-0.33348227211594317,0.49021526418786693,0.4685817763139172,0.5118854629491197,0.4997555012224939,0.47810526515492124,0.521406654165733,0.4995112414467253,0.01710654936461388,0.0004887585532746823,0.5066404328578455,0.48491543940724446,0.5283403778345087,0.5034213098729228,0.007331378299120235,0.00635386119257087,0.502773575390822,0.48078263985282144,0.5247537853961768,0.48729227761485827,0.005376344086021506,0.030791788856304986,,,,,,,,,,,,
n_short_seg_48,Short,≥1,au moins un,1622.0,1622.0,0.9563230527911071,0.9036616409924008,0.10019503813788672,-0.01408653937444328,0.5234278668310728,0.4990946268781141,0.5476503942850791,1622.0,1.499395480868912,1.358103603232029,0.1633724068786802,0.04290522012940513,0.5228113440197287,0.4984781768841003,0.5470367121432196,1622.0,2.2195984423241644,2.0281155294955826,0.18302009789232304,0.045701492474327685,0.5172626387176326,0.49293179035537144,0.5415119094490867,1622.0,3.1105288191750455,3.0171650868074864,0.23036216611870844,-0.027189178398134173,0.5166461159062885,0.49231570990930784,0.5408978577592769,0.5015441630636195,0.4772136540002581,0.5258673614235515,0.5006165228113441,0.011097410604192354,0.0018495684340320592,0.5087390761548065,0.48426649935167104,0.5331698405712703,0.5024660912453761,0.005548705302096177,0.012330456226880395,0.506117192530586,0.4812666821048594,0.5309375138775708,0.4845869297163995,0.0036991368680641184,0.04254007398273736,,,,,,,,,,,,
n_short_seg_48,Short,≥1 − 0,,,,,,0.03052164210136621,,0.007298834573008284,,,,,,0.08523611196305936,,0.011081138741136365,,,,,,0.3276888204041368,,0.031688066590493225,,,,,,0.3629096051310586,,0.026430851718421577,,,,,,,,,0.002098643296960967,,,,,,0.0033436171397639436,,,,,,3.0,5.0,6.0,4.0,3.0,5.0,5.0,4.0,4.0,5.0,,
run_rank,Tous,1,rang 1 (flip),6037.0,6037.0,0.9243635685066689,0.9041851736678974,0.05213837381171715,0.00979258756356303,0.5125062116945502,0.4998932964360929,0.525103220605506,6037.0,1.4523914379250376,1.3860291889312293,0.08319138426311717,-0.0444041327250117,0.5133344376345867,0.5007215352218213,0.5259303802993538,6036.0,2.1432297787581995,2.1795571225518984,-0.04149280028651445,-0.054612709298337184,0.4945328031809145,0.48192708576581006,0.5071454753424152,6034.0,3.0590375670679606,3.0584600435076377,0.06630914489296674,-0.026305519367346326,0.5041431885979449,0.4915289487336006,0.516752156222846,0.4956045778736109,0.48299060222023593,0.5082241513711728,0.49494782176577773,0.014908066920655955,0.001325161504058307,0.5028399599064484,0.4901758732757956,0.51550040370622,0.498592015901938,0.006957097896306112,0.008447904588371708,0.5032702237521515,0.4904156344353845,0.5161204913510491,0.48434652973331127,0.005300646016233228,0.037601457677654465,,,,,,,,,,,,
run_rank,Tous,>1,répétition,1259.0,1259.0,0.9517581795465093,0.8532420292765006,0.07612935085559405,0.04966925358891275,0.5234312946783162,0.4958129285657322,0.5509071034636213,1259.0,1.3782633256451555,1.321128801823337,0.09221176228599667,0.06052591082745932,0.5194598888006354,0.49184422878375283,0.5469571537490999,1259.0,2.0016715996732,2.003841556393022,0.05768561007650925,0.10034375519561599,0.505957108816521,0.47836364536319226,0.5335143288815586,1259.0,2.908531935566832,2.908746416124273,0.015186212274436138,0.19148056611003847,0.5019857029388404,0.4744025860358831,0.5295567387123673,0.49163346613545816,0.4640417814327965,0.5192762150490484,0.49007148530579825,0.013502779984114376,0.003177124702144559,0.5,0.4721905132467598,0.5278094867532401,0.49166004765687055,0.007148530579825258,0.016679904686258934,0.49295774647887325,0.4648196473413411,0.5211405310998357,0.4725972994440032,0.003177124702144559,0.04130262112787927,,,,,,,,,,,,
run_rank,Tous,>1 − 1,,,,,,0.023990977043876906,,0.010925082983765932,,,,,,0.0090203780228795,,0.006125451166048679,,,,,,0.09917841036302369,,0.01142430563560648,,,,,,-0.051122932618530605,,-0.0021574856591045632,,,,,,,,,-0.002839959906448364,,,,,,-0.01031247727327822,,,,,,3.0,4.0,4.0,2.0,4.0,3.0,4.0,2.0,3.0,4.0,,
run_rank,Long,1,rang 1 (flip),3018.0,3018.0,0.8876091985299627,0.9040883341387844,0.039261788299970485,0.04197642852277933,0.5106030483764082,0.4927660817258184,0.5284130561879625,3018.0,1.432557624928648,1.3946470230781314,0.09730571674335933,0.025291308692984384,0.5155732273028496,0.4977345766612513,0.5333722821496143,3018.0,2.0969698785889594,2.2014096793906353,-0.018333708088644325,0.04504076910046723,0.49734923790589797,0.47952536689206704,0.5151798486294878,3017.0,3.1066349052593085,3.0162364244474675,0.1538282583760491,0.1788294896623414,0.510772290354657,0.4929322830455194,0.5285848994509081,0.49369189907038513,0.4758561367006591,0.5115437320457632,0.49271040424121937,0.014247846255798542,0.0019880715705765406,0.5026737967914439,0.48476594018004776,0.5205747961259038,0.4983432736911862,0.006958250497017893,0.008614976805831677,0.5017229496898691,0.4835409375804648,0.5199004062285028,0.4824387011265739,0.005632869449966865,0.038436050364479786,,,,,,,,,,,,
run_rank,Long,>1,répétition,610.0,610.0,0.889080043987106,0.8511706190451109,0.017358581059725313,0.0628359637704888,0.5032786885245901,0.4637043308328807,0.5428120082356998,610.0,1.298187320202813,1.369260744970966,-0.012904661528396269,0.006240610467158394,0.49508196721311476,0.4555599633933868,0.5346655280037423,610.0,1.980151502748517,2.0853793912845946,-0.1966820348080494,0.08627171350033488,0.4737704918032787,0.434434082564781,0.5134352048865746,610.0,2.863143923148406,3.012232214905562,-0.13728523801631864,0.3115112593485041,0.48032786885245904,0.4409267338602218,0.519975231728295,0.46710526315789475,0.42777781597670556,0.5068457859490219,0.46557377049180326,0.018032786885245903,0.003278688524590164,0.46901172529313234,0.429305918227914,0.5091137917255912,0.45901639344262296,0.009836065573770493,0.021311475409836064,0.4835924006908463,0.44312929565088,0.5242717958292066,0.45901639344262296,0.003278688524590164,0.05081967213114754,,,,,,,,,,,,
run_rank,Long,>1 − 1,,,,,,-0.021903207240245172,,-0.0073243598518181185,,,,,,-0.1102103782717556,,-0.020491260089734842,,,,,,-0.1783483267194051,,-0.023578746102619286,,,,,,-0.2911134963923677,,-0.03044442150219795,,,,,,,,,-0.03366207149831152,,,,,,-0.018130548999022778,,,,,,4.0,4.0,3.0,4.0,4.0,4.0,5.0,4.0,4.0,4.0,,
run_rank,Short,1,rang 1 (flip),3019.0,3019.0,0.9522315291056004,0.9070082312477692,0.061500693071039475,-0.03285918870675285,0.514408744617423,0.4965732844205193,0.5322075819007595,3019.0,1.4844826460937068,1.3751141141671026,0.07300538885897596,-0.1043368236534262,0.5110963895329579,0.4932621299916408,0.5289024452212978,3018.0,2.1967227925048416,2.161545281125675,-0.06210895843058395,-0.13925431947630917,0.4917163684559311,0.4739018518197214,0.5095519466851374,3017.0,3.018004409998156,3.0910414092997542,-0.05075620598941175,-0.2344931823604101,0.497514086841233,0.47968702668241664,0.5153474696645617,0.497514086841233,0.47968702668241664,0.5153474696645617,0.4971844981782047,0.015568068896985757,0.000662471016893011,0.503006012024048,0.4851037728787553,0.5209005470292745,0.4988406757204372,0.006955945677376615,0.008280887711162636,0.5048143053645117,0.4866476924002678,0.5229682152782267,0.48625372639947,0.004968532626697582,0.03676714143756211,,,,,,,,,,,,
run_rank,Short,>1,répétition,649.0,649.0,1.0009810497012335,0.8565196154457319,0.18800693022877005,0.025055621281751775,0.5423728813559322,0.5039056900716725,0.5803413922221028,649.0,1.4764459487991743,1.285227975852641,0.3303888525115533,0.12088359793562686,0.5423728813559322,0.5039056900716725,0.5803413922221028,649.0,2.0089172431723354,1.9203570235956515,0.32035938118193324,0.12173745202091925,0.5362095531587057,0.49774158064630053,0.5742513805865619,649.0,2.915890616578193,2.8497792747277244,0.289983553634093,0.028280356460710553,0.522342064714946,0.4838936634389728,0.560527525406836,0.5146831530139103,0.47619905302474524,0.5529939180453277,0.5130970724191063,0.009244992295839754,0.0030816640986132513,0.5288611544461779,0.49016097669999903,0.5672174554607052,0.522342064714946,0.004622496147919877,0.012326656394453005,0.5015923566878981,0.46259567869411805,0.5405696716088694,0.48536209553158705,0.0030816640986132513,0.032357473035439135,,,,,,,,,,,,
run_rank,Short,>1 − 1,,,,,,0.12650623715773057,,0.02796413673850917,,,,,,0.25738346365257736,,0.03127649182297432,,,,,,0.3824683396125172,,0.04449318470277458,,,,,,0.3407397596235048,,0.024827977873713047,,,,,,,,,0.02585514242212983,,,,,,-0.0032219486766135175,,,,,,5.0,5.0,5.0,4.0,5.0,4.0,5.0,4.0,5.0,4.0,,
