groupe,variable,tau,n,p25,median,p75
Rang 1 Long,price_atr,-48,3018,-3.079449265932943,-0.20824254350921817,2.571457585929237
Rang 1 Long,price_atr,-47,3018,-3.0179680480385036,-0.13938159734478822,2.5248301387195458
Rang 1 Long,price_atr,-46,3018,-2.920111154312768,-0.1002905019130024,2.5236725666045814
Rang 1 Long,price_atr,-45,3018,-2.797706860637027,-0.055737430561637574,2.5730977824870473
Rang 1 Long,price_atr,-44,3018,-2.707877081944536,-0.01078068080047039,2.568303437872073
Rang 1 Long,price_atr,-43,3018,-2.779314767239398,-0.03831862378877873,2.567593783590081
Rang 1 Long,price_atr,-42,3018,-2.728314780515016,0.055635481967766395,2.5636379819086597
Rang 1 Long,price_atr,-41,3018,-2.694950163430849,0.00104814078511018,2.490167663695718
Rang 1 Long,price_atr,-40,3018,-2.532527227136384,0.05136351372293825,2.3523783412391186
Rang 1 Long,price_atr,-39,3018,-2.4337524039778375,-0.004089666371769321,2.2684120626613655
Rang 1 Long,price_atr,-38,3018,-2.545938019081932,-0.0044932272078242064,2.2741323439722736
Rang 1 Long,price_atr,-37,3018,-2.5030287044447355,-0.11719765908150037,2.092428727699576
Rang 1 Long,price_atr,-36,3018,-2.575374264999625,-0.1385110592697703,1.9387613055041006
Rang 1 Long,price_atr,-35,3018,-2.628346714415883,-0.15695701019368713,1.8146918877664708
Rang 1 Long,price_atr,-34,3018,-2.6422921906058563,-0.26868212943065173,1.7814957680139554
Rang 1 Long,price_atr,-33,3018,-2.680119841216953,-0.34764230738428836,1.60531929924646
Rang 1 Long,price_atr,-32,3018,-2.5906952200182367,-0.4335700653943767,1.534537799378446
Rang 1 Long,price_atr,-31,3018,-2.6082048246642615,-0.5069811113660325,1.3518566755841122
Rang 1 Long,price_atr,-30,3018,-2.521801661239513,-0.5364406086405755,1.3174918750176003
Rang 1 Long,price_atr,-29,3018,-2.485719645613631,-0.5173524656245029,1.2448012510347968
Rang 1 Long,price_atr,-28,3018,-2.4261459545031476,-0.5347623734222786,1.2633186453567373
Rang 1 Long,price_atr,-27,3018,-2.3824476796736636,-0.45551682495405565,1.3082286310172098
Rang 1 Long,price_atr,-26,3018,-2.196887214136507,-0.4250706781704463,1.4015402180192855
Rang 1 Long,price_atr,-25,3018,-1.939209452350728,-0.3014322963896443,1.4182088459402213
Rang 1 Long,price_atr,-24,3018,-1.7286487329570162,-0.17875089424791568,1.5674406986241383
Rang 1 Long,price_atr,-23,3018,-1.5033498395002771,-0.007342568117875794,1.713262861876652
Rang 1 Long,price_atr,-22,3018,-1.2923938625339222,0.18808609505089052,1.8273017797642692
Rang 1 Long,price_atr,-21,3018,-1.0036013385362674,0.32892410755460344,1.9305011111872692
Rang 1 Long,price_atr,-20,3018,-0.7932836339549794,0.522914001738715,2.0430697308697976
Rang 1 Long,price_atr,-19,3018,-0.5377836985850495,0.6883524499885969,2.1432185355920157
Rang 1 Long,price_atr,-18,3018,-0.3259551749781275,0.7971947469015863,2.0605686642938834
Rang 1 Long,price_atr,-17,3018,-0.20444916006548783,0.8306147734773291,2.072187213586511
Rang 1 Long,price_atr,-16,3018,-0.1615334951072412,0.8300210812699502,1.9896795086126586
Rang 1 Long,price_atr,-15,3018,-0.07878240284947483,0.7837013923228643,1.8766421879942772
Rang 1 Long,price_atr,-14,3018,-0.1353723289493037,0.6989290963784023,1.6547259807057124
Rang 1 Long,price_atr,-13,3018,-0.24863573269717,0.5566852140863359,1.4287633009335472
Rang 1 Long,price_atr,-12,3018,-0.3413846088831368,0.36174123061506336,1.1310695884265165
Rang 1 Long,price_atr,-11,3018,-0.5246229570074403,0.15832659535748195,0.8440872746300715
Rang 1 Long,price_atr,-10,3018,-0.7021964688938924,-0.058707455881569254,0.5537586764075741
Rang 1 Long,price_atr,-9,3018,-0.8890128431739249,-0.255227768356423,0.3510333404795416
Rang 1 Long,price_atr,-8,3018,-1.096907197269425,-0.4480974669956256,0.11506808047579062
Rang 1 Long,price_atr,-7,3018,-1.1985089625850975,-0.5969927606127966,-0.02970021206957718
Rang 1 Long,price_atr,-6,3018,-1.317368607558342,-0.686832708480111,-0.12965118614042964
Rang 1 Long,price_atr,-5,3018,-1.2862572048403356,-0.7279182312863819,-0.17631801170300498
Rang 1 Long,price_atr,-4,3018,-1.2425549095511084,-0.6539225358348443,-0.14489073091325197
Rang 1 Long,price_atr,-3,3018,-1.0927592482541884,-0.5573948827083548,-0.06692489419578107
Rang 1 Long,price_atr,-2,3018,-0.8346075420225809,-0.33756970443223067,0.08378362286074446
Rang 1 Long,price_atr,-1,3018,-0.49080382626966607,-0.1302306958059469,0.2020848920236112
Rang 1 Long,price_atr,0,3018,0.0,0.0,0.0
Rang 1 Long,price_atr,1,3018,-0.3516661012918227,-0.017546606742988313,0.3341014732044105
Rang 1 Long,price_atr,2,3018,-0.4858242636243233,0.02355324443130915,0.5196197744798403
Rang 1 Long,price_atr,3,3018,-0.5741389761926695,0.02808359891128921,0.596640388250721
Rang 1 Long,price_atr,4,3018,-0.664532772326233,0.032062860246984654,0.7467507382369256
Rang 1 Long,price_atr,5,3018,-0.7694105883332134,0.05334710195936479,0.795929901029765
Rang 1 Long,price_atr,6,3018,-0.8252621723389769,0.04311048639361431,0.869278224328898
Rang 1 Long,price_atr,7,3018,-0.8719040856329423,0.024775071796577026,0.9454037759580255
Rang 1 Long,price_atr,8,3018,-0.9216489814414712,0.03952206146843986,1.012051505333302
Rang 1 Long,price_atr,9,3018,-0.981086494074116,0.03193593301249466,1.043366816392812
Rang 1 Long,price_atr,10,3018,-1.05088134568163,0.03618436219584661,1.140905341800973
Rang 1 Long,price_atr,11,3018,-1.0492916561926093,0.018715697570319604,1.2507949881493936
Rang 1 Long,price_atr,12,3018,-1.079843102962098,0.033639624092502485,1.2959470690163364
Rang 1 Long,price_atr,13,3018,-1.162709009765188,0.016701666321455422,1.3711790003012523
Rang 1 Long,price_atr,14,3018,-1.2589636024615007,0.0037173133053619066,1.389705294909692
Rang 1 Long,price_atr,15,3018,-1.3090279195923888,0.006220881690448094,1.4743842157592666
Rang 1 Long,price_atr,16,3018,-1.3033715927887495,0.03332558692157368,1.5215542216187545
Rang 1 Long,price_atr,17,3018,-1.395684595209928,0.052568634441769235,1.5884855896912542
Rang 1 Long,price_atr,18,3018,-1.4214926749278456,0.04815125789128362,1.7095976932874497
Rang 1 Long,price_atr,19,3018,-1.5199077141088924,0.06264658288446512,1.7190439318687185
Rang 1 Long,price_atr,20,3018,-1.5560168845443862,0.04484758467375136,1.7313720426833528
Rang 1 Long,price_atr,21,3018,-1.6569817222146006,0.04755127922767599,1.7842697209368361
Rang 1 Long,price_atr,22,3018,-1.610890676209711,0.03626624244656537,1.8361337981624926
Rang 1 Long,price_atr,23,3018,-1.6440624325189586,0.10700650368596876,1.8961169303085104
Rang 1 Long,price_atr,24,3018,-1.8315116710056927,0.0773971071975221,1.9505500791830919
Rang 1 Long,price_atr,25,3018,-1.8210607912722612,0.06957802548324912,1.9989309905373251
Rang 1 Long,price_atr,26,3018,-1.8896212102818915,0.045458804777883145,1.980071279405547
Rang 1 Long,price_atr,27,3018,-1.888803399558641,0.10460593847618167,2.068150062116731
Rang 1 Long,price_atr,28,3018,-1.894111582191307,0.06172387506222346,2.125781677878395
Rang 1 Long,price_atr,29,3018,-1.9804903723916336,0.05452851172305233,2.2029359465784006
Rang 1 Long,price_atr,30,3018,-2.0267724384203483,0.07757793705705972,2.192641182660349
Rang 1 Long,price_atr,31,3018,-2.0723109327304603,0.05681313529103907,2.2398409612198633
Rang 1 Long,price_atr,32,3018,-2.072546198706858,0.09787986491110978,2.2867085438086012
Rang 1 Long,price_atr,33,3018,-2.1058318968989185,0.07393968551792612,2.3966384010264608
Rang 1 Long,price_atr,34,3018,-2.1508696988982567,0.1412240588290757,2.3746473620594446
Rang 1 Long,price_atr,35,3018,-2.147438660926246,0.08748975908134866,2.4766264541831737
Rang 1 Long,price_atr,36,3018,-2.144907973148045,0.17824151002568916,2.496940406747813
Rang 1 Long,price_atr,37,3018,-2.163534259124893,0.18547558195088196,2.563585299624119
Rang 1 Long,price_atr,38,3018,-2.2102766125807807,0.15636198321879066,2.581081185617628
Rang 1 Long,price_atr,39,3018,-2.266206218436421,0.15293091025967068,2.641671262215991
Rang 1 Long,price_atr,40,3018,-2.2516138397533894,0.20961628809519375,2.685743903888944
Rang 1 Long,price_atr,41,3018,-2.261940301642975,0.203665986954266,2.7171750272366224
Rang 1 Long,price_atr,42,3018,-2.2781120260556142,0.17139965209182736,2.6828509064453723
Rang 1 Long,price_atr,43,3018,-2.3828546094639065,0.15518353252346767,2.7370019688097047
Rang 1 Long,price_atr,44,3018,-2.3594490723120067,0.17855540472364026,2.7433803909191052
Rang 1 Long,price_atr,45,3018,-2.3594490723120067,0.2176040313879387,2.845546131356589
Rang 1 Long,price_atr,46,3018,-2.433255936159229,0.17928105380372378,2.839625059882321
Rang 1 Long,price_atr,47,3018,-2.4865044261884335,0.218271348700137,2.9192748330379885
Rang 1 Long,price_atr,48,3018,-2.46460545867649,0.2078722290999484,2.9414156686955666
Rang 1 Long,ts_oriented,-48,3018,-72.43586230890413,10.74558237097732,81.14119039277583
Rang 1 Long,ts_oriented,-47,3018,-70.2850392932341,12.276418670901833,80.56815322071091
Rang 1 Long,ts_oriented,-46,3018,-70.17103995813802,9.978639307598325,80.3327958161237
Rang 1 Long,ts_oriented,-45,3018,-71.24274782900254,11.322650927750068,83.70256241647989
Rang 1 Long,ts_oriented,-44,3018,-71.89660725595908,11.35641064164136,82.87758164294542
Rang 1 Long,ts_oriented,-43,3018,-71.04829876860788,12.45941307003382,82.19317824167159
Rang 1 Long,ts_oriented,-42,3018,-70.93000787464707,11.55049310221932,82.04926978819658
Rang 1 Long,ts_oriented,-41,3018,-72.44917909142899,10.495388705633726,81.32697230589012
Rang 1 Long,ts_oriented,-40,3018,-72.1028340933732,9.526989694871759,80.41375516021009
Rang 1 Long,ts_oriented,-39,3018,-76.27915375943545,8.917942895904641,78.36903903864497
Rang 1 Long,ts_oriented,-38,3018,-79.08776166420866,5.741907063900095,77.1668242737232
Rang 1 Long,ts_oriented,-37,3018,-79.08398270366789,-1.5081435722156584,75.15437391417454
Rang 1 Long,ts_oriented,-36,3018,-83.38297717967056,-7.86427804392309,73.59457755521711
Rang 1 Long,ts_oriented,-35,3018,-86.49629617787667,-15.682197298988612,70.72474702396335
Rang 1 Long,ts_oriented,-34,3018,-88.29004109949021,-16.903231994243704,67.73624327868163
Rang 1 Long,ts_oriented,-33,3018,-87.64781921147615,-24.107460555095464,62.42179884750478
Rang 1 Long,ts_oriented,-32,3018,-87.38095747226997,-29.54871170380607,62.49723408410253
Rang 1 Long,ts_oriented,-31,3018,-88.85687102438095,-34.05287686165696,60.14664078568781
Rang 1 Long,ts_oriented,-30,3018,-88.68720982085313,-33.412286645892706,60.64789919212804
Rang 1 Long,ts_oriented,-29,3018,-88.14599255044527,-31.82461476291735,62.118321900735864
Rang 1 Long,ts_oriented,-28,3018,-84.93929019614508,-26.244353606106372,65.8142802069603
Rang 1 Long,ts_oriented,-27,3018,-82.18224539634214,-18.54806068394092,71.60284794865558
Rang 1 Long,ts_oriented,-26,3018,-77.4901803912272,-8.827513333176293,77.01171181005918
Rang 1 Long,ts_oriented,-25,3018,-69.53948041337766,6.990279846967695,84.13711219179292
Rang 1 Long,ts_oriented,-24,3018,-60.64207225956422,23.79727611802327,88.64852831309975
Rang 1 Long,ts_oriented,-23,3018,-48.969579915257555,39.28495982750265,92.11353461313736
Rang 1 Long,ts_oriented,-22,3018,-32.469013875150445,52.14784350591026,95.23365251875006
Rang 1 Long,ts_oriented,-21,3018,-18.060570967185935,65.15709045565221,96.15959284646851
Rang 1 Long,ts_oriented,-20,3018,-0.7009403030619463,72.46200887498028,97.84484274611813
Rang 1 Long,ts_oriented,-19,3018,16.87820432171915,75.51273572838807,98.33564820715534
Rang 1 Long,ts_oriented,-18,3018,24.442452789455313,80.46851328041676,98.24027375331606
Rang 1 Long,ts_oriented,-17,3018,27.215800298981,81.49212906676368,97.34920490528467
Rang 1 Long,ts_oriented,-16,3018,27.32569352121484,77.7130581993963,96.05356855526847
Rang 1 Long,ts_oriented,-15,3018,19.185095818995222,71.07252255095884,93.75452345940928
Rang 1 Long,ts_oriented,-14,3018,-0.07128666193852062,60.82275077929371,89.58536908599487
Rang 1 Long,ts_oriented,-13,3018,-32.34029543727923,44.65206802435796,80.81742491614452
Rang 1 Long,ts_oriented,-12,3018,-66.12615441414955,24.45874359411171,65.29417637717066
Rang 1 Long,ts_oriented,-11,3018,-82.78938809760092,-2.405305758256545,45.35748219843585
Rang 1 Long,ts_oriented,-10,3018,-92.78433505349737,-40.29741209670972,23.35375435639835
Rang 1 Long,ts_oriented,-9,3018,-97.86770485355298,-70.99535613469575,-4.252853754466823
Rang 1 Long,ts_oriented,-8,3018,-100.0,-88.42560961699778,-43.16730779821911
Rang 1 Long,ts_oriented,-7,3018,-100.0,-94.1400132713502,-71.27517923463279
Rang 1 Long,ts_oriented,-6,3018,-100.0,-96.23193195070179,-84.97381608177321
Rang 1 Long,ts_oriented,-5,3018,-100.0,-95.84581930877769,-87.86339586043174
Rang 1 Long,ts_oriented,-4,3018,-97.49451937331388,-92.19794471263017,-82.88916825101782
Rang 1 Long,ts_oriented,-3,3018,-89.70064890489675,-81.17027707788912,-71.18328549012963
Rang 1 Long,ts_oriented,-2,3018,-73.42811855677041,-63.63364368650279,-55.55406649654951
Rang 1 Long,ts_oriented,-1,3018,-48.84517047554628,-41.53323355403445,-35.528874354460164
Rang 1 Long,ts_oriented,0,3018,-24.220687175552023,-17.492897380496338,-9.738712487535366
Rang 1 Long,ts_oriented,1,3018,-0.6878753688358424,11.973182047707038,27.630852244381764
Rang 1 Long,ts_oriented,2,3018,25.887306590812628,51.24162003983358,69.52052077243928
Rang 1 Long,ts_oriented,3,3018,63.984246843958196,81.37889420217799,91.71803561187552
Rang 1 Long,ts_oriented,4,3018,83.037814244352,94.59365242992362,100.0
Rang 1 Long,ts_oriented,5,3018,80.56566809665543,98.43426048273788,100.0
Rang 1 Long,ts_oriented,6,3018,64.63249935227898,94.36101228733054,100.0
Rang 1 Long,ts_oriented,7,3018,44.48650115683291,85.31306011247301,97.75635358725859
Rang 1 Long,ts_oriented,8,3018,25.473318280440395,72.28216172370513,93.03403988091077
Rang 1 Long,ts_oriented,9,3018,1.1484473360107743,57.08255493549785,85.7748447811502
Rang 1 Long,ts_oriented,10,3018,-21.436698591953757,42.17389758821181,77.28446521780336
Rang 1 Long,ts_oriented,11,3018,-44.54145884435538,26.92054197570372,69.61326866848722
Rang 1 Long,ts_oriented,12,3018,-65.17476011310409,10.753722281884773,62.20564185352264
Rang 1 Long,ts_oriented,13,3018,-77.06508651309105,-5.794673438852408,58.00399769507953
Rang 1 Long,ts_oriented,14,3018,-87.07923011885786,-26.695675111966715,50.4380159302421
Rang 1 Long,ts_oriented,15,3018,-90.31014036466658,-44.8805499976971,45.94328450838964
Rang 1 Long,ts_oriented,16,3018,-93.03831005575944,-51.368327387665715,45.0861731703057
Rang 1 Long,ts_oriented,17,3018,-93.86216610990536,-50.26059271174053,43.68472256042305
Rang 1 Long,ts_oriented,18,3018,-92.62299928751082,-48.927904462795524,46.73727478816051
Rang 1 Long,ts_oriented,19,3018,-90.70916488994624,-41.023844605718736,52.89698118973358
Rang 1 Long,ts_oriented,20,3018,-88.26717847358901,-36.10950939454655,59.117299806195525
Rang 1 Long,ts_oriented,21,3018,-85.04298398408152,-28.080023646711858,63.704014116113264
Rang 1 Long,ts_oriented,22,3018,-81.62321823598917,-19.856881931318497,70.23607471619715
Rang 1 Long,ts_oriented,23,3018,-78.98279675284617,-12.078136343964552,74.18436703081036
Rang 1 Long,ts_oriented,24,3018,-74.69721724581996,-4.820836185205065,77.42177427511167
Rang 1 Long,ts_oriented,25,3018,-71.69760237938345,4.599469343581122,80.09355136757372
Rang 1 Long,ts_oriented,26,3018,-70.68629343830364,8.472856620875127,81.8439432727057
Rang 1 Long,ts_oriented,27,3018,-67.92828382089725,12.915133271040798,83.2056621709126
Rang 1 Long,ts_oriented,28,3018,-68.2242198942643,16.09881739155448,85.0534989602669
Rang 1 Long,ts_oriented,29,3018,-66.24958515401883,18.052924460438405,84.7453073724246
Rang 1 Long,ts_oriented,30,3018,-67.54722761621579,21.051572113636574,83.96963544863362
Rang 1 Long,ts_oriented,31,3018,-68.76518251310277,21.317894923111087,83.72033980438229
Rang 1 Long,ts_oriented,32,3018,-68.70049828174284,22.28997281475409,83.98383324701207
Rang 1 Long,ts_oriented,33,3018,-70.0674835616331,19.025469347807846,84.69984515738606
Rang 1 Long,ts_oriented,34,3018,-70.69031268816573,15.93111521984194,85.12414884140374
Rang 1 Long,ts_oriented,35,3018,-72.51578322740475,12.517347071566329,83.91953342513159
Rang 1 Long,ts_oriented,36,3018,-74.41755574449756,13.64939669126378,82.69768822765992
Rang 1 Long,ts_oriented,37,3018,-74.44157623605652,12.241929919150712,80.22077655264339
Rang 1 Long,ts_oriented,38,3018,-74.76126528439447,9.363144228353502,80.69841949515036
Rang 1 Long,ts_oriented,39,3018,-73.77653724318155,5.9340109003388335,79.13279441237913
Rang 1 Long,ts_oriented,40,3018,-76.02506118141847,1.6933611186709285,78.45995502886487
Rang 1 Long,ts_oriented,41,3018,-76.46323225831829,-0.3082398306384704,76.5796650037855
Rang 1 Long,ts_oriented,42,3018,-76.95142725491088,-1.4699868962381129,75.25937627138869
Rang 1 Long,ts_oriented,43,3018,-78.35785335128149,-0.2509860517549842,74.51525092427232
Rang 1 Long,ts_oriented,44,3018,-79.36385164732444,-0.9050343058993823,76.04332707346488
Rang 1 Long,ts_oriented,45,3018,-79.45411963600604,-1.9964356458003987,75.25135759330239
Rang 1 Long,ts_oriented,46,3018,-78.60504611788797,-2.3284042364273665,75.67755903801577
Rang 1 Long,ts_oriented,47,3018,-78.72645397144198,-5.597417178348922,76.87249784687828
Rang 1 Long,ts_oriented,48,3018,-78.77077595832334,-6.6415054151984565,77.22331206685797
Rang 1 Long,x1_atr_oriented,-48,3018,-0.19405515625640166,0.02332679939482422,0.23734469040908815
Rang 1 Long,x1_atr_oriented,-47,3018,-0.18608874331277447,0.024698085570110315,0.23339846916907048
Rang 1 Long,x1_atr_oriented,-46,3018,-0.18278422241058606,0.02475711555256501,0.23915229977994618
Rang 1 Long,x1_atr_oriented,-45,3018,-0.18157408886713455,0.025137852942064387,0.24565807766831077
Rang 1 Long,x1_atr_oriented,-44,3018,-0.17856398113260735,0.02368295396603788,0.25081813529852315
Rang 1 Long,x1_atr_oriented,-43,3018,-0.1707167322499071,0.024668012317566143,0.2468787559189825
Rang 1 Long,x1_atr_oriented,-42,3018,-0.17267934306127036,0.021206502737605486,0.2489605229239673
Rang 1 Long,x1_atr_oriented,-41,3018,-0.1734648410922682,0.020487354061131134,0.24438765539467866
Rang 1 Long,x1_atr_oriented,-40,3018,-0.18434298663340737,0.026240352183978584,0.24052641593680552
Rang 1 Long,x1_atr_oriented,-39,3018,-0.19818617129277794,0.019018192979050094,0.22567420548895623
Rang 1 Long,x1_atr_oriented,-38,3018,-0.19820015677674652,0.006566332325237178,0.21928235370968613
Rang 1 Long,x1_atr_oriented,-37,3018,-0.22414644900121644,-0.014859092760559814,0.20722237355612164
Rang 1 Long,x1_atr_oriented,-36,3018,-0.2384313186581301,-0.026741053338762623,0.19394410285209074
Rang 1 Long,x1_atr_oriented,-35,3018,-0.26343180194841276,-0.0309932776771582,0.180075441653411
Rang 1 Long,x1_atr_oriented,-34,3018,-0.27933581844673183,-0.041610275330147176,0.17103522174185165
Rang 1 Long,x1_atr_oriented,-33,3018,-0.2871515413624228,-0.05827884328479083,0.1616672516884248
Rang 1 Long,x1_atr_oriented,-32,3018,-0.29866616685964015,-0.0635201968980595,0.14382657135498927
Rang 1 Long,x1_atr_oriented,-31,3018,-0.3011878863303055,-0.07753278092148425,0.13688290265846276
Rang 1 Long,x1_atr_oriented,-30,3018,-0.30799234086776506,-0.07514554696062326,0.13776421473312936
Rang 1 Long,x1_atr_oriented,-29,3018,-0.3077549324282752,-0.07086208309467588,0.14724277217968398
Rang 1 Long,x1_atr_oriented,-28,3018,-0.29239640412817636,-0.048157032710720686,0.15970264401030515
Rang 1 Long,x1_atr_oriented,-27,3018,-0.2755509389884257,-0.028701359904689215,0.18168619304704683
Rang 1 Long,x1_atr_oriented,-26,3018,-0.2418157768608653,-0.0027259771860416414,0.21141128897890296
Rang 1 Long,x1_atr_oriented,-25,3018,-0.20326580719531906,0.02931364192522133,0.24346220920183553
Rang 1 Long,x1_atr_oriented,-24,3018,-0.1581661677120948,0.06567186600246366,0.2802482704965277
Rang 1 Long,x1_atr_oriented,-23,3018,-0.1127459848615564,0.10026913499683116,0.3079144926902352
Rang 1 Long,x1_atr_oriented,-22,3018,-0.06079180049725971,0.13344143457852745,0.3496295603145871
Rang 1 Long,x1_atr_oriented,-21,3018,-0.021918030897619498,0.16982272396664277,0.39489389892561994
Rang 1 Long,x1_atr_oriented,-20,3018,0.01922363710200079,0.1950979467833907,0.42368448281926885
Rang 1 Long,x1_atr_oriented,-19,3018,0.04419701574936641,0.22451464263724102,0.45689228252622854
Rang 1 Long,x1_atr_oriented,-18,3018,0.06097604105484014,0.24411869093769642,0.4791431787129093
Rang 1 Long,x1_atr_oriented,-17,3018,0.0660266976971689,0.2572786709499114,0.47659450111871465
Rang 1 Long,x1_atr_oriented,-16,3018,0.05829085042024937,0.24820223258298074,0.4535637129601602
Rang 1 Long,x1_atr_oriented,-15,3018,0.022553353701672222,0.22452982465296867,0.4144375815896283
Rang 1 Long,x1_atr_oriented,-14,3018,-0.0374267153603033,0.17718961220878304,0.36736854178206263
Rang 1 Long,x1_atr_oriented,-13,3018,-0.10853270176531737,0.11004620261513956,0.29888230026416934
Rang 1 Long,x1_atr_oriented,-12,3018,-0.18155611332637234,0.029527233547248233,0.21296088751571776
Rang 1 Long,x1_atr_oriented,-11,3018,-0.25517640318161006,-0.06319901019506108,0.11819494475561046
Rang 1 Long,x1_atr_oriented,-10,3018,-0.3300379069119554,-0.15140498625383628,0.023869120298620934
Rang 1 Long,x1_atr_oriented,-9,3018,-0.4020999953269294,-0.2236282849840538,-0.0699785308944617
Rang 1 Long,x1_atr_oriented,-8,3018,-0.46352678951396237,-0.2865514017958048,-0.1462016017450384
Rang 1 Long,x1_atr_oriented,-7,3018,-0.5013635721101669,-0.3370898376824475,-0.2028796453213184
Rang 1 Long,x1_atr_oriented,-6,3018,-0.520128570787787,-0.36808215136033834,-0.240863995604583
Rang 1 Long,x1_atr_oriented,-5,3018,-0.5086267340978303,-0.3722966125626713,-0.2612689590134329
Rang 1 Long,x1_atr_oriented,-4,3018,-0.45984223390962364,-0.3459962638708184,-0.2514419466944275
Rang 1 Long,x1_atr_oriented,-3,3018,-0.3815045797628377,-0.29027686938922687,-0.21533719919560554
Rang 1 Long,x1_atr_oriented,-2,3018,-0.27298604584778424,-0.2034888631507005,-0.14881979100647433
Rang 1 Long,x1_atr_oriented,-1,3018,-0.14282152491740455,-0.09888062157117936,-0.06350828989337524
Rang 1 Long,x1_atr_oriented,0,3018,-0.033433431428429985,0.0025980768280760907,0.03930132023924034
Rang 1 Long,x1_atr_oriented,1,3018,0.04233475066188675,0.09706803871747299,0.15680384210781825
Rang 1 Long,x1_atr_oriented,2,3018,0.09272099406848763,0.1806990503735002,0.26509580857653087
Rang 1 Long,x1_atr_oriented,3,3018,0.12403170606807956,0.23730158833192996,0.3466941331593874
Rang 1 Long,x1_atr_oriented,4,3018,0.13540087299015777,0.27017968668510667,0.4053661410374288
Rang 1 Long,x1_atr_oriented,5,3018,0.12639087469811222,0.2841168447786117,0.441149501509956
Rang 1 Long,x1_atr_oriented,6,3018,0.09386916451546301,0.2702317220167112,0.442378955774238
Rang 1 Long,x1_atr_oriented,7,3018,0.057902965786458684,0.2354680478517954,0.4102578699847299
Rang 1 Long,x1_atr_oriented,8,3018,0.023005158140812304,0.18685664504423827,0.37462571446200554
Rang 1 Long,x1_atr_oriented,9,3018,-0.027589625719218136,0.1407961456927483,0.3200035041026684
Rang 1 Long,x1_atr_oriented,10,3018,-0.07254982961335851,0.09414291387094781,0.26973768911877977
Rang 1 Long,x1_atr_oriented,11,3018,-0.12231289523537187,0.04563965220950439,0.22064615609495952
Rang 1 Long,x1_atr_oriented,12,3018,-0.16639682204900036,0.0019226592853794156,0.17317162741003878
Rang 1 Long,x1_atr_oriented,13,3018,-0.19638844379745204,-0.04051744113400562,0.1483459140766552
Rang 1 Long,x1_atr_oriented,14,3018,-0.22956653924716816,-0.07561214072394344,0.12071839759710698
Rang 1 Long,x1_atr_oriented,15,3018,-0.2679827878561036,-0.09570005728955117,0.09921793345869082
Rang 1 Long,x1_atr_oriented,16,3018,-0.2907545633609445,-0.10116799215780423,0.09114485475155562
Rang 1 Long,x1_atr_oriented,17,3018,-0.2930294880234884,-0.1036022682080695,0.09092957799624488
Rang 1 Long,x1_atr_oriented,18,3018,-0.293564942867053,-0.09366573932529246,0.10324992391058424
Rang 1 Long,x1_atr_oriented,19,3018,-0.2861925700573292,-0.08675049909251958,0.11520817517295912
Rang 1 Long,x1_atr_oriented,20,3018,-0.27480304110717513,-0.06805181664767007,0.12165653274011685
Rang 1 Long,x1_atr_oriented,21,3018,-0.2546543583507159,-0.05362804903998203,0.14028510716154885
Rang 1 Long,x1_atr_oriented,22,3018,-0.23767818312372488,-0.03319909006624035,0.16237907432545706
Rang 1 Long,x1_atr_oriented,23,3018,-0.22417301482313787,-0.013952926923963917,0.18060084133950832
Rang 1 Long,x1_atr_oriented,24,3018,-0.2063377522752648,0.0040335924996829555,0.20026623103937372
Rang 1 Long,x1_atr_oriented,25,3018,-0.1915596788286315,0.011221855565675887,0.21099927771372476
Rang 1 Long,x1_atr_oriented,26,3018,-0.18638251900339772,0.023330955916624093,0.22222754810300133
Rang 1 Long,x1_atr_oriented,27,3018,-0.16865200031479333,0.027146034987412502,0.22765098736476164
Rang 1 Long,x1_atr_oriented,28,3018,-0.15856213715081663,0.03390330304591527,0.22660843664284278
Rang 1 Long,x1_atr_oriented,29,3018,-0.15572440723644979,0.03835589315900438,0.22746648254157387
Rang 1 Long,x1_atr_oriented,30,3018,-0.15436147111169188,0.04215466363249223,0.2401224016470453
Rang 1 Long,x1_atr_oriented,31,3018,-0.16769120672812318,0.04460091352109479,0.2403665912420046
Rang 1 Long,x1_atr_oriented,32,3018,-0.1689890888876819,0.04326999743336754,0.23829470012003842
Rang 1 Long,x1_atr_oriented,33,3018,-0.16868104607242235,0.032545601979099684,0.2481168614649792
Rang 1 Long,x1_atr_oriented,34,3018,-0.1803816437973718,0.029604687691660497,0.24614272426921577
Rang 1 Long,x1_atr_oriented,35,3018,-0.1846485215899457,0.02513219622424445,0.23686355747844173
Rang 1 Long,x1_atr_oriented,36,3018,-0.1911159391716823,0.024417148949041463,0.23059522070633887
Rang 1 Long,x1_atr_oriented,37,3018,-0.19052795526879537,0.017648610852776102,0.22944996223457317
Rang 1 Long,x1_atr_oriented,38,3018,-0.19293354817430183,0.014433681457494098,0.2211984666783573
Rang 1 Long,x1_atr_oriented,39,3018,-0.1978997991282371,0.008419528824499714,0.21835637273802486
Rang 1 Long,x1_atr_oriented,40,3018,-0.1939824135808672,0.0012485778183584,0.20866309814329068
Rang 1 Long,x1_atr_oriented,41,3018,-0.1994372380378059,-0.0024326566902880464,0.20934707127218277
Rang 1 Long,x1_atr_oriented,42,3018,-0.20120571525781086,0.003025644001723304,0.20778440876322432
Rang 1 Long,x1_atr_oriented,43,3018,-0.20893478575622618,0.0012403792520087433,0.20846032456069488
Rang 1 Long,x1_atr_oriented,44,3018,-0.20269068260051107,-0.006271812040080961,0.20125600080275502
Rang 1 Long,x1_atr_oriented,45,3018,-0.1997549517456238,-0.0042332160575329165,0.2014476477381839
Rang 1 Long,x1_atr_oriented,46,3018,-0.2040797866449146,-0.006682446692953881,0.2001178202835296
Rang 1 Long,x1_atr_oriented,47,3018,-0.20932710539380062,-0.011690873529771013,0.20633032481956162
Rang 1 Long,x1_atr_oriented,48,3018,-0.2130396780100217,-0.006384927712991549,0.20343816461157468
Rang 1 Long,nis_z_100,-48,3018,-0.5979732147735538,-0.3737465617256004,0.2366105038747604
Rang 1 Long,nis_z_100,-47,3018,-0.5930675399922307,-0.3799326657933898,0.22544224872788274
Rang 1 Long,nis_z_100,-46,3018,-0.5884915538641975,-0.3711263111318615,0.22867668757489026
Rang 1 Long,nis_z_100,-45,3018,-0.594122417052876,-0.3830278851305349,0.18803533291671518
Rang 1 Long,nis_z_100,-44,3018,-0.6007121804982731,-0.38179960366947163,0.22135214464743783
Rang 1 Long,nis_z_100,-43,3018,-0.5917640477763135,-0.3743935067158786,0.1585152367681674
Rang 1 Long,nis_z_100,-42,3018,-0.6019309390056247,-0.3946420670795211,0.14014128740737028
Rang 1 Long,nis_z_100,-41,3018,-0.6014854075478364,-0.39914591432082347,0.16380219493865897
Rang 1 Long,nis_z_100,-40,3018,-0.6066448840737391,-0.3887357450712382,0.19814123027088068
Rang 1 Long,nis_z_100,-39,3018,-0.5920699752201775,-0.3888105616927714,0.16400196898712993
Rang 1 Long,nis_z_100,-38,3018,-0.5907954972486729,-0.40104310472152305,0.16224128912700048
Rang 1 Long,nis_z_100,-37,3018,-0.5853572254529453,-0.3679705076109393,0.2335830661617452
Rang 1 Long,nis_z_100,-36,3018,-0.5931691893341067,-0.3714153307898478,0.23497271300289066
Rang 1 Long,nis_z_100,-35,3018,-0.5999585314552383,-0.38322155363405297,0.19158108849706632
Rang 1 Long,nis_z_100,-34,3018,-0.6008658347351036,-0.380324385616741,0.224953738496338
Rang 1 Long,nis_z_100,-33,3018,-0.6079654632157441,-0.38815400683097534,0.2286131702542949
Rang 1 Long,nis_z_100,-32,3018,-0.5966024591773091,-0.3783553842740923,0.23675704526246738
Rang 1 Long,nis_z_100,-31,3018,-0.5932247173057269,-0.36343114301046564,0.25634159988536115
Rang 1 Long,nis_z_100,-30,3018,-0.5888333780347769,-0.3679324002987123,0.24235175839742862
Rang 1 Long,nis_z_100,-29,3018,-0.5993755833828083,-0.3893548313410753,0.18747996299110684
Rang 1 Long,nis_z_100,-28,3018,-0.5969809474903892,-0.3860192026993194,0.1743783635806338
Rang 1 Long,nis_z_100,-27,3018,-0.5894707166508004,-0.37626915526079246,0.2064051990529379
Rang 1 Long,nis_z_100,-26,3018,-0.5876951955046575,-0.37394803274729055,0.2298655316408149
Rang 1 Long,nis_z_100,-25,3018,-0.5946231047617426,-0.3555009262290609,0.3626192894881726
Rang 1 Long,nis_z_100,-24,3018,-0.5783916760504672,-0.3399900960266782,0.354295510626887
Rang 1 Long,nis_z_100,-23,3018,-0.5881644249540805,-0.3333927359172666,0.4409300216080906
Rang 1 Long,nis_z_100,-22,3018,-0.5808280110112027,-0.3301587978319298,0.3585801244257831
Rang 1 Long,nis_z_100,-21,3018,-0.5847994731836224,-0.3390476566756948,0.3726647406921536
Rang 1 Long,nis_z_100,-20,3018,-0.5835264649133036,-0.3478259122234697,0.3087096036829585
Rang 1 Long,nis_z_100,-19,3018,-0.5983747652901751,-0.38841105235095386,0.18321806393780843
Rang 1 Long,nis_z_100,-18,3018,-0.6053654463066928,-0.4034689157291601,0.07977715365317146
Rang 1 Long,nis_z_100,-17,3018,-0.6084569660357877,-0.4161105340777117,0.01703553597109264
Rang 1 Long,nis_z_100,-16,3018,-0.618096185472881,-0.4250260677994361,0.05695635259458549
Rang 1 Long,nis_z_100,-15,3018,-0.6122338410189747,-0.4102546148951005,0.1427223797557299
Rang 1 Long,nis_z_100,-14,3018,-0.5891478014981659,-0.3604555063931597,0.2922875553302498
Rang 1 Long,nis_z_100,-13,3018,-0.5721128517007958,-0.3010705312212114,0.5617808188536327
Rang 1 Long,nis_z_100,-12,3018,-0.5444727477167703,-0.20157670994318816,0.7267583956966401
Rang 1 Long,nis_z_100,-11,3018,-0.522089294278048,-0.1217449224441024,0.8410785192518951
Rang 1 Long,nis_z_100,-10,3018,-0.5064809155751687,-0.12941235347575686,0.8596680680560318
Rang 1 Long,nis_z_100,-9,3018,-0.5295947439287655,-0.1950324428068187,0.5669918285404002
Rang 1 Long,nis_z_100,-8,3018,-0.5615976905463318,-0.30592982510268885,0.29090977129314993
Rang 1 Long,nis_z_100,-7,3018,-0.6099803329424252,-0.4343303630821807,-0.05074909940233554
Rang 1 Long,nis_z_100,-6,3018,-0.6512647780376172,-0.5071095639297689,-0.285706049601425
Rang 1 Long,nis_z_100,-5,3018,-0.6835670187631926,-0.5561979123610399,-0.3821087194160694
Rang 1 Long,nis_z_100,-4,3018,-0.6709779760931844,-0.5313465672768631,-0.2963915730548755
Rang 1 Long,nis_z_100,-3,3018,-0.6009243558078627,-0.41721476661083123,0.01573403269604154
Rang 1 Long,nis_z_100,-2,3018,-0.4702927829173833,-0.14170780570516908,0.5215727895409752
Rang 1 Long,nis_z_100,-1,3018,-0.33977862179492524,0.1319751871066513,1.007145455541894
Rang 1 Long,nis_z_100,0,3018,-0.3173649550311497,0.18728352854684857,1.1508299282850067
Rang 1 Long,nis_z_100,1,3018,-0.4478308804854166,-0.036922387560769224,0.885706252761352
Rang 1 Long,nis_z_100,2,3018,-0.5307078182926752,-0.20617859663846821,0.5515506537568037
Rang 1 Long,nis_z_100,3,3018,-0.6027687230964742,-0.3979026176710835,0.14580979130851762
Rang 1 Long,nis_z_100,4,3018,-0.6446410581314246,-0.48734528719206527,-0.13325000056956784
Rang 1 Long,nis_z_100,5,3018,-0.6749486013094332,-0.5379200061311976,-0.29593105877097775
Rang 1 Long,nis_z_100,6,3018,-0.6668817836595002,-0.5340097798519208,-0.3120844633641163
Rang 1 Long,nis_z_100,7,3018,-0.6445724083751788,-0.4938476566391675,-0.2022264142567657
Rang 1 Long,nis_z_100,8,3018,-0.6090702352702985,-0.44378390990878064,-0.03000068411527889
Rang 1 Long,nis_z_100,9,3018,-0.5841555028006171,-0.3659386451809081,0.17208214285576304
Rang 1 Long,nis_z_100,10,3018,-0.5774559583193903,-0.33798035646173374,0.3361898834694057
Rang 1 Long,nis_z_100,11,3018,-0.5702362824911424,-0.31926118181145596,0.322279884442478
Rang 1 Long,nis_z_100,12,3018,-0.5900529211853967,-0.348836175669754,0.27346804026071436
Rang 1 Long,nis_z_100,13,3018,-0.6003392738208189,-0.3843978648322894,0.23510656027843618
Rang 1 Long,nis_z_100,14,3018,-0.6071811959391067,-0.3978221163398844,0.19176025767706803
Rang 1 Long,nis_z_100,15,3018,-0.607449834400638,-0.4017456988172582,0.15660718284559885
Rang 1 Long,nis_z_100,16,3018,-0.606856825975515,-0.41528722114519334,0.09165040136189068
Rang 1 Long,nis_z_100,17,3018,-0.6098047474968665,-0.40110408348262494,0.06888211688376045
Rang 1 Long,nis_z_100,18,3018,-0.6181408762722088,-0.41581605657683984,0.11346740406854841
Rang 1 Long,nis_z_100,19,3018,-0.6061700824563103,-0.40886058343384046,0.10858507865055862
Rang 1 Long,nis_z_100,20,3018,-0.5996236590034135,-0.4042184967652342,0.14512189665488673
Rang 1 Long,nis_z_100,21,3018,-0.5926974391442174,-0.4030136271575486,0.15901715356450646
Rang 1 Long,nis_z_100,22,3018,-0.6125010376373645,-0.4127996327580194,0.13090305475551856
Rang 1 Long,nis_z_100,23,3018,-0.6129733841005451,-0.4053564792615547,0.14362525399446757
Rang 1 Long,nis_z_100,24,3018,-0.6090064034144682,-0.40877521552094387,0.09443835712127902
Rang 1 Long,nis_z_100,25,3018,-0.6015597052945276,-0.3927801017309287,0.11903262998842458
Rang 1 Long,nis_z_100,26,3018,-0.6116012594749329,-0.40765387856104335,0.1997014860207326
Rang 1 Long,nis_z_100,27,3018,-0.6043914201992286,-0.4003933049115789,0.1542252595874638
Rang 1 Long,nis_z_100,28,3018,-0.6043881917665976,-0.41428117916129553,0.13522311010627835
Rang 1 Long,nis_z_100,29,3018,-0.5962719087901596,-0.4044816248791582,0.1275034506079369
Rang 1 Long,nis_z_100,30,3018,-0.603718797019124,-0.39912063730945674,0.17655458278573713
Rang 1 Long,nis_z_100,31,3018,-0.599982855319185,-0.40278071622926515,0.2099650183178784
Rang 1 Long,nis_z_100,32,3018,-0.5981808858923049,-0.37536922133585116,0.1857377431790128
Rang 1 Long,nis_z_100,33,3018,-0.6004760254093173,-0.40205309203023715,0.1687178078356684
Rang 1 Long,nis_z_100,34,3018,-0.6065903046448672,-0.40796132461232937,0.13614487162583877
Rang 1 Long,nis_z_100,35,3018,-0.6107787249796146,-0.4037109214071945,0.17262331932726266
Rang 1 Long,nis_z_100,36,3018,-0.5996284115070564,-0.39220201148399486,0.14678396138915706
Rang 1 Long,nis_z_100,37,3018,-0.6086599025656501,-0.39787861058556206,0.1741318623172338
Rang 1 Long,nis_z_100,38,3018,-0.5987293941241281,-0.3814324884206559,0.19855929631954433
Rang 1 Long,nis_z_100,39,3018,-0.598694001414606,-0.3830933948718031,0.19206181317454096
Rang 1 Long,nis_z_100,40,3018,-0.595656704877323,-0.37661228137563074,0.19390295730577253
Rang 1 Long,nis_z_100,41,3018,-0.6136744841875098,-0.39972464663418766,0.1661105906934079
Rang 1 Long,nis_z_100,42,3018,-0.607220165912608,-0.39341998821758783,0.14505385337539012
Rang 1 Long,nis_z_100,43,3018,-0.6026548640910672,-0.39069603596937763,0.1630861140083313
Rang 1 Long,nis_z_100,44,3018,-0.6038704772299888,-0.39031056864842884,0.18304869334242233
Rang 1 Long,nis_z_100,45,3018,-0.6103352811767496,-0.3963716190846138,0.15217120828837863
Rang 1 Long,nis_z_100,46,3018,-0.598027789706032,-0.39828624371770804,0.1492459922283663
Rang 1 Long,nis_z_100,47,3018,-0.6019382607901771,-0.402181361817375,0.13933006536790357
Rang 1 Long,nis_z_100,48,3018,-0.5968005214975737,-0.3964534852859112,0.16338928703195182
Rang 1 Short,price_atr,-48,3019,-2.605470093660127,0.16969488291714788,3.2121645912543135
Rang 1 Short,price_atr,-47,3019,-2.448023091067148,0.2316031336063951,3.188110997934406
Rang 1 Short,price_atr,-46,3019,-2.3827299411457723,0.2522635003152834,3.0764364499425456
Rang 1 Short,price_atr,-45,3019,-2.366246599332248,0.2397160740981239,3.0919046223824846
Rang 1 Short,price_atr,-44,3019,-2.358954964829475,0.23803228035836005,3.008631689690495
Rang 1 Short,price_atr,-43,3019,-2.248062681004953,0.28013426081086235,3.046157642985527
Rang 1 Short,price_atr,-42,3019,-2.2554105256218873,0.3462897510528416,2.9445601642993546
Rang 1 Short,price_atr,-41,3019,-2.2289324458600963,0.25185894135196507,2.8849319242111626
Rang 1 Short,price_atr,-40,3019,-2.1412607910659105,0.2764727124423678,2.846762686326173
Rang 1 Short,price_atr,-39,3019,-2.1259765376172477,0.2356072721229207,2.6868762751843174
Rang 1 Short,price_atr,-38,3019,-2.0476127898415806,0.285239790749979,2.5695418392009572
Rang 1 Short,price_atr,-37,3019,-2.0860006955444472,0.18880745723063055,2.4753633240218162
Rang 1 Short,price_atr,-36,3019,-2.093632927294065,0.09219345294414613,2.274055567617206
Rang 1 Short,price_atr,-35,3019,-2.1306429721409814,0.011443937705982966,2.0860820168447285
Rang 1 Short,price_atr,-34,3019,-2.2115658154241897,-0.0770250500366324,1.964183963103849
Rang 1 Short,price_atr,-33,3019,-2.19728533621367,-0.22429907189321865,1.8387304607301238
Rang 1 Short,price_atr,-32,3019,-2.2525346908026647,-0.25697371911174366,1.743581224412782
Rang 1 Short,price_atr,-31,3019,-2.237404027855262,-0.35035496950690453,1.6178217198072553
Rang 1 Short,price_atr,-30,3019,-2.3327431652359536,-0.4447236597912003,1.5050659678395908
Rang 1 Short,price_atr,-29,3019,-2.294466524664226,-0.4990390504710274,1.4133270541330816
Rang 1 Short,price_atr,-28,3019,-2.1811716792635307,-0.4542898633328063,1.3895515877756501
Rang 1 Short,price_atr,-27,3019,-2.120224552540461,-0.4050754020564778,1.482140514563739
Rang 1 Short,price_atr,-26,3019,-1.9610575805904165,-0.3184581599889464,1.5944459170764538
Rang 1 Short,price_atr,-25,3019,-1.7806362672462295,-0.191614871536066,1.7068774947456689
Rang 1 Short,price_atr,-24,3019,-1.5625829104701037,-0.021777761873405365,1.8111973184108552
Rang 1 Short,price_atr,-23,3019,-1.3921263306286953,0.08984271902858097,1.9688097348821558
Rang 1 Short,price_atr,-22,3019,-1.1094091937475274,0.3011182681901205,2.1326683561987747
Rang 1 Short,price_atr,-21,3019,-0.9004380800271277,0.44472252767755527,2.1917375801963166
Rang 1 Short,price_atr,-20,3019,-0.6854402743269413,0.6414947256836887,2.2591111395440886
Rang 1 Short,price_atr,-19,3019,-0.46057840566384156,0.7707146490698026,2.29799964585368
Rang 1 Short,price_atr,-18,3019,-0.29919440387802965,0.8631176043508569,2.2161707975699354
Rang 1 Short,price_atr,-17,3019,-0.1634518344156461,0.9234029184871284,2.195146526020052
Rang 1 Short,price_atr,-16,3019,-0.10668825293050752,0.8822456739382606,2.116144636742708
Rang 1 Short,price_atr,-15,3019,-0.14542184189232876,0.8520052078048606,1.9898555091772188
Rang 1 Short,price_atr,-14,3019,-0.16951743741524616,0.7474073754183538,1.7795568146758298
Rang 1 Short,price_atr,-13,3019,-0.20443955909165165,0.6351306554625701,1.5677622037007928
Rang 1 Short,price_atr,-12,3019,-0.33933186529214143,0.42392868333219214,1.236433553929949
Rang 1 Short,price_atr,-11,3019,-0.514719527608448,0.19795494711738615,0.9222191317137425
Rang 1 Short,price_atr,-10,3019,-0.7042309259379036,-0.025884127062740073,0.6526631839994305
Rang 1 Short,price_atr,-9,3019,-0.8919468236986379,-0.23571563185375302,0.3968405590312292
Rang 1 Short,price_atr,-8,3019,-1.0778277952248594,-0.40203860266347835,0.1808410716396549
Rang 1 Short,price_atr,-7,3019,-1.2091334829298899,-0.5548445898856768,0.030179501953858566
Rang 1 Short,price_atr,-6,3019,-1.2822315841028469,-0.6416756507536526,-0.1002790043989313
Rang 1 Short,price_atr,-5,3019,-1.3054226622529481,-0.6828895355605425,-0.11320389239929467
Rang 1 Short,price_atr,-4,3019,-1.2433821315288331,-0.6482899180918051,-0.12256984507900955
Rang 1 Short,price_atr,-3,3019,-1.1067295656032576,-0.5301134503539843,-0.03936758523271541
Rang 1 Short,price_atr,-2,3019,-0.865012337652569,-0.3489657710843391,0.11578243216978057
Rang 1 Short,price_atr,-1,3019,-0.508350086836412,-0.11714931926037218,0.221287000482505
Rang 1 Short,price_atr,0,3019,-0.0,0.0,-0.0
Rang 1 Short,price_atr,1,3019,-0.3823464498011291,-0.006029672561073572,0.3565066855362702
Rang 1 Short,price_atr,2,3019,-0.5218992435874987,-0.03177622593505917,0.4775617240262728
Rang 1 Short,price_atr,3,3019,-0.6222363858168863,-0.0275452988565482,0.615931792624854
Rang 1 Short,price_atr,4,3019,-0.702178939766129,-0.04268637993637298,0.6657833980223532
Rang 1 Short,price_atr,5,3019,-0.7966413761975659,-0.015672939983019878,0.7643036927970229
Rang 1 Short,price_atr,6,3019,-0.9018863739801427,-0.03861053943544955,0.8303783157579594
Rang 1 Short,price_atr,7,3019,-0.955898663112094,-0.061261991372969525,0.9176542036427136
Rang 1 Short,price_atr,8,3019,-0.9831761406835419,-0.09583494428299899,0.9623048189153403
Rang 1 Short,price_atr,9,3019,-1.1277714271393813,-0.09096105759205632,1.0029442981194967
Rang 1 Short,price_atr,10,3019,-1.1542249711153525,-0.04754403656769665,1.0511161722752083
Rang 1 Short,price_atr,11,3019,-1.2303086446082308,-0.0709404511981319,1.116098051106643
Rang 1 Short,price_atr,12,3019,-1.3157684866168502,-0.10329554802573825,1.1849518909525518
Rang 1 Short,price_atr,13,3019,-1.370840318512299,-0.09384867863368447,1.1997035121523472
Rang 1 Short,price_atr,14,3019,-1.4239283368358087,-0.11443537483129981,1.2643853269456395
Rang 1 Short,price_atr,15,3019,-1.458337794410673,-0.12785283778829692,1.337107242064956
Rang 1 Short,price_atr,16,3019,-1.453601688704935,-0.10561843406822317,1.3682446495083989
Rang 1 Short,price_atr,17,3019,-1.5644693043868287,-0.08281098311276171,1.4325858214577227
Rang 1 Short,price_atr,18,3019,-1.6157038841575688,-0.08856182593628226,1.4707858499115969
Rang 1 Short,price_atr,19,3019,-1.702696397500967,-0.13122226600611905,1.4541881502964338
Rang 1 Short,price_atr,20,3019,-1.7413448301302148,-0.13412433794151402,1.5251945633379187
Rang 1 Short,price_atr,21,3019,-1.8175551404159016,-0.11678423717424913,1.5001336198410307
Rang 1 Short,price_atr,22,3019,-1.9225783642969447,-0.103862543039677,1.5874514927760501
Rang 1 Short,price_atr,23,3019,-1.9259997157015643,-0.10127217981568776,1.6504495865142101
Rang 1 Short,price_atr,24,3019,-2.0183875769351722,-0.13122771962522145,1.650973215735175
Rang 1 Short,price_atr,25,3019,-2.0905884816469333,-0.12093309725791229,1.677752767765091
Rang 1 Short,price_atr,26,3019,-2.1448352507293933,-0.14134654239740457,1.6646754506902843
Rang 1 Short,price_atr,27,3019,-2.1718599679691577,-0.1728288000666966,1.7478265181168986
Rang 1 Short,price_atr,28,3019,-2.238926624540043,-0.13978727971756105,1.7179922675515416
Rang 1 Short,price_atr,29,3019,-2.3099166175227097,-0.10066501748594503,1.8430797611371927
Rang 1 Short,price_atr,30,3019,-2.3090634716996306,-0.14475296236803364,1.850362634374269
Rang 1 Short,price_atr,31,3019,-2.3697852722527353,-0.13426793429460432,1.9110402753484916
Rang 1 Short,price_atr,32,3019,-2.4257846318980247,-0.16841141921880337,1.954707745542646
Rang 1 Short,price_atr,33,3019,-2.413809711951049,-0.12412287641995562,1.9917935246619276
Rang 1 Short,price_atr,34,3019,-2.4724824716106295,-0.12508385045759196,2.055932475326614
Rang 1 Short,price_atr,35,3019,-2.56391069669591,-0.1790810345292172,2.0834569367258795
Rang 1 Short,price_atr,36,3019,-2.5871763021001835,-0.1855375384460191,2.163585548037389
Rang 1 Short,price_atr,37,3019,-2.5799483109333066,-0.13547635119449714,2.183009324489479
Rang 1 Short,price_atr,38,3019,-2.5694162697609375,-0.16301183169802397,2.2594244810930975
Rang 1 Short,price_atr,39,3019,-2.5313303118454322,-0.16627976575640216,2.2056129340721164
Rang 1 Short,price_atr,40,3019,-2.5311418269811066,-0.13204981267969573,2.2908805780571346
Rang 1 Short,price_atr,41,3019,-2.619263813969243,-0.20211983218492513,2.3127884487452612
Rang 1 Short,price_atr,42,3019,-2.6066911438624514,-0.16333522573305817,2.2773228135497643
Rang 1 Short,price_atr,43,3019,-2.656596086737714,-0.14631521247286844,2.3963246109742355
Rang 1 Short,price_atr,44,3019,-2.698642617973073,-0.15183926956372282,2.3955011934872785
Rang 1 Short,price_atr,45,3019,-2.693094773325404,-0.15901744629941966,2.4297202427060784
Rang 1 Short,price_atr,46,3019,-2.796526595434255,-0.15940708926320624,2.5061769944095986
Rang 1 Short,price_atr,47,3019,-2.85733002944287,-0.258117863362592,2.4776773691082226
Rang 1 Short,price_atr,48,3019,-2.990797786129763,-0.250462711727154,2.5227038883218347
Rang 1 Short,ts_oriented,-48,3019,-75.33762225041062,6.766975689217653,82.28268884207081
Rang 1 Short,ts_oriented,-47,3019,-74.16504269278875,10.933861601224807,82.481871073955
Rang 1 Short,ts_oriented,-46,3019,-74.57795137405066,10.599700269158733,81.71660631918924
Rang 1 Short,ts_oriented,-45,3019,-73.36480726487413,10.698031498413215,82.66267229336407
Rang 1 Short,ts_oriented,-44,3019,-71.70081974924162,9.442068187134359,81.210209207126
Rang 1 Short,ts_oriented,-43,3019,-72.68384739079083,9.29269424548916,80.3297780387546
Rang 1 Short,ts_oriented,-42,3019,-74.06366602287319,10.587581995285039,79.6267860384639
Rang 1 Short,ts_oriented,-41,3019,-74.25959841167571,10.666975335808756,78.0399205305886
Rang 1 Short,ts_oriented,-40,3019,-74.78066288274977,7.643172946238212,77.02428600210374
Rang 1 Short,ts_oriented,-39,3019,-77.70468267809436,-0.4551798695696358,75.69095759163862
Rang 1 Short,ts_oriented,-38,3019,-80.58388505728897,-7.187836898750894,75.0169971043943
Rang 1 Short,ts_oriented,-37,3019,-82.73852765825103,-9.891288672978602,71.58976035791294
Rang 1 Short,ts_oriented,-36,3019,-86.98715253432283,-15.474070037238832,68.54059544047374
Rang 1 Short,ts_oriented,-35,3019,-88.66039501060223,-20.324022637457748,67.00467197690787
Rang 1 Short,ts_oriented,-34,3019,-89.17179579023076,-25.79134105444594,62.99435755726306
Rang 1 Short,ts_oriented,-33,3019,-89.64139874775344,-30.39045933202455,58.33631888346165
Rang 1 Short,ts_oriented,-32,3019,-90.24651907902786,-35.21137915474035,56.276849257215346
Rang 1 Short,ts_oriented,-31,3019,-89.78531741063888,-37.49238500307281,54.65216525537424
Rang 1 Short,ts_oriented,-30,3019,-90.08433247815489,-36.002507549570716,52.48391320956303
Rang 1 Short,ts_oriented,-29,3019,-89.73095950208156,-36.20635467872818,54.4946672046965
Rang 1 Short,ts_oriented,-28,3019,-88.05792510638022,-30.65793782357254,59.657538590308604
Rang 1 Short,ts_oriented,-27,3019,-83.89238398312027,-23.32938663587288,68.61947912807092
Rang 1 Short,ts_oriented,-26,3019,-79.2083440006229,-13.504414612958811,77.27183406218938
Rang 1 Short,ts_oriented,-25,3019,-72.29865894122932,-0.43548475978096235,82.57563241927275
Rang 1 Short,ts_oriented,-24,3019,-61.877461917716516,16.474682153079254,88.18840944162831
Rang 1 Short,ts_oriented,-23,3019,-48.631781501116265,33.59275624897567,91.37707008176592
Rang 1 Short,ts_oriented,-22,3019,-33.53448408088664,49.416109517980594,94.45795096634728
Rang 1 Short,ts_oriented,-21,3019,-19.08641296043839,63.915645917606106,96.57399195086532
Rang 1 Short,ts_oriented,-20,3019,-3.565042557501381,72.66226276054037,97.45929083868035
Rang 1 Short,ts_oriented,-19,3019,10.21772043449879,77.60649693054003,97.85838982702663
Rang 1 Short,ts_oriented,-18,3019,19.835954641119088,79.52591819008619,98.0418727153808
Rang 1 Short,ts_oriented,-17,3019,27.63612092827512,78.03401057578667,97.07694457774325
Rang 1 Short,ts_oriented,-16,3019,25.30473531023987,76.12062915196667,95.13058276578127
Rang 1 Short,ts_oriented,-15,3019,14.912391536651459,70.64411575153382,92.87855608569859
Rang 1 Short,ts_oriented,-14,3019,-6.836770376481661,59.0178923168134,87.28812950131427
Rang 1 Short,ts_oriented,-13,3019,-39.50230100989981,42.658333143197076,78.18198556242818
Rang 1 Short,ts_oriented,-12,3019,-65.6401700087128,22.0244695172657,62.97031144956016
Rang 1 Short,ts_oriented,-11,3019,-83.9894131351997,-4.937049378543098,43.26087966936774
Rang 1 Short,ts_oriented,-10,3019,-93.71454546200552,-45.738642843843934,19.164766955936518
Rang 1 Short,ts_oriented,-9,3019,-98.39434286125085,-73.08505445932373,-12.64777506012808
Rang 1 Short,ts_oriented,-8,3019,-100.0,-89.55113220707545,-51.31626202323004
Rang 1 Short,ts_oriented,-7,3019,-100.0,-95.2260254556703,-74.01641060786548
Rang 1 Short,ts_oriented,-6,3019,-100.0,-96.91916640162833,-85.55211303474863
Rang 1 Short,ts_oriented,-5,3019,-99.75162525973664,-95.47035917194967,-87.93077092746216
Rang 1 Short,ts_oriented,-4,3019,-97.2210920733969,-91.873347482386,-82.55810602756804
Rang 1 Short,ts_oriented,-3,3019,-89.83065484457988,-81.34391351767219,-70.70724978971573
Rang 1 Short,ts_oriented,-2,3019,-73.067288118552,-63.9617174763902,-55.62896440196597
Rang 1 Short,ts_oriented,-1,3019,-48.5085917138844,-41.76643040726707,-35.634997862071785
Rang 1 Short,ts_oriented,0,3019,-24.48837842473531,-18.021379211936154,-9.601939489485318
Rang 1 Short,ts_oriented,1,3019,-1.40173494751024,11.636752105485293,28.676446269717154
Rang 1 Short,ts_oriented,2,3019,25.219568044031888,49.82118679982543,70.38275186829928
Rang 1 Short,ts_oriented,3,3019,63.33139953089001,79.99340215212419,91.70000397847312
Rang 1 Short,ts_oriented,4,3019,81.49201154871088,93.750813428678,100.0
Rang 1 Short,ts_oriented,5,3019,78.55137861848317,97.79271878473169,100.0
Rang 1 Short,ts_oriented,6,3019,63.47489555397341,93.44466953816585,100.0
Rang 1 Short,ts_oriented,7,3019,43.61057986359925,83.92163821657184,97.59674558360163
Rang 1 Short,ts_oriented,8,3019,19.685618320576175,70.17904126425411,92.85863228814823
Rang 1 Short,ts_oriented,9,3019,-5.370002710383859,53.68472865638959,85.70127502958859
Rang 1 Short,ts_oriented,10,3019,-31.178146964537156,36.243212536550324,76.60541637679505
Rang 1 Short,ts_oriented,11,3019,-56.67797522814183,21.03883547913996,66.74865960545299
Rang 1 Short,ts_oriented,12,3019,-72.91254643524837,5.4236974610916455,57.49801992678958
Rang 1 Short,ts_oriented,13,3019,-83.73374728998421,-13.209752065113497,50.536341671032815
Rang 1 Short,ts_oriented,14,3019,-90.15629905197608,-35.33883454668485,45.118235954373596
Rang 1 Short,ts_oriented,15,3019,-92.16555422591918,-50.029709966849566,39.20199226106243
Rang 1 Short,ts_oriented,16,3019,-93.07108376442943,-59.727905957179225,36.23941995016908
Rang 1 Short,ts_oriented,17,3019,-93.4070454275284,-60.30324446113278,37.24124396543309
Rang 1 Short,ts_oriented,18,3019,-93.10367601328198,-55.16570700898104,39.93623513962764
Rang 1 Short,ts_oriented,19,3019,-91.8058599596093,-49.7187747383512,45.97080756326278
Rang 1 Short,ts_oriented,20,3019,-89.31575666451698,-43.36389522852504,49.73749442941966
Rang 1 Short,ts_oriented,21,3019,-86.481212019611,-34.75087198232473,57.03302247143517
Rang 1 Short,ts_oriented,22,3019,-82.01320650324945,-26.821200138623837,65.21414940331843
Rang 1 Short,ts_oriented,23,3019,-79.71193989955098,-18.288289005791093,70.63843267872386
Rang 1 Short,ts_oriented,24,3019,-77.00553790121147,-9.899137234429634,75.59547906659239
Rang 1 Short,ts_oriented,25,3019,-75.1928384204572,-1.4281899804604579,78.09637500274306
Rang 1 Short,ts_oriented,26,3019,-73.73999367836034,5.833770792447869,80.54447383221547
Rang 1 Short,ts_oriented,27,3019,-71.63136257707575,10.215676553341261,83.67098931244472
Rang 1 Short,ts_oriented,28,3019,-69.78120464388411,13.64954017368806,86.12657639106152
Rang 1 Short,ts_oriented,29,3019,-71.42906900434862,14.358693636937243,85.29263593271243
Rang 1 Short,ts_oriented,30,3019,-69.14226822407247,17.673652344343328,84.39531815237459
Rang 1 Short,ts_oriented,31,3019,-70.27005348637874,18.63811028471907,82.98976018262177
Rang 1 Short,ts_oriented,32,3019,-71.78902960779583,17.905692086171186,83.49572495459441
Rang 1 Short,ts_oriented,33,3019,-73.2182149573037,13.181866045867297,82.07246646486516
Rang 1 Short,ts_oriented,34,3019,-75.69121386422071,11.777395345235089,80.59433065042501
Rang 1 Short,ts_oriented,35,3019,-74.9554076767197,6.773571060873584,77.96852334084394
Rang 1 Short,ts_oriented,36,3019,-74.5957296746877,0.5425328053468899,75.71589980282553
Rang 1 Short,ts_oriented,37,3019,-75.5250170542823,-0.0017403055030739505,73.49670747510649
Rang 1 Short,ts_oriented,38,3019,-77.38695236545306,-0.10319016987152421,75.72965632465983
Rang 1 Short,ts_oriented,39,3019,-78.9596708051116,-1.3611369047987198,76.69157435766608
Rang 1 Short,ts_oriented,40,3019,-77.06735634843506,-3.7382323168845097,76.05084312601889
Rang 1 Short,ts_oriented,41,3019,-76.97574479713533,-1.3775753750239186,75.90348511362814
Rang 1 Short,ts_oriented,42,3019,-79.07119414925573,-2.7561512042444227,75.24846527658234
Rang 1 Short,ts_oriented,43,3019,-75.92672404932254,-0.5119429798396666,75.04243420450996
Rang 1 Short,ts_oriented,44,3019,-76.2949368308245,-1.2979538755922835,74.36977655223784
Rang 1 Short,ts_oriented,45,3019,-78.31337012385681,-4.381284299646661,74.76577903439077
Rang 1 Short,ts_oriented,46,3019,-78.3734100816638,-5.609607347607486,74.95337288692562
Rang 1 Short,ts_oriented,47,3019,-80.8179804194821,-5.510598248904593,74.0943235398629
Rang 1 Short,ts_oriented,48,3019,-80.85840235593147,-8.549354075904747,73.61225543515188
Rang 1 Short,x1_atr_oriented,-48,3019,-0.20349897153679872,0.018072726292889484,0.24791595983252346
Rang 1 Short,x1_atr_oriented,-47,3019,-0.19863964337842865,0.024033257004489206,0.24971084061242432
Rang 1 Short,x1_atr_oriented,-46,3019,-0.19483326832517833,0.02015296145598733,0.25105717894749546
Rang 1 Short,x1_atr_oriented,-45,3019,-0.19573376066013365,0.02164364171858572,0.24667015417411448
Rang 1 Short,x1_atr_oriented,-44,3019,-0.19030321349313417,0.0153798141118137,0.24061880660481383
Rang 1 Short,x1_atr_oriented,-43,3019,-0.18678745600694974,0.01918826230782849,0.23831685630481864
Rang 1 Short,x1_atr_oriented,-42,3019,-0.19276190923575837,0.023461031539541936,0.22807423559922757
Rang 1 Short,x1_atr_oriented,-41,3019,-0.20024924312202863,0.019859239060556526,0.22596314826105018
Rang 1 Short,x1_atr_oriented,-40,3019,-0.205829025318775,0.0059375333954955825,0.22253793110235498
Rang 1 Short,x1_atr_oriented,-39,3019,-0.21954206053154512,-0.010628142667327775,0.21750537376157345
Rang 1 Short,x1_atr_oriented,-38,3019,-0.22827881529600158,-0.019117998618016867,0.1987799872907739
Rang 1 Short,x1_atr_oriented,-37,3019,-0.2417590589263629,-0.026516962094657936,0.1800708577651895
Rang 1 Short,x1_atr_oriented,-36,3019,-0.2562168488154202,-0.03759680197876213,0.1726713129208586
Rang 1 Short,x1_atr_oriented,-35,3019,-0.2792781915365007,-0.05038120706195019,0.16654432870969732
Rang 1 Short,x1_atr_oriented,-34,3019,-0.2986777276870577,-0.06429368509032343,0.14719125933557753
Rang 1 Short,x1_atr_oriented,-33,3019,-0.315417911055037,-0.06871412645576444,0.13502258550200413
Rang 1 Short,x1_atr_oriented,-32,3019,-0.3200786790174314,-0.08252051083631654,0.12422003940166858
Rang 1 Short,x1_atr_oriented,-31,3019,-0.3171896140087468,-0.08318014570517543,0.12010027235571
Rang 1 Short,x1_atr_oriented,-30,3019,-0.318673539861344,-0.08192173202583694,0.11314402021457937
Rang 1 Short,x1_atr_oriented,-29,3019,-0.3197725953459881,-0.08224394259368262,0.12345192284872393
Rang 1 Short,x1_atr_oriented,-28,3019,-0.3108651860957941,-0.07011600317684372,0.14266342552558003
Rang 1 Short,x1_atr_oriented,-27,3019,-0.29149387339750776,-0.04625176190607172,0.1583027644801308
Rang 1 Short,x1_atr_oriented,-26,3019,-0.25735011578870715,-0.014513438955914976,0.18743455968881073
Rang 1 Short,x1_atr_oriented,-25,3019,-0.21514243222721305,0.021061101564049514,0.22367210759680622
Rang 1 Short,x1_atr_oriented,-24,3019,-0.170537153850097,0.04847854020138523,0.2623670086693406
Rang 1 Short,x1_atr_oriented,-23,3019,-0.12172328289174923,0.0953620820992819,0.30421276825270943
Rang 1 Short,x1_atr_oriented,-22,3019,-0.06858418258669659,0.134290938832821,0.353745250663939
Rang 1 Short,x1_atr_oriented,-21,3019,-0.028189152626099605,0.1761799306717161,0.39525390741493543
Rang 1 Short,x1_atr_oriented,-20,3019,0.010870236177892317,0.20998649354234908,0.4286106717964341
Rang 1 Short,x1_atr_oriented,-19,3019,0.038227950300048164,0.23335452487787342,0.4538617411055729
Rang 1 Short,x1_atr_oriented,-18,3019,0.052393868819397824,0.24816950386753026,0.47268047846424066
Rang 1 Short,x1_atr_oriented,-17,3019,0.055121060111014156,0.25110399977135817,0.46616804614304697
Rang 1 Short,x1_atr_oriented,-16,3019,0.045808890647821364,0.23765376321037526,0.4434932666103122
Rang 1 Short,x1_atr_oriented,-15,3019,0.003977443900664394,0.20898597259680615,0.4086323437278685
Rang 1 Short,x1_atr_oriented,-14,3019,-0.05443397429214377,0.16882123971534305,0.34712454555597694
Rang 1 Short,x1_atr_oriented,-13,3019,-0.11840161923956793,0.10561492593062495,0.2774691039909899
Rang 1 Short,x1_atr_oriented,-12,3019,-0.1927089416787091,0.02378071978286801,0.19604434083574424
Rang 1 Short,x1_atr_oriented,-11,3019,-0.26956893998455134,-0.07507650433281929,0.09888346365158632
Rang 1 Short,x1_atr_oriented,-10,3019,-0.3429345199256228,-0.16112578941473438,0.007305267756817512
Rang 1 Short,x1_atr_oriented,-9,3019,-0.4166465589330836,-0.2375818822376198,-0.08281554025652091
Rang 1 Short,x1_atr_oriented,-8,3019,-0.4796293793806672,-0.2999047377368657,-0.1529879834516796
Rang 1 Short,x1_atr_oriented,-7,3019,-0.5165186975725636,-0.34067115401653414,-0.2061915854220473
Rang 1 Short,x1_atr_oriented,-6,3019,-0.5301085188779673,-0.37336564214260126,-0.24692693509776728
Rang 1 Short,x1_atr_oriented,-5,3019,-0.5127673587771411,-0.37797001405382497,-0.2603623451699335
Rang 1 Short,x1_atr_oriented,-4,3019,-0.46651758514094055,-0.35117547280615985,-0.252506157586531
Rang 1 Short,x1_atr_oriented,-3,3019,-0.3832794471474401,-0.29223756223992486,-0.21350309320569028
Rang 1 Short,x1_atr_oriented,-2,3019,-0.27121378831503395,-0.20562643498627622,-0.15172686192714552
Rang 1 Short,x1_atr_oriented,-1,3019,-0.14595468999749067,-0.10096181035167681,-0.06407856433804916
Rang 1 Short,x1_atr_oriented,0,3019,-0.035839200725819996,0.0005726364462947772,0.04046135892940536
Rang 1 Short,x1_atr_oriented,1,3019,0.040794061585560315,0.09554611680093916,0.16037207370177098
Rang 1 Short,x1_atr_oriented,2,3019,0.09336604795414455,0.17451247566087497,0.2649276105672843
Rang 1 Short,x1_atr_oriented,3,3019,0.12026028975221359,0.22898434369660345,0.34951143636457693
Rang 1 Short,x1_atr_oriented,4,3019,0.12715965334248897,0.2583628233673649,0.4053790098397747
Rang 1 Short,x1_atr_oriented,5,3019,0.11754906738535689,0.2688374731223076,0.43495660466394975
Rang 1 Short,x1_atr_oriented,6,3019,0.08604308898795968,0.253478500598123,0.43721712522974454
Rang 1 Short,x1_atr_oriented,7,3019,0.05201215949235438,0.22254746694776967,0.40766389922054136
Rang 1 Short,x1_atr_oriented,8,3019,0.007480877209593875,0.1793399121859164,0.36425428446875174
Rang 1 Short,x1_atr_oriented,9,3019,-0.04316511376984277,0.12226346812724191,0.30757594311979575
Rang 1 Short,x1_atr_oriented,10,3019,-0.09502548758589771,0.06755957562930226,0.2629789349532836
Rang 1 Short,x1_atr_oriented,11,3019,-0.13631726793002627,0.026387359722633383,0.21515832739291157
Rang 1 Short,x1_atr_oriented,12,3019,-0.18486184433678002,-0.014696280667353213,0.16214115178209798
Rang 1 Short,x1_atr_oriented,13,3019,-0.22288883909267504,-0.05783016132222119,0.12502905819554877
Rang 1 Short,x1_atr_oriented,14,3019,-0.25287618119507416,-0.08792968890995746,0.09815640142254342
Rang 1 Short,x1_atr_oriented,15,3019,-0.27747313647782285,-0.11071306346624864,0.07959123012069144
Rang 1 Short,x1_atr_oriented,16,3019,-0.2992745489889663,-0.11848084610326808,0.06871657858466143
Rang 1 Short,x1_atr_oriented,17,3019,-0.3146087641511972,-0.12311175847189317,0.07665966216389444
Rang 1 Short,x1_atr_oriented,18,3019,-0.30469671374632346,-0.11356046298950528,0.08291164576673754
Rang 1 Short,x1_atr_oriented,19,3019,-0.2996774521018002,-0.09701841811386072,0.09504637278577496
Rang 1 Short,x1_atr_oriented,20,3019,-0.2903747139144749,-0.08028114440006014,0.1093894934357113
Rang 1 Short,x1_atr_oriented,21,3019,-0.26498741504055356,-0.06460799013896101,0.12589055622813183
Rang 1 Short,x1_atr_oriented,22,3019,-0.2497568931634376,-0.04502560197115196,0.1526840160045545
Rang 1 Short,x1_atr_oriented,23,3019,-0.23008199486131498,-0.025441345415015106,0.17631979157144428
Rang 1 Short,x1_atr_oriented,24,3019,-0.2139010280975773,-0.007541383862043155,0.18993205317367912
Rang 1 Short,x1_atr_oriented,25,3019,-0.20439684140672779,0.00584823501975916,0.2005399655529094
Rang 1 Short,x1_atr_oriented,26,3019,-0.19679532825471374,0.015368174079181621,0.21340513881305745
Rang 1 Short,x1_atr_oriented,27,3019,-0.1885863653437603,0.024565876890385974,0.220800209246609
Rang 1 Short,x1_atr_oriented,28,3019,-0.18197740462934991,0.033395898722599716,0.23417145874002088
Rang 1 Short,x1_atr_oriented,29,3019,-0.1758204377735662,0.032534933500934615,0.24040834500237895
Rang 1 Short,x1_atr_oriented,30,3019,-0.174836323038698,0.03928027005223837,0.23739495345982886
Rang 1 Short,x1_atr_oriented,31,3019,-0.1835910609037899,0.036416249120233314,0.23408463277599562
Rang 1 Short,x1_atr_oriented,32,3019,-0.18485597752019123,0.03310310046602179,0.23066289238146823
Rang 1 Short,x1_atr_oriented,33,3019,-0.1846821447701285,0.02390534859847524,0.2192403332980125
Rang 1 Short,x1_atr_oriented,34,3019,-0.1898897977297981,0.019941014541036004,0.21378442571165446
Rang 1 Short,x1_atr_oriented,35,3019,-0.1897681167337788,0.003976686126780568,0.20699565666346084
Rang 1 Short,x1_atr_oriented,36,3019,-0.19597211921006127,-0.0021002258364943606,0.20243031993539437
Rang 1 Short,x1_atr_oriented,37,3019,-0.20425821989811327,-0.0006498371240350397,0.19962405713492237
Rang 1 Short,x1_atr_oriented,38,3019,-0.1999826729874481,-0.004904091714671694,0.19727063234567557
Rang 1 Short,x1_atr_oriented,39,3019,-0.19993221666100522,-0.007407052581895516,0.19840039346783955
Rang 1 Short,x1_atr_oriented,40,3019,-0.192997773726253,-0.005968461215854201,0.20180316011159796
Rang 1 Short,x1_atr_oriented,41,3019,-0.1999776413318931,-0.006837013670267946,0.2031605831255742
Rang 1 Short,x1_atr_oriented,42,3019,-0.20121660094854368,-0.003393744224043356,0.19110044905156326
Rang 1 Short,x1_atr_oriented,43,3019,-0.19956735286485977,0.0026501531394817982,0.19577439727465637
Rang 1 Short,x1_atr_oriented,44,3019,-0.20369486892851277,-0.0040207061353856235,0.19485311215269677
Rang 1 Short,x1_atr_oriented,45,3019,-0.20193994531703138,-0.00915905433790445,0.1966629192932436
Rang 1 Short,x1_atr_oriented,46,3019,-0.21297582916367885,-0.01054067663537593,0.19141803509195318
Rang 1 Short,x1_atr_oriented,47,3019,-0.2106117823616238,-0.016373299405126236,0.18947888576826744
Rang 1 Short,x1_atr_oriented,48,3019,-0.21541758142536716,-0.014066652470614832,0.18428229738352186
Rang 1 Short,nis_z_100,-48,3019,-0.5922725191577325,-0.38308156365233814,0.1972174785445106
Rang 1 Short,nis_z_100,-47,3019,-0.5874598267059092,-0.38013300790558,0.2079819219096946
Rang 1 Short,nis_z_100,-46,3019,-0.5970502346123958,-0.3821003291957407,0.19047994045437405
Rang 1 Short,nis_z_100,-45,3019,-0.5944404395902131,-0.38524704756793077,0.15865517771484555
Rang 1 Short,nis_z_100,-44,3019,-0.6016667479976803,-0.3877995552419718,0.2110248031310117
Rang 1 Short,nis_z_100,-43,3019,-0.6071600589385285,-0.3884937993779296,0.22650254745675247
Rang 1 Short,nis_z_100,-42,3019,-0.6055908115353839,-0.3859920145659212,0.22195003910933248
Rang 1 Short,nis_z_100,-41,3019,-0.5950909862421623,-0.37461895647224636,0.21510341435027652
Rang 1 Short,nis_z_100,-40,3019,-0.5888949169994812,-0.3570424801949398,0.2526046694990487
Rang 1 Short,nis_z_100,-39,3019,-0.5896699106045711,-0.36780464435670535,0.18443519571408412
Rang 1 Short,nis_z_100,-38,3019,-0.5928147257300656,-0.36997746383813324,0.20458041894691836
Rang 1 Short,nis_z_100,-37,3019,-0.5912943629487253,-0.3807977296408541,0.27318251138639205
Rang 1 Short,nis_z_100,-36,3019,-0.5936396941485428,-0.36763477992874155,0.20098250453945787
Rang 1 Short,nis_z_100,-35,3019,-0.590754215548547,-0.36210541555090187,0.22695034060731
Rang 1 Short,nis_z_100,-34,3019,-0.589264584423546,-0.37682614451073787,0.24313918271464563
Rang 1 Short,nis_z_100,-33,3019,-0.5986802299592457,-0.3768218311354601,0.21524289561975785
Rang 1 Short,nis_z_100,-32,3019,-0.6004462693805509,-0.3839139552855597,0.19169336184180585
Rang 1 Short,nis_z_100,-31,3019,-0.590288892719284,-0.36932786592206973,0.26788383007735705
Rang 1 Short,nis_z_100,-30,3019,-0.5937515488583633,-0.3788209916839239,0.1923910746759836
Rang 1 Short,nis_z_100,-29,3019,-0.5938206099236171,-0.3936827065505355,0.1667359930649237
Rang 1 Short,nis_z_100,-28,3019,-0.5919872421977475,-0.3822330145882726,0.19476229500912495
Rang 1 Short,nis_z_100,-27,3019,-0.5931515242346712,-0.38988696085926305,0.19197169839408057
Rang 1 Short,nis_z_100,-26,3019,-0.591494889636131,-0.370114840602266,0.2824866198525339
Rang 1 Short,nis_z_100,-25,3019,-0.5902866727453374,-0.3497376090635243,0.34047315339035544
Rang 1 Short,nis_z_100,-24,3019,-0.5893685326354454,-0.3384617014023299,0.41847782769066777
Rang 1 Short,nis_z_100,-23,3019,-0.5810433262322033,-0.3070254646595216,0.43059797623948226
Rang 1 Short,nis_z_100,-22,3019,-0.5678845688060061,-0.3009677754798671,0.4612854759280469
Rang 1 Short,nis_z_100,-21,3019,-0.5812939813974417,-0.33066417588798674,0.4181877050755105
Rang 1 Short,nis_z_100,-20,3019,-0.5765698103022153,-0.34288508069502344,0.31930559705264705
Rang 1 Short,nis_z_100,-19,3019,-0.5841960241497521,-0.3704329216982129,0.1903072748081837
Rang 1 Short,nis_z_100,-18,3019,-0.5929030219531042,-0.40155675252617967,0.09146526501647519
Rang 1 Short,nis_z_100,-17,3019,-0.6077090308947066,-0.41712300136996294,0.011845674841695781
Rang 1 Short,nis_z_100,-16,3019,-0.6077025670020355,-0.4176557661365912,0.0620670656037048
Rang 1 Short,nis_z_100,-15,3019,-0.6041503077157905,-0.4004755183539696,0.16399830038560462
Rang 1 Short,nis_z_100,-14,3019,-0.5923179061617938,-0.3526322597712265,0.34455005937327243
Rang 1 Short,nis_z_100,-13,3019,-0.5698148839769754,-0.2858069162057184,0.5480715298647594
Rang 1 Short,nis_z_100,-12,3019,-0.5437757290958717,-0.19581784774034336,0.735335974796602
Rang 1 Short,nis_z_100,-11,3019,-0.5176002716476725,-0.10938005287319243,0.8804064899532827
Rang 1 Short,nis_z_100,-10,3019,-0.5207421951057273,-0.13106333592830147,0.8236309769037494
Rang 1 Short,nis_z_100,-9,3019,-0.5272450099559056,-0.18419623649347608,0.6137658483700466
Rang 1 Short,nis_z_100,-8,3019,-0.557234232494148,-0.31132297794179226,0.22779018696692235
Rang 1 Short,nis_z_100,-7,3019,-0.6175566428615447,-0.4465089069596442,-0.07291716751305499
Rang 1 Short,nis_z_100,-6,3019,-0.6585015138315651,-0.5197603213133946,-0.3050694704529192
Rang 1 Short,nis_z_100,-5,3019,-0.6790599278376244,-0.5546909456742224,-0.37051976285020294
Rang 1 Short,nis_z_100,-4,3019,-0.66646629093034,-0.5277204854081166,-0.29239117286452165
Rang 1 Short,nis_z_100,-3,3019,-0.5910325565775242,-0.41282424466457657,0.022608594877375925
Rang 1 Short,nis_z_100,-2,3019,-0.45699861978792944,-0.12903730865985827,0.5314797169615724
Rang 1 Short,nis_z_100,-1,3019,-0.3484443649252218,0.12552251401761516,1.0433382143492582
Rang 1 Short,nis_z_100,0,3019,-0.3275060693993588,0.19855929631954433,1.2553260390998275
Rang 1 Short,nis_z_100,1,3019,-0.43834792618349905,-0.009670670555452824,0.9120860704123807
Rang 1 Short,nis_z_100,2,3019,-0.5384962193730018,-0.23150522168628762,0.5154812831542142
Rang 1 Short,nis_z_100,3,3019,-0.6069267722411987,-0.3998549162519734,0.11737283180379815
Rang 1 Short,nis_z_100,4,3019,-0.6575275738125881,-0.4939487693559033,-0.19719567048211575
Rang 1 Short,nis_z_100,5,3019,-0.6697076118961759,-0.5334218916977211,-0.2958189892944919
Rang 1 Short,nis_z_100,6,3019,-0.6619227746174965,-0.5245773902980052,-0.25521029440253473
Rang 1 Short,nis_z_100,7,3019,-0.6409588239466806,-0.47271523237067536,-0.17421792601431002
Rang 1 Short,nis_z_100,8,3019,-0.6113850234709953,-0.43101299620955213,-0.005042932717746311
Rang 1 Short,nis_z_100,9,3019,-0.5878797097983893,-0.388724991575673,0.15839443741436002
Rang 1 Short,nis_z_100,10,3019,-0.5810863986497098,-0.3411690779575883,0.24959342414555527
Rang 1 Short,nis_z_100,11,3019,-0.5759006732082714,-0.33887277285917483,0.29630393579314596
Rang 1 Short,nis_z_100,12,3019,-0.5770962650040734,-0.3319818313946618,0.30721022151517313
Rang 1 Short,nis_z_100,13,3019,-0.5940946606083123,-0.37432548919197023,0.2479643880617045
Rang 1 Short,nis_z_100,14,3019,-0.6166394678680449,-0.414771945094184,0.16105125323126412
Rang 1 Short,nis_z_100,15,3019,-0.6182302937937993,-0.42601629144609765,0.12337667722796261
Rang 1 Short,nis_z_100,16,3019,-0.6217080890590807,-0.4301579342916203,0.09819885366218384
Rang 1 Short,nis_z_100,17,3019,-0.616701665096507,-0.4313078700144141,0.08247598573658774
Rang 1 Short,nis_z_100,18,3019,-0.6182756789649646,-0.42282641217763084,0.07438990706894338
Rang 1 Short,nis_z_100,19,3019,-0.6104239081088774,-0.42970198415365507,0.07942642854644888
Rang 1 Short,nis_z_100,20,3019,-0.6102109344174184,-0.4204637213296368,0.1134096295225672
Rang 1 Short,nis_z_100,21,3019,-0.6018965779072449,-0.3991263278938185,0.14101086287899284
Rang 1 Short,nis_z_100,22,3019,-0.600320845338549,-0.382217494255306,0.18237511644861898
Rang 1 Short,nis_z_100,23,3019,-0.6066505184702329,-0.39090765084487783,0.18376583836852825
Rang 1 Short,nis_z_100,24,3019,-0.5944659661149025,-0.385696355956743,0.16817454770680978
Rang 1 Short,nis_z_100,25,3019,-0.6043061730115817,-0.4030303381553083,0.1742375234182362
Rang 1 Short,nis_z_100,26,3019,-0.6031886462563013,-0.398988107677516,0.14903136138261266
Rang 1 Short,nis_z_100,27,3019,-0.6093634653496335,-0.39157948953756727,0.15402531125529362
Rang 1 Short,nis_z_100,28,3019,-0.5999035162851334,-0.3985164047884344,0.14646608538374697
Rang 1 Short,nis_z_100,29,3019,-0.604943222328596,-0.3829867000471374,0.16280867124919796
Rang 1 Short,nis_z_100,30,3019,-0.605842025099541,-0.39300607976917795,0.1436964392506782
Rang 1 Short,nis_z_100,31,3019,-0.6006279766767041,-0.4021462007935662,0.1835793747631233
Rang 1 Short,nis_z_100,32,3019,-0.6174830519799501,-0.40353390486183616,0.15530251781855983
Rang 1 Short,nis_z_100,33,3019,-0.6097105773483399,-0.3998757648705073,0.1085074686349146
Rang 1 Short,nis_z_100,34,3019,-0.6102205964969981,-0.41127811077463355,0.13187663077777392
Rang 1 Short,nis_z_100,35,3019,-0.6016487905353668,-0.37995124157505444,0.16144123760191986
Rang 1 Short,nis_z_100,36,3019,-0.5931894712015877,-0.3888398910442682,0.1872126561662013
Rang 1 Short,nis_z_100,37,3019,-0.5983423346488039,-0.39615985839830875,0.11264124300656282
Rang 1 Short,nis_z_100,38,3019,-0.6001923412198829,-0.4100229111433173,0.09137292140894798
Rang 1 Short,nis_z_100,39,3019,-0.6103890883118914,-0.41687733177259484,0.10382976688044292
Rang 1 Short,nis_z_100,40,3019,-0.6061336763429516,-0.4202986629385823,0.12194241974607822
Rang 1 Short,nis_z_100,41,3019,-0.6035005062126935,-0.393304876086686,0.15470168135091328
Rang 1 Short,nis_z_100,42,3019,-0.6084049836270392,-0.40661394651838056,0.11263694174646759
Rang 1 Short,nis_z_100,43,3019,-0.599519042169271,-0.39779904967728635,0.12605223065007148
Rang 1 Short,nis_z_100,44,3019,-0.6082492773651614,-0.40310967490462957,0.15976132110381347
Rang 1 Short,nis_z_100,45,3019,-0.6036975871543925,-0.4074560188279769,0.10549803702062335
Rang 1 Short,nis_z_100,46,3019,-0.6044303661149785,-0.401770677746546,0.13234060699982358
Rang 1 Short,nis_z_100,47,3019,-0.6012863156830979,-0.40612728151640887,0.1282535279525005
Rang 1 Short,nis_z_100,48,3019,-0.6097330149155538,-0.39739701289616725,0.14588068853479066
Répétition Long,price_atr,-48,610,-0.35968870535121455,2.0821680797166016,4.153270056512169
Répétition Long,price_atr,-47,610,-0.2871008819211302,2.0263434139453658,4.2950517621825846
Répétition Long,price_atr,-46,610,-0.18340827502867546,1.9412421358928573,4.311941843791178
Répétition Long,price_atr,-45,610,-0.20783542582542322,1.8970076031136367,4.270826282081459
Répétition Long,price_atr,-44,610,-0.08072566450164977,2.0164049880314883,4.2982106151347
Répétition Long,price_atr,-43,610,0.0032987134219271876,1.9695325428683348,4.150696478037954
Répétition Long,price_atr,-42,610,0.046730344384590936,2.040684605982813,4.193420154910561
Répétition Long,price_atr,-41,610,0.323746582383541,2.0133017482208335,4.227046476932576
Répétition Long,price_atr,-40,610,0.31278105390716227,2.111023304061722,4.243984215727637
Répétition Long,price_atr,-39,610,0.328251900514166,2.1654667788827453,4.2841726103011215
Répétition Long,price_atr,-38,610,0.5951233146782333,2.252354695085044,4.2658022797676045
Répétition Long,price_atr,-37,610,0.686065837104261,2.3698132683275244,4.194195076009642
Répétition Long,price_atr,-36,610,0.7611633321448648,2.434088614726433,4.22051937246186
Répétition Long,price_atr,-35,610,0.7578624202241411,2.3364037225012795,4.059672030391485
Répétition Long,price_atr,-34,610,0.8808163932525617,2.345896608443355,4.0177882425330775
Répétition Long,price_atr,-33,610,0.9294704056742666,2.3331732829016487,4.0288765283307
Répétition Long,price_atr,-32,610,1.0381395720736182,2.3615417575162745,3.8768885194145426
Répétition Long,price_atr,-31,610,1.0203770946163693,2.2356142441946387,3.9212066504967
Répétition Long,price_atr,-30,610,1.118024948655707,2.1839961229742877,3.6948400925682776
Répétition Long,price_atr,-29,610,1.0569957341413407,2.2146547969315695,3.568035990941966
Répétition Long,price_atr,-28,610,0.9615722093346311,2.1420679471677673,3.44165910515875
Répétition Long,price_atr,-27,610,0.9223930395930666,1.9747479233087077,3.2143190016113006
Répétition Long,price_atr,-26,610,0.8452457281437463,1.8106439004431616,3.057580594433343
Répétition Long,price_atr,-25,610,0.7317812045475675,1.713660709166165,3.048853868049927
Répétition Long,price_atr,-24,610,0.6888274152852922,1.6678275983338633,2.979002261627376
Répétition Long,price_atr,-23,610,0.6802468088561021,1.6360989096838867,2.9855440364862327
Répétition Long,price_atr,-22,610,0.5086809650694143,1.516342822432545,2.837932513134513
Répétition Long,price_atr,-21,610,0.5130726732231478,1.512736492713075,2.7469842412438528
Répétition Long,price_atr,-20,610,0.4878623760505039,1.4227269073504405,2.798873344787345
Répétition Long,price_atr,-19,610,0.4566636315017043,1.392042350441287,2.7675299630643964
Répétition Long,price_atr,-18,610,0.4799414835784814,1.450697533469435,2.7064605203743692
Répétition Long,price_atr,-17,610,0.4998298283174107,1.421605554213723,2.623059913693833
Répétition Long,price_atr,-16,610,0.4428849560221291,1.3172611597888058,2.4204296693634424
Répétition Long,price_atr,-15,610,0.4076819210467282,1.2969667936789486,2.2740109168590625
Répétition Long,price_atr,-14,610,0.3977292829658703,1.1131698646864745,1.965702243619153
Répétition Long,price_atr,-13,610,0.19850122425401115,0.8743621214795574,1.5838862584591806
Répétition Long,price_atr,-12,610,0.06758754997825625,0.6302624109479382,1.3316396753642303
Répétition Long,price_atr,-11,610,-0.2692035009549856,0.42987139097899096,1.0449572170810062
Répétition Long,price_atr,-10,610,-0.5059709110533317,0.10138722685779843,0.6634116839822674
Répétition Long,price_atr,-9,610,-0.7818096253013459,-0.1556646537343183,0.39065823713100745
Répétition Long,price_atr,-8,610,-1.03344182418951,-0.4656326784253242,0.029167789483169126
Répétition Long,price_atr,-7,610,-1.2736543482978913,-0.686413600231734,-0.13861716614423372
Répétition Long,price_atr,-6,610,-1.339581826100638,-0.7646232704103457,-0.27507946518449566
Répétition Long,price_atr,-5,610,-1.395225688798905,-0.7966011965631077,-0.30440829640010714
Répétition Long,price_atr,-4,610,-1.2643933428304288,-0.7333417250480779,-0.2480044294210616
Répétition Long,price_atr,-3,610,-1.1607094530709536,-0.5982214354805493,-0.07288292856425001
Répétition Long,price_atr,-2,610,-0.8371972839173066,-0.346849886980771,0.10482529771914723
Répétition Long,price_atr,-1,610,-0.451782334582962,-0.09047534048504334,0.24876936821902967
Répétition Long,price_atr,0,610,0.0,0.0,0.0
Répétition Long,price_atr,1,610,-0.35098863576998346,0.0138601522474098,0.34708326709059695
Répétition Long,price_atr,2,610,-0.4381231395517771,0.02360243501913297,0.4823072968318023
Répétition Long,price_atr,3,610,-0.5154472569793742,0.10656843445792308,0.5899440048800564
Répétition Long,price_atr,4,610,-0.5859664478862675,0.11597168445477231,0.5977047437805204
Répétition Long,price_atr,5,610,-0.6110265023854855,0.1147375176944834,0.699500612503969
Répétition Long,price_atr,6,610,-0.7822331120516153,0.07192666002871873,0.8023302260319981
Répétition Long,price_atr,7,610,-0.8926812482687666,-0.03389231267816921,0.7916524337933075
Répétition Long,price_atr,8,610,-0.9184224321719445,-0.022032300160921812,0.8765135830242211
Répétition Long,price_atr,9,610,-0.9999999744380004,0.0396324002113376,0.895663910331867
Répétition Long,price_atr,10,610,-1.2490877218274097,-0.02380725205931507,1.0258927317179225
Répétition Long,price_atr,11,610,-1.1986473278083294,-0.07862716572265795,1.1176234575900048
Répétition Long,price_atr,12,610,-1.2602696601226588,-0.002941705406131751,1.2386979101371935
Répétition Long,price_atr,13,610,-1.2120931444129377,-0.03802692036281921,1.3742375196696595
Répétition Long,price_atr,14,610,-1.269447179462369,0.042796147488410215,1.3165367173630047
Répétition Long,price_atr,15,610,-1.374427385132197,0.00282801172326376,1.413553163908022
Répétition Long,price_atr,16,610,-1.4359013456649576,0.03607719706407027,1.4508889938308265
Répétition Long,price_atr,17,610,-1.408283483158649,0.0527104715589877,1.5950892997610833
Répétition Long,price_atr,18,610,-1.3005372165801643,0.12025042476172923,1.513969922429686
Répétition Long,price_atr,19,610,-1.2994410196876642,0.18440809370017808,1.5799490964462914
Répétition Long,price_atr,20,610,-1.4306906948589293,0.14636206462621354,1.512089449675547
Répétition Long,price_atr,21,610,-1.4648591956567556,0.12769914339569888,1.537068774768263
Répétition Long,price_atr,22,610,-1.4773236740826807,0.04200855478186616,1.6475472775744133
Répétition Long,price_atr,23,610,-1.5083334641386983,0.035731505663175206,1.6743249497917496
Répétition Long,price_atr,24,610,-1.7504071497124947,0.07523694905110526,1.7638915337108105
Répétition Long,price_atr,25,610,-1.8911639387896808,0.010095994992550109,1.807949465687748
Répétition Long,price_atr,26,610,-1.715587196180297,0.07649660771488245,1.8663803918754627
Répétition Long,price_atr,27,610,-1.9122676963798186,0.0076590173948469335,1.9190206167134938
Répétition Long,price_atr,28,610,-2.0038934141479205,0.09321365090552572,1.9055725577521418
Répétition Long,price_atr,29,610,-1.9559171129114574,0.16043290477646718,1.957971194023212
Répétition Long,price_atr,30,610,-1.7898899711208127,0.07551938874831465,1.8835409881380685
Répétition Long,price_atr,31,610,-1.7154471147475823,0.137665378856687,1.9874392972142747
Répétition Long,price_atr,32,610,-1.7607190295768949,0.21027845068231676,2.061464371703676
Répétition Long,price_atr,33,610,-1.9570330516139822,0.19057719393313394,2.2445162566873695
Répétition Long,price_atr,34,610,-1.7782750012500745,0.2123963657319086,2.2426394298066588
Répétition Long,price_atr,35,610,-1.8674444372571746,0.2303691167998543,2.263540646590509
Répétition Long,price_atr,36,610,-2.0118375941798146,0.22906452060649987,2.3438790258821487
Répétition Long,price_atr,37,610,-2.1719985955665226,0.33705757445346896,2.402397558320265
Répétition Long,price_atr,38,610,-2.0536413019228688,0.2843525159740735,2.41817027511297
Répétition Long,price_atr,39,610,-2.348766684386338,0.18163914365898556,2.469848578740076
Répétition Long,price_atr,40,610,-2.369121717728779,0.2884969452157639,2.678278157533925
Répétition Long,price_atr,41,610,-2.31123778654761,0.31906109634025004,2.6844717436611627
Répétition Long,price_atr,42,610,-2.3245869102401424,0.30292496128437146,2.6943628278818093
Répétition Long,price_atr,43,610,-2.3839869639076534,0.27425729089571754,2.6543091019209286
Répétition Long,price_atr,44,610,-2.3804785481496027,0.2961634301701583,2.7196233134838357
Répétition Long,price_atr,45,610,-2.4010157666268497,0.34957527751158063,2.693309907678651
Répétition Long,price_atr,46,610,-2.565243300803831,0.2720950544196265,2.6996362459887577
Répétition Long,price_atr,47,610,-2.562402821976981,0.3240565849577586,2.700453837434323
Répétition Long,price_atr,48,610,-2.438778470765092,0.30717134100247073,2.6498387339532607
Répétition Long,ts_oriented,-48,610,-72.33505673293804,6.158856714977612,78.7620165847964
Répétition Long,ts_oriented,-47,610,-76.73852574068802,6.692973074197452,75.19983645834007
Répétition Long,ts_oriented,-46,610,-78.17359121443354,3.943652331737834,72.6097245321175
Répétition Long,ts_oriented,-45,610,-79.93941571135663,0.38929833651012835,70.1448877451042
Répétition Long,ts_oriented,-44,610,-80.79048292659249,-0.9874087054202945,68.8803943586719
Répétition Long,ts_oriented,-43,610,-80.85987817005335,-5.07768817841956,70.14067076226038
Répétition Long,ts_oriented,-42,610,-77.29576463461093,-9.731969026216355,75.28999607924104
Répétition Long,ts_oriented,-41,610,-76.2970194315746,-4.143555440657873,73.90841077300313
Répétition Long,ts_oriented,-40,610,-76.24896293942531,0.15697656124780124,77.33152592683629
Répétition Long,ts_oriented,-39,610,-73.61644664252637,5.06317053620164,78.56098145802471
Répétition Long,ts_oriented,-38,610,-66.79339427523205,8.100028366509047,82.2716493082779
Répétition Long,ts_oriented,-37,610,-62.72097531155721,14.739299000791238,84.8748563798424
Répétition Long,ts_oriented,-36,610,-59.271583267663814,23.050322254250332,85.19908172242452
Répétition Long,ts_oriented,-35,610,-59.257350489217615,24.104044824918617,84.60175741778815
Répétition Long,ts_oriented,-34,610,-61.60608774611027,27.11596360682988,86.12341497810591
Répétition Long,ts_oriented,-33,610,-64.20825326757965,24.36007099613539,84.03118141343779
Répétition Long,ts_oriented,-32,610,-62.9837371261308,16.357930629555845,81.75751755776228
Répétition Long,ts_oriented,-31,610,-68.00492001001318,12.830137687600939,78.27898238281898
Répétition Long,ts_oriented,-30,610,-74.93532722791572,11.387647935081894,73.00080386402351
Répétition Long,ts_oriented,-29,610,-81.4879359641934,3.706852786289906,65.88618349847403
Répétition Long,ts_oriented,-28,610,-81.22827297320883,-11.31513862144773,62.428872876714664
Répétition Long,ts_oriented,-27,610,-85.01297752681533,-25.103177492938052,54.92197255285564
Répétition Long,ts_oriented,-26,610,-89.55556955728122,-35.58484988799081,44.20063465666596
Répétition Long,ts_oriented,-25,610,-92.19514876728812,-53.65593022657687,29.52929833291327
Répétition Long,ts_oriented,-24,610,-92.28563952818584,-62.06814521733595,17.58239349480285
Répétition Long,ts_oriented,-23,610,-94.28267171417278,-63.367318512386944,3.2733673525437457
Répétition Long,ts_oriented,-22,610,-94.52551109592488,-66.61942179023634,-4.448939406830734
Répétition Long,ts_oriented,-21,610,-94.37006550033477,-67.46569323727002,-6.069396761667083
Répétition Long,ts_oriented,-20,610,-93.0983349053381,-59.43403914790592,-11.95872286981987
Répétition Long,ts_oriented,-19,610,-89.12437566181522,-61.453976321882294,-16.589556467818845
Répétition Long,ts_oriented,-18,610,-89.55697235996305,-56.68354496060556,-2.8296565235365496
Répétition Long,ts_oriented,-17,610,-86.70886252309272,-46.4279980576821,2.5996821397975793
Répétition Long,ts_oriented,-16,610,-80.17319376236982,-37.5335998788571,16.16091552984356
Répétition Long,ts_oriented,-15,610,-76.61979767427833,-30.660856090193484,20.252804076102144
Répétition Long,ts_oriented,-14,610,-77.7270447867003,-25.94525268863358,31.83324370402019
Répétition Long,ts_oriented,-13,610,-79.49370440663206,-27.481567438049936,40.45814433026554
Répétition Long,ts_oriented,-12,610,-86.90048424843985,-30.526425922686634,35.10356263406487
Répétition Long,ts_oriented,-11,610,-95.43818686856214,-43.68015361403059,21.455543254962222
Répétition Long,ts_oriented,-10,610,-98.3856731741979,-61.64396755436822,-0.9484496774414568
Répétition Long,ts_oriented,-9,610,-99.94821932243923,-80.93839265463774,-17.216856003433072
Répétition Long,ts_oriented,-8,610,-100.0,-90.83646598867567,-49.725012619894784
Répétition Long,ts_oriented,-7,610,-100.0,-95.11354313747282,-75.69467274160257
Répétition Long,ts_oriented,-6,610,-100.0,-97.45980047401449,-86.8415634800176
Répétition Long,ts_oriented,-5,610,-100.0,-96.22851718947868,-89.3287029439143
Répétition Long,ts_oriented,-4,610,-97.6498845703796,-92.90287141527907,-85.0972418269215
Répétition Long,ts_oriented,-3,610,-91.85814430492586,-83.53756291581593,-73.65928423174365
Répétition Long,ts_oriented,-2,610,-76.2804135843672,-66.17385582848262,-57.643664117959375
Répétition Long,ts_oriented,-1,610,-49.57106568799068,-42.58384890339178,-36.268705297040526
Répétition Long,ts_oriented,0,610,-23.882989490459238,-16.94559305825505,-7.591560013027752
Répétition Long,ts_oriented,1,610,1.526956378540499,14.60883259762225,34.604509076384716
Répétition Long,ts_oriented,2,610,30.49595808610691,57.25174484066435,73.89458116647617
Répétition Long,ts_oriented,3,610,67.75327478585481,85.18755580187812,93.22536098088804
Répétition Long,ts_oriented,4,610,87.55687436616455,95.37659598870876,100.0
Répétition Long,ts_oriented,5,610,86.67840556951262,99.1107201838287,100.0
Répétition Long,ts_oriented,6,610,70.64116955077753,95.92166742571041,100.0
Répétition Long,ts_oriented,7,610,52.855453623878084,86.39286678875274,97.95741727659126
Répétition Long,ts_oriented,8,610,26.503032623463646,73.01295965094792,92.76052690875851
Répétition Long,ts_oriented,9,610,0.6335687325838796,58.8469597865386,86.91583081920682
Répétition Long,ts_oriented,10,610,-29.098743140422073,42.14563066925457,78.71939455338428
Répétition Long,ts_oriented,11,610,-57.30215572731262,24.702504622251205,67.04838699434853
Répétition Long,ts_oriented,12,610,-78.118156551138,2.503059509593269,56.07447962191169
Répétition Long,ts_oriented,13,610,-83.60553221991567,-17.78209674022078,48.231721106816636
Répétition Long,ts_oriented,14,610,-87.98092734513114,-38.47477733739362,43.65961402239857
Répétition Long,ts_oriented,15,610,-91.2252397998227,-42.83509099173304,34.84805475764519
Répétition Long,ts_oriented,16,610,-92.17377864521092,-46.380948314051416,34.25835107139681
Répétition Long,ts_oriented,17,610,-91.41820458780174,-46.60404871948654,41.68837941574379
Répétition Long,ts_oriented,18,610,-90.42216200714333,-50.98040752506239,52.034029732222486
Répétition Long,ts_oriented,19,610,-88.74860330813277,-41.70993778650141,58.188043204410064
Répétition Long,ts_oriented,20,610,-89.46004938170223,-32.32303209007749,73.47050408376299
Répétition Long,ts_oriented,21,610,-83.75609507289268,-19.634350021064403,76.8602181724178
Répétition Long,ts_oriented,22,610,-79.31167044385538,-10.832227665269524,79.40280481106761
Répétition Long,ts_oriented,23,610,-75.47909051061896,-0.3710215684357646,84.92738889031669
Répétition Long,ts_oriented,24,610,-71.28704446409827,14.040172627115144,82.94595233644628
Répétition Long,ts_oriented,25,610,-64.53773947975014,17.591486185560008,85.56464012262963
Répétition Long,ts_oriented,26,610,-61.5651503950895,24.83239643748913,84.45120632436348
Répétition Long,ts_oriented,27,610,-64.30278118053774,22.74060904772538,84.73826787979917
Répétition Long,ts_oriented,28,610,-64.5569125019254,21.221435093569106,85.764417704955
Répétition Long,ts_oriented,29,610,-66.6101728081081,21.0606080140115,84.14226835994118
Répétition Long,ts_oriented,30,610,-71.78653906923591,22.366103762774056,81.06898143654709
Répétition Long,ts_oriented,31,610,-71.02120286684286,18.382973432740233,78.95233187713765
Répétition Long,ts_oriented,32,610,-74.81366594133607,16.408625595822127,78.06952949180288
Répétition Long,ts_oriented,33,610,-74.25802572774282,6.273254260948706,76.51629418995945
Répétition Long,ts_oriented,34,610,-76.63027498588002,9.31901479041806,77.23697067254082
Répétition Long,ts_oriented,35,610,-75.20431330836944,5.333389331215754,77.96983971300328
Répétition Long,ts_oriented,36,610,-75.93143598206525,1.8928835495771974,77.51011597496154
Répétition Long,ts_oriented,37,610,-76.92579980260233,3.0469214645126366,79.30249589707712
Répétition Long,ts_oriented,38,610,-81.34860959295791,2.776318729597221,78.77334375198873
Répétition Long,ts_oriented,39,610,-82.85272111771417,1.7446163729837798,77.73515266144804
Répétition Long,ts_oriented,40,610,-81.58804182733266,-0.09693217405134172,78.57268490793881
Répétition Long,ts_oriented,41,610,-82.41856496185109,1.0410589618558155,78.14920467139214
Répétition Long,ts_oriented,42,610,-78.75139974520529,7.054339242627556,81.83391134549551
Répétition Long,ts_oriented,43,610,-72.84169233249744,4.956543255157211,80.71076647764184
Répétition Long,ts_oriented,44,610,-71.0641186110148,0.41387395635450613,79.86843013646927
Répétition Long,ts_oriented,45,610,-70.4297743478854,-1.1097540320803208,74.81876032897182
Répétition Long,ts_oriented,46,610,-77.44334389806066,-2.538229191719081,77.87492416357355
Répétition Long,ts_oriented,47,610,-75.74944528360645,-3.566858388122669,74.38746116115856
Répétition Long,ts_oriented,48,610,-82.22403578515913,-3.9156868211052034,75.93344848692729
Répétition Long,x1_atr_oriented,-48,610,-0.17439202885899321,0.015723930731548583,0.1981525060640243
Répétition Long,x1_atr_oriented,-47,610,-0.18304290271759405,0.013399658445998752,0.1807597685776745
Répétition Long,x1_atr_oriented,-46,610,-0.1875250467263371,0.008771817689230717,0.18563518899664364
Répétition Long,x1_atr_oriented,-45,610,-0.19962716037930417,0.004352832447072998,0.1766766759552193
Répétition Long,x1_atr_oriented,-44,610,-0.21735396522347564,-0.0027222766014975194,0.17827061779075154
Répétition Long,x1_atr_oriented,-43,610,-0.19907253192771995,-0.01521822076684401,0.17463197138560294
Répétition Long,x1_atr_oriented,-42,610,-0.194082353478858,-0.007661915979075208,0.16361071693305212
Répétition Long,x1_atr_oriented,-41,610,-0.1939815426472566,-0.0032964026107541564,0.16561060117797233
Répétition Long,x1_atr_oriented,-40,610,-0.1780663298026293,0.00805820107632177,0.19238351392490002
Répétition Long,x1_atr_oriented,-39,610,-0.15589059185376078,0.011779423833051736,0.20564198569560105
Répétition Long,x1_atr_oriented,-38,610,-0.14302178725930625,0.024162961735050503,0.23048267220392893
Répétition Long,x1_atr_oriented,-37,610,-0.12933438095158856,0.033116503608600606,0.23646493917195605
Répétition Long,x1_atr_oriented,-36,610,-0.10949171850403948,0.04362094683713525,0.24108117259433962
Répétition Long,x1_atr_oriented,-35,610,-0.10353680305589477,0.04592512534363416,0.24558770902089894
Répétition Long,x1_atr_oriented,-34,610,-0.11281791233834813,0.04930749146352251,0.24563517360852477
Répétition Long,x1_atr_oriented,-33,610,-0.10604223928334658,0.04427311352432971,0.2505915700401058
Répétition Long,x1_atr_oriented,-32,610,-0.11104085545392238,0.02441100087658235,0.2509637653677721
Répétition Long,x1_atr_oriented,-31,610,-0.12439590637176476,0.02023439142230812,0.21386040518117966
Répétition Long,x1_atr_oriented,-30,610,-0.14250247793641127,0.016588653595548945,0.20831526757973423
Répétition Long,x1_atr_oriented,-29,610,-0.1549658395079452,-0.006142144322375828,0.17411409568996278
Répétition Long,x1_atr_oriented,-28,610,-0.17207688369871735,-0.0310711639642025,0.14445736205542595
Répétition Long,x1_atr_oriented,-27,610,-0.1948080150728994,-0.05159469077801537,0.1022959309442043
Répétition Long,x1_atr_oriented,-26,610,-0.22225666511536873,-0.07441989432492421,0.06804202992290506
Répétition Long,x1_atr_oriented,-25,610,-0.2435031667253575,-0.100717156116789,0.04561989366904001
Répétition Long,x1_atr_oriented,-24,610,-0.25787787231450704,-0.11724047565880344,0.015338351833909534
Répétition Long,x1_atr_oriented,-23,610,-0.2680149462457298,-0.13335230359986056,0.001196802274672578
Répétition Long,x1_atr_oriented,-22,610,-0.27731640014898223,-0.13993090866748747,-0.009255946020070155
Répétition Long,x1_atr_oriented,-21,610,-0.2734602704707195,-0.1403732953026476,-0.013429463080392789
Répétition Long,x1_atr_oriented,-20,610,-0.264746532527248,-0.13244606833764574,-0.019346781021890393
Répétition Long,x1_atr_oriented,-19,610,-0.23787235726263423,-0.11817123138639839,-0.01496510302373411
Répétition Long,x1_atr_oriented,-18,610,-0.21006721859976268,-0.10079001497120303,0.005172500178064747
Répétition Long,x1_atr_oriented,-17,610,-0.1902816055897914,-0.08030218765453509,0.022435708954124618
Répétition Long,x1_atr_oriented,-16,610,-0.16408801721354888,-0.05696274600008848,0.040906496089721044
Répétition Long,x1_atr_oriented,-15,610,-0.1488904743297638,-0.03993478499185235,0.04965707180821485
Répétition Long,x1_atr_oriented,-14,610,-0.1496804167329418,-0.043244314205363545,0.06078242652210006
Répétition Long,x1_atr_oriented,-13,610,-0.15817513610475537,-0.04234248872425994,0.05422247577611515
Répétition Long,x1_atr_oriented,-12,610,-0.19040836389635674,-0.05126431993543052,0.04002905727246796
Répétition Long,x1_atr_oriented,-11,610,-0.23452789582174915,-0.073840824252468,0.018237258611699624
Répétition Long,x1_atr_oriented,-10,610,-0.2788979571762844,-0.10753712161208534,-0.010507054790629754
Répétition Long,x1_atr_oriented,-9,610,-0.32362047855471954,-0.15848151126234455,-0.04105659030966851
Répétition Long,x1_atr_oriented,-8,610,-0.372829286492806,-0.21629141348816322,-0.09490174920039214
Répétition Long,x1_atr_oriented,-7,610,-0.4138296052274681,-0.24955396355138873,-0.14824558008939806
Répétition Long,x1_atr_oriented,-6,610,-0.4310643679519734,-0.2851781185674544,-0.18427413139911478
Répétition Long,x1_atr_oriented,-5,610,-0.42147031042428046,-0.298496619502888,-0.19574144896513856
Répétition Long,x1_atr_oriented,-4,610,-0.3906195821265497,-0.2844774003879468,-0.20099803442500105
Répétition Long,x1_atr_oriented,-3,610,-0.3229776557911741,-0.24531147130236258,-0.17273118085078865
Répétition Long,x1_atr_oriented,-2,610,-0.2265246846857114,-0.17192357988821474,-0.12448552987485863
Répétition Long,x1_atr_oriented,-1,610,-0.11939737053301813,-0.08061408490396671,-0.04916787958918705
Répétition Long,x1_atr_oriented,0,610,-0.025460344239879435,0.006896066529915331,0.04170927467251415
Répétition Long,x1_atr_oriented,1,610,0.04186864148496852,0.08959546467781532,0.14527557007189024
Répétition Long,x1_atr_oriented,2,610,0.09411627018026114,0.1635305093339281,0.24269040640559414
Répétition Long,x1_atr_oriented,3,610,0.12969220293375688,0.21022494276698994,0.31724221285966325
Répétition Long,x1_atr_oriented,4,610,0.1398835777761369,0.2542465538752743,0.3692422407824139
Répétition Long,x1_atr_oriented,5,610,0.1309336404977436,0.25951482829554,0.40945986585811645
Répétition Long,x1_atr_oriented,6,610,0.11568237983932174,0.2583748308146401,0.40181487794256815
Répétition Long,x1_atr_oriented,7,610,0.07465564556913572,0.23829973018234402,0.3658817344044203
Répétition Long,x1_atr_oriented,8,610,0.024291697709808286,0.19757593594150374,0.3237561958082915
Répétition Long,x1_atr_oriented,9,610,-0.032442489104023316,0.1424234776465664,0.27726773657190124
Répétition Long,x1_atr_oriented,10,610,-0.09608785256427375,0.08192742122103365,0.2296208161493362
Répétition Long,x1_atr_oriented,11,610,-0.14822540207275353,0.020765960002771117,0.19276835273376533
Répétition Long,x1_atr_oriented,12,610,-0.1957376860574761,-0.020402608637341765,0.14314443877834604
Répétition Long,x1_atr_oriented,13,610,-0.2300644586954658,-0.05783435774375677,0.11886843582466639
Répétition Long,x1_atr_oriented,14,610,-0.24183556993977162,-0.07958028613534862,0.09692381629701186
Répétition Long,x1_atr_oriented,15,610,-0.2567695653237404,-0.08235735968218555,0.0736325148426072
Répétition Long,x1_atr_oriented,16,610,-0.2568437052372934,-0.08360863886059544,0.07943097800609084
Répétition Long,x1_atr_oriented,17,610,-0.27164610591189464,-0.09009873009055538,0.09059783020102108
Répétition Long,x1_atr_oriented,18,610,-0.2830447752602278,-0.0954908942126248,0.11375054378228501
Répétition Long,x1_atr_oriented,19,610,-0.2691003108102877,-0.07088249483951709,0.1377345729454933
Répétition Long,x1_atr_oriented,20,610,-0.25680673325456344,-0.0484590852895344,0.1448421178047666
Répétition Long,x1_atr_oriented,21,610,-0.24440984429819107,-0.026817700532212996,0.16869938477828064
Répétition Long,x1_atr_oriented,22,610,-0.20969282183016202,-0.01488537308208205,0.19149881778315392
Répétition Long,x1_atr_oriented,23,610,-0.20376232939577726,0.017426081723027786,0.2074267095900402
Répétition Long,x1_atr_oriented,24,610,-0.20783485406880664,0.03803240875169002,0.23575194178423187
Répétition Long,x1_atr_oriented,25,610,-0.17207856737943678,0.04335483994330863,0.24779502867991526
Répétition Long,x1_atr_oriented,26,610,-0.1417664049507802,0.05558481262529513,0.24628714478819377
Répétition Long,x1_atr_oriented,27,610,-0.1351342241700331,0.045714984181311764,0.23869731345150794
Répétition Long,x1_atr_oriented,28,610,-0.13789964669578314,0.04246372737057772,0.2398483694313306
Répétition Long,x1_atr_oriented,29,610,-0.15756553804354975,0.04729196482398757,0.2318602983397994
Répétition Long,x1_atr_oriented,30,610,-0.16754946073806593,0.044161267105210844,0.21855543012848505
Répétition Long,x1_atr_oriented,31,610,-0.15548253881881033,0.02863531610662305,0.22775316029398235
Répétition Long,x1_atr_oriented,32,610,-0.16484612760600836,0.021575278812161813,0.22430551759712547
Répétition Long,x1_atr_oriented,33,610,-0.17054914803090046,0.020644220945325163,0.22082018562570338
Répétition Long,x1_atr_oriented,34,610,-0.16896320250882482,0.012586686846343894,0.2063898822466194
Répétition Long,x1_atr_oriented,35,610,-0.1668899363737706,0.009624432348264093,0.19843993111467906
Répétition Long,x1_atr_oriented,36,610,-0.1748968449194595,0.002829034499240008,0.19434752345646725
Répétition Long,x1_atr_oriented,37,610,-0.20713458795432155,0.0054748429000078674,0.20395973375458215
Répétition Long,x1_atr_oriented,38,610,-0.21400831190896202,0.0013213809860444484,0.19214637214177327
Répétition Long,x1_atr_oriented,39,610,-0.22020446858107143,0.00316921281271089,0.19600903473610548
Répétition Long,x1_atr_oriented,40,610,-0.20946393368411437,-0.002022087102627405,0.19306955049808577
Répétition Long,x1_atr_oriented,41,610,-0.21291821795145544,0.009258143637419785,0.19282425223857969
Répétition Long,x1_atr_oriented,42,610,-0.20682487761475893,0.00890014444468239,0.2157876907673339
Répétition Long,x1_atr_oriented,43,610,-0.2014104201799765,-0.00502236138329096,0.22304241557051555
Répétition Long,x1_atr_oriented,44,610,-0.18901388546035988,-0.0017678166070610895,0.21304942409934877
Répétition Long,x1_atr_oriented,45,610,-0.19093990636478406,-0.0034740813160179197,0.22230269922176737
Répétition Long,x1_atr_oriented,46,610,-0.17652066634645175,-0.006914948882391763,0.2106594609699838
Répétition Long,x1_atr_oriented,47,610,-0.19237084853360864,0.0008279576400252492,0.19479856115069275
Répétition Long,x1_atr_oriented,48,610,-0.18323005779734058,-0.0034766294494913263,0.1838332172555087
Répétition Long,nis_z_100,-48,610,-0.6061163375940073,-0.38041949340505427,0.21723705174193556
Répétition Long,nis_z_100,-47,610,-0.5835281528499081,-0.34324447424561644,0.2598090741368821
Répétition Long,nis_z_100,-46,610,-0.5788527709670411,-0.3704796014975698,0.2467106306456209
Répétition Long,nis_z_100,-45,610,-0.5933585400726046,-0.39945938016258087,0.11302973255508925
Répétition Long,nis_z_100,-44,610,-0.6195236925774038,-0.4020714693079859,0.1354319746271867
Répétition Long,nis_z_100,-43,610,-0.5900577195088965,-0.38798692112980093,0.15403887210881506
Répétition Long,nis_z_100,-42,610,-0.6030798978858625,-0.41201511523185375,0.09771487155676112
Répétition Long,nis_z_100,-41,610,-0.5918846866621066,-0.39359708719114883,0.06960731810718265
Répétition Long,nis_z_100,-40,610,-0.58780048700797,-0.40129972004049247,0.0487327718116457
Répétition Long,nis_z_100,-39,610,-0.6112417541764181,-0.4298633060911379,0.08916300633552429
Répétition Long,nis_z_100,-38,610,-0.585950617343082,-0.3948836611699351,0.16720293620645899
Répétition Long,nis_z_100,-37,610,-0.5978114472685259,-0.4152974549299873,0.1816986889829052
Répétition Long,nis_z_100,-36,610,-0.6033878766686273,-0.42657744195317454,0.03859900992220416
Répétition Long,nis_z_100,-35,610,-0.6321435508377289,-0.46639188353180133,0.02227866976562505
Répétition Long,nis_z_100,-34,610,-0.6145250472237307,-0.42989258943375075,0.03338735342858385
Répétition Long,nis_z_100,-33,610,-0.6177664856678715,-0.4374489260440335,0.0023874050982824343
Répétition Long,nis_z_100,-32,610,-0.6106319147419236,-0.4369437494714634,0.0013311771167817815
Répétition Long,nis_z_100,-31,610,-0.6073152903582073,-0.40882878924358856,0.02823258373042822
Répétition Long,nis_z_100,-30,610,-0.6096282929753192,-0.41211830229020174,0.01420303694488388
Répétition Long,nis_z_100,-29,610,-0.6210683674293002,-0.4394578660039242,0.1001397128182791
Répétition Long,nis_z_100,-28,610,-0.6174377194422422,-0.4347425327288121,0.0218575254779889
Répétition Long,nis_z_100,-27,610,-0.6157028769358336,-0.4380259522684793,0.07977734847196409
Répétition Long,nis_z_100,-26,610,-0.6187600980594627,-0.42625552645567555,0.03566418116859812
Répétition Long,nis_z_100,-25,610,-0.600543956366704,-0.4063786441530901,0.10314328265456163
Répétition Long,nis_z_100,-24,610,-0.6063199464907503,-0.41748590016134696,0.05453350713401697
Répétition Long,nis_z_100,-23,610,-0.6203344266098516,-0.45192930265281683,-0.06578740782288649
Répétition Long,nis_z_100,-22,610,-0.6444628391780707,-0.4584131569251459,-0.0680631279670459
Répétition Long,nis_z_100,-21,610,-0.6283327709297749,-0.45674447516295785,-0.13432630151888564
Répétition Long,nis_z_100,-20,610,-0.6169935511100908,-0.4485955831486703,-0.0549018841939825
Répétition Long,nis_z_100,-19,610,-0.6211332674885759,-0.4582002303233582,0.012562668451621874
Répétition Long,nis_z_100,-18,610,-0.609521277132031,-0.43649623658284514,-0.0278929367921208
Répétition Long,nis_z_100,-17,610,-0.6083178236585468,-0.42865794929016,-0.03868649980143801
Répétition Long,nis_z_100,-16,610,-0.6024466715878805,-0.4257257872094806,-0.012095096193149505
Répétition Long,nis_z_100,-15,610,-0.6268617429546287,-0.45808264251779296,-0.024930316106651456
Répétition Long,nis_z_100,-14,610,-0.63144590160286,-0.460652182778492,-0.01796677632192899
Répétition Long,nis_z_100,-13,610,-0.6422649034646815,-0.45972420116908275,0.07027919847721772
Répétition Long,nis_z_100,-12,610,-0.6058442504389854,-0.4369578683704875,0.13347574961022987
Répétition Long,nis_z_100,-11,610,-0.6123420750574617,-0.42002121980005136,0.1453936916790843
Répétition Long,nis_z_100,-10,610,-0.5988787964233225,-0.41446422443833925,0.26599123552862863
Répétition Long,nis_z_100,-9,610,-0.5931984532057926,-0.4005853764645442,0.10046401914958075
Répétition Long,nis_z_100,-8,610,-0.5923661535407351,-0.394129686731832,0.13599329856757222
Répétition Long,nis_z_100,-7,610,-0.5987358379103567,-0.4444540684661388,-0.07083118925809828
Répétition Long,nis_z_100,-6,610,-0.6407348214438974,-0.49123190381600745,-0.24204116447843066
Répétition Long,nis_z_100,-5,610,-0.6637425134408448,-0.5316339249862353,-0.3395230871583509
Répétition Long,nis_z_100,-4,610,-0.6497722653167667,-0.5264728651389744,-0.27619037700122895
Répétition Long,nis_z_100,-3,610,-0.608458875357613,-0.4258139047543884,0.06582401643394808
Répétition Long,nis_z_100,-2,610,-0.4824009429270478,-0.08599307413893456,0.7247679386749916
Répétition Long,nis_z_100,-1,610,-0.3256489977021009,0.17306671140118057,1.3042313141329753
Répétition Long,nis_z_100,0,610,-0.3155282812928175,0.19699221531668631,1.4467377146060647
Répétition Long,nis_z_100,1,610,-0.4247590256695084,0.024813516290628182,1.073431856907922
Répétition Long,nis_z_100,2,610,-0.5023274366150321,-0.16888988699283952,0.6162584991191263
Répétition Long,nis_z_100,3,610,-0.5654891031795801,-0.2972329069499944,0.28330086318015796
Répétition Long,nis_z_100,4,610,-0.6170632716471516,-0.45294199888563424,-0.0658441345282271
Répétition Long,nis_z_100,5,610,-0.6554965084020212,-0.5041094387985359,-0.27347704662781414
Répétition Long,nis_z_100,6,610,-0.6316843919759669,-0.481853176672016,-0.20266545174101327
Répétition Long,nis_z_100,7,610,-0.6023528823736809,-0.43927537965412766,8.654840029585396e-05
Répétition Long,nis_z_100,8,610,-0.5765384052923567,-0.392434356391013,0.098651727827962
Répétition Long,nis_z_100,9,610,-0.5676913839172313,-0.3341695652561301,0.21553842286251074
Répétition Long,nis_z_100,10,610,-0.5536761746308898,-0.3057614298338478,0.3667739351813078
Répétition Long,nis_z_100,11,610,-0.5516338528432552,-0.2653897714888659,0.4443246481020312
Répétition Long,nis_z_100,12,610,-0.5678252788640429,-0.23082420253043662,0.41399580184448803
Répétition Long,nis_z_100,13,610,-0.5869096906623406,-0.31784281700129147,0.3237045092717564
Répétition Long,nis_z_100,14,610,-0.5643117729935606,-0.34570791730452877,0.33289481503255586
Répétition Long,nis_z_100,15,610,-0.5800990166616806,-0.35695000926840537,0.19404793895849962
Répétition Long,nis_z_100,16,610,-0.582427551300097,-0.3577970841213148,0.3036576019662749
Répétition Long,nis_z_100,17,610,-0.5878813277823663,-0.3314603812425386,0.19132978220273944
Répétition Long,nis_z_100,18,610,-0.5811792869927037,-0.3680364301304341,0.24863866946244476
Répétition Long,nis_z_100,19,610,-0.5731468708344397,-0.3221409052475893,0.28469907276797074
Répétition Long,nis_z_100,20,610,-0.5885672869899441,-0.3480660897668235,0.2982003682089355
Répétition Long,nis_z_100,21,610,-0.5756477141534991,-0.33877183265348804,0.5070139117129071
Répétition Long,nis_z_100,22,610,-0.5722611460855931,-0.3563745013807252,0.31515967555537816
Répétition Long,nis_z_100,23,610,-0.5797490562678416,-0.32733744527306835,0.4791954141163649
Répétition Long,nis_z_100,24,610,-0.5836324454241628,-0.31591558856899,0.3653215980792769
Répétition Long,nis_z_100,25,610,-0.601961790281061,-0.3525066667301216,0.39972919272360835
Répétition Long,nis_z_100,26,610,-0.5999902409374483,-0.34504473899063626,0.3467154472143986
Répétition Long,nis_z_100,27,610,-0.5768554434181092,-0.3577178558441675,0.274366720344703
Répétition Long,nis_z_100,28,610,-0.5835043276656036,-0.34018207920096066,0.30224912047482
Répétition Long,nis_z_100,29,610,-0.5843822444572684,-0.3850508940653665,0.27859024787789355
Répétition Long,nis_z_100,30,610,-0.5884197530129849,-0.3918948593952517,0.31030821556948646
Répétition Long,nis_z_100,31,610,-0.5917618312338625,-0.3731597822497305,0.20630587186783889
Répétition Long,nis_z_100,32,610,-0.604366154291862,-0.3722015165597143,0.2284412558310228
Répétition Long,nis_z_100,33,610,-0.5935802731867447,-0.35223964739263625,0.3570769207216814
Répétition Long,nis_z_100,34,610,-0.5898720027996299,-0.3602501051389657,0.3075581363999755
Répétition Long,nis_z_100,35,610,-0.5754797879899223,-0.3216120189502318,0.2566290653018973
Répétition Long,nis_z_100,36,610,-0.5938710382892471,-0.3474512396986833,0.3487426364707437
Répétition Long,nis_z_100,37,610,-0.5864734512344754,-0.34169256573834417,0.3770171740170399
Répétition Long,nis_z_100,38,610,-0.575625727312707,-0.30837212196868113,0.27877927714140033
Répétition Long,nis_z_100,39,610,-0.5658044460962095,-0.32765452764832464,0.32481535974890463
Répétition Long,nis_z_100,40,610,-0.587026957049004,-0.35181831993878127,0.27227592178119
Répétition Long,nis_z_100,41,610,-0.5872620246860968,-0.3505238869306075,0.2841561228837027
Répétition Long,nis_z_100,42,610,-0.6021308647839952,-0.3818415125247475,0.28665929656547007
Répétition Long,nis_z_100,43,610,-0.6112236383410915,-0.369048678104234,0.3470964958362216
Répétition Long,nis_z_100,44,610,-0.5776138874703977,-0.3268166646688703,0.2856364435695333
Répétition Long,nis_z_100,45,610,-0.5767365863624686,-0.3453091536572457,0.28361182388489375
Répétition Long,nis_z_100,46,610,-0.5704077452136616,-0.35711642059817755,0.32563337631191
Répétition Long,nis_z_100,47,610,-0.5855776455566315,-0.30695624305534364,0.3088778692862547
Répétition Long,nis_z_100,48,610,-0.5881363769153638,-0.36387909945941144,0.2621841474474366
Répétition Short,price_atr,-48,649,0.09137074575946098,2.57595841693138,5.07084208298166
Répétition Short,price_atr,-47,649,0.23000461049799434,2.529032103837785,5.055098450060867
Répétition Short,price_atr,-46,649,0.11516901820153802,2.3987947022087437,4.956412120488336
Répétition Short,price_atr,-45,649,0.2528626083303029,2.6050706211598524,4.875392398513815
Répétition Short,price_atr,-44,649,0.42534591552524326,2.634439199638929,4.9572707730944074
Répétition Short,price_atr,-43,649,0.2553189318923427,2.575861203240606,4.886122241360012
Répétition Short,price_atr,-42,649,0.39752339912486767,2.708197606308702,4.9525446495310055
Répétition Short,price_atr,-41,649,0.5985932371138165,2.783271154694633,4.908430013367903
Répétition Short,price_atr,-40,649,0.6756418421183102,2.8934721239291994,5.046048548036665
Répétition Short,price_atr,-39,649,0.9200813044501333,2.8107255289506514,4.959570650602644
Répétition Short,price_atr,-38,649,1.0570709048166897,3.0138777512839803,4.945814102063412
Répétition Short,price_atr,-37,649,1.0389389534116356,3.0263981427772726,4.963089965708711
Répétition Short,price_atr,-36,649,1.0817561166406056,2.8706597002630816,4.7873516787467425
Répétition Short,price_atr,-35,649,1.2169056449587672,2.888269019319727,4.666577024828012
Répétition Short,price_atr,-34,649,1.2339624134383758,2.9761353191124815,4.651022209226087
Répétition Short,price_atr,-33,649,1.3519488256874017,2.964798161073083,4.529963913143907
Répétition Short,price_atr,-32,649,1.4848412299307017,2.862747669344765,4.538457865689781
Répétition Short,price_atr,-31,649,1.6082074039810579,2.815352316168541,4.434725941425574
Répétition Short,price_atr,-30,649,1.492915577557928,2.7058259118946686,4.318339626786785
Répétition Short,price_atr,-29,649,1.3226079153554975,2.5730838775992324,4.198388189426868
Répétition Short,price_atr,-28,649,1.1753911664142662,2.531176771722963,4.1729889024008
Répétition Short,price_atr,-27,649,1.1600302760745895,2.384875673623168,3.9867173324957292
Répétition Short,price_atr,-26,649,1.0628997632108084,2.2052363780010524,3.735698133898504
Répétition Short,price_atr,-25,649,0.9344798322546698,2.0425716807194054,3.700926637507101
Répétition Short,price_atr,-24,649,0.8740229125447759,1.9273629029702526,3.512587720172169
Répétition Short,price_atr,-23,649,0.8279307627275034,1.9904059570898116,3.422130664963205
Répétition Short,price_atr,-22,649,0.707071248546082,1.8279264956326864,3.3578178523317237
Répétition Short,price_atr,-21,649,0.7069878210782797,1.7908446311689235,3.2394199631140936
Répétition Short,price_atr,-20,649,0.6444639436690006,1.8220757287162657,3.2448107242541133
Répétition Short,price_atr,-19,649,0.730316504728483,1.7914540349130137,3.146226732215992
Répétition Short,price_atr,-18,649,0.7142286522863603,1.6974161321599663,3.063084515653958
Répétition Short,price_atr,-17,649,0.653901523106871,1.702586681817672,2.9967996647939388
Répétition Short,price_atr,-16,649,0.6203334783525888,1.6590144550733397,2.7358131808432407
Répétition Short,price_atr,-15,649,0.48501014614377763,1.5017999310900445,2.5743459337355112
Répétition Short,price_atr,-14,649,0.4916798081569442,1.3081135512243882,2.2943410329952827
Répétition Short,price_atr,-13,649,0.3373197336070036,1.149048051341618,1.9145434303090119
Répétition Short,price_atr,-12,649,0.056923446145406294,0.8314099337536649,1.5182448858963822
Répétition Short,price_atr,-11,649,-0.2545365332813028,0.4944835439196431,1.1398935926042155
Répétition Short,price_atr,-10,649,-0.533471472258534,0.07507304367023004,0.7883066866460656
Répétition Short,price_atr,-9,649,-0.8693005671030621,-0.20837468927036268,0.37816048269168256
Répétition Short,price_atr,-8,649,-1.1191143126021619,-0.431930895027698,0.11008879889632327
Répétition Short,price_atr,-7,649,-1.2575347305650189,-0.5695753328619245,-0.0555022406729774
Répétition Short,price_atr,-6,649,-1.3475878140197664,-0.7034739016599073,-0.15340207260794245
Répétition Short,price_atr,-5,649,-1.3129932423379913,-0.6997959314981375,-0.18170023477397154
Répétition Short,price_atr,-4,649,-1.2757902313205163,-0.7006695368554693,-0.16248087922289342
Répétition Short,price_atr,-3,649,-1.128368839684171,-0.5916345961132209,-0.03548811519151051
Répétition Short,price_atr,-2,649,-0.8177261892472742,-0.3612313215001414,0.13275737137637433
Répétition Short,price_atr,-1,649,-0.44349463388387184,-0.12481900545831255,0.20690956411905842
Répétition Short,price_atr,0,649,0.0,0.0,0.0
Répétition Short,price_atr,1,649,-0.3842416969065013,0.019474743334087663,0.37106383915781765
Répétition Short,price_atr,2,649,-0.4456243901314521,0.020434125201385964,0.4873127562608891
Répétition Short,price_atr,3,649,-0.5579174682745284,0.026840140789247513,0.5521361363512038
Répétition Short,price_atr,4,649,-0.6193076403661607,0.06376977608365911,0.6749537647834213
Répétition Short,price_atr,5,649,-0.6782129326178968,0.0792303823301832,0.7829933228046344
Répétition Short,price_atr,6,649,-0.8046601016949054,0.01443493166931252,0.7566020615958107
Répétition Short,price_atr,7,649,-0.831039934165155,0.0551789975423468,0.8981012113278833
Répétition Short,price_atr,8,649,-0.8867670701881541,0.04691352792526569,0.9791925488639157
Répétition Short,price_atr,9,649,-0.9010485021906673,0.054880942682687804,0.9899633126090717
Répétition Short,price_atr,10,649,-0.9956155754273963,0.10366135725480997,1.042626690837522
Répétition Short,price_atr,11,649,-1.0531966734260603,0.06668490913605611,1.1723553663407054
Répétition Short,price_atr,12,649,-1.1272552239170595,0.09500064677969892,1.268844277691272
Répétition Short,price_atr,13,649,-1.1379797252909618,0.1205982612504593,1.449667810230457
Répétition Short,price_atr,14,649,-1.1316719874775802,0.09761923864895444,1.3161685270997643
Répétition Short,price_atr,15,649,-1.1597205918663782,0.09997493787746876,1.4616202543722994
Répétition Short,price_atr,16,649,-1.1229890395195536,0.17223296910879193,1.408509111552301
Répétition Short,price_atr,17,649,-1.08431250806929,0.1966946755474004,1.5041018412117297
Répétition Short,price_atr,18,649,-1.1433244880900972,0.18911398561457002,1.4842000601691752
Répétition Short,price_atr,19,649,-1.1252746471412647,0.11820571819521128,1.547299491775184
Répétition Short,price_atr,20,649,-1.3813995364666973,0.11114953159694789,1.650583328441126
Répétition Short,price_atr,21,649,-1.2939050249306334,0.13844328435463124,1.725194318998749
Répétition Short,price_atr,22,649,-1.330004397185569,0.15657761177775767,1.6464333577843155
Répétition Short,price_atr,23,649,-1.5613803226363367,0.1429765428338,1.7407137968692468
Répétition Short,price_atr,24,649,-1.6377408870157943,0.11250860446136898,1.85007703672671
Répétition Short,price_atr,25,649,-1.7065943167189752,0.18948795306551688,1.8549565588689032
Répétition Short,price_atr,26,649,-1.7810434672858453,0.10276033492410296,1.7963818041110124
Répétition Short,price_atr,27,649,-1.9630253149158787,0.07558837959552522,1.8825669980111663
Répétition Short,price_atr,28,649,-2.1233423649449237,0.08560589072351922,1.8391483563274331
Répétition Short,price_atr,29,649,-2.1136972125224136,0.05578694109233754,1.9574366321131031
Répétition Short,price_atr,30,649,-2.1925585762577766,0.07115309927101612,2.049013462692991
Répétition Short,price_atr,31,649,-2.450282329720704,-0.05257250839081123,2.2702523861909376
Répétition Short,price_atr,32,649,-2.4089343160069987,0.027848638678280097,2.2483912878140035
Répétition Short,price_atr,33,649,-2.4680008357765635,0.01163928411940973,2.0959836235027227
Répétition Short,price_atr,34,649,-2.382836218743582,-0.0049396853367246136,2.250154183187541
Répétition Short,price_atr,35,649,-2.426409521237741,0.05828036550389923,2.472932062024128
Répétition Short,price_atr,36,649,-2.54192870157707,0.08210918059872334,2.540545337378932
Répétition Short,price_atr,37,649,-2.528747382698551,0.09595286877084769,2.596341431726928
Répétition Short,price_atr,38,649,-2.5551323293663124,0.09458374126359029,2.487160669975936
Répétition Short,price_atr,39,649,-2.590563132020986,0.10222297957889875,2.603851618368436
Répétition Short,price_atr,40,649,-2.6533675547786393,0.1138360222602755,2.704755835270994
Répétition Short,price_atr,41,649,-2.7514134690429772,0.020401036314252562,2.7034017731906457
Répétition Short,price_atr,42,649,-2.8046885929305376,0.18155360743883606,2.8210852799864066
Répétition Short,price_atr,43,649,-2.8146376241879167,0.2101009203527806,2.6211690207130607
Répétition Short,price_atr,44,649,-2.7679255964141753,0.18661868785336136,2.6039101527880173
Répétition Short,price_atr,45,649,-2.8202642174465686,0.16307229486936153,2.8411355416890416
Répétition Short,price_atr,46,649,-2.8660796219458295,0.15221092478660359,2.7866073808540763
Répétition Short,price_atr,47,649,-2.9119809956760503,0.19893475099563918,2.667462709033647
Répétition Short,price_atr,48,649,-3.085463951899306,0.025138094631742713,2.86128028949351
Répétition Short,ts_oriented,-48,649,-83.1645816251805,3.4783193269679344,75.94775452132829
Répétition Short,ts_oriented,-47,649,-83.501689469608,-2.093572700136464,76.80455033419757
Répétition Short,ts_oriented,-46,649,-82.50828345492063,-7.533163321245909,76.30120377926723
Répétition Short,ts_oriented,-45,649,-80.38638299739985,-6.20152774683947,73.610959198489
Répétition Short,ts_oriented,-44,649,-81.31863088298023,-3.1829572429434827,71.4028877146506
Répétition Short,ts_oriented,-43,649,-77.45671046501873,0.9193528693116626,73.15689065148096
Répétition Short,ts_oriented,-42,649,-71.83706553865821,-3.120085018426645,77.2782263254113
Répétition Short,ts_oriented,-41,649,-64.61919852089567,-1.7248944436669804,80.0138237720084
Répétition Short,ts_oriented,-40,649,-67.79649163339145,2.712142983319165,79.94545504685932
Répétition Short,ts_oriented,-39,649,-70.57065800626005,10.41715595939646,77.24758617564532
Répétition Short,ts_oriented,-38,649,-67.35434561608338,17.210485225602053,82.91994335199077
Répétition Short,ts_oriented,-37,649,-63.3474791191926,17.30208177555448,88.70717388206378
Répétition Short,ts_oriented,-36,649,-61.15971691414753,20.946094721072033,88.37229521996555
Répétition Short,ts_oriented,-35,649,-61.64077194269134,23.47309939245294,88.79620500490535
Répétition Short,ts_oriented,-34,649,-67.77596349945178,31.838149895598033,85.35056922426742
Répétition Short,ts_oriented,-33,649,-66.43683322710062,27.738448204874498,85.1094729856918
Répétition Short,ts_oriented,-32,649,-64.96469368289007,17.692422245015834,80.85429546553604
Répétition Short,ts_oriented,-31,649,-68.94013183139528,6.401330963644784,78.39887692138949
Répétition Short,ts_oriented,-30,649,-70.13370947838168,-0.3688802012320653,74.94673278679282
Répétition Short,ts_oriented,-29,649,-80.69351522360512,-8.457087998198478,66.55341476304413
Répétition Short,ts_oriented,-28,649,-86.60282370814086,-20.54735272182534,58.82503653016342
Répétition Short,ts_oriented,-27,649,-88.91382189943643,-33.31130626550671,43.926968127609115
Répétition Short,ts_oriented,-26,649,-92.01138500447489,-47.57466447978129,27.812782976874825
Répétition Short,ts_oriented,-25,649,-92.84236972072087,-58.40845383792899,17.591072550387366
Répétition Short,ts_oriented,-24,649,-93.29852584954779,-63.359734582609256,5.422510180645777
Répétition Short,ts_oriented,-23,649,-94.75230738993783,-71.16402503356524,-6.125088621987945
Répétition Short,ts_oriented,-22,649,-94.54791326193383,-70.42226831656832,-13.334607000502125
Répétition Short,ts_oriented,-21,649,-93.6418996182457,-66.70272816881497,-16.59783594749257
Répétition Short,ts_oriented,-20,649,-92.8802639469044,-66.92272137731327,-16.67533075398126
Répétition Short,ts_oriented,-19,649,-90.74635103702549,-61.35183757759713,-5.722339738497346
Répétition Short,ts_oriented,-18,649,-87.71775452453767,-53.954171006275715,-0.11059009273405114
Répétition Short,ts_oriented,-17,649,-82.65706514536038,-44.494688842205996,7.224310377765666
Répétition Short,ts_oriented,-16,649,-80.35349899540283,-35.95078314667412,16.81581611180062
Répétition Short,ts_oriented,-15,649,-76.83924824024875,-29.493205177973888,26.459490660035794
Répétition Short,ts_oriented,-14,649,-76.61807600323465,-25.619359327437063,34.75336488449801
Répétition Short,ts_oriented,-13,649,-81.18937457618826,-27.130805145499433,40.61379540721028
Répétition Short,ts_oriented,-12,649,-87.8575944822954,-36.856544687620904,32.083056846906196
Répétition Short,ts_oriented,-11,649,-94.49611179678952,-50.42883984175344,17.25155966831105
Répétition Short,ts_oriented,-10,649,-100.0,-65.11677707250645,-10.937287717816583
Répétition Short,ts_oriented,-9,649,-100.0,-84.86592861759259,-27.525142383483324
Répétition Short,ts_oriented,-8,649,-100.0,-94.25569353311317,-58.972341885848884
Répétition Short,ts_oriented,-7,649,-100.0,-97.58997719709119,-77.62941096126184
Répétition Short,ts_oriented,-6,649,-100.0,-96.70202320052924,-87.46227512037899
Répétition Short,ts_oriented,-5,649,-99.72703602864057,-95.48984446118794,-87.71933887110931
Répétition Short,ts_oriented,-4,649,-97.63436912374107,-91.37071167941376,-80.716729507529
Répétition Short,ts_oriented,-3,649,-90.20200192902188,-80.19736908935073,-69.31791024250258
Répétition Short,ts_oriented,-2,649,-73.58833280576421,-63.88848763987389,-54.822633382492256
Répétition Short,ts_oriented,-1,649,-48.56456231877311,-41.26193090190314,-35.87436543138366
Répétition Short,ts_oriented,0,649,-24.167423404491853,-17.31433674697009,-8.33193766942289
Répétition Short,ts_oriented,1,649,-1.3594462028246674,13.481216349114689,35.36944241344638
Répétition Short,ts_oriented,2,649,26.626660439458387,56.55946612501606,75.32447706094428
Répétition Short,ts_oriented,3,649,66.35042437814381,84.72847845121157,93.57800693274233
Répétition Short,ts_oriented,4,649,86.48075461484696,95.64216966459463,100.0
Répétition Short,ts_oriented,5,649,86.46682195014039,98.98836888535175,100.0
Répétition Short,ts_oriented,6,649,68.98301476715105,95.01091678698181,100.0
Répétition Short,ts_oriented,7,649,54.12287290160677,86.41696801429926,97.93656257247112
Répétition Short,ts_oriented,8,649,32.00744002002949,74.33465712445013,93.33812108756707
Répétition Short,ts_oriented,9,649,9.633540223154759,59.09574120928037,85.79411888567188
Répétition Short,ts_oriented,10,649,-16.203879148625695,45.48262511136904,77.34340826796964
Répétition Short,ts_oriented,11,649,-41.29703721290783,28.412375038461132,69.37626974815443
Répétition Short,ts_oriented,12,649,-61.90268609280043,15.699533227989354,61.55498248099597
Répétition Short,ts_oriented,13,649,-77.81253533123648,-5.107578916863763,56.71733724931232
Répétition Short,ts_oriented,14,649,-83.6997548885516,-25.11765836510064,52.80071963263441
Répétition Short,ts_oriented,15,649,-90.20891188020376,-42.9225163436299,52.1924458445998
Répétition Short,ts_oriented,16,649,-91.9450687850461,-53.302222215601894,54.0841884435803
Répétition Short,ts_oriented,17,649,-92.7937061802811,-54.40861391877285,51.16422781983789
Répétition Short,ts_oriented,18,649,-92.32774224904672,-46.84383322860008,48.70202789654778
Répétition Short,ts_oriented,19,649,-88.98377658213424,-40.73395730319883,52.500611255352936
Répétition Short,ts_oriented,20,649,-85.93405293757529,-38.67590768751786,59.75050171175605
Répétition Short,ts_oriented,21,649,-83.43697809789937,-31.351427826188825,65.23571734625449
Répétition Short,ts_oriented,22,649,-80.12513650571975,-19.75857180937366,72.46167156103361
Répétition Short,ts_oriented,23,649,-74.97929606701291,-8.416412660686017,69.6332032851268
Répétition Short,ts_oriented,24,649,-69.35847916263445,-5.609607347607486,74.43670737405672
Répétition Short,ts_oriented,25,649,-69.04674758643229,2.2983861440682105,79.87390989450415
Répétition Short,ts_oriented,26,649,-69.30342883980802,12.926877216843344,78.04764739479025
Répétition Short,ts_oriented,27,649,-71.2640963420409,14.905111021913482,81.53260124098432
Répétition Short,ts_oriented,28,649,-70.07564955389398,17.455175109112687,82.95827583160816
Répétition Short,ts_oriented,29,649,-72.78393375215411,15.126316080833021,82.0532941287948
Répétition Short,ts_oriented,30,649,-71.12196896779697,16.84716652926871,83.83947971651101
Répétition Short,ts_oriented,31,649,-74.0530691910247,12.957942823267794,82.13011645299632
Répétition Short,ts_oriented,32,649,-74.44253172975475,10.495874454207996,79.69650263638768
Répétition Short,ts_oriented,33,649,-74.70601810038562,7.617235304285805,78.4587951969411
Répétition Short,ts_oriented,34,649,-78.89772720960327,7.10358120160458,78.00803738517072
Répétition Short,ts_oriented,35,649,-79.22760572763741,-4.347859318251632,78.38964166855868
Répétition Short,ts_oriented,36,649,-76.9926251966228,-5.597155712529362,76.10074344549892
Répétition Short,ts_oriented,37,649,-77.77257774317451,3.7731776855602868,78.75951559161808
Répétition Short,ts_oriented,38,649,-78.21736119245095,-1.5592060144522197,82.73144245190413
Répétition Short,ts_oriented,39,649,-75.53829168129612,3.019914590201983,80.98573578761294
Répétition Short,ts_oriented,40,649,-77.30476443447311,5.303079580850465,77.50315038038944
Répétition Short,ts_oriented,41,649,-76.80539922371116,4.084342411205253,78.86375864138223
Répétition Short,ts_oriented,42,649,-76.46473950543727,3.756363796689642,78.58277934635389
Répétition Short,ts_oriented,43,649,-78.22875241144514,-2.260528406734006,81.02497843506596
Répétition Short,ts_oriented,44,649,-78.81469857513794,-1.0385632636770552,77.1756264963286
Répétition Short,ts_oriented,45,649,-81.388752520965,-3.987456535563851,78.74656696399738
Répétition Short,ts_oriented,46,649,-81.54192612874475,-3.983425007784149,77.0331003026944
Répétition Short,ts_oriented,47,649,-80.8544956445166,-8.442809460330748,74.82385222521525
Répétition Short,ts_oriented,48,649,-78.0733106642803,-4.83679473822914,69.60582771220929
Répétition Short,x1_atr_oriented,-48,649,-0.2502524235911123,-0.0021207183650602973,0.22643222528992346
Répétition Short,x1_atr_oriented,-47,649,-0.2310112079299719,-0.00521330570796952,0.24019354600173687
Répétition Short,x1_atr_oriented,-46,649,-0.22578174088486583,-0.020116633363331516,0.23425227594378945
Répétition Short,x1_atr_oriented,-45,649,-0.24567873077076433,-0.0119383665116788,0.21165757079685601
Répétition Short,x1_atr_oriented,-44,649,-0.25377085946556344,-0.0067135984668330075,0.21645853511355342
Répétition Short,x1_atr_oriented,-43,649,-0.23510339302365837,0.005712655958559915,0.22149686703032537
Répétition Short,x1_atr_oriented,-42,649,-0.21298883082137293,-0.007066459759568529,0.21276292279328687
Répétition Short,x1_atr_oriented,-41,649,-0.1799432593291182,0.0018390517025587553,0.21282965254532474
Répétition Short,x1_atr_oriented,-40,649,-0.18173709588102419,0.01880548344521713,0.21475731675463008
Répétition Short,x1_atr_oriented,-39,649,-0.16947071338298889,0.026844299251185994,0.24598177456967288
Répétition Short,x1_atr_oriented,-38,649,-0.15282980835872445,0.03153389072007034,0.2569760210011668
Répétition Short,x1_atr_oriented,-37,649,-0.1386774460784329,0.04782289939847068,0.25787832573568903
Répétition Short,x1_atr_oriented,-36,649,-0.13304164010795028,0.05307620105729555,0.26443246715540647
Répétition Short,x1_atr_oriented,-35,649,-0.1282763662568235,0.056469635931926915,0.30223085261876786
Répétition Short,x1_atr_oriented,-34,649,-0.15059841648730618,0.05925433573543522,0.2916434375789327
Répétition Short,x1_atr_oriented,-33,649,-0.14855888475050802,0.05425869710380359,0.27418133565486497
Répétition Short,x1_atr_oriented,-32,649,-0.14101689895886693,0.02841378464445004,0.2495933788653494
Répétition Short,x1_atr_oriented,-31,649,-0.15958613082219475,0.005481805767136266,0.2342481242703796
Répétition Short,x1_atr_oriented,-30,649,-0.16486409026231205,-0.012654152785350013,0.2025364136497686
Répétition Short,x1_atr_oriented,-29,649,-0.19594673017389003,-0.024812261300331782,0.1691524055857156
Répétition Short,x1_atr_oriented,-28,649,-0.2051175538027689,-0.05525570679803133,0.1317298053565891
Répétition Short,x1_atr_oriented,-27,649,-0.23192164403180998,-0.08413629965724137,0.1068075355333333
Répétition Short,x1_atr_oriented,-26,649,-0.2601980967421449,-0.09672109544303015,0.061486219857097894
Répétition Short,x1_atr_oriented,-25,649,-0.26916342985413605,-0.12893106753318834,0.020942775825437167
Répétition Short,x1_atr_oriented,-24,649,-0.29842982476936863,-0.14402849884863225,0.0003130137208374796
Répétition Short,x1_atr_oriented,-23,649,-0.3063187770631181,-0.15584895748112465,-0.01662938128263531
Répétition Short,x1_atr_oriented,-22,649,-0.3068319751537009,-0.1607949431004525,-0.026635663722497645
Répétition Short,x1_atr_oriented,-21,649,-0.2905272998623748,-0.15893593766400638,-0.036797630322219936
Répétition Short,x1_atr_oriented,-20,649,-0.28978917929989445,-0.1445735380920307,-0.016919681738706345
Répétition Short,x1_atr_oriented,-19,649,-0.2568398381607572,-0.1321670317846855,0.0010925440095120175
Répétition Short,x1_atr_oriented,-18,649,-0.2348971670954575,-0.10958250915723709,0.0022030264076660193
Répétition Short,x1_atr_oriented,-17,649,-0.2212455321901185,-0.08702763886457525,0.027153385777359915
Répétition Short,x1_atr_oriented,-16,649,-0.20587454793629842,-0.05441805392607785,0.04437465400075401
Répétition Short,x1_atr_oriented,-15,649,-0.19348347962834947,-0.05007048436124781,0.0552843972940667
Répétition Short,x1_atr_oriented,-14,649,-0.18213578609384254,-0.045896950572185895,0.06113196529636734
Répétition Short,x1_atr_oriented,-13,649,-0.18528705655251612,-0.056961668166276826,0.06042056665409112
Répétition Short,x1_atr_oriented,-12,649,-0.22130005758357268,-0.07518704220981531,0.04544263051674319
Répétition Short,x1_atr_oriented,-11,649,-0.26435757249716624,-0.10262955082304986,0.005682141447743399
Répétition Short,x1_atr_oriented,-10,649,-0.32498578553554414,-0.13999128921779352,-0.02655931807906839
Répétition Short,x1_atr_oriented,-9,649,-0.39265728545984857,-0.18470786439232142,-0.06699183213563864
Répétition Short,x1_atr_oriented,-8,649,-0.4316942607727366,-0.24955007192323622,-0.11173804488363676
Répétition Short,x1_atr_oriented,-7,649,-0.4475544944754225,-0.29367786014007474,-0.15752495397788965
Répétition Short,x1_atr_oriented,-6,649,-0.4638776019348119,-0.3173415771612255,-0.19403798925693944
Répétition Short,x1_atr_oriented,-5,649,-0.4391197184560716,-0.3125837021616675,-0.20681430603442721
Répétition Short,x1_atr_oriented,-4,649,-0.39861984799324207,-0.2936843376502399,-0.20617744253746462
Répétition Short,x1_atr_oriented,-3,649,-0.33490794640442856,-0.24678695300401543,-0.18085446093270002
Répétition Short,x1_atr_oriented,-2,649,-0.2420907419354579,-0.17561253442700928,-0.12806678829345913
Répétition Short,x1_atr_oriented,-1,649,-0.12584478251225062,-0.08419136007581371,-0.05194874110630179
Répétition Short,x1_atr_oriented,0,649,-0.02912482690939368,0.005607980045029848,0.04086806042637151
Répétition Short,x1_atr_oriented,1,649,0.03873244977136476,0.09296448693966505,0.15466804893875444
Répétition Short,x1_atr_oriented,2,649,0.09430386584648048,0.16650943617713101,0.25161408069609215
Répétition Short,x1_atr_oriented,3,649,0.12887993124835703,0.22479583485272955,0.3323704854854934
Répétition Short,x1_atr_oriented,4,649,0.14108312607145765,0.26050279834752654,0.3980763677646295
Répétition Short,x1_atr_oriented,5,649,0.14031869919293127,0.27465590057538264,0.42811395174573735
Répétition Short,x1_atr_oriented,6,649,0.11290949983145313,0.26246724613179684,0.42301533704883554
Répétition Short,x1_atr_oriented,7,649,0.0860747902851704,0.2395236342496379,0.39790449285781504
Répétition Short,x1_atr_oriented,8,649,0.03985596356725198,0.19648755959630254,0.358971564366974
Répétition Short,x1_atr_oriented,9,649,-0.017162523752622155,0.15361117224481335,0.31032082492211394
Répétition Short,x1_atr_oriented,10,649,-0.06427175831025787,0.10094937429028852,0.26119126215582117
Répétition Short,x1_atr_oriented,11,649,-0.10657407346654015,0.051564212742115444,0.21333827883666684
Répétition Short,x1_atr_oriented,12,649,-0.16083925915995237,0.0025404440224888612,0.17198478194163883
Répétition Short,x1_atr_oriented,13,649,-0.18592564325542318,-0.03310807508495717,0.14543511998515665
Répétition Short,x1_atr_oriented,14,649,-0.23793658305435167,-0.06569075951160565,0.12355217147852775
Répétition Short,x1_atr_oriented,15,649,-0.2632111626455681,-0.10213292938610748,0.12212958038451865
Répétition Short,x1_atr_oriented,16,649,-0.27603029719661637,-0.1026108279850061,0.09992269616835868
Répétition Short,x1_atr_oriented,17,649,-0.29393732441044645,-0.10210589568155368,0.09741498679413424
Répétition Short,x1_atr_oriented,18,649,-0.2895680248638857,-0.08029525892755668,0.08960271723032612
Répétition Short,x1_atr_oriented,19,649,-0.28201097110058704,-0.0716076097729554,0.10218032168120693
Répétition Short,x1_atr_oriented,20,649,-0.2636999969251462,-0.06828117468656172,0.11902620105866708
Répétition Short,x1_atr_oriented,21,649,-0.23741239994881597,-0.04269755211883714,0.13522398652077647
Répétition Short,x1_atr_oriented,22,649,-0.22876818377804103,-0.027458852570106752,0.15319150842565293
Répétition Short,x1_atr_oriented,23,649,-0.18848283122352608,-0.01738758192827687,0.15659940693880514
Répétition Short,x1_atr_oriented,24,649,-0.18347584984650672,-0.003980335355839068,0.16331046521923084
Répétition Short,x1_atr_oriented,25,649,-0.1780138275198137,0.015265543412818163,0.1921858976449775
Répétition Short,x1_atr_oriented,26,649,-0.16233425313150554,0.0314109364228884,0.199057451179245
Répétition Short,x1_atr_oriented,27,649,-0.16175877685504586,0.025485442045334084,0.2144027485857017
Répétition Short,x1_atr_oriented,28,649,-0.15555267562840422,0.026871128420233828,0.20983653538395144
Répétition Short,x1_atr_oriented,29,649,-0.15218274009783095,0.025447604969822457,0.21291879066171446
Répétition Short,x1_atr_oriented,30,649,-0.1527957511375925,0.025820190708654128,0.22134128762826877
Répétition Short,x1_atr_oriented,31,649,-0.16782053846172057,0.01877119898116657,0.22694339919158538
Répétition Short,x1_atr_oriented,32,649,-0.18918766890621358,0.013844704704572747,0.21641003879584836
Répétition Short,x1_atr_oriented,33,649,-0.17467061567939765,0.011734767746741648,0.20658221228237
Répétition Short,x1_atr_oriented,34,649,-0.18317019802093984,-0.003261730591438015,0.1910609620739941
Répétition Short,x1_atr_oriented,35,649,-0.2054742909694503,-0.00917423273463589,0.1982398914762184
Répétition Short,x1_atr_oriented,36,649,-0.19717178797322815,0.0030485607064258294,0.20735004094507725
Répétition Short,x1_atr_oriented,37,649,-0.216080107417433,0.0017985921877223575,0.2105580449569011
Répétition Short,x1_atr_oriented,38,649,-0.19468652191585162,0.01140036355667706,0.1903929534913163
Répétition Short,x1_atr_oriented,39,649,-0.2008963866976511,0.01276280234949585,0.19777568085039804
Répétition Short,x1_atr_oriented,40,649,-0.21379460271928283,0.011418836930693994,0.20554467944087657
Répétition Short,x1_atr_oriented,41,649,-0.21070098655836056,0.008711208498954605,0.1939131876154261
Répétition Short,x1_atr_oriented,42,649,-0.2351072741750356,-0.005615476395105442,0.19650896355463207
Répétition Short,x1_atr_oriented,43,649,-0.23682171657509857,-0.007164521066618676,0.200660566419376
Répétition Short,x1_atr_oriented,44,649,-0.23592768802148448,-0.00444655799777635,0.19882617309789702
Répétition Short,x1_atr_oriented,45,649,-0.22455030747938612,-0.0022612412888185617,0.20984596665846802
Répétition Short,x1_atr_oriented,46,649,-0.23058537469603652,-0.01044178834155368,0.21505823655638584
Répétition Short,x1_atr_oriented,47,649,-0.22123450722881838,-0.014686206710320131,0.1915314045858526
Répétition Short,x1_atr_oriented,48,649,-0.23158627505262805,-0.016905085890384846,0.19233175385434673
Répétition Short,nis_z_100,-48,649,-0.5971272258757806,-0.3818258849131158,0.16483315947264748
Répétition Short,nis_z_100,-47,649,-0.5937373873006139,-0.3665798308583952,0.17369787140835202
Répétition Short,nis_z_100,-46,649,-0.5657058359648415,-0.3234174803721867,0.27664147657016736
Répétition Short,nis_z_100,-45,649,-0.5854901393530806,-0.3467322384015115,0.25895833704362864
Répétition Short,nis_z_100,-44,649,-0.573056362687488,-0.35544259464457806,0.3374148920459375
Répétition Short,nis_z_100,-43,649,-0.5941766351540669,-0.369820618515766,0.26132116257676186
Répétition Short,nis_z_100,-42,649,-0.5903188180483926,-0.37251708614012435,0.14285145144940692
Répétition Short,nis_z_100,-41,649,-0.5876921409370423,-0.3747923889635523,0.22311176389864917
Répétition Short,nis_z_100,-40,649,-0.5870818454383341,-0.36180633768860765,0.23874667982136893
Répétition Short,nis_z_100,-39,649,-0.5949906405764966,-0.35520861298461953,0.2512769198498227
Répétition Short,nis_z_100,-38,649,-0.5957554917057953,-0.3678413626150521,0.17520127106016956
Répétition Short,nis_z_100,-37,649,-0.5875377995585088,-0.40492154270039066,0.14177549377860632
Répétition Short,nis_z_100,-36,649,-0.6058817744316738,-0.42099401639147793,0.09459010841860964
Répétition Short,nis_z_100,-35,649,-0.6178710743032265,-0.42491512795261804,0.0864833641506513
Répétition Short,nis_z_100,-34,649,-0.6011156804862934,-0.4091316882019867,0.08138890591046324
Répétition Short,nis_z_100,-33,649,-0.6064177432798362,-0.402217360544824,0.08422710128283213
Répétition Short,nis_z_100,-32,649,-0.6165883156795798,-0.43742072273900545,0.006840853463491716
Répétition Short,nis_z_100,-31,649,-0.6062711258351298,-0.4285859432588661,0.032721049750610895
Répétition Short,nis_z_100,-30,649,-0.6165667252662699,-0.4075762182603698,0.09365872861646413
Répétition Short,nis_z_100,-29,649,-0.621107060593686,-0.40773433422516664,0.16401176899313594
Répétition Short,nis_z_100,-28,649,-0.5900484752165349,-0.3922916176824649,0.09246681135315568
Répétition Short,nis_z_100,-27,649,-0.6140899688368325,-0.3951443848769344,0.0654994846638035
Répétition Short,nis_z_100,-26,649,-0.6239012865130096,-0.4203389698140395,0.03741758853351736
Répétition Short,nis_z_100,-25,649,-0.6226770165776986,-0.436515841538959,0.02577636097460109
Répétition Short,nis_z_100,-24,649,-0.6080364319105676,-0.4373383508668318,-0.02750262761256652
Répétition Short,nis_z_100,-23,649,-0.6275765370946477,-0.4384831625969213,-0.01795189296926579
Répétition Short,nis_z_100,-22,649,-0.614428510030655,-0.45788535765856203,-0.08847688698663526
Répétition Short,nis_z_100,-21,649,-0.6275112481239457,-0.46073999676374067,-0.11158673039260589
Répétition Short,nis_z_100,-20,649,-0.6388138652261612,-0.4578256492283334,-0.10465649012884685
Répétition Short,nis_z_100,-19,649,-0.6346013878352756,-0.4476956270156237,-0.11937025292354775
Répétition Short,nis_z_100,-18,649,-0.6466737270186101,-0.44637492208362456,-0.0809689564720254
Répétition Short,nis_z_100,-17,649,-0.6545395693246036,-0.47691499358328804,-0.045525731841695255
Répétition Short,nis_z_100,-16,649,-0.6356098170130793,-0.45532075238393377,-0.04708479371048922
Répétition Short,nis_z_100,-15,649,-0.60304000994718,-0.43632323357639247,-0.006894653570276856
Répétition Short,nis_z_100,-14,649,-0.6430333278878505,-0.47424135829335834,-0.09482331708337412
Répétition Short,nis_z_100,-13,649,-0.6335693375478885,-0.4503726969684025,0.03673220093303191
Répétition Short,nis_z_100,-12,649,-0.631075983656024,-0.4193421986933631,0.13371236031506548
Répétition Short,nis_z_100,-11,649,-0.6201020660258132,-0.38627623747188844,0.2321363111964208
Répétition Short,nis_z_100,-10,649,-0.6053479441686713,-0.37970087823418275,0.2516215378816393
Répétition Short,nis_z_100,-9,649,-0.5969038847183754,-0.39953687206941824,0.2103035545114776
Répétition Short,nis_z_100,-8,649,-0.6120372774479892,-0.43571652503052166,-0.019112346363203515
Répétition Short,nis_z_100,-7,649,-0.6477692874364296,-0.4930848047933488,-0.18802131241650247
Répétition Short,nis_z_100,-6,649,-0.6705024210001762,-0.5336457209066171,-0.32712019467876124
Répétition Short,nis_z_100,-5,649,-0.6826998471223603,-0.5598820868902448,-0.3788209916839239
Répétition Short,nis_z_100,-4,649,-0.6682466069689023,-0.5231970500747146,-0.2961673289367251
Répétition Short,nis_z_100,-3,649,-0.6211752620996429,-0.4445746673243619,-0.01529981679597438
Répétition Short,nis_z_100,-2,649,-0.5160711537384117,-0.21387210239588064,0.5496486870918894
Répétition Short,nis_z_100,-1,649,-0.38175396245014837,0.027551526544401475,0.9101056641826004
Répétition Short,nis_z_100,0,649,-0.33500864648565537,0.15330848738745276,1.160342556042081
Répétition Short,nis_z_100,1,649,-0.4267667013215605,-0.03881681413860004,0.9292604945200207
Répétition Short,nis_z_100,2,649,-0.5162439695186435,-0.2405861574513793,0.5817844502867545
Répétition Short,nis_z_100,3,649,-0.5951810896988052,-0.4067916933563535,0.21553792410802047
Répétition Short,nis_z_100,4,649,-0.6585192178892796,-0.4905040280077747,-0.13689346019050433
Répétition Short,nis_z_100,5,649,-0.6560169337297947,-0.522103031823028,-0.3352560227597214
Répétition Short,nis_z_100,6,649,-0.659290838079538,-0.5188255057728448,-0.30595147251294325
Répétition Short,nis_z_100,7,649,-0.6273813597856276,-0.4804608549298128,-0.18904899849993684
Répétition Short,nis_z_100,8,649,-0.5932635939833766,-0.3971762444480861,-0.0004293425377061504
Répétition Short,nis_z_100,9,649,-0.5745483421035193,-0.3289925580978241,0.25877089775511736
Répétition Short,nis_z_100,10,649,-0.5694494226396739,-0.3292563565997578,0.3266817883419235
Répétition Short,nis_z_100,11,649,-0.5694989386829388,-0.35108939411056,0.35592691731076426
Répétition Short,nis_z_100,12,649,-0.5505061497110292,-0.27279599296052354,0.38796825356989734
Répétition Short,nis_z_100,13,649,-0.5792260319978488,-0.33676926913237165,0.2753522769729386
Répétition Short,nis_z_100,14,649,-0.6004657173905359,-0.3586119067099981,0.2323878291495811
Répétition Short,nis_z_100,15,649,-0.5947445861990238,-0.3692228893100727,0.10667623380131905
Répétition Short,nis_z_100,16,649,-0.6000696357368759,-0.4362913934012489,-0.017186556478307743
Répétition Short,nis_z_100,17,649,-0.6168494306337454,-0.4441829464149813,-0.03497969415608758
Répétition Short,nis_z_100,18,649,-0.6180844363499292,-0.4422526750183349,-0.06432375465035213
Répétition Short,nis_z_100,19,649,-0.605471363842874,-0.43748202922839924,0.024082502171255248
Répétition Short,nis_z_100,20,649,-0.6041438421507169,-0.42092439192865455,0.051987421117203385
Répétition Short,nis_z_100,21,649,-0.5938148722135103,-0.37245141662008774,0.1451682036515946
Répétition Short,nis_z_100,22,649,-0.5792464900650622,-0.3747243911697741,0.17659911538184853
Répétition Short,nis_z_100,23,649,-0.5888182749384137,-0.3732264205014103,0.10099695803130801
Répétition Short,nis_z_100,24,649,-0.5663986571880667,-0.3560373641980177,0.14704423746106565
Répétition Short,nis_z_100,25,649,-0.585372896179244,-0.37697790823249455,0.17658758048488832
Répétition Short,nis_z_100,26,649,-0.5844394362261366,-0.38131945916460197,0.23656968122123823
Répétition Short,nis_z_100,27,649,-0.5888215603452673,-0.37926275487786854,0.15470168135091328
Répétition Short,nis_z_100,28,649,-0.6072775057891198,-0.40485080411803465,0.2727226186938426
Répétition Short,nis_z_100,29,649,-0.5827209448090589,-0.37389879069165965,0.2524809385228048
Répétition Short,nis_z_100,30,649,-0.6037366578227867,-0.38266745803295404,0.16619267499977317
Répétition Short,nis_z_100,31,649,-0.5942091424802072,-0.3830013902105711,0.18672162577846144
Répétition Short,nis_z_100,32,649,-0.5881534162907964,-0.3878535944329165,0.15886231636519568
Répétition Short,nis_z_100,33,649,-0.5890669220598677,-0.37910543303353805,0.20125401530782558
Répétition Short,nis_z_100,34,649,-0.5789442047771823,-0.37404372124714885,0.20120195074639521
Répétition Short,nis_z_100,35,649,-0.5873839807116915,-0.3487821629829149,0.27488576680148824
Répétition Short,nis_z_100,36,649,-0.5704055322673013,-0.36073911897770694,0.2280317213728285
Répétition Short,nis_z_100,37,649,-0.5587832454558098,-0.3124500520891772,0.28856609220085117
Répétition Short,nis_z_100,38,649,-0.5705351540409443,-0.3460835475924557,0.27417055282708636
Répétition Short,nis_z_100,39,649,-0.5962933093317377,-0.3424030004275354,0.3802532509564573
Répétition Short,nis_z_100,40,649,-0.5851832222570087,-0.378992069144866,0.3115007761176769
Répétition Short,nis_z_100,41,649,-0.5833586958267527,-0.36562362219573674,0.27728912723208904
Répétition Short,nis_z_100,42,649,-0.5608201994381957,-0.3231196500902468,0.2804689793986217
Répétition Short,nis_z_100,43,649,-0.5860236949821589,-0.3534414206185477,0.3019542568637169
Répétition Short,nis_z_100,44,649,-0.5948402211822638,-0.36877191409801097,0.22304556755247765
Répétition Short,nis_z_100,45,649,-0.578878869267068,-0.3676471743998253,0.23544417214988467
Répétition Short,nis_z_100,46,649,-0.5877602288796019,-0.36820268227123953,0.1898987255798546
Répétition Short,nis_z_100,47,649,-0.5868886614907531,-0.35814937620852605,0.2365508603797904
Répétition Short,nis_z_100,48,649,-0.5659917475307041,-0.33932941889791474,0.3784470581724796
Rang 1,price_atr,-48,6037,-2.783512656326931,0.005882976058870648,2.849157778576302
Rang 1,price_atr,-47,6037,-2.7086042175876717,0.060439974657540536,2.8533444476951533
Rang 1,price_atr,-46,6037,-2.6636334748409443,0.09170221887364194,2.784378330802648
Rang 1,price_atr,-45,6037,-2.592390245553395,0.10655885834418787,2.8182127758645716
Rang 1,price_atr,-44,6037,-2.5322231676553084,0.13228856739314732,2.806500994457752
Rang 1,price_atr,-43,6037,-2.5269091013411566,0.11358127739861053,2.801196450929356
Rang 1,price_atr,-42,6037,-2.475881215456676,0.2056854145703839,2.753719650919111
Rang 1,price_atr,-41,6037,-2.465021256135695,0.15496693559412975,2.685810006383925
Rang 1,price_atr,-40,6037,-2.367905812245264,0.14588730342564563,2.5769614586744827
Rang 1,price_atr,-39,6037,-2.267400107079016,0.13535593770806287,2.4830875855656527
Rang 1,price_atr,-38,6037,-2.275112564241755,0.09687178231045336,2.430023242809127
Rang 1,price_atr,-37,6037,-2.308143600571447,0.02687212796905948,2.287170524803775
Rang 1,price_atr,-36,6037,-2.375107187097633,-0.013004569925552796,2.1264018000996567
Rang 1,price_atr,-35,6037,-2.3886003080517186,-0.07851226186360184,1.9519884769337579
Rang 1,price_atr,-34,6037,-2.4077968621678747,-0.155028946956948,1.8666165409656752
Rang 1,price_atr,-33,6037,-2.40489273111596,-0.26858658583280537,1.704748119886278
Rang 1,price_atr,-32,6037,-2.432908143012965,-0.32878158620444886,1.622056926284485
Rang 1,price_atr,-31,6037,-2.4186327970740584,-0.41631282586514295,1.4566556684845586
Rang 1,price_atr,-30,6037,-2.4239820744484875,-0.4936861681795114,1.404457369441532
Rang 1,price_atr,-29,6037,-2.4074473111642094,-0.5103714030432487,1.3276077779343916
Rang 1,price_atr,-28,6037,-2.3060588380129,-0.4939371645266763,1.3234480923582206
Rang 1,price_atr,-27,6037,-2.254918823536431,-0.43132065070106307,1.3794209682105658
Rang 1,price_atr,-26,6037,-2.0890302725049072,-0.3685713255391635,1.48650212558789
Rang 1,price_atr,-25,6037,-1.859189524147994,-0.2511443551426848,1.5514960723853521
Rang 1,price_atr,-24,6037,-1.641393238785315,-0.10932673184470883,1.6956124917865425
Rang 1,price_atr,-23,6037,-1.4478440059238575,0.032930797920194474,1.856357526667337
Rang 1,price_atr,-22,6037,-1.2078704546305543,0.23231804668347883,1.9761510186511533
Rang 1,price_atr,-21,6037,-0.9598471312321599,0.38189097621112145,2.0604108061449744
Rang 1,price_atr,-20,6037,-0.7502989622374518,0.5726405404079408,2.1586118261930145
Rang 1,price_atr,-19,6037,-0.49913450722119446,0.7243374254370889,2.2148072431373116
Rang 1,price_atr,-18,6037,-0.3152232682364801,0.8295344244409414,2.1473230134938586
Rang 1,price_atr,-17,6037,-0.18667089956431462,0.8871089984150238,2.1330343136068057
Rang 1,price_atr,-16,6037,-0.14075118432312922,0.8589430146215684,2.053632035122182
Rang 1,price_atr,-15,6037,-0.10085002508396868,0.8243114956588504,1.931828062852949
Rang 1,price_atr,-14,6037,-0.15088765562530496,0.7210588419023615,1.718479281811061
Rang 1,price_atr,-13,6037,-0.228561491251665,0.5971062377402667,1.5103411745946937
Rang 1,price_atr,-12,6037,-0.34049366781794266,0.3881814333311027,1.187007381559876
Rang 1,price_atr,-11,6037,-0.5173885417589085,0.17872562248851284,0.8781745564825981
Rang 1,price_atr,-10,6037,-0.7038918552044497,-0.041894608295927775,0.604426581954997
Rang 1,price_atr,-9,6037,-0.8912971160543973,-0.24756521234357828,0.37519365822698686
Rang 1,price_atr,-8,6037,-1.0873596992620476,-0.4240806975903285,0.14684307629047388
Rang 1,price_atr,-7,6037,-1.2018347403418097,-0.5735194151319085,0.001682137655090637
Rang 1,price_atr,-6,6037,-1.2957874141227186,-0.6683336669634078,-0.11434763911473665
Rang 1,price_atr,-5,6037,-1.295723801931778,-0.7092729076846669,-0.13993613101450303
Rang 1,price_atr,-4,6037,-1.24316471585651,-0.6506592290842513,-0.1316655578318652
Rang 1,price_atr,-3,6037,-1.098479632102837,-0.5447305118272256,-0.04723520679545903
Rang 1,price_atr,-2,6037,-0.8454486123812981,-0.3421996190564994,0.09970113281652554
Rang 1,price_atr,-1,6037,-0.5001616430947935,-0.12425538923781101,0.21176472579308064
Rang 1,price_atr,0,6037,0.0,0.0,0.0
Rang 1,price_atr,1,6037,-0.36706157133207884,-0.013282036870169855,0.3434046175414134
Rang 1,price_atr,2,6037,-0.510123940497071,-0.005711171425309946,0.4998646984147656
Rang 1,price_atr,3,6037,-0.6003351902769268,0.0,0.6058678627423628
Rang 1,price_atr,4,6037,-0.6871000871345749,-0.00531193973234858,0.7112997221703766
Rang 1,price_atr,5,6037,-0.7833760583500312,0.015238163666784987,0.7821319186981502
Rang 1,price_atr,6,6037,-0.8618305691581625,0.012246094760518184,0.8443609292757162
Rang 1,price_atr,7,6037,-0.9198326454571987,-0.02139410476133571,0.9345289668340225
Rang 1,price_atr,8,6037,-0.9561612012980215,-0.02372880278373604,0.9824885605770202
Rang 1,price_atr,9,6037,-1.0537285054102483,-0.02490714721703273,1.024693748862379
Rang 1,price_atr,10,6037,-1.1063768010020938,-0.006471719463644065,1.1039716945670632
Rang 1,price_atr,11,6037,-1.1276674974708583,-0.023197489450120352,1.184561642223441
Rang 1,price_atr,12,6037,-1.2165349958221112,-0.028517838894672857,1.2392365563542334
Rang 1,price_atr,13,6037,-1.271602896158015,-0.03873622860752664,1.285390393128204
Rang 1,price_atr,14,6037,-1.3425237484076875,-0.04978366180751894,1.3243489371122545
Rang 1,price_atr,15,6037,-1.3652248026718048,-0.05373553507549685,1.4061909651065196
Rang 1,price_atr,16,6037,-1.388201388350662,-0.03629379945520974,1.4388735129594714
Rang 1,price_atr,17,6037,-1.479075782920731,-0.025747663532145994,1.5107291632545192
Rang 1,price_atr,18,6037,-1.517834117264786,-0.02382290507443725,1.585451611692914
Rang 1,price_atr,19,6037,-1.5992243727620175,-0.03437979511207229,1.5665532733939218
Rang 1,price_atr,20,6037,-1.6411971743491287,-0.03296949550213692,1.61102383537597
Rang 1,price_atr,21,6037,-1.7368093442234285,-0.02962001496171252,1.6360314935241267
Rang 1,price_atr,22,6037,-1.7612965998762835,-0.024486135210720683,1.6862761128519743
Rang 1,price_atr,23,6037,-1.8299115690065006,-0.007826255869292469,1.7601232015118584
Rang 1,price_atr,24,6037,-1.9255525416681247,-0.03187024886210303,1.822187704194995
Rang 1,price_atr,25,6037,-1.9594502622616843,-0.034713671164059184,1.8232879697243607
Rang 1,price_atr,26,6037,-2.0190719568615654,-0.05151159625394327,1.8367094699232582
Rang 1,price_atr,27,6037,-2.030380141140324,-0.05198602002538005,1.91092286229399
Rang 1,price_atr,28,6037,-2.0692793957629974,-0.0416434192482283,1.9299039533868214
Rang 1,price_atr,29,6037,-2.157477806247042,-0.033870131371051125,2.022351519918571
Rang 1,price_atr,30,6037,-2.1587983730539597,-0.021447628243976745,2.0286859134827653
Rang 1,price_atr,31,6037,-2.2148336338575185,-0.04057786547668966,2.066560755924807
Rang 1,price_atr,32,6037,-2.2425582073823627,-0.025724189016032448,2.1359183657516514
Rang 1,price_atr,33,6037,-2.2788820474494633,-0.037752850080664806,2.195001296898104
Rang 1,price_atr,34,6037,-2.350227295277132,0.01169941821343205,2.2078535813230746
Rang 1,price_atr,35,6037,-2.3270079595831623,-0.04105295221914594,2.304044565544097
Rang 1,price_atr,36,6037,-2.3687451513104056,0.005583993229873721,2.357710306647502
Rang 1,price_atr,37,6037,-2.3939011324221,0.038155755340491634,2.3929032927383362
Rang 1,price_atr,38,6037,-2.3983205976269266,0.019039156241928975,2.4234315009572427
Rang 1,price_atr,39,6037,-2.391946493863791,0.0,2.4732316701904384
Rang 1,price_atr,40,6037,-2.396756951363959,0.039575739389446335,2.5063772920410603
Rang 1,price_atr,41,6037,-2.4596010928055296,-0.007398923458937028,2.5329851656579208
Rang 1,price_atr,42,6037,-2.4432204096074175,0.014503359447706362,2.5010186152721863
Rang 1,price_atr,43,6037,-2.54002429391709,0.03150015157930397,2.5588668216769053
Rang 1,price_atr,44,6037,-2.5351057462689273,0.0007624483775142139,2.5728106923466854
Rang 1,price_atr,45,6037,-2.540145892904609,0.04063438411894822,2.6040944547126035
Rang 1,price_atr,46,6037,-2.6313440194926807,-0.0021350314658166863,2.6621354935619994
Rang 1,price_atr,47,6037,-2.697825289802039,-0.03324340442095597,2.7204156023695294
Rang 1,price_atr,48,6037,-2.733513206474762,-0.024173865525263107,2.77367899038054
Rang 1,ts_oriented,-48,6037,-73.56644052101909,8.889054308479205,81.88824609297832
Rang 1,ts_oriented,-47,6037,-72.04668313021071,11.659105548803877,81.56390830962084
Rang 1,ts_oriented,-46,6037,-72.33569835502264,10.14888777537992,80.98285751339348
Rang 1,ts_oriented,-45,6037,-72.21393661169691,11.05908742057695,83.11229152266003
Rang 1,ts_oriented,-44,6037,-71.83007567536316,10.612961515581228,82.05207515522586
Rang 1,ts_oriented,-43,6037,-71.76924244627297,11.063808158513345,81.23479076300939
Rang 1,ts_oriented,-42,6037,-72.30126748824034,10.994271880262325,80.99832812665552
Rang 1,ts_oriented,-41,6037,-73.60902387527632,10.529136086344494,79.68847169056374
Rang 1,ts_oriented,-40,6037,-73.33702545933686,8.748943468296536,78.67542960564494
Rang 1,ts_oriented,-39,6037,-77.06396191945548,4.445186370190979,77.31367201776037
Rang 1,ts_oriented,-38,6037,-79.94880673292208,-1.4587733404190963,75.94775452132829
Rang 1,ts_oriented,-37,6037,-80.97520540152712,-5.05755137174473,73.77158039747671
Rang 1,ts_oriented,-36,6037,-85.07926046120974,-11.158598349927757,70.93831016139767
Rang 1,ts_oriented,-35,6037,-87.77909871980387,-17.449223643404327,68.95238749992214
Rang 1,ts_oriented,-34,6037,-88.74322439921679,-20.58960878834252,64.90657538537182
Rang 1,ts_oriented,-33,6037,-88.86311952006311,-26.381624625580667,61.02570013849239
Rang 1,ts_oriented,-32,6037,-88.9136800227164,-32.85981581416617,59.224206365630884
Rang 1,ts_oriented,-31,6037,-89.30992791834599,-35.33121017553573,57.99793510352763
Rang 1,ts_oriented,-30,6037,-89.28632527510631,-35.07126591516985,56.428925388569645
Rang 1,ts_oriented,-29,6037,-88.78188143491015,-33.43449291270471,59.00873073137655
Rang 1,ts_oriented,-28,6037,-86.79180764703938,-28.347277166888162,63.05860820861003
Rang 1,ts_oriented,-27,6037,-83.21593839782064,-20.57362280521193,70.16584672271851
Rang 1,ts_oriented,-26,6037,-78.24256157880068,-11.13926923180856,77.11041335198628
Rang 1,ts_oriented,-25,6037,-71.16243881300373,3.3575412366220974,83.35779007636043
Rang 1,ts_oriented,-24,6037,-61.36273646754335,19.949537130818207,88.30319245022453
Rang 1,ts_oriented,-23,6037,-48.88425285509927,36.182673287050086,91.75922518223483
Rang 1,ts_oriented,-22,6037,-33.00702241646888,51.36809400114897,94.87241258802062
Rang 1,ts_oriented,-21,6037,-18.40364177079786,64.63160488096418,96.37752111117884
Rang 1,ts_oriented,-20,6037,-2.0281827175500005,72.5660962648523,97.64322687210229
Rang 1,ts_oriented,-19,6037,12.568198221626405,76.6184905469932,98.1450322912737
Rang 1,ts_oriented,-18,6037,22.11236372974947,80.09392053491639,98.11024046300197
Rang 1,ts_oriented,-17,6037,27.464250052230653,79.87911342730982,97.25679021531711
Rang 1,ts_oriented,-16,6037,26.41893879074515,77.07454583971644,95.65068545702987
Rang 1,ts_oriented,-15,6037,17.1005259701367,70.83874768096298,93.27823113113975
Rang 1,ts_oriented,-14,6037,-3.5775714440817574,59.75416127973213,88.49393025020306
Rang 1,ts_oriented,-13,6037,-35.34318908692861,43.76007208515015,79.60455972671336
Rang 1,ts_oriented,-12,6037,-65.8395625077501,23.004822155441712,64.48118493771625
Rang 1,ts_oriented,-11,6037,-83.42557776233303,-3.6770850404527473,44.533353589381356
Rang 1,ts_oriented,-10,6037,-93.18804014065147,-43.06804841809903,21.5002285226028
Rang 1,ts_oriented,-9,6037,-98.1613759118846,-72.03008950203663,-7.5754070989885065
Rang 1,ts_oriented,-8,6037,-100.0,-88.93786716287813,-47.136711158250584
Rang 1,ts_oriented,-7,6037,-100.0,-94.75450330740422,-72.51984525206217
Rang 1,ts_oriented,-6,6037,-100.0,-96.49512126293659,-85.34803329399348
Rang 1,ts_oriented,-5,6037,-99.93893507035811,-95.70259038707674,-87.91148046510396
Rang 1,ts_oriented,-4,6037,-97.35696968428442,-92.0186049731725,-82.71120041540463
Rang 1,ts_oriented,-3,6037,-89.79425170054974,-81.28608329559957,-70.95531604433907
Rang 1,ts_oriented,-2,6037,-73.32067328716562,-63.816685223094716,-55.60808694325973
Rang 1,ts_oriented,-1,6037,-48.70170471355516,-41.62748555653979,-35.62110399679535
Rang 1,ts_oriented,0,6037,-24.34849329482061,-17.72301450443673,-9.678957488185207
Rang 1,ts_oriented,1,6037,-0.9995063317174093,11.782435102049135,28.235202011449275
Rang 1,ts_oriented,2,6037,25.502740898333684,50.763637985053954,69.85779538966439
Rang 1,ts_oriented,3,6037,63.61676127647331,80.70437327288386,91.70627800017532
Rang 1,ts_oriented,4,6037,82.2213013681529,94.17447982762907,100.0
Rang 1,ts_oriented,5,6037,79.27082108936212,98.07199804739462,100.0
Rang 1,ts_oriented,6,6037,63.99954457692848,93.94069725693718,100.0
Rang 1,ts_oriented,7,6037,44.304933047062065,84.59649584789764,97.67593258706638
Rang 1,ts_oriented,8,6037,22.4330897394884,71.50462544880988,92.95504707050027
Rang 1,ts_oriented,9,6037,-1.862859664866324,55.58528474849834,85.70571905937784
Rang 1,ts_oriented,10,6037,-26.732009366395342,39.55844633304297,76.8121664251745
Rang 1,ts_oriented,11,6037,-51.42769726738742,24.27361947887106,67.95617639459164
Rang 1,ts_oriented,12,6037,-69.89238042979508,7.671699110160318,60.51256865479826
Rang 1,ts_oriented,13,6037,-80.3932460559835,-9.616834863219166,54.106382422869196
Rang 1,ts_oriented,14,6037,-88.68737823978098,-31.39776913378351,48.30234410077272
Rang 1,ts_oriented,15,6037,-91.23540225466961,-47.489633105854715,42.499476301710565
Rang 1,ts_oriented,16,6037,-93.0593699310117,-55.64833610109114,40.14081153849222
Rang 1,ts_oriented,17,6037,-93.61860362855727,-55.83905289693564,41.04479531180856
Rang 1,ts_oriented,18,6037,-92.88588450758766,-52.132634831259246,44.024607411311386
Rang 1,ts_oriented,19,6037,-91.13223333060652,-46.52942250535452,49.8461894967923
Rang 1,ts_oriented,20,6037,-88.93291945828672,-40.21011746115517,53.88416875569157
Rang 1,ts_oriented,21,6037,-85.71967592969115,-31.774792708909537,60.47953202462014
Rang 1,ts_oriented,22,6037,-81.73557844042726,-24.033379894001598,67.30836241709669
Rang 1,ts_oriented,23,6037,-79.41029359884597,-15.572510078307912,72.48928962111938
Rang 1,ts_oriented,24,6037,-75.85647178947644,-7.351259326450359,76.56387547810263
Rang 1,ts_oriented,25,6037,-73.40980846667165,2.148149029099384,79.21133513946171
Rang 1,ts_oriented,26,6037,-71.92693498257256,6.97238942568341,81.47456896059299
Rang 1,ts_oriented,27,6037,-69.5615580082862,10.884352020475735,83.36445662592766
Rang 1,ts_oriented,28,6037,-69.13261281536768,14.908989740805396,85.38869588020539
Rang 1,ts_oriented,29,6037,-68.39429767361557,16.2207142424984,84.91836286369468
Rang 1,ts_oriented,30,6037,-68.65271823620934,19.665151388801178,84.16507129917062
Rang 1,ts_oriented,31,6037,-69.79114738303545,19.977467054717252,83.27527259639945
Rang 1,ts_oriented,32,6037,-70.19349679876387,19.879983632977833,83.74973425415997
Rang 1,ts_oriented,33,6037,-71.70695719815028,15.809868371804908,83.41407068665858
Rang 1,ts_oriented,34,6037,-73.51227337617924,13.806925772396868,83.07662681216507
Rang 1,ts_oriented,35,6037,-73.96615004269796,10.043932873190196,80.84139519248652
Rang 1,ts_oriented,36,6037,-74.5462070360816,6.179004523206693,79.22113460824244
Rang 1,ts_oriented,37,6037,-74.70409987892582,5.397474214731147,77.47240951532456
Rang 1,ts_oriented,38,6037,-75.966329977393,3.2132588934339537,78.26187152416539
Rang 1,ts_oriented,39,6037,-77.03386194784537,1.8960873437122223,77.86810199114106
Rang 1,ts_oriented,40,6037,-76.50597279451901,-0.37777454552302814,77.23276050604619
Rang 1,ts_oriented,41,6037,-76.69108444482985,-0.6469886049482767,76.22360784142636
Rang 1,ts_oriented,42,6037,-78.14011427130455,-2.218865702692608,75.2566485226871
Rang 1,ts_oriented,43,6037,-77.74191689266314,-0.26546704238829066,74.87823885748963
Rang 1,ts_oriented,44,6037,-77.5402599359653,-0.9585864052345361,74.98266362311148
Rang 1,ts_oriented,45,6037,-78.91671954783129,-3.459017014770719,74.90289341113701
Rang 1,ts_oriented,46,6037,-78.58289567688931,-3.902947938622459,75.20651179491813
Rang 1,ts_oriented,47,6037,-79.58025196859148,-5.568241672536266,75.4925316978049
Rang 1,ts_oriented,48,6037,-79.86027242873274,-7.322938766527632,75.48892681207255
Rang 1,x1_atr_oriented,-48,6037,-0.19911816812372568,0.020709830764836894,0.24259492139063274
Rang 1,x1_atr_oriented,-47,6037,-0.19299617130997324,0.02416496612189636,0.2426202212301991
Rang 1,x1_atr_oriented,-46,6037,-0.18797658682912877,0.02286504929281673,0.24471872163523803
Rang 1,x1_atr_oriented,-45,6037,-0.1887309645806977,0.02307413144100155,0.24586496601276833
Rang 1,x1_atr_oriented,-44,6037,-0.1834832809964815,0.020344442615527508,0.2453060090504879
Rang 1,x1_atr_oriented,-43,6037,-0.1779765525071564,0.022048260588668146,0.24373520184132033
Rang 1,x1_atr_oriented,-42,6037,-0.18222518728150403,0.02232435493911577,0.23852975892745312
Rang 1,x1_atr_oriented,-41,6037,-0.18579637061396354,0.020242909986844262,0.23569293444370115
Rang 1,x1_atr_oriented,-40,6037,-0.1935849860847112,0.014132435337102272,0.23286375265172965
Rang 1,x1_atr_oriented,-39,6037,-0.2085705227949114,0.003360072282912171,0.22194847459738243
Rang 1,x1_atr_oriented,-38,6037,-0.216517609857266,-0.007784545440771153,0.20775705981389514
Rang 1,x1_atr_oriented,-37,6037,-0.23302113435807384,-0.020179066779297813,0.1961872923664218
Rang 1,x1_atr_oriented,-36,6037,-0.24488406428285076,-0.032129443730056176,0.18484366100332758
Rang 1,x1_atr_oriented,-35,6037,-0.2689652243044865,-0.04054760300304089,0.17284589753535948
Rang 1,x1_atr_oriented,-34,6037,-0.29228679654008793,-0.053368032568505586,0.1630535675061472
Rang 1,x1_atr_oriented,-33,6037,-0.3006596904736811,-0.06366757766366063,0.1488997623887882
Rang 1,x1_atr_oriented,-32,6037,-0.30838009836882324,-0.07489000540491524,0.13374134920931688
Rang 1,x1_atr_oriented,-31,6037,-0.3081292847243517,-0.08058756280249087,0.1292419363266887
Rang 1,x1_atr_oriented,-30,6037,-0.31329762627380836,-0.07811848152069541,0.12541525499414932
Rang 1,x1_atr_oriented,-29,6037,-0.3128097080470277,-0.07630851985645043,0.1346031369329413
Rang 1,x1_atr_oriented,-28,6037,-0.3037492520369714,-0.0576786592201118,0.15162464168253453
Rang 1,x1_atr_oriented,-27,6037,-0.28243950968130155,-0.036904414536973316,0.16847914456565335
Rang 1,x1_atr_oriented,-26,6037,-0.24997485441123543,-0.007284230925900383,0.20096661111209418
Rang 1,x1_atr_oriented,-25,6037,-0.20823101613182884,0.025232523354376292,0.23286678282566964
Rang 1,x1_atr_oriented,-24,6037,-0.1642178296258164,0.05872815489314494,0.27196815783762623
Rang 1,x1_atr_oriented,-23,6037,-0.11673225417655515,0.09746470419590221,0.30617102180517886
Rang 1,x1_atr_oriented,-22,6037,-0.06576131302137377,0.1334637808837119,0.35252834582939024
Rang 1,x1_atr_oriented,-21,6037,-0.02594784257925496,0.17262075106227992,0.3950564942091631
Rang 1,x1_atr_oriented,-20,6037,0.015147169899255372,0.20258942838616378,0.4252387877014354
Rang 1,x1_atr_oriented,-19,6037,0.041108268416940735,0.22734173670670113,0.45556051826324323
Rang 1,x1_atr_oriented,-18,6037,0.056591742139967934,0.2459403771520409,0.4748335303839376
Rang 1,x1_atr_oriented,-17,6037,0.060924069765417296,0.2554464258970619,0.47125985507159757
Rang 1,x1_atr_oriented,-16,6037,0.05203499255597615,0.241276085900692,0.4484405098318789
Rang 1,x1_atr_oriented,-15,6037,0.012593604468669134,0.2165232786255404,0.4115499281998745
Rang 1,x1_atr_oriented,-14,6037,-0.044545792685401625,0.1740986557669784,0.3583847433492483
Rang 1,x1_atr_oriented,-13,6037,-0.11376498893774512,0.10711919697395217,0.28983189103051
Rang 1,x1_atr_oriented,-12,6037,-0.1869397602556522,0.026715088126621652,0.20611643767705093
Rang 1,x1_atr_oriented,-11,6037,-0.2608900586458135,-0.06773080491470737,0.1090968596238019
Rang 1,x1_atr_oriented,-10,6037,-0.3359322120272635,-0.15688242311706907,0.016197207598655342
Rang 1,x1_atr_oriented,-9,6037,-0.40706954905625775,-0.23063775742174614,-0.07576336815734731
Rang 1,x1_atr_oriented,-8,6037,-0.47087504172088407,-0.29401380539665517,-0.14931565335419103
Rang 1,x1_atr_oriented,-7,6037,-0.5095950524163374,-0.33895073572866896,-0.2041062675117392
Rang 1,x1_atr_oriented,-6,6037,-0.5235063643459711,-0.37023233050629595,-0.24390758004180335
Rang 1,x1_atr_oriented,-5,6037,-0.510795251277068,-0.3740511362451021,-0.26105409191551393
Rang 1,x1_atr_oriented,-4,6037,-0.4632411398070696,-0.34834161602762703,-0.25202335150116956
Rang 1,x1_atr_oriented,-3,6037,-0.38221591998752097,-0.2911552666997233,-0.21437723340792503
Rang 1,x1_atr_oriented,-2,6037,-0.27182834569831443,-0.2044590155206696,-0.15043687529274827
Rang 1,x1_atr_oriented,-1,6037,-0.14418357515113076,-0.09996979748771864,-0.0638400909704358
Rang 1,x1_atr_oriented,0,6037,-0.034437234458789656,0.001519743324111796,0.03986844482004926
Rang 1,x1_atr_oriented,1,6037,0.04168434789694459,0.09639405417761701,0.15846793967464168
Rang 1,x1_atr_oriented,2,6037,0.09310214397081805,0.17695118304841484,0.26500192485141105
Rang 1,x1_atr_oriented,3,6037,0.12189815616144481,0.23329556757134456,0.34755650785675773
Rang 1,x1_atr_oriented,4,6037,0.13101055660637234,0.26560909791235665,0.4054072362289017
Rang 1,x1_atr_oriented,5,6037,0.1207757013706432,0.27626910663066834,0.4388624805205568
Rang 1,x1_atr_oriented,6,6037,0.09042532934770134,0.26235151299664405,0.4388744558310577
Rang 1,x1_atr_oriented,7,6037,0.055331483102229705,0.2295485599981138,0.40887179097696663
Rang 1,x1_atr_oriented,8,6037,0.014881729450197645,0.18327331603053112,0.3696078823512231
Rang 1,x1_atr_oriented,9,6037,-0.03657573066802696,0.13107916935380942,0.31385111584493774
Rang 1,x1_atr_oriented,10,6037,-0.08353772185525726,0.08212672384616117,0.26719457597474233
Rang 1,x1_atr_oriented,11,6037,-0.12954084817157893,0.03462482550105292,0.21762079306301485
Rang 1,x1_atr_oriented,12,6037,-0.1759871922381588,-0.0060721602826232625,0.16831327102024654
Rang 1,x1_atr_oriented,13,6037,-0.20965655698008995,-0.04852289484209117,0.1360751022334835
Rang 1,x1_atr_oriented,14,6037,-0.2409641018899216,-0.08279336838875095,0.11009135041817217
Rang 1,x1_atr_oriented,15,6037,-0.2729165059843038,-0.10328371160358171,0.08992905568097757
Rang 1,x1_atr_oriented,16,6037,-0.29506594725500096,-0.1099862897024271,0.07894446130538482
Rang 1,x1_atr_oriented,17,6037,-0.30331335100490286,-0.11486137049790897,0.08323580086715288
Rang 1,x1_atr_oriented,18,6037,-0.30024815479289574,-0.1052511543927358,0.09274255186957839
Rang 1,x1_atr_oriented,19,6037,-0.293827981821649,-0.0917443272443729,0.10518548041405619
Rang 1,x1_atr_oriented,20,6037,-0.28114958563831544,-0.0746559768736878,0.11631030998313165
Rang 1,x1_atr_oriented,21,6037,-0.2595321721413979,-0.05950023121870511,0.1323277545183913
Rang 1,x1_atr_oriented,22,6037,-0.24329258764624648,-0.03960479455809744,0.1581552889765438
Rang 1,x1_atr_oriented,23,6037,-0.22689200007734112,-0.019218340762300022,0.1785834568869531
Rang 1,x1_atr_oriented,24,6037,-0.21158511112715572,-0.0025416692411926022,0.1959076428786729
Rang 1,x1_atr_oriented,25,6037,-0.19743288596293515,0.008379023600847663,0.20410498902802923
Rang 1,x1_atr_oriented,26,6037,-0.19069321634824293,0.019360248658815624,0.21794812198734673
Rang 1,x1_atr_oriented,27,6037,-0.17922011442907618,0.02540071100446458,0.22387387876196374
Rang 1,x1_atr_oriented,28,6037,-0.1704346196306178,0.033612046774835994,0.229333405708187
Rang 1,x1_atr_oriented,29,6037,-0.16533990680065608,0.035637812413471165,0.2334946284790046
Rang 1,x1_atr_oriented,30,6037,-0.16381804446286835,0.04007573799133491,0.2394296922412718
Rang 1,x1_atr_oriented,31,6037,-0.17517539923357772,0.04066808081518116,0.2367634540031652
Rang 1,x1_atr_oriented,32,6037,-0.17635524422358514,0.03825891423634679,0.23488452586221042
Rang 1,x1_atr_oriented,33,6037,-0.17819303855932617,0.02843704256689312,0.23383260964281188
Rang 1,x1_atr_oriented,34,6037,-0.18571573625685361,0.02379932530728206,0.23007435582575225
Rang 1,x1_atr_oriented,35,6037,-0.18671494333231536,0.014436267349394107,0.2216814669538641
Rang 1,x1_atr_oriented,36,6037,-0.19376496912173372,0.01054001584897234,0.21935633302143973
Rang 1,x1_atr_oriented,37,6037,-0.19773313567449402,0.008011299356632693,0.2133414950501631
Rang 1,x1_atr_oriented,38,6037,-0.19833862539679945,0.0040644942573761726,0.21059778983742866
Rang 1,x1_atr_oriented,39,6037,-0.19878691578047672,0.0005695279927104546,0.20894099094856572
Rang 1,x1_atr_oriented,40,6037,-0.19384927875925667,-0.00260229422578333,0.20503705297847954
Rang 1,x1_atr_oriented,41,6037,-0.19960216731879057,-0.00412103901589814,0.20668922117923058
Rang 1,x1_atr_oriented,42,6037,-0.20121387952586048,-0.000679125671955062,0.2003386994926536
Rang 1,x1_atr_oriented,43,6037,-0.2041287346393077,0.001891085445326498,0.20048069576758287
Rang 1,x1_atr_oriented,44,6037,-0.20362382769510934,-0.005562302703392495,0.1979914064092177
Rang 1,x1_atr_oriented,45,6037,-0.20091764164203857,-0.006297123508455492,0.19802825402025587
Rang 1,x1_atr_oriented,46,6037,-0.20684786526813834,-0.009335540501562642,0.19454278065944736
Rang 1,x1_atr_oriented,47,6037,-0.21038691629894365,-0.014427878827967195,0.19810802782132725
Rang 1,x1_atr_oriented,48,6037,-0.21494611795781593,-0.010419777667438677,0.19452744884746387
Rang 1,nis_z_100,-48,6037,-0.5953088513935068,-0.3788658538408889,0.2158034421555599
Rang 1,nis_z_100,-47,6037,-0.5898767120155451,-0.38013300790558,0.21737537617367142
Rang 1,nis_z_100,-46,6037,-0.5927043514382107,-0.3758877745759579,0.2169520455554092
Rang 1,nis_z_100,-45,6037,-0.5942141448932451,-0.3830575542338825,0.1808178921103037
Rang 1,nis_z_100,-44,6037,-0.6009234998064104,-0.3836096793344773,0.2143325148627893
Rang 1,nis_z_100,-43,6037,-0.6000104302536609,-0.3812740067897879,0.19033327874021339
Rang 1,nis_z_100,-42,6037,-0.6037079637610386,-0.390346694883046,0.18063529484905116
Rang 1,nis_z_100,-41,6037,-0.598753321670614,-0.3843893603502454,0.18956252966381545
Rang 1,nis_z_100,-40,6037,-0.5990570139786815,-0.37225661560027595,0.22302049322906523
Rang 1,nis_z_100,-39,6037,-0.5913137104465012,-0.3780348787166147,0.17254701237923042
Rang 1,nis_z_100,-38,6037,-0.591955209786068,-0.3848712840061123,0.17795334537219493
Rang 1,nis_z_100,-37,6037,-0.5888191808880884,-0.37402733328331,0.2550864678219802
Rang 1,nis_z_100,-36,6037,-0.5935397765490689,-0.3691746045364244,0.22432701932421772
Rang 1,nis_z_100,-35,6037,-0.5951604378141353,-0.37214332437282915,0.20705509061714997
Rang 1,nis_z_100,-34,6037,-0.5942813179221634,-0.3788373008737845,0.23820659927701143
Rang 1,nis_z_100,-33,6037,-0.603521598211175,-0.3817783031874887,0.22541230883449093
Rang 1,nis_z_100,-32,6037,-0.5992525133714153,-0.3811607636878084,0.21878794513758282
Rang 1,nis_z_100,-31,6037,-0.5918251379358637,-0.3676471743998253,0.2613995276358221
Rang 1,nis_z_100,-30,6037,-0.5914672259279291,-0.3727765977028832,0.2120772808832955
Rang 1,nis_z_100,-29,6037,-0.5971754480414398,-0.3920958206103063,0.1741861168464757
Rang 1,nis_z_100,-28,6037,-0.5950773495586938,-0.3843655945433088,0.1851740531582004
Rang 1,nis_z_100,-27,6037,-0.5915175546062117,-0.38290125389751095,0.19883419878413444
Rang 1,nis_z_100,-26,6037,-0.5892688694752745,-0.37281227039342824,0.25755755428686355
Rang 1,nis_z_100,-25,6037,-0.5924830735280603,-0.353362315844139,0.34698494326411733
Rang 1,nis_z_100,-24,6037,-0.5836731947438873,-0.3389648444307559,0.3838146626301171
Rang 1,nis_z_100,-23,6037,-0.5850115903562467,-0.32441327518446045,0.4351565173499652
Rang 1,nis_z_100,-22,6037,-0.5751176045005751,-0.3143915954911903,0.4079831080354581
Rang 1,nis_z_100,-21,6037,-0.5828570699267969,-0.33595507110016404,0.39454448821499893
Rang 1,nis_z_100,-20,6037,-0.5789919110563739,-0.34423525831875795,0.311665254097086
Rang 1,nis_z_100,-19,6037,-0.5915850417346413,-0.379038456394525,0.18650196236559077
Rang 1,nis_z_100,-18,6037,-0.5986012230248033,-0.40261051417773863,0.08525053036284366
Rang 1,nis_z_100,-17,6037,-0.6082427433077889,-0.41704925251625574,0.014026073101384219
Rang 1,nis_z_100,-16,6037,-0.6122101138369533,-0.4216480517651193,0.061092114135516594
Rang 1,nis_z_100,-15,6037,-0.6086926207679418,-0.4051365967559233,0.15456730668364152
Rang 1,nis_z_100,-14,6037,-0.5904201691629458,-0.3574248225089467,0.3106499046667994
Rang 1,nis_z_100,-13,6037,-0.571473759069679,-0.2910448414018155,0.5593082408394948
Rang 1,nis_z_100,-12,6037,-0.5443286287005855,-0.1991989458009899,0.7307145841123103
Rang 1,nis_z_100,-11,6037,-0.5196924247114668,-0.11471625391098049,0.8619006048772152
Rang 1,nis_z_100,-10,6037,-0.5134859015190676,-0.12996917992511683,0.8439440638519917
Rang 1,nis_z_100,-9,6037,-0.5276360789645607,-0.19168948579753825,0.5902260658619914
Rang 1,nis_z_100,-8,6037,-0.5594683860314327,-0.3087684300979293,0.2610789601503862
Rang 1,nis_z_100,-7,6037,-0.6139263147872189,-0.43846184355437917,-0.06110326906462472
Rang 1,nis_z_100,-6,6037,-0.6543331278168311,-0.5138868622988733,-0.29486962934555516
Rang 1,nis_z_100,-5,6037,-0.6810788648055515,-0.5557354062427418,-0.37738299046092305
Rang 1,nis_z_100,-4,6037,-0.6679949044466698,-0.5298011090879763,-0.2941913977283645
Rang 1,nis_z_100,-3,6037,-0.5962519375676488,-0.41509360010881,0.018847775817749435
Rang 1,nis_z_100,-2,6037,-0.4644842484930705,-0.13597689936706822,0.5282524951154658
Rang 1,nis_z_100,-1,6037,-0.34385174101373794,0.12782503193790648,1.0241692162834306
Rang 1,nis_z_100,0,6037,-0.3222383972908506,0.19211154888786322,1.2001970508224906
Rang 1,nis_z_100,1,6037,-0.4444394469470485,-0.01928707556800463,0.9001160667522254
Rang 1,nis_z_100,2,6037,-0.534470780827699,-0.2208242888830584,0.5294929978286376
Rang 1,nis_z_100,3,6037,-0.605377032606204,-0.39886172839885636,0.13109231988451792
Rang 1,nis_z_100,4,6037,-0.6511224188321576,-0.49176667070330726,-0.1639805502427049
Rang 1,nis_z_100,5,6037,-0.6716977868270837,-0.5357878082891513,-0.2958308997509923
Rang 1,nis_z_100,6,6037,-0.6642881073756567,-0.529710434229014,-0.2876258847715917
Rang 1,nis_z_100,7,6037,-0.6427867777663886,-0.48496425389379666,-0.18886672215409717
Rang 1,nis_z_100,8,6037,-0.6096371847308694,-0.43665481252553273,-0.01829755316216661
Rang 1,nis_z_100,9,6037,-0.5864812214236177,-0.37585613318405786,0.16335487883257577
Rang 1,nis_z_100,10,6037,-0.5790976894468649,-0.3399604081245311,0.2839368095008077
Rang 1,nis_z_100,11,6037,-0.5730070556377053,-0.3297957496243333,0.31254625385556667
Rang 1,nis_z_100,12,6037,-0.5844150083953679,-0.34064909386244147,0.2934498178468513
Rang 1,nis_z_100,13,6037,-0.5968529584926568,-0.37937549950567345,0.24206635452028716
Rang 1,nis_z_100,14,6037,-0.611612946691593,-0.4046089208297505,0.17325015994687623
Rang 1,nis_z_100,15,6037,-0.6130607375650815,-0.41506580481574645,0.1383599973185039
Rang 1,nis_z_100,16,6037,-0.6162625685918622,-0.42449171475511993,0.09628389838820892
Rang 1,nis_z_100,17,6037,-0.6136641366365513,-0.4185989128914201,0.07328930717721702
Rang 1,nis_z_100,18,6037,-0.6182701932380928,-0.42037715503030476,0.09735676948954614
Rang 1,nis_z_100,19,6037,-0.6077883894745698,-0.41791164026822847,0.0911587953370935
Rang 1,nis_z_100,20,6037,-0.6053951714765062,-0.4109017812732787,0.13521620637201454
Rang 1,nis_z_100,21,6037,-0.5972803738899228,-0.40179053799770736,0.14926277670842178
Rang 1,nis_z_100,22,6037,-0.6066549677264518,-0.399269613184577,0.16434411018258105
Rang 1,nis_z_100,23,6037,-0.6098975893676863,-0.4005401344967249,0.16766428936526484
Rang 1,nis_z_100,24,6037,-0.6014787137554394,-0.3983165666394188,0.12838929213257522
Rang 1,nis_z_100,25,6037,-0.6034264076036586,-0.3970317228855146,0.1455619779128367
Rang 1,nis_z_100,26,6037,-0.6080609765442468,-0.4032398344454503,0.170604370647901
Rang 1,nis_z_100,27,6037,-0.606464028489012,-0.39672655124388123,0.15457853460781626
Rang 1,nis_z_100,28,6037,-0.6021942636558405,-0.4070920463483769,0.14194110512983338
Rang 1,nis_z_100,29,6037,-0.6013817416426843,-0.3951774428573646,0.14546755442822135
Rang 1,nis_z_100,30,6037,-0.6046997174367422,-0.39525267698539535,0.15847289172666404
Rang 1,nis_z_100,31,6037,-0.6003581365413422,-0.4024015353940934,0.19613419401583732
Rang 1,nis_z_100,32,6037,-0.6069826447129429,-0.39407329889638987,0.16545290372268795
Rang 1,nis_z_100,33,6037,-0.6057563806068451,-0.4009661869772732,0.13741952251958678
Rang 1,nis_z_100,34,6037,-0.6085650324315087,-0.409056365343173,0.13568856020232162
Rang 1,nis_z_100,35,6037,-0.6066231757097619,-0.3920958206103063,0.16661476471906958
Rang 1,nis_z_100,36,6037,-0.5962950330917655,-0.3912988783155512,0.16285244112187405
Rang 1,nis_z_100,37,6037,-0.6033722426734155,-0.3970826851300191,0.1457386725701415
Rang 1,nis_z_100,38,6037,-0.5995924399836352,-0.3939240260361385,0.13593523829821877
Rang 1,nis_z_100,39,6037,-0.604686537725013,-0.40172508292555836,0.14620827703026518
Rang 1,nis_z_100,40,6037,-0.6010598554276744,-0.40056195151505275,0.1584218543404816
Rang 1,nis_z_100,41,6037,-0.6073806062433904,-0.3963562596736541,0.16175349896570648
Rang 1,nis_z_100,42,6037,-0.6075167571338682,-0.40104568335683877,0.1297795292493052
Rang 1,nis_z_100,43,6037,-0.60056067405846,-0.3942582838727686,0.14456536505600856
Rang 1,nis_z_100,44,6037,-0.6060905232601366,-0.39693132374348006,0.17518846582438807
Rang 1,nis_z_100,45,6037,-0.606798940567792,-0.4017762716760831,0.1261231193753218
Rang 1,nis_z_100,46,6037,-0.6020558468642103,-0.39972546999793696,0.1436022289910866
Rang 1,nis_z_100,47,6037,-0.6016139120136231,-0.4049834686024814,0.1358279416104365
Rang 1,nis_z_100,48,6037,-0.602808672652649,-0.39702489287083453,0.15635321078998474
Répétition,price_atr,-48,1259,-0.10669576312969209,2.287296779591896,4.553890473874305
Répétition,price_atr,-47,1259,-0.08558388163257531,2.2665163515764206,4.6864660870002774
Répétition,price_atr,-46,1259,-0.029164900415744495,2.1973326890920646,4.6525824829276985
Répétition,price_atr,-45,1259,-0.0025952799365528516,2.237729239007999,4.582675578026283
Répétition,price_atr,-44,1259,0.147758499156311,2.2702831700854205,4.651991083086238
Répétition,price_atr,-43,1259,0.16625505384189437,2.2307128524767,4.572084708533424
Répétition,price_atr,-42,1259,0.23637815188531403,2.3180845217071306,4.617643303558487
Répétition,price_atr,-41,1259,0.44672382466937677,2.3528273099076458,4.582471651570694
Répétition,price_atr,-40,1259,0.4559738001322051,2.4631582526373137,4.678642544437988
Répétition,price_atr,-39,1259,0.5820933260287608,2.4861940701988616,4.658802278015191
Répétition,price_atr,-38,1259,0.763349471717397,2.5433150030843703,4.587383653980048
Répétition,price_atr,-37,1259,0.8312180347594558,2.625488546145634,4.629013761790299
Répétition,price_atr,-36,1259,0.9412507492564656,2.6492572924057742,4.546160295713266
Répétition,price_atr,-35,1259,0.9851400489234856,2.6691170723201743,4.450432689596749
Répétition,price_atr,-34,1259,1.1192002247503008,2.6360904955895914,4.468651551181797
Répétition,price_atr,-33,1259,1.132237291099596,2.6240482531275817,4.322848281611745
Répétition,price_atr,-32,1259,1.2321249766563573,2.573817414701635,4.249586892943805
Répétition,price_atr,-31,1259,1.2637568930218097,2.572198503547577,4.133505967059122
Répétition,price_atr,-30,1259,1.3056911353862857,2.4887204717763067,3.998237874509596
Répétition,price_atr,-29,1259,1.1600131818906378,2.4517852060634207,3.9051682417580422
Répétition,price_atr,-28,1259,1.0483293174934674,2.3032404212350848,3.7987734780280378
Répétition,price_atr,-27,1259,1.0473800739774213,2.1762649646761285,3.5937189022182423
Répétition,price_atr,-26,1259,0.9279712485875908,1.966092194597859,3.4991163416580893
Répétition,price_atr,-25,1259,0.8336786971604232,1.8723210071575587,3.3922588669429166
Répétition,price_atr,-24,1259,0.7629892625975943,1.7876918589508268,3.258391348443154
Répétition,price_atr,-23,1259,0.7441094872526115,1.7745789901228628,3.2192956456368673
Répétition,price_atr,-22,1259,0.6127035782050496,1.665795905391136,3.1130945484627586
Répétition,price_atr,-21,1259,0.612815863621961,1.6394061915721783,3.02064649687931
Répétition,price_atr,-20,1259,0.5505125798142247,1.6314064308562466,3.000009981222795
Répétition,price_atr,-19,1259,0.5927308352742873,1.5772492695731333,2.954168386896483
Répétition,price_atr,-18,1259,0.5938434727934492,1.5715513180228498,2.8600113004910095
Répétition,price_atr,-17,1259,0.5561350678361268,1.5663276851980936,2.743434863213009
Répétition,price_atr,-16,1259,0.5178732734151191,1.4875845553929103,2.575361343684167
Répétition,price_atr,-15,1259,0.4610082357784273,1.4139547023571117,2.407875576823076
Répétition,price_atr,-14,1259,0.43819400557863547,1.250569749701282,2.136900826728408
Répétition,price_atr,-13,1259,0.2730657138871969,0.9916036724589574,1.7758284779262157
Répétition,price_atr,-12,1259,0.058061872974559336,0.7350787926670175,1.4229524820597002
Répétition,price_atr,-11,1259,-0.2593316187989529,0.46410842289923676,1.0959109360885657
Répétition,price_atr,-10,1259,-0.5247577284724031,0.08045851863139165,0.7188518416122283
Répétition,price_atr,-9,1259,-0.8262368989136234,-0.1866960514642901,0.3849494505402758
Répétition,price_atr,-8,1259,-1.0828566508910598,-0.44574251898897715,0.07309140267440323
Répétition,price_atr,-7,1259,-1.2630382151073656,-0.6355448440720232,-0.08864077320151885
Répétition,price_atr,-6,1259,-1.3399781108815154,-0.7332951278229937,-0.21786082238567164
Répétition,price_atr,-5,1259,-1.3391004289794752,-0.7578030478976588,-0.23742245064926965
Répétition,price_atr,-4,1259,-1.271699894848349,-0.7177389563247025,-0.20282052341450513
Répétition,price_atr,-3,1259,-1.1468556421473766,-0.5926819237123424,-0.06338758048033905
Répétition,price_atr,-2,1259,-0.8299419309754206,-0.3523449913891854,0.11977709380302992
Répétition,price_atr,-1,1259,-0.4449824496980433,-0.11281506489534202,0.2223154723987338
Répétition,price_atr,0,1259,0.0,0.0,0.0
Répétition,price_atr,1,1259,-0.36938087675583686,0.016083842995238247,0.3595966465434631
Répétition,price_atr,2,1259,-0.4405054020428975,0.022557429602469276,0.4862460715451814
Répétition,price_atr,3,1259,-0.5521584660170213,0.057610148569211594,0.5771948926315178
Répétition,price_atr,4,1259,-0.5939888755916074,0.0862443247927373,0.6312231091791398
Répétition,price_atr,5,1259,-0.6548387663516324,0.09854418919897481,0.7433920476004984
Répétition,price_atr,6,1259,-0.7973047256336807,0.03641052173028235,0.7702644643739851
Répétition,price_atr,7,1259,-0.8624489260745443,0.018545242754877914,0.8589059344334244
Répétition,price_atr,8,1259,-0.902883160200824,0.016160696948964583,0.9198798920714425
Répétition,price_atr,9,1259,-0.9577761577443562,0.046548763550921225,0.9522417051798232
Répétition,price_atr,10,1259,-1.1063933571048696,0.04324858950969371,1.0392523692959776
Répétition,price_atr,11,1259,-1.1403540817232165,0.0,1.1482606435688407
Répétition,price_atr,12,1259,-1.184913248504215,0.049471897541791626,1.2612295127069881
Répétition,price_atr,13,1259,-1.1711747559648176,0.058828914919514225,1.4029036297573114
Répétition,price_atr,14,1259,-1.175656169260951,0.07350115589026222,1.32267662017997
Répétition,price_atr,15,1259,-1.2375375423139092,0.018592824720457837,1.4572387208694046
Répétition,price_atr,16,1259,-1.2456072109537497,0.1007827921083241,1.4293682083957702
Répétition,price_atr,17,1259,-1.2628723902836352,0.11859156726805327,1.5333093710569095
Répétition,price_atr,18,1259,-1.2126330748888239,0.1714847549540049,1.504382324067318
Répétition,price_atr,19,1259,-1.2089685450828291,0.1485095134861438,1.5684078298717168
Répétition,price_atr,20,1259,-1.3998260781534688,0.122831336339859,1.548220315823303
Répétition,price_atr,21,1259,-1.3976182866993117,0.12971366656705058,1.6256748530449698
Répétition,price_atr,22,1259,-1.4055803391395303,0.12869993925434892,1.6477679920764594
Répétition,price_atr,23,1259,-1.5366047717967186,0.10808584127927225,1.70026319123316
Répétition,price_atr,24,1259,-1.7022723622915648,0.08240701926297271,1.8087698405268327
Répétition,price_atr,25,1259,-1.7970887991094484,0.1225946266168029,1.8428817557905144
Répétition,price_atr,26,1259,-1.7486207600716641,0.09199649724220574,1.8072025779826555
Répétition,price_atr,27,1259,-1.9188563284371196,0.036999303716284286,1.9005202089815263
Répétition,price_atr,28,1259,-2.0569836047351213,0.08560589072351922,1.886394438806088
Répétition,price_atr,29,1259,-2.064944690544796,0.11477686959816735,1.9590864616988433
Répétition,price_atr,30,1259,-1.9780790544195284,0.07305369011726551,1.9975988369300026
Répétition,price_atr,31,1259,-2.1164173822011323,0.021607582576668557,2.138301200124074
Répétition,price_atr,32,1259,-2.0526560209577145,0.060040444873402474,2.1646905625078796
Répétition,price_atr,33,1259,-2.1047113671044944,0.11206585141263727,2.1250796068110276
Répétition,price_atr,34,1259,-2.154896407100863,0.08066634835047652,2.247643067497436
Répétition,price_atr,35,1259,-2.100318126305897,0.1528730740702148,2.4360366163801697
Répétition,price_atr,36,1259,-2.241159452104447,0.1504951603178263,2.421870764042861
Répétition,price_atr,37,1259,-2.322322244897922,0.1933190427340356,2.4893013633231607
Répétition,price_atr,38,1259,-2.347631304473298,0.23832600399933918,2.4564305059368934
Répétition,price_atr,39,1259,-2.4123498274686925,0.15296503785934742,2.5613247772754155
Répétition,price_atr,40,1259,-2.5634279849109087,0.21778967472458843,2.7035452255286305
Répétition,price_atr,41,1259,-2.561345915813133,0.18134677065386318,2.696689706246376
Répétition,price_atr,42,1259,-2.5654437260666825,0.23347052377632765,2.759411906938614
Répétition,price_atr,43,1259,-2.6168811495420075,0.2445818447217219,2.6521531679618047
Répétition,price_atr,44,1259,-2.5640355724234363,0.25309742144081615,2.663145285401253
Répétition,price_atr,45,1259,-2.6708632130508487,0.24794944780576955,2.757758335606346
Répétition,price_atr,46,1259,-2.7802994856380865,0.22703924071356382,2.7554384031910253
Répétition,price_atr,47,1259,-2.744469150481347,0.2598177731803236,2.675544391115184
Répétition,price_atr,48,1259,-2.7366208680433157,0.1888583625896531,2.7804917987068833
Répétition,ts_oriented,-48,1259,-78.60677600427937,4.322008076125911,78.02386426030932
Répétition,ts_oriented,-47,1259,-79.73335693751194,2.2237692239392763,75.798289142877
Répétition,ts_oriented,-46,1259,-80.90637635965923,0.6684562870962504,75.06524896284571
Répétition,ts_oriented,-45,1259,-80.27944707205002,-2.1031452676804228,73.15518576235507
Répétition,ts_oriented,-44,1259,-81.21381084804709,-1.5708382171291528,69.11558920937763
Répétition,ts_oriented,-43,1259,-79.46229010064559,-1.261663227088036,70.6537098755525
Répétition,ts_oriented,-42,1259,-74.81829135567459,-5.077412737692125,76.53311443094586
Répétition,ts_oriented,-41,1259,-69.02741980404645,-3.0653125462931747,78.90715839250839
Répétition,ts_oriented,-40,1259,-70.97127386173199,1.368150957044654,79.55367585297714
Répétition,ts_oriented,-39,1259,-72.09179505705721,7.474343260451058,77.85714316010558
Répétition,ts_oriented,-38,1259,-67.06920715660323,11.893074426855017,82.59124303565322
Répétition,ts_oriented,-37,1259,-63.278781583032526,15.498097168360323,86.28044226465121
Répétition,ts_oriented,-36,1259,-60.08757973991056,22.374219739488016,87.74846352310422
Répétition,ts_oriented,-35,1259,-59.72952709266755,23.64449303879871,86.68273487237994
Répétition,ts_oriented,-34,1259,-62.691032982193704,29.856473256399664,85.97420693414989
Répétition,ts_oriented,-33,1259,-65.46584140127817,25.487898538614335,84.7981991890355
Répétition,ts_oriented,-32,1259,-64.79146576760897,17.273873477356975,81.5011911159101
Répétition,ts_oriented,-31,1259,-68.75366020403754,9.26949908318486,78.35248571698986
Répétition,ts_oriented,-30,1259,-72.54728725602617,4.396513698936039,73.6133743863228
Répétition,ts_oriented,-29,1259,-81.46111591808831,-1.501616506575805,66.28483543197525
Répétition,ts_oriented,-28,1259,-84.84130689107062,-16.064166961942725,61.24763723505859
Répétition,ts_oriented,-27,1259,-87.06097765631714,-29.406702444961724,47.60251873353261
Répétition,ts_oriented,-26,1259,-91.19901133839424,-42.91114282699093,37.46368358774943
Répétition,ts_oriented,-25,1259,-92.51316542068321,-56.91864578902863,23.53355555308461
Répétition,ts_oriented,-24,1259,-92.82096780386368,-63.0138082849762,11.80780569894937
Répétition,ts_oriented,-23,1259,-94.44098551085045,-66.66666666666667,-3.1939015575305474
Répétition,ts_oriented,-22,1259,-94.5612037389859,-69.03707012260698,-10.652567869068392
Répétition,ts_oriented,-21,1259,-93.81245055857529,-66.99608195155695,-10.210742663813445
Répétition,ts_oriented,-20,1259,-92.92869120388639,-63.38623458264575,-14.664102956627051
Répétition,ts_oriented,-19,1259,-90.02022570282006,-61.363816907573664,-11.716775474881619
Répétition,ts_oriented,-18,1259,-88.51241701070276,-55.55039402183659,-1.5577020679839406
Répétition,ts_oriented,-17,1259,-84.99481515387431,-45.70136575627282,5.866929227690559
Répétition,ts_oriented,-16,1259,-80.30610524981918,-36.56593213879627,16.66318445240848
Répétition,ts_oriented,-15,1259,-76.79063035446438,-30.223939302786153,23.795810378423674
Répétition,ts_oriented,-14,1259,-77.54694663103186,-25.658724193244534,32.90859143923866
Répétition,ts_oriented,-13,1259,-79.90497814317334,-27.48094218759354,40.67821033716038
Répétition,ts_oriented,-12,1259,-87.4695334826321,-34.50354786120195,34.42616767618577
Répétition,ts_oriented,-11,1259,-95.1001420952816,-45.97683800856597,19.032190405145684
Répétition,ts_oriented,-10,1259,-99.43435729609087,-64.20125459253865,-3.2704634873234086
Répétition,ts_oriented,-9,1259,-100.0,-82.9272464747002,-24.90777911832418
Répétition,ts_oriented,-8,1259,-100.0,-92.9682452423948,-54.14961136840643
Répétition,ts_oriented,-7,1259,-100.0,-96.99459617097794,-76.58949899276756
Répétition,ts_oriented,-6,1259,-100.0,-97.2463525672767,-87.19755546573964
Répétition,ts_oriented,-5,1259,-100.0,-95.85921014476257,-88.29499717277764
Répétition,ts_oriented,-4,1259,-97.64590675270782,-92.14342668701785,-83.21166227860357
Répétition,ts_oriented,-3,1259,-91.14358896573995,-81.94524369979169,-71.41864962354788
Répétition,ts_oriented,-2,1259,-75.10498518963293,-64.95730047336774,-56.30734785035298
Répétition,ts_oriented,-1,1259,-49.0376787005026,-41.96956063985592,-36.074964531904484
Répétition,ts_oriented,0,1259,-24.03547807238813,-17.224737978685017,-7.859597375885226
Répétition,ts_oriented,1,1259,0.1572284636373933,14.007973918110594,34.96045251405801
Répétition,ts_oriented,2,1259,28.400910954596277,56.9932546042072,74.32670181687647
Répétition,ts_oriented,3,1259,66.84249892811732,84.98453560759602,93.47891529216076
Répétition,ts_oriented,4,1259,86.76272467642528,95.5532928079408,100.0
Répétition,ts_oriented,5,1259,86.51183809264137,99.10300610781997,100.0
Répétition,ts_oriented,6,1259,69.28535452559407,95.24349601161362,100.0
Répétition,ts_oriented,7,1259,54.03124537893261,86.41696801429926,97.95518319577963
Répétition,ts_oriented,8,1259,28.621200152915666,73.76903000244447,93.19385811373559
Répétition,ts_oriented,9,1259,6.945787171721216,58.98688934878509,86.35592796716108
Répétition,ts_oriented,10,1259,-21.288063701156602,44.16133749191388,77.98331995899974
Répétition,ts_oriented,11,1259,-51.342544384233165,26.890348895716542,68.53019140273923
Répétition,ts_oriented,12,1259,-70.34027767867619,10.233840968574492,58.11716476581503
Répétition,ts_oriented,13,1259,-80.93412356171804,-10.564464751857718,52.728199903644494
Répétition,ts_oriented,14,1259,-85.49142962275583,-30.503126020872447,47.920912623739106
Répétition,ts_oriented,15,1259,-90.65017542247452,-42.9225163436299,44.21035052384006
Répétition,ts_oriented,16,1259,-92.10847044939678,-50.653276592383975,44.31920479246109
Répétition,ts_oriented,17,1259,-92.45375191737881,-50.68477180060662,46.74156281097038
Répétition,ts_oriented,18,1259,-91.37309084024304,-49.19930020124557,49.38056181349994
Répétition,ts_oriented,19,1259,-88.8924334652857,-41.36872877102942,53.998657169259666
Répétition,ts_oriented,20,1259,-87.59652945355302,-35.47681524274035,67.28482219638448
Répétition,ts_oriented,21,1259,-83.55898773697413,-25.873395307115572,69.87284305536937
Répétition,ts_oriented,22,1259,-79.78842747787871,-16.355261923750565,75.24102415757562
Répétition,ts_oriented,23,1259,-75.1120973341767,-4.102210624963027,77.535630540173
Répétition,ts_oriented,24,1259,-70.52024012803233,2.875734067742447,79.96552907041081
Répétition,ts_oriented,25,1259,-66.83514877075132,7.80776381191248,82.83102803786069
Répétition,ts_oriented,26,1259,-65.83815820630977,17.97183775405675,81.8462455978007
Répétition,ts_oriented,27,1259,-67.30460479827785,19.00132997515936,83.51673966305324
Répétition,ts_oriented,28,1259,-66.61758916789859,19.661105846633344,84.92262277991702
Répétition,ts_oriented,29,1259,-68.30239437246574,18.303992473030267,83.67883434132189
Répétition,ts_oriented,30,1259,-71.3686722675825,19.54457673902152,82.90963333913633
Répétition,ts_oriented,31,1259,-73.08349958767204,15.187849901867878,80.4034289404576
Répétition,ts_oriented,32,1259,-74.74622976310296,11.40237303475948,79.2259342493779
Répétition,ts_oriented,33,1259,-74.3978857929201,6.979851984154078,78.01663802111335
Répétition,ts_oriented,34,1259,-77.20788743874046,8.190346150505636,77.62419406090717
Répétition,ts_oriented,35,1259,-77.66663239574655,2.4811626870646584,78.3573792235381
Répétition,ts_oriented,36,1259,-76.25444938128234,-2.0659288195874197,76.53527499369528
Répétition,ts_oriented,37,1259,-77.67012120693667,3.6988007125076217,79.300596794154
Répétition,ts_oriented,38,1259,-80.38837318119093,1.8852272244799824,80.51892212666107
Répétition,ts_oriented,39,1259,-78.44498934174837,3.019914590201983,79.7199007874164
Répétition,ts_oriented,40,1259,-80.28388092771665,2.281960650827591,78.15348777892407
Répétition,ts_oriented,41,1259,-80.21313853635499,2.0188198260629426,78.64221338811544
Répétition,ts_oriented,42,1259,-77.64772354269394,4.953993643681658,79.99440696295139
Répétition,ts_oriented,43,1259,-76.44931786344313,1.5577798276026595,81.01065791288352
Répétition,ts_oriented,44,1259,-75.68028060417157,0.0,78.0080423824624
Répétition,ts_oriented,45,1259,-76.01072875977302,-2.4627978093186993,77.00120420192087
Répétition,ts_oriented,46,1259,-79.69240478943725,-2.7502013450873846,77.11368532183266
Répétition,ts_oriented,47,1259,-79.87783778419768,-5.609702325089745,74.76088527427595
Répétition,ts_oriented,48,1259,-80.67441091675735,-4.83679473822914,73.30119363956766
Répétition,x1_atr_oriented,-48,1259,-0.20695681205690203,0.0065003270422740456,0.21323581297200025
Répétition,x1_atr_oriented,-47,1259,-0.20381421452978765,0.006424088616493398,0.20006885237380506
Répétition,x1_atr_oriented,-46,1259,-0.2045365310280518,-0.002628593298727795,0.2076331068864113
Répétition,x1_atr_oriented,-45,1259,-0.21762425882644615,-0.004047153205128109,0.19845697688188702
Répétition,x1_atr_oriented,-44,1259,-0.2292971141112856,-0.004001397928977025,0.20180301152175345
Répétition,x1_atr_oriented,-43,1259,-0.21914497799103383,-0.0075013917212260585,0.19017547267792353
Répétition,x1_atr_oriented,-42,1259,-0.20299202297214036,-0.007066459759568529,0.1896446814496111
Répétition,x1_atr_oriented,-41,1259,-0.18869081937978283,-0.0028262216857243743,0.19042098148889433
Répétition,x1_atr_oriented,-40,1259,-0.17904979377634078,0.012653287252980523,0.20348030913906187
Répétition,x1_atr_oriented,-39,1259,-0.1623963433423618,0.02184356325855897,0.22344605003557694
Répétition,x1_atr_oriented,-38,1259,-0.1501800953171925,0.027979805640174663,0.24217658638144757
Répétition,x1_atr_oriented,-37,1259,-0.13394561680753705,0.04009823796326771,0.251187179993283
Répétition,x1_atr_oriented,-36,1259,-0.12352789495518327,0.047162875176670296,0.2576218319706612
Répétition,x1_atr_oriented,-35,1259,-0.11868320142194208,0.0511757427626694,0.2721654453025522
Répétition,x1_atr_oriented,-34,1259,-0.12250807973755126,0.0561921956498362,0.26439530337839223
Répétition,x1_atr_oriented,-33,1259,-0.12126445154117499,0.048374093186790514,0.26022326575472904
Répétition,x1_atr_oriented,-32,1259,-0.13054286104468538,0.02526039218374648,0.25079104275374353
Répétition,x1_atr_oriented,-31,1259,-0.1413239851574495,0.00990279419577397,0.222317245507289
Répétition,x1_atr_oriented,-30,1259,-0.15888584273921713,0.00270926756991043,0.20669221841670912
Répétition,x1_atr_oriented,-29,1259,-0.17907984514905373,-0.012686562029634488,0.1726947803627895
Répétition,x1_atr_oriented,-28,1259,-0.19144012672477528,-0.04218080810298363,0.13782200769532804
Répétition,x1_atr_oriented,-27,1259,-0.20974764480804278,-0.06608970782423539,0.104132065784548
Répétition,x1_atr_oriented,-26,1259,-0.24194237422807557,-0.08901645441600568,0.06370134490694844
Répétition,x1_atr_oriented,-25,1259,-0.2607829723310604,-0.11684617953698956,0.031386587618228226
Répétition,x1_atr_oriented,-24,1259,-0.2707974877363045,-0.13472087850846368,0.008324191501760057
Répétition,x1_atr_oriented,-23,1259,-0.286443319303772,-0.14572104146666073,-0.010896363803815281
Répétition,x1_atr_oriented,-22,1259,-0.29105710920381456,-0.15190561533640104,-0.016349385801055383
Répétition,x1_atr_oriented,-21,1259,-0.28358772004757193,-0.15047295687536966,-0.01994513653306297
Répétition,x1_atr_oriented,-20,1259,-0.2781332797553675,-0.14021509722590347,-0.018470203330185668
Répétition,x1_atr_oriented,-19,1259,-0.24288220001270244,-0.12355485155990566,-0.01000979995358566
Répétition,x1_atr_oriented,-18,1259,-0.22472727060974207,-0.10334784587820582,0.004257617298346711
Répétition,x1_atr_oriented,-17,1259,-0.2018906940227046,-0.08313807789609234,0.02521018159795245
Répétition,x1_atr_oriented,-16,1259,-0.18760075479123445,-0.05599325771925388,0.04239816966811174
Répétition,x1_atr_oriented,-15,1259,-0.17367519217820204,-0.04296987524697078,0.05300823633812287
Répétition,x1_atr_oriented,-14,1259,-0.16821659481159856,-0.045322960174957384,0.061172612526088535
Répétition,x1_atr_oriented,-13,1259,-0.1733252503923015,-0.049386483906096616,0.059459484929414774
Répétition,x1_atr_oriented,-12,1259,-0.20804494096193057,-0.06389672915893245,0.04354638369223366
Répétition,x1_atr_oriented,-11,1259,-0.2472824013672969,-0.08882582769959786,0.014238197417104068
Répétition,x1_atr_oriented,-10,1259,-0.31031219767061535,-0.1259607817931052,-0.016029649683555247
Répétition,x1_atr_oriented,-9,1259,-0.35725276396016636,-0.17381831919485527,-0.05524705927643528
Répétition,x1_atr_oriented,-8,1259,-0.4015365617948147,-0.23361635786891902,-0.10396097209687859
Répétition,x1_atr_oriented,-7,1259,-0.42816089142149305,-0.2774268269217849,-0.15010191063654016
Répétition,x1_atr_oriented,-6,1259,-0.44660306331973687,-0.30167134367285786,-0.18734993150163892
Répétition,x1_atr_oriented,-5,1259,-0.4307213486632267,-0.3047664009212345,-0.20313094391705658
Répétition,x1_atr_oriented,-4,1259,-0.3957662638420723,-0.28979789494946473,-0.20244217424147526
Répétition,x1_atr_oriented,-3,1259,-0.3288036534429047,-0.24612330695055804,-0.17806028567672263
Répétition,x1_atr_oriented,-2,1259,-0.2322912474678161,-0.17350348836656018,-0.12709167316661657
Répétition,x1_atr_oriented,-1,1259,-0.12212504203978489,-0.08270945984766669,-0.05063268699194932
Répétition,x1_atr_oriented,0,1259,-0.027349526332117974,0.006230046078122934,0.04164275698137551
Répétition,x1_atr_oriented,1,1259,0.03976534432187692,0.0919868225571398,0.15058159238485253
Répétition,x1_atr_oriented,2,1259,0.0942519034583296,0.1654841579656179,0.24768458156227124
Répétition,x1_atr_oriented,3,1259,0.12929220703191607,0.22092703604352276,0.32680869105340804
Répétition,x1_atr_oriented,4,1259,0.14092423067815987,0.2572741827582734,0.3862393237277939
Répétition,x1_atr_oriented,5,1259,0.13701815046567628,0.2667260466125777,0.4190002197426863
Répétition,x1_atr_oriented,6,1259,0.11354732509907792,0.26018124675891163,0.411513271177561
Répétition,x1_atr_oriented,7,1259,0.07828438331031895,0.23861437135947844,0.3808191734741216
Répétition,x1_atr_oriented,8,1259,0.030552319006986302,0.1974689957938384,0.34283119480996693
Répétition,x1_atr_oriented,9,1259,-0.024756079237427668,0.14893152292372328,0.29672240775141556
Répétition,x1_atr_oriented,10,1259,-0.07663454542088421,0.0939542679623847,0.2513748848720474
Répétition,x1_atr_oriented,11,1259,-0.1317913274427015,0.036855375894292976,0.20411904021903315
Répétition,x1_atr_oriented,12,1259,-0.17708062461809926,-0.010308809086941702,0.15972645018724768
Répétition,x1_atr_oriented,13,1259,-0.20356208917501334,-0.04102758782745732,0.13151624226517905
Répétition,x1_atr_oriented,14,1259,-0.23865357306214768,-0.07218309498924243,0.11191604316157887
Répétition,x1_atr_oriented,15,1259,-0.26061120757363054,-0.09293136981640872,0.09729853218443593
Répétition,x1_atr_oriented,16,1259,-0.27384286034063005,-0.09664678553514718,0.09034584806880054
Répétition,x1_atr_oriented,17,1259,-0.28673099013616676,-0.09624429629436461,0.09376643188779771
Répétition,x1_atr_oriented,18,1259,-0.2842047354797518,-0.08931264275894912,0.09969247375113496
Répétition,x1_atr_oriented,19,1259,-0.2744669820475728,-0.07099254340902848,0.12092873502347838
Répétition,x1_atr_oriented,20,1259,-0.25979490632197927,-0.061883321782451865,0.13267555950823695
Répétition,x1_atr_oriented,21,1259,-0.2419869560181761,-0.03645390733715884,0.14742243117799858
Répétition,x1_atr_oriented,22,1259,-0.21672283791503055,-0.02007251315376892,0.17061245523343274
Répétition,x1_atr_oriented,23,1259,-0.19394275554260199,0.0006627926117749849,0.18051068798158923
Répétition,x1_atr_oriented,24,1259,-0.19373223102863174,0.011854649140411047,0.19849259283226073
Répétition,x1_atr_oriented,25,1259,-0.17380723695029443,0.024749682154492608,0.21555530663791939
Répétition,x1_atr_oriented,26,1259,-0.1534147497849992,0.040358061223659064,0.22300905247730474
Répétition,x1_atr_oriented,27,1259,-0.15321858264350058,0.033475367232450315,0.22085202424040534
Répétition,x1_atr_oriented,28,1259,-0.1493384172852965,0.033712069539877806,0.230144124294035
Répétition,x1_atr_oriented,29,1259,-0.15546522458941847,0.03784657976802372,0.22770262348097614
Répétition,x1_atr_oriented,30,1259,-0.15881791851707627,0.03793873352045987,0.22113061560489167
Répétition,x1_atr_oriented,31,1259,-0.16235543765536764,0.02451273275106418,0.22754085829832665
Répétition,x1_atr_oriented,32,1259,-0.1698477865698439,0.017730317527965986,0.21945167447672148
Répétition,x1_atr_oriented,33,1259,-0.17294252105456082,0.01447101270278245,0.21348243749791054
Répétition,x1_atr_oriented,34,1259,-0.17782935339965764,0.002106896976583056,0.20051002322202888
Répétition,x1_atr_oriented,35,1259,-0.18794856169138274,0.003732893357288881,0.1984286360381652
Répétition,x1_atr_oriented,36,1259,-0.18794353095554267,0.0030485607064258294,0.20314841267891925
Répétition,x1_atr_oriented,37,1259,-0.21014915880725507,0.003881184634577882,0.20598422070889613
Répétition,x1_atr_oriented,38,1259,-0.20280898812851797,0.004854674919320046,0.19200020467765472
Répétition,x1_atr_oriented,39,1259,-0.20817605861747704,0.00793075737358988,0.1969481167725431
Répétition,x1_atr_oriented,40,1259,-0.21236890189924643,0.006959704579556897,0.19536742871818344
Répétition,x1_atr_oriented,41,1259,-0.2128738494979652,0.008874554119753101,0.19344545162423943
Répétition,x1_atr_oriented,42,1259,-0.22251216298058743,0.004743953317504019,0.20583727309947245
Répétition,x1_atr_oriented,43,1259,-0.2140265271757933,-0.005683985010438581,0.2057552498712562
Répétition,x1_atr_oriented,44,1259,-0.2104108678695258,-0.004437453907374475,0.20245792053002898
Répétition,x1_atr_oriented,45,1259,-0.20875587438649457,-0.002881764799267346,0.21491352821734988
Répétition,x1_atr_oriented,46,1259,-0.2066771104368892,-0.008208097844255245,0.21307945154651653
Répétition,x1_atr_oriented,47,1259,-0.2086018437198604,-0.009222350633885374,0.19339010183733046
Répétition,x1_atr_oriented,48,1259,-0.21245763886001595,-0.010092074177369417,0.19110359733654037
Répétition,nis_z_100,-48,1259,-0.6013164206432837,-0.38170575483619684,0.21425340210384458
Répétition,nis_z_100,-47,1259,-0.5896415561331896,-0.3586119067099981,0.20209499005946796
Répétition,nis_z_100,-46,1259,-0.5718694537856697,-0.35090016386276873,0.25665466065565157
Répétition,nis_z_100,-45,1259,-0.5904299470377817,-0.3796022208697199,0.20656548386535198
Répétition,nis_z_100,-44,1259,-0.5960255944368589,-0.3813913921984829,0.24569255937123716
Répétition,nis_z_100,-43,1259,-0.5922301107051645,-0.38266745803295404,0.19781116843312968
Répétition,nis_z_100,-42,1259,-0.5966513908863247,-0.39514789382716686,0.12172185881868694
Répétition,nis_z_100,-41,1259,-0.5898508944209258,-0.3849197165416884,0.1400175067677723
Répétition,nis_z_100,-40,1259,-0.5875109061396706,-0.382514320922967,0.13189679239063487
Répétition,nis_z_100,-39,1259,-0.602503557262009,-0.3822202000764627,0.179421026934103
Répétition,nis_z_100,-38,1259,-0.5884435590422188,-0.38223572786611415,0.1732237297065478
Répétition,nis_z_100,-37,1259,-0.5942303041036294,-0.4110894624819445,0.16583553465118583
Répétition,nis_z_100,-36,1259,-0.6046559103089199,-0.4257612353218965,0.06330468087825375
Répétition,nis_z_100,-35,1259,-0.629059209227818,-0.43819377606637655,0.05391868922842141
Répétition,nis_z_100,-34,1259,-0.6088218960563887,-0.41461208939243616,0.06075898724071464
Répétition,nis_z_100,-33,1259,-0.6107608058819952,-0.4215827765194419,0.051380243382897116
Répétition,nis_z_100,-32,1259,-0.6137686014895833,-0.43742072273900545,0.003453973284089415
Répétition,nis_z_100,-31,1259,-0.6070628959675196,-0.42138117278031806,0.03090534313444668
Répétition,nis_z_100,-30,1259,-0.612882122413555,-0.4109964643750561,0.048322071197664684
Répétition,nis_z_100,-29,1259,-0.6215142443092254,-0.42749909194480673,0.1264344521093927
Répétition,nis_z_100,-28,1259,-0.6070816887536423,-0.40462460072705875,0.049084083333504544
Répétition,nis_z_100,-27,1259,-0.6152578013942323,-0.4168197040536098,0.07439076894145218
Répétition,nis_z_100,-26,1259,-0.6220924270777946,-0.4246034796383868,0.03659989817512799
Répétition,nis_z_100,-25,1259,-0.6128942360047728,-0.42031085119900036,0.04234693770195626
Répétition,nis_z_100,-24,1259,-0.6076986966769815,-0.42860967170925524,0.0005508139618177325
Répétition,nis_z_100,-23,1259,-0.62520725960268,-0.4450408290695768,-0.0273253957499265
Répétition,nis_z_100,-22,1259,-0.6229173510172799,-0.45792920125602754,-0.07595744673384833
Répétition,nis_z_100,-21,1259,-0.6276785388999229,-0.45963181805346165,-0.12512247742479954
Répétition,nis_z_100,-20,1259,-0.6223917714563674,-0.4531605610235199,-0.07571218870171895
Répétition,nis_z_100,-19,1259,-0.6285889533297353,-0.4522445127906188,-0.06798484674252453
Répétition,nis_z_100,-18,1259,-0.632667591297645,-0.4399410504367144,-0.05676865519971086
Répétition,nis_z_100,-17,1259,-0.6347472186231303,-0.44488232812910317,-0.04221468200877852
Répétition,nis_z_100,-16,1259,-0.6227364406019216,-0.4371278545966117,-0.027892267410998945
Répétition,nis_z_100,-15,1259,-0.6137621145417662,-0.45085194313350707,-0.015255312090960513
Répétition,nis_z_100,-14,1259,-0.6388041604423885,-0.46678066908887406,-0.058082034379579046
Répétition,nis_z_100,-13,1259,-0.636384093931051,-0.4545450959035761,0.055925183429463954
Répétition,nis_z_100,-12,1259,-0.6143569934642218,-0.4253411951169183,0.1336813508579121
Répétition,nis_z_100,-11,1259,-0.6154066888669889,-0.4031976969201751,0.20021694120935907
Répétition,nis_z_100,-10,1259,-0.6009079666910646,-0.40100903142965005,0.25909847585140255
Répétition,nis_z_100,-9,1259,-0.595485062206478,-0.39953687206941824,0.1504933560942181
Répétition,nis_z_100,-8,1259,-0.602202199984611,-0.42120386146812167,0.0639207906579164
Répétition,nis_z_100,-7,1259,-0.6323688382447333,-0.4739352735565313,-0.1343310033210277
Répétition,nis_z_100,-6,1259,-0.6585617100064431,-0.5142424242412749,-0.2696588004370174
Répétition,nis_z_100,-5,1259,-0.6747044466500232,-0.5491735191961964,-0.35918371630077783
Répétition,nis_z_100,-4,1259,-0.6586319409054022,-0.525066511922629,-0.28830140770312584
Répétition,nis_z_100,-3,1259,-0.6158863429726638,-0.4347726001942791,0.03530212542781938
Répétition,nis_z_100,-2,1259,-0.4992050376213902,-0.1622522027514563,0.6031483995122022
Répétition,nis_z_100,-1,1259,-0.35076212947304175,0.08374410113483523,1.1454581449269117
Répétition,nis_z_100,0,1259,-0.3268125863957632,0.16987927392357788,1.3189011556981076
Répétition,nis_z_100,1,1259,-0.42630901326754594,-0.014865568793147077,1.000680375536895
Répétition,nis_z_100,2,1259,-0.5090871518848826,-0.19492663143610542,0.5921868781650031
Répétition,nis_z_100,3,1259,-0.5784616420178231,-0.3681614806149012,0.2535589311982863
Répétition,nis_z_100,4,1259,-0.6329260904647371,-0.4751807009164795,-0.09894278582204814
Répétition,nis_z_100,5,1259,-0.6558919801494812,-0.5160483231856073,-0.3008481030432163
Répétition,nis_z_100,6,1259,-0.6447763012999086,-0.5006339364566211,-0.26732162155876804
Répétition,nis_z_100,7,1259,-0.6123848668119368,-0.4669262102690608,-0.1062730755137416
Répétition,nis_z_100,8,1259,-0.5888515817867114,-0.39379766066319283,0.03750925279557926
Répétition,nis_z_100,9,1259,-0.5729676944464346,-0.3311477378553456,0.24632157770441557
Répétition,nis_z_100,10,1259,-0.5649310090280797,-0.32224430828123596,0.3561384721960452
Répétition,nis_z_100,11,1259,-0.562057907499401,-0.31398098406408925,0.39633090859009423
Répétition,nis_z_100,12,1259,-0.5568947646787119,-0.2493517377351284,0.4047813340315372
Répétition,nis_z_100,13,1259,-0.5819584040270903,-0.32553660815509733,0.30077107470503583
Répétition,nis_z_100,14,1259,-0.5787760725436861,-0.3517735917899548,0.3061273232073288
Répétition,nis_z_100,15,1259,-0.5850799966246776,-0.3645839402928717,0.15947120033452034
Répétition,nis_z_100,16,1259,-0.593752791254972,-0.3885910818327429,0.08770991194635147
Répétition,nis_z_100,17,1259,-0.6025528038815398,-0.3939186367064861,0.07299418530626992
Répétition,nis_z_100,18,1259,-0.6019731881801766,-0.3949681134996483,0.09842728410590659
Répétition,nis_z_100,19,1259,-0.5923827280164766,-0.393304876086686,0.15886446457180653
Répétition,nis_z_100,20,1259,-0.5987701888684474,-0.38988266416443373,0.17831558133078262
Répétition,nis_z_100,21,1259,-0.5836928020782721,-0.35893539125707224,0.28561163453484373
Répétition,nis_z_100,22,1259,-0.576433391209499,-0.3622908105023812,0.22866966565641633
Répétition,nis_z_100,23,1259,-0.5827880487490519,-0.35577788220644374,0.2487563120196132
Répétition,nis_z_100,24,1259,-0.5728915569334743,-0.33463053618970695,0.29333146662458087
Répétition,nis_z_100,25,1259,-0.5914697978723016,-0.3683315879753947,0.2535930752861473
Répétition,nis_z_100,26,1259,-0.5903597129153869,-0.36503332688860346,0.32208610681380023
Répétition,nis_z_100,27,1259,-0.5811079055582762,-0.36839116270933686,0.2190903695492083
Répétition,nis_z_100,28,1259,-0.5925801248621125,-0.37432548919197023,0.2877754264137694
Répétition,nis_z_100,29,1259,-0.5841820277552096,-0.3798845228028403,0.2738612579253761
Répétition,nis_z_100,30,1259,-0.594921806596693,-0.38613749748126824,0.24088334813614148
Répétition,nis_z_100,31,1259,-0.5934229658682799,-0.3779461895367256,0.19757075979228117
Répétition,nis_z_100,32,1259,-0.594723381077452,-0.38035046085827123,0.2065767034381204
Répétition,nis_z_100,33,1259,-0.5923651455910267,-0.36121242833384576,0.26744077659140786
Répétition,nis_z_100,34,1259,-0.584404308307762,-0.3648333238553807,0.25816336658889216
Répétition,nis_z_100,35,1259,-0.5814728636800139,-0.3407091521421213,0.267420348240757
Répétition,nis_z_100,36,1259,-0.5839219969328677,-0.3551498833771665,0.29208100427092754
Répétition,nis_z_100,37,1259,-0.5717268961057396,-0.3323921256621805,0.3348355030877943
Répétition,nis_z_100,38,1259,-0.5742328636829823,-0.3265204679219588,0.27510139367060876
Répétition,nis_z_100,39,1259,-0.5770365448440695,-0.33500864648565537,0.35519634831277636
Répétition,nis_z_100,40,1259,-0.586989480882566,-0.3633121183534996,0.28557707012950595
Répétition,nis_z_100,41,1259,-0.5849584406533683,-0.3614685646083947,0.2813137314697222
Répétition,nis_z_100,42,1259,-0.583831006782461,-0.3432132936140718,0.2865183391623334
Répétition,nis_z_100,43,1259,-0.5976034969519646,-0.3644704554643533,0.3192016782080419
Répétition,nis_z_100,44,1259,-0.5872378580381636,-0.34986113481291037,0.25113630625714534
Répétition,nis_z_100,45,1259,-0.577516756654725,-0.36051738258210453,0.2482562462577826
Répétition,nis_z_100,46,1259,-0.5832242769610079,-0.3649491090376989,0.2400083823797006
Répétition,nis_z_100,47,1259,-0.5865069921157662,-0.3393372950816754,0.2804656954211313
Répétition,nis_z_100,48,1259,-0.5800426209464558,-0.35573424053422253,0.3195212801912972
