configuration,H,frais_bps,annee,n_trades,pnl_bps,pnl_compose,esperance_bps,esperance_atr,long_bps,short_bps,timing_bps,derive_bps,long_atr,short_atr,timing_atr,derive_atr
Ancre native P6.5d,native,5,2020,1000,6317.56,0.532194,6.31756,0.143216,21.1438,-8.50865,6.31756,14.8262,0.44143,-0.154997,0.143216,0.298213
Ancre native P6.5d,native,5,2021,1000,-18614.5,-0.889239,-18.6145,-0.185701,-10.404,-26.825,-18.6145,8.21048,-0.117727,-0.253674,-0.185701,0.0679737
Ancre native P6.5d,native,5,2022,1015,-13768.2,-0.794197,-13.5647,-0.236651,-21.8888,-5.25697,-13.5729,-8.31592,-0.406505,-0.067132,-0.236819,-0.169687
Ancre native P6.5d,native,5,2023,1040,-5467.15,-0.479012,-5.25687,-0.113275,4.80583,-15.3196,-5.25687,10.0627,0.212381,-0.438932,-0.113275,0.325657
Ancre native P6.5d,native,5,2024,971,-3160.1,-0.375299,-3.25448,-0.0986118,6.37688,-12.9057,-3.26441,9.6413,0.0519186,-0.249453,-0.098767,0.150686
Ancre native P6.5d,native,5,2025,1011,2459.95,0.169934,2.43318,0.028261,2.70262,2.16428,2.43345,0.26917,0.00760035,0.0488807,0.0282405,-0.0206402
Ancre native P6.5d,native,10,2020,1000,1317.56,-0.0706894,1.31756,0.046899,16.1438,-13.5086,1.31756,14.8262,0.344501,-0.250703,0.046899,0.297602
Ancre native P6.5d,native,10,2021,1000,-23614.5,-0.932914,-23.6145,-0.248864,-15.404,-31.825,-23.6145,8.21048,-0.180608,-0.31712,-0.248864,0.0682559
Ancre native P6.5d,native,10,2022,1015,-18843.2,-0.876234,-18.5647,-0.35042,-26.8888,-10.257,-18.5729,-8.31592,-0.520558,-0.180617,-0.350587,-0.16997
Ancre native P6.5d,native,10,2023,1040,-10667.1,-0.69042,-10.2569,-0.300633,-0.194174,-20.3196,-10.2569,10.0627,0.0252918,-0.626557,-0.300633,0.325925
Ancre native P6.5d,native,10,2024,971,-8015.1,-0.615733,-8.25448,-0.221428,1.37688,-17.9057,-8.26441,9.6413,-0.0711342,-0.372032,-0.221583,0.150449
Ancre native P6.5d,native,10,2025,1011,-2595.05,-0.294356,-2.56682,-0.127904,-2.29738,-2.83572,-2.56655,0.26917,-0.149976,-0.105876,-0.127926,-0.02205
Tous,6,5,2020,1189,3823.03,0.352585,3.21533,0.00669212,5.20088,1.21301,3.20694,1.99394,0.0212074,-0.0079458,0.00663082,0.0145766
Tous,6,5,2021,1226,-12897.6,-0.761439,-10.52,-0.170117,-10.1825,-10.8631,-10.5228,0.340315,-0.162359,-0.178004,-0.170181,0.0078224
Tous,6,5,2022,1235,-8267.67,-0.5974,-6.69447,-0.150548,-9.83635,-3.52704,-6.6817,-3.15466,-0.183031,-0.117799,-0.150415,-0.032616
Tous,6,5,2023,1236,-312.776,-0.0647023,-0.253055,-0.03781,2.8327,-3.22126,-0.194279,3.02698,0.0675143,-0.139122,-0.0358038,0.103318
Tous,6,5,2024,1193,-4921.5,-0.427335,-4.12532,-0.113445,-1.16677,-6.87801,-4.02239,2.85562,-0.0585601,-0.164512,-0.111536,0.0529758
Tous,6,5,2025,1217,-4390.42,-0.382406,-3.60757,-0.0997064,-3.27719,-3.94178,-3.60948,0.332297,-0.108571,-0.0907394,-0.0996551,-0.00891577
Tous,6,10,2020,1189,-2121.97,-0.253619,-1.78467,-0.0898093,0.200883,-3.78699,-1.79306,1.99394,-0.0760476,-0.103687,-0.0898674,0.0138198
Tous,6,10,2021,1226,-19027.6,-0.870887,-15.52,-0.233369,-15.1825,-15.8631,-15.5228,0.340315,-0.224506,-0.242377,-0.233442,0.00893567
Tous,6,10,2022,1235,-14442.7,-0.783023,-11.6945,-0.262648,-14.8364,-8.52704,-11.6817,-3.15466,-0.295295,-0.229736,-0.262516,-0.0327791
Tous,6,10,2023,1236,-6492.78,-0.495958,-5.25305,-0.222476,-2.1673,-8.22126,-5.19428,3.02698,-0.117828,-0.323138,-0.220483,0.102655
Tous,6,10,2024,1193,-10886.5,-0.684758,-9.12532,-0.235258,-6.16677,-11.878,-9.02239,2.85562,-0.180151,-0.286531,-0.233341,0.0531898
Tous,6,10,2025,1217,-10475.4,-0.664066,-8.60757,-0.254221,-8.27719,-8.94178,-8.60948,0.332297,-0.262635,-0.24571,-0.254172,-0.00846226
Tous,13,5,2020,809,-2393.74,-0.322508,-2.95889,-0.0153549,3.97125,-9.06708,-2.54791,6.51917,0.131224,-0.144549,-0.00666243,0.137887
Tous,13,5,2021,826,-5480.22,-0.538923,-6.63465,0.0154934,-2.37791,-10.9537,-6.6658,4.28789,0.0638964,-0.033618,0.0151392,0.0487572
Tous,13,5,2022,825,-10893.6,-0.707006,-13.2043,-0.222302,-19.5508,-6.15989,-12.8553,-6.69545,-0.29079,-0.146281,-0.218536,-0.0722543
Tous,13,5,2023,818,-4276.15,-0.381611,-5.22757,-0.162679,0.00047416,-10.4047,-5.20213,5.20261,0.0108542,-0.334523,-0.161834,0.172689
Tous,13,5,2024,796,1485.5,0.0813316,1.8662,-0.0183035,7.53103,-2.83496,2.34804,5.18299,0.0351085,-0.0626294,-0.0137605,0.048869
Tous,13,5,2025,831,398.732,-0.0179019,0.479822,-0.0388778,0.192766,0.759377,0.476071,-0.283305,-0.0347272,-0.0429199,-0.0388236,0.00409631
Tous,13,10,2020,809,-6438.74,-0.548071,-7.95889,-0.110578,-1.02875,-14.0671,-7.54791,6.51917,0.038142,-0.241659,-0.101759,0.139901
Tous,13,10,2021,826,-9610.22,-0.695108,-11.6346,-0.0474474,-7.37791,-15.9537,-11.6658,4.28789,0.00363686,-0.0992791,-0.0478211,0.051458
Tous,13,10,2022,825,-15018.6,-0.806192,-18.2043,-0.334358,-24.5508,-11.1599,-17.8553,-6.69545,-0.403205,-0.257939,-0.330572,-0.0726328
Tous,13,10,2023,818,-8366.15,-0.589347,-10.2276,-0.341976,-4.99953,-15.4047,-10.2021,5.20261,-0.16692,-0.515327,-0.341124,0.174203
Tous,13,10,2024,796,-2494.5,-0.27378,-3.1338,-0.13831,2.53103,-7.83496,-2.65196,5.18299,-0.0823525,-0.184748,-0.13355,0.0511979
Tous,13,10,2025,831,-3756.27,-0.351897,-4.52018,-0.189441,-4.80723,-4.24062,-4.52393,-0.283305,-0.179667,-0.198959,-0.189313,0.00964633
Tous,26,5,2020,498,-907.501,-0.229265,-1.82229,0.0432492,17.8042,-21.607,-1.90143,19.7056,0.404046,-0.320457,0.0417944,0.362251
Tous,26,5,2021,522,-15805.2,-0.841169,-30.2781,-0.279207,-24.7223,-36.1853,-30.4538,5.73153,-0.233732,-0.327557,-0.280644,0.0469127
Tous,26,5,2022,521,-11350.1,-0.721008,-21.7852,-0.370515,-26.903,-16.6871,-21.795,-5.10792,-0.425744,-0.315498,-0.370621,-0.0551228
Tous,26,5,2023,518,-4292.84,-0.384717,-8.28733,-0.0812232,1.58779,-17.9363,-8.17425,9.76205,0.189389,-0.345638,-0.0781245,0.267514
Tous,26,5,2024,504,-1565.07,-0.220711,-3.1053,-0.09138,13.1788,-16.8841,-1.85268,15.0314,0.232534,-0.365461,-0.0664635,0.298998
Tous,26,5,2025,517,686.387,0.00131377,1.32764,-0.0405812,7.29215,-4.99333,1.14941,6.14274,0.0841099,-0.172724,-0.044307,0.128417
Tous,26,10,2020,498,-3397.5,-0.399318,-6.82229,-0.0517989,12.8042,-26.607,-6.90143,19.7056,0.30708,-0.413572,-0.0532459,0.360326
Tous,26,10,2021,522,-18415.2,-0.877792,-35.2781,-0.341957,-29.7223,-41.1853,-35.4538,5.73153,-0.294988,-0.391896,-0.343442,0.0484544
Tous,26,10,2022,521,-13955.1,-0.785157,-26.7852,-0.479682,-31.903,-21.6871,-26.795,-5.10792,-0.533065,-0.426503,-0.479784,-0.0532811
Tous,26,10,2023,518,-6882.84,-0.52527,-13.2873,-0.261864,-3.41221,-22.9363,-13.1743,9.76205,0.00423934,-0.521873,-0.258817,0.263056
Tous,26,10,2024,504,-4085.07,-0.394444,-8.1053,-0.208929,8.17877,-21.8841,-6.85268,15.0314,0.119461,-0.486797,-0.183668,0.303129
Tous,26,10,2025,517,-1898.61,-0.226852,-3.67236,-0.193118,2.29215,-9.99333,-3.85059,6.14274,-0.0668933,-0.326887,-0.19689,0.129997
Tous,48,5,2020,303,2077.4,-0.022627,6.85609,-0.024127,29.2992,-12.6777,8.31074,20.9884,0.391346,-0.385743,0.00280177,0.388544
Tous,48,5,2021,315,-8258.57,-0.674093,-26.2177,-0.202643,15.2653,-69.0389,-26.8868,42.1521,0.133879,-0.55002,-0.208071,0.34195
Tous,48,5,2022,313,-7756.77,-0.608135,-24.782,-0.365702,-51.3794,0.651743,-25.3638,-26.0156,-0.817613,0.0664384,-0.375587,-0.442026
Tous,48,5,2023,310,-11258.9,-0.699889,-36.3189,-0.809944,-17.1724,-50.7058,-33.9391,16.7667,-0.4246,-1.0995,-0.762048,0.337448
Tous,48,5,2024,313,-4318.72,-0.42759,-13.7978,-0.268759,10.2703,-37.1091,-13.4194,23.6897,0.0475767,-0.575147,-0.263785,0.311362
Tous,48,5,2025,312,-349.999,-0.102308,-1.12179,-0.0581228,-6.55524,3.47574,-1.53975,-5.01549,-0.0944218,-0.0274082,-0.060915,-0.0335068
Tous,48,10,2020,303,562.396,-0.160163,1.85609,-0.119814,24.2992,-17.6777,3.31074,20.9884,0.296725,-0.482357,-0.0928161,0.389541
Tous,48,10,2021,315,-9833.57,-0.721795,-31.2177,-0.264872,10.2653,-74.0389,-31.8868,42.1521,0.0712039,-0.611789,-0.270293,0.341496
Tous,48,10,2022,313,-9321.77,-0.665102,-29.782,-0.476517,-56.3794,-4.34826,-30.3638,-26.0156,-0.924909,-0.0477415,-0.486325,-0.438584
Tous,48,10,2023,310,-12808.9,-0.743155,-41.3189,-0.989599,-22.1724,-55.7058,-38.9391,16.7667,-0.607641,-1.27661,-0.942124,0.334483
Tous,48,10,2024,313,-5883.72,-0.510702,-18.7978,-0.386337,5.27032,-42.1091,-18.4194,23.6897,-0.0685573,-0.694123,-0.38134,0.312783
Tous,48,10,2025,312,-1910,-0.232071,-6.12179,-0.208702,-11.5552,-1.52426,-6.53975,-5.01549,-0.23989,-0.182311,-0.211101,-0.0287897
Tous hors R3,6,5,2020,856,4097.27,0.435954,4.78653,0.0539261,7.68652,2.01897,4.85274,2.83377,0.0620891,0.0461357,0.0541124,0.0079767
Tous hors R3,6,5,2021,845,-4898.92,-0.444516,-5.79754,-0.145285,-3.37207,-7.95712,-5.6646,2.29252,-0.127705,-0.160938,-0.144321,0.0166169
Tous hors R3,6,5,2022,822,-3269.08,-0.319216,-3.97698,-0.113583,-7.99189,-0.226575,-4.10923,-3.88266,-0.158119,-0.0719812,-0.11505,-0.0430689
Tous hors R3,6,5,2023,835,-799.787,-0.0981346,-0.957829,-0.0713474,1.91918,-3.8695,-0.97516,2.89434,0.0246616,-0.168513,-0.0719257,0.0965874
Tous hors R3,6,5,2024,786,-3962.54,-0.355544,-5.0414,-0.11639,1.38187,-10.6675,-4.64282,6.02469,-0.00972341,-0.209819,-0.109771,0.100048
Tous hors R3,6,5,2025,805,-3734.54,-0.32707,-4.63918,-0.126867,-2.42792,-6.93441,-4.68116,2.25325,-0.101069,-0.153644,-0.127357,0.0262874
Tous hors R3,6,10,2020,856,-182.726,-0.0639818,-0.213465,-0.0454967,2.68652,-2.98103,-0.147256,2.83377,-0.0405334,-0.0502334,-0.0453834,0.00485001
Tous hors R3,6,10,2021,845,-9123.92,-0.636095,-10.7975,-0.210046,-8.37207,-12.9571,-10.6646,2.29252,-0.192057,-0.226063,-0.20906,0.0170028
Tous hors R3,6,10,2022,822,-7379.08,-0.548795,-8.97698,-0.225191,-12.9919,-5.22657,-9.10923,-3.88266,-0.26919,-0.18409,-0.22664,-0.0425503
Tous hors R3,6,10,2023,835,-4974.79,-0.406048,-5.95783,-0.259126,-3.08082,-8.8695,-5.97516,2.89434,-0.163263,-0.356144,-0.259703,0.0964403
Tous hors R3,6,10,2024,786,-7892.54,-0.565122,-10.0414,-0.241871,-3.61813,-15.6675,-9.64282,6.02469,-0.136979,-0.333746,-0.235363,0.0983833
Tous hors R3,6,10,2025,805,-7759.54,-0.550188,-9.63918,-0.287214,-7.42792,-11.9344,-9.68116,2.25325,-0.261098,-0.314322,-0.28771,0.0266122
Tous hors R3,13,5,2020,633,1119.26,-0.00844981,1.76818,0.0740415,6.59621,-2.44563,2.07529,4.52092,0.225375,-0.0580393,0.0836677,0.141707
Tous hors R3,13,5,2021,629,-898.101,-0.209254,-1.42782,0.00515277,0.476848,-3.00582,-1.26449,1.74133,0.0266319,-0.0126424,0.00699473,0.0196372
Tous hors R3,13,5,2022,602,-8037.09,-0.593852,-13.3507,-0.216885,-22.6455,-4.47828,-13.5619,-9.08362,-0.384898,-0.0565082,-0.220703,-0.164195
Tous hors R3,13,5,2023,610,-4371.17,-0.379187,-7.16586,-0.229343,-1.28768,-13.3202,-7.30393,6.01625,-0.0372778,-0.430432,-0.233855,0.196577
Tous hors R3,13,5,2024,578,1327.72,0.0815872,2.2971,-0.0480021,11.3862,-5.03096,3.1776,8.20856,0.0720815,-0.144819,-0.036369,0.10845
Tous hors R3,13,5,2025,600,1483.42,0.117247,2.47237,0.0391656,1.03715,3.8513,2.44422,-1.40708,0.0309907,0.0470199,0.0390053,-0.00801456
Tous hors R3,13,10,2020,633,-2045.74,-0.277568,-3.23182,-0.0245552,1.59621,-7.44563,-2.92471,4.52092,0.123751,-0.153994,-0.0151215,0.138873
Tous hors R3,13,10,2021,629,-4043.1,-0.422789,-6.42782,-0.0592528,-4.52315,-8.00582,-6.26449,1.74133,-0.0362755,-0.0782893,-0.0572824,0.0210069
Tous hors R3,13,10,2022,602,-11047.1,-0.699592,-18.3507,-0.328003,-27.6455,-9.47828,-18.5619,-9.08362,-0.49504,-0.168558,-0.331799,-0.163241
Tous hors R3,13,10,2023,610,-7421.17,-0.542538,-12.1659,-0.411463,-6.28768,-18.3202,-12.3039,6.01625,-0.215873,-0.616241,-0.416057,0.200184
Tous hors R3,13,10,2024,578,-1562.28,-0.189927,-2.7029,-0.170501,6.38616,-10.031,-1.8224,8.20856,-0.0508288,-0.266987,-0.158908,0.108079
Tous hors R3,13,10,2025,600,-1516.58,-0.172355,-2.52763,-0.117237,-3.96285,-1.1487,-2.55578,-1.40708,-0.12152,-0.113121,-0.117321,-0.00419943
Tous hors R3,26,5,2020,442,-4337.96,-0.437707,-9.81438,-0.0502375,14.909,-31.1996,-8.14529,23.0543,0.387374,-0.428762,-0.0206941,0.408068
Tous hors R3,26,5,2021,435,-9386.48,-0.683419,-21.5781,-0.305798,-1.85328,-38.5212,-20.1873,18.334,-0.126732,-0.459611,-0.293171,0.16644
Tous hors R3,26,5,2022,428,-2701.2,-0.335897,-6.31121,-0.135802,-16.2428,2.07925,-7.08176,-9.16101,-0.399156,0.086686,-0.156235,-0.242921
Tous hors R3,26,5,2023,432,-7439.31,-0.552568,-17.2206,-0.488133,7.14424,-40.0559,-16.4558,23.6001,0.250946,-1.18081,-0.464933,0.715879
Tous hors R3,26,5,2024,413,1705.22,0.098598,4.12886,-0.0136701,24.7242,-14.838,4.94309,19.7811,0.377289,-0.373716,0.00178643,0.375502
Tous hors R3,26,5,2025,422,5925.29,0.711804,14.041,0.31745,20.5322,7.73177,14.132,6.40021,0.526416,0.114342,0.320379,0.206037
Tous hors R3,26,10,2020,442,-6547.96,-0.549388,-14.8144,-0.148714,9.909,-36.1996,-13.1453,23.0543,0.284062,-0.523057,-0.119497,0.403559
Tous hors R3,26,10,2021,435,-11561.5,-0.74549,-26.5781,-0.369151,-6.85328,-43.5212,-25.1873,18.334,-0.189784,-0.523222,-0.356503,0.166719
Tous hors R3,26,10,2022,428,-4841.2,-0.464014,-11.3112,-0.245364,-21.2428,-2.92075,-12.0818,-9.16101,-0.507919,-0.02355,-0.265735,-0.242185
Tous hors R3,26,10,2023,432,-9599.31,-0.639663,-22.2206,-0.667493,2.14424,-45.0559,-21.4558,23.6001,0.0726589,-1.36118,-0.64426,0.716919
Tous hors R3,26,10,2024,413,-359.781,-0.10641,-0.871141,-0.135569,19.7242,-19.838,-0.0569073,19.7811,0.25126,-0.491811,-0.120275,0.371535
Tous hors R3,26,10,2025,422,3815.29,0.386436,9.04098,0.163159,15.5322,2.73177,9.13198,6.40021,0.369512,-0.0374082,0.166052,0.20346
Tous hors R3,48,5,2020,282,28.6058,-0.143398,0.101439,0.237314,45.6261,-35.1158,5.25518,40.371,1.01732,-0.366086,0.325616,0.691703
Tous hors R3,48,5,2021,278,-13130.8,-0.796312,-47.233,-0.597062,-19.6986,-73.9863,-46.8425,27.1439,-0.45438,-0.735697,-0.595038,0.140658
Tous hors R3,48,5,2022,273,3508.59,0.22189,12.852,0.397995,-20.3088,42.125,10.9081,-31.2169,-0.116867,0.852495,0.367814,-0.484681
Tous hors R3,48,5,2023,273,426.455,-0.0300874,1.5621,0.164146,25.6522,-23.7959,0.928155,24.724,1.00993,-0.726154,0.141888,0.868042
Tous hors R3,48,5,2024,277,7477.32,0.921471,26.9939,0.327295,47.6427,7.92252,27.7826,19.8601,0.586301,0.0880735,0.337187,0.249114
Tous hors R3,48,5,2025,274,4512.39,0.479444,16.4686,0.682841,17.3846,15.5525,16.4686,0.916036,0.871274,0.494407,0.682841,0.188434
Tous hors R3,48,10,2020,282,-1381.39,-0.256194,-4.89856,0.140234,40.6261,-40.1158,0.255178,40.371,0.916949,-0.460621,0.228164,0.688785
Tous hors R3,48,10,2021,278,-14520.8,-0.822918,-52.233,-0.661038,-24.6986,-78.9863,-51.8425,27.1439,-0.518303,-0.799723,-0.659013,0.14071
Tous hors R3,48,10,2022,273,2143.59,0.0659746,7.85198,0.286657,-25.3088,37.125,5.90807,-31.2169,-0.233531,0.745858,0.256164,-0.489694
Tous hors R3,48,10,2023,273,-938.545,-0.153915,-3.4379,-0.0153024,20.6522,-28.7959,-4.07184,24.724,0.82944,-0.904505,-0.0375325,0.866972
Tous hors R3,48,10,2024,277,6092.32,0.673364,21.9939,0.203972,42.6427,2.92252,22.7826,19.8601,0.455389,-0.0282394,0.213575,0.241814
Tous hors R3,48,10,2025,274,3142.39,0.290202,11.4686,0.530325,12.3846,10.5525,11.4686,0.916036,0.721989,0.338661,0.530325,0.191664
Tous hors nis_z_100 Q4,6,5,2020,901,5553.07,0.642925,6.16324,0.0345898,6.38716,5.93479,6.16098,0.226186,0.0526799,0.0161346,0.0344073,0.0182726
Tous hors nis_z_100 Q4,6,5,2021,886,-7185.21,-0.559088,-8.10972,-0.160983,-8.069,-8.15008,-8.10954,0.0405366,-0.146076,-0.175757,-0.160916,0.0148403
Tous hors nis_z_100 Q4,6,5,2022,945,-4051.19,-0.370103,-4.28697,-0.13057,-7.7313,-0.77641,-4.25385,-3.47744,-0.168126,-0.0922916,-0.130209,-0.0379171
Tous hors nis_z_100 Q4,6,5,2023,933,1781.48,0.165849,1.90941,0.0300738,7.76166,-3.90532,1.92817,5.83349,0.212785,-0.151466,0.0306594,0.182126
Tous hors nis_z_100 Q4,6,5,2024,906,-3013.6,-0.289179,-3.32627,-0.105295,1.92397,-8.32756,-3.2018,5.12577,-0.00955027,-0.196499,-0.103025,0.0934745
Tous hors nis_z_100 Q4,6,5,2025,901,-2380.46,-0.232459,-2.64202,-0.0958969,-0.580535,-4.73579,-2.65816,2.07763,-0.0567226,-0.135685,-0.0962036,0.039481
Tous hors nis_z_100 Q4,6,10,2020,901,1048.07,0.0471636,1.16324,-0.0669248,1.38716,0.93479,1.16098,0.226186,-0.0498983,-0.0842949,-0.0670966,0.0171983
Tous hors nis_z_100 Q4,6,10,2021,886,-11615.2,-0.717048,-13.1097,-0.227068,-13.069,-13.1501,-13.1095,0.0405366,-0.211388,-0.242607,-0.226997,0.0156097
Tous hors nis_z_100 Q4,6,10,2022,945,-8776.19,-0.607444,-9.28697,-0.248789,-12.7313,-5.77641,-9.25385,-3.47744,-0.286994,-0.209848,-0.248421,-0.0385731
Tous hors nis_z_100 Q4,6,10,2023,933,-2883.52,-0.268825,-3.09059,-0.171021,2.76166,-8.90532,-3.07183,5.83349,0.0136151,-0.354473,-0.170429,0.184044
Tous hors nis_z_100 Q4,6,10,2024,906,-7543.6,-0.548255,-8.32627,-0.236196,-3.07603,-13.3276,-8.2018,5.12577,-0.139918,-0.32791,-0.233914,0.0939959
Tous hors nis_z_100 Q4,6,10,2025,901,-6885.46,-0.510965,-7.64202,-0.261317,-5.58053,-9.73579,-7.65816,2.07763,-0.222932,-0.300303,-0.261617,0.0386856
Tous hors nis_z_100 Q4,13,5,2020,655,4712.97,0.463043,7.19538,0.0692044,9.06289,5.49665,7.27977,1.78312,0.178576,-0.0302825,0.0741468,0.104429
Tous hors nis_z_100 Q4,13,5,2021,651,-50.5415,-0.147205,-0.0776367,0.0591835,12.6558,-12.8502,-0.0972265,12.753,0.171013,-0.0529898,0.0590114,0.112001
Tous hors nis_z_100 Q4,13,5,2022,679,-3940.36,-0.390998,-5.80318,-0.101236,-9.73424,-1.54655,-5.64039,-4.09384,-0.146794,-0.0519057,-0.0993498,-0.047444
Tous hors nis_z_100 Q4,13,5,2023,659,-392.06,-0.0769273,-0.594932,-0.0156832,8.28765,-9.18584,-0.449098,8.73674,0.246315,-0.269079,-0.0113817,0.257697
Tous hors nis_z_100 Q4,13,5,2024,649,890.276,0.0370572,1.37177,-0.00511082,9.47034,-5.94307,1.76363,7.70671,0.118576,-0.116828,0.000874015,0.117702
Tous hors nis_z_100 Q4,13,5,2025,653,1756.69,0.144944,2.69018,0.00462846,5.02361,0.542058,2.78283,2.24077,0.0553849,-0.0420974,0.00664379,0.0487411
Tous hors nis_z_100 Q4,13,10,2020,655,1437.97,0.0545167,2.19538,-0.0294854,4.06289,0.496648,2.27977,1.78312,0.0799303,-0.129012,-0.0245409,0.104471
Tous hors nis_z_100 Q4,13,10,2021,651,-3305.54,-0.384287,-5.07764,-0.00645875,7.65577,-17.8502,-5.09723,12.753,0.105917,-0.119181,-0.00663163,0.112549
Tous hors nis_z_100 Q4,13,10,2022,679,-7335.36,-0.566481,-10.8032,-0.218227,-14.7342,-6.54655,-10.6404,-4.09384,-0.265441,-0.167104,-0.216272,-0.0491684
Tous hors nis_z_100 Q4,13,10,2023,659,-3687.06,-0.336144,-5.59493,-0.20894,3.28765,-14.1858,-5.4491,8.73674,0.056841,-0.465995,-0.204577,0.261418
Tous hors nis_z_100 Q4,13,10,2024,649,-2354.72,-0.25039,-3.62823,-0.13189,4.47034,-10.9431,-3.23637,7.70671,-0.00579243,-0.245785,-0.125789,0.119996
Tous hors nis_z_100 Q4,13,10,2025,653,-1508.31,-0.174015,-2.30982,-0.154596,0.023607,-4.45794,-2.21717,2.24077,-0.100909,-0.204019,-0.152464,0.0515549
Tous hors nis_z_100 Q4,26,5,2020,435,2655.53,0.168027,6.10467,0.0828563,28.9752,-16.6609,6.15712,22.818,0.478054,-0.310528,0.0837627,0.394291
Tous hors nis_z_100 Q4,26,5,2021,440,12032.7,1.6621,27.3471,0.33831,43.8093,7.41043,25.6099,18.1994,0.480569,0.166027,0.323298,0.157271
Tous hors nis_z_100 Q4,26,5,2022,456,-10991.1,-0.710091,-24.1032,-0.458913,-40.7667,-7.72947,-24.2481,-16.5186,-0.728571,-0.193946,-0.461258,-0.267313
Tous hors nis_z_100 Q4,26,5,2023,445,1090.88,0.0450687,2.45141,0.141186,25.9047,-20.4807,2.712,23.1927,0.907092,-0.607699,0.149697,0.757396
Tous hors nis_z_100 Q4,26,5,2024,431,-3347.3,-0.343149,-7.76635,-0.102692,20.5954,-32.322,-5.86329,26.4587,0.435154,-0.56836,-0.0666032,0.501757
Tous hors nis_z_100 Q4,26,5,2025,426,1217.14,0.0793171,2.85714,0.0189989,0.107023,5.50586,2.80644,-2.69942,-0.077874,0.1123,0.0172132,-0.0950872
Tous hors nis_z_100 Q4,26,10,2020,435,480.531,-0.06032,1.10467,-0.0158133,23.9752,-21.6609,1.15712,22.818,0.37791,-0.407731,-0.0149103,0.39282
Tous hors nis_z_100 Q4,26,10,2021,440,9832.72,1.13708,22.3471,0.273366,38.8093,2.41043,20.6099,18.1994,0.415103,0.101714,0.258408,0.156695
Tous hors nis_z_100 Q4,26,10,2022,456,-13271.1,-0.769369,-29.1032,-0.573307,-45.7667,-12.7295,-29.2481,-16.5186,-0.84464,-0.306693,-0.575666,-0.268974
Tous hors nis_z_100 Q4,26,10,2023,445,-1134.12,-0.163462,-2.54859,-0.0497745,20.9047,-25.4807,-2.288,23.1927,0.714883,-0.797439,-0.0412783,0.756161
Tous hors nis_z_100 Q4,26,10,2024,431,-5502.3,-0.47065,-12.7664,-0.225282,15.5954,-37.322,-10.8633,26.4587,0.315189,-0.693223,-0.189017,0.504206
Tous hors nis_z_100 Q4,26,10,2025,426,-912.86,-0.127776,-2.14286,-0.136712,-4.89298,0.505862,-2.19356,-2.69942,-0.230315,-0.0465588,-0.138437,-0.0918783
Tous hors nis_z_100 Q4,48,5,2020,276,1980.65,0.0651743,7.17626,-0.127593,51.9741,-33.2963,9.33892,42.6352,0.713477,-0.887456,-0.0869896,0.800467
Tous hors nis_z_100 Q4,48,5,2021,282,5463.71,0.300108,19.3749,0.272905,51.3871,-10.4447,20.4712,30.9159,0.459344,0.099236,0.27929,0.180054
Tous hors nis_z_100 Q4,48,5,2022,286,-2848.35,-0.361131,-9.95927,-0.685136,-39.1879,16.9154,-11.1363,-28.0516,-1.21004,-0.202503,-0.706273,-0.50377
Tous hors nis_z_100 Q4,48,5,2023,283,3401.35,0.294576,12.0189,0.0854456,35.4118,-9.31924,13.0463,22.3655,0.602356,-0.386061,0.108148,0.494209
Tous hors nis_z_100 Q4,48,5,2024,289,-2667.45,-0.324104,-9.22993,-0.311214,18.6321,-34.6932,-8.03058,26.6626,-0.0456691,-0.553897,-0.299783,0.254114
Tous hors nis_z_100 Q4,48,5,2025,279,1041.47,0.0355273,3.73286,-0.172209,11.1793,-3.24814,3.96556,7.2137,0.0531235,-0.383458,-0.165167,0.218291
Tous hors nis_z_100 Q4,48,10,2020,276,600.648,-0.0721926,2.17626,-0.226333,46.9741,-38.2963,4.33892,42.6352,0.616513,-0.9878,-0.185644,0.802157
Tous hors nis_z_100 Q4,48,10,2021,282,4053.71,0.129073,14.3749,0.207875,46.3871,-15.4447,15.4712,30.9159,0.393878,0.0346113,0.214245,0.179634
Tous hors nis_z_100 Q4,48,10,2022,286,-4278.35,-0.446447,-14.9593,-0.798549,-44.1879,11.9154,-16.1363,-28.0516,-1.32653,-0.313089,-0.81981,-0.506721
Tous hors nis_z_100 Q4,48,10,2023,283,1986.35,0.123824,7.01891,-0.101125,30.4118,-14.3192,8.0463,22.3655,0.417268,-0.573983,-0.0783574,0.495625
Tous hors nis_z_100 Q4,48,10,2024,289,-4112.45,-0.415215,-14.2299,-0.434495,13.6321,-39.6932,-13.0306,26.6626,-0.168687,-0.677419,-0.423053,0.254366
Tous hors nis_z_100 Q4,48,10,2025,279,-353.533,-0.0993525,-1.26714,-0.327532,6.17926,-8.24814,-1.03444,7.2137,-0.105036,-0.536123,-0.320579,0.215544
R1,6,5,2020,326,1282.93,0.114783,3.93536,-0.00104454,4.12131,3.80558,3.96345,0.157865,-0.0386629,0.0252099,-0.00672648,-0.0319364
R1,6,5,2021,308,-2036.18,-0.211992,-6.61096,-0.105284,-2.82825,-9.37362,-6.10093,3.27269,-0.0841367,-0.120729,-0.102433,0.0182962
R1,6,5,2022,319,-2645.52,-0.251963,-8.29318,-0.139432,-26.7192,7.25714,-9.73105,-16.9882,-0.358891,0.0457763,-0.156557,-0.202333
R1,6,5,2023,320,2026.39,0.210395,6.33248,0.173909,15.1004,-2.32655,6.38693,8.71349,0.429825,-0.0788272,0.175499,0.254326
R1,6,5,2024,322,-1263.64,-0.130565,-3.92436,-0.101613,14.4015,-16.656,-1.12726,15.5288,0.285029,-0.370228,-0.0425993,0.327629
R1,6,5,2025,340,-167.133,-0.0242935,-0.491567,-0.0916455,0.602669,-1.53549,-0.466413,1.06908,-0.0534272,-0.128107,-0.0907669,0.0373397
R1,6,10,2020,326,-347.073,-0.0528869,-1.06464,-0.0961112,-0.878689,-1.19442,-1.03655,0.157865,-0.130527,-0.072092,-0.101309,-0.0292173
R1,6,10,2021,308,-3576.18,-0.324581,-11.611,-0.167857,-7.82825,-14.3736,-11.1009,3.27269,-0.146638,-0.183355,-0.164996,0.0183583
R1,6,10,2022,319,-4240.52,-0.362372,-13.2932,-0.247938,-31.7192,2.25714,-14.7311,-16.9882,-0.459905,-0.0690524,-0.264479,-0.195426
R1,6,10,2023,320,426.392,0.0314816,1.33248,0.0090187,10.1004,-7.32655,1.38693,8.71349,0.268821,-0.247556,0.0106324,0.258188
R1,6,10,2024,322,-2873.64,-0.259944,-8.92436,-0.216021,9.40149,-21.656,-6.12726,15.5288,0.174352,-0.487227,-0.156438,0.330789
R1,6,10,2025,340,-1867.13,-0.176879,-5.49157,-0.23602,-4.39733,-6.53549,-5.46641,1.06908,-0.199421,-0.270936,-0.235179,0.0357577
R1,13,5,2020,309,-104.989,-0.0848791,-0.339771,0.0143629,-10.154,6.23838,-1.95779,-8.19617,-0.115079,0.101124,-0.00697753,-0.108102
R1,13,5,2021,285,-1970.86,-0.221807,-6.91529,0.0104416,-2.57511,-10.0718,-6.32345,3.74834,0.0165893,0.0059706,0.01128,0.00530935
R1,13,5,2022,294,-2835.03,-0.288506,-9.64297,-0.171987,-35.6051,13.0119,-11.2966,-24.3085,-0.609669,0.209939,-0.199865,-0.409804
R1,13,5,2023,294,-1346.48,-0.144834,-4.57985,-0.163877,10.4076,-19.5673,-4.57985,14.9874,0.346462,-0.674215,-0.163877,0.510338
R1,13,5,2024,292,589.865,0.0401981,2.02009,-0.0255929,22.9652,-11.5883,5.68844,17.2767,0.296538,-0.234887,0.0308255,0.265712
R1,13,5,2025,327,-240.291,-0.0465657,-0.734836,-0.130026,0.702327,-2.12871,-0.713192,1.41552,-0.0605094,-0.197449,-0.128979,0.06847
R1,13,10,2020,309,-1649.99,-0.215982,-5.33977,-0.0802597,-15.154,1.23838,-6.95779,-8.19617,-0.205111,0.00342417,-0.100843,-0.104267
R1,13,10,2021,285,-3395.86,-0.325288,-11.9153,-0.0517152,-7.57511,-15.0718,-11.3235,3.74834,-0.0443136,-0.0570982,-0.0507059,0.00639231
R1,13,10,2022,294,-4305.03,-0.385917,-14.643,-0.279082,-40.6051,8.01188,-16.2966,-24.3085,-0.708942,0.0960191,-0.306461,-0.40248
R1,13,10,2023,294,-2816.48,-0.261833,-9.57985,-0.326425,5.40758,-24.5673,-9.57985,14.9874,0.193102,-0.845951,-0.326425,0.519526
R1,13,10,2024,292,-870.135,-0.101129,-2.97991,-0.139534,17.9652,-16.5883,0.688437,17.2767,0.185287,-0.350576,-0.0826446,0.267932
R1,13,10,2025,327,-1875.29,-0.190438,-5.73484,-0.274228,-4.29767,-7.12871,-5.71319,1.41552,-0.206922,-0.339506,-0.273214,0.0662918
R1,26,5,2020,256,-5581.06,-0.473666,-21.801,-0.283503,-12.0847,-27.9279,-20.0063,7.92158,-0.0673763,-0.419786,-0.243581,0.176205
R1,26,5,2021,240,-2291.94,-0.308965,-9.54973,0.0409484,4.77561,-19.608,-7.41617,12.1918,0.138456,-0.0275146,0.0554709,0.0829854
R1,26,5,2022,234,-5164.61,-0.450592,-22.071,-0.482127,-56.3956,5.38876,-25.5034,-30.8922,-1.07845,-0.00506592,-0.54176,-0.536694
R1,26,5,2023,242,-6879.99,-0.511682,-28.4297,-0.549101,-2.21989,-53.7872,-28.0036,25.7837,0.300492,-1.37106,-0.535286,0.835778
R1,26,5,2024,244,-1195.03,-0.144278,-4.89768,-0.203765,30.1279,-29.221,0.453455,29.6745,0.438371,-0.649693,-0.105661,0.544032
R1,26,5,2025,261,1356.68,0.104566,5.19801,0.0383055,11.0833,-0.379802,5.35173,5.73153,0.167453,-0.0840955,0.0416788,0.125774
R1,26,10,2020,256,-6861.06,-0.537086,-26.801,-0.377556,-17.0847,-32.9279,-25.0063,7.92158,-0.154799,-0.518021,-0.33641,0.181611
R1,26,10,2021,240,-3491.94,-0.387282,-14.5497,-0.0208707,-0.224394,-24.608,-12.4162,12.1918,0.0784858,-0.0906316,-0.00607289,0.0845587
R1,26,10,2022,234,-6334.61,-0.511436,-27.071,-0.590701,-61.3956,0.388761,-30.5034,-30.8922,-1.17812,-0.120769,-0.649442,-0.528674
R1,26,10,2023,242,-8089.99,-0.567508,-33.4297,-0.714087,-7.21989,-58.7872,-33.0036,25.7837,0.142086,-1.54242,-0.700166,0.842252
R1,26,10,2024,244,-2415.03,-0.242655,-9.89768,-0.318981,25.1279,-34.221,-4.54655,29.6745,0.327765,-0.76811,-0.220172,0.547938
R1,26,10,2025,261,51.6805,-0.0305712,0.198009,-0.104707,6.08326,-5.3798,0.351729,5.73153,0.0230803,-0.225818,-0.101369,0.124449
R1,48,5,2020,186,-7540.12,-0.584223,-40.5383,-0.502736,-47.4852,-36.8065,-42.1458,-5.33936,-0.544679,-0.480205,-0.512442,-0.0322369
R1,48,5,2021,182,-593.83,-0.24466,-3.2628,0.0744828,39.1156,-32.9673,3.07416,36.0415,0.401179,-0.15451,0.123335,0.277844
R1,48,5,2022,180,267.849,-0.0826705,1.48805,0.0905287,-41.7502,39.3215,-1.21434,-40.5359,-0.733416,0.811481,0.0390321,-0.772448
R1,48,5,2023,191,-6178.06,-0.491332,-32.3459,-0.933733,-6.51828,-58.4453,-32.4818,25.9635,-0.187089,-1.68824,-0.937663,0.750573
R1,48,5,2024,192,654.647,0.00716649,3.40962,-0.0557921,40.5616,-24.2855,8.13806,32.4236,0.187403,-0.237083,-0.02484,0.212243
R1,48,5,2025,197,5651.95,0.66598,28.6901,0.708279,20.8299,36.4709,28.6504,-7.82049,0.44622,0.967692,0.706956,-0.260736
R1,48,10,2020,186,-8470.12,-0.621346,-45.5383,-0.596875,-52.4852,-41.8065,-47.1458,-5.33936,-0.630851,-0.578624,-0.604737,-0.0261134
R1,48,10,2021,182,-1503.83,-0.310551,-8.2628,0.0120387,34.1156,-37.9673,-1.92584,36.0415,0.338731,-0.216951,0.0608899,0.277841
R1,48,10,2022,180,-632.151,-0.161727,-3.51195,-0.0170061,-46.7502,34.3215,-6.21434,-40.5359,-0.83702,0.700506,-0.0682569,-0.768763
R1,48,10,2023,191,-7133.06,-0.537844,-37.3459,-1.10099,-11.5183,-63.4453,-37.4818,25.9635,-0.351214,-1.85865,-1.10493,0.75372
R1,48,10,2024,192,-305.353,-0.0850708,-1.59038,-0.172987,35.5616,-29.2855,3.13806,32.4236,0.0717135,-0.355401,-0.141844,0.213557
R1,48,10,2025,197,4666.95,0.510011,23.6901,0.562162,15.8299,31.4709,23.6504,-7.82049,0.299929,0.821746,0.560838,-0.260908
R2,6,5,2020,327,2184.22,0.22251,6.67957,0.0966875,8.03835,5.09582,6.56708,1.47126,0.0617588,0.137399,0.099579,-0.0378202
R2,6,5,2021,346,-2219.44,-0.232248,-6.41456,-0.172623,-9.04275,-3.72489,-6.38382,-2.65893,-0.17032,-0.174981,-0.17265,0.00233066
R2,6,5,2022,293,-956.504,-0.108839,-3.26452,-0.136322,-10.5091,3.64197,-3.43356,-7.07553,-0.286529,0.00687604,-0.139826,-0.146703
R2,6,5,2023,325,-917.061,-0.0960953,-2.82173,-0.139208,-3.86886,-1.81874,-2.8438,-1.02506,-0.210194,-0.0712157,-0.140705,-0.0694892
R2,6,5,2024,297,-1464.18,-0.155883,-4.9299,-0.146063,-5.9883,-3.83526,-4.91178,-1.07652,-0.197895,-0.0924567,-0.145176,-0.0527192
R2,6,5,2025,286,-1569.88,-0.153502,-5.48908,-0.088726,-3.22778,-8.20264,-5.71521,2.48743,-0.11036,-0.0627647,-0.0865625,-0.0237979
R2,6,10,2020,327,549.218,0.0381676,1.67957,-0.00514672,3.03835,0.0958197,1.56708,1.47126,-0.0456651,0.04208,-0.00179255,-0.0438726
R2,6,10,2021,346,-3949.44,-0.354342,-11.4146,-0.238857,-14.0427,-8.72489,-11.3838,-2.65893,-0.234335,-0.243484,-0.23891,0.00457437
R2,6,10,2022,293,-2421.5,-0.230361,-8.26452,-0.247808,-15.5091,-1.35803,-8.43356,-7.07553,-0.403408,-0.0994681,-0.251438,-0.15197
R2,6,10,2023,325,-2542.06,-0.23174,-7.82173,-0.341641,-8.86886,-6.81874,-7.8438,-1.02506,-0.42002,-0.266567,-0.343293,-0.0767266
R2,6,10,2024,297,-2949.18,-0.272468,-9.9299,-0.281659,-10.9883,-8.83526,-9.91178,-1.07652,-0.334585,-0.22692,-0.280752,-0.0538324
R2,6,10,2025,286,-2999.88,-0.266385,-10.4891,-0.267003,-8.22778,-13.2026,-10.7152,2.48743,-0.285292,-0.245056,-0.265174,-0.0201181
R2,13,5,2020,270,-836.915,-0.114293,-3.09968,0.118327,6.14336,-13.8216,-3.83913,9.98249,0.241098,-0.0240877,0.108505,0.132593
R2,13,5,2021,298,-141.333,-0.0952406,-0.474272,-0.0571016,5.54275,-6.57261,-0.514928,6.05768,0.0771555,-0.193173,-0.0580088,0.135164
R2,13,5,2022,241,-3690.29,-0.329169,-15.3124,-0.226603,-23.8471,-7.65136,-15.7492,-8.09785,-0.365035,-0.102341,-0.233688,-0.131347
R2,13,5,2023,269,109.836,-0.00696548,0.408311,-0.0559384,-4.13743,4.92038,0.391475,-4.52891,-0.311387,0.197618,-0.0568845,-0.254503
R2,13,5,2024,250,-1722.25,-0.185083,-6.889,-0.296402,-9.06506,-4.64218,-6.85362,-2.21144,-0.33792,-0.253534,-0.295727,-0.0421931
R2,13,5,2025,246,1276.43,0.117471,5.18874,0.296896,5.53475,4.78148,5.15811,0.376638,0.225078,0.381425,0.303252,-0.0781732
R2,13,10,2020,270,-2186.91,-0.226232,-8.09968,0.0149848,1.14336,-18.8216,-8.83913,9.98249,0.130339,-0.118826,0.00575651,0.124582
R2,13,10,2021,298,-1631.33,-0.220589,-5.47427,-0.123268,0.542752,-11.5726,-5.51493,6.05768,0.0133918,-0.261774,-0.124191,0.137583
R2,13,10,2022,241,-4895.29,-0.405469,-20.3124,-0.339814,-28.8471,-12.6514,-20.7492,-8.09785,-0.484386,-0.21004,-0.347213,-0.137173
R2,13,10,2023,269,-1235.16,-0.131976,-4.59169,-0.252331,-9.13743,-0.0796151,-4.60852,-4.52891,-0.5161,0.00948413,-0.253308,-0.262792
R2,13,10,2024,250,-2972.25,-0.280946,-11.889,-0.429452,-14.0651,-9.64218,-11.8536,-2.21144,-0.471323,-0.38622,-0.428771,-0.0425518
R2,13,10,2025,246,46.429,-0.0118447,0.188736,0.128005,0.534753,-0.218524,0.158115,0.376638,0.0630335,0.204476,0.133755,-0.0707214
R2,26,5,2020,232,-170.541,-0.0838943,-0.735092,0.273988,17.7898,-22.7553,-2.48272,20.2725,0.557034,-0.0624617,0.247286,0.309748
R2,26,5,2021,243,-87.284,-0.117834,-0.359193,0.0457089,12.8505,-15.0621,-1.10583,13.9563,0.196542,-0.122175,0.0371835,0.159359
R2,26,5,2022,209,108.781,-0.0568252,0.520485,-0.0249671,-33.5335,34.2501,0.358323,-33.8918,-0.703849,0.64745,-0.0281999,-0.67565
R2,26,5,2023,235,185.475,-0.00988235,0.789254,-0.028315,5.08806,-3.47312,0.807469,4.28059,0.195018,-0.249755,-0.0273687,0.222387
R2,26,5,2024,216,1957.19,0.147868,9.06106,0.099025,21.1747,-3.05257,9.06106,12.1136,0.392127,-0.194077,0.099025,0.293102
R2,26,5,2025,218,999.964,0.0726184,4.58699,0.395291,13.0509,-4.86298,4.09395,8.95693,0.617166,0.147565,0.382366,0.2348
R2,26,10,2020,232,-1330.54,-0.184319,-5.73509,0.170857,12.7898,-27.7553,-7.48272,20.2725,0.445417,-0.155508,0.144955,0.300462
R2,26,10,2021,243,-1302.28,-0.21888,-5.35919,-0.0201204,7.85048,-20.0621,-6.10583,13.9563,0.132476,-0.189967,-0.0287454,0.161221
R2,26,10,2022,209,-936.219,-0.150488,-4.47952,-0.137429,-38.5335,29.2501,-4.64168,-33.8918,-0.822076,0.540698,-0.140689,-0.681387
R2,26,10,2023,235,-989.525,-0.119689,-4.21075,-0.222158,0.0880569,-8.47312,-4.19253,4.28059,-0.000858933,-0.441582,-0.221221,0.220362
R2,26,10,2024,216,877.188,0.0303716,4.06106,-0.0328173,16.1747,-8.05257,4.06106,12.1136,0.258603,-0.324238,-0.0328173,0.291421
R2,26,10,2025,218,-90.0363,-0.0381573,-0.413011,0.227269,8.05087,-9.86298,-0.906052,8.95693,0.451785,-0.0234029,0.214191,0.237594
R2,48,5,2020,175,1941.57,0.0764014,11.0947,0.35853,59.888,-41.7647,9.06164,50.8263,1.1143,-0.460216,0.32704,0.787256
R2,48,5,2021,186,-4328.87,-0.452632,-23.2735,-0.35603,35.4507,-85.9126,-25.231,60.6816,0.311635,-1.06821,-0.378286,0.689921
R2,48,5,2022,168,-2690.94,-0.308757,-16.0175,-0.330199,-75.5929,40.787,-17.403,-58.1899,-1.46967,0.756274,-0.356699,-1.11297
R2,48,5,2023,179,-265.362,-0.0664011,-1.48247,-0.0421857,15.4985,-17.1853,-0.843401,16.3419,1.06377,-1.0649,-0.000563764,1.06433
R2,48,5,2024,175,2947.11,0.263718,16.8407,0.176513,4.59929,29.8021,17.2007,-12.6014,-0.0865321,0.455031,0.18425,-0.270782
R2,48,5,2025,167,458.46,0.00619846,2.74527,0.630833,7.04124,-2.92303,2.05911,4.98213,0.62233,0.642052,0.632191,-0.00986081
R2,48,10,2020,175,1066.57,-0.0138242,6.0947,0.255492,54.888,-46.7647,4.06164,50.8263,1.00415,-0.555558,0.224298,0.779856
R2,48,10,2021,186,-5258.87,-0.501447,-28.2735,-0.421578,30.4507,-90.9126,-30.231,60.6816,0.247605,-1.13537,-0.443884,0.691489
R2,48,10,2022,168,-3530.94,-0.364612,-21.0175,-0.4442,-80.5929,35.787,-22.403,-58.1899,-1.59163,0.649857,-0.470884,-1.12074
R2,48,10,2023,179,-1160.36,-0.146394,-6.48247,-0.242367,10.4985,-22.1853,-5.8434,16.3419,0.859837,-1.26161,-0.200886,1.06072
R2,48,10,2024,175,2072.11,0.157917,11.8407,0.0467506,-0.400713,24.8021,12.2007,-12.6014,-0.217815,0.326878,0.0545319,-0.272347
R2,48,10,2025,167,-376.54,-0.0744418,-2.25473,0.470717,2.04124,-7.92303,-2.94089,4.98213,0.463211,0.48062,0.471915,-0.00870424
↳ F2b · x1 déjà retourné,6,5,2020,160,1140.26,0.110887,7.12665,0.103504,5.13009,9.22561,7.17785,-2.04776,0.05112,0.158574,0.104847,-0.0537272
↳ F2b · x1 déjà retourné,6,5,2021,145,-1856.91,-0.182161,-12.8063,-0.238116,-9.98746,-14.9719,-12.4797,2.49223,-0.210055,-0.259675,-0.234865,0.02481
↳ F2b · x1 déjà retourné,6,5,2022,123,-334.812,-0.0396919,-2.72205,-0.074448,-5.99766,0.397584,-2.80004,-3.19762,-0.111907,-0.038773,-0.0753399,-0.0365669
↳ F2b · x1 déjà retourné,6,5,2023,124,-271.548,-0.028566,-2.1899,-0.0278762,-2.34153,-2.05227,-2.1969,-0.14463,-0.0545122,-0.00369898,-0.0291056,-0.0254066
↳ F2b · x1 déjà retourné,6,5,2024,122,-1099.7,-0.109964,-9.0139,-0.328694,-18.847,0.819172,-9.0139,-9.83307,-0.522591,-0.134796,-0.328694,-0.193898
↳ F2b · x1 déjà retourné,6,5,2025,113,426.258,0.0406944,3.77219,0.0243807,5.88633,1.20206,3.5442,2.34214,-0.0577254,0.124196,0.0332352,-0.0909606
↳ F2b · x1 déjà retourné,6,10,2020,160,340.264,0.0255068,2.12665,0.00102133,0.130086,4.22561,2.17785,-2.04776,-0.0619015,0.067171,0.00263474,-0.0645363
↳ F2b · x1 déjà retourné,6,10,2021,145,-2581.91,-0.239452,-17.8063,-0.306356,-14.9875,-19.9719,-17.4797,2.49223,-0.278775,-0.327545,-0.30316,0.0243851
↳ F2b · x1 déjà retourné,6,10,2022,123,-949.812,-0.0970067,-7.72205,-0.191311,-10.9977,-4.60242,-7.80004,-3.19762,-0.227125,-0.157202,-0.192164,-0.0349612
↳ F2b · x1 déjà retourné,6,10,2023,124,-891.548,-0.086994,-7.1899,-0.2271,-7.34153,-7.05227,-7.1969,-0.14463,-0.250315,-0.206027,-0.228171,-0.0221439
↳ F2b · x1 déjà retourné,6,10,2024,122,-1709.7,-0.162698,-14.0139,-0.479569,-23.847,-4.18083,-14.0139,-9.83307,-0.668843,-0.290296,-0.479569,-0.189274
↳ F2b · x1 déjà retourné,6,10,2025,113,-138.742,-0.0164702,-1.22781,-0.166128,0.886334,-3.79794,-1.4558,2.34214,-0.238235,-0.0784689,-0.158352,-0.0798831
↳ F2b · x1 déjà retourné,13,5,2020,148,2451.13,0.250463,16.5617,0.43743,27.8615,4.63405,16.2478,11.6137,0.692582,0.168102,0.430342,0.26224
↳ F2b · x1 déjà retourné,13,5,2021,136,-98.2384,-0.0466851,-0.722341,-0.0553792,12.543,-10.2935,1.12473,11.4183,0.183767,-0.227927,-0.0220804,0.205847
↳ F2b · x1 déjà retourné,13,5,2022,113,-665.793,-0.0755236,-5.89197,-0.00462164,-36.7292,22.332,-7.19863,-29.5306,-0.417907,0.373639,-0.0221337,-0.395773
↳ F2b · x1 déjà retourné,13,5,2023,120,38.2797,-0.00152786,0.318997,-0.017847,5.58807,-4.61013,0.488967,5.0991,-0.0123589,-0.0229809,-0.0176699,0.00531099
↳ F2b · x1 déjà retourné,13,5,2024,113,-480.97,-0.0566451,-4.25637,-0.381208,-4.07608,-4.42735,-4.25171,0.175635,-0.351909,-0.408992,-0.38045,0.0285417
↳ F2b · x1 déjà retourné,13,5,2025,105,589.534,0.0565884,5.61461,0.0771753,6.39461,4.65205,5.52333,0.871282,-0.00418911,0.177582,0.0866966,-0.0908858
↳ F2b · x1 déjà retourné,13,10,2020,148,1711.13,0.161366,11.5617,0.335356,22.8615,-0.365952,11.2478,11.6137,0.579086,0.0780858,0.328586,0.2505
↳ F2b · x1 déjà retourné,13,10,2021,136,-778.238,-0.109409,-5.72234,-0.124037,7.54301,-15.2935,-3.87527,11.4183,0.114932,-0.296458,-0.0907632,0.205695
↳ F2b · x1 déjà retourné,13,10,2022,113,-1230.79,-0.12636,-10.892,-0.123096,-41.7292,17.332,-12.1986,-29.5306,-0.535196,0.25408,-0.140558,-0.394638
↳ F2b · x1 déjà retourné,13,10,2023,120,-561.72,-0.0596917,-4.681,-0.215879,0.588068,-9.61013,-4.51103,5.0991,-0.208906,-0.222402,-0.215654,0.00674785
↳ F2b · x1 déjà retourné,13,10,2024,113,-1045.97,-0.10851,-9.25637,-0.52846,-9.07608,-9.42735,-9.25171,0.175635,-0.493802,-0.561326,-0.527564,0.0337625
↳ F2b · x1 déjà retourné,13,10,2025,105,64.5338,0.00256101,0.614607,-0.104376,1.39461,-0.347952,0.52333,0.871282,-0.173061,-0.0196153,-0.0963382,-0.0767228
↳ F2b · x1 déjà retourné,26,5,2020,133,2119.74,0.189631,15.9379,0.558368,24.6658,6.24027,15.453,9.21275,0.83512,0.250865,0.542992,0.292127
↳ F2b · x1 déjà retourné,26,5,2021,126,-1520.55,-0.198678,-12.0679,-0.153737,3.94139,-23.3176,-9.6881,13.6295,0.0427525,-0.291811,-0.124529,0.167282
↳ F2b · x1 déjà retourné,26,5,2022,105,-736.645,-0.0951463,-7.01567,-0.0014778,-40.1604,21.986,-9.08721,-31.0732,-0.62783,0.546581,-0.0406248,-0.587205
↳ F2b · x1 déjà retourné,26,5,2023,111,2221.22,0.236642,20.011,0.650453,40.2218,0.863852,20.5428,19.679,1.39161,-0.0516945,0.669957,0.721652
↳ F2b · x1 déjà retourné,26,5,2024,102,2077.12,0.209598,20.3639,0.429782,26.2297,14.4981,20.3639,5.8658,0.670916,0.188648,0.429782,0.241134
↳ F2b · x1 déjà retourné,26,5,2025,99,513.998,0.0439577,5.1919,0.320355,6.4941,3.62926,5.06168,1.43242,0.578388,0.0107156,0.294552,0.283836
↳ F2b · x1 déjà retourné,26,10,2020,133,1454.74,0.113151,10.9379,0.456432,19.6658,1.24027,10.453,9.21275,0.719383,0.164264,0.441824,0.277559
↳ F2b · x1 déjà retourné,26,10,2021,126,-2150.55,-0.247724,-17.0679,-0.222429,-1.05861,-28.3176,-14.6881,13.6295,-0.0267507,-0.359932,-0.193341,0.166591
↳ F2b · x1 déjà retourné,26,10,2022,105,-1261.64,-0.141491,-12.0157,-0.12008,-45.1604,16.986,-14.0872,-31.0732,-0.74369,0.42558,-0.159055,-0.584635
↳ F2b · x1 déjà retourné,26,10,2023,111,1666.22,0.16998,15.011,0.454017,35.2218,-4.13615,15.5428,19.679,1.19504,-0.248005,0.473518,0.721523
↳ F2b · x1 déjà retourné,26,10,2024,102,1567.12,0.14954,15.3639,0.286805,21.2297,9.49808,15.3639,5.8658,0.530089,0.0435215,0.286805,0.243284
↳ F2b · x1 déjà retourné,26,10,2025,99,18.9982,-0.0064551,0.191901,0.137722,1.4941,-1.37074,0.0616812,1.43242,0.402254,-0.179716,0.111269,0.290985
↳ F2b · x1 déjà retourné,48,5,2020,114,1070.68,0.0378012,9.39195,0.522559,53.9375,-41.8775,6.03002,47.9075,1.34462,-0.423584,0.460517,0.8841
↳ F2b · x1 déjà retourné,48,5,2021,109,-578.254,-0.153144,-5.30508,-0.365065,34.827,-33.523,0.652025,34.175,0.0528738,-0.658928,-0.303027,0.355901
↳ F2b · x1 déjà retourné,48,5,2022,88,-3200.51,-0.296333,-36.3694,-0.364769,-95.2124,17.3568,-38.9278,-56.2846,-1.32048,0.507834,-0.406322,-0.914156
↳ F2b · x1 déjà retourné,48,5,2023,102,3361.41,0.377275,32.955,1.49379,66.9854,2.7058,34.8456,32.1398,3.05057,0.109994,1.58028,1.47029
↳ F2b · x1 déjà retourné,48,5,2024,94,1845.2,0.165833,19.6298,0.169239,21.9645,17.4857,19.7251,2.23939,0.298483,0.0505465,0.174515,0.123968
↳ F2b · x1 déjà retourné,48,5,2025,87,-1168.06,-0.122776,-13.426,-0.470482,-2.61696,-26.7293,-14.6731,12.0562,0.275485,-1.3886,-0.556555,0.83204
↳ F2b · x1 déjà retourné,48,10,2020,114,500.682,-0.0197291,4.39195,0.421431,48.9375,-46.8775,1.03002,47.9075,1.23267,-0.512262,0.360205,0.872467
↳ F2b · x1 déjà retourné,48,10,2021,109,-1123.25,-0.198185,-10.3051,-0.433276,29.827,-38.523,-4.34797,34.175,-0.0151309,-0.727284,-0.371207,0.356076
↳ F2b · x1 déjà retourné,48,10,2022,88,-3640.51,-0.32676,-41.3694,-0.485038,-100.212,12.3568,-43.9278,-56.2846,-1.43889,0.385875,-0.52651,-0.912385
↳ F2b · x1 déjà retourné,48,10,2023,102,2851.41,0.308977,27.955,1.29581,61.9854,-2.2942,29.8456,32.1398,2.85487,-0.0900109,1.38243,1.47244
↳ F2b · x1 déjà retourné,48,10,2024,94,1375.2,0.112362,14.6298,0.0268549,16.9645,12.4857,14.7251,2.23939,0.156924,-0.0925963,0.0321639,0.12476
↳ F2b · x1 déjà retourné,48,10,2025,87,-1603.06,-0.160187,-18.426,-0.642213,-7.61696,-31.7293,-19.6731,12.0562,0.116562,-1.57609,-0.729763,0.846326
↳ F3 · x1 déjà retourné,6,5,2020,167,1043.95,0.100481,6.25122,0.0901567,10.5753,0.68317,5.62926,4.94609,0.0710395,0.114773,0.0929065,-0.021867
↳ F3 · x1 déjà retourné,6,5,2021,201,-362.53,-0.0612436,-1.80363,-0.125377,-8.51135,6.63754,-0.936904,-7.57445,-0.147968,-0.0969483,-0.122458,-0.0255101
↳ F3 · x1 déjà retourné,6,5,2022,170,-621.692,-0.0720053,-3.65701,-0.181089,-13.7704,5.99135,-3.8895,-9.88086,-0.412762,0.0399323,-0.186415,-0.226347
↳ F3 · x1 déjà retourné,6,5,2023,201,-645.513,-0.0695151,-3.21151,-0.207891,-4.76999,-1.66845,-3.21922,-1.55077,-0.302047,-0.114667,-0.208357,-0.0936897
↳ F3 · x1 déjà retourné,6,5,2024,175,-364.486,-0.0515918,-2.08278,-0.018744,2.72702,-7.17551,-2.22424,4.95127,0.0221769,-0.062072,-0.0199476,0.0421244
↳ F3 · x1 déjà retourné,6,5,2025,173,-1996.13,-0.186603,-11.5383,-0.162605,-9.23921,-14.274,-11.7566,2.5174,-0.145077,-0.183461,-0.164269,0.0191918
↳ F3 · x1 déjà retourné,6,10,2020,167,208.954,0.0123459,1.25122,-0.0110562,5.57534,-4.31683,0.629256,4.94609,-0.0315014,0.0152704,-0.00811548,-0.0233859
↳ F3 · x1 déjà retourné,6,10,2021,201,-1367.53,-0.151062,-6.80363,-0.190164,-13.5113,1.63754,-5.9369,-7.57445,-0.209338,-0.166034,-0.187686,-0.0216518
↳ F3 · x1 déjà retourné,6,10,2022,170,-1471.69,-0.147681,-8.65701,-0.288685,-18.7704,0.991354,-8.8895,-9.88086,-0.530842,-0.0576604,-0.294251,-0.236591
↳ F3 · x1 déjà retourné,6,10,2023,201,-1650.51,-0.158538,-8.21151,-0.412303,-9.76999,-6.66845,-8.21922,-1.55077,-0.520146,-0.305528,-0.412837,-0.107309
↳ F3 · x1 déjà retourné,6,10,2024,175,-1239.49,-0.1311,-7.08278,-0.143686,-2.27298,-12.1755,-7.22424,4.95127,-0.108032,-0.181438,-0.144735,0.0367033
↳ F3 · x1 déjà retourné,6,10,2025,173,-2861.13,-0.2541,-16.5383,-0.332892,-14.2392,-19.274,-16.7566,2.5174,-0.316329,-0.352599,-0.334464,0.0181349
↳ F3 · x1 déjà retourné,13,5,2020,150,-2004.85,-0.198701,-13.3657,-0.062829,-12.1323,-15.0688,-13.6006,1.46826,-0.160785,0.0724438,-0.0441707,-0.116615
↳ F3 · x1 déjà retourné,13,5,2021,188,683.178,0.0150867,3.63392,-0.0142989,6.25151,0.250215,3.25086,3.00065,0.0427304,-0.0880197,-0.0226446,0.0653751
↳ F3 · x1 déjà retourné,13,5,2022,151,-2645.71,-0.249358,-17.5213,-0.25606,-12.5183,-22.4583,-17.4883,4.97001,-0.244307,-0.267659,-0.255983,0.0116763
↳ F3 · x1 déjà retourné,13,5,2023,174,-1602.79,-0.159932,-9.21146,-0.430643,-15.4919,-2.78496,-9.13843,-6.35347,-0.640615,-0.215787,-0.428201,-0.212414
↳ F3 · x1 déjà retourné,13,5,2024,157,-902.064,-0.10743,-5.74563,-0.176507,-12.2849,1.77903,-5.25294,-7.03198,-0.344181,0.0164329,-0.163874,-0.180307
↳ F3 · x1 déjà retourné,13,5,2025,161,691.125,0.0573677,4.2927,0.380018,9.70502,-2.07042,3.8173,5.88772,0.541921,0.189673,0.365797,0.176124
↳ F3 · x1 déjà retourné,13,10,2020,150,-2754.85,-0.256705,-18.3657,-0.165742,-17.1323,-20.0688,-18.6006,1.46826,-0.265094,-0.0285413,-0.146818,-0.118277
↳ F3 · x1 déjà retourné,13,10,2021,188,-256.822,-0.0760233,-1.36608,-0.0786036,1.25151,-4.74979,-1.74914,3.00065,-0.0180734,-0.15685,-0.0874617,0.0693882
↳ F3 · x1 déjà retourné,13,10,2022,151,-3400.71,-0.304066,-22.5213,-0.363499,-17.5183,-27.4583,-22.4883,4.97001,-0.363496,-0.363502,-0.363499,2.98364e-06
↳ F3 · x1 déjà retourné,13,10,2023,174,-2472.79,-0.230019,-14.2115,-0.630098,-20.4919,-7.78496,-14.1384,-6.35347,-0.853289,-0.401716,-0.627503,-0.225786
↳ F3 · x1 déjà retourné,13,10,2024,157,-1687.06,-0.17489,-10.7456,-0.302429,-17.2849,-3.22097,-10.2529,-7.03198,-0.47339,-0.105706,-0.289548,-0.183842
↳ F3 · x1 déjà retourné,13,10,2025,161,-113.875,-0.0244135,-0.707296,0.211506,4.70502,-7.07042,-1.1827,5.88772,0.371392,0.023532,0.197462,0.17393
↳ F3 · x1 déjà retourné,26,5,2020,136,1043.8,0.0692977,7.67499,0.270235,23.4668,-12.9346,5.26608,18.2007,0.367092,0.14383,0.255461,0.111631
↳ F3 · x1 déjà retourné,26,5,2021,168,4128.08,0.385925,24.5719,0.312172,19.6658,30.9566,25.3112,-5.64542,0.29943,0.328754,0.314092,-0.014662
↳ F3 · x1 déjà retourné,26,5,2022,139,-386.617,-0.0869092,-2.78142,-0.0242733,-32.3532,27.219,-2.56713,-29.7861,-0.538221,0.497123,-0.0205491,-0.517672
↳ F3 · x1 déjà retourné,26,5,2023,161,-2740.05,-0.257828,-17.0189,-0.658699,-21.5041,-12.3634,-16.9338,-4.57035,-0.721193,-0.593831,-0.657512,-0.0636812
↳ F3 · x1 déjà retourné,26,5,2024,145,-3450.97,-0.325508,-23.7998,-0.639735,-16.6769,-31.6454,-24.1611,7.48427,-0.546303,-0.742646,-0.644475,0.0981713
↳ F3 · x1 déjà retourné,26,5,2025,153,1652.89,0.151473,10.8032,0.465419,29.0773,-10.8646,9.10632,19.971,0.851795,0.00728726,0.429541,0.422254
↳ F3 · x1 déjà retourné,26,10,2020,136,363.799,-0.000999949,2.67499,0.167642,18.4668,-17.9346,0.266077,18.2007,0.261804,0.0447528,0.153278,0.108526
↳ F3 · x1 déjà retourné,26,10,2021,168,3288.08,0.274389,19.5719,0.248994,14.6658,25.9566,20.3112,-5.64542,0.238847,0.262198,0.250522,-0.0116756
↳ F3 · x1 déjà retourné,26,10,2022,139,-1081.62,-0.14829,-7.78142,-0.132321,-37.3532,22.219,-7.56713,-29.7861,-0.659192,0.402185,-0.128504,-0.530688
↳ F3 · x1 déjà retourné,26,10,2023,161,-3545.05,-0.315356,-22.0189,-0.855237,-26.5041,-17.3634,-21.9338,-4.57035,-0.923862,-0.784005,-0.853934,-0.069928
↳ F3 · x1 déjà retourné,26,10,2024,145,-4175.97,-0.372829,-28.7998,-0.766711,-21.6769,-36.6454,-29.1611,7.48427,-0.676835,-0.865704,-0.771269,0.0944348
↳ F3 · x1 déjà retourné,26,10,2025,153,887.89,0.0667122,5.8032,0.300481,24.0773,-15.8646,4.10632,19.971,0.687,-0.157821,0.264589,0.422411
↳ F3 · x1 déjà retourné,48,5,2020,119,1684.72,0.0924082,14.1574,0.151859,42.3313,-23.4079,9.46169,32.8696,0.424862,-0.212145,0.106358,0.318504
↳ F3 · x1 déjà retourné,48,5,2021,134,-2357.55,-0.301879,-17.5937,-0.0370973,12.3979,-60.6724,-24.1373,36.5351,0.195399,-0.371046,-0.0878237,0.283222
↳ F3 · x1 déjà retourné,48,5,2022,121,3720.9,0.322662,30.7512,0.362799,-52.9758,115.874,31.449,-84.4248,-1.21987,1.97185,0.375988,-1.59586
↳ F3 · x1 déjà retourné,48,5,2023,128,-2502.83,-0.246974,-19.5534,-0.623926,-24.3728,-14.8823,-19.6275,-4.74526,-0.505403,-0.738802,-0.622103,0.116699
↳ F3 · x1 déjà retourné,48,5,2024,120,-3137.45,-0.304598,-26.1454,-0.888907,-60.4232,18.6794,-20.8719,-39.5513,-1.53024,-0.050242,-0.79024,-0.739998
↳ F3 · x1 déjà retourné,48,5,2025,123,4049.28,0.450166,32.921,1.75815,47.5617,15.9685,31.7651,15.7966,1.93014,1.55899,1.74457,0.185576
↳ F3 · x1 déjà retourné,48,10,2020,119,1089.72,0.0292953,9.15735,0.0513332,37.3313,-28.4079,4.46169,32.8696,0.324053,-0.312293,0.00587991,0.318173
↳ F3 · x1 déjà retourné,48,10,2021,134,-3027.55,-0.347289,-22.5937,-0.10026,7.39787,-65.6724,-29.1373,36.5351,0.133219,-0.435622,-0.151201,0.284421
↳ F3 · x1 déjà retourné,48,10,2022,121,3115.9,0.245112,25.7512,0.252525,-57.9758,110.874,26.449,-84.4248,-1.3433,1.87494,0.265823,-1.60912
↳ F3 · x1 déjà retourné,48,10,2023,128,-3142.83,-0.293781,-24.5534,-0.816118,-29.3728,-19.8823,-24.6275,-4.74526,-0.703175,-0.925586,-0.81438,0.111205
↳ F3 · x1 déjà retourné,48,10,2024,120,-3737.45,-0.34524,-31.1454,-1.01473,-65.4232,13.6794,-25.8719,-39.5513,-1.65672,-0.175211,-0.915967,-0.740755
↳ F3 · x1 déjà retourné,48,10,2025,123,3434.28,0.363878,27.921,1.59697,42.5617,10.9685,26.7651,15.7966,1.77029,1.39629,1.58329,0.187003
R3,6,5,2020,333,-274.248,-0.058058,-0.823566,-0.114726,-0.60356,-1.07929,-0.841424,0.237864,-0.0742593,-0.161762,-0.118011,0.0437514
R3,6,5,2021,381,-7998.66,-0.570535,-20.9939,-0.225192,-22.5032,-18.9314,-20.7173,-1.7859,-0.225052,-0.225384,-0.225218,0.000165971
R3,6,5,2022,413,-4998.59,-0.408624,-12.1031,-0.224118,-13.12,-10.9097,-12.0148,-1.10517,-0.227382,-0.220288,-0.223835,-0.00354736
R3,6,5,2023,401,487.011,0.0370701,1.21449,0.0320246,4.89548,-1.96999,1.46274,3.43274,0.164278,-0.0823904,0.0409441,0.123334
R3,6,5,2024,407,-958.962,-0.111397,-2.35617,-0.107759,-5.66365,1.1009,-2.28138,-3.38227,-0.144729,-0.0691167,-0.106923,-0.0378061
R3,6,5,2025,412,-655.881,-0.0822315,-1.59194,-0.0466377,-5.00096,1.6872,-1.65688,-3.34408,-0.123797,0.0275819,-0.0481074,-0.0756892
R3,6,10,2020,333,-1939.25,-0.2026,-5.82357,-0.203718,-5.60356,-6.07929,-5.84142,0.237864,-0.15898,-0.255718,-0.207349,0.048369
R3,6,10,2021,381,-9903.66,-0.645202,-25.9939,-0.285096,-27.5032,-23.9314,-25.7173,-1.7859,-0.283209,-0.287674,-0.285442,0.00223223
R3,6,10,2022,413,-7063.59,-0.519116,-17.1031,-0.337201,-18.12,-15.9097,-17.0148,-1.10517,-0.341767,-0.331841,-0.336804,-0.00496333
R3,6,10,2023,401,-1517.99,-0.151376,-3.78551,-0.146161,-0.104517,-6.96999,-3.53726,3.43274,-0.0152328,-0.25943,-0.137331,0.122099
R3,6,10,2024,407,-2993.96,-0.275103,-7.35617,-0.222487,-10.6637,-3.8991,-7.28138,-3.38227,-0.256325,-0.187119,-0.221722,-0.0346033
R3,6,10,2025,412,-2715.88,-0.253168,-6.59194,-0.189757,-10.001,-3.3128,-6.65688,-3.34408,-0.265755,-0.116654,-0.191204,-0.0745501
R3,13,5,2020,307,-2826.08,-0.281215,-9.20548,-0.226973,-1.28628,-18.0531,-9.66971,8.38344,-0.0488809,-0.425944,-0.237413,0.188532
R3,13,5,2021,348,-11115.8,-0.707191,-31.942,-0.237104,-12.7858,-58.4458,-35.6158,22.83,0.000175086,-0.565395,-0.28261,0.282785
R3,13,5,2022,371,-2794.88,-0.2845,-7.53338,-0.15879,-14.2035,0.439206,-6.88216,-7.32136,-0.208393,-0.0994998,-0.153947,-0.0544469
R3,13,5,2023,357,-1531.04,-0.160161,-4.28863,-0.0549986,0.116696,-7.9073,-3.8953,4.012,0.138076,-0.213596,-0.0377598,0.175836
R3,13,5,2024,352,-2307.66,-0.233474,-6.55585,-0.165317,-9.72676,-3.08295,-6.40486,-3.32191,-0.248538,-0.074171,-0.161355,-0.0871835
R3,13,5,2025,368,723.686,0.0432413,1.96654,-0.0236569,4.95419,-0.713108,2.12054,2.83365,0.0715551,-0.109053,-0.018749,0.0903041
R3,13,10,2020,307,-4361.08,-0.383637,-14.2055,-0.316348,-6.28628,-23.0531,-14.6697,8.38344,-0.132903,-0.5213,-0.327101,0.194199
R3,13,10,2021,348,-12855.8,-0.75413,-36.942,-0.297005,-17.7858,-63.4458,-40.6158,22.83,-0.0579317,-0.627778,-0.342855,0.284923
R3,13,10,2022,371,-4649.88,-0.405786,-12.5334,-0.270681,-19.2035,-4.56079,-11.8822,-7.32136,-0.318845,-0.213112,-0.265978,-0.0528666
R3,13,10,2023,357,-3316.04,-0.297555,-9.28863,-0.23078,-4.8833,-12.9073,-8.8953,4.012,-0.0334899,-0.392839,-0.213164,0.179674
R3,13,10,2024,352,-4067.66,-0.357303,-11.5559,-0.281741,-14.7268,-8.08295,-11.4049,-3.32191,-0.361337,-0.194564,-0.277951,-0.083387
R3,13,10,2025,368,-1116.31,-0.132125,-3.03346,-0.166778,-0.0458126,-5.71311,-2.87946,2.83365,-0.070668,-0.25298,-0.161824,0.0911559
R3,26,5,2020,253,-9663.33,-0.641967,-38.195,-0.617148,-15.1919,-64.5121,-39.852,24.6601,-0.156497,-1.14416,-0.65033,0.493834
R3,26,5,2021,287,-10334.3,-0.695879,-36.008,-0.42376,-26.8311,-48.9637,-37.8974,11.0663,-0.36611,-0.505148,-0.435629,0.0695191
R3,26,5,2022,286,-4765.37,-0.419891,-16.6621,-0.258779,-14.6248,-19.0727,-16.8488,2.2239,-0.191707,-0.33814,-0.264923,0.0732161
R3,26,5,2023,280,-2807.4,-0.262504,-10.0264,-0.281005,-15.9839,-5.62304,-10.8035,-5.18044,-0.519032,-0.105072,-0.312052,-0.20698
R3,26,5,2024,282,-5930.51,-0.474641,-21.0302,-0.382509,-13.3198,-29.6682,-21.494,8.17421,-0.251053,-0.52978,-0.390416,0.139363
R3,26,5,2025,286,-474.841,-0.076285,-1.66028,-0.126959,-9.01819,4.64649,-2.18585,-6.83234,-0.445209,0.145826,-0.149691,-0.295517
R3,26,10,2020,253,-10928.3,-0.684692,-43.195,-0.708054,-20.1919,-69.5121,-44.852,24.6601,-0.241855,-1.24142,-0.741636,0.499781
R3,26,10,2021,287,-11769.3,-0.736721,-41.008,-0.484356,-31.8311,-53.9637,-42.8974,11.0663,-0.425949,-0.566812,-0.496381,0.0704317
R3,26,10,2022,286,-6195.37,-0.49736,-21.6621,-0.370549,-19.6248,-24.0727,-21.8488,2.2239,-0.305102,-0.447986,-0.376544,0.0714423
R3,26,10,2023,280,-4207.4,-0.35898,-15.0264,-0.45719,-20.9839,-10.623,-15.8035,-5.18044,-0.695703,-0.280898,-0.4883,-0.207403
R3,26,10,2024,282,-7340.51,-0.543906,-26.0302,-0.498315,-18.3198,-34.6682,-26.494,8.17421,-0.365643,-0.646948,-0.506295,0.140653
R3,26,10,2025,286,-1904.84,-0.199439,-6.66028,-0.272165,-14.0182,-0.353507,-7.18585,-6.83234,-0.59122,0.00131125,-0.294954,-0.296265
R3,48,5,2020,186,5468.67,0.490714,29.4014,0.329945,38.7312,19.8688,29.3,9.43122,0.804748,-0.155181,0.324784,0.479964
R3,48,5,2021,207,-5198.47,-0.496967,-25.1134,-0.41592,-23.7109,-27.167,-25.4389,1.72809,-0.528878,-0.250517,-0.389698,-0.13918
R3,48,5,2022,217,-6832.08,-0.543179,-31.4842,-0.53177,-29.2678,-33.6009,-31.4343,2.16655,-0.465812,-0.594756,-0.530284,0.0644722
R3,48,5,2023,210,-7262.21,-0.539608,-34.5819,-0.856632,-10.586,-52.5789,-31.5825,20.9964,-0.259892,-1.30419,-0.782039,0.522147
R3,48,5,2024,202,-1454.77,-0.20139,-7.20181,-0.0737524,34.5389,-55.1592,-10.3102,44.849,0.97213,-1.2754,-0.151637,1.12377
R3,48,5,2025,213,-3721,-0.34686,-17.4695,-0.834038,-7.40286,-25.8872,-16.645,9.24219,-0.549435,-1.07202,-0.81073,0.261295
R3,48,10,2020,186,4538.67,0.358478,24.4014,0.240562,33.7312,14.8688,24.3,9.43122,0.722351,-0.251701,0.235325,0.487026
R3,48,10,2021,207,-6233.47,-0.546633,-30.1134,-0.477552,-28.7109,-32.167,-30.4389,1.72809,-0.588401,-0.315238,-0.451819,-0.136581
R3,48,10,2022,217,-7917.08,-0.590343,-36.4842,-0.640152,-34.2678,-38.6009,-36.4343,2.16655,-0.575359,-0.702026,-0.638693,0.0633335
R3,48,10,2023,210,-8312.21,-0.58568,-39.5819,-1.02627,-15.586,-57.5789,-36.5825,20.9964,-0.429038,-1.47419,-0.951612,0.522573
R3,48,10,2024,202,-2464.77,-0.278238,-12.2018,-0.190407,29.5389,-60.1592,-15.3102,44.849,0.85933,-1.39649,-0.268579,1.12791
R3,48,10,2025,213,-4786,-0.413,-22.4695,-0.98012,-12.4029,-30.8872,-21.645,9.24219,-0.698168,-1.21589,-0.957029,0.258862
nis_z_100 Q4,6,5,2020,288,-1730.05,-0.176721,-6.00711,-0.080585,1.39978,-13.2111,-5.90565,7.30543,-0.0796375,-0.0815066,-0.080572,0.000934544
nis_z_100 Q4,6,5,2021,340,-5712.36,-0.458937,-16.8011,-0.19392,-15.4484,-18.27,-16.8592,1.4108,-0.202928,-0.184138,-0.193533,-0.0093948
nis_z_100 Q4,6,5,2022,290,-4216.48,-0.360848,-14.5396,-0.215647,-16.8581,-12.2841,-14.5711,-2.28698,-0.232751,-0.199008,-0.21588,-0.0168717
nis_z_100 Q4,6,5,2023,303,-2094.26,-0.197754,-6.91175,-0.246838,-13.4224,-1.24507,-7.33373,-6.08866,-0.411569,-0.103461,-0.257515,-0.154054
nis_z_100 Q4,6,5,2024,287,-1907.91,-0.194362,-6.64775,-0.139176,-11.4383,-2.5105,-6.97438,-4.46388,-0.221435,-0.0681338,-0.144784,-0.0766506
nis_z_100 Q4,6,5,2025,316,-2009.96,-0.195361,-6.36062,-0.110568,-11.0258,-1.69545,-6.36062,-4.66518,-0.257553,0.0364157,-0.110568,-0.146984
nis_z_100 Q4,6,10,2020,288,-3170.05,-0.287235,-11.0071,-0.161403,-3.60022,-18.2111,-10.9056,7.30543,-0.159836,-0.162927,-0.161381,0.00154559
nis_z_100 Q4,6,10,2021,340,-7412.36,-0.543694,-21.8011,-0.249788,-20.4484,-23.27,-21.8592,1.4108,-0.257191,-0.24175,-0.24947,-0.00772026
nis_z_100 Q4,6,10,2022,290,-5666.48,-0.447271,-19.5396,-0.307811,-21.8581,-17.2841,-19.5711,-2.28698,-0.322982,-0.293054,-0.308018,-0.014964
nis_z_100 Q4,6,10,2023,303,-3609.26,-0.310641,-11.9117,-0.380919,-18.4224,-6.24507,-12.3337,-6.08866,-0.551311,-0.232615,-0.391963,-0.159348
nis_z_100 Q4,6,10,2024,287,-3342.91,-0.302168,-11.6478,-0.232298,-16.4383,-7.5105,-11.9744,-4.46388,-0.31386,-0.161858,-0.237859,-0.0760013
nis_z_100 Q4,6,10,2025,316,-3589.96,-0.313066,-11.3606,-0.23399,-16.0258,-6.69545,-11.3606,-4.66518,-0.376718,-0.0912614,-0.23399,-0.142728
nis_z_100 Q4,13,5,2020,240,-8855.55,-0.617207,-36.8981,-0.455753,-33.3645,-40.1491,-36.7568,3.39226,-0.494118,-0.420457,-0.457288,-0.0368307
nis_z_100 Q4,13,5,2021,276,-10150.9,-0.669328,-36.7787,-0.306524,-47.4056,-24.4913,-35.9484,-11.4572,-0.363437,-0.240719,-0.302078,-0.0613593
nis_z_100 Q4,13,5,2022,249,-3733.21,-0.341308,-14.9928,-0.220799,-26.9048,-2.98473,-14.9448,-11.9601,-0.193309,-0.24851,-0.220909,0.0276005
nis_z_100 Q4,13,5,2023,246,-4154.85,-0.349894,-16.8897,-0.497719,-28.8526,-6.8908,-17.8717,-10.9809,-0.838013,-0.213294,-0.525654,-0.312359
nis_z_100 Q4,13,5,2024,238,1692.85,0.153574,7.11282,0.125575,13.9697,1.60656,7.78812,6.18155,0.116536,0.132833,0.124685,-0.00814835
nis_z_100 Q4,13,5,2025,267,1271.31,0.105591,4.76145,0.121905,9.13337,0.422153,4.77776,4.35561,0.27552,-0.030564,0.122478,0.153042
nis_z_100 Q4,13,10,2020,240,-10055.6,-0.66068,-41.8981,-0.536692,-38.3645,-45.1491,-41.7568,3.39226,-0.573176,-0.503126,-0.538151,-0.035025
nis_z_100 Q4,13,10,2021,276,-11530.9,-0.712135,-41.7787,-0.362271,-52.4056,-29.4913,-40.9484,-11.4572,-0.416762,-0.299266,-0.358014,-0.0587484
nis_z_100 Q4,13,10,2022,249,-4978.21,-0.418568,-19.9928,-0.312488,-31.9048,-7.98473,-19.9448,-11.9601,-0.279448,-0.345794,-0.312621,0.0331732
nis_z_100 Q4,13,10,2023,246,-5384.85,-0.425281,-21.8897,-0.631696,-33.8526,-11.8908,-22.8717,-10.9809,-0.97947,-0.341018,-0.660244,-0.319226
nis_z_100 Q4,13,10,2024,238,502.852,0.0241807,2.11282,0.0313471,8.96967,-3.39344,2.78812,6.18155,0.0237265,0.0374668,0.0305966,-0.00687016
nis_z_100 Q4,13,10,2025,267,-63.6934,-0.0325744,-0.238552,-0.00175557,4.13337,-4.57785,-0.222239,4.35561,0.158093,-0.160412,-0.00115912,0.159253
nis_z_100 Q4,26,5,2020,185,-7857.96,-0.584322,-42.4754,-0.58937,-38.0909,-46.4531,-42.272,4.18111,-0.566887,-0.609766,-0.588327,0.0214398
nis_z_100 Q4,26,5,2021,227,-14338.5,-0.790146,-63.1652,-0.602101,-51.2147,-76.8068,-64.0107,12.7961,-0.617137,-0.584937,-0.601037,-0.0161003
nis_z_100 Q4,26,5,2022,205,2658.04,0.208174,12.9661,0.0425494,32.1297,-5.28499,13.4223,18.7073,0.391365,-0.289656,0.0508545,0.34051
nis_z_100 Q4,26,5,2023,201,-4896.88,-0.403725,-24.3626,-0.57041,-31.2387,-19.7212,-25.4799,-5.75873,-0.928498,-0.328701,-0.6286,-0.299898
nis_z_100 Q4,26,5,2024,202,686.708,0.0138195,3.39954,0.00391903,9.29851,-1.63352,3.83249,5.46602,0.0211777,-0.0108063,0.00518573,0.015992
nis_z_100 Q4,26,5,2025,211,-941.372,-0.121321,-4.46148,-0.252549,4.27411,-13.4491,-4.58747,8.86158,0.00237157,-0.514823,-0.256226,0.258597
nis_z_100 Q4,26,10,2020,185,-8782.96,-0.62124,-47.4754,-0.672699,-43.0909,-51.4531,-47.272,4.18111,-0.648606,-0.694556,-0.671581,0.0229749
nis_z_100 Q4,26,10,2021,227,-15473.5,-0.812827,-68.1652,-0.658523,-56.2147,-81.8068,-69.0107,12.7961,-0.672655,-0.642391,-0.657523,-0.0151317
nis_z_100 Q4,26,10,2022,205,1633.04,0.0905056,7.96607,-0.0481247,27.1297,-10.285,8.42235,18.7073,0.297178,-0.376984,-0.0399032,0.337081
nis_z_100 Q4,26,10,2023,201,-5901.88,-0.460899,-29.3626,-0.703126,-36.2387,-24.7212,-30.4799,-5.75873,-1.06911,-0.456087,-0.762598,-0.306512
nis_z_100 Q4,26,10,2024,202,-323.292,-0.0836171,-1.60046,-0.0916583,4.29851,-6.63352,-1.16751,5.46602,-0.0744353,-0.106353,-0.0903942,0.0159589
nis_z_100 Q4,26,10,2025,211,-1996.37,-0.209386,-9.46148,-0.379306,-0.725894,-18.4491,-9.58747,8.86158,-0.117013,-0.649165,-0.383089,0.266076
nis_z_100 Q4,48,5,2020,153,4404.09,0.357205,28.7849,0.314414,36.0962,22.9359,29.516,6.58016,0.411688,0.236594,0.324141,0.0875469
nis_z_100 Q4,48,5,2021,174,-6638.94,-0.559202,-38.1548,-0.266161,-28.8192,-49.6448,-39.232,10.4128,-0.316698,-0.203963,-0.26033,-0.0563673
nis_z_100 Q4,48,5,2022,161,2597.06,0.183872,16.1308,0.121004,11.8733,20.4416,16.1574,-4.28413,0.141025,0.100734,0.120879,0.0201453
nis_z_100 Q4,48,5,2023,150,-3566.16,-0.33319,-23.7744,-0.257641,-10.8324,-33.4056,-22.119,11.2866,-0.141745,-0.343889,-0.242817,0.101072
nis_z_100 Q4,48,5,2024,152,-7.04092,-0.0562697,-0.0463218,-0.165538,31.0024,-27.2619,1.87027,29.1322,0.0439969,-0.349205,-0.152604,0.196601
nis_z_100 Q4,48,5,2025,162,81.7797,-0.0348492,0.504813,0.0176238,3.30566,-2.03242,0.636618,2.66904,0.243627,-0.187109,0.0282593,0.215368
nis_z_100 Q4,48,10,2020,153,3639.09,0.257343,23.7849,0.230033,31.0962,17.9359,24.516,6.58016,0.332621,0.147963,0.240292,0.092329
nis_z_100 Q4,48,10,2021,174,-7508.94,-0.596137,-43.1548,-0.323981,-33.8192,-54.6448,-44.232,10.4128,-0.372085,-0.264777,-0.318431,-0.053654
nis_z_100 Q4,48,10,2022,161,1792.06,0.0923261,11.1308,0.0318082,6.87331,15.4416,11.1574,-4.28413,0.0557191,0.00759835,0.0316587,0.0240604
nis_z_100 Q4,48,10,2023,150,-4316.16,-0.381524,-28.7744,-0.393913,-15.8324,-38.4056,-27.119,11.2866,-0.287296,-0.473256,-0.380276,0.09298
nis_z_100 Q4,48,10,2024,152,-767.041,-0.125402,-5.04632,-0.262916,26.0024,-32.2619,-3.12973,29.1322,-0.0520005,-0.447793,-0.249897,0.197896
nis_z_100 Q4,48,10,2025,162,-728.22,-0.109997,-4.49519,-0.11252,-1.69434,-7.03242,-4.36338,2.66904,0.119845,-0.323015,-0.101585,0.22143
Tous hors R3 et hors nis_z_100 Q4,6,5,2020,703,3854.09,0.419211,5.48235,0.038508,9.02229,2.07095,5.54662,3.47567,0.0714895,0.00672411,0.0391068,0.0323827
Tous hors R3 et hors nis_z_100 Q4,6,5,2021,666,-4345.99,-0.401551,-6.52551,-0.169628,-5.04479,-7.84638,-6.44558,1.40079,-0.137219,-0.198539,-0.167879,0.0306597
Tous hors R3 et hors nis_z_100 Q4,6,5,2022,692,-1813.44,-0.20469,-2.62058,-0.0941836,-6.56461,1.12347,-2.72057,-3.84404,-0.111945,-0.0773227,-0.0946339,-0.0173112
Tous hors R3 et hors nis_z_100 Q4,6,5,2023,686,1061.16,0.0913272,1.54688,-0.00460874,5.95406,-2.99069,1.48168,4.47237,0.147134,-0.160841,-0.00685346,0.153988
Tous hors R3 et hors nis_z_100 Q4,6,5,2024,656,-2393.58,-0.235348,-3.64876,-0.0982844,4.26627,-11.0051,-3.3694,7.63567,0.0461078,-0.232484,-0.0931882,0.139296
Tous hors R3 et hors nis_z_100 Q4,6,5,2025,663,-1816.25,-0.17959,-2.73944,-0.0960717,-0.326059,-5.26455,-2.7953,2.46924,-0.0649488,-0.128636,-0.0967922,0.0318434
Tous hors R3 et hors nis_z_100 Q4,6,10,2020,703,339.09,-0.00132802,0.482348,-0.0640293,4.02229,-2.92905,0.54662,3.47567,-0.0346644,-0.0923279,-0.0634961,0.0288318
Tous hors R3 et hors nis_z_100 Q4,6,10,2021,666,-7675.99,-0.571213,-11.5255,-0.236355,-10.0448,-12.8464,-11.4456,1.40079,-0.203549,-0.26562,-0.234584,0.0310356
Tous hors R3 et hors nis_z_100 Q4,6,10,2022,692,-5273.44,-0.437435,-7.62058,-0.20908,-11.5646,-3.87653,-7.72057,-3.84404,-0.224673,-0.194278,-0.209476,-0.0151977
Tous hors R3 et hors nis_z_100 Q4,6,10,2023,686,-2368.84,-0.225592,-3.45312,-0.204326,0.954057,-7.99069,-3.51832,4.47237,-0.0509247,-0.362265,-0.206595,0.15567
Tous hors R3 et hors nis_z_100 Q4,6,10,2024,656,-5673.58,-0.4493,-8.64876,-0.229718,-0.733728,-16.0051,-8.3694,7.63567,-0.0860379,-0.363255,-0.224647,0.138609
Tous hors R3 et hors nis_z_100 Q4,6,10,2025,663,-5131.25,-0.411184,-7.73944,-0.264278,-5.32606,-10.2645,-7.7953,2.46924,-0.233656,-0.296318,-0.264987,0.031331
Tous hors R3 et hors nis_z_100 Q4,13,5,2020,544,7634.28,0.989253,14.0336,0.168846,20.1776,8.28321,14.2304,5.94717,0.32191,0.0255867,0.173748,0.148161
Tous hors R3 et hors nis_z_100 Q4,13,5,2021,522,-1679.58,-0.248472,-3.21759,-0.0322651,-2.46787,-3.89098,-3.17942,0.711557,0.000702327,-0.0618759,-0.0305868,0.0312891
Tous hors R3 et hors nis_z_100 Q4,13,5,2022,529,-2961.07,-0.318054,-5.59748,-0.0708237,-17.0742,5.74979,-5.6622,-11.412,-0.202094,0.0589665,-0.071564,-0.130531
Tous hors R3 et hors nis_z_100 Q4,13,5,2023,520,-423.885,-0.0743196,-0.815163,-0.054794,6.87729,-8.62688,-0.874794,7.75209,0.174929,-0.288079,-0.0565748,0.231504
Tous hors R3 et hors nis_z_100 Q4,13,5,2024,501,-882.698,-0.122933,-1.76187,-0.106203,6.97793,-9.73444,-1.37825,8.35619,0.0309826,-0.231345,-0.100181,0.131164
Tous hors R3 et hors nis_z_100 Q4,13,5,2025,506,2339.69,0.225343,4.6239,0.0803075,4.44164,4.80048,4.62106,-0.179416,0.0760697,0.0844133,0.0802415,-0.00417179
Tous hors R3 et hors nis_z_100 Q4,13,10,2020,544,4914.28,0.515883,9.0336,0.0674373,15.1776,3.28321,9.23038,5.94717,0.217006,-0.0725508,0.0722278,0.144779
Tous hors R3 et hors nis_z_100 Q4,13,10,2021,522,-4289.58,-0.421267,-8.21759,-0.0988677,-7.46787,-8.89098,-8.17942,0.711557,-0.065128,-0.129172,-0.09715,0.0320221
Tous hors R3 et hors nis_z_100 Q4,13,10,2022,529,-5606.07,-0.476703,-10.5975,-0.184115,-22.0742,0.749788,-10.6622,-11.412,-0.31163,-0.058038,-0.184834,-0.126796
Tous hors R3 et hors nis_z_100 Q4,13,10,2023,520,-3023.88,-0.286339,-5.81516,-0.247019,1.87729,-13.6269,-5.87479,7.75209,-0.0112674,-0.486426,-0.248847,0.237579
Tous hors R3 et hors nis_z_100 Q4,13,10,2024,501,-3387.7,-0.317383,-6.76187,-0.233756,1.97793,-14.7344,-6.37825,8.35619,-0.0960261,-0.359395,-0.22771,0.131684
Tous hors R3 et hors nis_z_100 Q4,13,10,2025,506,-190.308,-0.0485388,-0.376103,-0.0831171,-0.558356,-0.199524,-0.37894,-0.179416,-0.0833603,-0.0828815,-0.0831209,-0.000239378
Tous hors R3 et hors nis_z_100 Q4,26,5,2020,396,6330.97,0.708857,15.9873,0.246783,38.4048,-3.86819,17.2683,21.1365,0.661439,-0.120483,0.270478,0.390961
Tous hors R3 et hors nis_z_100 Q4,26,5,2021,374,-4148.23,-0.438368,-11.0915,-0.0905534,8.51179,-27.964,-9.72612,18.2379,0.0674087,-0.226511,-0.079551,0.14696
Tous hors R3 et hors nis_z_100 Q4,26,5,2022,385,-3468.82,-0.377677,-9.00993,-0.150675,-26.1683,5.28872,-10.4398,-15.7285,-0.450704,0.0993491,-0.175677,-0.275026
Tous hors R3 et hors nis_z_100 Q4,26,5,2023,385,-570.176,-0.10974,-1.48098,-0.180022,28.331,-28.7715,-0.22027,28.5513,0.744982,-1.02679,-0.140905,0.885886
Tous hors R3 et hors nis_z_100 Q4,26,5,2024,371,-213.311,-0.0866993,-0.574962,-0.0740509,18.7089,-19.5494,-0.420278,19.1292,0.277622,-0.420082,-0.07123,0.348852
Tous hors R3 et hors nis_z_100 Q4,26,5,2025,359,4608.42,0.517502,12.8368,0.273109,9.59735,16.2429,12.9201,-3.32277,0.239536,0.308409,0.273972,-0.0344363
Tous hors R3 et hors nis_z_100 Q4,26,10,2020,396,4350.97,0.402133,10.9873,0.145301,33.4048,-8.86819,12.2683,21.1365,0.555508,-0.218024,0.168742,0.386766
Tous hors R3 et hors nis_z_100 Q4,26,10,2021,374,-6018.23,-0.534353,-16.0915,-0.156395,3.51179,-32.964,-14.7261,18.2379,0.000576298,-0.291499,-0.145461,0.146038
Tous hors R3 et hors nis_z_100 Q4,26,10,2022,385,-5393.82,-0.486829,-14.0099,-0.263019,-31.1683,0.288717,-15.4398,-15.7285,-0.557775,-0.0173881,-0.287582,-0.270194
Tous hors R3 et hors nis_z_100 Q4,26,10,2023,385,-2495.18,-0.265729,-6.48098,-0.367476,23.331,-33.7715,-5.22027,28.5513,0.560192,-1.21668,-0.328246,0.888439
Tous hors R3 et hors nis_z_100 Q4,26,10,2024,371,-2068.31,-0.241427,-5.57496,-0.198858,13.7089,-24.5494,-5.42028,19.1292,0.149556,-0.541681,-0.196063,0.345618
Tous hors R3 et hors nis_z_100 Q4,26,10,2025,359,2813.42,0.268338,7.83682,0.114657,4.59735,11.2429,7.92012,-3.32277,0.0785935,0.152575,0.115584,-0.0369906
Tous hors R3 et hors nis_z_100 Q4,48,5,2020,256,4906.91,0.42437,19.1676,0.0858061,51.4057,-12.5707,19.4175,31.9882,0.595719,-0.416201,0.0897589,0.50596
Tous hors R3 et hors nis_z_100 Q4,48,5,2021,258,-3861.59,-0.469927,-14.9674,-0.283133,13.6524,-39.0898,-12.7187,26.3711,-0.215128,-0.340451,-0.277789,0.0626615
Tous hors R3 et hors nis_z_100 Q4,48,5,2022,251,-1685.49,-0.260489,-6.7151,-0.274026,-47.7131,24.7552,-11.479,-36.2341,-1.00202,0.284785,-0.358617,-0.643401
Tous hors R3 et hors nis_z_100 Q4,48,5,2023,255,11014.3,1.76863,43.1935,1.15027,71.7443,12.5536,42.1489,29.5953,2.19349,0.0307228,1.1121,1.08138
Tous hors R3 et hors nis_z_100 Q4,48,5,2024,253,3876.96,0.345544,15.324,0.252965,36.6427,-7.20804,14.7173,21.9254,0.423499,0.0727257,0.248113,0.175387
Tous hors R3 et hors nis_z_100 Q4,48,5,2025,252,3980.36,0.404824,15.7951,0.4317,28.6546,3.13807,15.8963,12.7583,0.965828,-0.0940156,0.435906,0.529922
Tous hors R3 et hors nis_z_100 Q4,48,10,2020,256,3626.91,0.253334,14.1676,-0.0133714,46.4057,-17.5707,14.4175,31.9882,0.49426,-0.513133,-0.00943625,0.503697
Tous hors R3 et hors nis_z_100 Q4,48,10,2021,258,-5151.59,-0.534302,-19.9674,-0.348455,8.65241,-44.0898,-17.7187,26.3711,-0.28052,-0.405714,-0.343117,0.0625973
Tous hors R3 et hors nis_z_100 Q4,48,10,2022,251,-2940.49,-0.347873,-11.7151,-0.383062,-52.7131,19.7552,-16.479,-36.2341,-1.10871,0.173946,-0.46738,-0.641326
Tous hors R3 et hors nis_z_100 Q4,48,10,2023,255,9739.33,1.43828,38.1935,0.963663,66.7443,7.55357,37.1489,29.5953,2.00359,-0.152356,0.925617,1.07797
Tous hors R3 et hors nis_z_100 Q4,48,10,2024,253,2611.96,0.185743,10.324,0.127101,31.6427,-12.208,9.71734,21.9254,0.293771,-0.0490552,0.122358,0.171413
Tous hors R3 et hors nis_z_100 Q4,48,10,2025,252,2720.36,0.23865,10.7951,0.275602,23.6546,-1.86193,10.8963,12.7583,0.817195,-0.257463,0.279866,0.537329
R1 hors nis_z_100 Q4,6,5,2020,263,1882.64,0.192319,7.15833,-0.0179952,7.16979,7.1506,7.1602,0.00959451,-0.0654508,0.0140448,-0.025703,-0.0397478
R1 hors nis_z_100 Q4,6,5,2021,252,-1180.65,-0.136381,-4.6851,-0.107323,-9.11118,-1.47165,-5.29142,-3.81977,-0.147834,-0.0779116,-0.112873,-0.0349611
R1 hors nis_z_100 Q4,6,5,2022,266,-2017.04,-0.201645,-7.58284,-0.109865,-29.1613,9.36128,-9.89999,-19.2613,-0.378778,0.101294,-0.138742,-0.240036
R1 hors nis_z_100 Q4,6,5,2023,253,2168.72,0.229343,8.57201,0.262504,20.9818,-3.5469,8.71744,12.2643,0.636645,-0.102868,0.266888,0.369756
R1 hors nis_z_100 Q4,6,5,2024,278,-102.804,-0.0185788,-0.3698,-0.0592671,14.5622,-10.9046,1.82877,12.7334,0.27971,-0.298422,-0.00935639,0.289066
R1 hors nis_z_100 Q4,6,5,2025,280,-717.225,-0.0747038,-2.56152,-0.139513,-0.396654,-4.5202,-2.45843,2.06177,-0.0849368,-0.188892,-0.136914,0.0519774
R1 hors nis_z_100 Q4,6,10,2020,263,567.642,0.0454515,2.15833,-0.116659,2.16979,2.1506,2.1602,0.00959451,-0.162262,-0.0858697,-0.124066,-0.0381964
R1 hors nis_z_100 Q4,6,10,2021,252,-2440.65,-0.238711,-9.6851,-0.171513,-14.1112,-6.47165,-10.2914,-3.81977,-0.21242,-0.141814,-0.177117,-0.035303
R1 hors nis_z_100 Q4,6,10,2022,266,-3347.04,-0.301178,-12.5828,-0.221145,-34.1613,4.36128,-14.9,-19.2613,-0.48188,-0.0164058,-0.249143,-0.232737
R1 hors nis_z_100 Q4,6,10,2023,253,903.718,0.0833374,3.57201,0.0856543,15.9818,-8.5469,3.71744,12.2643,0.465629,-0.285415,0.0901071,0.375522
R1 hors nis_z_100 Q4,6,10,2024,278,-1492.8,-0.145981,-5.3698,-0.179448,9.56218,-15.9046,-3.17123,12.7334,0.162847,-0.420944,-0.129049,0.291895
R1 hors nis_z_100 Q4,6,10,2025,280,-2117.22,-0.195648,-7.56152,-0.289906,-5.39665,-9.5202,-7.45843,2.06177,-0.239156,-0.335823,-0.28749,0.0483338
R1 hors nis_z_100 Q4,13,5,2020,251,3698.89,0.389177,14.7366,0.0898197,12.7799,16.011,14.3955,-1.61555,-0.0421346,0.175764,0.0668145,-0.108949
R1 hors nis_z_100 Q4,13,5,2021,238,-416.911,-0.0810124,-1.75173,0.0466753,-5.2353,0.729379,-2.25296,-2.98234,-0.0582885,0.121434,0.0315726,-0.0898611
R1 hors nis_z_100 Q4,13,5,2022,249,-2577.63,-0.266764,-10.3519,-0.150601,-43.5211,15.8971,-13.812,-29.7091,-0.720697,0.300554,-0.210072,-0.510625
R1 hors nis_z_100 Q4,13,5,2023,237,-120.215,-0.0310069,-0.507237,-0.0190403,16.7063,-17.0095,-0.151585,16.8579,0.582726,-0.59594,-0.00660708,0.589333
R1 hors nis_z_100 Q4,13,5,2024,255,26.5203,-0.0128861,0.104001,-0.0281771,13.1223,-8.71762,2.20235,10.92,0.240066,-0.209947,0.0150594,0.225006
R1 hors nis_z_100 Q4,13,5,2025,271,-774.99,-0.0922446,-2.85974,-0.196156,0.472498,-5.84244,-2.68497,3.15747,-0.132619,-0.253029,-0.192824,0.0602048
R1 hors nis_z_100 Q4,13,10,2020,251,2443.89,0.22547,9.73663,-0.00841815,7.77995,11.011,9.39549,-1.61555,-0.137371,0.0755712,-0.0309001,-0.106471
R1 hors nis_z_100 Q4,13,10,2021,238,-1606.91,-0.184192,-6.75173,-0.0172664,-10.2353,-4.27062,-7.25296,-2.98234,-0.121383,0.0568885,-0.0322472,-0.0891357
R1 hors nis_z_100 Q4,13,10,2022,249,-3822.63,-0.352736,-15.3519,-0.259623,-48.5211,10.8971,-18.812,-29.7091,-0.821551,0.185067,-0.318242,-0.503309
R1 hors nis_z_100 Q4,13,10,2023,237,-1305.22,-0.139337,-5.50724,-0.192249,11.7063,-22.0095,-5.15158,16.8579,0.42186,-0.780981,-0.179561,0.601421
R1 hors nis_z_100 Q4,13,10,2024,255,-1248.48,-0.13109,-4.896,-0.147592,8.12231,-13.7176,-2.79765,10.92,0.123195,-0.331086,-0.103945,0.227141
R1 hors nis_z_100 Q4,13,10,2025,271,-2129.99,-0.207349,-7.85974,-0.34621,-4.5275,-10.8424,-7.68497,3.15747,-0.287686,-0.398596,-0.343141,0.0554548
R1 hors nis_z_100 Q4,26,5,2020,211,79.4966,-0.0391547,0.376761,-0.103137,17.5554,-10.543,3.5062,14.0492,0.139644,-0.257463,-0.0589094,0.198553
R1 hors nis_z_100 Q4,26,5,2021,202,321.999,-0.0748922,1.59405,0.181269,13.3824,-6.29732,3.54254,9.83986,0.26437,0.125639,0.195004,0.0693656
R1 hors nis_z_100 Q4,26,5,2022,203,-5704.52,-0.4744,-28.1011,-0.484622,-78.6282,7.5651,-35.5315,-43.0966,-1.41905,0.174976,-0.622038,-0.797014
R1 hors nis_z_100 Q4,26,5,2023,202,-3320.95,-0.299693,-16.4404,-0.279264,18.2891,-47.8934,-14.8022,33.0913,0.84462,-1.29712,-0.22625,1.07087
R1 hors nis_z_100 Q4,26,5,2024,223,1380.07,0.106148,6.18866,-0.039837,30.5841,-10.6294,9.97735,20.6068,0.453491,-0.379934,0.0367783,0.416712
R1 hors nis_z_100 Q4,26,5,2025,222,1097.2,0.0858206,4.94236,0.0405953,2.37756,7.20286,4.79021,-2.41265,0.0283976,0.0513458,0.0398717,-0.0114741
R1 hors nis_z_100 Q4,26,10,2020,211,-975.503,-0.135421,-4.62324,-0.201392,12.5554,-15.543,-1.4938,14.0492,0.0455664,-0.358373,-0.156403,0.20197
R1 hors nis_z_100 Q4,26,10,2021,202,-688.001,-0.163865,-3.40595,0.117833,8.3824,-11.2973,-1.45746,9.83986,0.201969,0.061511,0.13174,0.0702291
R1 hors nis_z_100 Q4,26,10,2022,203,-6719.52,-0.525313,-33.1011,-0.595698,-83.6282,2.5651,-40.5315,-43.0966,-1.52033,0.0569805,-0.731673,-0.788653
R1 hors nis_z_100 Q4,26,10,2023,202,-4330.95,-0.367106,-21.4404,-0.454082,13.2891,-52.8934,-19.8022,33.0913,0.676511,-1.47802,-0.400753,1.07726
R1 hors nis_z_100 Q4,26,10,2024,223,265.07,-0.0105563,1.18866,-0.159743,25.5841,-15.6294,4.97735,20.6068,0.336544,-0.501881,-0.0826681,0.419212
R1 hors nis_z_100 Q4,26,10,2025,222,-12.7961,-0.0282574,-0.0576402,-0.108529,-2.62244,2.20286,-0.20979,-2.41265,-0.125544,-0.0935322,-0.109538,-0.016006
R1 hors nis_z_100 Q4,48,5,2020,166,-5739.14,-0.491015,-34.5732,-0.70372,-22.813,-41.2298,-32.0214,9.20839,-0.581295,-0.773018,-0.677156,0.0958618
R1 hors nis_z_100 Q4,48,5,2021,165,-824.069,-0.23347,-4.99436,0.0897123,33.1394,-32.403,0.368199,32.7712,0.287775,-0.0526456,0.117565,0.17021
R1 hors nis_z_100 Q4,48,5,2022,163,1081.49,-0.00313294,6.63489,-0.0724798,-22.1234,29.961,3.91883,-26.0422,-0.64106,0.388702,-0.126179,-0.514881
R1 hors nis_z_100 Q4,48,5,2023,167,-2125,-0.232278,-12.7245,-0.493381,25.2365,-52.0744,-13.419,38.6555,0.568645,-1.59426,-0.512808,1.08145
R1 hors nis_z_100 Q4,48,5,2024,180,3490.74,0.333248,19.393,0.223357,51.8353,-5.41578,23.2097,28.6255,0.367565,0.113081,0.240323,0.127242
R1 hors nis_z_100 Q4,48,5,2025,171,5888.43,0.720596,34.4352,0.688228,31.0637,37.0693,34.0665,-3.00277,0.46948,0.859125,0.664303,-0.194822
R1 hors nis_z_100 Q4,48,10,2020,166,-6569.14,-0.531747,-39.5732,-0.801004,-27.813,-46.2298,-37.0214,9.20839,-0.674883,-0.872393,-0.773638,0.0987546
R1 hors nis_z_100 Q4,48,10,2021,165,-1649.07,-0.294344,-9.99436,0.0255148,28.1394,-37.403,-4.6318,32.7712,0.222503,-0.116071,0.0532163,0.169287
R1 hors nis_z_100 Q4,48,10,2022,163,266.487,-0.0812271,1.63489,-0.1832,-27.1234,24.961,-1.08117,-26.0422,-0.745655,0.273013,-0.236321,-0.509334
R1 hors nis_z_100 Q4,48,10,2023,167,-2960,-0.293905,-17.7245,-0.667877,20.2365,-57.0744,-18.419,38.6555,0.402713,-1.77764,-0.687461,1.09017
R1 hors nis_z_100 Q4,48,10,2024,180,2590.74,0.218607,14.393,0.102881,46.8353,-10.4158,18.2097,28.6255,0.249419,-0.00917664,0.120121,0.129298
R1 hors nis_z_100 Q4,48,10,2025,171,5033.43,0.579958,29.4352,0.536687,26.0637,32.0693,29.0665,-3.00277,0.310541,0.713364,0.511952,-0.201411
R2 hors nis_z_100 Q4,6,5,2020,256,1909.87,0.194827,7.46043,0.107716,7.97168,6.84339,7.40754,0.564147,0.0775727,0.144096,0.110834,-0.0332615
R2 hors nis_z_100 Q4,6,5,2021,251,-2494.61,-0.244499,-9.9387,-0.231972,-11.4292,-8.48337,-9.9563,-1.47293,-0.165474,-0.296899,-0.231187,0.0657124
R2 hors nis_z_100 Q4,6,5,2022,233,-1119.75,-0.117996,-4.80581,-0.165291,-11.3088,2.21972,-4.54453,-6.76426,-0.265648,-0.0568691,-0.161259,-0.10439
R2 hors nis_z_100 Q4,6,5,2023,259,389.145,0.0331803,1.50249,-0.0413114,1.51844,1.48618,1.50231,0.0161299,-0.0685435,-0.0134411,-0.0409923,-0.0275512
R2 hors nis_z_100 Q4,6,5,2024,231,-2458.6,-0.230314,-10.6433,-0.251961,-3.80863,-18.8449,-11.3268,7.51814,-0.186938,-0.329989,-0.258463,0.0715255
R2 hors nis_z_100 Q4,6,5,2025,222,217.619,0.0160232,0.980267,0.0269067,-0.0799718,2.37183,1.14593,-1.2259,-0.0587108,0.13928,0.0402844,-0.0989952
R2 hors nis_z_100 Q4,6,10,2020,256,629.869,0.0513262,2.46043,0.00134216,2.97168,1.84339,2.40754,0.564147,-0.0355065,0.0458147,0.00515409,-0.0406606
R2 hors nis_z_100 Q4,6,10,2021,251,-3749.61,-0.333731,-14.9387,-0.301352,-16.4292,-13.4834,-14.9563,-1.47293,-0.232003,-0.369063,-0.300533,0.0685297
R2 hors nis_z_100 Q4,6,10,2022,233,-2284.75,-0.215067,-9.80581,-0.282817,-16.3088,-2.78028,-9.54453,-6.76426,-0.386907,-0.170363,-0.278635,-0.108272
R2 hors nis_z_100 Q4,6,10,2023,259,-905.855,-0.0923328,-3.49751,-0.258893,-3.48156,-3.51382,-3.49769,0.0161299,-0.2901,-0.226954,-0.258527,-0.0315728
R2 hors nis_z_100 Q4,6,10,2024,231,-3613.6,-0.314386,-15.6433,-0.396171,-8.80863,-23.8449,-16.3268,7.51814,-0.328897,-0.4769,-0.402899,0.0740016
R2 hors nis_z_100 Q4,6,10,2025,222,-892.381,-0.0907422,-4.01973,-0.16473,-5.07997,-2.62817,-3.85407,-1.2259,-0.245054,-0.0593057,-0.15218,-0.0928741
R2 hors nis_z_100 Q4,13,5,2020,215,2992.86,0.313928,13.9203,0.355386,18.3664,8.61215,13.4893,4.87713,0.482138,0.20406,0.343099,0.139039
R2 hors nis_z_100 Q4,13,5,2021,224,-1350.85,-0.178419,-6.0306,-0.129546,-1.25371,-11.0704,-6.16208,4.90836,0.0271445,-0.294862,-0.133859,0.161003
R2 hors nis_z_100 Q4,13,5,2022,197,-2161.6,-0.21151,-10.9726,-0.15432,-29.5499,8.57229,-10.4888,-19.0611,-0.44052,0.146786,-0.146867,-0.293653
R2 hors nis_z_100 Q4,13,5,2023,216,1457.74,0.143438,6.74878,0.137594,7.91961,5.53377,6.72669,1.19292,0.0447403,0.233951,0.139346,-0.0946053
R2 hors nis_z_100 Q4,13,5,2024,196,-2944.48,-0.273546,-15.0228,-0.464252,-10.1807,-21.2163,-15.6985,5.51783,-0.432792,-0.504493,-0.468642,0.0358503
R2 hors nis_z_100 Q4,13,5,2025,192,2385.89,0.257319,12.4265,0.432526,5.83299,20.9039,13.3684,-7.53545,0.2049,0.725187,0.465044,-0.260143
R2 hors nis_z_100 Q4,13,10,2020,215,1917.86,0.180122,8.92028,0.247396,13.3664,3.61215,8.48928,4.87713,0.365696,0.10616,0.235928,0.129768
R2 hors nis_z_100 Q4,13,10,2021,224,-2470.85,-0.265586,-11.0306,-0.19904,-6.25371,-16.0704,-11.1621,4.90836,-0.0389508,-0.367941,-0.203446,0.164495
R2 hors nis_z_100 Q4,13,10,2022,197,-3146.6,-0.285584,-15.9726,-0.273125,-34.5499,3.57229,-15.4888,-19.0611,-0.563091,0.0319432,-0.265574,-0.297517
R2 hors nis_z_100 Q4,13,10,2023,216,377.737,0.0264162,1.74878,-0.0719643,2.91961,0.533767,1.72669,1.19292,-0.170617,0.0304113,-0.0701029,-0.100514
R2 hors nis_z_100 Q4,13,10,2024,196,-3924.48,-0.341491,-20.0228,-0.605154,-15.1807,-26.2163,-20.6985,5.51783,-0.571414,-0.648309,-0.609862,0.0384475
R2 hors nis_z_100 Q4,13,10,2025,192,1425.89,0.142327,7.42651,0.252742,0.832989,15.9039,8.36844,-7.53545,0.0345896,0.533224,0.283907,-0.249317
R2 hors nis_z_100 Q4,26,5,2020,189,4147.06,0.431765,21.9421,0.633874,41.4601,-1.93868,19.7607,21.6994,1.00969,0.174049,0.59187,0.417822
R2 hors nis_z_100 Q4,26,5,2021,192,1170.18,0.0293973,6.09468,0.126205,9.42423,2.47561,5.94992,3.47431,0.253976,-0.0126759,0.12065,0.133326
R2 hors nis_z_100 Q4,26,5,2022,173,1366.08,0.0849551,7.89642,0.0870476,-38.0927,61.3588,11.633,-49.7258,-0.768561,1.08169,0.156566,-0.925127
R2 hors nis_z_100 Q4,26,5,2023,188,3719.03,0.425525,19.7821,0.50519,29.3451,9.58848,19.4668,9.87831,1.00719,-0.0299074,0.48864,0.518548
R2 hors nis_z_100 Q4,26,5,2024,171,-464.638,-0.0822163,-2.71718,-0.0645036,8.08005,-16.2137,-4.06683,12.1469,0.159333,-0.344299,-0.0924832,0.251816
R2 hors nis_z_100 Q4,26,5,2025,167,3370.92,0.3737,20.1852,0.833195,32.2245,5.76958,18.9971,13.2275,1.18336,0.413913,0.798638,0.384726
R2 hors nis_z_100 Q4,26,10,2020,189,3202.06,0.302826,16.9421,0.526323,36.4601,-6.93868,14.7607,21.6994,0.89258,0.0781969,0.485389,0.407192
R2 hors nis_z_100 Q4,26,10,2021,192,210.179,-0.0648794,1.09468,0.056746,4.42423,-2.52439,0.949921,3.47431,0.186826,-0.0846451,0.0510903,0.135735
R2 hors nis_z_100 Q4,26,10,2022,173,501.081,-0.00495735,2.89642,-0.0310049,-43.0927,56.3588,6.63304,-49.7258,-0.890011,0.96759,0.0387894,-0.928801
R2 hors nis_z_100 Q4,26,10,2023,188,2779.03,0.29782,14.7821,0.298385,24.3451,4.58848,14.4668,9.87831,0.802457,-0.238921,0.281768,0.520689
R2 hors nis_z_100 Q4,26,10,2024,171,-1319.64,-0.157497,-7.71718,-0.203798,3.08005,-21.2137,-9.06683,12.1469,0.0211912,-0.485034,-0.231921,0.253112
R2 hors nis_z_100 Q4,26,10,2025,167,2535.92,0.263816,15.1852,0.654144,27.2245,0.769578,13.9971,13.2275,1.0082,0.230215,0.619205,0.38899
R2 hors nis_z_100 Q4,48,5,2020,148,846.224,-0.0214388,5.71773,0.37286,56.072,-50.3913,2.84034,53.2317,1.27856,-0.636346,0.321106,0.957453
R2 hors nis_z_100 Q4,48,5,2021,151,-2633.81,-0.309878,-17.4424,-0.258315,10.7325,-51.8324,-20.55,31.2825,0.19615,-0.813031,-0.30844,0.504591
R2 hors nis_z_100 Q4,48,5,2022,138,-4205.52,-0.394922,-30.4747,-0.67594,-119.351,66.4814,-26.4349,-92.9163,-2.22057,1.00911,-0.60573,-1.61484
R2 hors nis_z_100 Q4,48,5,2023,149,2677.4,0.274363,17.9692,0.620365,33.0074,2.7277,17.8676,15.1398,1.79438,-0.569515,0.612433,1.18195
R2 hors nis_z_100 Q4,48,5,2024,143,-2.84341,-0.0507766,-0.019884,-0.0894338,-11.8242,15.8482,2.01201,-13.8362,-0.444099,0.387329,-0.0283849,-0.415714
R2 hors nis_z_100 Q4,48,5,2025,135,816.577,0.0553546,6.04872,0.435579,14.2288,-5.49108,4.36888,9.85995,0.734075,0.0144855,0.37428,0.359795
R2 hors nis_z_100 Q4,48,10,2020,148,106.224,-0.0913127,0.717728,0.266618,51.072,-55.3913,-2.15966,53.2317,1.16344,-0.732697,0.215371,0.948068
R2 hors nis_z_100 Q4,48,10,2021,151,-3388.81,-0.36023,-22.4424,-0.327864,5.7325,-56.8324,-25.55,31.2825,0.129853,-0.886547,-0.378347,0.5082
R2 hors nis_z_100 Q4,48,10,2022,138,-4895.52,-0.435439,-35.4747,-0.795834,-124.351,61.4814,-31.4349,-92.9163,-2.34785,0.897272,-0.725288,-1.62256
R2 hors nis_z_100 Q4,48,10,2023,149,1932.4,0.18298,12.9692,0.409435,28.0074,-2.2723,12.8676,15.1398,1.58334,-0.780337,0.401503,1.18184
R2 hors nis_z_100 Q4,48,10,2024,143,-717.843,-0.116339,-5.01988,-0.226619,-16.8242,10.8482,-2.98799,-13.8362,-0.582547,0.251842,-0.165352,-0.417195
R2 hors nis_z_100 Q4,48,10,2025,135,141.577,-0.0135345,1.04872,0.268352,9.22883,-10.4911,-0.631122,9.85995,0.57231,-0.160446,0.205932,0.366378
↳ F2b · x1 déjà retourné hors nis_z_100 Q4,6,5,2020,149,1500.48,0.152291,10.0703,0.132586,4.85028,15.9615,10.4059,-5.5556,0.0235404,0.255652,0.139596,-0.116056
↳ F2b · x1 déjà retourné hors nis_z_100 Q4,6,5,2021,132,-1351.48,-0.138244,-10.2385,-0.218147,-6.4492,-13.4941,-9.97164,3.52244,-0.154179,-0.273105,-0.213642,0.0594631
↳ F2b · x1 déjà retourné hors nis_z_100 Q4,6,5,2022,119,-347.038,-0.0406705,-2.91628,-0.0899391,-6.9461,1.04638,-2.94986,-3.99624,-0.119426,-0.0609437,-0.0901848,-0.029241
↳ F2b · x1 déjà retourné hors nis_z_100 Q4,6,5,2023,123,-355.492,-0.0366527,-2.89018,-0.0435233,-3.82921,-2.05227,-2.94074,-0.888468,-0.0881539,-0.00369898,-0.0459264,-0.0422275
↳ F2b · x1 déjà retourné hors nis_z_100 Q4,6,5,2024,114,-1293.38,-0.126731,-11.3454,-0.381843,-19.5752,-3.39946,-11.4873,-8.08785,-0.545298,-0.224026,-0.384662,-0.160636
↳ F2b · x1 déjà retourné hors nis_z_100 Q4,6,5,2025,104,563.275,0.0552377,5.41611,0.0554052,8.96291,0.944058,4.95348,4.00942,0.00678515,0.116709,0.061747,-0.0549618
↳ F2b · x1 déjà retourné hors nis_z_100 Q4,6,10,2020,149,755.476,0.0696167,5.07031,0.0272782,-0.14972,10.9615,5.40588,-5.5556,-0.091136,0.160917,0.0348906,-0.126027
↳ F2b · x1 déjà retourné hors nis_z_100 Q4,6,10,2021,132,-2011.48,-0.193362,-15.2385,-0.287429,-11.4492,-18.4941,-14.9716,3.52244,-0.222486,-0.343225,-0.282856,0.0603691
↳ F2b · x1 déjà retourné hors nis_z_100 Q4,6,10,2022,119,-942.038,-0.0961209,-7.91628,-0.208377,-11.9461,-3.95362,-7.94986,-3.99624,-0.236034,-0.181181,-0.208607,-0.0274266
↳ F2b · x1 déjà retourné hors nis_z_100 Q4,6,10,2023,123,-970.492,-0.0941452,-7.89018,-0.243448,-8.82921,-7.05227,-7.94074,-0.888468,-0.285385,-0.206027,-0.245706,-0.0396788
↳ F2b · x1 déjà retourné hors nis_z_100 Q4,6,10,2024,114,-1863.38,-0.175186,-16.3454,-0.535594,-24.5752,-8.39946,-16.4873,-8.08785,-0.694909,-0.381773,-0.538341,-0.156568
↳ F2b · x1 déjà retourné hors nis_z_100 Q4,6,10,2025,104,43.2752,0.00178025,0.416107,-0.138796,3.96291,-4.05594,-0.0465185,4.00942,-0.176423,-0.0913521,-0.133888,-0.0425357
↳ F2b · x1 déjà retourné hors nis_z_100 Q4,13,5,2020,137,3260.36,0.361806,23.7982,0.492139,24.9335,22.5033,23.7184,1.21509,0.639745,0.323775,0.48176,0.157985
↳ F2b · x1 déjà retourné hors nis_z_100 Q4,13,5,2021,128,275.792,-0.00940768,2.15462,-0.0395718,9.33381,-4.17995,2.57693,6.75688,0.143789,-0.201361,-0.0287858,0.172575
↳ F2b · x1 déjà retourné hors nis_z_100 Q4,13,5,2022,110,-641.407,-0.0732546,-5.83097,-0.00578041,-36.7265,22.8964,-6.91503,-29.8115,-0.421172,0.380461,-0.0203556,-0.400817
↳ F2b · x1 déjà retourné hors nis_z_100 Q4,13,5,2023,119,-181.721,-0.0230215,-1.52707,-0.0597695,1.82644,-4.61013,-1.39185,3.21828,-0.0997851,-0.0229809,-0.061383,-0.0384021
↳ F2b · x1 déjà retourné hors nis_z_100 Q4,13,5,2024,105,-515.879,-0.0593094,-4.91313,-0.43302,-1.85886,-7.68974,-4.7743,2.91544,-0.369381,-0.490873,-0.430127,0.0607464
↳ F2b · x1 déjà retourné hors nis_z_100 Q4,13,5,2025,96,547.232,0.0525079,5.70033,0.06302,7.28623,3.66132,5.47377,1.81246,0.00829273,0.133384,0.0708382,-0.0625454
↳ F2b · x1 déjà retourné hors nis_z_100 Q4,13,10,2020,137,2575.36,0.27181,18.7982,0.387026,19.9335,17.5033,18.7184,1.21509,0.524439,0.230289,0.377364,0.147075
↳ F2b · x1 déjà retourné hors nis_z_100 Q4,13,10,2021,128,-364.208,-0.0708561,-2.84538,-0.109364,4.33381,-9.17995,-2.42307,6.75688,0.0753493,-0.272346,-0.0984985,0.173848
↳ F2b · x1 déjà retourné hors nis_z_100 Q4,13,10,2022,110,-1191.41,-0.1229,-10.831,-0.125325,-41.7265,17.8964,-11.915,-29.8115,-0.540049,0.260296,-0.139876,-0.400172
↳ F2b · x1 déjà retourné hors nis_z_100 Q4,13,10,2023,119,-776.721,-0.0794829,-6.52707,-0.258516,-3.17356,-9.61013,-6.39185,3.21828,-0.297798,-0.222402,-0.2601,-0.0376983
↳ F2b · x1 déjà retourné hors nis_z_100 Q4,13,10,2024,105,-1040.88,-0.107465,-9.91313,-0.583118,-6.85886,-12.6897,-9.7743,2.91544,-0.514601,-0.645405,-0.580003,0.065402
↳ F2b · x1 déjà retourné hors nis_z_100 Q4,13,10,2025,96,67.2318,0.00319275,0.700331,-0.121691,2.28623,-1.33868,0.473774,1.81246,-0.162616,-0.0690734,-0.115845,-0.0467713
↳ F2b · x1 déjà retourné hors nis_z_100 Q4,26,5,2020,122,3313.32,0.346709,27.1584,0.68731,23.135,32.0596,27.5973,-4.46232,0.777202,0.577806,0.677504,0.0996977
↳ F2b · x1 déjà retourné hors nis_z_100 Q4,26,5,2021,119,-1259.2,-0.176478,-10.5815,-0.1472,-5.10789,-15.2854,-10.1966,5.08876,0.0437139,-0.311267,-0.133776,0.17749
↳ F2b · x1 déjà retourné hors nis_z_100 Q4,26,5,2022,102,-259.341,-0.0494249,-2.54256,0.126343,-44.9267,35.1323,-4.89724,-40.0295,-0.667001,0.831537,0.082268,-0.749269
↳ F2b · x1 déjà retourné hors nis_z_100 Q4,26,5,2023,110,2009.58,0.211012,18.2689,0.612894,36.9876,0.863852,18.9257,18.0619,1.32764,-0.0516945,0.637973,0.689668
↳ F2b · x1 déjà retourné hors nis_z_100 Q4,26,5,2024,95,2334.14,0.242186,24.5699,0.522553,26.9299,22.2591,24.5945,2.3354,0.673676,0.374578,0.524127,0.149549
↳ F2b · x1 déjà retourné hors nis_z_100 Q4,26,5,2025,91,1206.17,0.11932,13.2547,0.574573,15.6439,10.2084,12.9261,2.71777,0.89816,0.162,0.53008,0.36808
↳ F2b · x1 déjà retourné hors nis_z_100 Q4,26,10,2020,122,2703.32,0.267163,22.1584,0.581974,18.135,27.0596,22.5973,-4.46232,0.659392,0.487664,0.573528,0.0858642
↳ F2b · x1 déjà retourné hors nis_z_100 Q4,26,10,2021,119,-1854.2,-0.224161,-15.5815,-0.217302,-10.1079,-20.2854,-15.1966,5.08876,-0.0253219,-0.382285,-0.203803,0.178481
↳ F2b · x1 déjà retourné hors nis_z_100 Q4,26,10,2022,102,-769.341,-0.0967344,-7.54256,0.00658373,-49.9267,30.1323,-9.89724,-40.0295,-0.784583,0.709843,-0.03737,-0.747213
↳ F2b · x1 déjà retourné hors nis_z_100 Q4,26,10,2023,110,1459.58,0.146294,13.2689,0.4157,31.9876,-4.13615,13.9257,18.0619,1.1295,-0.248005,0.440746,0.688751
↳ F2b · x1 déjà retourné hors nis_z_100 Q4,26,10,2024,95,1859.14,0.184666,19.5699,0.377191,21.9299,17.2591,19.5945,2.3354,0.530185,0.227385,0.378785,0.1514
↳ F2b · x1 déjà retourné hors nis_z_100 Q4,26,10,2025,91,751.173,0.0695762,8.25465,0.387678,10.6439,5.20836,7.92613,2.71777,0.717707,-0.0331084,0.342299,0.375408
↳ F2b · x1 déjà retourné hors nis_z_100 Q4,48,5,2020,107,2421.04,0.205316,22.6266,0.593736,44.1063,-3.77554,20.1654,23.9409,1.10079,-0.0295121,0.535636,0.565149
↳ F2b · x1 déjà retourné hors nis_z_100 Q4,48,5,2021,102,-1839.12,-0.251272,-18.0306,-0.440909,8.83009,-41.9068,-16.5383,25.3684,-0.154663,-0.69535,-0.425006,0.270344
↳ F2b · x1 déjà retourné hors nis_z_100 Q4,48,5,2022,86,-2779.51,-0.2653,-32.3199,-0.279593,-98.2839,27.7806,-35.2516,-63.0323,-1.35766,0.702645,-0.327507,-1.03015
↳ F2b · x1 déjà retourné hors nis_z_100 Q4,48,5,2023,101,3276.15,0.365631,32.4371,1.48951,66.5965,2.7058,34.6511,31.9453,3.07448,0.109994,1.59224,1.48224
↳ F2b · x1 déjà retourné hors nis_z_100 Q4,48,5,2024,87,1860.17,0.169473,21.3813,0.174515,13.8989,28.0503,20.9746,-7.07571,0.073726,0.264349,0.169038,-0.0953115
↳ F2b · x1 déjà retourné hors nis_z_100 Q4,48,5,2025,81,-1026.92,-0.109932,-12.678,-0.449993,-4.47665,-22.9297,-13.7032,9.22652,0.187978,-1.24746,-0.52974,0.717718
↳ F2b · x1 déjà retourné hors nis_z_100 Q4,48,10,2020,107,1886.04,0.142586,17.6266,0.490173,39.1063,-8.77554,15.1654,23.9409,0.98736,-0.120952,0.433204,0.554156
↳ F2b · x1 déjà retourné hors nis_z_100 Q4,48,10,2021,102,-2349.12,-0.288651,-23.0306,-0.510403,3.83009,-46.9068,-21.5383,25.3684,-0.222225,-0.766562,-0.494394,0.272168
↳ F2b · x1 déjà retourné hors nis_z_100 Q4,48,10,2022,86,-3209.51,-0.29635,-37.3199,-0.401209,-103.284,22.7806,-40.2516,-63.0323,-1.47815,0.580007,-0.449074,-1.02908
↳ F2b · x1 déjà retourné hors nis_z_100 Q4,48,10,2023,101,2771.15,0.298555,27.4371,1.29069,61.5965,-2.2942,29.6511,31.9453,2.87702,-0.0900109,1.39351,1.48352
↳ F2b · x1 déjà retourné hors nis_z_100 Q4,48,10,2024,87,1425.17,0.11975,16.3813,0.029574,8.89889,23.0503,15.9746,-7.07571,-0.0709578,0.119178,0.0241103,-0.0950681
↳ F2b · x1 déjà retourné hors nis_z_100 Q4,48,10,2025,81,-1431.92,-0.145324,-17.678,-0.623892,-9.47665,-27.9297,-18.7032,9.22652,0.0264355,-1.4368,-0.705183,0.731619
↳ F3 · x1 déjà retourné hors nis_z_100 Q4,6,5,2020,107,409.393,0.0369146,3.8261,0.0730835,12.0142,-7.03197,2.49109,9.52307,0.147549,-0.0256641,0.0609424,0.0866065
↳ F3 · x1 déjà retourné hors nis_z_100 Q4,6,5,2021,119,-1143.13,-0.123301,-9.60615,-0.247308,-16.2512,-2.13049,-9.19083,-7.06034,-0.176411,-0.327067,-0.251739,0.0753276
↳ F3 · x1 déjà retourné hors nis_z_100 Q4,6,5,2022,114,-772.717,-0.0806038,-6.77822,-0.243948,-15.4604,3.57359,-5.94339,-9.51698,-0.404795,-0.0521675,-0.228481,-0.176314
↳ F3 · x1 déjà retourné hors nis_z_100 Q4,6,5,2023,136,744.637,0.0724899,5.47527,-0.039311,5.76725,5.13695,5.4521,0.315146,-0.0529626,-0.0234925,-0.0382275,-0.014735
↳ F3 · x1 déjà retourné hors nis_z_100 Q4,6,5,2024,117,-1165.22,-0.118615,-9.95919,-0.125409,8.80459,-37.9052,-14.5503,23.3549,0.0997497,-0.460752,-0.180501,0.280251
↳ F3 · x1 déjà retourné hors nis_z_100 Q4,6,5,2025,118,-345.656,-0.0371618,-2.92929,0.00178926,-7.79301,3.68538,-2.05382,-5.7392,-0.114575,0.160045,0.0227348,-0.13731
↳ F3 · x1 déjà retourné hors nis_z_100 Q4,6,10,2020,107,-125.607,-0.0171001,-1.1739,-0.0347744,7.01416,-12.032,-2.50891,9.52307,0.0365382,-0.129341,-0.0464015,0.0829397
↳ F3 · x1 déjà retourné hors nis_z_100 Q4,6,10,2021,119,-1738.13,-0.174017,-14.6061,-0.316796,-21.2512,-7.13049,-14.1908,-7.06034,-0.241218,-0.401821,-0.321519,0.0803018
↳ F3 · x1 déjà retourné hors nis_z_100 Q4,6,10,2022,114,-1342.72,-0.131596,-11.7782,-0.360522,-20.4604,-1.42641,-10.9434,-9.51698,-0.530479,-0.157881,-0.34418,-0.186299
↳ F3 · x1 déjà retourné hors nis_z_100 Q4,6,10,2023,136,64.6371,0.00200075,0.475273,-0.272861,0.767247,0.136954,0.4521,0.315146,-0.293846,-0.248546,-0.271196,-0.0226502
↳ F3 · x1 déjà retourné hors nis_z_100 Q4,6,10,2024,117,-1750.22,-0.168766,-14.9592,-0.260323,3.80459,-42.9052,-19.5503,23.3549,-0.036087,-0.594292,-0.315189,0.279102
↳ F3 · x1 déjà retourné hors nis_z_100 Q4,6,10,2025,118,-935.656,-0.092358,-7.92929,-0.187588,-12.793,-1.31462,-7.05382,-5.7392,-0.303591,-0.0298229,-0.166707,-0.136884
↳ F3 · x1 déjà retourné hors nis_z_100 Q4,13,5,2020,98,601.879,0.0503327,6.14162,0.268756,16.0249,-7.03612,4.4944,11.5305,0.392131,0.104257,0.248194,0.143937
↳ F3 · x1 déjà retourné hors nis_z_100 Q4,13,5,2021,113,-1026.88,-0.122138,-9.08745,-0.121877,-7.48311,-10.9695,-9.22629,1.74318,0.0106296,-0.277317,-0.133344,0.143973
↳ F3 · x1 déjà retourné hors nis_z_100 Q4,13,5,2022,103,-1216.41,-0.125911,-11.8098,-0.178826,-11.8953,-11.6995,-11.7974,-0.097917,-0.270319,-0.0609016,-0.16561,-0.104709
↳ F3 · x1 déjà retourné hors nis_z_100 Q4,13,5,2023,117,-258.951,-0.0332396,-2.21326,-0.268963,1.26113,-6.12984,-2.43435,3.69548,-0.172108,-0.378145,-0.275127,0.103019
↳ F3 · x1 déjà retourné hors nis_z_100 Q4,13,5,2024,105,-1776.02,-0.176246,-16.9145,-0.307402,-12.6474,-24.4381,-18.5427,5.89536,-0.375735,-0.18692,-0.281327,-0.0944078
↳ F3 · x1 déjà retourné hors nis_z_100 Q4,13,5,2025,110,1786.2,0.188124,16.2381,0.67193,8.39637,26.7494,17.5729,-9.17653,0.540549,0.848037,0.694293,-0.153744
↳ F3 · x1 déjà retourné hors nis_z_100 Q4,13,10,2020,98,111.879,0.000113735,1.14162,0.158795,11.0249,-12.0361,-0.505597,11.5305,0.278255,-0.000485028,0.138885,0.13937
↳ F3 · x1 déjà retourné hors nis_z_100 Q4,13,10,2021,113,-1591.88,-0.170439,-14.0874,-0.191125,-12.4831,-15.9695,-14.2263,1.74318,-0.0531341,-0.352999,-0.203067,0.149933
↳ F3 · x1 déjà retourné hors nis_z_100 Q4,13,10,2022,103,-1731.41,-0.169859,-16.8098,-0.295989,-16.8953,-16.6995,-16.7974,-0.097917,-0.396651,-0.166247,-0.281449,-0.115202
↳ F3 · x1 déjà retourné hors nis_z_100 Q4,13,10,2023,117,-843.951,-0.088205,-7.21326,-0.495238,-3.73887,-11.1298,-7.43435,3.69548,-0.408801,-0.592676,-0.500739,0.0919376
↳ F3 · x1 déjà retourné hors nis_z_100 Q4,13,10,2024,105,-2301.02,-0.21847,-21.9145,-0.442522,-17.6474,-29.4381,-23.5427,5.89536,-0.509989,-0.323567,-0.416778,-0.0932109
↳ F3 · x1 déjà retourné hors nis_z_100 Q4,13,10,2025,110,1236.2,0.12462,11.2381,0.48578,3.39637,21.7494,12.5729,-9.17653,0.352577,0.664328,0.508453,-0.155875
↳ F3 · x1 déjà retourné hors nis_z_100 Q4,26,5,2020,92,2356.58,0.234762,25.615,0.594245,74.286,-40.5276,16.8792,57.4068,1.27814,-0.335155,0.471494,0.806648
↳ F3 · x1 déjà retourné hors nis_z_100 Q4,26,5,2021,105,4755.02,0.529833,45.2859,0.591227,10.039,90.4939,50.2665,-40.2275,0.346771,0.904768,0.62577,-0.278998
↳ F3 · x1 déjà retourné hors nis_z_100 Q4,26,5,2022,94,601.096,0.0275327,6.39464,0.0390951,-35.4453,60.4805,12.5176,-47.9629,-0.67103,0.957061,0.143016,-0.814046
↳ F3 · x1 déjà retourné hors nis_z_100 Q4,26,5,2023,108,-28.3249,-0.0167164,-0.262268,-0.219894,4.61748,-6.13788,-0.760201,5.37768,0.182738,-0.704697,-0.260979,0.443717
↳ F3 · x1 déjà retourné hors nis_z_100 Q4,26,5,2024,99,-4656.86,-0.391182,-47.039,-1.00271,-29.8401,-74.6477,-52.2439,22.4038,-0.746071,-1.41469,-1.08038,0.334309
↳ F3 · x1 déjà retourné hors nis_z_100 Q4,26,5,2025,103,2570.42,0.275175,24.9555,0.862805,43.8457,-0.374391,21.7356,22.11,1.26117,0.328635,0.794902,0.466267
↳ F3 · x1 déjà retourné hors nis_z_100 Q4,26,10,2020,92,1896.58,0.179346,20.615,0.48447,69.286,-45.5276,11.8792,57.4068,1.16423,-0.439301,0.362462,0.801763
↳ F3 · x1 déjà retourné hors nis_z_100 Q4,26,10,2021,105,4230.02,0.451842,40.2859,0.522894,5.03902,85.4939,45.2665,-40.2275,0.282531,0.831186,0.556858,-0.274327
↳ F3 · x1 déjà retourné hors nis_z_100 Q4,26,10,2022,94,131.096,-0.0196582,1.39464,-0.0787173,-40.4453,55.4805,7.51757,-47.9629,-0.798378,0.851575,0.0265988,-0.824976
↳ F3 · x1 déjà retourné hors nis_z_100 Q4,26,10,2023,108,-568.325,-0.0684325,-5.26227,-0.442413,-0.382524,-11.1379,-5.7602,5.37768,-0.0394622,-0.927598,-0.48353,0.444068
↳ F3 · x1 déjà retourné hors nis_z_100 Q4,26,10,2024,99,-5151.86,-0.420745,-52.039,-1.1396,-34.8401,-79.6477,-57.2439,22.4038,-0.882466,-1.55236,-1.21741,0.334944
↳ F3 · x1 déjà retourné hors nis_z_100 Q4,26,10,2025,103,2055.42,0.211289,19.9555,0.681562,38.8457,-5.37439,16.7356,22.11,1.08008,0.147186,0.613633,0.466447
↳ F3 · x1 déjà retourné hors nis_z_100 Q4,48,5,2020,84,2570.83,0.212014,30.6051,0.536718,76.2717,-33.3281,21.4718,54.7999,1.12394,-0.285389,0.419274,0.704663
↳ F3 · x1 déjà retourné hors nis_z_100 Q4,48,5,2021,92,890.973,0.0127106,9.68449,0.291403,-39.4447,79.4996,20.0275,-59.4722,-0.203011,0.993991,0.39549,-0.598501
↳ F3 · x1 déjà retourné hors nis_z_100 Q4,48,5,2022,84,-136.729,-0.0718126,-1.62773,-0.183249,-96.153,118.445,11.1459,-107.299,-2.13436,2.29519,0.0804155,-2.21478
↳ F3 · x1 déjà retourné hors nis_z_100 Q4,48,5,2023,89,-333.586,-0.0544769,-3.74816,-0.0538837,-8.54358,1.61815,-3.46272,-5.08087,0.260058,-0.4052,-0.0725708,0.332629
↳ F3 · x1 déjà retourné hors nis_z_100 Q4,48,5,2024,88,-5295.24,-0.433955,-60.1732,-1.30667,-68.938,-44.0572,-56.4976,-12.4404,-1.57157,-0.819578,-1.19558,-0.375997
↳ F3 · x1 déjà retourné hors nis_z_100 Q4,48,5,2025,86,3774.77,0.43119,43.8927,1.95672,58.3171,22.8743,40.5957,17.7214,2.30111,1.4549,1.878,0.423104
↳ F3 · x1 déjà retourné hors nis_z_100 Q4,48,10,2020,84,2150.83,0.162226,25.6051,0.42989,71.2717,-38.3281,16.4718,54.7999,1.01585,-0.39046,0.312697,0.703157
↳ F3 · x1 déjà retourné hors nis_z_100 Q4,48,10,2021,92,430.973,-0.0328614,4.68449,0.222048,-44.4447,74.4996,15.0275,-59.4722,-0.268658,0.919367,0.325354,-0.594013
↳ F3 · x1 déjà retourné hors nis_z_100 Q4,48,10,2022,84,-556.729,-0.110059,-6.62773,-0.30487,-101.153,113.445,6.14595,-107.299,-2.26851,2.18948,-0.0395134,-2.22899
↳ F3 · x1 déjà retourné hors nis_z_100 Q4,48,10,2023,89,-778.586,-0.0956761,-8.74816,-0.266621,-13.5436,-3.38185,-8.46272,-5.08087,0.0494711,-0.620342,-0.285436,0.334907
↳ F3 · x1 déjà retourné hors nis_z_100 Q4,48,10,2024,88,-5735.24,-0.458492,-65.1732,-1.4391,-73.938,-49.0572,-61.4976,-12.4404,-1.70443,-0.951237,-1.32783,-0.376597
↳ F3 · x1 déjà retourné hors nis_z_100 Q4,48,10,2025,86,3344.77,0.371171,38.8927,1.78309,53.3171,17.8743,35.5957,17.7214,2.13176,1.27504,1.7034,0.428357
R3 en continuation,6,5,2020,333,-3055.75,-0.290497,-9.17643,-0.0632578,-8.92071,-9.39644,-9.15858,0.237864,-0.0261502,-0.0951827,-0.0606665,0.0345162
R3 en continuation,6,5,2021,381,4188.66,0.454253,10.9939,0.105384,8.93139,12.5032,10.7173,-1.7859,0.100803,0.108736,0.104769,-0.00396654
R3 en continuation,6,5,2022,413,868.594,0.0638579,2.10313,-0.00204634,0.909661,3.11999,2.01483,-1.10517,-0.00281894,-0.00138808,-0.00210351,-0.000715429
R3 en continuation,6,5,2023,401,-4497.01,-0.370258,-11.2145,-0.388397,-8.03001,-14.8955,-11.4627,3.43274,-0.271689,-0.523301,-0.397495,0.125806
R3 en continuation,6,5,2024,407,-3111.04,-0.283607,-7.64383,-0.121698,-11.1009,-4.33635,-7.71862,-3.38227,-0.166887,-0.0784641,-0.122676,-0.0442115
R3 en continuation,6,5,2025,412,-3464.12,-0.307227,-8.40806,-0.239601,-11.6872,-4.99904,-8.34312,-3.34408,-0.316054,-0.160119,-0.238087,-0.0779676
R3 en continuation,6,10,2020,333,-4720.75,-0.399459,-14.1764,-0.15225,-13.9207,-14.3964,-14.1586,0.237864,-0.120106,-0.179904,-0.150005,0.0298986
R3 en continuation,6,10,2021,381,2283.66,0.202148,5.99385,0.0454797,3.93139,7.5032,5.7173,-1.7859,0.0385127,0.0505783,0.0445455,-0.0060328
R3 en continuation,6,10,2022,413,-1196.41,-0.134659,-2.89687,-0.115129,-4.09034,-1.88001,-2.98517,-1.10517,-0.114372,-0.115773,-0.115073,0.000700536
R3 en continuation,6,10,2023,401,-6502.01,-0.484817,-16.2145,-0.566583,-13.03,-19.8955,-16.4627,3.43274,-0.448729,-0.702812,-0.575771,0.127042
R3 en continuation,6,10,2024,407,-5146.04,-0.41565,-12.6438,-0.236426,-16.1009,-9.33635,-12.7186,-3.38227,-0.284889,-0.190061,-0.237475,-0.0474142
R3 en continuation,6,10,2025,412,-5524.12,-0.436337,-13.4081,-0.38272,-16.6872,-9.99904,-13.3431,-3.34408,-0.460291,-0.302077,-0.381184,-0.0791067
R3 en continuation,13,5,2020,307,-243.917,-0.0712761,-0.794518,0.0482227,8.05315,-8.71372,-0.330288,8.38344,0.235233,-0.119163,0.058035,0.177198
R3 en continuation,13,5,2021,348,7635.82,0.91832,21.942,0.117303,48.4458,2.78582,25.6158,22.83,0.440629,-0.116389,0.16212,0.278509
R3 en continuation,13,5,2022,371,-915.115,-0.135621,-2.46662,-0.0649926,-10.4392,4.20352,-3.11784,-7.32136,-0.127724,-0.0125092,-0.0701167,-0.0576075
R3 en continuation,13,5,2023,357,-2038.96,-0.20161,-5.71137,-0.296563,-2.0927,-10.1167,-6.1047,4.012,-0.144891,-0.481208,-0.313049,0.168159
R3 en continuation,13,5,2024,352,-1212.34,-0.144322,-3.44415,-0.0675293,-6.91705,-0.273237,-3.59514,-3.32191,-0.166614,0.0229393,-0.0718374,-0.0947767
R3 en continuation,13,5,2025,368,-4403.69,-0.375802,-11.9665,-0.262585,-9.28689,-14.9542,-12.1205,2.83365,-0.1788,-0.356001,-0.267401,0.0886007
R3 en continuation,13,10,2020,307,-1778.92,-0.203513,-5.79452,-0.0411523,3.05315,-13.7137,-5.33029,8.38344,0.139877,-0.203184,-0.0316538,0.171531
R3 en continuation,13,10,2021,348,5895.82,0.612324,16.942,0.0574018,43.4458,-2.21418,20.6158,22.83,0.378246,-0.174495,0.101875,0.276371
R3 en continuation,13,10,2022,371,-2770.12,-0.282075,-7.46662,-0.176884,-15.4392,-0.796482,-8.11784,-7.32136,-0.241336,-0.122961,-0.182148,-0.0591878
R3 en continuation,13,10,2023,357,-3823.96,-0.332239,-10.7114,-0.472344,-7.0927,-15.1167,-11.1047,4.012,-0.324134,-0.652774,-0.488454,0.16432
R3 en continuation,13,10,2024,352,-2972.34,-0.282513,-8.44415,-0.183953,-11.9171,-5.27324,-8.59514,-3.32191,-0.287007,-0.0898601,-0.188433,-0.0985732
R3 en continuation,13,10,2025,368,-6243.69,-0.480862,-16.9665,-0.405706,-14.2869,-19.9542,-17.1205,2.83365,-0.322726,-0.498224,-0.410475,0.087749
R3 en continuation,26,5,2020,253,7133.33,0.922073,28.195,0.435336,54.5121,5.19192,29.852,24.6601,0.949657,-0.0142189,0.467719,0.481938
R3 en continuation,26,5,2021,287,7464.3,0.808537,26.008,0.302569,38.9637,16.8311,27.8974,11.0663,0.38182,0.246433,0.314127,0.0676938
R3 en continuation,26,5,2022,286,1905.37,0.131192,6.66213,0.0352403,9.07265,4.62485,6.84875,2.2239,0.118446,-0.0350817,0.041682,0.0767637
R3 en continuation,26,5,2023,280,7.39512,-0.0223311,0.0264111,-0.0713636,-4.37696,5.98392,0.803477,-5.18044,-0.246578,0.165691,-0.0404434,-0.206135
R3 en continuation,26,5,2024,282,3110.51,0.298137,11.0302,0.150897,19.6682,3.31976,11.494,8.17421,0.295443,0.021873,0.158658,0.136785
R3 en continuation,26,5,2025,286,-2385.16,-0.237296,-8.33972,-0.163452,-14.6465,-0.981808,-7.81415,-6.83234,-0.434856,0.153186,-0.140835,-0.294021
R3 en continuation,26,10,2020,253,5868.33,0.694131,23.195,0.34443,49.5121,0.191924,24.852,24.6601,0.852403,-0.0995769,0.376413,0.47599
R3 en continuation,26,10,2021,287,6029.3,0.56706,21.008,0.241974,33.9637,11.8311,22.8974,11.0663,0.320156,0.186594,0.253375,0.0667811
R3 en continuation,26,10,2022,286,475.369,-0.0195428,1.66213,-0.0765293,4.07265,-0.375154,1.84875,2.2239,0.00859873,-0.148476,-0.0699387,0.0785375
R3 en continuation,26,10,2023,280,-1392.6,-0.150105,-4.97359,-0.247548,-9.37696,0.98392,-4.19652,-5.18044,-0.422404,-0.010979,-0.216691,-0.205712
R3 en continuation,26,10,2024,282,1700.51,0.127497,6.03018,0.0350908,14.6682,-1.68024,6.49397,8.17421,0.178274,-0.0927169,0.0427785,0.135495
R3 en continuation,26,10,2025,286,-3815.16,-0.339047,-13.3397,-0.308657,-19.6465,-5.98181,-12.8142,-6.83234,-0.579371,0.0071753,-0.286098,-0.293273
R3 en continuation,48,5,2020,186,-7328.67,-0.607887,-39.4014,-0.508711,-29.8688,-48.7312,-39.3,9.43122,-0.0378609,-0.969542,-0.503702,0.465841
R3 en continuation,48,5,2021,207,3128.47,0.159458,15.1134,0.292655,17.167,13.7109,15.4389,1.72809,0.121075,0.409833,0.265454,-0.144379
R3 en continuation,48,5,2022,217,4662.08,0.449555,21.4842,0.315005,23.6009,19.2678,21.4343,2.16655,0.380217,0.246718,0.313467,0.0667495
R3 en continuation,48,5,2023,210,5162.21,0.599824,24.5819,0.517365,42.5789,0.58601,21.5825,20.9964,0.964189,-0.0784003,0.442894,0.521295
R3 en continuation,48,5,2024,202,-565.234,-0.124799,-2.79819,-0.159557,45.1592,-44.5389,0.310161,44.849,1.03324,-1.19773,-0.0822462,1.11548
R3 en continuation,48,5,2025,213,1591,0.111741,7.46947,0.541873,15.8872,-2.59714,6.64505,9.24219,0.784292,0.25197,0.518131,0.266161
R3 en continuation,48,10,2020,186,-8258.67,-0.642931,-44.4014,-0.598094,-34.8688,-53.7312,-44.3,9.43122,-0.134382,-1.05194,-0.593161,0.458779
R3 en continuation,48,10,2021,207,2093.47,0.0454197,10.1134,0.231023,12.167,8.71085,10.4389,1.72809,0.0563534,0.35031,0.203332,-0.146978
R3 en continuation,48,10,2022,217,3577.08,0.300655,16.4842,0.206623,18.6009,14.2678,16.4343,2.16655,0.272947,0.13717,0.205058,0.0678882
R3 en continuation,48,10,2023,210,4112.21,0.440629,19.5819,0.347731,37.5789,-4.41399,16.5825,20.9964,0.79419,-0.247547,0.273322,0.520868
R3 en continuation,48,10,2024,202,-1575.23,-0.20898,-7.79819,-0.276212,40.1592,-49.5389,-4.68984,44.849,0.912155,-1.31053,-0.199188,1.11134
R3 en continuation,48,10,2025,213,525.997,-0.000572683,2.46947,0.395791,10.8872,-7.59714,1.64505,9.24219,0.640426,0.103237,0.371831,0.268594
nis_z_100 Q4 en continuation,6,5,2020,288,-1149.95,-0.127729,-3.99289,-0.0810507,3.21108,-11.3998,-4.09435,7.30543,-0.0813342,-0.0807592,-0.0810467,-0.000287543
nis_z_100 Q4 en continuation,6,5,2021,340,2312.36,0.207699,6.80107,0.082183,8.26996,5.44836,6.85916,1.4108,0.0689144,0.0944022,0.0816583,-0.0127439
nis_z_100 Q4 en continuation,6,5,2022,290,1316.48,0.11196,4.53959,0.0313187,2.28415,6.85811,4.57113,-2.28698,0.0109168,0.0522912,0.031604,-0.0206872
nis_z_100 Q4 en continuation,6,5,2023,303,-935.741,-0.0993165,-3.08825,-0.0213225,-8.75493,3.4224,-2.66627,-6.08866,-0.154846,0.132087,-0.0113793,-0.143466
nis_z_100 Q4 en continuation,6,5,2024,287,-962.094,-0.114632,-3.35225,-0.0470686,-7.4895,1.43826,-3.02562,-4.46388,-0.119314,0.0365845,-0.041365,-0.0779494
nis_z_100 Q4 en continuation,6,5,2025,316,-1150.04,-0.123096,-3.63938,-0.136274,-8.30455,1.0258,-3.63938,-4.66518,-0.29177,0.0192215,-0.136274,-0.155496
nis_z_100 Q4 en continuation,6,10,2020,288,-2589.95,-0.244799,-8.99289,-0.161869,-1.78892,-16.3998,-9.09435,7.30543,-0.162755,-0.160957,-0.161856,-0.000898586
nis_z_100 Q4 en continuation,6,10,2021,340,612.362,0.0189243,1.80107,0.0263146,3.26996,0.448356,1.85916,1.4108,0.0113025,0.0401394,0.0257209,-0.0144184
nis_z_100 Q4 en continuation,6,10,2022,290,-133.52,-0.0381259,-0.460415,-0.0608455,-2.71585,1.85811,-0.42887,-2.28698,-0.0831287,-0.0379389,-0.0605338,-0.0225949
nis_z_100 Q4 en continuation,6,10,2023,303,-2450.74,-0.226011,-8.08825,-0.155403,-13.7549,-1.5776,-7.66627,-6.08866,-0.283999,-0.00765403,-0.145827,-0.138173
nis_z_100 Q4 en continuation,6,10,2024,287,-2397.09,-0.233071,-8.35225,-0.140191,-12.4895,-3.56174,-8.02562,-4.46388,-0.213039,-0.0558409,-0.13444,-0.0785988
nis_z_100 Q4 en continuation,6,10,2025,316,-2730.04,-0.251341,-8.63938,-0.259695,-13.3046,-3.9742,-8.63938,-4.66518,-0.419447,-0.0999441,-0.259695,-0.159751
nis_z_100 Q4 en continuation,13,5,2020,240,6455.55,0.782552,26.8981,0.293876,30.1491,23.3645,26.7568,3.39226,0.255119,0.336003,0.295561,-0.0404422
nis_z_100 Q4 en continuation,13,5,2021,276,7390.91,0.918367,26.7787,0.195031,14.4913,37.4056,25.9484,-11.4572,0.123625,0.256787,0.190206,-0.066581
nis_z_100 Q4 en continuation,13,5,2022,249,1243.21,0.0848276,4.99282,0.0374202,-7.01527,16.9048,4.94479,-11.9601,0.0539415,0.021031,0.0374863,0.0164552
nis_z_100 Q4 en continuation,13,5,2023,246,1694.85,0.167558,6.88965,0.229766,-3.1092,18.8526,7.87168,-10.9809,-0.0421539,0.555099,0.256473,-0.298627
nis_z_100 Q4 en continuation,13,5,2024,238,-4072.85,-0.351974,-17.1128,-0.31403,-11.6066,-23.9697,-17.7881,6.18155,-0.323566,-0.302156,-0.312861,-0.0107047
nis_z_100 Q4 en continuation,13,5,2025,267,-3941.31,-0.343662,-14.7614,-0.369225,-10.4222,-19.1334,-14.7778,4.35561,-0.229131,-0.510373,-0.369752,0.140621
nis_z_100 Q4 en continuation,13,10,2020,240,5255.55,0.581339,21.8981,0.212938,25.1491,18.3645,21.7568,3.39226,0.17245,0.256946,0.214698,-0.0422479
nis_z_100 Q4 en continuation,13,10,2021,276,6010.91,0.671502,21.7787,0.139284,9.49126,32.4056,20.9484,-11.4572,0.065078,0.203462,0.13427,-0.0691918
nis_z_100 Q4 en continuation,13,10,2022,249,-1.78785,-0.0421754,-0.00718014,-0.054269,-12.0153,11.9048,-0.0552125,-11.9601,-0.0433428,-0.0651078,-0.0542253,0.0108825
nis_z_100 Q4 en continuation,13,10,2023,246,464.854,0.0324696,1.88965,0.0957899,-8.1092,13.8526,2.87168,-10.9809,-0.169878,0.413643,0.121882,-0.29176
nis_z_100 Q4 en continuation,13,10,2024,238,-5262.85,-0.424827,-22.1128,-0.408258,-16.6066,-28.9697,-22.7881,6.18155,-0.418932,-0.394966,-0.406949,-0.0119829
nis_z_100 Q4 en continuation,13,10,2025,267,-5276.31,-0.425834,-19.7614,-0.492886,-15.4222,-24.1334,-19.7778,4.35561,-0.358979,-0.627799,-0.493389,0.13441
nis_z_100 Q4 en continuation,26,5,2020,185,6007.96,0.661622,32.4754,0.422711,36.4531,28.0909,32.272,4.18111,0.440187,0.403448,0.421818,0.0183697
nis_z_100 Q4 en continuation,26,5,2021,227,12068.5,1.96807,53.1652,0.489256,66.8068,41.2147,54.0107,12.7961,0.470027,0.506102,0.488064,-0.0180375
nis_z_100 Q4 en continuation,26,5,2022,205,-4708.04,-0.423009,-22.9661,-0.223898,-4.71501,-42.1297,-23.4223,18.7073,0.114998,-0.579738,-0.23237,0.347368
nis_z_100 Q4 en continuation,26,5,2023,201,2886.88,0.300109,14.3626,0.30498,9.72122,21.2387,15.4799,-5.75873,0.0739307,0.647274,0.360602,-0.286672
nis_z_100 Q4 en continuation,26,5,2024,202,-2706.71,-0.278657,-13.3995,-0.195074,-8.36648,-19.2985,-13.8325,5.46602,-0.180287,-0.212404,-0.196346,0.0160583
nis_z_100 Q4 en continuation,26,5,2025,211,-1168.63,-0.14107,-5.53852,-0.00096559,3.44905,-14.2741,-5.41253,8.86158,0.246139,-0.241142,0.00249849,0.24364
nis_z_100 Q4 en continuation,26,10,2020,185,5082.96,0.515094,27.4754,0.339382,31.4531,23.0909,27.272,4.18111,0.355398,0.321729,0.338563,0.0168346
nis_z_100 Q4 en continuation,26,10,2021,227,10933.5,1.65082,48.1652,0.432834,61.8068,36.2147,49.0107,12.7961,0.412572,0.450584,0.431578,-0.0190061
nis_z_100 Q4 en continuation,26,10,2022,205,-5733.04,-0.479398,-27.9661,-0.314572,-9.71501,-47.1297,-28.4223,18.7073,0.0276697,-0.673925,-0.323128,0.350797
nis_z_100 Q4 en continuation,26,10,2023,201,1881.88,0.175909,9.36258,0.172264,4.72122,16.2387,10.4799,-5.75873,-0.0534547,0.506662,0.226604,-0.280058
nis_z_100 Q4 en continuation,26,10,2024,202,-3716.71,-0.348096,-18.3995,-0.290651,-13.3665,-24.2985,-18.8325,5.46602,-0.275834,-0.308017,-0.291925,0.0160914
nis_z_100 Q4 en continuation,26,10,2025,211,-2223.63,-0.227163,-10.5385,-0.127723,-1.55095,-19.2741,-10.4125,8.86158,0.111796,-0.360527,-0.124365,0.236162
nis_z_100 Q4 en continuation,48,5,2020,153,-5934.09,-0.542933,-38.7849,-0.483174,-32.9359,-46.0962,-39.516,6.58016,-0.413856,-0.569821,-0.491839,0.0779827
nis_z_100 Q4 en continuation,48,5,2021,174,4898.94,0.400169,28.1548,0.150522,39.6448,18.8192,29.232,10.4128,0.0823352,0.205923,0.144129,-0.061794
nis_z_100 Q4 en continuation,48,5,2022,161,-4207.06,-0.40238,-26.1308,-0.299397,-30.4416,-21.8733,-26.1574,-4.28413,-0.287005,-0.311635,-0.29932,0.0123152
nis_z_100 Q4 en continuation,48,5,2023,150,2066.16,0.173855,13.7744,-0.014904,23.4056,0.832393,12.119,11.2866,0.0851544,-0.149357,-0.0321015,0.117256
nis_z_100 Q4 en continuation,48,5,2024,152,-1512.96,-0.188461,-9.95368,-0.0292179,17.2619,-41.0024,-11.8703,29.1322,0.152028,-0.235992,-0.0419817,0.19401
nis_z_100 Q4 en continuation,48,5,2025,162,-1701.78,-0.193416,-10.5048,-0.277911,-7.96758,-13.3057,-10.6366,2.66904,-0.0847041,-0.491192,-0.287948,0.203244
nis_z_100 Q4 en continuation,48,10,2020,153,-6699.09,-0.57682,-43.7849,-0.567554,-37.9359,-51.0962,-44.516,6.58016,-0.502487,-0.648888,-0.575687,0.0732006
nis_z_100 Q4 en continuation,48,10,2021,174,4028.94,0.283592,23.1548,0.092702,34.6448,13.8192,24.232,10.4128,0.0215214,0.150536,0.0860288,-0.0645074
nis_z_100 Q4 en continuation,48,10,2022,161,-5012.06,-0.448782,-31.1308,-0.388593,-35.4416,-26.8733,-31.1574,-4.28413,-0.38014,-0.396941,-0.388541,0.00840017
nis_z_100 Q4 en continuation,48,10,2023,150,1316.16,0.089078,8.77437,-0.151176,18.4056,-4.16761,7.119,11.2866,-0.0442128,-0.294909,-0.169561,0.125348
nis_z_100 Q4 en continuation,48,10,2024,152,-2272.96,-0.247967,-14.9537,-0.126596,12.2619,-46.0024,-16.8703,29.1322,0.0534401,-0.331989,-0.139275,0.192715
nis_z_100 Q4 en continuation,48,10,2025,162,-2511.78,-0.256285,-15.5048,-0.408055,-12.9676,-18.3057,-15.6366,2.66904,-0.22061,-0.614974,-0.417792,0.197182
