annee,n_trades,pnl_bps,pnl_compose,esperance_bps,esperance_atr,long_bps,short_bps,timing_bps,derive_bps,long_atr,short_atr,timing_atr,derive_atr,pnl_compose_r25,configuration,perimetre,m,H,mode,frais_bps,effet_atr_vs_RE1
2020,196,3993.71,0.429055,20.3761,0.556745,31.7955,6.36135,19.0784,12.7171,0.848826,0.198283,0.523554,0.325272,0.29062,RE-1,—,,24,cooldown,5,
2021,201,-518.373,-0.115613,-2.57897,-0.0621413,2.44636,-8.18618,-2.86991,5.31627,0.143,-0.291035,-0.0740179,0.217018,-0.0378289,RE-1,—,,24,cooldown,5,
2022,176,135.223,-0.0235334,0.768313,0.164877,-21.1617,26.4887,2.6635,-23.8252,-0.260623,0.66392,0.201649,-0.462272,0.0452858,RE-1,—,,24,cooldown,5,
2023,192,2888.93,0.316161,15.0465,0.571331,22.5417,7.23237,14.8871,7.65469,1.00521,0.118987,0.5621,0.443113,0.253631,RE-1,—,,24,cooldown,5,
2024,176,1636.83,0.151159,9.30016,0.247101,10.5311,7.75357,9.14235,1.38877,0.2677,0.22122,0.24446,0.0232402,0.111408,RE-1,—,,24,cooldown,5,
2025,168,2194.72,0.227555,13.0638,0.507492,11.9631,14.4287,13.1959,-1.2328,0.447303,0.582127,0.514715,-0.0674122,0.171729,RE-1,—,,24,cooldown,5,
2020,196,3013.71,0.295823,15.3761,0.449091,26.7955,1.36135,14.0784,12.7171,0.731777,0.102159,0.416968,0.314809,0.225821,RE-1,—,,24,cooldown,10,
2021,201,-1523.37,-0.200271,-7.57897,-0.131245,-2.55364,-13.1862,-7.86991,5.31627,0.0761318,-0.362634,-0.143251,0.219383,-0.0706788,RE-1,—,,24,cooldown,10,
2022,176,-744.777,-0.105837,-4.23169,0.047605,-26.1617,21.4887,-2.3365,-23.8252,-0.38149,0.550865,0.0846873,-0.466178,-0.00292107,RE-1,—,,24,cooldown,10,
2023,192,1928.93,0.195812,10.0465,0.365782,17.5417,2.23237,9.88706,7.65469,0.800167,-0.087088,0.35654,0.443628,0.161984,RE-1,—,,24,cooldown,10,
2024,176,756.829,0.0542256,4.30016,0.109169,5.53112,2.75357,4.14235,1.38877,0.130901,0.081866,0.106383,0.0245173,0.0492065,RE-1,—,,24,cooldown,10,
2025,168,1354.72,0.128736,8.06382,0.328751,6.9631,9.42871,8.1959,-1.2328,0.271785,0.399389,0.335587,-0.0638017,0.0995962,RE-1,—,,24,cooldown,10,
2020,199,4179.63,0.455558,21.0031,0.563116,33.6636,5.35544,19.5095,14.1541,0.875636,0.176856,0.526246,0.34939,0.300079,RE-1,—,,24,réouverture,5,
2021,206,-1353.54,-0.18599,-6.5706,-0.105626,-7.5932,-5.46536,-6.52928,-1.06392,0.0434437,-0.266741,-0.111649,0.155092,-0.0598965,RE-1,—,,24,réouverture,5,
2022,180,593.212,0.0204978,3.29562,0.180513,-21.0669,31.7675,5.35029,-26.4172,-0.257364,0.692247,0.217442,-0.474806,0.0542694,RE-1,—,,24,réouverture,5,
2023,197,2994.4,0.330161,15.2,0.537424,21.7475,8.3115,15.0295,6.71798,0.937411,0.116604,0.527008,0.410403,0.245719,RE-1,—,,24,réouverture,5,
2024,179,1859.63,0.176992,10.389,0.282915,11.8038,8.59819,10.201,1.60279,0.295575,0.26689,0.281232,0.0143425,0.129767,RE-1,—,,24,réouverture,5,
2025,173,1650.12,0.162027,9.53826,0.273776,10.7486,8.06415,9.40636,1.34221,0.368481,0.15843,0.263455,0.105026,0.111532,RE-1,—,,24,réouverture,5,
2020,199,3184.63,0.317889,16.0031,0.455704,28.6636,0.355435,14.5095,14.1541,0.759151,0.0806581,0.419904,0.339246,0.233958,RE-1,—,,24,réouverture,10,
2021,206,-2383.54,-0.26578,-11.5706,-0.174806,-12.5932,-10.4654,-11.5293,-1.06392,-0.0227199,-0.339182,-0.180951,0.158231,-0.0928165,RE-1,—,,24,réouverture,10,
2022,180,-306.788,-0.0673649,-1.70438,0.0637027,-26.0669,26.7675,0.350294,-26.4172,-0.377845,0.579728,0.100942,-0.478787,0.0046787,RE-1,—,,24,réouverture,10,
2023,197,2009.4,0.20552,10.2,0.331358,16.7475,3.3115,10.0295,6.71798,0.729955,-0.0879979,0.320978,0.408976,0.152381,RE-1,—,,24,réouverture,10,
2024,179,964.634,0.0762793,5.38902,0.144506,6.80377,3.59819,5.20098,1.60279,0.15868,0.126566,0.142623,0.0160571,0.065384,RE-1,—,,24,réouverture,10,
2025,173,785.119,0.0657859,4.53826,0.0952767,5.74858,3.06415,4.40636,1.34221,0.196105,-0.0275274,0.084289,0.111816,0.0412474,RE-1,—,,24,réouverture,10,
2020,196,5042.83,0.590941,25.7287,0.658825,32.7235,17.1443,24.9339,7.7896,0.878183,0.389612,0.633898,0.244286,0.360106,V1 m1,V1,1,24,cooldown,5,0.10208
2021,201,-1742.21,-0.208398,-8.66773,-0.119963,10.2879,-29.8182,-9.76516,20.053,0.222144,-0.501683,-0.139769,0.361913,-0.0644271,V1 m1,V1,1,24,cooldown,5,-0.0578216
2022,176,-1027.75,-0.122773,-5.83946,-0.0293885,-26.3277,18.1899,-4.06888,-22.2588,-0.485222,0.505232,0.0100046,-0.495227,-0.0344198,V1 m1,V1,1,24,cooldown,5,-0.194266
2023,192,3427.01,0.391858,17.849,0.61706,30.4273,4.73551,17.5814,12.8459,1.09321,0.120651,0.606929,0.486278,0.278407,V1 m1,V1,1,24,cooldown,5,0.0457288
2024,176,1281.12,0.114069,7.27911,0.220165,7.3741,7.15976,7.26693,0.107169,0.165278,0.289126,0.227202,-0.0619243,0.0971038,V1 m1,V1,1,24,cooldown,5,-0.0269358
2025,168,1442.33,0.143544,8.58531,0.450877,7.18447,10.3224,8.75341,-1.56894,0.415591,0.494633,0.455112,-0.039521,0.148018,V1 m1,V1,1,24,cooldown,5,-0.0566149
2020,196,4062.83,0.442696,20.7287,0.551171,27.7235,12.1443,19.9339,7.7896,0.761135,0.293489,0.527312,0.233823,0.291837,V1 m1,V1,1,24,cooldown,10,0.10208
2021,201,-2747.21,-0.284209,-13.6677,-0.189067,5.28789,-34.8182,-14.7652,20.053,0.155276,-0.573281,-0.209002,0.364279,-0.096373,V1 m1,V1,1,24,cooldown,10,-0.0578216
2022,176,-1907.75,-0.196751,-10.8395,-0.146661,-31.3277,13.1899,-9.06888,-22.2588,-0.60609,0.392176,-0.106957,-0.499133,-0.0789826,V1 m1,V1,1,24,cooldown,10,-0.194266
2023,192,2467.01,0.264625,12.849,0.411511,25.4273,-0.264493,12.5814,12.8459,0.888162,-0.0854235,0.401369,0.486793,0.184954,V1 m1,V1,1,24,cooldown,10,0.0457288
2024,176,401.123,0.0202436,2.27911,0.0822336,2.3741,2.15976,2.26693,0.107169,0.0284781,0.149772,0.0891253,-0.0606472,0.0357017,V1 m1,V1,1,24,cooldown,10,-0.0269358
2025,168,602.332,0.0514536,3.58531,0.272136,2.18447,5.32235,3.75341,-1.56894,0.240073,0.311894,0.275984,-0.0359105,0.0773438,V1 m1,V1,1,24,cooldown,10,-0.0566149
2020,202,5001.87,0.585097,24.7617,0.623574,33.6637,13.9034,23.7835,9.88014,0.87585,0.315852,0.595851,0.279999,0.349574,V1 m1,V1,1,24,réouverture,5,
2021,215,-3048.92,-0.306452,-14.181,-0.177085,-4.42565,-24.2125,-14.3191,9.89344,0.045144,-0.405603,-0.180229,0.225373,-0.09687,V1 m1,V1,1,24,réouverture,5,
2022,185,-254.287,-0.0549644,-1.37453,0.0406779,-28.1335,26.8711,-0.631222,-27.5023,-0.525087,0.637874,0.0563936,-0.581481,-0.00323752,V1 m1,V1,1,24,réouverture,5,
2023,209,3253.75,0.36681,15.5682,0.518775,25.5294,5.51113,15.5203,10.0092,0.923427,0.110232,0.516829,0.406598,0.269579,V1 m1,V1,1,24,réouverture,5,
2024,188,1904.1,0.185223,10.1282,0.314429,10.279,9.93317,10.1061,0.17293,0.243813,0.405712,0.324763,-0.0809496,0.152482,V1 m1,V1,1,24,réouverture,5,
2025,181,871.815,0.0796221,4.81666,0.214323,6.52056,2.80482,4.66269,1.85787,0.357516,0.0452511,0.201384,0.156133,0.0881693,V1 m1,V1,1,24,réouverture,5,
2020,202,3991.87,0.433088,19.7617,0.516275,28.6637,8.90337,18.7835,9.88014,0.758542,0.220763,0.489653,0.26889,0.279991,V1 m1,V1,1,24,réouverture,10,
2021,215,-4123.92,-0.37729,-19.181,-0.24664,-9.42565,-29.2125,-19.3191,9.89344,-0.02134,-0.478317,-0.249828,0.228488,-0.130031,V1 m1,V1,1,24,réouverture,10,
2022,185,-1179.29,-0.138517,-6.37453,-0.0753928,-33.1335,21.8711,-5.63122,-27.5023,-0.64579,0.526693,-0.0595485,-0.586241,-0.0512547,V1 m1,V1,1,24,réouverture,10,
2023,209,2208.75,0.231341,10.5682,0.302963,20.5294,0.511131,10.5203,10.0092,0.703861,-0.10179,0.301035,0.402826,0.168347,V1 m1,V1,1,24,réouverture,10,
2024,188,964.097,0.078943,5.12817,0.176544,5.27903,4.93317,5.1061,0.17293,0.106321,0.267319,0.18682,-0.080499,0.083705,V1 m1,V1,1,24,réouverture,10,
2025,181,-33.1847,-0.0137826,-0.183341,0.0351485,1.52056,-2.19518,-0.337308,1.85787,0.184613,-0.141327,0.0216427,0.16297,0.0156773,V1 m1,V1,1,24,réouverture,10,
2020,196,4706.8,0.537108,24.0143,0.611475,33.2636,12.6628,22.9632,10.3004,0.861939,0.304087,0.583013,0.278926,0.328702,V1 m1.5,V1,1.5,24,cooldown,5,0.0547294
2021,201,-1896.54,-0.22359,-9.43554,-0.109661,6.94526,-27.7131,-10.3839,17.3292,0.211619,-0.468142,-0.128262,0.339881,-0.0599791,V1 m1.5,V1,1.5,24,cooldown,5,-0.0475198
2022,176,-976.785,-0.118757,-5.54991,-0.0248892,-27.7942,20.539,-3.62757,-24.1666,-0.545099,0.585233,0.0200672,-0.565166,-0.0329386,V1 m1.5,V1,1.5,24,cooldown,5,-0.189766
2023,192,3163.44,0.354214,16.4763,0.618242,26.1396,6.40167,16.2706,9.86898,1.05403,0.163909,0.60897,0.445062,0.275255,V1 m1.5,V1,1.5,24,cooldown,5,0.0469113
2024,176,2404.3,0.244207,13.6608,0.353596,16.4327,10.1781,13.3054,3.12728,0.383166,0.316445,0.349805,0.0333606,0.164092,V1 m1.5,V1,1.5,24,cooldown,5,0.106495
2025,168,1198.96,0.115335,7.13668,0.451983,4.71648,10.1377,7.42711,-2.71062,0.396547,0.520723,0.458635,-0.0620879,0.140596,V1 m1.5,V1,1.5,24,cooldown,5,-0.0555097
2020,196,3726.8,0.393855,19.0143,0.503821,28.2636,7.66281,17.9632,10.3004,0.74489,0.207964,0.476427,0.268463,0.262,V1 m1.5,V1,1.5,24,cooldown,10,0.0547294
2021,201,-2901.54,-0.297955,-14.4355,-0.178765,1.94526,-32.7131,-15.3839,17.3292,0.144751,-0.539741,-0.197495,0.342246,-0.0920755,V1 m1.5,V1,1.5,24,cooldown,10,-0.0475198
2022,176,-1856.78,-0.193073,-10.5499,-0.142161,-32.7942,15.539,-8.62757,-24.1666,-0.665966,0.472178,-0.0968942,-0.569072,-0.0775681,V1 m1.5,V1,1.5,24,cooldown,10,-0.189766
2023,192,2203.44,0.230403,11.4763,0.412693,21.1396,1.40167,11.2706,9.86898,0.848987,-0.0421662,0.40341,0.445577,0.182035,V1 m1.5,V1,1.5,24,cooldown,10,0.0469113
2024,176,1524.3,0.139483,8.66079,0.215665,11.4327,5.17814,8.30541,3.12728,0.246366,0.177091,0.211729,0.0346377,0.098958,V1 m1.5,V1,1.5,24,cooldown,10,0.106495
2025,168,358.962,0.0255031,2.13668,0.273242,-0.283517,5.13773,2.42711,-2.71062,0.22103,0.337984,0.279507,-0.0584774,0.0703781,V1 m1.5,V1,1.5,24,cooldown,10,-0.0555097
2020,200,4836.31,0.556859,24.1816,0.606814,33.6994,12.5487,23.124,10.5754,0.864091,0.292365,0.578228,0.285863,0.333694,V1 m1.5,V1,1.5,24,réouverture,5,
2021,211,-2816.19,-0.292555,-13.3469,-0.139656,-5.28998,-21.6362,-13.4631,8.17311,0.0792982,-0.364926,-0.142814,0.222112,-0.0775581,V1 m1.5,V1,1.5,24,réouverture,5,
2022,181,-734.886,-0.0987185,-4.06014,-0.0348587,-29.6,24.1525,-2.72375,-26.8762,-0.584963,0.572815,-0.00607416,-0.578889,-0.0372228,V1 m1.5,V1,1.5,24,réouverture,5,
2023,204,2942.78,0.325099,14.4254,0.533247,21.4179,6.8621,14.14,7.27788,0.866488,0.172803,0.519645,0.346843,0.255164,V1 m1.5,V1,1.5,24,réouverture,5,
2024,184,2569.02,0.264542,13.9621,0.378518,18.212,8.67558,13.4438,4.76819,0.429533,0.315059,0.372296,0.0572367,0.184038,V1 m1.5,V1,1.5,24,réouverture,5,
2025,175,609.817,0.0510823,3.48467,0.212241,3.65452,3.28297,3.46874,0.185775,0.318794,0.0857108,0.202252,0.116541,0.0780345,V1 m1.5,V1,1.5,24,réouverture,5,
2020,200,3836.31,0.408952,19.1816,0.499832,28.6994,7.54867,18.124,10.5754,0.747994,0.196522,0.472258,0.275736,0.265804,V1 m1.5,V1,1.5,24,réouverture,10,
2021,211,-3871.19,-0.363536,-18.3469,-0.209162,-10.29,-26.6362,-18.4631,8.17311,0.0131169,-0.437852,-0.212368,0.225485,-0.110782,V1 m1.5,V1,1.5,24,réouverture,10,
2022,181,-1639.89,-0.176776,-9.06014,-0.151035,-34.6,19.1525,-7.72375,-26.8762,-0.705666,0.46164,-0.122013,-0.583653,-0.0825916,V1 m1.5,V1,1.5,24,réouverture,10,
2023,204,1922.78,0.196734,9.42538,0.32216,16.4179,1.8621,9.13998,7.27788,0.648282,-0.0305845,0.308849,0.339433,0.157559,V1 m1.5,V1,1.5,24,réouverture,10,
2024,184,1649.02,0.153491,8.96205,0.24049,13.212,3.67558,8.44377,4.76819,0.292288,0.176059,0.234174,0.0581148,0.114846,V1 m1.5,V1,1.5,24,réouverture,10,
2025,175,-265.183,-0.036981,-1.51533,0.0334435,-1.34548,-1.71703,-1.53126,0.185775,0.146418,-0.100714,0.0228521,0.123566,0.00891005,V1 m1.5,V1,1.5,24,réouverture,10,
2020,196,4453.27,0.49723,22.7207,0.598512,34.1498,8.69416,21.422,12.7278,0.876032,0.25792,0.566976,0.309056,0.320107,V1 m2,V1,2,24,cooldown,5,0.0417671
2021,201,-1104.36,-0.16105,-5.49432,-0.0325209,7.01171,-19.4484,-6.21836,13.2301,0.219027,-0.313195,-0.0470842,0.266111,-0.0231364,V1 m2,V1,2,24,cooldown,5,0.0296205
2022,176,-523.79,-0.0799855,-2.97608,0.0395069,-19.4903,16.3925,-1.54892,-17.9414,-0.375796,0.526591,0.0753973,-0.451193,-0.00568322,V1 m2,V1,2,24,cooldown,5,-0.12537
2023,192,3093.5,0.344645,16.112,0.583945,26.5117,5.26968,15.8907,10.621,1.07188,0.0752439,0.573563,0.498319,0.262977,V1 m2,V1,2,24,cooldown,5,0.0126139
2024,176,2066.59,0.202507,11.742,0.305132,14.4195,8.37802,11.3987,3.02073,0.345265,0.254708,0.299986,0.0452782,0.139401,V1 m2,V1,2,24,cooldown,5,0.0580308
2025,168,1683.75,0.167683,10.0223,0.451298,11.0528,8.74457,9.89868,1.15411,0.42311,0.486251,0.45468,-0.0315705,0.141081,V1 m2,V1,2,24,cooldown,5,-0.0561946
2020,196,3473.27,0.357675,17.7207,0.490859,29.1498,3.69416,16.422,12.7278,0.758983,0.161797,0.46039,0.298593,0.253834,V1 m2,V1,2,24,cooldown,10,0.0417671
2021,201,-2109.36,-0.241376,-10.4943,-0.101625,2.01171,-24.4484,-11.2184,13.2301,0.152159,-0.384794,-0.116317,0.268477,-0.0564821,V1 m2,V1,2,24,cooldown,10,0.0296205
2022,176,-1403.79,-0.157553,-7.97608,-0.0777651,-24.4903,11.3925,-6.54892,-17.9414,-0.496663,0.413535,-0.0415641,-0.455099,-0.051563,V1 m2,V1,2,24,cooldown,10,-0.12537
2023,192,2133.5,0.221705,11.112,0.378396,21.5117,0.26968,10.8907,10.621,0.866838,-0.130831,0.368003,0.498834,0.170648,V1 m2,V1,2,24,cooldown,10,0.0126139
2024,176,1186.59,0.101274,6.74201,0.1672,9.41948,3.37802,6.39875,3.02073,0.208465,0.115355,0.16191,0.0465553,0.0756408,V1 m2,V1,2,24,cooldown,10,0.0580308
2025,168,843.752,0.0736576,5.02233,0.272557,6.05279,3.74457,4.89868,1.15411,0.247592,0.303512,0.275552,-0.02796,0.0708277,V1 m2,V1,2,24,cooldown,10,-0.0561946
2020,199,4609.91,0.520541,23.1654,0.601026,35.709,7.66203,21.6855,14.0235,0.896508,0.235823,0.566166,0.330342,0.327648,V1 m2,V1,2,24,réouverture,5,
2021,207,-1790.47,-0.216367,-8.64962,-0.0618219,-3.07052,-14.6193,-8.84489,5.77437,0.118761,-0.255045,-0.0681423,0.186903,-0.0383847,V1 m2,V1,2,24,réouverture,5,
2022,180,-284.996,-0.0592966,-1.58331,0.0327268,-21.3864,21.0488,-0.168805,-21.2176,-0.415568,0.545064,0.0647479,-0.480316,-0.0079264,V1 m2,V1,2,24,réouverture,5,
2023,201,2943.13,0.325023,14.6424,0.524089,22.824,6.04337,14.4337,8.39033,0.934102,0.0931556,0.513629,0.420473,0.249356,V1 m2,V1,2,24,réouverture,5,
2024,182,2132.42,0.210192,11.7166,0.319661,15.4598,7.04925,11.2545,4.20526,0.367909,0.259499,0.313704,0.0542048,0.150471,V1 m2,V1,2,24,réouverture,5,
2025,174,1094.61,0.100414,6.29084,0.2128,9.85743,2.00191,5.92967,3.92776,0.344797,0.0540691,0.199433,0.145364,0.0784928,V1 m2,V1,2,24,réouverture,5,
2020,199,3614.91,0.376756,18.1654,0.493829,30.709,2.66203,16.6855,14.0235,0.780412,0.139626,0.460019,0.320393,0.260267,V1 m2,V1,2,24,réouverture,10,
2021,207,-2825.47,-0.293544,-13.6496,-0.131158,-8.07052,-19.6193,-13.8449,5.77437,0.0525971,-0.327776,-0.13759,0.190187,-0.0722858,V1 m2,V1,2,24,réouverture,10,
2022,180,-1185,-0.140321,-6.58331,-0.0835377,-26.3864,16.0488,-5.16881,-21.2176,-0.535721,0.433243,-0.0512389,-0.484482,-0.0544304,V1 m2,V1,2,24,réouverture,10,
2023,201,1938.13,0.198462,9.64241,0.313229,17.824,1.04337,9.4337,8.39033,0.716134,-0.110232,0.302951,0.413183,0.153697,V1 m2,V1,2,24,réouverture,10,
2024,182,1222.42,0.104995,6.71662,0.181708,10.4598,2.04925,6.2545,4.20526,0.230777,0.120524,0.17565,0.0551267,0.084014,V1 m2,V1,2,24,réouverture,10,
2025,174,224.606,0.00874379,1.29084,0.0343044,4.85743,-2.99809,0.929669,3.92776,0.172422,-0.131786,0.0203178,0.152104,0.00983872,V1 m2,V1,2,24,réouverture,10,
2020,196,4525.64,0.507659,23.09,0.606561,33.5992,10.1924,21.8958,11.7034,0.88532,0.264448,0.574884,0.310436,0.322719,V1 m2.5,V1,2.5,24,cooldown,5,0.0498159
2021,201,-1198.16,-0.170005,-5.96101,-0.0469873,6.81278,-20.2139,-6.70054,13.5133,0.209417,-0.33308,-0.0618317,0.271249,-0.0303296,V1 m2.5,V1,2.5,24,cooldown,5,0.0151541
2022,176,419.725,0.00682752,2.3848,0.0999351,-23.9291,33.2467,4.65884,-28.5879,-0.444654,0.73865,0.146998,-0.591652,0.0205322,V1 m2.5,V1,2.5,24,cooldown,5,-0.064942
2023,192,3189.86,0.357456,16.6139,0.61495,28.2494,4.48324,16.3663,11.8831,1.1772,0.0287798,0.602988,0.574208,0.275721,V1 m2.5,V1,2.5,24,cooldown,5,0.0436193
2024,176,1951.37,0.188503,11.0873,0.292646,13.2437,8.37802,10.8109,2.43285,0.322841,0.254708,0.288775,0.0340665,0.133121,V1 m2.5,V1,2.5,24,cooldown,5,0.0455451
2025,168,1661.99,0.165036,9.8928,0.437102,10.1742,9.54383,9.85903,0.315196,0.393487,0.491185,0.442336,-0.0488489,0.134509,V1 m2.5,V1,2.5,24,cooldown,5,-0.0703905
2020,196,3545.64,0.367136,18.09,0.498907,28.5992,5.1924,16.8958,11.7034,0.768271,0.168324,0.468298,0.299974,0.256316,V1 m2.5,V1,2.5,24,cooldown,10,0.0498159
2021,201,-2203.16,-0.249479,-10.961,-0.116091,1.81278,-25.2139,-11.7005,13.5133,0.142549,-0.404679,-0.131065,0.273614,-0.0634314,V1 m2.5,V1,2.5,24,cooldown,10,0.0151541
2022,176,-460.275,-0.07802,-2.6152,-0.017337,-28.9291,28.2467,-0.341163,-28.5879,-0.565521,0.625595,0.0300369,-0.595558,-0.0265516,V1 m2.5,V1,2.5,24,cooldown,10,-0.064942
2023,192,2229.86,0.233351,11.6139,0.409401,23.2494,-0.516762,11.3663,11.8831,0.972151,-0.177295,0.397428,0.574723,0.182467,V1 m2.5,V1,2.5,24,cooldown,10,0.0436193
2024,176,1071.37,0.0884424,6.08733,0.154714,8.24371,3.37802,5.81087,2.43285,0.186042,0.115355,0.150698,0.0353436,0.0697107,V1 m2.5,V1,2.5,24,cooldown,10,0.0455451
2025,168,821.991,0.0712231,4.8928,0.258361,5.17423,4.54383,4.85903,0.315196,0.217969,0.308446,0.263208,-0.0452383,0.064656,V1 m2.5,V1,2.5,24,cooldown,10,-0.0703905
2020,199,4711.56,0.53562,23.6762,0.612181,35.4345,9.14344,22.289,13.1455,0.911467,0.242277,0.576872,0.334595,0.332413,V1 m2.5,V1,2.5,24,réouverture,5,
2021,207,-1884.28,-0.224732,-9.10278,-0.075869,-3.2676,-15.3464,-9.30701,6.03942,0.10924,-0.273936,-0.0823478,0.191588,-0.0454656,V1 m2.5,V1,2.5,24,réouverture,5,
2022,180,877.713,0.0522278,4.87619,0.117014,-23.7773,38.3628,7.29274,-31.07,-0.4376,0.765176,0.163788,-0.601388,0.0293029,V1 m2.5,V1,2.5,24,réouverture,5,
2023,198,3036.99,0.337334,15.3384,0.567312,25.334,4.9305,15.1323,10.2018,1.0818,0.0316054,0.556704,0.525099,0.261667,V1 m2.5,V1,2.5,24,réouverture,5,
2024,182,1946.02,0.187585,10.6924,0.300849,14.3189,6.17051,10.2447,4.07421,0.346152,0.244361,0.295256,0.0508952,0.140622,V1 m2.5,V1,2.5,24,réouverture,5,
2025,174,1045.02,0.0948652,6.00587,0.189442,8.99736,2.40849,5.70293,3.29443,0.315798,0.0374944,0.176646,0.139152,0.0692972,V1 m2.5,V1,2.5,24,réouverture,5,
2020,199,3716.56,0.390416,18.6762,0.504769,30.4345,4.14344,17.289,13.1455,0.794982,0.146079,0.470531,0.324451,0.264656,V1 m2.5,V1,2.5,24,réouverture,10,
2021,207,-2919.28,-0.301089,-14.1028,-0.145205,-8.2676,-20.3464,-14.307,6.03942,0.0430767,-0.346667,-0.151795,0.194872,-0.0791187,V1 m2.5,V1,2.5,24,réouverture,10,
2022,180,-22.2867,-0.038351,-0.123815,0.00020385,-28.7773,33.3628,2.29274,-31.07,-0.558081,0.652657,0.0472881,-0.605369,-0.0191319,V1 m2.5,V1,2.5,24,réouverture,10,
2023,198,2046.99,0.211419,10.3384,0.361728,20.334,-0.0694957,10.1323,10.2018,0.874028,-0.171697,0.351165,0.522862,0.166821,V1 m2.5,V1,2.5,24,réouverture,10,
2024,182,1036.02,0.0843428,5.69243,0.162897,9.31892,1.17051,5.24471,4.07421,0.20902,0.105386,0.157203,0.0518171,0.0747322,V1 m2.5,V1,2.5,24,réouverture,10,
2025,174,175.021,0.00365467,1.00587,0.0109461,3.99736,-2.59151,0.702929,3.29443,0.143422,-0.148361,-0.00246916,0.145891,0.00122347,V1 m2.5,V1,2.5,24,réouverture,10,
2020,196,4391.55,0.487426,22.4059,0.597456,33.67,8.58166,21.1258,12.5442,0.888469,0.240305,0.564387,0.324082,0.3167,V1 m3,V1,3,24,cooldown,5,0.0407111
2021,201,-1551.01,-0.199008,-7.71647,-0.0748994,3.48403,-20.2139,-8.36492,11.8489,0.156489,-0.33308,-0.0882956,0.244785,-0.0438711,V1 m3,V1,3,24,cooldown,5,-0.012758
2022,176,515.826,0.0152361,2.93083,0.159473,-19.8353,29.6319,4.89827,-24.7336,-0.279056,0.673797,0.197371,-0.476427,0.0465823,V1 m3,V1,3,24,cooldown,5,-0.00540411
2023,192,3179.18,0.355978,16.5582,0.612844,28.6305,3.97223,16.3014,12.3292,1.18493,0.0164183,0.600672,0.584254,0.274564,V1 m3,V1,3,24,cooldown,5,0.0415131
2024,176,1562.92,0.143032,8.88021,0.236118,9.84546,7.66747,8.75646,1.089,0.234912,0.237633,0.236272,-0.00136046,0.105209,V1 m3,V1,3,24,cooldown,5,-0.0109833
2025,168,1727.05,0.172484,10.28,0.444153,11.6571,8.57247,10.1148,1.54232,0.430426,0.461174,0.4458,-0.0153736,0.138424,V1 m3,V1,3,24,cooldown,5,-0.0633397
2020,196,3411.55,0.348779,17.4059,0.489803,28.67,3.58166,16.1258,12.5442,0.77142,0.144182,0.457801,0.313619,0.250599,V1 m3,V1,3,24,cooldown,10,0.0407111
2021,201,-2556.01,-0.275718,-12.7165,-0.144003,-1.51597,-25.2139,-13.3649,11.8489,0.0896214,-0.404679,-0.157529,0.24715,-0.0765135,V1 m3,V1,3,24,cooldown,10,-0.012758
2022,176,-364.174,-0.0703167,-2.06917,0.0422009,-24.8353,24.6319,-0.101725,-24.7336,-0.399923,0.560742,0.0804092,-0.480333,-0.00168811,V1 m3,V1,3,24,cooldown,10,-0.00540411
2023,192,2219.18,0.232007,11.5582,0.407295,23.6305,-1.02777,11.3014,12.3292,0.979881,-0.189657,0.395112,0.584769,0.181393,V1 m3,V1,3,24,cooldown,10,0.0415131
2024,176,682.917,0.0467789,3.88021,0.0981861,4.84546,2.66747,3.75646,1.089,0.0981122,0.0982789,0.0981956,-8.33567e-05,0.0433523,V1 m3,V1,3,24,cooldown,10,-0.0109833
2025,168,887.045,0.0780746,5.28003,0.265412,6.6571,3.57247,5.11478,1.54232,0.254909,0.278435,0.266672,-0.0117631,0.0683303,V1 m3,V1,3,24,cooldown,10,-0.0633397
2020,199,4577.46,0.515012,23.0023,0.603213,35.504,7.5508,21.5274,13.9766,0.914558,0.218406,0.566482,0.348076,0.32635,V1 m3,V1,3,24,réouverture,5,
2021,206,-2430.07,-0.265985,-11.7965,-0.122482,-6.56524,-17.4504,-12.0078,5.44259,0.0568073,-0.316258,-0.129726,0.186533,-0.0679207,V1 m3,V1,3,24,réouverture,5,
2022,180,973.814,0.0610155,5.41008,0.175229,-19.7679,34.835,7.53353,-27.3015,-0.275417,0.701886,0.213235,-0.488652,0.0555769,V1 m3,V1,3,24,réouverture,5,
2023,197,2853.53,0.313081,14.4849,0.538885,24.8626,3.78628,14.3245,10.5382,1.06557,-0.00409194,0.530741,0.534833,0.242538,V1 m3,V1,3,24,réouverture,5,
2024,181,1628.75,0.150337,8.9986,0.254319,11.0216,6.44457,8.73309,2.28851,0.260834,0.246094,0.253464,0.00736978,0.115947,V1 m3,V1,3,24,réouverture,5,
2025,173,1182.44,0.109897,6.83493,0.212267,10.449,2.43315,6.44109,4.00793,0.35196,0.0421279,0.197044,0.154916,0.0799383,V1 m3,V1,3,24,réouverture,5,
2020,199,3582.46,0.371747,18.0023,0.495802,30.504,2.5508,16.5274,13.9766,0.798073,0.122208,0.46014,0.337932,0.2589,V1 m3,V1,3,24,réouverture,10,
2021,206,-3460.07,-0.337967,-16.7965,-0.191662,-11.5652,-22.4504,-17.0078,5.44259,-0.00935635,-0.388699,-0.199028,0.189671,-0.100559,V1 m3,V1,3,24,réouverture,10,
2022,180,73.8144,-0.0303163,0.41008,0.0584187,-24.7679,29.835,2.53353,-27.3015,-0.395898,0.589367,0.0967346,-0.492632,0.00592106,V1 m3,V1,3,24,réouverture,10,
2023,197,1868.53,0.190034,9.48494,0.332896,19.8626,-1.21372,9.32446,10.5382,0.856977,-0.207394,0.324791,0.532185,0.149483,V1 m3,V1,3,24,réouverture,10,
2024,181,723.747,0.0508413,3.9986,0.11608,6.0216,1.44457,3.73309,2.28851,0.123702,0.106458,0.11508,0.00862188,0.0517006,V1 m3,V1,3,24,réouverture,10,
2025,173,317.443,0.0179496,1.83493,0.0337677,5.44902,-2.56685,1.44109,4.00793,0.179584,-0.143829,0.0178774,0.161707,0.0116406,V1 m3,V1,3,24,réouverture,10,
2020,196,4124.39,0.447916,21.0428,0.579432,32.495,6.98784,19.7414,12.7536,0.872259,0.220053,0.546156,0.326103,0.305089,V1 m4,V1,4,24,cooldown,5,0.0226867
2021,201,-1322.43,-0.181244,-6.57925,-0.0768325,2.44636,-16.6499,-7.10178,9.54815,0.143,-0.322119,-0.0895596,0.232559,-0.0448751,V1 m4,V1,4,24,cooldown,5,-0.0146911
2022,176,570.149,0.0207568,3.23948,0.165006,-19.6777,30.1177,5.21998,-24.8977,-0.273542,0.679352,0.202905,-0.476447,0.0491317,V1 m4,V1,4,24,cooldown,5,0.000128929
2023,192,3359.93,0.380257,17.4996,0.623041,27.2251,7.36033,17.2927,9.9324,1.13186,0.0925687,0.612215,0.519647,0.282473,V1 m4,V1,4,24,cooldown,5,0.0517103
2024,176,1728,0.161824,9.8182,0.256232,9.65009,10.0294,9.83975,-0.189654,0.231513,0.287289,0.259401,-0.0278881,0.114972,V1 m4,V1,4,24,cooldown,5,0.00913098
2025,168,1929.52,0.196264,11.4852,0.48339,12.902,9.72852,11.3152,1.58672,0.469585,0.500509,0.485047,-0.0154619,0.160095,V1 m4,V1,4,24,cooldown,5,-0.0241022
2020,196,3144.39,0.312935,16.0428,0.471778,27.495,1.98784,14.7414,12.7536,0.75521,0.12393,0.43957,0.31564,0.239568,V1 m4,V1,4,24,cooldown,10,0.0226867
2021,201,-2327.43,-0.259647,-11.5792,-0.145936,-2.55364,-21.6499,-12.1018,9.54815,0.0761318,-0.393718,-0.158793,0.234925,-0.0774847,V1 m4,V1,4,24,cooldown,10,-0.0146911
2022,176,-309.851,-0.0652587,-1.76052,0.0477339,-24.6777,25.1177,0.219982,-24.8977,-0.394409,0.566297,0.0859439,-0.480353,0.000744479,V1 m4,V1,4,24,cooldown,10,0.000128929
2023,192,2399.93,0.254078,12.4996,0.417492,22.2251,2.36033,12.2927,9.9324,0.926817,-0.113506,0.406656,0.520162,0.188725,V1 m4,V1,4,24,cooldown,10,0.0517103
2024,176,848.002,0.0639971,4.8182,0.1183,4.65009,5.0294,4.83975,-0.189654,0.0947134,0.147935,0.121324,-0.026611,0.0525714,V1 m4,V1,4,24,cooldown,10,0.00913098
2025,168,1089.52,0.0999502,6.48524,0.304649,7.90195,4.72852,6.31523,1.58672,0.294067,0.31777,0.305919,-0.0118513,0.0886773,V1 m4,V1,4,24,cooldown,10,-0.0241022
2020,199,4310.31,0.474769,21.6598,0.585461,34.3504,5.97489,20.1626,14.1877,0.898643,0.198382,0.548512,0.350131,0.314653,V1 m4,V1,4,24,réouverture,5,
2021,206,-2157.6,-0.246399,-10.4738,-0.11996,-7.5932,-13.5871,-10.5902,2.99697,0.0434437,-0.296568,-0.126562,0.170006,-0.0667811,V1 m4,V1,4,24,réouverture,5,
2022,180,1028.14,0.0667852,5.71187,0.180639,-19.6136,35.3091,7.84776,-27.4614,-0.270016,0.707308,0.218646,-0.488662,0.0581483,V1 m4,V1,4,24,réouverture,5,
2023,197,3465.4,0.394939,17.5908,0.587822,26.2917,8.43679,17.3643,8.92747,1.0603,0.0907366,0.575518,0.484781,0.274379,V1 m4,V1,4,24,réouverture,5,
2024,179,1719.18,0.160882,9.60435,0.255863,10.3744,8.60719,9.49081,0.883621,0.242819,0.272754,0.257786,-0.0149678,0.11534,V1 m4,V1,4,24,réouverture,5,
2025,173,1384.92,0.132407,8.0053,0.25037,11.6677,3.54474,7.6062,4.06146,0.390294,0.0799502,0.235122,0.155172,0.100497,V1 m4,V1,4,24,réouverture,5,
2020,199,3315.31,0.335292,16.6598,0.478049,29.3504,0.974885,15.1626,14.1877,0.782158,0.102184,0.442171,0.339987,0.247797,V1 m4,V1,4,24,réouverture,10,
2021,206,-3187.6,-0.320293,-15.4738,-0.18914,-12.5932,-18.5871,-15.5902,2.99697,-0.0227199,-0.369009,-0.195865,0.173145,-0.0994603,V1 m4,V1,4,24,réouverture,10,
2022,180,128.137,-0.0250406,0.711873,0.0638288,-24.6136,30.3091,2.84776,-27.4614,-0.390497,0.594788,0.102145,-0.492643,0.00837219,V1 m4,V1,4,24,réouverture,10,
2023,197,2480.4,0.264259,12.5908,0.381756,21.2917,3.43679,12.3643,8.92747,0.852842,-0.113866,0.369488,0.483354,0.178901,V1 m4,V1,4,24,réouverture,10,
2024,179,824.178,0.0615403,4.60435,0.117304,5.37443,3.60719,4.49081,0.883621,0.105687,0.132347,0.119017,-0.01333,0.0517026,V1 m4,V1,4,24,réouverture,10,
2025,173,519.918,0.0386052,3.0053,0.0718711,6.66766,-1.45526,2.6062,4.06146,0.217918,-0.106007,0.0559557,0.161963,0.0309079,V1 m4,V1,4,24,réouverture,10,
2020,196,2567.06,0.256945,13.0972,0.310235,20.8665,3.5622,12.2144,8.65217,0.454036,0.133752,0.293894,0.160142,0.152361,V2 m1,V2,1,24,cooldown,5,-0.246511
2021,201,178.025,-0.0423083,0.885697,-0.038678,-1.22214,3.2376,1.00773,-2.22987,0.124449,-0.220693,-0.0481222,0.172571,-0.0252857,V2 m1,V2,1,24,cooldown,5,0.0234634
2022,176,225.651,-0.00996033,1.28211,0.179396,-19.8356,26.0498,3.10709,-22.9427,-0.221691,0.649808,0.214058,-0.43575,0.0563723,V2 m1,V2,1,24,cooldown,5,0.0145192
2023,192,1407.5,0.140359,7.33073,0.24522,2.87535,11.9757,7.42552,-4.55017,0.171918,0.321642,0.24678,-0.0748621,0.112178,V2 m1,V2,1,24,cooldown,5,-0.326111
2024,176,1837.66,0.178512,10.4413,0.266517,12.0012,8.48136,10.2413,1.75992,0.303321,0.220276,0.261798,0.0415224,0.121178,V2 m1,V2,1,24,cooldown,5,0.0194158
2025,168,1505.15,0.149225,8.95925,0.320404,7.23185,11.1012,9.16653,-1.93468,0.257005,0.399018,0.328011,-0.0710065,0.108111,V2 m1,V2,1,24,cooldown,5,-0.187089
2020,196,1587.06,0.139694,8.09724,0.202581,15.8665,-1.4378,7.21437,8.65217,0.336987,0.0376283,0.187307,0.149679,0.0944566,V2 m1,V2,1,24,cooldown,10,-0.246511
2021,201,-826.975,-0.133944,-4.1143,-0.107782,-6.22214,-1.7624,-3.99227,-2.22987,0.0575812,-0.292292,-0.117356,0.174937,-0.0585637,V2 m1,V2,1,24,cooldown,10,0.0234634
2022,176,-654.349,-0.0933996,-3.71789,0.0621242,-24.8356,21.0498,-1.89291,-22.9427,-0.342559,0.536753,0.0970969,-0.439656,0.00765846,V2 m1,V2,1,24,cooldown,10,0.0145192
2023,192,447.5,0.0360135,2.33073,0.0396712,-2.12465,6.97569,2.42552,-4.55017,-0.0331271,0.115567,0.0412201,-0.0743471,0.0308236,V2 m1,V2,1,24,cooldown,10,-0.326111
2024,176,957.664,0.0792893,5.44127,0.128585,7.0012,3.48136,5.24128,1.75992,0.166521,0.0809221,0.123722,0.0427995,0.0584295,V2 m1,V2,1,24,cooldown,10,0.0194158
2025,168,665.153,0.0566788,3.95925,0.141662,2.23185,6.10121,4.16653,-1.93468,0.0814874,0.216279,0.148883,-0.067396,0.03987,V2 m1,V2,1,24,cooldown,10,-0.187089
2020,211,3640.6,0.397968,17.254,0.347832,29.7172,2.32419,16.0207,13.6965,0.56562,0.0869414,0.326281,0.239339,0.189146,V2 m1,V2,1,24,réouverture,5,
2021,227,-214.651,-0.0867251,-0.945599,-0.00983346,0.608158,-2.59823,-0.995037,1.60319,0.193235,-0.225825,-0.0162947,0.20953,-0.0125121,V2 m1,V2,1,24,réouverture,5,
2022,192,-704.974,-0.103121,-3.67174,0.0282702,-23.7963,20.1119,-1.84223,-21.9541,-0.357125,0.483738,0.0633062,-0.420432,-0.0189839,V2 m1,V2,1,24,réouverture,5,
2023,214,1677.25,0.170873,7.8376,0.159365,3.65663,12.0975,7.87704,-4.22042,0.117212,0.202313,0.159763,-0.0425505,0.102052,V2 m1,V2,1,24,réouverture,5,
2024,189,2010.59,0.197635,10.638,0.267884,13.1519,7.42754,10.2897,2.86217,0.328471,0.190507,0.259489,0.0689818,0.132498,V2 m1,V2,1,24,réouverture,5,
2025,186,1330.83,0.129071,7.15502,0.201131,6.0793,8.58035,7.32982,-1.25053,0.115855,0.314121,0.214988,-0.0991326,0.0809593,V2 m1,V2,1,24,réouverture,5,
2020,211,2585.6,0.258155,12.254,0.241952,24.7172,-2.67581,11.0207,13.6965,0.451101,-0.00858984,0.221255,0.229845,0.125901,V2 m1,V2,1,24,réouverture,10,
2021,227,-1349.65,-0.184804,-5.9456,-0.0786802,-4.39184,-7.59823,-5.99504,1.60319,0.127522,-0.298005,-0.0852412,0.212763,-0.0503581,V2 m1,V2,1,24,réouverture,10,
2022,192,-1664.97,-0.185297,-8.67174,-0.0909233,-28.7963,15.1119,-6.84223,-21.9541,-0.478713,0.367374,-0.0556697,-0.423044,-0.0688598,V2 m1,V2,1,24,réouverture,10,
2023,214,607.247,0.0521091,2.8376,-0.0510054,-1.34337,7.09746,2.87704,-4.22042,-0.0969217,-0.00422269,-0.0505722,-0.0463495,0.012202,V2 m1,V2,1,24,réouverture,10,
2024,189,1065.59,0.089703,5.63802,0.128111,8.15189,2.42754,5.28971,2.86217,0.190773,0.0480861,0.119429,0.0713434,0.0640074,V2 m1,V2,1,24,réouverture,10,
2025,186,400.833,0.028835,2.15502,0.0169709,1.0793,3.58035,2.32982,-1.25053,-0.0640679,0.124347,0.0301397,-0.0942077,0.00710192,V2 m1,V2,1,24,réouverture,10,
2020,196,5234.07,0.628854,26.7045,0.571458,38.3897,12.3635,25.3766,13.0131,0.812436,0.275712,0.544074,0.268362,0.308768,V2 m1.5,V2,1.5,24,cooldown,5,0.0147125
2021,201,-308.563,-0.0924268,-1.53514,-0.0854807,2.35126,-5.87155,-1.76014,4.1114,0.153002,-0.351577,-0.0992875,0.252289,-0.0485117,V2 m1.5,V2,1.5,24,cooldown,5,-0.0233393
2022,176,664.587,0.0331373,3.77606,0.241146,-20.4232,32.1579,5.86736,-26.2905,-0.226544,0.78967,0.281563,-0.508107,0.0823982,V2 m1.5,V2,1.5,24,cooldown,5,0.0762684
2023,192,1527.42,0.152589,7.95531,0.278107,7.37744,8.55777,7.96761,-0.590168,0.280938,0.275156,0.278047,0.002891,0.1312,V2 m1.5,V2,1.5,24,cooldown,5,-0.293224
2024,176,2078.2,0.205742,11.808,0.293995,13.9228,9.15085,11.5368,2.38597,0.368117,0.200867,0.284492,0.0836252,0.134366,V2 m1.5,V2,1.5,24,cooldown,5,0.0468939
2025,168,1793.75,0.180673,10.6771,0.474798,5.59106,16.9837,11.2874,-5.69634,0.218084,0.793122,0.505603,-0.287519,0.146759,V2 m1.5,V2,1.5,24,cooldown,5,-0.0326947
2020,196,4254.07,0.477097,21.7045,0.463804,33.3897,7.36353,20.3766,13.0131,0.695387,0.179589,0.437488,0.257899,0.243046,V2 m1.5,V2,1.5,24,cooldown,10,0.0147125
2021,201,-1313.56,-0.179292,-6.53514,-0.154585,-2.64874,-10.8715,-6.76014,4.1114,0.0861342,-0.423176,-0.168521,0.254655,-0.0810012,V2 m1.5,V2,1.5,24,cooldown,10,-0.0233393
2022,176,-215.413,-0.0539146,-1.22394,0.123873,-25.4232,27.1579,0.867356,-26.2905,-0.347411,0.676615,0.164602,-0.512013,0.0324925,V2 m1.5,V2,1.5,24,cooldown,10,0.0762684
2023,192,567.42,0.0471295,2.95531,0.0725577,2.37744,3.55777,2.96761,-0.590168,0.0758927,0.0690808,0.0724868,0.00340597,0.0484609,V2 m1.5,V2,1.5,24,cooldown,10,-0.293224
2024,176,1198.2,0.104239,6.80795,0.156063,8.92279,4.15085,6.53682,2.38597,0.231318,0.061513,0.146415,0.0849023,0.0708837,V2 m1.5,V2,1.5,24,cooldown,10,0.0468939
2025,168,953.748,0.0856075,5.67707,0.296057,0.591057,11.9837,6.2874,-5.69634,0.0425669,0.610384,0.326475,-0.283908,0.0761575,V2 m1.5,V2,1.5,24,cooldown,10,-0.0326947
2020,206,5623.67,0.693205,27.2994,0.564443,41.2829,9.97194,25.6274,15.6555,0.852219,0.207852,0.530035,0.322183,0.322875,V2 m1.5,V2,1.5,24,réouverture,5,
2021,216,-321.33,-0.0963605,-1.48764,-0.074289,3.27406,-6.71163,-1.71879,4.99285,0.185634,-0.359448,-0.0869067,0.272541,-0.0461789,V2 m1.5,V2,1.5,24,réouverture,5,
2022,188,507.73,0.0124645,2.70069,0.18756,-17.5688,25.7342,4.0827,-21.6515,-0.186365,0.612474,0.213055,-0.399419,0.0545157,V2 m1.5,V2,1.5,24,réouverture,5,
2023,204,1583.25,0.158524,7.76103,0.181537,6.58624,8.93583,7.76103,-1.17479,0.210263,0.152811,0.181537,0.028726,0.107416,V2 m1.5,V2,1.5,24,réouverture,5,
2024,184,2159.16,0.214581,11.7345,0.277792,14.4901,8.23061,11.3603,3.12972,0.356919,0.177173,0.267046,0.089873,0.133402,V2 m1.5,V2,1.5,24,réouverture,5,
2025,179,1690.16,0.166455,9.44225,0.274858,8.53176,10.569,9.55037,-1.01862,0.195962,0.372492,0.284227,-0.088265,0.107874,V2 m1.5,V2,1.5,24,réouverture,5,
2020,206,4593.67,0.527822,22.2994,0.458131,36.2829,4.97194,20.6274,15.6555,0.737128,0.112417,0.424772,0.312356,0.253935,V2 m1.5,V2,1.5,24,réouverture,10,
2021,216,-1401.33,-0.188959,-6.48764,-0.143338,-1.72594,-11.7116,-6.71879,4.99285,0.11967,-0.431881,-0.156106,0.275776,-0.0811054,V2 m1.5,V2,1.5,24,réouverture,10,
2022,188,-432.27,-0.0784045,-2.29931,0.0684691,-22.5688,20.7342,-0.917301,-21.6515,-0.307856,0.496111,0.0941276,-0.401983,0.00216873,V2 m1.5,V2,1.5,24,réouverture,10,
2023,204,563.25,0.0462257,2.76103,-0.0265734,1.58624,3.93583,2.76103,-1.17479,0.00197922,-0.055126,-0.0265734,0.0285526,0.0214594,V2 m1.5,V2,1.5,24,réouverture,10,
2024,184,1239.16,0.107896,6.73454,0.138424,9.49006,3.23061,6.36034,3.12972,0.218299,0.0368542,0.127577,0.0907226,0.0666438,V2 m1.5,V2,1.5,24,réouverture,10,
2025,179,795.163,0.0666427,4.44225,0.0952691,3.53176,5.56899,4.55037,-1.01862,0.024603,0.182718,0.103661,-0.0790577,0.0353742,V2 m1.5,V2,1.5,24,réouverture,10,
2020,196,4511.97,0.511531,23.0202,0.568946,36.6708,6.26725,21.469,15.2018,0.873938,0.194637,0.534287,0.33965,0.299137,V2 m2,V2,2,24,cooldown,5,0.0122002
2021,201,-757.844,-0.134516,-3.77037,-0.0811872,3.81558,-12.2347,-4.20956,8.02514,0.176039,-0.368198,-0.0960792,0.272119,-0.0466706,V2 m2,V2,2,24,cooldown,5,-0.0190458
2022,176,375.464,0.000855109,2.13332,0.220478,-20.9276,29.1801,4.12623,-25.0538,-0.233278,0.752661,0.259692,-0.492969,0.0702079,V2 m2,V2,2,24,cooldown,5,0.0556011
2023,192,2802.96,0.307164,14.5988,0.48118,20.07,8.89474,14.4823,5.58761,0.660111,0.294634,0.477373,0.182738,0.237275,V2 m2,V2,2,24,cooldown,5,-0.090151
2024,176,2234.22,0.224051,12.6944,0.327729,15.2542,9.47827,12.3663,2.88798,0.402872,0.233318,0.318095,0.0847769,0.151079,V2 m2,V2,2,24,cooldown,5,0.0806279
2025,168,1733.73,0.173562,10.3198,0.447334,6.21389,15.4112,10.8125,-4.59864,0.23864,0.706114,0.472377,-0.233737,0.14119,V2 m2,V2,2,24,cooldown,5,-0.0601586
2020,196,3531.97,0.370652,18.0202,0.461292,31.6708,1.26725,16.469,15.2018,0.756889,0.0985137,0.427701,0.329187,0.233907,V2 m2,V2,2,24,cooldown,10,0.0122002
2021,201,-1762.84,-0.217372,-8.77037,-0.150291,-1.18442,-17.2347,-9.20956,8.02514,0.109172,-0.439797,-0.165313,0.274484,-0.0792205,V2 m2,V2,2,24,cooldown,10,-0.0190458
2022,176,-504.536,-0.0834925,-2.86668,0.103206,-25.9276,24.1801,-0.873766,-25.0538,-0.354145,0.639606,0.14273,-0.496875,0.0208617,V2 m2,V2,2,24,cooldown,10,0.0556011
2023,192,1842.96,0.187635,9.59876,0.275631,15.07,3.89474,9.48235,5.58761,0.455067,0.0885597,0.271813,0.183253,0.146816,V2 m2,V2,2,24,cooldown,10,-0.090151
2024,176,1354.22,0.121015,7.69443,0.189797,10.2542,4.47827,7.36625,2.88798,0.266072,0.0939644,0.180018,0.086054,0.0866688,V2 m2,V2,2,24,cooldown,10,0.0806279
2025,168,893.73,0.0790663,5.31982,0.268593,1.21389,10.4112,5.81253,-4.59864,0.0631228,0.523375,0.293249,-0.230126,0.0709285,V2 m2,V2,2,24,cooldown,10,-0.0601586
2020,202,4852.64,0.563966,24.023,0.571301,37.7938,6.88603,22.3399,15.4539,0.887149,0.178246,0.532697,0.354451,0.31194,V2 m2,V2,2,24,réouverture,5,
2021,210,-1574.38,-0.202665,-7.49706,-0.12512,-4.87093,-10.3858,-7.62837,2.75744,0.0842201,-0.355395,-0.135587,0.219807,-0.0702071,V2 m2,V2,2,24,réouverture,5,
2022,181,756.568,0.037944,4.17993,0.220806,-20.8377,33.0693,6.11582,-26.9535,-0.230582,0.742052,0.255735,-0.486317,0.0731661,V2 m2,V2,2,24,réouverture,5,
2023,200,3085.01,0.344268,15.425,0.45346,18.781,11.9321,15.3565,3.42447,0.574567,0.327409,0.450988,0.123579,0.238128,V2 m2,V2,2,24,réouverture,5,
2024,181,2595.87,0.268798,14.3418,0.371765,16.3381,11.8215,14.0798,2.25833,0.429932,0.29833,0.364131,0.0658007,0.179242,V2 m2,V2,2,24,réouverture,5,
2025,174,1244.59,0.117072,7.15281,0.219906,5.6448,9.00883,7.32682,-1.68202,0.17299,0.277647,0.225319,-0.0523284,0.0852871,V2 m2,V2,2,24,réouverture,5,
2020,202,3842.64,0.413974,19.023,0.464324,32.7938,1.88603,17.3399,15.4539,0.771172,0.0824683,0.42682,0.344352,0.244484,V2 m2,V2,2,24,réouverture,10,
2021,210,-2624.38,-0.282265,-12.4971,-0.194316,-9.87093,-15.3858,-12.6284,2.75744,0.0180955,-0.427969,-0.204937,0.223032,-0.103396,V2 m2,V2,2,24,réouverture,10,
2022,181,-148.432,-0.0518866,-0.820068,0.103811,-25.8377,28.0693,1.11582,-26.9535,-0.351063,0.629082,0.139009,-0.490073,0.0223101,V2 m2,V2,2,24,réouverture,10,
2023,200,2085.01,0.216486,10.425,0.247672,13.781,6.93207,10.3565,3.42447,0.366283,0.124219,0.245251,0.121032,0.144004,V2 m2,V2,2,24,réouverture,10,
2024,181,1690.87,0.159114,9.34183,0.232767,11.3381,6.82148,9.07982,2.25833,0.291976,0.158015,0.224995,0.0669806,0.11111,V2 m2,V2,2,24,réouverture,10,
2025,174,374.59,0.0240221,2.15281,0.0419501,0.644798,4.00883,2.32682,-1.68202,0.00153626,0.0916902,0.0466132,-0.045077,0.0164407,V2 m2,V2,2,24,réouverture,10,
2020,196,4492.46,0.507224,22.9207,0.55039,37.9694,4.4519,21.2107,16.7588,0.865298,0.163911,0.514605,0.350693,0.286789,V2 m2.5,V2,2.5,24,cooldown,5,-0.00635574
2021,201,-649.602,-0.126372,-3.23185,-0.0707931,3.40732,-10.6398,-3.61623,7.02355,0.166642,-0.33572,-0.0845393,0.251181,-0.0418412,V2 m2.5,V2,2.5,24,cooldown,5,-0.00865177
2022,176,404.055,0.00370507,2.29577,0.223366,-20.9276,29.533,4.30272,-25.2303,-0.233278,0.758935,0.262829,-0.496107,0.0715659,V2 m2.5,V2,2.5,24,cooldown,5,0.0584887
2023,192,2509.84,0.26877,13.0721,0.442787,21.084,4.71925,12.9016,8.18237,0.70043,0.174179,0.437305,0.263125,0.21779,V2 m2.5,V2,2.5,24,cooldown,5,-0.128544
2024,176,2047.7,0.201353,11.6347,0.304077,14.322,8.25827,11.2901,3.03188,0.387203,0.199636,0.29342,0.0937836,0.139603,V2 m2.5,V2,2.5,24,cooldown,5,0.0569763
2025,168,2064.43,0.212252,12.2883,0.482953,7.91441,17.7118,12.8131,-4.89871,0.318852,0.686439,0.502645,-0.183794,0.162179,V2 m2.5,V2,2.5,24,cooldown,5,-0.0245394
2020,196,3512.46,0.366743,17.9207,0.442736,32.9694,-0.548103,16.2107,16.7588,0.748249,0.067788,0.408018,0.34023,0.222177,V2 m2.5,V2,2.5,24,cooldown,10,-0.00635574
2021,201,-1654.6,-0.210005,-8.23185,-0.139897,-1.59268,-15.6398,-8.61623,7.02355,0.0997739,-0.407319,-0.153773,0.253547,-0.0745548,V2 m2.5,V2,2.5,24,cooldown,10,-0.00865177
2022,176,-475.945,-0.0808814,-2.70423,0.106094,-25.9276,24.533,-0.697276,-25.2303,-0.354145,0.64588,0.145867,-0.500012,0.0221575,V2 m2.5,V2,2.5,24,cooldown,10,0.0584887
2023,192,1549.84,0.152735,8.07209,0.237238,16.084,-0.280749,7.90162,8.18237,0.495385,-0.0318954,0.231745,0.26364,0.128749,V2 m2.5,V2,2.5,24,cooldown,10,-0.128544
2024,176,1167.7,0.100217,6.63468,0.166146,9.32202,3.25827,6.29014,3.03188,0.250404,0.0602827,0.155343,0.0950607,0.0758318,V2 m2.5,V2,2.5,24,cooldown,10,0.0569763
2025,168,1224.43,0.114659,7.28825,0.304212,2.91441,12.7118,7.81312,-4.89871,0.143334,0.5037,0.323517,-0.180183,0.0906311,V2 m2.5,V2,2.5,24,cooldown,10,-0.0245394
2020,202,4616.91,0.526086,22.856,0.530898,37.1154,5.11102,21.1132,16.0022,0.83842,0.148203,0.493311,0.345109,0.284839,V2 m2.5,V2,2.5,24,réouverture,5,
2021,208,-1327.11,-0.183815,-6.38033,-0.104815,-5.31263,-7.55589,-6.43426,1.12163,0.0758539,-0.303734,-0.11394,0.189794,-0.0598929,V2 m2.5,V2,2.5,24,réouverture,5,
2022,181,785.159,0.0408996,4.3379,0.223614,-20.8377,33.4097,6.28601,-27.1237,-0.230582,0.748102,0.25876,-0.489342,0.074528,V2 m2.5,V2,2.5,24,réouverture,5,
2023,199,2798.42,0.305637,14.0624,0.419793,19.7553,8.07611,13.9157,5.83958,0.613305,0.216306,0.414805,0.1985,0.219295,V2 m2.5,V2,2.5,24,réouverture,5,
2024,180,2277.42,0.229167,12.6523,0.340491,15.4336,9.09649,12.2651,3.16857,0.414729,0.24558,0.330154,0.0845745,0.159233,V2 m2.5,V2,2.5,24,réouverture,5,
2025,174,1575.29,0.1539,9.05337,0.254297,7.29217,11.221,9.25659,-1.96441,0.250695,0.258729,0.254712,-0.00401704,0.105248,V2 m2.5,V2,2.5,24,réouverture,5,
2020,202,3606.91,0.37971,17.856,0.42391,32.1154,0.111019,16.1132,16.0022,0.722425,0.0524254,0.387425,0.335,0.218764,V2 m2.5,V2,2.5,24,réouverture,10,
2021,208,-2367.11,-0.264553,-11.3803,-0.173837,-10.3126,-12.5559,-11.4343,1.12163,0.00993719,-0.376175,-0.183119,0.193056,-0.0930522,V2 m2.5,V2,2.5,24,réouverture,10,
2022,181,-119.841,-0.0491855,-0.662105,0.106619,-25.8377,28.4097,1.28601,-27.1237,-0.351063,0.635132,0.142034,-0.493098,0.0236077,V2 m2.5,V2,2.5,24,réouverture,10,
2023,199,1803.42,0.182101,9.06242,0.21381,14.7553,3.07611,8.9157,5.83958,0.405021,0.0127433,0.208882,0.196139,0.127068,V2 m2.5,V2,2.5,24,réouverture,10,
2024,180,1377.42,0.123452,7.65233,0.201496,10.4336,4.09649,7.26506,3.16857,0.276773,0.105255,0.191014,0.0857587,0.092633,V2 m2.5,V2,2.5,24,réouverture,10,
2025,174,705.287,0.0577988,4.05337,0.0763411,2.29217,6.221,4.25659,-1.96441,0.0792409,0.0727721,0.0760065,0.00323443,0.0351409,V2 m2.5,V2,2.5,24,réouverture,10,
2020,196,4559.17,0.517254,23.2611,0.564193,38.2864,4.82089,21.5536,16.7327,0.882812,0.17316,0.527986,0.354826,0.295499,V2 m3,V2,3,24,cooldown,5,0.0074473
2021,201,-651.584,-0.126545,-3.24171,-0.0709876,3.40732,-10.6606,-3.62666,7.03398,0.166642,-0.336132,-0.0847451,0.251387,-0.0419348,V2 m3,V2,3,24,cooldown,5,-0.00884624
2022,176,424.268,0.00540185,2.41062,0.207269,-19.8552,28.5248,4.33482,-24.19,-0.219629,0.707951,0.244161,-0.46379,0.0638834,V2 m3,V2,3,24,cooldown,5,0.0423917
2023,192,2968.19,0.327848,15.4593,0.51933,21.5948,9.06274,15.3288,6.26605,0.721199,0.308871,0.515035,0.206164,0.262901,V2 m3,V2,3,24,cooldown,5,-0.0520014
2024,176,1803.19,0.172164,10.2454,0.268067,12.233,7.74814,9.99059,2.24245,0.331301,0.188618,0.25996,0.0713416,0.121531,V2 m3,V2,3,24,cooldown,5,0.0209659
2025,168,2104.59,0.217123,12.5273,0.488761,8.29922,17.7702,13.0347,-4.73549,0.327712,0.688461,0.508087,-0.180374,0.165015,V2 m3,V2,3,24,cooldown,5,-0.0187316
2020,196,3579.17,0.375843,18.2611,0.456539,33.2864,-0.179114,16.5536,16.7327,0.765763,0.0770368,0.4214,0.344363,0.230453,V2 m3,V2,3,24,cooldown,10,0.0074473
2021,201,-1656.58,-0.210161,-8.24171,-0.140091,-1.59268,-15.6606,-8.62666,7.03398,0.0997739,-0.407731,-0.153978,0.253752,-0.0746453,V2 m3,V2,3,24,cooldown,10,-0.00884624
2022,176,-455.732,-0.079327,-2.58938,0.0899967,-24.8552,23.5248,-0.665182,-24.19,-0.340496,0.594896,0.1272,-0.467696,0.0148255,V2 m3,V2,3,24,cooldown,10,0.0423917
2023,192,2008.19,0.206436,10.4593,0.313781,16.5948,4.06274,10.3288,6.26605,0.516154,0.102796,0.309475,0.206679,0.17058,V2 m3,V2,3,24,cooldown,10,-0.0520014
2024,176,923.193,0.0734718,5.24541,0.130135,7.23304,2.74814,4.99059,2.24245,0.194502,0.0492645,0.121883,0.0726187,0.0587646,V2 m3,V2,3,24,cooldown,10,0.0209659
2025,168,1264.59,0.11914,7.52734,0.31002,3.29922,12.7702,8.03471,-4.73549,0.152195,0.505723,0.328959,-0.176764,0.0932932,V2 m3,V2,3,24,cooldown,10,-0.0187316
2020,201,4752.73,0.546935,23.6454,0.554924,38.3808,5.47181,21.9263,16.4545,0.877365,0.157246,0.517306,0.360059,0.298708,V2 m3,V2,3,24,réouverture,5,
2021,208,-1329.09,-0.183977,-6.38986,-0.105003,-5.31263,-7.5759,-6.44427,1.13164,0.0758539,-0.304129,-0.114137,0.189991,-0.0599847,V2 m3,V2,3,24,réouverture,5,
2022,181,805.372,0.0426593,4.44957,0.207961,-19.7874,32.4375,6.32505,-26.1124,-0.217215,0.698938,0.240862,-0.458077,0.0668242,V2 m3,V2,3,24,réouverture,5,
2023,197,3073.66,0.341972,15.6023,0.486742,20.8287,10.1037,15.4662,5.36247,0.661833,0.302532,0.482183,0.17965,0.254931,V2 m3,V2,3,24,réouverture,5,
2024,180,2032.91,0.199301,11.2939,0.305281,13.4067,8.59283,10.9998,2.40694,0.360487,0.234701,0.297594,0.062893,0.140849,V2 m3,V2,3,24,réouverture,5,
2025,174,1615.45,0.158536,9.28421,0.259904,7.66496,11.2771,9.47105,-1.80609,0.259279,0.260674,0.259976,-0.000697357,0.107945,V2 m3,V2,3,24,réouverture,5,
2020,201,3747.73,0.399268,18.6454,0.447978,33.3808,0.471808,16.9263,16.4545,0.761363,0.0614687,0.411416,0.349947,0.232279,V2 m3,V2,3,24,réouverture,10,
2021,208,-2369.09,-0.264699,-11.3899,-0.174025,-10.3126,-12.5759,-11.4443,1.13164,0.00993719,-0.37657,-0.183316,0.193253,-0.0931408,V2 m3,V2,3,24,réouverture,10,
2022,181,-99.6276,-0.0475775,-0.550429,0.0909662,-24.7874,27.4375,1.32505,-26.1124,-0.337696,0.585969,0.124136,-0.461832,0.0162652,V2 m3,V2,3,24,réouverture,10,
2023,197,2088.66,0.216231,10.6023,0.280677,15.8287,5.10374,10.4662,5.36247,0.454377,0.0979301,0.276153,0.178223,0.160906,V2 m3,V2,3,24,réouverture,10,
2024,180,1132.91,0.0961419,6.29394,0.166286,8.4067,3.59283,5.99976,2.40694,0.222531,0.0943767,0.158454,0.0640772,0.0752991,V2 m3,V2,3,24,réouverture,10,
2025,174,745.452,0.0620513,4.28421,0.0819486,2.66496,6.27713,4.47105,-1.80609,0.0878247,0.0747165,0.0812706,0.00655411,0.0376675,V2 m3,V2,3,24,réouverture,10,
2020,196,4811.39,0.555646,24.5479,0.586568,38.4357,7.5038,22.9698,15.466,0.888949,0.215464,0.552206,0.336742,0.309742,V2 m4,V2,4,24,cooldown,5,0.0298224
2021,201,-770.942,-0.137348,-3.83553,-0.0879521,1.81476,-10.1401,-4.16265,5.97742,0.129778,-0.330893,-0.100558,0.230335,-0.0501566,V2 m4,V2,4,24,cooldown,5,-0.0258108
2022,176,244.035,-0.012668,1.38656,0.175931,-21.7523,28.5248,3.38622,-25.1386,-0.277687,0.707951,0.215132,-0.492819,0.050348,V2 m4,V2,4,24,cooldown,5,0.0110535
2023,192,3175.1,0.355308,16.537,0.674106,23.62,9.15257,16.3863,7.23373,1.02209,0.311314,0.666702,0.355388,0.292255,V2 m4,V2,4,24,cooldown,5,0.102775
2024,176,2192.94,0.217734,12.4599,0.320046,15.2743,8.92389,12.0991,3.17519,0.376715,0.248846,0.31278,0.0639343,0.147155,V2 m4,V2,4,24,cooldown,5,0.0729448
2025,168,1798.12,0.180037,10.7031,0.430693,7.69852,14.4287,11.0636,-3.36509,0.308568,0.582127,0.445348,-0.136779,0.136726,V2 m4,V2,4,24,cooldown,5,-0.0767994
2020,196,3831.39,0.410675,19.5479,0.478914,33.4357,2.5038,17.9698,15.466,0.7719,0.119341,0.44562,0.326279,0.243983,V2 m4,V2,4,24,cooldown,10,0.0298224
2021,201,-1775.94,-0.219935,-8.83553,-0.157056,-3.18524,-15.1401,-9.16265,5.97742,0.0629102,-0.402492,-0.169791,0.232701,-0.0825885,V2 m4,V2,4,24,cooldown,10,-0.0258108
2022,176,-635.965,-0.0958824,-3.61344,0.0586585,-26.7523,23.5248,-1.61378,-25.1386,-0.398554,0.594896,0.0981707,-0.496725,0.0019087,V2 m4,V2,4,24,cooldown,10,0.0110535
2023,192,2215.1,0.231398,11.537,0.468557,18.62,4.15257,11.3863,7.23373,0.817045,0.10524,0.461142,0.355903,0.197803,V2 m4,V2,4,24,cooldown,10,0.102775
2024,176,1312.94,0.115226,7.4599,0.182114,10.2743,3.92389,7.09908,3.17519,0.239915,0.109492,0.174704,0.0652114,0.082964,V2 m4,V2,4,24,cooldown,10,0.0729448
2025,168,958.115,0.0850227,5.70307,0.251952,2.69852,9.42871,6.06361,-3.36509,0.133051,0.399389,0.26622,-0.133169,0.0667349,V2 m4,V2,4,24,cooldown,10,-0.0767994
2020,199,4753.22,0.547131,23.8855,0.563579,38.8764,5.35754,22.117,16.7594,0.891367,0.158449,0.524908,0.366459,0.300718,V2 m4,V2,4,24,réouverture,5,
2021,208,-1474.58,-0.196175,-7.08932,-0.124199,-6.86136,-7.34031,-7.10083,0.239473,0.0400047,-0.304988,-0.132492,0.172496,-0.0694093,V2 m4,V2,4,24,réouverture,5,
2022,181,625.139,0.0239198,3.45381,0.177489,-21.6454,32.4375,5.39601,-27.0414,-0.274076,0.698938,0.212431,-0.486507,0.0532513,V2 m4,V2,4,24,réouverture,5,
2023,197,3280.57,0.369725,16.6526,0.63759,22.7937,10.1917,16.4927,6.30101,0.953787,0.304925,0.629356,0.324431,0.2841,V2 m4,V2,4,24,réouverture,5,
2024,179,2415.75,0.245061,13.4958,0.354637,16.452,9.75369,13.1029,3.34918,0.402409,0.294166,0.348288,0.0541213,0.166104,V2 m4,V2,4,24,réouverture,5,
2025,174,1318.75,0.124333,7.579,0.204343,7.18481,8.06415,7.62448,-0.439671,0.241648,0.15843,0.200039,0.0416093,0.0812792,V2 m4,V2,4,24,réouverture,5,
2020,199,3758.22,0.400846,18.8855,0.456251,33.8764,0.357537,17.117,16.7594,0.774881,0.0624378,0.41866,0.356222,0.234612,V2 m4,V2,4,24,réouverture,10,
2021,208,-2514.58,-0.275696,-12.0893,-0.193221,-11.8614,-12.3403,-12.1008,0.239473,-0.025912,-0.377429,-0.20167,0.175758,-0.102235,V2 m4,V2,4,24,réouverture,10,
2022,181,-279.861,-0.0647037,-1.54619,0.0604937,-26.6454,27.4375,0.396011,-27.0414,-0.394557,0.585969,0.0957059,-0.490263,0.00333014,V2 m4,V2,4,24,réouverture,10,
2023,197,2295.57,0.241395,11.6526,0.431525,17.7937,5.1917,11.4927,6.30101,0.746331,0.100323,0.423327,0.323004,0.187904,V2 m4,V2,4,24,réouverture,10,
2024,179,1520.75,0.138556,8.49579,0.216229,11.452,4.75369,8.10287,3.34918,0.265514,0.153842,0.209678,0.0558359,0.099662,V2 m4,V2,4,24,réouverture,10,
2025,174,448.746,0.0306812,2.579,0.026388,2.18481,3.06415,2.62448,-0.439671,0.0701942,-0.0275274,0.0213334,0.0488608,0.0126828,V2 m4,V2,4,24,réouverture,10,
2020,196,3616.18,0.399334,18.4499,0.412314,21.7945,14.3451,18.0698,3.7247,0.483393,0.325081,0.404237,0.0791563,0.214403,V3 m1,V3,1,24,cooldown,5,-0.144431
2021,201,-1045.82,-0.142784,-5.20306,-0.0964996,6.61939,-18.3944,-5.88752,12.5069,0.203594,-0.43134,-0.113873,0.317467,-0.0522306,V3 m1,V3,1,24,cooldown,5,-0.0343582
2022,176,-937.317,-0.110579,-5.32567,-0.0148693,-25.0016,17.751,-3.62528,-21.3763,-0.446291,0.491119,0.0224141,-0.468705,-0.0241787,V3 m1,V3,1,24,cooldown,5,-0.179746
2023,192,1945.58,0.205945,10.1332,0.290949,10.7609,9.47883,10.1199,0.641047,0.259912,0.323307,0.291609,-0.0316971,0.134158,V3 m1,V3,1,24,cooldown,5,-0.280382
2024,176,1481.96,0.140541,8.42022,0.239581,8.84418,7.88755,8.36586,0.478316,0.200898,0.288182,0.24454,-0.0436421,0.106748,V3 m1,V3,1,24,cooldown,5,-0.00751998
2025,168,752.764,0.0705751,4.48074,0.263789,2.45322,6.99486,4.72404,-2.27082,0.225293,0.311523,0.268408,-0.0431153,0.085688,V3 m1,V3,1,24,cooldown,5,-0.243704
2020,196,2636.18,0.268871,13.4499,0.30466,16.7945,9.34513,13.0698,3.7247,0.366344,0.228957,0.297651,0.0686935,0.153398,V3 m1,V3,1,24,cooldown,10,-0.144431
2021,201,-2050.82,-0.224845,-10.2031,-0.165603,1.61939,-23.3944,-10.8875,12.5069,0.136726,-0.502939,-0.183107,0.319833,-0.0845928,V3 m1,V3,1,24,cooldown,10,-0.0343582
2022,176,-1817.32,-0.185578,-10.3257,-0.132141,-30.0016,12.751,-8.62528,-21.3763,-0.567158,0.378064,-0.0945473,-0.472611,-0.0692101,V3 m1,V3,1,24,cooldown,10,-0.179746
2023,192,985.581,0.0956303,5.13323,0.0854,5.76092,4.47883,5.11988,0.641047,0.0548675,0.117232,0.0860496,-0.0311821,0.0512012,V3 m1,V3,1,24,cooldown,10,-0.280382
2024,176,601.958,0.0444995,3.42022,0.101649,3.84418,2.88755,3.36586,0.478316,0.0640986,0.148829,0.106464,-0.042365,0.044806,V3 m1,V3,1,24,cooldown,10,-0.00751998
2025,168,-87.236,-0.0156703,-0.519262,0.0850474,-2.54678,1.99486,-0.27596,-2.27082,0.0497753,0.128785,0.0892801,-0.0395048,0.0188262,V3 m1,V3,1,24,cooldown,10,-0.243704
2020,215,4233.2,0.486524,19.6893,0.398911,24.4332,13.9184,19.1758,5.25742,0.486325,0.292572,0.389448,0.0968765,0.229407,V3 m1,V3,1,24,réouverture,5,
2021,236,-1995.91,-0.228043,-8.45725,-0.0911415,3.71825,-20.8409,-8.56131,12.2796,0.194812,-0.381984,-0.0935856,0.288398,-0.0582202,V3 m1,V3,1,24,réouverture,5,
2022,199,-1838.24,-0.192214,-9.23739,-0.120682,-29.0918,12.4979,-8.29692,-20.7948,-0.582808,0.385225,-0.0987916,-0.484016,-0.0826346,V3 m1,V3,1,24,réouverture,5,
2023,227,1644.38,0.168914,7.24396,0.142479,6.99796,7.48354,7.24075,-0.24279,0.115195,0.16905,0.142123,-0.0269275,0.10261,V3 m1,V3,1,24,réouverture,5,
2024,199,1724.55,0.167025,8.66607,0.237276,10.4025,6.38449,8.39349,2.009,0.228011,0.249449,0.23873,-0.010719,0.121566,V3 m1,V3,1,24,réouverture,5,
2025,194,438.255,0.0371673,2.25905,0.11497,1.35808,3.4144,2.38624,-1.02816,0.0529925,0.194447,0.12372,-0.0707271,0.048538,V3 m1,V3,1,24,réouverture,5,
2020,215,3158.2,0.335223,14.6893,0.293186,19.4332,8.91837,14.1758,5.25742,0.371643,0.197744,0.284694,0.0869492,0.162898,V3 m1,V3,1,24,réouverture,10,
2021,236,-3175.91,-0.314094,-13.4573,-0.160343,-1.28175,-25.8409,-13.5613,12.2796,0.128798,-0.454427,-0.162814,0.291613,-0.0959126,V3 m1,V3,1,24,réouverture,10,
2022,199,-2833.24,-0.268827,-14.2374,-0.238591,-34.0918,7.49793,-13.2969,-20.7948,-0.703546,0.270412,-0.216567,-0.486979,-0.130598,V3 m1,V3,1,24,réouverture,10,
2023,227,509.378,0.0435418,2.24396,-0.0771908,1.99796,2.48354,2.24075,-0.24279,-0.110053,-0.0451858,-0.0776194,-0.0324336,0.00693921,V3 m1,V3,1,24,réouverture,10,
2024,199,729.548,0.0565418,3.66607,0.0979026,5.40249,1.38449,3.39349,2.009,0.089501,0.108942,0.0992215,-0.00972049,0.0502685,V3 m1,V3,1,24,réouverture,10,
2025,194,-531.745,-0.0587217,-2.74095,-0.0695865,-3.64192,-1.5856,-2.61376,-1.02816,-0.127197,0.00429112,-0.0614531,-0.0657443,-0.0266394,V3 m1,V3,1,24,réouverture,10,
2020,196,5947.16,0.752015,30.3426,0.626187,39.8578,18.665,29.2614,10.5964,0.825549,0.381516,0.603532,0.222016,0.347385,V3 m1.5,V3,1.5,24,cooldown,5,0.0694419
2021,201,-1686.73,-0.203235,-8.39171,-0.133,6.85016,-25.3984,-9.27413,16.1243,0.221621,-0.528684,-0.153531,0.375153,-0.070416,V3 m1.5,V3,1.5,24,cooldown,5,-0.0708591
2022,176,-447.421,-0.0676128,-2.54216,0.0513793,-27.0557,26.2083,-0.423711,-26.632,-0.511019,0.710983,0.0999816,-0.611001,0.00139638,V3 m1.5,V3,1.5,24,cooldown,5,-0.113498
2023,192,1801.93,0.185912,9.38504,0.325018,10.9753,7.72707,9.3512,1.62413,0.329757,0.320077,0.324917,0.00483991,0.150712,V3 m1.5,V3,1.5,24,cooldown,5,-0.246313
2024,176,2845.67,0.303202,16.1686,0.40049,19.8244,11.5754,15.6999,4.12447,0.483583,0.296092,0.389837,0.0937456,0.188138,V3 m1.5,V3,1.5,24,cooldown,5,0.153389
2025,168,797.99,0.0727388,4.74994,0.419288,-1.65556,12.6928,5.5186,-7.17416,0.167329,0.731718,0.449523,-0.282195,0.11629,V3 m1.5,V3,1.5,24,cooldown,5,-0.0882044
2020,196,4967.16,0.588842,25.3426,0.518533,34.8578,13.665,24.2614,10.5964,0.7085,0.285393,0.496946,0.211553,0.279734,V3 m1.5,V3,1.5,24,cooldown,10,0.0694419
2021,201,-2691.73,-0.279538,-13.3917,-0.202104,1.85016,-30.3984,-14.2741,16.1243,0.154754,-0.600283,-0.222765,0.377518,-0.10216,V3 m1.5,V3,1.5,24,cooldown,10,-0.0708591
2022,176,-1327.42,-0.146216,-7.54216,-0.0658928,-32.0557,21.2083,-5.42371,-26.632,-0.631887,0.597927,-0.0169798,-0.614907,-0.0448058,V3 m1.5,V3,1.5,24,cooldown,10,-0.113498
2023,192,841.927,0.0774197,4.38504,0.119469,5.97533,2.72707,4.3512,1.62413,0.124712,0.114003,0.119357,0.00535487,0.0665538,V3 m1.5,V3,1.5,24,cooldown,10,-0.246313
2024,176,1965.67,0.193542,11.1686,0.262559,14.8244,6.57542,10.6999,4.12447,0.346783,0.156738,0.251761,0.0950227,0.121663,V3 m1.5,V3,1.5,24,cooldown,10,0.153389
2025,168,-42.0105,-0.0136812,-0.250062,0.240547,-6.65556,7.69276,0.518598,-7.17416,-0.00818894,0.548979,0.270395,-0.278584,0.0475622,V3 m1.5,V3,1.5,24,cooldown,10,-0.0882044
2020,208,5856.49,0.736005,28.1562,0.568826,38.3453,15.5568,26.9511,11.3943,0.786921,0.299138,0.543029,0.243892,0.332663,V3 m1.5,V3,1.5,24,réouverture,5,
2021,221,-2249.6,-0.250225,-10.1792,-0.145722,3.4396,-24.4285,-10.4944,13.934,0.188837,-0.495771,-0.153467,0.342304,-0.0835826,V3 m1.5,V3,1.5,24,réouverture,5,
2022,189,-749.175,-0.0994754,-3.96389,-0.0111219,-25.5848,19.3201,-3.13232,-22.4524,-0.508612,0.524637,0.00801237,-0.516624,-0.0335284,V3 m1.5,V3,1.5,24,réouverture,5,
2023,211,1538.17,0.15487,7.28989,0.19034,6.96818,7.62088,7.29453,-0.32635,0.173982,0.20717,0.190576,-0.0165941,0.116422,V3 m1.5,V3,1.5,24,réouverture,5,
2024,189,2868.54,0.304927,15.1775,0.371001,20.664,8.31929,14.4916,6.17235,0.485881,0.2274,0.356641,0.129241,0.187848,V3 m1.5,V3,1.5,24,réouverture,5,
2025,181,718.267,0.0623538,3.96833,0.226886,2.4153,5.84333,4.12931,-1.71401,0.16937,0.296325,0.232848,-0.0634774,0.0801244,V3 m1.5,V3,1.5,24,réouverture,5,
2020,208,4816.49,0.564896,23.1562,0.462925,33.3453,10.5568,21.9511,11.3943,0.672286,0.204038,0.438162,0.234124,0.262816,V3 m1.5,V3,1.5,24,réouverture,10,
2021,221,-3354.6,-0.328798,-15.1792,-0.215085,-1.5604,-29.4285,-15.4944,13.934,0.122856,-0.568672,-0.222908,0.345764,-0.118059,V3 m1.5,V3,1.5,24,réouverture,10,
2022,189,-1694.17,-0.180752,-8.96389,-0.129594,-30.5848,14.3201,-8.13232,-22.4524,-0.630338,0.40967,-0.110334,-0.520004,-0.0815852,V3 m1.5,V3,1.5,24,réouverture,10,
2023,211,483.166,0.03928,2.28989,-0.0225574,1.96818,2.62088,2.29453,-0.32635,-0.0449123,0.000442434,-0.022235,-0.0226774,0.0266094,V3 m1.5,V3,1.5,24,réouverture,10,
2024,189,1923.54,0.187376,10.1775,0.23203,15.664,3.31929,9.49164,6.17235,0.346955,0.0883731,0.217664,0.129291,0.116164,V3 m1.5,V3,1.5,24,réouverture,10,
2025,181,-186.733,-0.0295652,-1.03167,0.0470203,-2.5847,0.843327,-0.870688,-1.71401,-0.00198823,0.106189,0.0521004,-0.0540886,0.00848491,V3 m1.5,V3,1.5,24,réouverture,10,
2020,196,4971.52,0.583642,25.3649,0.610713,39.0251,8.60006,23.8126,15.2125,0.901143,0.254275,0.577709,0.323434,0.328818,V3 m2,V3,2,24,cooldown,5,0.0539672
2021,201,-1343.83,-0.178982,-6.68572,-0.0515667,8.38093,-23.4969,-7.558,15.9389,0.252067,-0.390358,-0.0691455,0.321212,-0.0321131,V3 m2,V3,2,24,cooldown,5,0.0105746
2022,176,-283.55,-0.0570069,-1.61108,0.095108,-19.2563,19.0839,-0.0861869,-19.1701,-0.348451,0.615331,0.13344,-0.481891,0.0180236,V3 m2,V3,2,24,cooldown,5,-0.0697691
2023,192,3007.53,0.335453,15.6642,0.493794,24.04,6.93205,15.486,8.55396,0.726782,0.250892,0.488837,0.237945,0.246499,V3 m2,V3,2,24,cooldown,5,-0.0775371
2024,176,2663.99,0.27865,15.1363,0.385759,19.1426,10.1027,14.6227,4.51993,0.480436,0.266807,0.373621,0.106815,0.180071,V3 m2,V3,2,24,cooldown,5,0.138659
2025,168,1222.76,0.116323,7.27834,0.391139,5.30358,9.72704,7.51531,-2.21173,0.214447,0.610237,0.412342,-0.197895,0.111341,V3 m2,V3,2,24,cooldown,5,-0.116353
2020,196,3991.52,0.436075,20.3649,0.503059,34.0251,3.60006,18.8126,15.2125,0.784094,0.158151,0.471123,0.312972,0.262106,V3 m2,V3,2,24,cooldown,10,0.0539672
2021,201,-2348.83,-0.257598,-11.6857,-0.120671,3.38093,-28.4969,-12.558,15.9389,0.185199,-0.461957,-0.138379,0.323578,-0.0651542,V3 m2,V3,2,24,cooldown,10,0.0105746
2022,176,-1163.55,-0.136501,-6.61108,-0.022164,-24.2563,14.0839,-5.08619,-19.1701,-0.469318,0.502276,0.0164789,-0.485797,-0.0289405,V3 m2,V3,2,24,cooldown,10,-0.0697691
2023,192,2047.53,0.213351,10.6642,0.288245,19.04,1.93205,10.486,8.55396,0.521737,0.0448167,0.283277,0.23846,0.155367,V3 m2,V3,2,24,cooldown,10,-0.0775371
2024,176,1783.99,0.171044,10.1363,0.247828,14.1426,5.10272,9.62265,4.51993,0.343637,0.127453,0.235545,0.108092,0.114047,V3 m2,V3,2,24,cooldown,10,0.138659
2025,168,382.761,0.0264113,2.27834,0.212398,0.303575,4.72704,2.51531,-2.21173,0.0389297,0.427499,0.233214,-0.194284,0.04291,V3 m2,V3,2,24,cooldown,10,-0.116353
2020,203,5097.29,0.603674,25.1098,0.587238,37.8077,9.167,23.4873,14.3203,0.866541,0.236558,0.551549,0.314991,0.327285,V3 m2,V3,2,24,réouverture,5,
2021,211,-2011.31,-0.232419,-9.53228,-0.0820546,-0.471591,-19.4004,-9.93598,9.46439,0.157483,-0.342937,-0.0927271,0.25021,-0.0489312,V3 m2,V3,2,24,réouverture,5,
2022,181,-19.758,-0.0334666,-0.10916,0.0810005,-20.0935,22.4613,1.18394,-21.2774,-0.375001,0.596014,0.110506,-0.485507,0.0131291,V3 m2,V3,2,24,réouverture,5,
2023,204,3040.27,0.339951,14.9033,0.443037,19.9043,9.70225,14.8033,5.10102,0.578268,0.302397,0.440332,0.137936,0.242422,V3 m2,V3,2,24,réouverture,5,
2024,184,2868.66,0.304588,15.5906,0.406663,19.9138,10.2128,15.0633,4.85051,0.500239,0.290263,0.395251,0.104988,0.200853,V3 m2,V3,2,24,réouverture,5,
2025,175,689.077,0.0578424,3.93758,0.159586,4.76293,2.93463,3.84878,0.914148,0.149553,0.171778,0.160665,-0.0111121,0.0530278,V3 m2,V3,2,24,réouverture,5,
2020,203,4082.29,0.449168,20.1098,0.480479,32.8077,4.167,18.4873,14.3203,0.751035,0.140781,0.445908,0.305127,0.258847,V3 m2,V3,2,24,réouverture,10,
2021,211,-3066.31,-0.309405,-14.5323,-0.151403,-5.47159,-24.4004,-14.936,9.46439,0.0913584,-0.415797,-0.162219,0.253578,-0.083105,V3 m2,V3,2,24,réouverture,10,
2022,181,-924.758,-0.117146,-5.10916,-0.0354524,-25.0935,17.4613,-3.81606,-21.2774,-0.495153,0.483739,-0.00570703,-0.489446,-0.0347168,V3 m2,V3,2,24,réouverture,10,
2023,204,2020.27,0.210155,9.90328,0.232521,14.9043,4.70225,9.80326,5.10102,0.35959,0.100369,0.229979,0.12961,0.145937,V3 m2,V3,2,24,réouverture,10,
2024,184,1948.66,0.19004,10.5906,0.268125,14.9138,5.21281,10.0633,4.85051,0.36206,0.151279,0.256669,0.10539,0.130539,V3 m2,V3,2,24,réouverture,10,
2025,175,-185.923,-0.0307848,-1.06242,-0.0183691,-0.237071,-2.06537,-1.15122,0.914148,-0.0219008,-0.0140774,-0.0179891,-0.00391169,-0.0142197,V3 m2,V3,2,24,réouverture,10,
2020,196,5024.4,0.590127,25.6347,0.600205,39.7731,8.28295,24.028,15.7451,0.901792,0.230076,0.565934,0.335858,0.318792,V3 m2.5,V3,2.5,24,cooldown,5,0.0434601
2021,201,-1329.39,-0.180102,-6.61389,-0.055639,7.77374,-22.6675,-7.44686,15.2206,0.233059,-0.377765,-0.0723531,0.305412,-0.0343732,V3 m2.5,V3,2.5,24,cooldown,5,0.00650232
2022,176,688.557,0.034913,3.91225,0.158424,-23.695,36.2911,6.29806,-29.9931,-0.417308,0.833665,0.208178,-0.625487,0.0461899,V3 m2.5,V3,2.5,24,cooldown,5,-0.00645333
2023,192,2810.77,0.308578,14.6394,0.486406,26.7916,1.97012,14.3809,12.4108,0.872414,0.0839724,0.478193,0.394221,0.239248,V3 m2.5,V3,2.5,24,cooldown,5,-0.0849251
2024,176,2362.24,0.240325,13.4218,0.349622,17.0346,8.88271,12.9587,4.07595,0.442345,0.233125,0.337735,0.10461,0.161867,V3 m2.5,V3,2.5,24,cooldown,5,0.102521
2025,168,1531.7,0.150513,9.11724,0.412563,6.12553,12.827,9.47624,-3.35071,0.265036,0.595496,0.430266,-0.16523,0.125263,V3 m2.5,V3,2.5,24,cooldown,5,-0.0949299
2020,196,4044.4,0.441959,20.6347,0.492552,34.7731,3.28295,19.028,15.7451,0.784743,0.133953,0.459348,0.325395,0.252582,V3 m2.5,V3,2.5,24,cooldown,10,0.0434601
2021,201,-2334.39,-0.258613,-11.6139,-0.124743,2.77374,-27.6675,-12.4469,15.2206,0.166191,-0.449364,-0.141586,0.307778,-0.0673376,V3 m2.5,V3,2.5,24,cooldown,10,0.00650232
2022,176,-191.443,-0.052288,-1.08775,0.0411517,-28.695,31.2911,1.29806,-29.9931,-0.538176,0.72061,0.091217,-0.629393,-0.00206737,V3 m2.5,V3,2.5,24,cooldown,10,-0.00645333
2023,192,1850.77,0.188921,9.63944,0.280857,21.7916,-3.02988,9.38088,12.4108,0.667369,-0.122102,0.272633,0.394736,0.148646,V3 m2.5,V3,2.5,24,cooldown,10,-0.0849251
2024,176,1482.24,0.135927,8.42184,0.211691,12.0346,3.88271,7.95866,4.07595,0.305545,0.0937712,0.199658,0.105887,0.0968563,V3 m2.5,V3,2.5,24,cooldown,10,0.102521
2025,168,691.696,0.0578627,4.11724,0.233821,1.12553,7.82696,4.47624,-3.35071,0.0895181,0.412758,0.251138,-0.16162,0.0559757,V3 m2.5,V3,2.5,24,cooldown,10,-0.0949299
2020,202,5148.84,0.610028,25.4893,0.579234,38.8546,8.85694,23.8558,14.9989,0.873611,0.212897,0.543254,0.330357,0.316794,V3 m2.5,V3,2.5,24,réouverture,5,
2021,209,-1857.84,-0.22266,-8.88919,-0.0753474,-1.0664,-17.416,-9.24122,8.17483,0.140443,-0.310559,-0.085058,0.225501,-0.0454619,V3 m2.5,V3,2.5,24,réouverture,5,
2022,181,1069.66,0.073264,5.90973,0.160466,-23.548,39.9264,8.1892,-31.7372,-0.410818,0.820163,0.204672,-0.61549,0.0490818,V3 m2.5,V3,2.5,24,réouverture,5,
2023,200,2841.02,0.312678,14.2051,0.44997,23.3067,4.73202,14.0193,9.28732,0.756282,0.131157,0.443719,0.312563,0.234905,V3 m2.5,V3,2.5,24,réouverture,5,
2024,183,2363.81,0.240229,12.917,0.357383,17.8885,6.65651,12.2725,5.61601,0.463641,0.223577,0.343609,0.120032,0.170371,V3 m2.5,V3,2.5,24,réouverture,5,
2025,175,970.188,0.0872073,5.54393,0.170556,5.5592,5.52538,5.54229,0.0169085,0.198561,0.136524,0.167543,0.0310183,0.0632521,V3 m2.5,V3,2.5,24,réouverture,5,
2020,202,4138.84,0.455639,20.4893,0.472247,33.8546,3.85694,18.8558,14.9989,0.757616,0.11712,0.437368,0.320248,0.249084,V3 m2.5,V3,2.5,24,réouverture,10,
2021,209,-2902.84,-0.299921,-13.8892,-0.144525,-6.0664,-22.416,-14.2412,8.17483,0.0745265,-0.38329,-0.154382,0.228908,-0.0793579,V3 m2.5,V3,2.5,24,réouverture,10,
2022,181,164.661,-0.019606,0.909728,0.0434705,-28.548,34.9264,3.1892,-31.7372,-0.531299,0.707193,0.0879467,-0.619246,-0.000651575,V3 m2.5,V3,2.5,24,réouverture,10,
2023,200,1841.02,0.187885,9.20509,0.244464,18.3067,-0.267982,9.01934,9.28732,0.547682,-0.0711294,0.238276,0.309406,0.141191,V3 m2.5,V3,2.5,24,réouverture,10,
2024,183,1448.81,0.131869,7.91698,0.218851,12.8885,1.65651,7.27252,5.61601,0.325462,0.0846016,0.205032,0.12043,0.10222,V3 m2.5,V3,2.5,24,réouverture,10,
2025,175,95.1883,-0.00386688,0.543933,-0.00739938,0.559199,0.525382,0.542291,0.0169085,0.0271067,-0.0493308,-0.0111121,0.0382187,-0.00464838,V3 m2.5,V3,2.5,24,réouverture,10,
2020,196,4957.01,0.579227,25.2908,0.604904,40.1609,7.0412,23.6011,16.5599,0.922454,0.215182,0.568818,0.353636,0.321677,V3 m3,V3,3,24,cooldown,5,0.0481584
2021,201,-1684.22,-0.208909,-8.37921,-0.0837456,4.44499,-22.6883,-9.12166,13.5666,0.180131,-0.378177,-0.0990227,0.279154,-0.0479513,V3 m3,V3,3,24,cooldown,5,-0.0216043
2022,176,804.871,0.0453203,4.57313,0.201865,-18.5288,31.668,6.5696,-25.0984,-0.238062,0.717828,0.239883,-0.477945,0.0652029,V3 m3,V3,3,24,cooldown,5,0.0369876
2023,192,3258.44,0.368018,16.971,0.560843,27.6836,5.8026,16.7431,10.9405,0.900912,0.206302,0.553607,0.347305,0.283989,V3 m3,V3,3,24,cooldown,5,-0.0104883
2024,176,1729.28,0.163888,9.82546,0.257083,11.5474,7.66203,9.6047,1.94267,0.298513,0.205031,0.251772,0.0467409,0.115275,V3 m3,V3,3,24,cooldown,5,0.00998264
2025,168,1636.92,0.16252,9.74355,0.425421,7.99322,11.914,9.95359,-1.96037,0.310836,0.567507,0.439171,-0.128336,0.131901,V3 m3,V3,3,24,cooldown,5,-0.0820712
2020,196,3977.01,0.43207,20.2908,0.49725,35.1609,2.0412,18.6011,16.5599,0.805405,0.119059,0.462232,0.343173,0.255324,V3 m3,V3,3,24,cooldown,10,0.0481584
2021,201,-2689.22,-0.284675,-13.3792,-0.15285,-0.555013,-27.6883,-14.1217,13.5666,0.113264,-0.449776,-0.168256,0.28152,-0.080455,V3 m3,V3,3,24,cooldown,10,-0.0216043
2022,176,-75.1289,-0.0427536,-0.426869,0.0845926,-23.5288,26.668,1.5696,-25.0984,-0.358929,0.604772,0.122922,-0.481851,0.0160804,V3 m3,V3,3,24,cooldown,10,0.0369876
2023,192,2298.44,0.242953,11.971,0.355294,22.6836,0.802598,11.7431,10.9405,0.695867,0.000227321,0.348047,0.34782,0.190133,V3 m3,V3,3,24,cooldown,10,-0.0104883
2024,176,849.281,0.0658891,4.82546,0.119152,6.54737,2.66203,4.6047,1.94267,0.161713,0.0656774,0.113695,0.048018,0.052857,V3 m3,V3,3,24,cooldown,10,0.00998264
2025,168,796.917,0.0689087,4.74355,0.24668,2.99322,6.91396,4.95359,-1.96037,0.135318,0.384769,0.260043,-0.124725,0.0622065,V3 m3,V3,3,24,cooldown,10,-0.0820712
2020,201,5150.57,0.61012,25.6247,0.594622,40.2047,7.64278,23.9237,16.281,0.915936,0.198335,0.557135,0.358801,0.324951,V3 m3,V3,3,24,réouverture,5,
2021,208,-2405.62,-0.264169,-11.5655,-0.121697,-4.30353,-19.5609,-11.9322,7.62871,0.0889722,-0.353646,-0.132337,0.221309,-0.0680082,V3 m3,V3,3,24,réouverture,5,
2022,181,1185.98,0.084057,6.55235,0.202707,-18.4884,35.4684,8.49002,-26.9784,-0.235268,0.708463,0.236597,-0.471865,0.0681473,V3 m3,V3,3,24,réouverture,5,
2023,197,2932.79,0.324741,14.8873,0.488204,23.9347,5.56004,14.7474,9.18732,0.78724,0.179919,0.48358,0.30366,0.251726,V3 m3,V3,3,24,réouverture,5,
2024,182,1802.02,0.172141,9.90123,0.276596,12.6165,6.43928,9.52788,3.0886,0.32545,0.214308,0.269879,0.0555712,0.126893,V3 m3,V3,3,24,réouverture,5,
2025,174,1147.78,0.106562,6.59642,0.198749,7.36852,5.64613,6.50733,0.861194,0.24293,0.144372,0.193651,0.0492789,0.0764532,V3 m3,V3,3,24,réouverture,5,
2020,201,4145.57,0.456451,20.6247,0.487676,35.2047,2.64278,18.9237,16.281,0.799934,0.102557,0.451246,0.348689,0.257188,V3 m3,V3,3,24,réouverture,10,
2021,208,-3445.62,-0.336991,-16.5655,-0.190719,-9.30353,-24.5609,-16.9322,7.62871,0.0230555,-0.426087,-0.201516,0.224571,-0.100881,V3 m3,V3,3,24,réouverture,10,
2022,181,280.975,-0.00974283,1.55235,0.0857114,-23.4884,30.4684,3.49002,-26.9784,-0.355749,0.595493,0.119872,-0.475621,0.0175219,V3 m3,V3,3,24,réouverture,10,
2023,197,1947.79,0.200606,9.88727,0.282214,18.9347,0.560042,9.74736,9.18732,0.578643,-0.0233828,0.27763,0.301013,0.157987,V3 m3,V3,3,24,réouverture,10,
2024,182,892.023,0.0702344,4.90123,0.137776,7.61648,1.43928,4.52788,3.0886,0.18727,0.0746718,0.130971,0.0562993,0.0614883,V3 m3,V3,3,24,réouverture,10,
2025,174,277.776,0.0143826,1.59642,0.0207931,2.36852,0.646132,1.50733,0.861194,0.0714756,-0.0415853,0.0149451,0.0565304,0.00816241,V3 m3,V3,3,24,réouverture,10,
2020,196,4942.08,0.576178,25.2147,0.609254,39.1353,8.13029,23.6328,15.5025,0.912382,0.237235,0.574808,0.337574,0.324425,V3 m4,V3,4,24,cooldown,5,0.0525092
2021,201,-1575,-0.201366,-7.83581,-0.102643,1.81476,-18.6038,-8.39453,10.2093,0.129778,-0.361976,-0.116099,0.245877,-0.0571125,V3 m4,V3,4,24,cooldown,5,-0.0405019
2022,176,678.961,0.0321151,3.85773,0.17606,-20.2684,32.1538,5.94271,-26.2111,-0.290606,0.723383,0.216389,-0.506994,0.0542125,V3 m4,V3,4,24,cooldown,5,0.0111824
2023,192,3646.1,0.421311,18.9901,0.725816,28.3034,9.28053,18.792,9.51144,1.14874,0.284896,0.716818,0.431922,0.321986,V3 m4,V3,4,24,cooldown,5,0.154485
2024,176,2284.12,0.229016,12.9779,0.329177,14.3932,11.1997,12.7965,1.59676,0.340527,0.314915,0.327721,0.012806,0.150834,V3 m4,V3,4,24,cooldown,5,0.0820758
2025,168,1532.91,0.149957,9.12449,0.406591,8.63737,9.72852,9.18294,-0.545576,0.330851,0.500509,0.41568,-0.0848291,0.12544,V3 m4,V3,4,24,cooldown,5,-0.100902
2020,196,3962.08,0.429303,20.2147,0.501601,34.1353,3.13029,18.6328,15.5025,0.795333,0.141111,0.468222,0.327111,0.257935,V3 m4,V3,4,24,cooldown,10,0.0525092
2021,201,-2580,-0.277851,-12.8358,-0.171747,-3.18524,-23.6038,-13.3945,10.2093,0.0629102,-0.433575,-0.185333,0.248243,-0.0893072,V3 m4,V3,4,24,cooldown,10,-0.0405019
2022,176,-201.039,-0.0548523,-1.14227,0.0587875,-25.2684,27.1538,0.942707,-26.2111,-0.411473,0.610328,0.0994272,-0.5109,0.00559201,V3 m4,V3,4,24,cooldown,10,0.0111824
2023,192,2686.1,0.291397,13.9901,0.520267,23.3034,4.28053,13.792,9.51144,0.943695,0.0788214,0.511258,0.432437,0.225368,V3 m4,V3,4,24,cooldown,10,0.154485
2024,176,1404.12,0.125563,7.97793,0.191245,9.39323,6.19972,7.79648,1.59676,0.203728,0.175562,0.189645,0.0140831,0.0864372,V3 m4,V3,4,24,cooldown,10,0.0820758
2025,168,692.914,0.0573514,4.12449,0.22785,3.63737,4.72852,4.18294,-0.545576,0.155333,0.31777,0.236552,-0.0812185,0.0561423,V3 m4,V3,4,24,cooldown,10,-0.100902
2020,199,4883.9,0.56755,24.5422,0.585924,39.5632,5.97699,22.7701,16.7931,0.914374,0.179975,0.547175,0.367199,0.315299,V3 m4,V3,4,24,réouverture,5,
2021,208,-2278.63,-0.255828,-10.955,-0.138395,-6.86136,-15.4621,-11.1617,4.30036,0.0400047,-0.334816,-0.147405,0.18741,-0.0762242,V3 m4,V3,4,24,réouverture,5,
2022,181,1060.06,0.0703624,5.85671,0.177614,-20.1921,35.9369,7.87239,-28.0645,-0.286728,0.713819,0.213546,-0.500274,0.0571265,V3 m4,V3,4,24,réouverture,5,
2023,197,3751.57,0.436429,19.0435,0.687988,27.338,10.317,18.8275,8.5105,1.07667,0.279057,0.677866,0.398809,0.313643,V3 m4,V3,4,24,réouverture,5,
2024,179,2275.29,0.228019,12.7111,0.327585,14.9767,9.77751,12.3771,2.59959,0.348595,0.300381,0.324488,0.0241072,0.151213,V3 m4,V3,4,24,réouverture,5,
2025,174,1053.54,0.0956733,6.05485,0.181072,8.09432,3.54474,5.81953,2.27479,0.263234,0.0799502,0.171592,0.0916419,0.0705439,V3 m4,V3,4,24,réouverture,5,
2020,199,3888.9,0.419344,19.5422,0.478596,34.5632,0.976987,17.7701,16.7931,0.797889,0.0839638,0.440926,0.356962,0.248458,V3 m4,V3,4,24,réouverture,10,
2021,208,-3318.63,-0.329472,-15.955,-0.207417,-11.8614,-20.4621,-16.1617,4.30036,-0.025912,-0.407256,-0.216584,0.190672,-0.10881,V3 m4,V3,4,24,réouverture,10,
2022,181,155.065,-0.0222587,0.856711,0.0606191,-25.1921,30.9369,2.87239,-28.0645,-0.407209,0.60085,0.0968201,-0.504029,0.00701867,V3 m4,V3,4,24,réouverture,10,
2023,197,2766.57,0.301881,14.0435,0.481923,22.338,5.31699,13.8275,8.5105,0.869218,0.0744551,0.471837,0.397382,0.215242,V3 m4,V3,4,24,réouverture,10,
2024,179,1380.29,0.122964,7.71112,0.189026,9.97668,4.77751,7.37709,2.59959,0.211463,0.159973,0.185718,0.025745,0.0855404,V3 m4,V3,4,24,réouverture,10,
2025,174,183.545,0.00439576,1.05485,0.00311685,3.09432,-1.45526,0.819532,2.27479,0.0917799,-0.106007,-0.0071135,0.0988934,0.00262693,V3 m4,V3,4,24,réouverture,10,
2020,189,3485.94,0.354984,18.4441,0.5141,22.9994,12.8706,17.935,5.06439,0.644835,0.354143,0.499489,0.145346,0.252746,RE-1,—,,26,cooldown,5,
2021,192,395.095,-0.039867,2.05779,0.0237499,10.1417,-6.72903,1.70631,8.43534,0.241286,-0.212702,0.0142918,0.226994,0.00271052,RE-1,—,,26,cooldown,5,
2022,173,1644.26,0.128922,9.50439,0.304712,-17.7391,41.1749,11.7179,-29.457,-0.177558,0.865351,0.343897,-0.521455,0.115262,RE-1,—,,26,cooldown,5,
2023,188,3591.21,0.411117,19.1022,0.503674,28.8811,8.67853,18.7798,10.1013,1.00828,-0.0341981,0.487039,0.521237,0.25388,RE-1,—,,26,cooldown,5,
2024,171,2163.85,0.211362,12.6541,0.334344,15.4075,9.21244,12.3099,3.09751,0.399465,0.252943,0.326204,0.073261,0.147784,RE-1,—,,26,cooldown,5,
2025,167,2039.25,0.208976,12.2111,0.549728,14.0259,10.0381,12.032,1.99389,0.598761,0.491017,0.544889,0.0538721,0.181176,RE-1,—,,26,cooldown,5,
2020,189,2540.94,0.232932,13.4441,0.40655,17.9994,7.87059,12.935,5.06439,0.527723,0.258292,0.393007,0.134716,0.191851,RE-1,—,,26,cooldown,10,
2021,192,-564.905,-0.127827,-2.94221,-0.0457092,5.14165,-11.729,-3.29369,8.43534,0.174136,-0.284671,-0.0552677,0.229404,-0.030173,RE-1,—,,26,cooldown,10,
2022,173,779.259,0.035393,4.50439,0.18666,-22.7391,36.1749,6.71792,-29.457,-0.299008,0.751249,0.22612,-0.525128,0.0644212,RE-1,—,,26,cooldown,10,
2023,188,2651.21,0.284697,14.1022,0.29687,23.8811,3.67853,13.7798,10.1013,0.803545,-0.243212,0.280167,0.523379,0.163903,RE-1,—,,26,cooldown,10,
2024,171,1308.85,0.112164,7.65412,0.19505,10.4075,4.21244,7.30995,3.09751,0.261324,0.112209,0.186766,0.0745574,0.0847999,RE-1,—,,26,cooldown,10,
2025,167,1204.25,0.112201,7.21106,0.370678,9.02585,5.03808,7.03197,1.99389,0.423592,0.30732,0.365456,0.0581364,0.108898,RE-1,—,,26,cooldown,10,
2020,192,3713.58,0.385788,19.3416,0.525346,25.4976,11.7539,18.6258,6.87186,0.683707,0.330156,0.506931,0.176775,0.264318,RE-1,—,,26,réouverture,5,
2021,199,1583.44,0.0611396,7.95698,0.0393014,0.564176,15.7309,8.14752,-7.58334,0.14182,-0.0685014,0.0366592,0.105161,0.0102517,RE-1,—,,26,réouverture,5,
2022,177,2033.77,0.172269,11.4902,0.315886,-17.8531,45.4856,13.8162,-31.6693,-0.179059,0.889297,0.355119,-0.534178,0.12409,RE-1,—,,26,réouverture,5,
2023,193,3422.97,0.387453,17.7356,0.466671,27.4412,7.51364,17.4774,9.9638,0.962544,-0.0555789,0.453483,0.509062,0.238416,RE-1,—,,26,réouverture,5,
2024,175,2323.92,0.230577,13.2796,0.393144,12.7494,13.9865,13.3679,-0.61854,0.361255,0.435662,0.398458,-0.0372031,0.175048,RE-1,—,,26,réouverture,5,
2025,172,1445.43,0.138816,8.40368,0.299267,12.2789,3.84166,8.0603,4.21864,0.496473,0.0671126,0.281793,0.21468,0.115696,RE-1,—,,26,réouverture,5,
2020,192,2753.58,0.259086,14.3416,0.418044,20.4976,6.7539,13.6258,6.87186,0.567181,0.234225,0.400703,0.166478,0.202037,RE-1,—,,26,réouverture,10,
2021,199,588.44,-0.0394023,2.95698,-0.0303587,-4.43582,10.7309,3.14752,-7.58334,0.074841,-0.140981,-0.0330701,0.107911,-0.0241658,RE-1,—,,26,réouverture,10,
2022,177,1148.77,0.0730191,6.49025,0.198321,-22.8531,40.4856,8.81624,-31.6693,-0.300102,0.775763,0.23783,-0.537933,0.0718131,RE-1,—,,26,réouverture,10,
2023,193,2457.97,0.259988,12.7356,0.259471,22.4412,2.51364,12.4774,9.9638,0.754038,-0.261403,0.246317,0.50772,0.147345,RE-1,—,,26,réouverture,10,
2024,175,1448.92,0.127556,8.27957,0.253936,7.74939,8.98647,8.36793,-0.61854,0.224333,0.293408,0.25887,-0.0345375,0.109253,RE-1,—,,26,réouverture,10,
2025,172,585.433,0.045009,3.40368,0.120469,7.27894,-1.15834,3.0603,4.21864,0.324506,-0.119726,0.10239,0.222116,0.0455575,RE-1,—,,26,réouverture,10,
2020,189,4608.5,0.52034,24.3836,0.633465,25.0729,23.5402,24.3066,0.766372,0.69991,0.552167,0.626039,0.0738711,0.328485,V1 m1,V1,1,26,cooldown,5,0.119364
2021,192,-1958.05,-0.227326,-10.1982,-0.100937,14.8917,-37.4699,-11.2891,26.1808,0.278494,-0.513362,-0.117434,0.395928,-0.0541943,V1 m1,V1,1,26,cooldown,5,-0.124687
2022,173,-297.374,-0.0588173,-1.71893,0.032325,-29.4118,30.474,0.531119,-29.9429,-0.539308,0.696849,0.0787702,-0.618078,-0.00309165,V1 m1,V1,1,26,cooldown,5,-0.272387
2023,188,3892.28,0.457566,20.7036,0.549263,33.1108,7.47828,20.2946,12.8163,1.01353,0.0543895,0.533958,0.479568,0.271217,V1 m1,V1,1,26,cooldown,5,0.0455887
2024,171,2449.67,0.250014,14.3256,0.369545,15.2991,13.1086,14.2039,1.09523,0.339096,0.407606,0.373351,-0.0342547,0.163883,V1 m1,V1,1,26,cooldown,5,0.0352003
2025,167,1458.93,0.145349,8.73608,0.519898,10.0036,7.21846,8.61101,1.39255,0.579542,0.448483,0.514012,0.0655293,0.169789,V1 m1,V1,1,26,cooldown,5,-0.02983
2020,189,3663.5,0.383476,19.3836,0.525914,20.0729,18.5402,19.3066,0.766372,0.582798,0.456316,0.519557,0.0632411,0.26393,V1 m1,V1,1,26,cooldown,10,0.119364
2021,192,-2918.05,-0.298183,-15.1982,-0.170396,9.89175,-42.4699,-16.2891,26.1808,0.211344,-0.585331,-0.186994,0.398338,-0.0852209,V1 m1,V1,1,26,cooldown,10,-0.124687
2022,173,-1162.37,-0.136866,-6.71893,-0.0857275,-34.4118,25.474,-4.46888,-29.9429,-0.660758,0.582746,-0.0390062,-0.621752,-0.0485793,V1 m1,V1,1,26,cooldown,10,-0.272387
2023,188,2952.28,0.327008,15.7036,0.342459,28.1108,2.47828,15.2946,12.8163,0.808795,-0.154625,0.327085,0.48171,0.180003,V1 m1,V1,1,26,cooldown,10,0.0455887
2024,171,1594.67,0.147671,9.32557,0.230251,10.2991,8.10865,9.20388,1.09523,0.200954,0.266871,0.233913,-0.0329584,0.100021,V1 m1,V1,1,26,cooldown,10,0.0352003
2025,167,623.926,0.0536403,3.73608,0.340848,5.00355,2.21846,3.61101,1.39255,0.404373,0.264785,0.334579,0.0697937,0.0982112,V1 m1,V1,1,26,cooldown,10,-0.02983
2020,197,4551.65,0.512438,23.1048,0.59605,26.4211,19.0806,22.7508,3.67023,0.717955,0.448119,0.583037,0.134918,0.321095,V1 m1,V1,1,26,réouverture,5,
2021,209,-1908.68,-0.241749,-9.13244,-0.113418,-6.51614,-11.7739,-9.14502,2.62888,0.0585841,-0.287073,-0.114244,0.172829,-0.0653653,V1 m1,V1,1,26,réouverture,5,
2022,182,-254.564,-0.056284,-1.3987,0.0327518,-33.3353,32.7154,-0.309954,-33.0253,-0.600354,0.709024,0.054335,-0.654689,-0.00210856,V1 m1,V1,1,26,réouverture,5,
2023,205,3367.14,0.381723,16.4251,0.436574,27.7208,5.01859,16.3697,11.3511,0.864051,0.00490644,0.434479,0.429572,0.246953,V1 m1,V1,1,26,réouverture,5,
2024,185,2573.78,0.26459,13.9123,0.419382,12.7247,15.5058,14.1152,-1.39055,0.320873,0.551558,0.436215,-0.115342,0.199452,V1 m1,V1,1,26,réouverture,5,
2025,180,669.426,0.0574409,3.71903,0.25079,6.86794,0.0389824,3.45346,3.41448,0.465024,0.000420011,0.232722,0.232302,0.0959005,V1 m1,V1,1,26,réouverture,5,
2020,197,3566.65,0.370787,18.1048,0.48918,21.4211,14.0806,17.7508,3.67023,0.601386,0.35302,0.477203,0.124183,0.254617,V1 m1,V1,1,26,réouverture,10,
2021,209,-2953.68,-0.317128,-14.1324,-0.18325,-11.5161,-16.7739,-14.145,2.62888,-0.0083524,-0.359829,-0.184091,0.175738,-0.0988687,V1 m1,V1,1,26,réouverture,10,
2022,182,-1164.56,-0.138429,-6.3987,-0.083595,-38.3353,27.7154,-5.30995,-33.0253,-0.721047,0.59732,-0.0618637,-0.659183,-0.0494742,V1 m1,V1,1,26,réouverture,10,
2023,205,2342.14,0.247275,11.4251,0.219503,22.7208,0.0185856,11.3697,11.3511,0.643239,-0.208387,0.217426,0.425813,0.149246,V1 m1,V1,1,26,réouverture,10,
2024,185,1648.78,0.152958,8.9123,0.28081,7.7247,10.5058,9.11525,-1.39055,0.183381,0.411537,0.297459,-0.114078,0.1287,V1 m1,V1,1,26,réouverture,10,
2025,180,-230.574,-0.0335719,-1.28097,0.071409,1.86794,-4.96102,-1.54654,3.41448,0.293004,-0.187564,0.0527202,0.240284,0.0233356,V1 m1,V1,1,26,réouverture,10,
2020,189,4252.04,0.465982,22.4976,0.581771,25.549,18.7641,22.1565,3.39246,0.679065,0.462729,0.570897,0.108168,0.29624,V1 m1.5,V1,1.5,26,cooldown,5,0.0676705
2021,192,-1801.84,-0.218588,-9.38456,-0.063372,13.5322,-34.2941,-10.3809,23.9132,0.302966,-0.461565,-0.0792998,0.382265,-0.0374852,V1 m1.5,V1,1.5,26,cooldown,5,-0.0871219
2022,173,-355.352,-0.0646953,-2.05406,0.0259884,-30.3233,30.809,0.24282,-30.5662,-0.583037,0.733981,0.0754717,-0.658509,-0.00736985,V1 m1.5,V1,1.5,26,cooldown,5,-0.278724
2023,188,3879.27,0.453867,20.6344,0.572731,31.6197,8.92488,20.2723,11.3474,1.02398,0.0917264,0.557855,0.466129,0.280602,V1 m1.5,V1,1.5,26,cooldown,5,0.0690573
2024,171,2924.67,0.308338,17.1033,0.437577,20.2347,13.189,16.7119,3.52285,0.483737,0.379877,0.431807,0.05193,0.198896,V1 m1.5,V1,1.5,26,cooldown,5,0.103233
2025,167,1261.65,0.122312,7.5548,0.527475,7.41174,7.72611,7.56892,-0.157185,0.561453,0.486791,0.524122,0.0373312,0.165897,V1 m1.5,V1,1.5,26,cooldown,5,-0.0222532
2020,189,3307.04,0.333986,17.4976,0.474221,20.549,13.7641,17.1565,3.39246,0.561953,0.366877,0.464415,0.0975382,0.233243,V1 m1.5,V1,1.5,26,cooldown,10,0.0676705
2021,192,-2761.84,-0.290244,-14.3846,-0.132831,8.53222,-39.2941,-15.3809,23.9132,0.235816,-0.533534,-0.148859,0.384675,-0.069056,V1 m1.5,V1,1.5,26,cooldown,10,-0.0871219
2022,173,-1220.35,-0.142259,-7.05406,-0.0920641,-35.3233,25.809,-4.75718,-30.5662,-0.704488,0.619878,-0.0423046,-0.662183,-0.052662,V1 m1.5,V1,1.5,26,cooldown,10,-0.278724
2023,188,2939.27,0.323637,15.6344,0.365927,26.6197,3.92488,15.2723,11.3474,0.819253,-0.117288,0.350983,0.46827,0.18872,V1 m1.5,V1,1.5,26,cooldown,10,0.0690573
2024,171,2069.67,0.201245,12.1033,0.298283,15.2347,8.18903,11.7119,3.52285,0.345595,0.239143,0.292369,0.0532264,0.133122,V1 m1.5,V1,1.5,26,cooldown,10,0.103233
2025,167,426.652,0.0324377,2.5548,0.348425,2.41174,2.72611,2.56892,-0.157185,0.386284,0.303093,0.344689,0.0415955,0.0945574,V1 m1.5,V1,1.5,26,cooldown,10,-0.0222532
2020,194,4563.1,0.511889,23.5211,0.594255,27.9239,18.2177,23.0708,4.85308,0.724653,0.437184,0.580919,0.143734,0.313568,V1 m1.5,V1,1.5,26,réouverture,5,
2021,205,-1350.66,-0.201346,-6.5886,-0.047987,-5.47872,-7.70936,-6.59404,1.11532,0.126884,-0.224572,-0.0488442,0.175728,-0.0328267,V1 m1.5,V1,1.5,26,réouverture,5,
2022,179,-573.713,-0.0855844,-3.2051,-0.011095,-34.2371,31.1126,-1.56223,-32.6749,-0.643618,0.688401,0.0223915,-0.66601,-0.0230828,V1 m1.5,V1,1.5,26,réouverture,5,
2023,200,3254.4,0.366292,16.272,0.470149,25.2819,6.51121,15.8966,9.38536,0.840039,0.0694354,0.454737,0.385302,0.243789,V1 m1.5,V1,1.5,26,réouverture,5,
2024,180,2920.99,0.307256,16.2277,0.466597,17.7512,14.2354,15.9933,1.75792,0.455126,0.481597,0.468361,-0.0132357,0.219769,V1 m1.5,V1,1.5,26,réouverture,5,
2025,174,616.139,0.0517052,3.54103,0.266841,5.80706,0.939295,3.37318,2.43388,0.459967,0.0451048,0.252536,0.207431,0.0964417,V1 m1.5,V1,1.5,26,réouverture,5,
2020,194,3593.1,0.372345,18.5211,0.48742,22.9239,13.2177,18.0708,4.85308,0.608715,0.341314,0.475014,0.133701,0.248487,V1 m1.5,V1,1.5,26,réouverture,10,
2021,205,-2375.66,-0.279284,-11.5886,-0.117773,-10.4787,-12.7094,-11.594,1.11532,0.0602528,-0.297545,-0.118646,0.178899,-0.0668157,V1 m1.5,V1,1.5,26,réouverture,10,
2022,179,-1468.71,-0.163939,-8.2051,-0.127726,-39.2371,26.1126,-6.56223,-32.6749,-0.764311,0.576262,-0.0940244,-0.670287,-0.0687634,V1 m1.5,V1,1.5,26,réouverture,10,
2023,200,2254.4,0.236426,11.272,0.257867,20.2819,1.51121,10.8966,9.38536,0.620626,-0.135123,0.242752,0.377875,0.148791,V1 m1.5,V1,1.5,26,réouverture,10,
2024,180,2020.99,0.194861,11.2277,0.327801,12.7512,9.2354,10.9933,1.75792,0.317854,0.340809,0.329332,-0.0114773,0.149695,V1 m1.5,V1,1.5,26,réouverture,10,
2025,174,-253.861,-0.035928,-1.45897,0.0877465,0.807059,-4.06071,-1.62682,2.43388,0.288,-0.142174,0.0729129,0.215087,0.026544,V1 m1.5,V1,1.5,26,réouverture,10,
2020,189,3854.67,0.407145,20.3951,0.552113,25.5251,14.1184,19.8217,5.70333,0.674927,0.401846,0.538387,0.136541,0.27795,V1 m2,V1,2,26,cooldown,5,0.0380125
2021,192,-631.346,-0.124706,-3.28826,0.0383906,15.7484,-23.9803,-4.11594,19.8644,0.326125,-0.274364,0.0258804,0.300245,0.0100798,V1 m2,V1,2,26,cooldown,5,0.0146407
2022,173,171.428,-0.0169843,0.990913,0.100463,-20.5659,26.0507,2.74241,-23.3083,-0.385988,0.665962,0.139987,-0.525975,0.0243872,V1 m2,V1,2,26,cooldown,5,-0.204249
2023,188,3760.1,0.43653,20.0005,0.533215,32.0991,7.10421,19.6017,12.4974,1.05329,-0.021156,0.516069,0.537225,0.263639,V1 m2,V1,2,26,cooldown,5,0.0295403
2024,171,2663.8,0.274167,15.5778,0.402452,18.6186,11.7768,15.1977,3.4209,0.46337,0.326305,0.394838,0.0685323,0.180863,V1 m2,V1,2,26,cooldown,5,0.0681081
2025,167,1577.23,0.155712,9.44448,0.504146,12.1214,6.23917,9.18031,2.94114,0.551331,0.447649,0.49949,0.051841,0.1556,V1 m2,V1,2,26,cooldown,5,-0.0455816
2020,189,2909.67,0.28042,15.3951,0.444563,20.5251,9.11839,14.8217,5.70333,0.557815,0.305995,0.431905,0.12591,0.215837,V1 m2,V1,2,26,cooldown,10,0.0380125
2021,192,-1591.35,-0.204926,-8.28826,-0.0310685,10.7484,-28.9803,-9.11594,19.8644,0.258975,-0.346333,-0.0436791,0.302654,-0.0230408,V1 m2,V1,2,26,cooldown,10,0.0146407
2022,173,-693.572,-0.098484,-4.00909,-0.0175895,-25.5659,21.0507,-2.25759,-23.3083,-0.507438,0.55186,0.0222107,-0.529649,-0.0223452,V1 m2,V1,2,26,cooldown,10,-0.204249
2023,188,2820.1,0.307845,15.0005,0.32641,27.0991,2.10421,14.6017,12.4974,0.848563,-0.23017,0.309197,0.539367,0.172966,V1 m2,V1,2,26,cooldown,10,0.0295403
2024,171,1808.8,0.169856,10.5778,0.263158,13.6186,6.77679,10.1977,3.4209,0.325228,0.185571,0.2554,0.0698287,0.116073,V1 m2,V1,2,26,cooldown,10,0.0681081
2025,167,742.229,0.0631773,4.44448,0.325096,7.12145,1.23917,4.18031,2.94114,0.376162,0.263952,0.320057,0.0561053,0.0848818,V1 m2,V1,2,26,cooldown,10,-0.0455816
2020,193,4167.48,0.451461,21.5931,0.570578,29.0433,12.5159,20.7796,8.26372,0.73923,0.365094,0.552162,0.187068,0.296457,V1 m2,V1,2,26,réouverture,5,
2021,201,-28.4809,-0.0904249,-0.141696,0.0474378,-1.24563,1.01856,-0.113534,-1.1321,0.180428,-0.0923376,0.0440452,0.136383,0.0147947,V1 m2,V1,2,26,réouverture,5,
2022,178,73.435,-0.0272387,0.412556,0.0739675,-24.9612,29.4548,2.2468,-27.208,-0.452585,0.676649,0.112032,-0.564617,0.0139194,V1 m2,V1,2,26,réouverture,5,
2023,197,3193.39,0.357876,16.2101,0.454006,26.7552,5.11581,15.9355,10.8197,0.914894,-0.0308876,0.442003,0.472891,0.232566,V1 m2,V1,2,26,réouverture,5,
2024,178,2583.03,0.263374,14.5114,0.425223,15.6435,13.0264,14.335,1.30858,0.417787,0.434976,0.426381,-0.00859445,0.194578,V1 m2,V1,2,26,réouverture,5,
2025,173,931.716,0.0830038,5.38564,0.245864,10.4155,-0.461552,4.97697,5.43852,0.450063,0.00848411,0.229273,0.220789,0.0867582,V1 m2,V1,2,26,réouverture,5,
2020,193,3202.48,0.318126,16.5931,0.463522,24.0433,7.5159,15.7796,8.26372,0.623292,0.26886,0.446076,0.177216,0.232417,V1 m2,V1,2,26,réouverture,10,
2021,201,-1033.48,-0.17749,-5.1417,-0.0221796,-6.24563,-3.98144,-5.11353,-1.1321,0.113816,-0.165113,-0.0256488,0.139464,-0.020092,V1 m2,V1,2,26,réouverture,10,
2022,178,-816.565,-0.110121,-4.58744,-0.0427556,-29.9612,24.4548,-2.7532,-27.208,-0.572723,0.563833,-0.00444476,-0.568278,-0.0332392,V1 m2,V1,2,26,réouverture,10,
2023,197,2208.39,0.230651,11.2101,0.241937,21.7552,0.115807,10.9355,10.8197,0.695688,-0.235446,0.230121,0.465567,0.1399,V1 m2,V1,2,26,réouverture,10,
2024,178,1693.03,0.155888,9.51139,0.286495,10.6435,8.02637,9.33495,1.30858,0.280628,0.294191,0.287409,-0.00678148,0.126759,V1 m2,V1,2,26,réouverture,10,
2025,173,66.716,-0.0067272,0.385642,0.067072,5.41549,-5.46155,-0.0230332,5.43852,0.278096,-0.178243,0.0499263,0.228169,0.0179786,V1 m2,V1,2,26,réouverture,10,
2020,189,4031.23,0.43142,21.3293,0.566471,24.7703,17.1191,20.9447,3.82557,0.678192,0.429776,0.553984,0.124208,0.284484,V1 m2.5,V1,2.5,26,cooldown,5,0.05237
2021,192,-582.844,-0.121415,-3.03565,0.033972,14.764,-22.3831,-3.80955,18.5735,0.31179,-0.268004,0.0218929,0.289897,0.00783437,V1 m2.5,V1,2.5,26,cooldown,5,0.0102221
2022,173,1531.56,0.11912,8.85297,0.190095,-24.4335,47.5485,11.5575,-35.991,-0.4489,0.932926,0.242013,-0.690913,0.0640386,V1 m2.5,V1,2.5,26,cooldown,5,-0.114618
2023,188,3824.76,0.445689,20.3445,0.555695,33.5091,6.3118,19.9105,13.5987,1.14128,-0.068505,0.53639,0.604895,0.272282,V1 m2.5,V1,2.5,26,cooldown,5,0.0520207
2024,171,2595.29,0.265192,15.1771,0.394955,17.8974,11.7768,14.8371,3.06031,0.449875,0.326305,0.38809,0.0617847,0.177039,V1 m2.5,V1,2.5,26,cooldown,5,0.0606107
2025,167,1569.11,0.154651,9.39588,0.491569,11.2236,7.20745,9.21552,2.00806,0.521057,0.456261,0.488659,0.0323981,0.149757,V1 m2.5,V1,2.5,26,cooldown,5,-0.058159
2020,189,3086.23,0.302519,16.3293,0.45892,19.7703,12.1191,15.9447,3.82557,0.56108,0.333925,0.447502,0.113578,0.222054,V1 m2.5,V1,2.5,26,cooldown,10,0.05237
2021,192,-1542.84,-0.201936,-8.03565,-0.0354871,9.764,-27.3831,-8.80955,18.5735,0.24464,-0.339973,-0.0476665,0.292307,-0.0252135,V1 m2.5,V1,2.5,26,cooldown,10,0.0102221
2022,173,666.564,0.0263996,3.85297,0.0720422,-29.4335,42.5485,6.55749,-35.991,-0.57035,0.818823,0.124237,-0.694586,0.0155057,V1 m2.5,V1,2.5,26,cooldown,10,-0.114618
2023,188,2884.76,0.316188,15.3445,0.348891,28.5091,1.3118,14.9105,13.5987,0.936554,-0.277519,0.329517,0.607036,0.180992,V1 m2.5,V1,2.5,26,cooldown,10,0.0520207
2024,171,1740.29,0.161611,10.1771,0.255661,12.8974,6.77679,9.8371,3.06031,0.311733,0.185571,0.248652,0.063081,0.112458,V1 m2.5,V1,2.5,26,cooldown,10,0.0606107
2025,167,734.112,0.0622002,4.39588,0.312519,6.22358,2.20745,4.21552,2.00806,0.345888,0.272563,0.309226,0.0366624,0.0793924,V1 m2.5,V1,2.5,26,cooldown,10,-0.058159
2020,192,4258.88,0.463962,22.1817,0.576897,27.2351,15.953,21.5941,5.64104,0.716434,0.40491,0.560672,0.155762,0.296349,V1 m2.5,V1,2.5,26,réouverture,5,
2021,200,766.544,-0.0133498,3.83272,0.0652604,5.09589,2.51798,3.80694,1.28895,0.210942,-0.0863668,0.0622873,0.148654,0.0237112,V1 m2.5,V1,2.5,26,réouverture,5,
2022,177,1921.08,0.16209,10.8535,0.203858,-24.4066,51.7037,13.6486,-38.0551,-0.444688,0.955223,0.255267,-0.699956,0.0724615,V1 m2.5,V1,2.5,26,réouverture,5,
2023,194,3262.25,0.367125,16.8157,0.489596,29.0568,4.05928,16.558,12.4987,1.04715,-0.0914391,0.477858,0.569297,0.241532,V1 m2.5,V1,2.5,26,réouverture,5,
2024,178,2473.16,0.249286,13.8941,0.414017,14.9652,12.4892,13.7272,1.23798,0.405093,0.425723,0.415408,-0.0103146,0.188589,V1 m2.5,V1,2.5,26,réouverture,5,
2025,173,902.93,0.0797726,5.21925,0.226512,9.53693,0.199951,4.86844,4.66849,0.42044,0.00107101,0.210755,0.209684,0.0790281,V1 m2.5,V1,2.5,26,réouverture,5,
2020,192,3298.88,0.330149,17.1817,0.469596,22.2351,10.953,16.5941,5.64104,0.599909,0.308978,0.454443,0.145465,0.232498,V1 m2.5,V1,2.5,26,réouverture,10,
2021,200,-233.456,-0.107309,-1.16728,-0.00455883,0.0958933,-2.48202,-1.19306,1.28895,0.143963,-0.159143,-0.00758988,0.151553,-0.0114099,V1 m2.5,V1,2.5,26,réouverture,10,
2022,177,1036.08,0.0636989,5.85355,0.0862935,-29.4066,46.7037,8.64856,-38.0551,-0.565732,0.841689,0.137978,-0.70371,0.0225579,V1 m2.5,V1,2.5,26,réouverture,10,
2023,194,2292.25,0.240898,11.8157,0.282893,24.0568,-0.940718,11.558,12.4987,0.838322,-0.295923,0.2712,0.567122,0.149921,V1 m2.5,V1,2.5,26,réouverture,10,
2024,178,1583.16,0.142992,8.89414,0.27529,9.96519,7.48924,8.72722,1.23798,0.267934,0.284938,0.276436,-0.00850166,0.121108,V1 m2.5,V1,2.5,26,réouverture,10,
2025,173,37.9302,-0.00969221,0.21925,0.0477196,4.53693,-4.80005,-0.131561,4.66849,0.248473,-0.185656,0.0314083,0.217064,0.0107332,V1 m2.5,V1,2.5,26,réouverture,10,
2020,189,3907.77,0.413709,20.676,0.559527,24.946,15.4515,20.1988,4.74725,0.686002,0.404782,0.545392,0.14061,0.279997,V1 m3,V1,3,26,cooldown,5,0.0454268
2021,192,-886.931,-0.147977,-4.61943,0.0101341,11.2948,-21.9175,-5.31135,16.6061,0.25681,-0.257992,-0.000590948,0.257401,-0.00367126,V1 m3,V1,3,26,cooldown,5,-0.0136158
2022,173,1654.39,0.131348,9.56294,0.256467,-19.9672,43.8917,11.9623,-31.9294,-0.269039,0.867368,0.299164,-0.568204,0.093823,V1 m3,V1,3,26,cooldown,5,-0.0482453
2023,188,3812.37,0.443859,20.2786,0.552399,33.7689,5.89882,19.8339,13.935,1.14414,-0.0783603,0.532891,0.611251,0.270712,V1 m3,V1,3,26,cooldown,5,0.0487247
2024,171,2285.32,0.22639,13.3645,0.347804,14.3918,12.0802,13.236,1.1558,0.359169,0.333598,0.346383,0.0127853,0.153477,V1 m3,V1,3,26,cooldown,5,0.0134595
2025,167,1602.14,0.158252,9.59366,0.494506,13.1171,5.37477,9.24595,3.87118,0.565058,0.410028,0.487543,0.0775153,0.151017,V1 m3,V1,3,26,cooldown,5,-0.0552225
2020,189,2962.77,0.286396,15.676,0.451977,19.946,10.4515,15.1988,4.74725,0.56889,0.30893,0.43891,0.12998,0.217785,V1 m3,V1,3,26,cooldown,10,0.0454268
2021,192,-1846.93,-0.226076,-9.61943,-0.059325,6.29478,-26.9175,-10.3114,16.6061,0.18966,-0.329961,-0.0701504,0.259811,-0.0363442,V1 m3,V1,3,26,cooldown,10,-0.0136158
2022,173,789.388,0.0376198,4.56294,0.138415,-24.9672,38.8917,6.96226,-31.9294,-0.390489,0.753266,0.181388,-0.571877,0.0439486,V1 m3,V1,3,26,cooldown,10,-0.0482453
2023,188,2872.37,0.314522,15.2786,0.345595,28.7689,0.898817,14.8339,13.935,0.939411,-0.287374,0.326018,0.613393,0.179535,V1 m3,V1,3,26,cooldown,10,0.0487247
2024,171,1430.32,0.125968,8.36446,0.20851,9.39184,7.08024,8.23604,1.1558,0.221027,0.192864,0.206945,0.0140816,0.0901812,V1 m3,V1,3,26,cooldown,10,0.0134595
2025,167,767.142,0.0655148,4.59366,0.315455,8.11714,0.374768,4.24595,3.87118,0.389889,0.22633,0.30811,0.0817796,0.0805753,V1 m3,V1,3,26,cooldown,10,-0.0552225
2020,192,4135.42,0.445849,21.5386,0.570063,27.4075,14.3048,20.8562,6.55136,0.724097,0.380206,0.552152,0.171946,0.291821,V1 m3,V1,3,26,réouverture,5,
2021,199,301.414,-0.0583437,1.51465,0.0261646,1.6947,1.32531,1.51,0.184691,0.15704,-0.111457,0.0227915,0.134248,0.00382196,V1 m3,V1,3,26,réouverture,5,
2022,177,2043.9,0.174788,11.5475,0.268731,-20.0343,48.1361,14.0509,-34.0852,-0.268614,0.891265,0.311325,-0.57994,0.102482,V1 m3,V1,3,26,réouverture,5,
2023,193,3118.68,0.347623,16.159,0.465877,28.9141,3.00101,15.9576,12.9566,1.03876,-0.125097,0.456832,0.581929,0.226298,V1 m3,V1,3,26,réouverture,5,
2024,177,2204.55,0.216001,12.4551,0.374829,11.6679,13.5012,12.5846,-0.916679,0.319776,0.447992,0.383884,-0.0641081,0.166874,V1 m3,V1,3,26,réouverture,5,
2025,172,1008.33,0.0910359,5.86237,0.24565,11.3898,-0.644562,5.3726,6.01716,0.463495,-0.0108011,0.226347,0.237148,0.0872089,V1 m3,V1,3,26,réouverture,5,
2020,192,3175.42,0.313683,16.5386,0.462761,22.4075,9.30483,15.8562,6.55136,0.607572,0.284274,0.445923,0.161649,0.228193,V1 m3,V1,3,26,réouverture,10,
2021,199,-693.586,-0.147612,-3.48535,-0.0434956,-3.3053,-3.67469,-3.49,0.184691,0.0900609,-0.183936,-0.0469378,0.136999,-0.0303752,V1 m3,V1,3,26,réouverture,10,
2022,177,1158.9,0.0753269,6.54747,0.151166,-25.0343,43.1361,9.0509,-34.0852,-0.389658,0.77773,0.194036,-0.583694,0.0511984,V1 m3,V1,3,26,réouverture,10,
2023,193,2153.68,0.2238,11.159,0.258754,23.9141,-1.99899,10.9576,12.9566,0.829079,-0.329581,0.249749,0.57933,0.136161,V1 m3,V1,3,26,réouverture,10,
2024,177,1319.55,0.11308,7.45508,0.235804,6.66788,8.50123,7.58455,-0.916679,0.182617,0.306488,0.244552,-0.0619356,0.100856,V1 m3,V1,3,26,réouverture,10,
2025,172,148.328,0.0011436,0.862369,0.0668518,6.38976,-5.64456,0.3726,6.01716,0.291528,-0.19764,0.0469438,0.244584,0.0188522,V1 m3,V1,3,26,réouverture,10,
2020,189,3616.62,0.372867,19.1355,0.537627,23.7258,13.5192,18.6225,5.10331,0.669169,0.376682,0.522926,0.146243,0.266789,V1 m4,V1,4,26,cooldown,5,0.023527
2021,192,-923.377,-0.151713,-4.80926,-0.00266133,10.1417,-21.0602,-5.4593,15.6009,0.241286,-0.267821,-0.0132677,0.254554,-0.00984213,V1 m4,V1,4,26,cooldown,5,-0.0264112
2022,173,1787.69,0.146493,10.3335,0.270862,-19.6924,45.2385,12.7731,-32.4655,-0.259424,0.887319,0.313948,-0.573372,0.100647,V1 m4,V1,4,26,cooldown,5,-0.0338505
2023,188,4108.73,0.486799,21.8549,0.577738,33.5519,9.3868,21.4693,12.0825,1.12529,-0.00591778,0.559686,0.565604,0.288762,V1 m4,V1,4,26,cooldown,5,0.0740633
2024,171,2244.55,0.221296,13.126,0.341871,14.5463,11.3506,12.9485,1.59785,0.364095,0.31409,0.339093,0.0250025,0.150524,V1 m4,V1,4,26,cooldown,5,0.0075265
2025,167,1761.1,0.17664,10.5455,0.523801,14.5118,5.79648,10.1541,4.35764,0.610153,0.420406,0.515279,0.0948736,0.168633,V1 m4,V1,4,26,cooldown,5,-0.025927
2020,189,2671.62,0.249213,14.1355,0.430077,18.7258,8.5192,13.6225,5.10331,0.552057,0.280831,0.416444,0.135613,0.205218,V1 m4,V1,4,26,cooldown,10,0.023527
2021,192,-1883.38,-0.229471,-9.80926,-0.0721204,5.14165,-26.0602,-10.4593,15.6009,0.174136,-0.33979,-0.0828272,0.256963,-0.0423146,V1 m4,V1,4,26,cooldown,10,-0.0264112
2022,173,922.692,0.0515168,5.33348,0.152809,-24.6924,40.2385,7.77308,-32.4655,-0.380874,0.773217,0.196171,-0.577045,0.0504632,V1 m4,V1,4,26,cooldown,10,-0.0338505
2023,188,3168.73,0.353635,16.8549,0.370933,28.5519,4.3868,16.4693,12.0825,0.920559,-0.214932,0.352814,0.567746,0.196293,V1 m4,V1,4,26,cooldown,10,0.0740633
2024,171,1389.55,0.12129,8.12601,0.202577,9.54632,6.35062,7.94847,1.59785,0.225954,0.173356,0.199655,0.0262989,0.0873891,V1 m4,V1,4,26,cooldown,10,0.0075265
2025,167,926.102,0.0824393,5.54552,0.344751,9.51175,0.796482,5.15412,4.35764,0.434984,0.236708,0.335846,0.0991379,0.0971216,V1 m4,V1,4,26,cooldown,10,-0.025927
2020,192,3844.27,0.404079,20.0222,0.548505,26.2104,12.395,19.3027,6.9077,0.707582,0.352433,0.530008,0.177574,0.278492,V1 m4,V1,4,26,réouverture,5,
2021,199,264.968,-0.0624725,1.3315,0.0138192,0.564176,2.13837,1.35127,-0.787097,0.14182,-0.120779,0.0105203,0.1313,-0.00239532,V1 m4,V1,4,26,réouverture,5,
2022,177,2177.21,0.190514,12.3006,0.2828,-19.7653,49.4501,14.8424,-34.6077,-0.259202,0.910729,0.325764,-0.584965,0.10936,V1 m4,V1,4,26,réouverture,5,
2023,193,3940.49,0.461866,20.417,0.538815,32.0177,8.19931,20.1085,11.9092,1.07719,-0.0282012,0.524497,0.552698,0.272868,V1 m4,V1,4,26,réouverture,5,
2024,175,2182.85,0.213629,12.4734,0.365153,11.3556,13.9992,12.6774,-1.3218,0.309692,0.44085,0.375271,-0.065579,0.159851,V1 m4,V1,4,26,réouverture,5,
2025,172,1167.29,0.108357,6.78656,0.274093,12.7544,-0.238863,6.25776,6.49663,0.50762,-0.000817152,0.253401,0.254218,0.103849,V1 m4,V1,4,26,réouverture,5,
2020,192,2884.27,0.275712,15.0222,0.441204,21.2104,7.39496,14.3027,6.9077,0.591056,0.256502,0.423779,0.167277,0.215518,V1 m4,V1,4,26,réouverture,10,
2021,199,-730.032,-0.151352,-3.6685,-0.0558409,-4.43582,-2.86163,-3.64873,-0.787097,0.074841,-0.193259,-0.059209,0.13405,-0.0363826,V1 m4,V1,4,26,réouverture,10,
2022,177,1292.21,0.0897289,7.3006,0.165235,-24.7653,44.4501,9.84241,-34.6077,-0.380245,0.797195,0.208475,-0.58872,0.0577582,V1 m4,V1,4,26,réouverture,10,
2023,193,2975.49,0.3276,15.417,0.331615,27.0177,3.19931,15.1085,11.9092,0.868688,-0.234025,0.317331,0.551357,0.179274,V1 m4,V1,4,26,réouverture,10,
2024,175,1307.85,0.11202,7.47344,0.225792,6.35558,8.99918,7.67738,-1.3218,0.172533,0.298483,0.235508,-0.0629747,0.0948268,V1 m4,V1,4,26,réouverture,10,
2025,172,307.288,0.0170456,1.78656,0.0952957,7.75439,-5.23886,1.25776,6.49663,0.335653,-0.187656,0.0739983,0.261654,0.0344534,V1 m4,V1,4,26,réouverture,10,
2020,189,2162.91,0.207496,11.4439,0.252076,15.4356,6.56003,10.9978,4.4378,0.309647,0.181637,0.245642,0.0640047,0.113978,V2 m1,V2,1,26,cooldown,5,-0.262024
2021,192,1385.58,0.0717021,7.21658,0.054179,14.6913,-0.908108,6.89159,7.7997,0.297261,-0.21004,0.0436102,0.25365,0.0188263,V2 m1,V2,1,26,cooldown,5,0.0304291
2022,173,1023.26,0.0669888,5.91478,0.270262,-21.804,38.1379,8.16693,-29.971,-0.194896,0.811009,0.308057,-0.502952,0.102067,V2 m1,V2,1,26,cooldown,5,-0.0344499
2023,188,1908.27,0.199446,10.1504,0.269133,9.14249,11.2247,10.1836,-1.04111,0.311687,0.223772,0.26773,0.0439575,0.126681,V2 m1,V2,1,26,cooldown,5,-0.234541
2024,171,1666.58,0.157488,9.7461,0.278671,17.6246,-0.102055,8.76128,8.86334,0.466215,0.0442425,0.255229,0.210986,0.121118,V2 m1,V2,1,26,cooldown,5,-0.0556729
2025,167,1699.47,0.172743,10.1765,0.385445,10.308,10.019,10.1635,0.144536,0.395527,0.373373,0.38445,0.0110768,0.132188,V2 m1,V2,1,26,cooldown,5,-0.164283
2020,189,1217.91,0.098676,6.44395,0.144526,10.4356,1.56003,5.99782,4.4378,0.192535,0.0857858,0.13916,0.0533746,0.059782,V2 m1,V2,1,26,cooldown,10,-0.262024
2021,192,425.584,-0.02642,2.21658,-0.0152801,9.6913,-5.90811,1.89159,7.7997,0.230111,-0.282009,-0.0259493,0.25606,-0.0145859,V2 m1,V2,1,26,cooldown,10,0.0304291
2022,173,158.256,-0.0214342,0.914777,0.15221,-26.804,33.1379,3.16693,-29.971,-0.316346,0.696906,0.19028,-0.506626,0.0518295,V2 m1,V2,1,26,cooldown,10,-0.0344499
2023,188,968.269,0.0919035,5.15037,0.0623287,4.14249,6.2247,5.18359,-1.04111,0.106956,0.0147584,0.0608574,0.046099,0.0457975,V2 m1,V2,1,26,cooldown,10,-0.234541
2024,171,811.582,0.06268,4.7461,0.139377,12.6246,-5.10206,3.76128,8.86334,0.328073,-0.0964919,0.115791,0.212282,0.0595875,V2 m1,V2,1,26,cooldown,10,-0.0556729
2025,167,864.471,0.0788535,5.17647,0.206395,5.30803,5.01895,5.16349,0.144536,0.220358,0.189676,0.205017,0.0153411,0.062885,V2 m1,V2,1,26,cooldown,10,-0.164283
2020,205,2893.55,0.296561,14.1149,0.283725,22.2334,4.52811,13.3808,8.85264,0.423975,0.11811,0.271042,0.152932,0.14361,V2 m1,V2,1,26,réouverture,5,
2021,223,3880.02,0.339276,17.3992,0.153442,12.606,22.3231,17.4646,-4.85859,0.321862,-0.0195716,0.151145,0.170717,0.0797243,V2 m1,V2,1,26,réouverture,5,
2022,191,-452.122,-0.085882,-2.36713,0.0383461,-27.3623,26.8886,-0.236864,-27.1254,-0.359266,0.503733,0.0722335,-0.4315,-0.00322372,V2 m1,V2,1,26,réouverture,5,
2023,212,1866.29,0.193535,8.80323,0.170567,8.60178,9.00852,8.80515,-0.203371,0.252131,0.0874502,0.169791,0.0823404,0.106054,V2 m1,V2,1,26,réouverture,5,
2024,185,1820.72,0.173684,9.84173,0.287528,15.6954,2.15879,8.92709,6.76831,0.433536,0.0958928,0.264714,0.168822,0.137832,V2 m1,V2,1,26,réouverture,5,
2025,185,1355.45,0.132632,7.32677,0.212836,7.03731,7.69843,7.36787,-0.330562,0.147433,0.29681,0.222121,-0.0746885,0.0872721,V2 m1,V2,1,26,réouverture,5,
2020,205,1868.55,0.170352,9.11487,0.178372,17.2334,-0.471887,8.38075,8.85264,0.310321,0.0225595,0.16644,0.143881,0.0845273,V2 m1,V2,1,26,réouverture,10,
2021,223,2765.02,0.198057,12.3992,0.0843707,7.60596,17.3231,12.4646,-4.85859,0.255817,-0.0917515,0.0820328,0.173784,0.0389409,V2 m1,V2,1,26,réouverture,10,
2022,191,-1407.12,-0.169217,-7.36713,-0.0810975,-32.3623,21.8886,-5.23686,-27.1254,-0.480854,0.386799,-0.0470274,-0.433827,-0.0537274,V2 m1,V2,1,26,réouverture,10,
2023,212,806.285,0.0735558,3.80323,-0.0403547,3.60178,4.00852,3.80515,-0.203371,0.0370757,-0.11926,-0.0410921,0.0781678,0.0166491,V2 m1,V2,1,26,réouverture,10,
2024,185,895.72,0.0700376,4.84173,0.147239,10.6954,-2.84121,3.92709,6.76831,0.296028,-0.0480456,0.123991,0.172037,0.0702659,V2 m1,V2,1,26,réouverture,10,
2025,185,430.453,0.0325975,2.32677,0.0283676,2.03731,2.69843,2.36787,-0.330562,-0.0322703,0.106224,0.0369767,-0.0692469,0.0133769,V2 m1,V2,1,26,réouverture,10,
2020,189,4975.12,0.587345,26.3234,0.535637,34.7074,16.0653,25.3864,9.32104,0.677572,0.361977,0.519774,0.157798,0.273239,V2 m1.5,V2,1.5,26,cooldown,5,0.021537
2021,192,359.661,-0.0378807,1.87324,-0.0199378,13.0193,-10.2421,1.38862,11.6307,0.285327,-0.351748,-0.0332102,0.318537,-0.0174628,V2 m1.5,V2,1.5,26,cooldown,5,-0.0436877
2022,173,1329.55,0.0985267,7.68526,0.31638,-23.2581,43.6569,10.1994,-33.4575,-0.211014,0.929476,0.359231,-0.570245,0.121841,V2 m1.5,V2,1.5,26,cooldown,5,0.0116678
2023,188,2241.04,0.238472,11.9204,0.330112,13.8796,9.83216,11.8559,2.0237,0.421954,0.232214,0.327084,0.0948697,0.157351,V2 m1.5,V2,1.5,26,cooldown,5,-0.173562
2024,171,1976.58,0.191262,11.5589,0.310295,19.481,1.65637,10.5687,8.91229,0.533337,0.0314924,0.282415,0.250922,0.135683,V2 m1.5,V2,1.5,26,cooldown,5,-0.0240494
2025,167,1728.71,0.173683,10.3516,0.513934,7.40596,13.8786,10.6423,-3.2363,0.33847,0.724029,0.531249,-0.192779,0.15896,V2 m1.5,V2,1.5,26,cooldown,5,-0.0357942
2020,189,4030.12,0.444485,21.3234,0.428087,29.7074,11.0653,20.3864,9.32104,0.56046,0.266125,0.413292,0.147167,0.211338,V2 m1.5,V2,1.5,26,cooldown,10,0.021537
2021,192,-600.339,-0.126019,-3.12676,-0.0893968,8.01933,-15.2421,-3.61138,11.6307,0.218177,-0.423717,-0.10277,0.320947,-0.049691,V2 m1.5,V2,1.5,26,cooldown,10,-0.0436877
2022,173,464.55,0.00750397,2.68526,0.198328,-28.2581,38.6569,5.19941,-33.4575,-0.332464,0.815373,0.241455,-0.573918,0.0707081,V2 m1.5,V2,1.5,26,cooldown,10,0.0116678
2023,188,1301.04,0.127448,6.92044,0.123308,8.87956,4.83216,6.85586,2.0237,0.217223,0.0232004,0.120212,0.0970113,0.0742761,V2 m1.5,V2,1.5,26,cooldown,10,-0.173562
2024,171,1121.58,0.0937015,6.55892,0.171001,14.481,-3.34363,5.56867,8.91229,0.395195,-0.109242,0.142977,0.252219,0.0733583,V2 m1.5,V2,1.5,26,cooldown,10,-0.0240494
2025,167,893.713,0.0797178,5.35158,0.334884,2.40596,8.87857,5.64226,-3.2363,0.163301,0.540331,0.351816,-0.188515,0.0880359,V2 m1.5,V2,1.5,26,cooldown,10,-0.0357942
2020,200,5019.87,0.592921,25.0994,0.520916,34.3363,13.8097,24.073,10.2633,0.706801,0.293723,0.500262,0.206539,0.282722,V2 m1.5,V2,1.5,26,réouverture,5,
2021,210,1954.99,0.103744,9.30949,0.02299,10.4118,8.14233,9.27707,1.13474,0.272258,-0.240941,0.0156586,0.256599,0.00305254,V2 m1.5,V2,1.5,26,réouverture,5,
2022,186,618.173,0.0170675,3.32351,0.182861,-22.1166,32.2726,5.078,-27.1946,-0.199936,0.618458,0.209261,-0.409197,0.0637552,V2 m1.5,V2,1.5,26,réouverture,5,
2023,201,1956.75,0.203084,9.73509,0.214171,11.6534,7.79764,9.7255,1.92785,0.340301,0.0867792,0.21354,0.126761,0.119791,V2 m1.5,V2,1.5,26,réouverture,5,
2024,180,1996.69,0.192372,11.0927,0.29779,16.5369,3.81029,10.1736,6.36332,0.454523,0.088133,0.271328,0.183195,0.137729,V2 m1.5,V2,1.5,26,réouverture,5,
2025,178,1421.44,0.136159,7.98562,0.261112,8.27508,7.63899,7.95704,0.318045,0.226448,0.302624,0.264536,-0.0380876,0.100248,V2 m1.5,V2,1.5,26,réouverture,5,
2020,200,4019.87,0.441608,20.0994,0.415131,29.3363,8.80975,19.073,10.2633,0.592563,0.19827,0.395416,0.197147,0.217832,V2 m1.5,V2,1.5,26,réouverture,10,
2021,210,904.992,-0.00629603,4.30949,-0.0464796,5.4118,3.14233,4.27707,1.13474,0.205601,-0.313388,-0.0538937,0.259495,-0.0328818,V2 m1.5,V2,1.5,26,réouverture,10,
2022,186,-311.827,-0.0732892,-1.67649,0.0633013,-27.1166,27.2726,0.0780003,-27.1946,-0.321426,0.501094,0.0898341,-0.41126,0.0113334,V2 m1.5,V2,1.5,26,réouverture,10,
2023,201,951.753,0.0881187,4.73509,0.00499375,6.65335,2.79764,4.7255,1.92785,0.131099,-0.122373,0.00436322,0.126736,0.0339333,V2 m1.5,V2,1.5,26,réouverture,10,
2024,180,1096.69,0.0898047,6.09275,0.157624,11.5369,-1.18971,5.1736,6.36332,0.315877,-0.054065,0.130906,0.184971,0.0718318,V2 m1.5,V2,1.5,26,réouverture,10,
2025,178,531.441,0.0394461,2.98562,0.081229,3.27508,2.63899,2.95704,0.318045,0.0555024,0.112037,0.0837699,-0.0282675,0.0286438,V2 m1.5,V2,1.5,26,réouverture,10,
2020,189,4248.57,0.472378,22.4792,0.523367,32.1082,10.6978,21.403,10.7052,0.71275,0.291651,0.502201,0.210549,0.259248,V2 m2,V2,2,26,cooldown,5,0.00926655
2021,192,377.591,-0.0384906,1.96662,0.00960495,14.5566,-11.7182,1.41923,13.1374,0.299202,-0.305175,-0.00298624,0.302188,-0.00363279,V2 m2,V2,2,26,cooldown,5,-0.0141449
2022,173,1477.1,0.111664,8.53814,0.324763,-19.0341,40.5909,10.7784,-29.8125,-0.165005,0.894119,0.364557,-0.529562,0.123077,V2 m2,V2,2,26,cooldown,5,0.0200508
2023,188,3329.39,0.378559,17.7095,0.48967,25.6269,9.27014,17.4485,8.17836,0.741664,0.221062,0.481363,0.260301,0.242148,V2 m2,V2,2,26,cooldown,5,-0.014004
2024,171,2322.6,0.232869,13.5824,0.370735,21.0492,4.24899,12.6491,8.4001,0.571618,0.119631,0.345624,0.225993,0.165247,V2 m2,V2,2,26,cooldown,5,0.0363901
2025,167,1643.6,0.163486,9.84192,0.489893,9.06453,10.7727,9.91864,-0.854109,0.389947,0.609564,0.499756,-0.109809,0.154782,V2 m2,V2,2,26,cooldown,5,-0.0598354
2020,189,3303.57,0.339813,17.4792,0.415817,27.1082,5.6978,16.403,10.7052,0.595638,0.1958,0.395719,0.199919,0.198033,V2 m2,V2,2,26,cooldown,10,0.00926655
2021,192,-582.409,-0.126575,-3.03338,-0.0598541,9.55662,-16.7182,-3.58077,13.1374,0.232052,-0.377144,-0.0725457,0.304598,-0.0363106,V2 m2,V2,2,26,cooldown,10,-0.0141449
2022,173,612.098,0.0195575,3.53814,0.206711,-24.0341,35.5909,5.77838,-29.8125,-0.286455,0.780016,0.246781,-0.533236,0.0718879,V2 m2,V2,2,26,cooldown,10,0.0200508
2023,188,2389.39,0.255043,12.7095,0.282866,20.6269,4.27014,12.4485,8.17836,0.536933,0.0120479,0.27449,0.262442,0.153014,V2 m2,V2,2,26,cooldown,10,-0.014004
2024,171,1467.6,0.131921,8.58244,0.23144,16.0492,-0.751006,7.64909,8.4001,0.433476,-0.0211038,0.206186,0.22729,0.10131,V2 m2,V2,2,26,cooldown,10,0.0363901
2025,167,808.601,0.0703323,4.84192,0.310842,4.06453,5.77275,4.91864,-0.854109,0.214778,0.425867,0.320322,-0.105544,0.0841123,V2 m2,V2,2,26,cooldown,10,-0.0598354
2020,196,4208.02,0.465258,21.4695,0.512028,29.9179,11.1009,20.5094,9.4085,0.713035,0.265338,0.489187,0.223848,0.263885,V2 m2,V2,2,26,réouverture,5,
2021,203,1577.19,0.0628342,7.76943,0.0209692,6.10114,9.55689,7.82901,-1.72788,0.205704,-0.176961,0.0143715,0.191333,0.00165657,V2 m2,V2,2,26,réouverture,5,
2022,179,1614.71,0.125425,9.02074,0.305927,-20.7448,43.4483,11.3518,-32.0965,-0.18907,0.878453,0.344691,-0.533761,0.118932,V2 m2,V2,2,26,réouverture,5,
2023,197,3277.14,0.37091,16.6352,0.443339,22.9354,10.0069,16.4712,6.46425,0.647349,0.228703,0.438026,0.209323,0.228607,V2 m2,V2,2,26,réouverture,5,
2024,177,2629.84,0.27084,14.8579,0.424545,18.627,9.84887,14.2379,4.38908,0.540066,0.271023,0.405545,0.134521,0.199558,V2 m2,V2,2,26,réouverture,5,
2025,173,1087.96,0.10014,6.28878,0.244504,7.75141,4.54843,6.14992,1.60149,0.297741,0.181158,0.239449,0.0582915,0.0929945,V2 m2,V2,2,26,réouverture,5,
2020,196,3228.02,0.32867,16.4695,0.405569,24.9179,6.10094,15.5094,9.4085,0.597894,0.169534,0.383714,0.21418,0.200826,V2 m2,V2,2,26,réouverture,10,
2021,203,562.194,-0.0397893,2.76943,-0.0486974,1.10114,4.55689,2.82901,-1.72788,0.13879,-0.249577,-0.0553934,0.194183,-0.0331481,V2 m2,V2,2,26,réouverture,10,
2022,179,719.713,0.0290915,4.02074,0.188467,-25.7448,38.4483,6.35178,-32.0965,-0.30954,0.764475,0.227468,-0.537007,0.066322,V2 m2,V2,2,26,réouverture,10,
2023,197,2292.14,0.24247,11.6352,0.236498,17.9354,5.00692,11.4712,6.46425,0.438147,0.0243469,0.231247,0.2069,0.136361,V2 m2,V2,2,26,réouverture,10,
2024,177,1744.84,0.163304,9.85788,0.284743,13.627,4.84887,9.23795,4.38908,0.402083,0.128804,0.265444,0.136639,0.131435,V2 m2,V2,2,26,réouverture,10,
2025,173,222.958,0.00899727,1.28878,0.0662544,2.75141,-0.451568,1.14992,1.60149,0.126711,-0.00568098,0.0605149,0.0661959,0.0240615,V2 m2,V2,2,26,réouverture,10,
2020,189,4119.04,0.452179,21.7939,0.493888,32.7039,8.44509,20.5745,12.1294,0.689766,0.254225,0.471995,0.21777,0.241242,V2 m2.5,V2,2.5,26,cooldown,5,-0.0202129
2021,192,268.755,-0.0508036,1.39976,0.0116448,10.7036,-8.71315,0.995248,9.7084,0.250033,-0.247472,0.00128013,0.248753,-0.00289647,V2 m2.5,V2,2.5,26,cooldown,5,-0.0121051
2022,173,1544.97,0.119216,8.93046,0.330359,-19.0597,41.4691,11.2047,-30.2644,-0.165106,0.906336,0.370615,-0.535721,0.125796,V2 m2.5,V2,2.5,26,cooldown,5,0.0256462
2023,188,3075.37,0.343363,16.3583,0.453605,26.8322,5.19395,16.0131,10.8191,0.790337,0.0946714,0.442504,0.347833,0.22398,V2 m2.5,V2,2.5,26,cooldown,5,-0.0500691
2024,171,2128.1,0.208927,12.445,0.344614,19.3915,3.76198,11.5767,7.81475,0.543755,0.0956882,0.319722,0.224033,0.153306,V2 m2.5,V2,2.5,26,cooldown,5,0.0102698
2025,167,1873.25,0.189711,11.217,0.513392,9.47053,13.3083,11.3894,-1.91887,0.442384,0.598415,0.520399,-0.0780159,0.167834,V2 m2.5,V2,2.5,26,cooldown,5,-0.036336
2020,189,3174.04,0.321423,16.7939,0.386337,27.7039,3.44509,15.5745,12.1294,0.572654,0.158373,0.365514,0.20714,0.180898,V2 m2.5,V2,2.5,26,cooldown,10,-0.0202129
2021,192,-691.245,-0.137766,-3.60024,-0.0578142,5.70364,-13.7131,-4.00475,9.7084,0.182883,-0.319442,-0.0682793,0.251162,-0.0355974,V2 m2.5,V2,2.5,26,cooldown,10,-0.0121051
2022,173,679.969,0.0264871,3.93046,0.212306,-24.0597,36.4691,6.20466,-30.2644,-0.286556,0.792233,0.252839,-0.539394,0.0744834,V2 m2.5,V2,2.5,26,cooldown,10,0.0256462
2023,188,2135.37,0.222985,11.3583,0.246801,21.8322,0.193949,11.0131,10.8191,0.585606,-0.114343,0.235632,0.349974,0.136144,V2 m2.5,V2,2.5,26,cooldown,10,-0.0500691
2024,171,1273.1,0.109928,7.44504,0.20532,14.3915,-1.23802,6.57673,7.81475,0.405613,-0.0450462,0.180284,0.22533,0.0900216,V2 m2.5,V2,2.5,26,cooldown,10,0.0102698
2025,167,1038.25,0.0944698,6.21704,0.334342,4.47053,8.30826,6.38939,-1.91887,0.267215,0.414718,0.340966,-0.0737516,0.096368,V2 m2.5,V2,2.5,26,cooldown,10,-0.036336
2020,195,4266.65,0.473681,21.8803,0.476778,31.9744,9.34963,20.662,11.3124,0.667761,0.239695,0.453728,0.214033,0.240174,V2 m2.5,V2,2.5,26,réouverture,5,
2021,201,1607.39,0.0640169,7.99697,0.0349893,2.45502,13.9388,8.19693,-5.74192,0.160404,-0.0994758,0.0304641,0.12994,0.00840805,V2 m2.5,V2,2.5,26,réouverture,5,
2022,179,1682.58,0.133071,9.39991,0.311334,-20.7696,44.2947,11.7626,-32.5322,-0.189167,0.890228,0.35053,-0.539698,0.12164,V2 m2.5,V2,2.5,26,réouverture,5,
2023,196,3039.64,0.33812,15.5084,0.413823,24.093,6.38156,15.2373,8.85571,0.694094,0.11585,0.404972,0.289122,0.212309,V2 m2.5,V2,2.5,26,réouverture,5,
2024,176,2358.6,0.236814,13.4011,0.41263,17.0678,8.46333,12.7656,4.30223,0.513859,0.27631,0.395084,0.118774,0.186274,V2 m2.5,V2,2.5,26,réouverture,5,
2025,173,1317.6,0.124938,7.6162,0.267188,8.14445,6.98766,7.56605,0.578394,0.348504,0.170433,0.259468,0.0890357,0.105348,V2 m2.5,V2,2.5,26,réouverture,5,
2020,195,3291.65,0.33698,16.8803,0.369915,26.9744,4.34963,15.662,11.3124,0.551744,0.144195,0.34797,0.203774,0.178372,V2 m2.5,V2,2.5,26,réouverture,10,
2021,201,602.39,-0.0377592,2.99697,-0.0345021,-2.54498,8.93885,3.19693,-5.74192,0.0936996,-0.171956,-0.039128,0.132828,-0.0262041,V2 m2.5,V2,2.5,26,réouverture,10,
2022,179,787.584,0.0360859,4.39991,0.193875,-25.7696,39.2947,6.76258,-32.5322,-0.309637,0.77625,0.233307,-0.542943,0.068904,V2 m2.5,V2,2.5,26,réouverture,10,
2023,196,2059.64,0.213345,10.5084,0.206779,19.093,1.38156,10.2373,8.85571,0.484892,-0.0888989,0.197997,0.286896,0.121751,V2 m2.5,V2,2.5,26,réouverture,10,
2024,176,1478.6,0.132709,8.40112,0.272827,12.0678,3.46333,7.76557,4.30223,0.375876,0.134056,0.254966,0.12091,0.119295,V2 m2.5,V2,2.5,26,réouverture,10,
2025,173,452.603,0.0317516,2.6162,0.0889388,3.14445,1.98766,2.56605,0.578394,0.177474,-0.0164064,0.0805336,0.09694,0.0356384,V2 m2.5,V2,2.5,26,réouverture,10,
2020,189,4286.79,0.476111,22.6814,0.530847,31.9425,11.3503,21.6464,10.2961,0.697415,0.327045,0.51223,0.185185,0.262936,V2 m3,V2,3,26,cooldown,5,0.0167462
2021,192,335.167,-0.0445182,1.74566,0.0138657,10.7036,-7.99128,1.35618,9.34746,0.250033,-0.242838,0.00359755,0.246435,-0.00183587,V2 m3,V2,3,26,cooldown,5,-0.00988421
2022,173,2139,0.18642,12.3641,0.376414,-15.2502,44.4658,14.6078,-29.858,-0.116621,0.949567,0.416473,-0.533094,0.148281,V2 m3,V2,3,26,cooldown,5,0.0717014
2023,188,3672.67,0.425422,19.5355,0.551507,27.7179,10.8136,19.2657,8.45217,0.820667,0.2646,0.542633,0.278033,0.280945,V2 m3,V2,3,26,cooldown,5,0.0478327
2024,171,1875.59,0.1786,10.9684,0.303367,17.049,3.3676,10.2083,6.84069,0.476325,0.08717,0.281748,0.194578,0.133121,V2 m3,V2,3,26,cooldown,5,-0.0309771
2025,167,1807.87,0.181929,10.8256,0.501976,9.38922,12.5454,10.9673,-1.57809,0.440511,0.575572,0.508042,-0.0675302,0.161638,V2 m3,V2,3,26,cooldown,5,-0.0477521
2020,189,3341.79,0.343211,17.6814,0.423296,26.9425,6.3503,16.6464,10.2961,0.580304,0.231193,0.405748,0.174555,0.201544,V2 m3,V2,3,26,cooldown,10,0.0167462
2021,192,-624.833,-0.132054,-3.25434,-0.0555934,5.70364,-12.9913,-3.64382,9.34746,0.182883,-0.314807,-0.0659619,0.248845,-0.0345716,V2 m3,V2,3,26,cooldown,10,-0.00988421
2022,173,1274,0.088154,7.36415,0.258361,-20.2502,39.4658,9.60781,-29.858,-0.238071,0.835464,0.298696,-0.536768,0.0959473,V2 m3,V2,3,26,cooldown,10,0.0717014
2023,188,2732.67,0.297729,14.5355,0.344703,22.7179,5.81356,14.2657,8.45217,0.615936,0.0555864,0.335761,0.280175,0.189043,V2 m3,V2,3,26,cooldown,10,0.0478327
2024,171,1020.59,0.0820709,5.96837,0.164073,12.049,-1.6324,5.20829,6.84069,0.338183,-0.0535644,0.14231,0.195874,0.0709366,V2 m3,V2,3,26,cooldown,10,-0.0309771
2025,167,972.869,0.0873069,5.82556,0.322926,4.38922,7.5454,5.96731,-1.57809,0.265342,0.391874,0.328608,-0.0632659,0.090549,V2 m3,V2,3,26,cooldown,10,-0.0477521
2020,194,4503.52,0.508393,23.214,0.523453,32.1791,12.188,22.1836,9.99553,0.696324,0.310842,0.503583,0.192741,0.266894,V2 m3,V2,3,26,réouverture,5,
2021,201,1673.8,0.0710626,8.32737,0.0371107,2.45502,14.6235,8.53926,-6.08425,0.160404,-0.0950799,0.032662,0.127742,0.00948068,V2 m3,V2,3,26,réouverture,5,
2022,178,2451.63,0.222502,13.7732,0.370808,-15.4166,47.1832,15.8833,-31.2999,-0.119405,0.931896,0.406246,-0.525651,0.150681,V2 m3,V2,3,26,réouverture,5,
2023,193,3504.43,0.401518,18.1576,0.513264,26.3016,9.58053,17.9411,8.36053,0.778725,0.233683,0.506204,0.272521,0.265147,V2 m3,V2,3,26,réouverture,5,
2024,176,2106.09,0.205788,11.9664,0.372555,14.8645,8.0637,11.4641,3.40038,0.450434,0.267678,0.359056,0.0913783,0.165512,V2 m3,V2,3,26,réouverture,5,
2025,173,1252.23,0.117579,7.2383,0.256168,8.06573,6.25377,7.15975,0.905981,0.346691,0.148456,0.247574,0.0991175,0.0994836,V2 m3,V2,3,26,réouverture,5,
2020,194,3533.52,0.369173,18.214,0.416633,27.1791,7.18805,17.1836,9.99553,0.5803,0.215342,0.397821,0.182479,0.204117,V2 m3,V2,3,26,réouverture,10,
2021,201,668.802,-0.0313843,3.32737,-0.0323807,-2.54498,9.62351,3.53926,-6.08425,0.0936996,-0.16756,-0.03693,0.13063,-0.0251683,V2 m3,V2,3,26,réouverture,10,
2022,178,1561.63,0.118463,8.77319,0.25306,-20.4166,42.1832,10.8833,-31.2999,-0.240449,0.817918,0.288735,-0.529183,0.0967643,V2 m3,V2,3,26,réouverture,10,
2023,193,2539.43,0.272768,13.1576,0.306064,21.3016,4.58053,12.9411,8.36053,0.570218,0.0278596,0.299039,0.271179,0.172127,V2 m3,V2,3,26,réouverture,10,
2024,176,1226.09,0.10428,6.96641,0.232752,9.86446,3.0637,6.46408,3.40038,0.312452,0.125424,0.218938,0.0935137,0.0996974,V2 m3,V2,3,26,réouverture,10,
2025,173,387.226,0.0249992,2.2383,0.0779186,3.06573,1.25377,2.15975,0.905981,0.175661,-0.0383826,0.0686393,0.107022,0.0301417,V2 m3,V2,3,26,réouverture,10,
2020,189,4549.2,0.515022,24.0698,0.55319,32.0445,14.3126,23.1786,8.86593,0.701809,0.37135,0.53658,0.165229,0.276306,V2 m4,V2,4,26,cooldown,5,0.0390897
2021,192,49.5505,-0.0719263,0.258075,-0.012573,8.97984,-9.2221,-0.121132,9.10097,0.216368,-0.261422,-0.022527,0.238895,-0.0145123,V2 m4,V2,4,26,cooldown,5,-0.0363229
2022,173,1883.24,0.156372,10.8858,0.339599,-18.0003,44.4658,13.2328,-31.2331,-0.185104,0.949567,0.382231,-0.567336,0.131541,V2 m4,V2,4,26,cooldown,5,0.0348867
2023,188,3863.4,0.452632,20.55,0.654648,29.5569,10.9492,20.2531,9.30384,1.01711,0.268291,0.642699,0.374408,0.305631,V2 m4,V2,4,26,cooldown,5,0.150974
2024,171,2477.66,0.250232,14.4892,0.378892,18.2166,9.82997,14.0233,4.19332,0.470135,0.264838,0.367486,0.102648,0.169707,V2 m4,V2,4,26,cooldown,5,0.0445474
2025,167,1612.34,0.158766,9.65472,0.462269,9.33455,10.0381,9.68631,-0.351768,0.438259,0.491017,0.464638,-0.0263788,0.142362,V2 m4,V2,4,26,cooldown,5,-0.0874591
2020,189,3604.2,0.378636,19.0698,0.44564,27.0445,9.31263,18.1786,8.86593,0.584697,0.275499,0.430098,0.154599,0.214267,V2 m4,V2,4,26,cooldown,10,0.0390897
2021,192,-910.45,-0.156963,-4.74192,-0.082032,3.97984,-14.2221,-5.12113,9.10097,0.149219,-0.333392,-0.0920864,0.241305,-0.046835,V2 m4,V2,4,26,cooldown,10,-0.0363229
2022,173,1018.24,0.0605812,5.88578,0.221547,-23.0003,39.4658,8.23277,-31.2331,-0.306554,0.835464,0.264455,-0.571009,0.0799637,V2 m4,V2,4,26,cooldown,10,0.0348867
2023,188,2923.4,0.322513,15.55,0.447844,24.5569,5.94925,15.2531,9.30384,0.812376,0.0592774,0.435827,0.376549,0.21197,V2 m4,V2,4,26,cooldown,10,0.150974
2024,171,1622.66,0.147869,9.48922,0.239598,13.2166,4.82997,9.02329,4.19332,0.331993,0.124104,0.228048,0.103945,0.105527,V2 m4,V2,4,26,cooldown,10,0.0445474
2025,167,777.338,0.0659872,4.65472,0.283219,4.33455,5.03808,4.68631,-0.351768,0.263091,0.30732,0.285205,-0.0221145,0.0724445,V2 m4,V2,4,26,cooldown,10,-0.0874591
2020,192,4494.6,0.507257,23.4094,0.52972,32.5828,12.1026,22.3427,10.2401,0.707204,0.31096,0.509082,0.198122,0.26742,V2 m4,V2,4,26,réouverture,5,
2021,201,1379.47,0.0394326,6.86305,0.0108891,0.797513,13.3663,7.0819,-6.28439,0.128035,-0.11471,0.00666215,0.121372,-0.00382365,V2 m4,V2,4,26,réouverture,5,
2022,178,2195.87,0.19154,12.3363,0.335028,-18.1088,47.1832,14.5372,-32.646,-0.186447,0.931896,0.372725,-0.559171,0.133906,V2 m4,V2,4,26,réouverture,5,
2023,193,3695.16,0.428272,19.1459,0.613734,28.1035,9.71189,18.9077,9.19579,0.971197,0.237257,0.604227,0.36697,0.289529,V2 m4,V2,4,26,réouverture,5,
2024,175,2712.39,0.279616,15.4994,0.448378,16.1647,14.6122,15.3885,0.776237,0.448876,0.447715,0.448295,0.000580516,0.203656,V2 m4,V2,4,26,réouverture,5,
2025,173,1079.42,0.0981666,6.23942,0.219019,8.25455,3.84166,6.04811,2.20644,0.346685,0.0671126,0.206899,0.139786,0.0817906,V2 m4,V2,4,26,réouverture,5,
2020,192,3534.6,0.369511,18.4094,0.422505,27.5828,7.10256,17.3427,10.2401,0.590679,0.215221,0.40295,0.187729,0.205032,V2 m4,V2,4,26,réouverture,10,
2021,201,374.472,-0.0600032,1.86305,-0.0586024,-4.20249,8.3663,2.0819,-6.28439,0.0613302,-0.18719,-0.0629299,0.12426,-0.0380189,V2 m4,V2,4,26,réouverture,10,
2022,178,1305.87,0.0901226,7.33635,0.217279,-23.1088,42.1832,9.5372,-32.646,-0.30749,0.817918,0.255214,-0.562704,0.0807688,V2 m4,V2,4,26,réouverture,10,
2023,193,2730.16,0.297076,14.1459,0.406534,23.1035,4.71189,13.9077,9.19579,0.76269,0.0314328,0.397061,0.365629,0.194727,V2 m4,V2,4,26,réouverture,10,
2024,175,1837.39,0.172513,10.4994,0.309171,11.1647,9.61224,10.3885,0.776237,0.311953,0.305461,0.308707,0.00324617,0.136268,V2 m4,V2,4,26,réouverture,10,
2025,173,214.419,0.00718593,1.23942,0.0407695,3.25455,-1.15834,1.04811,2.20644,0.175654,-0.119726,0.027964,0.14769,0.0135574,V2 m4,V2,4,26,réouverture,10,
2020,189,3285.47,0.354854,17.3834,0.371441,17.5092,17.2296,17.3694,0.13978,0.364722,0.379662,0.372192,-0.00746996,0.181328,V3 m1,V3,1,26,cooldown,5,-0.14266
2021,192,-967.565,-0.13754,-5.0394,-0.0705082,19.4414,-31.649,-6.10378,25.5452,0.334469,-0.5107,-0.0881159,0.422584,-0.038993,V3 m1,V3,1,26,cooldown,5,-0.0942581
2022,173,-918.377,-0.110451,-5.30854,-0.00212494,-33.4768,27.437,-3.01987,-30.4569,-0.556646,0.642506,0.0429299,-0.599576,-0.0148861,V3 m1,V3,1,26,cooldown,5,-0.306837
2023,188,2209.33,0.238927,11.7518,0.314721,13.3723,10.0244,11.6984,1.67391,0.316937,0.31236,0.314648,0.00228845,0.142259,V3 m1,V3,1,26,cooldown,5,-0.188953
2024,171,1952.4,0.194421,11.4175,0.313872,17.5163,3.79415,10.6552,6.86106,0.405845,0.198905,0.302375,0.10347,0.136843,V3 m1,V3,1,26,cooldown,5,-0.0204726
2025,167,1119.15,0.111023,6.7015,0.355615,6.28573,7.19933,6.74253,-0.456801,0.376307,0.330839,0.353573,0.022734,0.121274,V3 m1,V3,1,26,cooldown,5,-0.194113
2020,189,2340.47,0.232827,12.3834,0.26389,12.5092,12.2296,12.3694,0.13978,0.24761,0.28381,0.26571,-0.0181,0.123875,V3 m1,V3,1,26,cooldown,10,-0.14266
2021,192,-1927.56,-0.216583,-10.0394,-0.139967,14.4414,-36.649,-11.1038,25.5452,0.267319,-0.582669,-0.157675,0.424994,-0.0705186,V3 m1,V3,1,26,cooldown,10,-0.0942581
2022,173,-1783.38,-0.184239,-10.3085,-0.120177,-38.4768,22.437,-8.01987,-30.4569,-0.678096,0.528403,-0.0748465,-0.60325,-0.0598342,V3 m1,V3,1,26,cooldown,10,-0.306837
2023,188,1269.33,0.127865,6.75178,0.107917,8.37226,5.02445,6.69836,1.67391,0.112206,0.103346,0.107776,0.00443001,0.0602636,V3 m1,V3,1,26,cooldown,10,-0.188953
2024,171,1097.4,0.0966068,6.41755,0.174578,12.5163,-1.20585,5.65521,6.86106,0.267704,0.0581703,0.162937,0.104767,0.0744549,V3 m1,V3,1,26,cooldown,10,-0.0204726
2025,167,284.15,0.0220489,1.7015,0.176565,1.28573,2.19933,1.74253,-0.456801,0.201138,0.147142,0.17414,0.0269983,0.0526413,V3 m1,V3,1,26,cooldown,10,-0.194113
2020,211,3477.71,0.378123,16.482,0.339484,17.6141,15.0997,16.3569,1.25724,0.362028,0.311957,0.336993,0.0250354,0.185427,V3 m1,V3,1,26,réouverture,5,
2021,233,-121.682,-0.0882873,-0.522242,-0.0188287,7.12849,-8.10758,-0.489546,7.61804,0.249824,-0.285186,-0.0176806,0.267505,-0.0183512,V3 m1,V3,1,26,réouverture,5,
2022,197,-2425.58,-0.240343,-12.3126,-0.200151,-36.703,14.4131,-11.145,-25.5581,-0.678384,0.32387,-0.177257,-0.501127,-0.107907,V3 m1,V3,1,26,réouverture,5,
2023,225,1561.7,0.159879,6.94089,0.143174,8.87004,5.06252,6.96628,1.90376,0.173226,0.113913,0.143569,0.0296567,0.0970504,V3 m1,V3,1,26,réouverture,5,
2024,196,1697.84,0.162248,8.66247,0.246142,13.5416,2.15701,7.84929,5.69227,0.313226,0.156697,0.234962,0.0782643,0.122408,V3 m1,V3,1,26,réouverture,5,
2025,193,499.993,0.0434471,2.59064,0.15482,1.63589,3.80373,2.71981,-1.08392,0.102831,0.220877,0.161854,-0.0590229,0.0616047,V3 m1,V3,1,26,réouverture,5,
2020,211,2422.71,0.240287,11.482,0.234537,12.6141,10.0997,11.3569,1.25724,0.248796,0.217125,0.232961,0.0158355,0.122662,V3 m1,V3,1,26,réouverture,10,
2021,233,-1286.68,-0.188641,-5.52224,-0.0880796,2.12849,-13.1076,-5.48955,7.61804,0.183793,-0.357629,-0.0869178,0.270711,-0.0571723,V3 m1,V3,1,26,réouverture,10,
2022,197,-3410.58,-0.311725,-17.3126,-0.318149,-41.703,9.41313,-16.145,-25.5581,-0.799113,0.208866,-0.295124,-0.50399,-0.154096,V3 m1,V3,1,26,réouverture,10,
2023,225,436.701,0.0365087,1.94089,-0.0770984,3.87004,0.0625203,1.96628,1.90376,-0.053011,-0.100552,-0.0767814,0.0237704,0.00262216,V3 m1,V3,1,26,réouverture,10,
2024,196,717.844,0.0537945,3.66247,0.106352,8.54156,-2.84299,2.84929,5.69227,0.174911,0.0149392,0.0949253,0.0799861,0.0519436,V3 m1,V3,1,26,réouverture,10,
2025,193,-465.007,-0.0525459,-2.40936,-0.0299564,-3.36411,-1.19627,-2.28019,-1.08392,-0.076632,0.0293492,-0.0236414,-0.0529906,-0.0140856,V3 m1,V3,1,26,réouverture,10,
2020,189,5741.23,0.717378,30.3769,0.603308,37.257,21.9588,29.6079,7.64911,0.711802,0.470562,0.591182,0.12062,0.317446,V3 m1.5,V3,1.5,26,cooldown,5,0.0892074
2021,192,-1837.27,-0.216972,-9.56911,-0.10706,16.4099,-37.8072,-10.6986,27.1085,0.347007,-0.600611,-0.126802,0.473809,-0.0568498,V3 m1.5,V3,1.5,26,cooldown,5,-0.13081
2022,173,-670.061,-0.0898778,-3.87318,0.0376562,-35.8423,33.291,-1.27569,-34.5667,-0.616493,0.798105,0.0908059,-0.707299,-0.00151428,V3 m1.5,V3,1.5,26,cooldown,5,-0.267056
2023,188,2529.11,0.275992,13.4527,0.399169,16.6182,10.0785,13.3483,3.26984,0.437662,0.358139,0.3979,0.0397613,0.182016,V3 m1.5,V3,1.5,26,cooldown,5,-0.104505
2024,171,2737.39,0.286628,16.0081,0.413528,24.3082,5.63296,14.9706,9.33764,0.617609,0.158426,0.388018,0.229591,0.186256,V3 m1.5,V3,1.5,26,cooldown,5,0.0791833
2025,167,951.118,0.0895496,5.69532,0.491681,0.791841,11.5666,6.17922,-5.38737,0.301162,0.719802,0.510482,-0.20932,0.143969,V3 m1.5,V3,1.5,26,cooldown,5,-0.0580473
2020,189,4796.23,0.562878,25.3769,0.495758,32.257,16.9588,24.6079,7.64911,0.59469,0.37471,0.4847,0.10999,0.253407,V3 m1.5,V3,1.5,26,cooldown,10,0.0892074
2021,192,-2797.27,-0.288773,-14.5691,-0.176519,11.4099,-42.8072,-15.6986,27.1085,0.279857,-0.67258,-0.196361,0.476219,-0.0877914,V3 m1.5,V3,1.5,26,cooldown,10,-0.13081
2022,173,-1535.06,-0.165363,-8.87318,-0.0803962,-40.8423,28.291,-6.27569,-34.5667,-0.737944,0.684003,-0.0269705,-0.710973,-0.0470666,V3 m1.5,V3,1.5,26,cooldown,10,-0.267056
2023,188,1589.11,0.161622,8.4527,0.192365,11.6182,5.07851,8.34835,3.26984,0.232931,0.149125,0.191028,0.0419029,0.0971818,V3 m1.5,V3,1.5,26,cooldown,10,-0.104505
2024,171,1882.39,0.181304,11.0081,0.274234,19.3082,0.632956,9.9706,9.33764,0.479467,0.0176917,0.248579,0.230888,0.121171,V3 m1.5,V3,1.5,26,cooldown,10,0.0791833
2025,167,116.118,0.00228435,0.695319,0.31263,-4.20816,6.56659,1.17922,-5.38737,0.125993,0.536105,0.331049,-0.205056,0.0739647,V3 m1.5,V3,1.5,26,cooldown,10,-0.0580473
2020,203,5342.79,0.648732,26.3192,0.535187,32.7659,18.3848,25.5753,7.19055,0.666998,0.372958,0.519978,0.14702,0.29989,V3 m1.5,V3,1.5,26,réouverture,5,
2021,216,-1202.64,-0.187177,-5.5678,-0.0880065,3.73571,-15.0452,-5.65474,9.39046,0.234188,-0.416224,-0.0910176,0.325206,-0.0543116,V3 m1.5,V3,1.5,26,réouverture,5,
2022,187,-1435.68,-0.161855,-7.67742,-0.0873415,-33.9876,20.6792,-6.65424,-27.3334,-0.605957,0.471611,-0.0671731,-0.538784,-0.0579337,V3 m1.5,V3,1.5,26,réouverture,5,
2023,208,1850.65,0.192174,8.89738,0.237298,10.713,7.01055,8.86178,1.85123,0.266397,0.207058,0.236728,0.0296693,0.131282,V3 m1.5,V3,1.5,26,réouverture,5,
2024,185,2593.76,0.266671,14.0203,0.371835,21.3237,4.4346,12.8792,8.44456,0.543935,0.145953,0.344944,0.198991,0.18103,V3 m1.5,V3,1.5,26,réouverture,5,
2025,180,660.554,0.0564785,3.66974,0.24179,2.7753,4.71506,3.74518,-0.969879,0.212971,0.275471,0.244221,-0.0312501,0.0869339,V3 m1.5,V3,1.5,26,réouverture,5,
2020,203,4327.79,0.489907,21.3192,0.429812,27.7659,13.3848,20.5753,7.19055,0.553284,0.277847,0.415565,0.137718,0.233415,V3 m1.5,V3,1.5,26,réouverture,10,
2021,216,-2282.64,-0.270514,-10.5678,-0.157601,-1.26429,-20.0452,-10.6547,9.39046,0.167857,-0.489142,-0.160643,0.3285,-0.0892088,V3 m1.5,V3,1.5,26,réouverture,10,
2022,187,-2370.68,-0.236767,-12.6774,-0.206273,-38.9876,15.6792,-11.6542,-27.3334,-0.727685,0.355692,-0.185996,-0.541688,-0.104446,V3 m1.5,V3,1.5,26,réouverture,10,
2023,208,810.654,0.0744788,3.89738,0.0233008,5.713,2.01055,3.86178,1.85123,0.0465275,-0.0008368,0.0228454,0.0236822,0.0413438,V3 m1.5,V3,1.5,26,réouverture,10,
2024,185,1668.76,0.154856,9.02031,0.232096,16.3237,-0.565404,7.87915,8.44456,0.404983,0.00518155,0.205082,0.199901,0.110909,V3 m1.5,V3,1.5,26,réouverture,10,
2025,180,-239.446,-0.0344519,-1.33026,0.0616319,-2.2247,-0.284944,-1.25482,-0.969879,0.0420251,0.0845459,0.0632855,-0.0212604,0.0152388,V3 m1.5,V3,1.5,26,réouverture,10,
2020,189,4617.3,0.529058,24.4302,0.56138,34.6339,11.9456,23.2897,11.3442,0.742843,0.339354,0.541098,0.201744,0.284584,V3 m2,V3,2,26,cooldown,5,0.0472791
2021,192,-648.849,-0.123451,-3.37942,0.0242456,20.1634,-28.9694,-4.40303,24.5664,0.384041,-0.366837,0.00860233,0.375439,0.00368989,V3 m2,V3,2,26,cooldown,5,0.000495734
2022,173,4.26686,-0.0320119,0.0246639,0.120514,-21.861,25.4667,1.80287,-23.6638,-0.373436,0.69473,0.160647,-0.534083,0.0315655,V3 m2,V3,2,26,cooldown,5,-0.184199
2023,188,3498.28,0.403385,18.6079,0.519211,28.8449,7.69582,18.2704,10.5745,0.786682,0.234104,0.510393,0.276289,0.251817,V3 m2,V3,2,26,cooldown,5,0.0155363
2024,171,2822.54,0.296789,16.5061,0.438843,24.2603,6.81334,15.5368,8.7235,0.635522,0.192993,0.414258,0.221265,0.198829,V3 m2,V3,2,26,cooldown,5,0.104498
2025,167,1181.58,0.112227,7.07535,0.444311,7.16013,6.97384,7.06698,0.0931439,0.342517,0.566196,0.454357,-0.11184,0.129778,V3 m2,V3,2,26,cooldown,5,-0.105417
2020,189,3672.3,0.391416,19.4302,0.453829,29.6339,6.94559,18.2897,11.3442,0.625731,0.243503,0.434617,0.191114,0.222144,V3 m2,V3,2,26,cooldown,10,0.0472791
2021,192,-1608.85,-0.203785,-8.37942,-0.0452134,15.1634,-33.9694,-9.40303,24.5664,0.316892,-0.438806,-0.0609571,0.377849,-0.0292234,V3 m2,V3,2,26,cooldown,10,0.000495734
2022,173,-860.733,-0.112272,-4.97534,0.00246132,-26.861,20.4667,-3.19713,-23.6638,-0.494886,0.580627,0.0428708,-0.537757,-0.0154872,V3 m2,V3,2,26,cooldown,10,-0.184199
2023,188,2558.28,0.277657,13.6079,0.312406,23.8449,2.69582,13.2704,10.5745,0.581951,0.02509,0.30352,0.27843,0.161992,V3 m2,V3,2,26,cooldown,10,0.0155363
2024,171,1967.54,0.190638,11.5061,0.299549,19.2603,1.81334,10.5368,8.7235,0.497381,0.0522584,0.27482,0.222561,0.133059,V3 m2,V3,2,26,cooldown,10,0.104498
2025,167,346.583,0.0231544,2.07535,0.265261,2.16013,1.97384,2.06698,0.0931439,0.167348,0.382499,0.274923,-0.107575,0.0606325,V3 m2,V3,2,26,cooldown,10,-0.105417
2020,198,4440.3,0.500936,22.4257,0.529053,30.5214,12.3062,21.4138,9.10759,0.703163,0.311415,0.507289,0.195874,0.280329,V3 m2,V3,2,26,réouverture,5,
2021,205,-34.7264,-0.0889725,-0.169397,0.0291257,4.29031,-4.94444,-0.327063,4.61738,0.242617,-0.199461,0.021578,0.221039,0.00616091,V3 m2,V3,2,26,réouverture,5,
2022,179,183.676,-0.0157983,1.02612,0.105206,-22.4997,27.6327,2.5665,-25.0662,-0.392834,0.668465,0.137816,-0.530649,0.0265654,V3 m2,V3,2,26,réouverture,5,
2023,201,3110.04,0.35011,15.4728,0.443068,22.7963,7.77569,15.286,7.51032,0.624176,0.25272,0.438448,0.185728,0.230015,V3 m2,V3,2,26,réouverture,5,
2024,180,2888.95,0.304711,16.0497,0.455744,21.4352,9.00717,15.2212,6.214,0.59429,0.274568,0.434429,0.159861,0.219495,V3 m2,V3,2,26,réouverture,5,
2025,174,574.242,0.0462232,3.30024,0.191723,5.90778,0.236382,3.07208,2.8357,0.251825,0.121104,0.186464,0.0653603,0.0646457,V3 m2,V3,2,26,réouverture,5,
2020,198,3450.3,0.359679,17.4257,0.422811,25.5214,7.3062,16.4138,9.10759,0.588572,0.215611,0.402091,0.18648,0.215938,V3 m2,V3,2,26,réouverture,10,
2021,205,-1059.73,-0.177822,-5.1694,-0.0404989,-0.709685,-9.94444,-5.32706,4.61738,0.176058,-0.272368,-0.048155,0.224213,-0.0291118,V3 m2,V3,2,26,réouverture,10,
2022,179,-711.324,-0.1001,-3.97388,-0.0117051,-27.4997,22.6327,-2.4335,-25.0662,-0.512971,0.555203,0.0211159,-0.534087,-0.0215425,V3 m2,V3,2,26,réouverture,10,
2023,201,2105.04,0.221165,10.4728,0.231449,17.7963,2.77569,10.286,7.51032,0.404496,0.0495734,0.227035,0.177461,0.135649,V3 m2,V3,2,26,réouverture,10,
2024,180,1988.95,0.192534,11.0497,0.316426,16.4352,4.00717,10.2212,6.214,0.456084,0.133798,0.294941,0.161143,0.149291,V3 m2,V3,2,26,réouverture,10,
2025,174,-295.758,-0.0409561,-1.69976,0.0134759,0.907779,-4.76362,-1.92792,2.8357,0.0807943,-0.0656232,0.00758551,0.0732088,-0.00295043,V3 m2,V3,2,26,réouverture,10,
2020,189,4664.34,0.534098,24.679,0.546258,34.4748,12.6936,23.5842,10.8906,0.723123,0.329858,0.52649,0.196633,0.272689,V3 m2.5,V3,2.5,26,cooldown,5,0.0321571
2021,192,-709.184,-0.131423,-3.69367,0.0218669,15.326,-24.3672,-4.52061,19.8466,0.320537,-0.302774,0.00888125,0.311656,0.00219873,V3 m2.5,V3,2.5,26,cooldown,5,-0.00188299
2022,173,1432.27,0.109498,8.27904,0.215741,-25.7542,47.8426,11.0442,-36.7984,-0.436448,0.97391,0.268731,-0.705179,0.0740889,V3 m2.5,V3,2.5,26,cooldown,5,-0.0889714
2023,188,3308.92,0.376276,17.6006,0.505626,31.4602,2.82722,17.1437,14.3165,0.923345,0.0603645,0.491855,0.43149,0.241943,V3 m2.5,V3,2.5,26,cooldown,5,0.00195163
2024,171,2559.54,0.262648,14.9681,0.405225,21.8814,6.32632,14.1039,7.77756,0.594165,0.16905,0.381607,0.212557,0.182702,V3 m2.5,V3,2.5,26,cooldown,5,0.0708805
2025,167,1403.11,0.136252,8.40186,0.455233,6.66825,10.4776,8.57294,-1.90469,0.364679,0.563659,0.464169,-0.09949,0.13677,V3 m2.5,V3,2.5,26,cooldown,5,-0.0944949
2020,189,3719.34,0.396004,19.679,0.438707,29.4748,7.69361,18.5842,10.8906,0.606011,0.234006,0.420009,0.186002,0.210824,V3 m2.5,V3,2.5,26,cooldown,10,0.0321571
2021,192,-1669.18,-0.211031,-8.69367,-0.0475922,10.326,-29.3672,-9.52061,19.8466,0.253387,-0.374743,-0.0606782,0.314065,-0.0306656,V3 m2.5,V3,2.5,26,cooldown,10,-0.00188299
2022,173,567.273,0.0175711,3.27904,0.0976885,-30.7542,42.8426,6.04423,-36.7984,-0.557898,0.859807,0.150955,-0.708852,0.0251055,V3 m2.5,V3,2.5,26,cooldown,10,-0.0889714
2023,188,2368.92,0.252964,12.6006,0.298822,26.4602,-2.17278,12.1437,14.3165,0.718614,-0.14865,0.284982,0.433632,0.152826,V3 m2.5,V3,2.5,26,cooldown,10,0.00195163
2024,171,1704.54,0.159276,9.96805,0.265931,16.8814,1.32632,9.10388,7.77756,0.456023,0.0283159,0.242169,0.213853,0.117813,V3 m2.5,V3,2.5,26,cooldown,10,0.0708805
2025,167,568.111,0.0452665,3.40186,0.276183,1.66825,5.47763,3.57294,-1.90469,0.18951,0.379962,0.284736,-0.0952256,0.0671953,V3 m2.5,V3,2.5,26,cooldown,10,-0.0944949
2020,195,4811.95,0.556813,24.6767,0.527537,33.6797,13.5005,23.5901,10.0896,0.699883,0.31359,0.506736,0.193146,0.271593,V3 m2.5,V3,2.5,26,réouverture,5,
2021,202,790.494,-0.0106746,3.91334,0.0607127,6.89959,0.744254,3.82192,3.07767,0.228196,-0.117025,0.0555856,0.172611,0.021843,V3 m2.5,V3,2.5,26,réouverture,5,
2022,179,1744.9,0.143241,9.74806,0.21345,-25.4317,50.4379,12.5031,-37.9348,-0.427993,0.95536,0.263683,-0.691676,0.0763334,V3 m2.5,V3,2.5,26,réouverture,5,
2023,197,2924.88,0.324602,14.8471,0.445781,26.1315,2.97498,14.5532,11.5782,0.794806,0.078578,0.436692,0.358114,0.22084,V3 m2.5,V3,2.5,26,réouverture,5,
2024,179,2507.83,0.255619,14.0102,0.433061,19.2195,7.10956,13.1645,6.05499,0.555771,0.27051,0.41314,0.14263,0.199944,V3 m2.5,V3,2.5,26,réouverture,5,
2025,174,775.1,0.0666137,4.4546,0.195036,5.43161,3.30662,4.36911,1.06249,0.27328,0.103099,0.18819,0.0850901,0.0690202,V3 m2.5,V3,2.5,26,réouverture,5,
2020,195,3836.95,0.41244,19.6767,0.420673,28.6797,8.50049,18.5901,10.0896,0.583866,0.21809,0.400978,0.182888,0.208234,V3 m2.5,V3,2.5,26,réouverture,10,
2021,202,-219.506,-0.105782,-1.08666,-0.00893716,1.89959,-4.25575,-1.17808,3.07767,0.161492,-0.189801,-0.0141544,0.175646,-0.0134748,V3 m2.5,V3,2.5,26,réouverture,10,
2022,179,849.903,0.0453915,4.74806,0.0959904,-30.4317,45.4379,7.50311,-37.9348,-0.548463,0.841382,0.14646,-0.694922,0.0257006,V3 m2.5,V3,2.5,26,réouverture,10,
2023,197,1939.88,0.200481,9.8471,0.239226,21.1315,-2.02502,9.55323,11.5782,0.585285,-0.124856,0.230215,0.355071,0.129341,V3 m2.5,V3,2.5,26,réouverture,10,
2024,179,1612.83,0.148215,9.01022,0.293745,14.2195,2.10956,8.16455,6.05499,0.417564,0.129725,0.273644,0.14392,0.131258,V3 m2.5,V3,2.5,26,réouverture,10,
2025,174,-94.8996,-0.0222556,-0.5454,0.0167887,0.431605,-1.69338,-0.630888,1.06249,0.102249,-0.0836277,0.00931083,0.0929386,0.00114438,V3 m2.5,V3,2.5,26,réouverture,10,
2020,189,4708.62,0.540086,24.9133,0.576273,33.8891,13.9312,23.9102,9.97894,0.738583,0.377683,0.558133,0.18045,0.290408,V3 m3,V3,3,26,cooldown,5,0.062173
2021,192,-946.859,-0.152105,-4.93155,0.000249885,11.8568,-23.1797,-5.66148,17.5183,0.265557,-0.288127,-0.0112852,0.276842,-0.00818871,V3 m3,V3,3,26,cooldown,5,-0.0235
2022,173,2149.13,0.188969,12.4227,0.328168,-17.4783,47.1826,14.8522,-32.3305,-0.208103,0.951584,0.37174,-0.579843,0.126208,V3 m3,V3,3,26,cooldown,5,0.0234561
2023,188,3893.84,0.458496,20.7119,0.600232,32.6057,8.03385,20.3198,12.2859,0.956533,0.220438,0.588485,0.368047,0.298141,V3 m3,V3,3,26,cooldown,5,0.0965574
2024,171,1997.06,0.193221,11.6787,0.316827,16.0334,6.2354,11.1344,4.89899,0.436028,0.167825,0.301927,0.134102,0.138741,V3 m3,V3,3,26,cooldown,5,-0.0175176
2025,167,1370.76,0.13234,8.20817,0.446753,8.4805,7.88209,8.18129,0.299207,0.406808,0.494582,0.450695,-0.0438871,0.131978,V3 m3,V3,3,26,cooldown,5,-0.102975
2020,189,3763.62,0.401456,19.9133,0.468723,28.8891,8.93123,18.9102,9.97894,0.621471,0.281832,0.451651,0.16982,0.22769,V3 m3,V3,3,26,cooldown,10,0.062173
2021,192,-1906.86,-0.229827,-9.93155,-0.0692092,6.85677,-28.1797,-10.6615,17.5183,0.198407,-0.360097,-0.0808447,0.279252,-0.0407147,V3 m3,V3,3,26,cooldown,10,-0.0235
2022,173,1284.13,0.0904943,7.4227,0.210116,-22.4783,42.1826,9.85216,-32.3305,-0.329553,0.837481,0.253964,-0.583517,0.0748683,V3 m3,V3,3,26,cooldown,10,0.0234561
2023,188,2953.84,0.327856,15.7119,0.393427,27.6057,3.03385,15.3198,12.2859,0.751802,0.0114242,0.381613,0.370189,0.205013,V3 m3,V3,3,26,cooldown,10,0.0965574
2024,171,1142.06,0.0955015,6.67872,0.177533,11.0334,1.2354,6.13438,4.89899,0.297887,0.0270903,0.162489,0.135398,0.0762492,V3 m3,V3,3,26,cooldown,10,-0.0175176
2025,167,535.764,0.041666,3.20817,0.267703,3.4805,2.88209,3.18129,0.299207,0.231639,0.310885,0.271262,-0.0396227,0.0626945,V3 m3,V3,3,26,cooldown,10,-0.102975
2020,194,4925.36,0.573767,25.3884,0.567709,34.0712,14.7097,24.3904,9.68076,0.736338,0.360316,0.548327,0.188011,0.294452,V3 m3,V3,3,26,réouverture,5,
2021,201,391.777,-0.0495381,1.94914,0.0241046,3.5638,0.217958,1.89088,1.67292,0.175331,-0.138035,0.018648,0.156683,0.00305581,V3 m3,V3,3,26,réouverture,5,
2022,178,2461.76,0.225129,13.8301,0.323918,-17.5978,49.8018,16.102,-33.6998,-0.208961,0.93384,0.36244,-0.571401,0.128561,V3 m3,V3,3,26,réouverture,5,
2023,193,3200.14,0.361285,16.581,0.512471,27.7628,5.04614,16.4045,11.3583,0.853065,0.161121,0.507093,0.345972,0.252768,V3 m3,V3,3,26,réouverture,5,
2024,178,1986.71,0.191506,11.1613,0.354575,13.7728,7.65639,10.7146,3.05821,0.408487,0.282219,0.345353,0.0631343,0.157404,V3 m3,V3,3,26,réouverture,5,
2025,173,815.121,0.0706899,4.71168,0.202861,7.18602,1.76754,4.47678,2.70924,0.314064,0.0705426,0.192303,0.121761,0.0714106,V3 m3,V3,3,26,réouverture,5,
2020,194,3955.36,0.428544,20.3884,0.460889,29.0712,9.70965,19.3904,9.68076,0.620314,0.264816,0.442565,0.177749,0.230318,V3 m3,V3,3,26,réouverture,10,
2021,201,-613.223,-0.140497,-3.05086,-0.0453868,-1.4362,-4.78204,-3.10912,1.67292,0.108627,-0.210515,-0.050944,0.159571,-0.0313713,V3 m3,V3,3,26,réouverture,10,
2022,178,1571.76,0.120869,8.83009,0.206169,-22.5978,44.8018,11.102,-33.6998,-0.330004,0.819862,0.244929,-0.574933,0.0756696,V3 m3,V3,3,26,réouverture,10,
2023,193,2235.14,0.236214,11.581,0.305348,22.7628,0.0461435,11.4045,11.3583,0.643384,-0.043363,0.30001,0.343373,0.160702,V3 m3,V3,3,26,réouverture,10,
2024,178,1096.71,0.0901029,6.1613,0.21496,8.77281,2.65639,5.7146,3.05821,0.27028,0.140714,0.205497,0.064783,0.0913731,V3 m3,V3,3,26,réouverture,10,
2025,173,-49.8788,-0.0180263,-0.288317,0.0246113,2.18602,-3.23246,-0.523222,2.70924,0.143034,-0.116296,0.0133687,0.129665,0.00383008,V3 m3,V3,3,26,réouverture,10,
2020,189,4679.88,0.535018,24.7613,0.576717,32.7709,14.9612,23.8661,8.90485,0.726144,0.393889,0.560017,0.166127,0.290614,V3 m4,V3,4,26,cooldown,5,0.0626167
2021,192,-1268.92,-0.180038,-6.60897,-0.0389842,8.97984,-23.5533,-7.28674,16.2666,0.216368,-0.316541,-0.0500865,0.266455,-0.0268493,V3 m4,V3,4,26,cooldown,5,-0.0627341
2022,173,2026.67,0.17437,11.7149,0.305749,-19.9536,48.5295,14.2879,-34.2416,-0.266971,0.971535,0.352282,-0.619253,0.116713,V3 m4,V3,4,26,cooldown,5,0.0010362
2023,188,4380.92,0.530541,23.3028,0.728712,34.2277,11.6575,22.9426,11.2851,1.13412,0.296572,0.715347,0.418775,0.341953,V3 m4,V3,4,26,cooldown,5,0.225038
2024,171,2558.35,0.260485,14.9611,0.386418,17.3555,11.9681,14.6618,2.69367,0.434765,0.325985,0.380375,0.0543899,0.172499,V3 m4,V3,4,26,cooldown,5,0.0520739
2025,167,1334.19,0.127773,7.98918,0.436342,9.82045,5.79648,7.80847,2.01198,0.449651,0.420406,0.435029,0.0146226,0.130232,V3 m4,V3,4,26,cooldown,5,-0.113386
2020,189,3734.88,0.396841,19.7613,0.469167,27.7709,9.96123,18.8661,8.90485,0.609032,0.298038,0.453535,0.155497,0.227885,V3 m4,V3,4,26,cooldown,10,0.0626167
2021,192,-2228.92,-0.255212,-11.609,-0.108443,3.97984,-28.5533,-12.2867,16.2666,0.149219,-0.388511,-0.119646,0.268865,-0.058768,V3 m4,V3,4,26,cooldown,10,-0.0627341
2022,173,1161.67,0.0770973,6.71487,0.187696,-24.9536,43.5295,9.28794,-34.2416,-0.388421,0.857432,0.234506,-0.622926,0.0658019,V3 m4,V3,4,26,cooldown,10,0.0010362
2023,188,3440.92,0.39348,18.3028,0.521908,29.2277,6.65752,17.9426,11.2851,0.929391,0.0875577,0.508474,0.420916,0.245697,V3 m4,V3,4,26,cooldown,10,0.225038
2024,171,1703.35,0.157287,9.96111,0.247124,12.3555,6.96815,9.66181,2.69367,0.296623,0.185251,0.240937,0.0556863,0.108166,V3 m4,V3,4,26,cooldown,10,0.0520739
2025,167,499.193,0.0374625,2.98918,0.257292,4.82045,0.796482,2.80847,2.01198,0.274482,0.236708,0.255595,0.018887,0.0610548,V3 m4,V3,4,26,cooldown,10,-0.113386
2020,192,4625.28,0.527151,24.09,0.552879,33.2955,12.7436,23.0196,10.276,0.73108,0.333237,0.532158,0.198922,0.281629,V3 m4,V3,4,26,réouverture,5,
2021,201,61,-0.0816509,0.303483,-0.0143396,0.797513,-0.2262,0.285657,0.511857,0.128035,-0.166988,-0.0194768,0.147511,-0.0162945,V3 m4,V3,4,26,réouverture,5,
2022,178,2339.3,0.210086,13.1422,0.302128,-20.021,51.1,15.5395,-35.5605,-0.266589,0.95307,0.34324,-0.60983,0.119046,V3 m4,V3,4,26,réouverture,5,
2023,193,4212.68,0.504874,21.8274,0.685878,32.6799,10.3976,21.5387,11.1412,1.08585,0.264634,0.675241,0.410607,0.325403,V3 m4,V3,4,26,réouverture,5,
2024,175,2571.32,0.261994,14.6932,0.420388,14.7371,14.6334,14.6852,0.0518411,0.396445,0.453067,0.424756,-0.0283106,0.188089,V3 m4,V3,4,26,réouverture,5,
2025,173,801.275,0.0687949,4.63165,0.193991,8.72494,-0.238863,4.24304,4.4819,0.357713,-0.000817152,0.178448,0.179265,0.0703036,V3 m4,V3,4,26,réouverture,5,
2020,192,3665.28,0.387595,19.09,0.445664,28.2955,7.74362,18.0196,10.276,0.614554,0.237497,0.426026,0.188528,0.218547,V3 m4,V3,4,26,réouverture,10,
2021,201,-944,-0.169552,-4.69652,-0.083831,-4.20249,-5.2262,-4.71434,0.511857,0.0613302,-0.239468,-0.0890688,0.150399,-0.0500623,V3 m4,V3,4,26,réouverture,10,
2022,178,1449.3,0.107099,8.14215,0.184379,-25.021,46.1,10.5395,-35.5605,-0.387633,0.839092,0.22573,-0.613363,0.0665965,V3 m4,V3,4,26,réouverture,10,
2023,193,3247.68,0.366679,16.8274,0.478678,27.6799,5.39756,16.5387,11.1412,0.877341,0.0588105,0.468076,0.409265,0.227975,V3 m4,V3,4,26,réouverture,10,
2024,175,1696.32,0.156358,9.69323,0.281027,9.73708,9.6334,9.68524,0.0518411,0.259286,0.310699,0.284993,-0.0257063,0.121491,V3 m4,V3,4,26,réouverture,10,
2025,173,-63.7254,-0.0197654,-0.368355,0.0157418,3.72494,-5.23886,-0.756959,4.4819,0.186683,-0.187656,-0.000486786,0.187169,0.00279314,V3 m4,V3,4,26,réouverture,10,
2020,183,4100.49,0.444873,22.407,0.574734,28.055,15.2948,21.6749,6.38007,0.732457,0.37612,0.554289,0.178168,0.280174,RE-1,—,,28,cooldown,5,
2021,191,431.179,-0.0443909,2.25748,0.0221126,13.8229,-9.9297,1.94658,11.8763,0.266546,-0.235463,0.0155418,0.251005,0.000685502,RE-1,—,,28,cooldown,5,
2022,164,685.459,0.0288018,4.17963,0.213859,-34.4309,47.8045,6.68681,-41.1177,-0.471251,0.987945,0.258347,-0.729598,0.0701758,RE-1,—,,28,cooldown,5,
2023,183,3571.53,0.407195,19.5166,0.567951,28.2382,9.89267,19.0654,9.17277,1.02947,0.0586873,0.544079,0.485392,0.267462,RE-1,—,,28,cooldown,5,
2024,167,1955.27,0.18375,11.7082,0.307056,12.213,11.0738,11.6434,0.569623,0.312444,0.300284,0.306364,0.00607969,0.129253,RE-1,—,,28,cooldown,5,
2025,163,2146.82,0.220389,13.1707,0.550509,15.2845,10.7509,13.0177,2.26678,0.588033,0.507553,0.547793,0.0402404,0.167295,RE-1,—,,28,cooldown,5,
2020,183,3185.49,0.31872,17.407,0.466464,23.055,10.2948,16.6749,6.38007,0.614616,0.279901,0.447259,0.167358,0.219513,RE-1,—,,28,cooldown,10,
2021,191,-523.821,-0.131508,-2.74252,-0.0474746,8.82287,-14.9297,-3.05342,11.8763,0.199345,-0.307564,-0.0541095,0.253455,-0.0320231,RE-1,—,,28,cooldown,10,
2022,164,-134.541,-0.0522186,-0.820369,0.0946788,-39.4309,42.8045,1.68681,-41.1177,-0.594719,0.873609,0.139445,-0.734164,0.0236245,RE-1,—,,28,cooldown,10,
2023,183,2656.53,0.284332,14.5166,0.360625,23.2382,4.89267,14.0654,9.17277,0.822674,-0.149223,0.336726,0.485949,0.178536,RE-1,—,,28,cooldown,10,
2024,167,1120.27,0.0889759,6.70821,0.168321,7.21303,6.07378,6.6434,0.569623,0.173928,0.161275,0.167601,0.00632663,0.068907,RE-1,—,,28,cooldown,10,
2025,163,1331.82,0.124953,8.1707,0.373101,10.2845,5.75095,8.01773,2.26678,0.416511,0.323408,0.369959,0.0465514,0.0977128,RE-1,—,,28,cooldown,10,
2020,187,3603.1,0.370216,19.2679,0.524757,31.8699,3.81551,17.8427,14.0272,0.79605,0.192102,0.494076,0.301974,0.257226,RE-1,—,,28,réouverture,5,
2021,198,698.544,-0.0294154,3.528,-0.0124678,1.78823,5.37651,3.58237,-1.79414,0.126233,-0.159838,-0.0168022,0.143036,-0.0162772,RE-1,—,,28,réouverture,5,
2022,170,1415.37,0.104134,8.3257,0.249401,-29.2408,51.5985,11.1789,-40.4197,-0.395333,0.992069,0.298368,-0.693701,0.089673,RE-1,—,,28,réouverture,5,
2023,190,3334.86,0.374117,17.5519,0.503859,26.3311,8.00092,17.166,9.16507,0.963553,0.00375348,0.483653,0.4799,0.247394,RE-1,—,,28,réouverture,5,
2024,173,2188.79,0.211543,12.652,0.339184,11.3311,14.4191,12.8751,-1.544,0.282559,0.414939,0.348749,-0.0661899,0.146696,RE-1,—,,28,réouverture,5,
2025,169,1561.78,0.150593,9.24131,0.338124,13.0728,4.87631,8.97456,4.09826,0.525941,0.124156,0.325048,0.200892,0.112175,RE-1,—,,28,réouverture,5,
2020,187,2668.1,0.248047,14.2679,0.416961,26.8699,-1.18449,12.8427,14.0272,0.67851,0.0962514,0.387381,0.291129,0.196617,RE-1,—,,28,réouverture,10,
2021,198,-291.456,-0.120978,-1.472,-0.0821472,-3.21177,0.376507,-1.41763,-1.79414,0.0592546,-0.232387,-0.086566,0.145821,-0.0496383,RE-1,—,,28,réouverture,10,
2022,170,565.369,0.0141683,3.3257,0.131131,-34.2408,46.5985,6.17885,-40.4197,-0.517535,0.878329,0.180397,-0.697932,0.040816,RE-1,—,,28,réouverture,10,
2023,190,2384.86,0.249744,12.5519,0.294805,21.3311,3.00092,12.166,9.16507,0.752788,-0.20344,0.274674,0.478114,0.156493,RE-1,—,,28,réouverture,10,
2024,173,1323.79,0.111217,7.65198,0.199757,6.3311,9.4191,7.8751,-1.544,0.144978,0.273041,0.20901,-0.0640317,0.0831242,RE-1,—,,28,réouverture,10,
2025,169,716.782,0.0574061,4.24131,0.160015,8.07282,-0.123693,3.97456,4.09826,0.355872,-0.0631134,0.146379,0.209493,0.0434969,RE-1,—,,28,réouverture,10,
2020,183,5600.72,0.682211,30.605,0.735796,33.3296,27.174,30.2518,3.07782,0.84982,0.592211,0.721015,0.128805,0.380761,V1 m1,V1,1,28,cooldown,5,0.161062
2021,191,-1565.55,-0.20245,-8.19662,-0.0782995,22.3766,-40.4135,-9.01848,31.395,0.369574,-0.550252,-0.0903391,0.459913,-0.0445155,V1 m1,V1,1,28,cooldown,5,-0.100412
2022,164,-593.939,-0.0847811,-3.62158,0.0329096,-47.8091,46.3045,-0.752263,-47.0568,-0.849102,1.02947,0.090183,-0.939285,-0.00494682,V1 m1,V1,1,28,cooldown,5,-0.180949
2023,183,4042.24,0.478027,22.0887,0.644063,33.7666,9.2028,21.4847,12.2819,1.12113,0.117645,0.619387,0.501742,0.298784,V1 m1,V1,1,28,cooldown,5,0.076112
2024,167,2608.8,0.267399,15.6215,0.388809,14.5776,16.9334,15.7555,-1.1779,0.321727,0.473115,0.397421,-0.0756941,0.168329,V1 m1,V1,1,28,cooldown,5,0.0817536
2025,163,1230.47,0.118931,7.54889,0.496937,9.40217,5.42736,7.41477,1.98741,0.565597,0.418339,0.491968,0.0736288,0.143134,V1 m1,V1,1,28,cooldown,5,-0.0535715
2020,183,4685.72,0.535454,25.605,0.627526,28.3296,22.174,25.2518,3.07782,0.731979,0.495992,0.613986,0.117994,0.315363,V1 m1,V1,1,28,cooldown,10,0.161062
2021,191,-2520.55,-0.275216,-13.1966,-0.147887,17.3766,-45.4135,-14.0185,31.395,0.302373,-0.622353,-0.15999,0.462363,-0.0757542,V1 m1,V1,1,28,cooldown,10,-0.100412
2022,164,-1413.94,-0.156901,-8.62158,-0.0862707,-52.8091,41.3045,-5.75226,-47.0568,-0.97257,0.915132,-0.0287188,-0.943851,-0.0482619,V1 m1,V1,1,28,cooldown,10,-0.180949
2023,183,3127.24,0.349014,17.0887,0.436737,28.7666,4.2028,16.4847,12.2819,0.914333,-0.0902658,0.412033,0.502299,0.207671,V1 m1,V1,1,28,cooldown,10,0.076112
2024,167,1773.8,0.165969,10.6215,0.250075,9.57764,11.9334,10.7555,-1.1779,0.183212,0.334106,0.258659,-0.0754471,0.105907,V1 m1,V1,1,28,cooldown,10,0.0817536
2025,163,415.468,0.0313871,2.54889,0.319529,4.40217,0.42736,2.41477,1.98741,0.394074,0.234195,0.314135,0.0799399,0.0749933,V1 m1,V1,1,28,cooldown,10,-0.0535715
2020,193,4961.7,0.573734,25.7083,0.645572,36.4476,12.6236,24.5356,11.912,0.891796,0.345575,0.618685,0.27311,0.346065,V1 m1,V1,1,28,réouverture,5,
2021,208,-2336.02,-0.273169,-11.2309,-0.136005,-1.31512,-21.3391,-11.3271,10.012,0.105833,-0.382538,-0.138353,0.244186,-0.0765713,V1 m1,V1,1,28,réouverture,5,
2022,176,-58.8298,-0.0371627,-0.33426,0.0765911,-44.0716,46.4904,1.20941,-45.281,-0.780425,0.994102,0.106839,-0.887263,0.015143,V1 m1,V1,1,28,réouverture,5,
2023,204,3889.88,0.453313,19.068,0.530507,31.4792,6.16045,18.8198,12.6594,0.99041,0.0522079,0.521309,0.469101,0.290028,V1 m1,V1,1,28,réouverture,5,
2024,184,2852.64,0.297883,15.5035,0.419885,13.6944,17.908,15.8012,-2.10684,0.309969,0.565976,0.437973,-0.128003,0.19947,V1 m1,V1,1,28,réouverture,5,
2025,177,651.448,0.0551684,3.6805,0.305363,7.37277,-0.501113,3.43583,3.93694,0.54004,0.0395837,0.289812,0.250228,0.0979256,V1 m1,V1,1,28,réouverture,5,
2020,193,3996.7,0.429225,20.7083,0.538197,31.4476,7.6236,19.5356,11.912,0.774668,0.250084,0.512376,0.262292,0.279389,V1 m1,V1,1,28,réouverture,10,
2021,208,-3376.02,-0.345111,-16.2309,-0.205846,-6.31512,-26.3391,-16.3271,10.012,0.0388965,-0.455341,-0.208222,0.247119,-0.109523,V1 m1,V1,1,28,réouverture,10,
2022,176,-938.83,-0.118321,-5.33426,-0.0402949,-49.0716,41.4904,-3.79059,-45.281,-0.902032,0.882271,-0.00988068,-0.892152,-0.0315765,V1 m1,V1,1,28,réouverture,10,
2023,204,2869.88,0.312587,14.068,0.311711,26.4792,1.16045,13.8198,12.6594,0.768916,-0.163782,0.302567,0.466349,0.18901,V1 m1,V1,1,28,réouverture,10,
2024,184,1932.64,0.183918,10.5035,0.28095,8.69435,12.908,10.8012,-2.10684,0.171851,0.425955,0.298903,-0.127052,0.128913,V1 m1,V1,1,28,réouverture,10,
2025,177,-233.552,-0.034202,-1.3195,0.126821,2.37277,-5.50111,-1.56417,3.93694,0.369836,-0.1484,0.110718,0.259118,0.0265385,V1 m1,V1,1,28,réouverture,10,
2020,183,5235.56,0.620687,28.6096,0.680754,33.6504,22.2621,27.9562,5.69414,0.824744,0.499433,0.662089,0.162656,0.346236,V1 m1.5,V1,1.5,28,cooldown,5,0.10602
2021,191,-1693.8,-0.216007,-8.86806,-0.0641744,18.9608,-38.193,-9.61615,28.5769,0.361137,-0.512352,-0.0756075,0.436745,-0.0385394,V1 m1.5,V1,1.5,28,cooldown,5,-0.086287
2022,164,-633.146,-0.0888332,-3.86064,0.0294521,-48.7099,46.8132,-0.948356,-47.7615,-0.894558,1.07346,0.0894528,-0.984011,-0.00818537,V1 m1.5,V1,1.5,28,cooldown,5,-0.184407
2023,183,3981.93,0.467305,21.7592,0.651772,31.3239,11.2049,21.2644,10.0595,1.08862,0.169733,0.629176,0.459443,0.302628,V1 m1.5,V1,1.5,28,cooldown,5,0.0838208
2024,167,2911.7,0.303746,17.4353,0.434814,18.5612,16.0204,17.2908,1.27042,0.439464,0.42897,0.434217,0.00524747,0.19161,V1 m1.5,V1,1.5,28,cooldown,5,0.127758
2025,163,1187.32,0.113376,7.28418,0.524489,7.80989,6.68239,7.24614,0.563751,0.564909,0.478219,0.521564,0.0433453,0.148189,V1 m1.5,V1,1.5,28,cooldown,5,-0.0260194
2020,183,4320.56,0.47927,23.6096,0.572484,28.6504,17.2621,22.9562,5.69414,0.706903,0.403214,0.555059,0.151845,0.282463,V1 m1.5,V1,1.5,28,cooldown,10,0.10602
2021,191,-2648.8,-0.287544,-13.8681,-0.133762,13.9608,-43.193,-14.6161,28.5769,0.293936,-0.584453,-0.145259,0.439195,-0.0699716,V1 m1.5,V1,1.5,28,cooldown,10,-0.086287
2022,164,-1453.15,-0.160636,-8.86064,-0.0897282,-53.7099,41.8132,-5.94836,-47.7615,-1.01803,0.959128,-0.0294491,-0.988577,-0.0513587,V1 m1.5,V1,1.5,28,cooldown,10,-0.184407
2023,183,3066.93,0.339222,16.7592,0.444445,26.3239,6.20492,16.2644,10.0595,0.881822,-0.0381773,0.421823,0.46,0.211248,V1 m1.5,V1,1.5,28,cooldown,10,0.0838208
2024,167,2076.7,0.199423,12.4353,0.29608,13.5612,11.0204,12.2908,1.27042,0.300949,0.28996,0.295454,0.00549442,0.127949,V1 m1.5,V1,1.5,28,cooldown,10,0.127758
2025,163,372.322,0.0262632,2.28418,0.347081,2.80989,1.68239,2.24614,0.563751,0.393387,0.294074,0.34373,0.0496564,0.0797498,V1 m1.5,V1,1.5,28,cooldown,10,-0.0260194
2020,188,4548.35,0.508434,24.1934,0.619632,36.9544,8.72996,22.8422,14.1122,0.888702,0.293582,0.591142,0.29756,0.31871,V1 m1.5,V1,1.5,28,réouverture,5,
2021,204,-2143.66,-0.261962,-10.5081,-0.0976671,-2.38344,-18.7937,-10.5886,8.20511,0.139362,-0.339389,-0.100014,0.239375,-0.0574783,V1 m1.5,V1,1.5,28,réouverture,5,
2022,173,-355.128,-0.0650121,-2.05276,0.0346998,-44.9328,45.5336,0.300407,-45.2332,-0.823883,0.987517,0.0818171,-0.9057,-0.00531477,V1 m1.5,V1,1.5,28,réouverture,5,
2023,197,3295.16,0.370592,16.7267,0.52979,24.393,8.15362,16.2733,8.11969,0.879609,0.138594,0.509102,0.370507,0.26354,V1 m1.5,V1,1.5,28,réouverture,5,
2024,178,3066.98,0.32369,17.2302,0.45561,18.0192,16.1954,17.1073,0.911873,0.425641,0.49492,0.46028,-0.0346398,0.211888,V1 m1.5,V1,1.5,28,réouverture,5,
2025,171,631.372,0.0527626,3.69223,0.319636,5.84736,1.29765,3.57251,2.27485,0.503588,0.115246,0.309417,0.194171,0.0971626,V1 m1.5,V1,1.5,28,réouverture,5,
2020,188,3608.35,0.373322,19.1934,0.51197,31.9544,3.72996,17.8422,14.1122,0.771767,0.197156,0.484462,0.287306,0.254897,V1 m1.5,V1,1.5,28,réouverture,10,
2021,204,-3163.66,-0.333677,-15.5081,-0.167462,-7.38344,-23.7937,-15.5886,8.20511,0.0727307,-0.412411,-0.16984,0.242571,-0.0904502,V1 m1.5,V1,1.5,28,réouverture,10,
2022,173,-1220.13,-0.14255,-7.05276,-0.0824895,-49.9328,40.5336,-4.69959,-45.2332,-0.94549,0.875231,-0.0351297,-0.910361,-0.0503894,V1 m1.5,V1,1.5,28,réouverture,10,
2023,197,2310.16,0.242181,11.7267,0.315641,19.393,3.15362,11.2733,8.11969,0.658047,-0.0672631,0.295392,0.362655,0.167874,V1 m1.5,V1,1.5,28,réouverture,10,
2024,178,2176.98,0.211099,12.2302,0.316605,13.0192,11.1954,12.1073,0.911873,0.28772,0.354493,0.321107,-0.0333867,0.142944,V1 m1.5,V1,1.5,28,réouverture,10,
2025,171,-223.628,-0.0335094,-1.30777,0.141415,0.847356,-3.70235,-1.42749,2.27485,0.333519,-0.0720332,0.130743,0.202776,0.0285325,V1 m1.5,V1,1.5,28,réouverture,10,
2020,183,4522.16,0.508145,24.7113,0.620412,30.5276,17.387,23.9573,6.57032,0.767218,0.435544,0.601381,0.165837,0.309475,V1 m2,V1,2,28,cooldown,5,0.0456775
2021,191,-576.725,-0.127427,-3.0195,0.037194,21.538,-28.8973,-3.67965,25.2177,0.392383,-0.337091,0.027646,0.364737,0.00827707,V1 m2,V1,2,28,cooldown,5,0.0150815
2022,164,-174.37,-0.0486873,-1.06323,0.0917366,-39.6046,42.4836,1.43946,-41.0441,-0.722992,1.01227,0.144641,-0.867633,0.0167885,V1 m2,V1,2,28,cooldown,5,-0.122122
2023,183,3827.91,0.444777,20.9176,0.595389,31.4455,9.30054,20.373,11.0725,1.08814,0.051661,0.569902,0.518241,0.280914,V1 m2,V1,2,28,cooldown,5,0.027438
2024,167,2627.77,0.26682,15.7352,0.394816,16.8989,14.2727,15.5858,1.31309,0.41624,0.367891,0.392066,0.0241744,0.171725,V1 m2,V1,2,28,cooldown,5,0.0877604
2025,163,1575.16,0.154227,9.66355,0.503271,13.6766,5.06967,9.37314,4.30347,0.56437,0.433329,0.49885,0.0655205,0.139403,V1 m2,V1,2,28,cooldown,5,-0.0472371
2020,183,3607.16,0.376497,19.7113,0.512141,25.5276,12.387,18.9573,6.57032,0.649378,0.339325,0.494351,0.155026,0.247435,V1 m2,V1,2,28,cooldown,10,0.0456775
2021,191,-1531.73,-0.207006,-8.0195,-0.0323931,16.538,-33.8973,-8.67965,25.2177,0.325181,-0.409192,-0.0420053,0.367187,-0.0246752,V1 m2,V1,2,28,cooldown,10,0.0150815
2022,164,-994.37,-0.123636,-6.06323,-0.0274436,-44.6046,37.4836,-3.56054,-41.0441,-0.846459,0.897938,0.0257392,-0.872199,-0.0274657,V1 m2,V1,2,28,cooldown,10,-0.122122
2023,183,2912.91,0.318651,15.9176,0.388063,26.4455,4.30054,15.373,11.0725,0.881346,-0.15625,0.362548,0.518798,0.191047,V1 m2,V1,2,28,cooldown,10,0.027438
2024,167,1792.77,0.165435,10.7352,0.256082,11.8989,9.2727,10.5858,1.31309,0.277724,0.228882,0.253303,0.0244214,0.10912,V1 m2,V1,2,28,cooldown,10,0.0877604
2025,163,760.159,0.063936,4.66355,0.325864,8.6766,0.0696662,4.37314,4.30347,0.392848,0.249185,0.321016,0.0718316,0.0714787,V1 m2,V1,2,28,cooldown,10,-0.0472371
2020,188,4103.24,0.441516,21.8257,0.577531,35.1862,5.63592,20.4111,14.7752,0.853328,0.24333,0.548329,0.304999,0.292743,V1 m2,V1,2,28,réouverture,5,
2021,200,-809.094,-0.159049,-4.04547,-0.000287102,2.61137,-11.1141,-4.25135,6.86272,0.206725,-0.220104,-0.00668953,0.213414,-0.0100609,V1 m2,V1,2,28,réouverture,5,
2022,171,86.9351,-0.0253157,0.508392,0.0927227,-38.1101,44.437,3.16342,-41.2736,-0.694383,0.988055,0.146836,-0.841219,0.0188434,V1 m2,V1,2,28,réouverture,5,
2023,194,3193.47,0.356632,16.4612,0.499201,25.3187,6.84176,16.0802,9.23848,0.924208,0.0376341,0.480921,0.443287,0.247659,V1 m2,V1,2,28,réouverture,5,
2024,176,2675.28,0.272485,15.2005,0.404634,15.5756,14.7068,15.1412,0.434391,0.376264,0.441961,0.409113,-0.0328484,0.182197,V1 m2,V1,2,28,réouverture,5,
2025,169,1019.21,0.0913899,6.03083,0.302954,11.5185,-0.22097,5.64877,5.86974,0.503067,0.0749786,0.289023,0.214044,0.0887673,V1 m2,V1,2,28,réouverture,5,
2020,188,3163.24,0.312367,16.8257,0.469989,30.1862,0.635924,15.4111,14.7752,0.736393,0.147169,0.441781,0.294612,0.230249,V1 m2,V1,2,28,réouverture,10,
2021,200,-1809.09,-0.239196,-9.04547,-0.0699233,-2.38863,-16.1141,-9.25135,6.86272,0.140112,-0.292951,-0.0764193,0.216532,-0.0439395,V1 m2,V1,2,28,réouverture,10,
2022,171,-768.065,-0.105234,-4.49161,-0.0246671,-43.1101,39.437,-1.83658,-41.2736,-0.815639,0.875064,0.0297123,-0.845351,-0.026833,V1 m2,V1,2,28,réouverture,10,
2023,194,2223.47,0.231369,11.4612,0.285242,20.3187,1.84176,11.0802,9.23848,0.702789,-0.168223,0.267283,0.435506,0.154688,V1 m2,V1,2,28,réouverture,10,
2024,176,1795.28,0.165391,10.2005,0.265695,10.5756,9.70684,10.1412,0.434391,0.238451,0.301542,0.269997,-0.0315457,0.115741,V1 m2,V1,2,28,réouverture,10,
2025,169,174.21,0.00297187,1.03083,0.124845,6.51851,-5.22097,0.648772,5.86974,0.332998,-0.112291,0.110354,0.222644,0.0215318,V1 m2,V1,2,28,réouverture,10,
2020,183,4663.65,0.529106,25.4844,0.634408,30.1468,19.6133,24.8801,5.26678,0.779189,0.45209,0.615639,0.16355,0.315537,V1 m2.5,V1,2.5,28,cooldown,5,0.0596732
2021,191,-391.406,-0.112078,-2.04924,0.0364853,22.0405,-27.4342,-2.69682,24.7374,0.386258,-0.332092,0.0270828,0.359175,0.00783344,V1 m2.5,V1,2.5,28,cooldown,5,0.0143727
2022,164,639.664,0.0271677,3.90039,0.104191,-42.9655,56.8528,6.94363,-49.9091,-0.781625,1.10505,0.161711,-0.943336,0.0218135,V1 m2.5,V1,2.5,28,cooldown,5,-0.109668
2023,183,3807.74,0.441689,20.8073,0.600844,32.6599,7.72857,20.1943,12.4657,1.16525,-0.0219529,0.57165,0.593603,0.280278,V1 m2.5,V1,2.5,28,cooldown,5,0.0328928
2024,167,2570.86,0.259306,15.3943,0.387244,16.2868,14.2727,15.2798,1.00707,0.402643,0.367891,0.385267,0.0173758,0.167976,V1 m2.5,V1,2.5,28,cooldown,5,0.0801882
2025,163,1553.31,0.151601,9.5295,0.488629,12.7375,5.85724,9.29735,3.44011,0.532704,0.438174,0.485439,0.0472654,0.132835,V1 m2.5,V1,2.5,28,cooldown,5,-0.0618798
2020,183,3748.65,0.395639,20.4844,0.526137,25.1468,14.6133,19.8801,5.26678,0.661349,0.355871,0.50861,0.152739,0.253211,V1 m2.5,V1,2.5,28,cooldown,10,0.0596732
2021,191,-1346.41,-0.19305,-7.04924,-0.0331019,17.0405,-32.4342,-7.69682,24.7374,0.319056,-0.404193,-0.0425685,0.361625,-0.0251051,V1 m2.5,V1,2.5,28,cooldown,10,0.0143727
2022,164,-180.336,-0.0537233,-1.09961,-0.0149896,-47.9655,51.8528,1.94363,-49.9091,-0.905093,0.990712,0.0428094,-0.947903,-0.0226609,V1 m2.5,V1,2.5,28,cooldown,10,-0.109668
2023,183,2892.74,0.315831,15.8073,0.393517,27.6599,2.72857,15.1943,12.4657,0.958456,-0.229864,0.364296,0.59416,0.190455,V1 m2.5,V1,2.5,28,cooldown,10,0.0328928
2024,167,1735.86,0.158518,10.3943,0.248509,11.2868,9.2727,10.2798,1.00707,0.264127,0.228882,0.246504,0.0176228,0.105571,V1 m2.5,V1,2.5,28,cooldown,10,0.0801882
2025,163,738.309,0.0615142,4.5295,0.311221,7.73745,0.857236,4.29735,3.44011,0.361182,0.254029,0.307605,0.0535765,0.0652983,V1 m2.5,V1,2.5,28,cooldown,10,-0.0618798
2020,187,4166.27,0.450097,22.2795,0.583154,33.9415,7.97973,20.9606,12.9809,0.842328,0.265358,0.553843,0.288485,0.291955,V1 m2.5,V1,2.5,28,réouverture,5,
2021,199,45.7382,-0.0828516,0.22984,0.0187052,9.68363,-9.71126,-0.0138141,9.69744,0.24125,-0.215311,0.0129695,0.228281,-0.000715689,V1 m2.5,V1,2.5,28,réouverture,5,
2022,170,1369.57,0.102381,8.05631,0.143603,-37.4003,60.4177,11.5087,-48.909,-0.692064,1.10621,0.207072,-0.899136,0.0404295,V1 m2.5,V1,2.5,28,réouverture,5,
2023,191,3175.73,0.35408,16.6269,0.518769,27.3874,5.04767,16.2175,11.1698,1.04522,-0.0477359,0.498741,0.546477,0.247359,V1 m2.5,V1,2.5,28,réouverture,5,
2024,176,2592.2,0.261627,14.7284,0.394888,15.0064,14.3626,14.6845,0.321913,0.363619,0.436031,0.399825,-0.0362061,0.177087,V1 m2.5,V1,2.5,28,réouverture,5,
2025,169,968.267,0.0857389,5.72939,0.278441,10.6107,0.168433,5.38955,5.22112,0.472456,0.0574116,0.264934,0.207522,0.0793418,V1 m2.5,V1,2.5,28,réouverture,5,
2020,187,3231.27,0.320844,17.2795,0.475357,28.9415,2.97973,15.9606,12.9809,0.724788,0.169508,0.447148,0.27764,0.229682,V1 m2.5,V1,2.5,28,réouverture,10,
2021,199,-949.262,-0.169809,-4.77016,-0.0511341,4.68363,-14.7113,-5.01381,9.69744,0.174271,-0.288158,-0.0569435,0.231215,-0.0348437,V1 m2.5,V1,2.5,28,réouverture,10,
2022,170,519.574,0.0125582,3.05631,0.0253335,-42.4003,55.4177,6.50871,-48.909,-0.814266,0.992467,0.0891005,-0.903367,-0.00624679,V1 m2.5,V1,2.5,28,réouverture,10,
2023,191,2220.73,0.230897,11.6269,0.310229,22.3874,0.047672,11.2175,11.1698,0.834128,-0.253531,0.290299,0.543829,0.156144,V1 m2.5,V1,2.5,28,réouverture,10,
2024,176,1712.2,0.155442,9.72842,0.255949,10.0064,9.36261,9.68452,0.321913,0.225805,0.295612,0.260709,-0.0349034,0.110917,V1 m2.5,V1,2.5,28,réouverture,10,
2025,169,123.267,-0.0022239,0.729388,0.100332,5.61067,-4.83157,0.389552,5.22112,0.302388,-0.129858,0.086265,0.216123,0.0126833,V1 m2.5,V1,2.5,28,réouverture,10,
2020,183,4510.99,0.505786,24.6502,0.620146,30.0398,17.8633,23.9516,6.08823,0.774432,0.425861,0.600146,0.174286,0.307121,V1 m3,V1,3,28,cooldown,5,0.0454119
2021,191,-774.878,-0.145823,-4.05695,0.00495565,17.4407,-26.7104,-4.63485,22.0755,0.310037,-0.316528,-0.00324547,0.313283,-0.00729056,V1 m3,V1,3,28,cooldown,5,-0.0171569
2022,164,684.682,0.0303118,4.17489,0.164073,-38.206,52.0598,6.9269,-45.1329,-0.589919,1.01599,0.213034,-0.802953,0.0460554,V1 m3,V1,3,28,cooldown,5,-0.0497861
2023,183,3775.79,0.437038,20.6327,0.595072,33.0671,6.91204,19.9896,13.0775,1.1731,-0.0427569,0.565174,0.607931,0.276899,V1 m3,V1,3,28,cooldown,5,0.0271212
2024,167,2213.02,0.214854,13.2516,0.332074,12.7059,13.9374,13.3217,-0.61578,0.309986,0.359834,0.33491,-0.0249243,0.141308,V1 m3,V1,3,28,cooldown,5,0.0250188
2025,163,1549.89,0.150958,9.50852,0.4798,14.6921,3.5747,9.1334,5.5587,0.576842,0.368712,0.472777,0.104065,0.130775,V1 m3,V1,3,28,cooldown,5,-0.0707086
2020,183,3595.99,0.374343,19.6502,0.511876,25.0398,12.8633,18.9516,6.08823,0.656591,0.329642,0.493116,0.163475,0.245191,V1 m3,V1,3,28,cooldown,10,0.0454119
2021,191,-1729.88,-0.223734,-9.05695,-0.0646315,12.4407,-31.7104,-9.63485,22.0755,0.242836,-0.38863,-0.0728967,0.315733,-0.039738,V1 m3,V1,3,28,cooldown,10,-0.0171569
2022,164,-135.318,-0.0508261,-0.825112,0.0448927,-43.206,47.0598,1.9269,-45.1329,-0.713387,0.901651,0.0941317,-0.807519,0.000541116,V1 m3,V1,3,28,cooldown,10,-0.0497861
2023,183,2860.79,0.311584,15.6327,0.387746,28.0671,1.91204,14.9896,13.0775,0.966308,-0.250668,0.35782,0.608488,0.187312,V1 m3,V1,3,28,cooldown,10,0.0271212
2024,167,1378.02,0.117604,8.2516,0.19334,7.70588,8.93744,8.32166,-0.61578,0.17147,0.220825,0.196148,-0.0246773,0.0803197,V1 m3,V1,3,28,cooldown,10,0.0250188
2025,163,734.889,0.0609208,4.50852,0.302392,9.69209,-1.4253,4.1334,5.5587,0.40532,0.184567,0.294943,0.110376,0.0633598,V1 m3,V1,3,28,cooldown,10,-0.0707086
2020,187,4013.61,0.427982,21.4631,0.569198,33.8355,6.29229,20.0639,13.7716,0.837617,0.240065,0.538841,0.298776,0.28369,V1 m3,V1,3,28,réouverture,5,
2021,198,-507.513,-0.132437,-2.5632,-0.0290182,5.26418,-10.8798,-2.8078,8.07198,0.168019,-0.23837,-0.0351756,0.203194,-0.0241181,V1 m3,V1,3,28,réouverture,5,
2022,170,1414.59,0.105755,8.32113,0.201372,-32.85,55.7461,11.448,-44.298,-0.508785,1.0194,0.255308,-0.764093,0.0651131,V1 m3,V1,3,28,réouverture,5,
2023,190,3002.23,0.330751,15.8012,0.490707,27.2636,3.59123,15.4274,11.8362,1.03813,-0.0924164,0.472857,0.565273,0.229246,V1 m3,V1,3,28,réouverture,5,
2024,175,2260.52,0.220286,12.9173,0.347072,11.6761,14.5721,13.1241,-1.448,0.277448,0.439905,0.358676,-0.0812283,0.151508,V1 m3,V1,3,28,réouverture,5,
2025,169,964.847,0.0851324,5.70915,0.269926,12.5002,-2.02743,5.23636,7.26379,0.515123,-0.00941245,0.252855,0.262268,0.0773792,V1 m3,V1,3,28,réouverture,5,
2020,187,3078.61,0.300689,16.4631,0.461401,28.8355,1.29229,15.0639,13.7716,0.720077,0.144215,0.432146,0.287931,0.221814,V1 m3,V1,3,28,réouverture,10,
2021,198,-1497.51,-0.214322,-7.5632,-0.0986976,0.264175,-15.8798,-7.8078,8.07198,0.10104,-0.310919,-0.104939,0.20598,-0.0572127,V1 m3,V1,3,28,réouverture,10,
2022,170,564.591,0.0156583,3.32113,0.0831023,-37.85,50.7461,6.44805,-44.298,-0.630987,0.905661,0.137337,-0.768324,0.0173449,V1 m3,V1,3,28,réouverture,10,
2023,190,2052.23,0.210284,10.8012,0.281731,22.2636,-1.40877,10.4274,11.8362,0.826167,-0.298211,0.263978,0.562189,0.139707,V1 m3,V1,3,28,réouverture,10,
2024,175,1385.52,0.118121,7.91728,0.207832,6.67614,9.57214,8.12414,-1.448,0.139634,0.298762,0.219198,-0.0795638,0.0870026,V1 m3,V1,3,28,réouverture,10,
2025,169,119.847,-0.00278166,0.709155,0.0918168,7.50015,-7.02743,0.236364,7.26379,0.345054,-0.196682,0.0741863,0.270868,0.0108405,V1 m3,V1,3,28,réouverture,10,
2020,183,4231.17,0.463943,23.1211,0.599033,28.7957,15.9755,22.3856,6.4101,0.757269,0.399772,0.578521,0.178748,0.294525,V1 m4,V1,4,28,cooldown,5,0.0242983
2021,191,-873.3,-0.155076,-4.57225,-0.0052331,13.8229,-23.9564,-5.06675,18.8896,0.266546,-0.291624,-0.012539,0.279085,-0.0122237,V1 m4,V1,4,28,cooldown,5,-0.0273457
2022,164,719.957,0.0339465,4.38998,0.169198,-37.9535,52.2327,7.13956,-45.0931,-0.581084,1.01692,0.217918,-0.799002,0.0482536,V1 m4,V1,4,28,cooldown,5,-0.0446606
2023,183,3887.76,0.453083,21.2446,0.600992,33.0315,8.23842,20.6349,12.3965,1.16097,-0.0169149,0.572028,0.588943,0.283154,V1 m4,V1,4,28,cooldown,5,0.0330412
2024,167,2109.5,0.202257,12.6317,0.317856,12.4946,12.8041,12.6493,-0.154735,0.306819,0.331726,0.319272,-0.0124534,0.134527,V1 m4,V1,4,28,cooldown,5,0.0108
2025,163,1751.55,0.174158,10.7457,0.507624,15.3691,5.45303,10.4111,4.95805,0.58977,0.413588,0.501679,0.0880908,0.147295,V1 m4,V1,4,28,cooldown,5,-0.042885
2020,183,3316.17,0.336134,18.1211,0.490762,23.7957,10.9755,17.3856,6.4101,0.639428,0.303553,0.471491,0.167937,0.23319,V1 m4,V1,4,28,cooldown,10,0.0242983
2021,191,-1828.3,-0.232147,-9.57225,-0.0748202,8.82287,-28.9564,-10.0667,18.8896,0.199345,-0.363726,-0.0821903,0.281535,-0.044511,V1 m4,V1,4,28,cooldown,10,-0.0273457
2022,164,-100.043,-0.0474759,-0.610018,0.0500182,-42.9535,47.2327,2.13956,-45.0931,-0.704552,0.902584,0.0990162,-0.803568,0.00264449,V1 m4,V1,4,28,cooldown,10,-0.0446606
2023,183,2972.76,0.326235,16.2446,0.393666,28.0315,3.23842,15.6349,12.3965,0.954174,-0.224826,0.364674,0.5895,0.193129,V1 m4,V1,4,28,cooldown,10,0.0330412
2024,167,1274.5,0.10601,7.63173,0.179121,7.49459,7.80407,7.64933,-0.154735,0.168303,0.192716,0.18051,-0.0122064,0.0738989,V1 m4,V1,4,28,cooldown,10,0.0108
2025,163,936.545,0.082317,5.74568,0.330216,10.3691,0.45303,5.41108,4.95805,0.418247,0.229443,0.323845,0.0944019,0.0789007,V1 m4,V1,4,28,cooldown,10,-0.042885
2020,187,3733.79,0.3883,19.9668,0.548536,32.6034,4.47183,18.5376,14.0658,0.82062,0.214909,0.517765,0.302856,0.27132,V1 m4,V1,4,28,réouverture,5,
2021,198,-605.935,-0.141835,-3.06028,-0.0388467,1.78823,-8.21182,-3.2118,5.00002,0.126233,-0.214244,-0.0440055,0.170239,-0.0289675,V1 m4,V1,4,28,réouverture,5,
2022,170,1449.87,0.109656,8.52863,0.206317,-32.6086,55.9145,11.653,-44.2616,-0.500337,1.02031,0.259987,-0.760324,0.0673514,V1 m4,V1,4,28,réouverture,5,
2023,190,3680.95,0.423175,19.3734,0.549487,30.9791,6.74748,18.8633,12.1158,1.09107,-0.0397035,0.525682,0.565385,0.266619,V1 m4,V1,4,28,réouverture,5,
2024,173,2148.83,0.207071,12.421,0.324887,11.0175,14.3437,12.6806,-1.66311,0.259638,0.414268,0.336953,-0.0773149,0.138646,V1 m4,V1,4,28,réouverture,5,
2025,169,1166.5,0.107006,6.90239,0.296762,13.1546,-0.220423,6.4671,6.68753,0.527619,0.0337595,0.280689,0.24693,0.093119,V1 m4,V1,4,28,réouverture,5,
2020,187,2798.79,0.264527,14.9668,0.440739,27.6034,-0.528169,13.5376,14.0658,0.703081,0.119059,0.41107,0.292011,0.210038,V1 m4,V1,4,28,réouverture,10,
2021,198,-1595.94,-0.222837,-8.06028,-0.108526,-3.21177,-13.2118,-8.2118,5.00002,0.0592546,-0.286793,-0.113769,0.173024,-0.0618989,V1 m4,V1,4,28,réouverture,10,
2022,170,599.867,0.0192432,3.52863,0.0880468,-37.6086,50.9145,6.65297,-44.2616,-0.62254,0.906571,0.142015,-0.764555,0.0194837,V1 m4,V1,4,28,réouverture,10,
2023,190,2730.95,0.294385,14.3734,0.340433,25.9791,1.74748,13.8633,12.1158,0.880302,-0.246897,0.316703,0.5636,0.174321,V1 m4,V1,4,28,réouverture,10,
2024,173,1283.83,0.107113,7.42101,0.185303,6.01746,9.34367,7.68057,-1.66311,0.121825,0.27226,0.197042,-0.0752175,0.0754444,V1 m4,V1,4,28,réouverture,10,
2025,169,321.503,0.0173298,1.90239,0.118653,8.15463,-5.22042,1.4671,6.68753,0.357551,-0.15351,0.10202,0.25553,0.0256139,V1 m4,V1,4,28,réouverture,10,
2020,183,2631.22,0.267018,14.3782,0.272506,14.8874,13.7371,14.3122,0.575177,0.264635,0.282418,0.273526,-0.0088917,0.120977,V2 m1,V2,1,28,cooldown,5,-0.302228
2021,191,1828.42,0.112719,9.57288,0.0798501,12.8106,6.16108,9.48584,3.32476,0.262519,-0.112639,0.0749396,0.187579,0.030182,V2 m1,V2,1,28,cooldown,5,0.0577375
2022,164,437.935,0.0102418,2.67034,0.2131,-33.8762,43.9632,5.04349,-38.9197,-0.393064,0.897986,0.252461,-0.645525,0.0750316,V2 m1,V2,1,28,cooldown,5,-0.00075945
2023,183,1312.95,0.130074,7.1746,0.228033,6.11538,8.34339,7.22939,-1.11401,0.236508,0.218681,0.227594,0.00891348,0.10031,V2 m1,V2,1,28,cooldown,5,-0.339918
2024,167,1117.01,0.0937159,6.68866,0.215673,12.5491,-0.676553,5.9363,6.61285,0.357102,0.0379303,0.197516,0.159586,0.0874417,V2 m1,V2,1,28,cooldown,5,-0.0913828
2025,163,1583.42,0.158965,9.71425,0.330273,10.3135,9.02827,9.67089,0.642614,0.351707,0.305737,0.328722,0.0229848,0.103477,V2 m1,V2,1,28,cooldown,5,-0.220236
2020,183,1716.22,0.156327,9.37824,0.164236,9.88741,8.73706,9.31223,0.575177,0.146794,0.186199,0.166497,-0.0197026,0.0678077,V2 m1,V2,1,28,cooldown,10,-0.302228
2021,191,873.42,0.0113629,4.57288,0.0102629,7.8106,1.16108,4.48584,3.32476,0.195317,-0.184741,0.00528835,0.190029,-0.00348863,V2 m1,V2,1,28,cooldown,10,0.0577375
2022,164,-382.065,-0.0693224,-2.32966,0.0939193,-38.8762,38.9632,0.0434906,-38.9197,-0.516532,0.78365,0.133559,-0.650091,0.0282733,V2 m1,V2,1,28,cooldown,10,-0.00075945
2023,183,397.952,0.0312963,2.1746,0.0207065,1.11538,3.34339,2.22939,-1.11401,0.0297112,0.0107702,0.0202407,0.00947046,0.0230664,V2 m1,V2,1,28,cooldown,10,-0.339918
2024,167,282.005,0.00611258,1.68866,0.0769384,7.54914,-5.67655,0.936296,6.61285,0.218587,-0.101079,0.0587538,0.159833,0.0293192,V2 m1,V2,1,28,cooldown,10,-0.0913828
2025,163,768.423,0.068307,4.71425,0.152865,5.3135,4.02827,4.67089,0.642614,0.180184,0.121592,0.150888,0.0292958,0.0376703,V2 m1,V2,1,28,cooldown,10,-0.220236
2020,200,2639.85,0.263202,13.1992,0.246271,22.6751,2.07542,12.3753,10.2998,0.392651,0.0744341,0.233543,0.159109,0.118932,V2 m1,V2,1,28,réouverture,5,
2021,222,3664.64,0.311509,16.5074,0.143351,11.7065,21.4845,16.5955,-4.88904,0.291062,-0.00978034,0.140641,0.150421,0.0724399,V2 m1,V2,1,28,réouverture,5,
2022,186,206.905,-0.0221326,1.11239,0.115374,-31.9575,40.4073,4.22486,-36.1824,-0.440057,0.775358,0.16765,-0.607708,0.0361544,V2 m1,V2,1,28,réouverture,5,
2023,210,1365.96,0.135016,6.50456,0.128823,5.30971,7.72238,6.51605,-1.20633,0.173039,0.0837566,0.128398,0.0446412,0.0859414,V2 m1,V2,1,28,réouverture,5,
2024,184,1183.72,0.0994403,6.43324,0.19416,10.4961,1.0333,5.76468,4.73137,0.295579,0.0593621,0.17747,0.118108,0.0885129,V2 m1,V2,1,28,réouverture,5,
2025,183,1243.38,0.119718,6.79444,0.172199,6.99137,6.54645,6.76891,0.222458,0.131101,0.223951,0.177526,-0.0464252,0.0631142,V2 m1,V2,1,28,réouverture,5,
2020,200,1639.85,0.143081,8.19924,0.140285,17.6751,-2.92458,7.37525,10.2998,0.278233,-0.0216529,0.12829,0.149943,0.0621772,V2 m1,V2,1,28,réouverture,10,
2021,222,2554.64,0.173792,11.5074,0.0742654,6.70645,16.4845,11.5955,-4.88904,0.225017,-0.0820184,0.0714994,0.153518,0.0321007,V2 m1,V2,1,28,réouverture,10,
2022,186,-723.095,-0.109023,-3.88761,-0.00471742,-36.9575,35.4073,-0.775142,-36.1824,-0.562495,0.658054,0.0477793,-0.610274,-0.0151611,V2 m1,V2,1,28,réouverture,10,
2023,210,315.957,0.0219159,1.50456,-0.0832545,0.309714,2.72238,1.51605,-1.20633,-0.0434007,-0.123875,-0.0836377,0.040237,-0.00139571,V2 m1,V2,1,28,réouverture,10,
2024,184,263.717,0.00281792,1.43324,0.0540246,5.49605,-3.9667,0.764678,4.73137,0.15807,-0.0842642,0.0369031,0.121167,0.0242922,V2 m1,V2,1,28,réouverture,10,
2025,183,328.382,0.0218398,1.79444,-0.0126884,1.99137,1.54645,1.76891,0.222458,-0.0489271,0.0329455,-0.0079908,-0.0409363,-0.00846565,V2 m1,V2,1,28,réouverture,10,
2020,183,5204.68,0.627512,28.4409,0.555783,34.9452,20.2503,27.5977,7.34749,0.655989,0.429597,0.542793,0.113196,0.27556,V2 m1.5,V2,1.5,28,cooldown,5,-0.0189515
2021,191,625.663,-0.0188549,3.27572,0.00993391,15.9138,-10.0419,2.93599,12.9779,0.318816,-0.315555,0.00163063,0.317186,-0.00434462,V2 m1.5,V2,1.5,28,cooldown,5,-0.0121787
2022,164,665.994,0.0320392,4.06094,0.25657,-35.9394,49.2562,6.65837,-42.5978,-0.421327,1.0225,0.300589,-0.721915,0.0913933,V2 m1.5,V2,1.5,28,cooldown,5,0.0427106
2023,183,1617.01,0.163474,8.83613,0.283616,10.4091,7.10046,8.75477,1.65431,0.331843,0.2304,0.281122,0.0507215,0.127961,V2 m1.5,V2,1.5,28,cooldown,5,-0.284335
2024,167,1433.38,0.126304,8.58314,0.25698,14.8318,0.730081,7.78095,7.05087,0.44019,0.0267301,0.23346,0.20673,0.105114,V2 m1.5,V2,1.5,28,cooldown,5,-0.0500755
2025,163,1889.85,0.192255,11.5942,0.520204,7.7496,15.9952,11.8724,-4.12278,0.296473,0.776317,0.536395,-0.239922,0.149692,V2 m1.5,V2,1.5,28,cooldown,5,-0.0303048
2020,183,4289.68,0.485508,23.4409,0.447512,29.9452,15.2503,22.5977,7.34749,0.538148,0.333378,0.435763,0.102385,0.215101,V2 m1.5,V2,1.5,28,cooldown,10,-0.0189515
2021,191,-329.337,-0.108285,-1.72428,-0.0596532,10.9138,-15.0419,-2.06401,12.9779,0.251615,-0.387656,-0.0680206,0.319635,-0.0368918,V2 m1.5,V2,1.5,28,cooldown,10,-0.0121787
2022,164,-154.006,-0.0492323,-0.939061,0.137389,-40.9394,44.2562,1.65837,-42.5978,-0.544795,0.908168,0.181687,-0.726481,0.0439295,V2 m1.5,V2,1.5,28,cooldown,10,0.0427106
2023,183,702.012,0.0617925,3.83613,0.0762897,5.40908,2.10046,3.75477,1.65431,0.125046,0.0224894,0.0737678,0.0512784,0.0487854,V2 m1.5,V2,1.5,28,cooldown,10,-0.284335
2024,167,598.385,0.0361047,3.58314,0.118246,9.83181,-4.26992,2.78095,7.05087,0.301674,-0.112279,0.0946974,0.206977,0.0460532,V2 m1.5,V2,1.5,28,cooldown,10,-0.0500755
2025,163,1074.85,0.0990079,6.59416,0.342796,2.7496,10.9952,6.87238,-4.12278,0.12495,0.592172,0.358561,-0.233611,0.0811537,V2 m1.5,V2,1.5,28,cooldown,10,-0.0303048
2020,194,4463.16,0.50657,23.006,0.47571,35.4066,7.75462,21.5806,13.826,0.697358,0.203109,0.450233,0.247125,0.245605,V2 m1.5,V2,1.5,28,réouverture,5,
2021,209,1082.43,0.0123061,5.17908,-0.0151731,9.18569,0.894787,5.04024,4.14545,0.234625,-0.282284,-0.0238295,0.258454,-0.0175351,V2 m1.5,V2,1.5,28,réouverture,5,
2022,180,1359.25,0.0970128,7.55139,0.281379,-25.8638,45.7402,9.93819,-35.802,-0.258803,0.89873,0.319964,-0.578766,0.11207,V2 m1.5,V2,1.5,28,réouverture,5,
2023,198,1471.97,0.145808,7.43419,0.168256,8.0602,6.79541,7.4278,0.632394,0.246369,0.0885485,0.167459,0.0789104,0.0990449,V2 m1.5,V2,1.5,28,réouverture,5,
2024,179,1750.35,0.16112,9.77852,0.249468,15.8237,1.58565,8.7047,7.11904,0.413222,0.0275375,0.22038,0.192842,0.111511,V2 m1.5,V2,1.5,28,réouverture,5,
2025,175,1644.65,0.161281,9.39799,0.301416,9.08551,9.76062,9.42307,-0.337554,0.236689,0.376532,0.30661,-0.0699214,0.101267,V2 m1.5,V2,1.5,28,réouverture,5,
2020,194,3493.16,0.367519,18.006,0.369421,30.4066,2.75462,16.5806,13.826,0.582331,0.107566,0.344948,0.237383,0.18417,V2 m1.5,V2,1.5,28,réouverture,10,
2021,209,37.4276,-0.0882012,0.179079,-0.08466,4.18569,-4.10521,0.0402365,4.14545,0.167967,-0.354796,-0.0934144,0.261382,-0.0525782,V2 m1.5,V2,1.5,28,réouverture,10,
2022,180,459.25,0.00259653,2.55139,0.161098,-30.8638,40.7402,4.93819,-35.802,-0.381296,0.780976,0.19984,-0.581136,0.0588348,V2 m1.5,V2,1.5,28,réouverture,10,
2023,198,481.97,0.0378467,2.43419,-0.0417937,3.0602,1.79541,2.4278,0.632394,0.0357586,-0.120929,-0.042585,0.0783436,0.015735,V2 m1.5,V2,1.5,28,réouverture,10,
2024,179,855.355,0.0617567,4.77852,0.109461,10.8237,-3.41435,3.7047,7.11904,0.274576,-0.114313,0.0801314,0.194445,0.0475643,V2 m1.5,V2,1.5,28,réouverture,10,
2025,175,769.649,0.0640358,4.39799,0.122179,4.08551,4.76062,4.42307,-0.337554,0.0675933,0.185526,0.12656,-0.0589664,0.0308208,V2 m1.5,V2,1.5,28,réouverture,10,
2020,183,4650.42,0.537219,25.4121,0.544585,33.7115,14.961,24.3363,9.37521,0.700142,0.348697,0.52442,0.175722,0.263838,V2 m2,V2,2,28,cooldown,5,-0.0301497
2021,191,175.549,-0.0650546,0.919104,-0.0027241,17.4833,-16.5356,0.473831,17.0094,0.328307,-0.351552,-0.0116228,0.339929,-0.0105643,V2 m2,V2,2,28,cooldown,5,-0.0248367
2022,164,905.938,0.0536977,5.52402,0.285156,-30.8356,46.6057,7.88503,-38.7206,-0.364196,1.01884,0.327322,-0.691518,0.0988493,V2 m2,V2,2,28,cooldown,5,0.0712971
2023,183,2921.28,0.322458,15.9633,0.468118,24.2501,6.81916,15.5346,8.71549,0.688605,0.224822,0.456714,0.231891,0.221828,V2 m2,V2,2,28,cooldown,5,-0.0998328
2024,167,2059.23,0.198319,12.3307,0.359819,17.6031,5.70462,11.6539,5.94923,0.497013,0.1874,0.342206,0.154807,0.153238,V2 m2,V2,2,28,cooldown,5,0.0527635
2025,163,1610.93,0.158598,9.883,0.463358,9.0954,10.7846,9.94,-0.844596,0.331872,0.613875,0.472873,-0.141001,0.131459,V2 m2,V2,2,28,cooldown,5,-0.0871506
2020,183,3735.42,0.403052,20.4121,0.436314,28.7115,9.96105,19.3363,9.37521,0.582301,0.252478,0.41739,0.164911,0.203938,V2 m2,V2,2,28,cooldown,10,-0.0301497
2021,191,-779.451,-0.150295,-4.0809,-0.0723112,12.4833,-21.5356,-4.52617,17.0094,0.261105,-0.423653,-0.081274,0.342379,-0.0429082,V2 m2,V2,2,28,cooldown,10,-0.0248367
2022,164,85.9385,-0.0292708,0.524015,0.165976,-35.8356,41.6057,2.88503,-38.7206,-0.487664,0.904504,0.20842,-0.696084,0.0510639,V2 m2,V2,2,28,cooldown,10,0.0712971
2023,183,2006.28,0.206958,10.9633,0.260792,19.2501,1.81916,10.5346,8.71549,0.481808,0.0169116,0.24936,0.232448,0.136093,V2 m2,V2,2,28,cooldown,10,-0.0998328
2024,167,1224.23,0.102386,7.33072,0.221085,12.6031,0.704624,6.65386,5.94923,0.358498,0.0483901,0.203444,0.155054,0.0916226,V2 m2,V2,2,28,cooldown,10,0.0527635
2025,163,795.929,0.0679672,4.883,0.28595,4.0954,5.78459,4.94,-0.844596,0.160349,0.42973,0.29504,-0.13469,0.0640017,V2 m2,V2,2,28,cooldown,10,-0.0871506
2020,191,3830.85,0.412156,20.0568,0.46483,32.2166,4.89286,18.5547,13.6619,0.708718,0.160688,0.434703,0.274015,0.229698,V2 m2,V2,2,28,réouverture,5,
2021,202,452.248,-0.0504765,2.23885,-0.0409277,6.63146,-2.51604,2.05771,4.57375,0.19438,-0.295642,-0.0506311,0.245011,-0.0299761,V2 m2,V2,2,28,réouverture,5,
2022,173,2349.27,0.211789,13.5796,0.413709,-23.7787,57.0087,16.615,-40.3937,-0.237395,1.17062,0.466611,-0.704007,0.167995,V2 m2,V2,2,28,réouverture,5,
2023,194,3008.76,0.333327,15.5091,0.423964,21.3476,9.29787,15.3227,6.02487,0.588861,0.248543,0.418702,0.170159,0.217592,V2 m2,V2,2,28,réouverture,5,
2024,176,2629.83,0.268087,14.9422,0.40579,18.2042,10.5493,14.3768,3.82744,0.485868,0.297953,0.39191,0.0939576,0.187539,V2 m2,V2,2,28,réouverture,5,
2025,170,1091.97,0.099601,6.42338,0.25617,7.73834,4.90868,6.32351,1.41483,0.281979,0.226441,0.25421,0.0277693,0.0796808,V2 m2,V2,2,28,réouverture,5,
2020,191,2875.85,0.283701,15.0568,0.357879,27.2166,-0.107139,13.5547,13.6619,0.592912,0.0647799,0.328846,0.264066,0.169613,V2 m2,V2,2,28,réouverture,10,
2021,202,-557.752,-0.141779,-2.76115,-0.110613,1.63146,-7.51604,-2.94229,4.57375,0.127465,-0.368327,-0.120431,0.247896,-0.0635322,V2 m2,V2,2,28,réouverture,10,
2022,173,1484.27,0.111434,8.57962,0.295572,-28.7787,52.0087,11.615,-40.3937,-0.358867,1.05636,0.348745,-0.707613,0.114729,V2 m2,V2,2,28,réouverture,10,
2023,194,2038.76,0.210206,10.5091,0.216269,16.3476,4.29787,10.3227,6.02487,0.37825,0.043949,0.2111,0.167151,0.127237,V2 m2,V2,2,28,réouverture,10,
2024,176,1749.83,0.161362,9.9422,0.266152,13.2042,5.54935,9.37678,3.82744,0.347885,0.156085,0.251985,0.0959,0.120565,V2 m2,V2,2,28,réouverture,10,
2025,170,241.974,0.0100165,1.42338,0.078615,2.73834,-0.091323,1.32351,1.41483,0.112857,0.0391713,0.0760143,0.036843,0.0127868,V2 m2,V2,2,28,réouverture,10,
2020,183,4500.73,0.512641,24.5941,0.543214,35.8729,10.3912,23.1321,12.7408,0.753819,0.278008,0.515914,0.237906,0.262241,V2 m2.5,V2,2.5,28,cooldown,5,-0.0315199
2021,191,118.74,-0.0719801,0.621674,0.000399216,15.4486,-15.0024,0.223102,15.2255,0.298952,-0.314205,-0.00762639,0.306578,-0.00928979,V2 m2.5,V2,2.5,28,cooldown,5,-0.0217134
2022,164,1003.88,0.064047,6.12119,0.297469,-30.2963,47.2682,8.48597,-38.7823,-0.350864,1.03,0.339569,-0.690433,0.104405,V2 m2.5,V2,2.5,28,cooldown,5,0.0836102
2023,183,3017.75,0.334868,16.4904,0.485934,25.6255,6.41034,16.0179,9.60757,0.744214,0.200937,0.472575,0.271638,0.234005,V2 m2.5,V2,2.5,28,cooldown,5,-0.0820166
2024,167,1938.25,0.183564,11.6063,0.343605,15.6817,6.48452,11.0831,4.59857,0.464718,0.191395,0.328057,0.136662,0.146063,V2 m2.5,V2,2.5,28,cooldown,5,0.0365492
2025,163,1925.9,0.194553,11.8154,0.507112,9.32466,14.6666,11.9956,-2.67095,0.393571,0.637086,0.515329,-0.121758,0.151866,V2 m2.5,V2,2.5,28,cooldown,5,-0.0433968
2020,183,3585.73,0.380607,19.5941,0.434944,30.8729,5.39124,18.1321,12.7408,0.635979,0.181789,0.408884,0.227095,0.202421,V2 m2.5,V2,2.5,28,cooldown,10,-0.0315199
2021,191,-836.26,-0.156593,-4.37833,-0.0691879,10.4486,-20.0024,-4.7769,15.2255,0.23175,-0.386306,-0.0772777,0.309028,-0.0416745,V2 m2.5,V2,2.5,28,cooldown,10,-0.0217134
2022,164,183.876,-0.0197316,1.12119,0.178289,-35.2963,42.2682,3.48597,-38.7823,-0.474332,0.915666,0.220667,-0.694999,0.0563793,V2 m2.5,V2,2.5,28,cooldown,10,0.0836102
2023,183,2102.75,0.21829,11.4904,0.278608,20.6255,1.41034,11.0179,9.60757,0.537417,-0.00697404,0.265221,0.272195,0.14742,V2 m2.5,V2,2.5,28,cooldown,10,-0.0820166
2024,167,1103.25,0.0888049,6.60628,0.20487,10.6817,1.48452,6.08309,4.59857,0.326203,0.0523853,0.189294,0.136909,0.0848286,V2 m2.5,V2,2.5,28,cooldown,10,0.0365492
2025,163,1110.9,0.101126,6.81536,0.329704,4.32466,9.66656,6.99561,-2.67095,0.222048,0.452941,0.337495,-0.115447,0.0831982,V2 m2.5,V2,2.5,28,cooldown,10,-0.0433968
2020,190,3782.96,0.404425,19.9103,0.451159,35.1539,0.674431,17.9142,17.2397,0.731327,0.0976131,0.41447,0.316857,0.219522,V2 m2.5,V2,2.5,28,réouverture,5,
2021,200,534.47,-0.0442216,2.67235,-0.0264319,4.7779,0.391338,2.58462,2.19328,0.168588,-0.237703,-0.0345577,0.203145,-0.0229021,V2 m2.5,V2,2.5,28,réouverture,5,
2022,173,2057.63,0.177448,11.8938,0.376161,-26.9154,55.9734,14.529,-41.4444,-0.302273,1.14673,0.422227,-0.7245,0.149328,V2 m2.5,V2,2.5,28,réouverture,5,
2023,193,3114.06,0.34703,16.1351,0.444584,22.6679,9.11044,15.8892,6.77875,0.642245,0.232046,0.437145,0.2051,0.230634,V2 m2.5,V2,2.5,28,réouverture,5,
2024,175,2387.34,0.237558,13.642,0.392668,16.435,9.82984,13.1324,3.30257,0.456131,0.30605,0.38109,0.0750406,0.174309,V2 m2.5,V2,2.5,28,réouverture,5,
2025,170,1406.95,0.133725,8.27617,0.298122,7.95752,8.64323,8.30037,-0.342856,0.340966,0.248771,0.294868,0.0460978,0.0991543,V2 m2.5,V2,2.5,28,réouverture,5,
2020,190,2832.96,0.277308,14.9103,0.343791,30.1539,-4.32557,12.9142,17.2397,0.61463,0.00201843,0.308324,0.306306,0.160015,V2 m2.5,V2,2.5,28,réouverture,10,
2021,200,-465.53,-0.135259,-2.32765,-0.0959416,-0.222098,-4.60866,-2.41538,2.19328,0.101883,-0.310252,-0.104184,0.206068,-0.056289,V2 m2.5,V2,2.5,28,réouverture,10,
2022,173,1192.63,0.0799216,6.89379,0.258009,-31.9154,50.9734,9.52898,-41.4444,-0.423864,1.03248,0.304309,-0.728173,0.0969018,V2 m2.5,V2,2.5,28,réouverture,10,
2023,193,2149.06,0.223261,11.1351,0.236678,17.6679,4.11044,10.8892,6.77875,0.431634,0.0270483,0.229341,0.202293,0.139794,V2 m2.5,V2,2.5,28,réouverture,10,
2024,175,1512.34,0.133956,8.64195,0.25303,11.435,4.82984,8.13241,3.30257,0.318148,0.164152,0.24115,0.076998,0.108466,V2 m2.5,V2,2.5,28,réouverture,10,
2025,170,556.949,0.0413756,3.27617,0.120567,2.95752,3.64323,3.30037,-0.342856,0.171844,0.0615013,0.116673,0.0551715,0.0310593,V2 m2.5,V2,2.5,28,réouverture,10,
2020,183,4653.37,0.535614,25.4282,0.57466,35.8645,12.2863,24.0754,11.7891,0.772515,0.325509,0.549012,0.223503,0.280442,V2 m3,V2,3,28,cooldown,5,-7.44966e-05
2021,191,371.882,-0.04837,1.94703,0.00985221,15.4486,-12.2804,1.58408,13.8645,0.298952,-0.29479,0.00208072,0.296871,-0.00481704,V2 m3,V2,3,28,cooldown,5,-0.0122604
2022,164,1541.99,0.12156,9.40235,0.335525,-26.5303,50.0016,11.7356,-38.2659,-0.302934,1.0569,0.376984,-0.679918,0.121568,V2 m3,V2,3,28,cooldown,5,0.121666
2023,183,3773.31,0.438569,20.6192,0.60564,27.0246,13.5512,20.2879,6.73669,0.79157,0.400475,0.596023,0.195548,0.30299,V2 m3,V2,3,28,cooldown,5,0.0376887
2024,167,1676.97,0.152762,10.0417,0.289025,12.7611,6.62409,9.6926,3.06851,0.364311,0.194409,0.27936,0.0849508,0.120399,V2 m3,V2,3,28,cooldown,5,-0.0180305
2025,163,1829.52,0.182943,11.2241,0.483602,9.89486,12.7457,11.3203,-1.4254,0.4067,0.571634,0.489167,-0.0824667,0.140628,V2 m3,V2,3,28,cooldown,5,-0.0669068
2020,183,3738.37,0.401585,20.4282,0.466389,30.8645,7.28631,19.0754,11.7891,0.654674,0.22929,0.441982,0.212692,0.219766,V2 m3,V2,3,28,cooldown,10,-7.44966e-05
2021,191,-583.118,-0.135125,-3.05297,-0.0597349,10.4486,-17.2804,-3.41592,13.8645,0.23175,-0.366892,-0.0675706,0.299321,-0.0373476,V2 m3,V2,3,28,cooldown,10,-0.0122604
2022,164,721.985,0.03328,4.40235,0.216345,-31.5303,45.0016,6.73564,-38.2659,-0.426402,0.942565,0.258082,-0.684484,0.0727973,V2 m3,V2,3,28,cooldown,10,0.121666
2023,183,2858.31,0.312983,15.6192,0.398313,22.0246,8.55119,15.2879,6.73669,0.584773,0.192564,0.388669,0.196105,0.21159,V2 m3,V2,3,28,cooldown,10,0.0376887
2024,167,841.965,0.0604553,5.04171,0.150291,7.7611,1.62409,4.6926,3.06851,0.225795,0.0553998,0.140598,0.0851977,0.0605249,V2 m3,V2,3,28,cooldown,10,-0.0180305
2025,163,1014.52,0.0904186,6.22407,0.306194,4.89486,7.74567,6.32027,-1.4254,0.235178,0.387489,0.311333,-0.0761556,0.0726248,V2 m3,V2,3,28,cooldown,10,-0.0669068
2020,189,4004.73,0.435678,21.189,0.492422,36.1388,2.50181,19.3203,16.8185,0.771625,0.143417,0.457521,0.314104,0.242053,V2 m3,V2,3,28,réouverture,5,
2021,200,787.613,-0.0199053,3.93806,-0.0174043,4.7779,3.02824,3.90307,0.874831,0.168588,-0.218896,-0.025154,0.193742,-0.0184908,V2 m3,V2,3,28,réouverture,5,
2022,172,2770.75,0.263199,16.109,0.428049,-21.6875,58.5717,18.4421,-40.1296,-0.234414,1.1723,0.468942,-0.703356,0.173961,V2 m3,V2,3,28,réouverture,5,
2023,190,3493.43,0.398711,18.3865,0.529702,24.7178,11.4986,18.1082,6.60958,0.71279,0.330518,0.521654,0.191136,0.276843,V2 m3,V2,3,28,réouverture,5,
2024,175,2126.06,0.205352,12.1489,0.340583,13.7458,9.96941,11.8576,1.88817,0.363677,0.309064,0.33637,0.0273061,0.148012,V2 m3,V2,3,28,réouverture,5,
2025,170,1310.57,0.122706,7.70923,0.27558,8.50266,6.79528,7.64897,0.853687,0.353518,0.185804,0.269661,0.0838575,0.0884302,V2 m3,V2,3,28,réouverture,5,
2020,189,3059.73,0.3064,16.189,0.385096,31.1388,-2.49819,14.3203,16.8185,0.654914,0.0478226,0.351368,0.303546,0.181795,V2 m3,V2,3,28,réouverture,10,
2021,200,-212.387,-0.113248,-1.06194,-0.086914,-0.222098,-1.97176,-1.09693,0.874831,0.101883,-0.291445,-0.0947805,0.196664,-0.0520281,V2 m3,V2,3,28,réouverture,10,
2022,172,1910.75,0.159189,11.109,0.309594,-26.6875,53.5717,13.4421,-40.1296,-0.356616,1.05805,0.350719,-0.707335,0.120599,V2 m3,V2,3,28,réouverture,10,
2023,190,2543.43,0.272124,13.3865,0.320647,19.7178,6.49862,13.1082,6.60958,0.502025,0.123324,0.312675,0.189351,0.183811,V2 m3,V2,3,28,réouverture,10,
2024,175,1251.06,0.104431,7.1489,0.200945,8.74576,4.96941,6.85758,1.88817,0.225694,0.167166,0.19643,0.0292636,0.0836325,V2 m3,V2,3,28,réouverture,10,
2025,170,460.569,0.0312496,2.70923,0.0980252,3.50266,1.79528,2.64897,0.853687,0.184397,-0.00146574,0.0914654,0.0929311,0.0209949,V2 m3,V2,3,28,réouverture,10,
2020,183,5054.08,0.597295,27.6179,0.605743,37.0786,15.7045,26.3915,10.687,0.793094,0.36982,0.581457,0.211637,0.298684,V2 m4,V2,4,28,cooldown,5,0.0310091
2021,191,-63.6659,-0.0899105,-0.333329,-0.0279506,12.0443,-13.3764,-0.66606,12.7103,0.235379,-0.305437,-0.0350293,0.270408,-0.0228092,V2 m4,V2,4,28,cooldown,5,-0.0500632
2022,164,872.765,0.0483604,5.32174,0.249429,-34.2225,50.0016,7.88954,-42.112,-0.465231,1.0569,0.295835,-0.761066,0.0852391,V2 m4,V2,4,28,cooldown,5,0.0355698
2023,183,3923.28,0.459775,21.4387,0.73493,29.0847,13.0017,21.0432,8.04147,1.05033,0.386903,0.718616,0.331714,0.326569,V2 m4,V2,4,28,cooldown,5,0.166979
2024,167,2276.04,0.222784,13.629,0.358382,14.6552,12.3393,13.4972,1.15796,0.377217,0.33471,0.355964,0.0212536,0.152967,V2 m4,V2,4,28,cooldown,5,0.0513262
2025,163,1612.63,0.157324,9.89342,0.438879,9.29776,10.5753,9.93653,-0.638768,0.387657,0.497516,0.442586,-0.0549294,0.11988,V2 m4,V2,4,28,cooldown,5,-0.111629
2020,183,4139.08,0.457911,22.6179,0.497473,32.0786,10.7045,21.3915,10.687,0.675254,0.273601,0.474427,0.200826,0.237147,V2 m4,V2,4,28,cooldown,10,0.0310091
2021,191,-1018.67,-0.172898,-5.33333,-0.0975377,7.04427,-18.3764,-5.66606,12.7103,0.168177,-0.377539,-0.104681,0.272858,-0.0547552,V2 m4,V2,4,28,cooldown,10,-0.0500632
2022,164,52.7648,-0.0341911,0.321737,0.130249,-39.2225,45.0016,2.88954,-42.112,-0.588698,0.942565,0.176933,-0.765632,0.0380383,V2 m4,V2,4,28,cooldown,10,0.0355698
2023,183,3008.28,0.332346,16.4387,0.527604,24.0847,8.00175,16.0432,8.04147,0.843533,0.178992,0.511263,0.332271,0.233527,V2 m4,V2,4,28,cooldown,10,0.166979
2024,167,1441.04,0.124903,8.62896,0.219647,9.65517,7.33926,8.49722,1.15796,0.238702,0.195701,0.217201,0.0215005,0.0913618,V2 m4,V2,4,28,cooldown,10,0.0513262
2025,163,797.628,0.0667921,4.89342,0.261471,4.29776,5.5753,4.93653,-0.638768,0.216134,0.313371,0.264752,-0.0486183,0.0531059,V2 m4,V2,4,28,cooldown,10,-0.111629
2020,187,4158.33,0.457333,22.2371,0.508302,37.677,2.8906,20.2838,17.3932,0.799228,0.143769,0.471499,0.32773,0.248192,V2 m4,V2,4,28,réouverture,5,
2021,200,358.884,-0.0620492,1.79442,-0.0527455,1.57002,2.03752,1.80377,-0.233755,0.108682,-0.227626,-0.0594717,0.168154,-0.0358692,V2 m4,V2,4,28,réouverture,5,
2022,172,2101.53,0.180754,12.2182,0.345957,-29.0415,58.5717,14.7651,-43.8066,-0.389577,1.1723,0.391361,-0.780937,0.135936,V2 m4,V2,4,28,réouverture,5,
2023,190,3643.4,0.419329,19.1758,0.654229,26.7155,10.9733,18.8444,7.87107,0.963709,0.317542,0.640625,0.323084,0.299948,V2 m4,V2,4,28,réouverture,5,
2024,173,2539.08,0.255199,14.6768,0.393412,13.9234,15.6846,14.804,-0.880571,0.351589,0.449365,0.400477,-0.048888,0.173151,V2 m4,V2,4,28,réouverture,5,
2025,170,1029.82,0.0913784,6.05774,0.229323,7.23008,4.70733,5.9687,1.26137,0.329004,0.1145,0.221752,0.107252,0.0670982,V2 m4,V2,4,28,réouverture,5,
2020,187,3223.33,0.327442,17.2371,0.400565,32.677,-2.1094,15.2838,17.3932,0.681999,0.047925,0.364962,0.317037,0.188046,V2 m4,V2,4,28,réouverture,10,
2021,200,-641.116,-0.151397,-3.20558,-0.122255,-3.42998,-2.96248,-3.19623,-0.233755,0.0419781,-0.300175,-0.129098,0.171076,-0.0688162,V2 m4,V2,4,28,réouverture,10,
2022,172,1241.53,0.0834966,7.2182,0.227503,-34.0415,53.5717,9.76509,-43.8066,-0.511779,1.05805,0.273137,-0.784916,0.084291,V2 m4,V2,4,28,réouverture,10,
2023,190,2693.4,0.290886,14.1758,0.445175,21.7155,5.97333,13.8444,7.87107,0.752944,0.110348,0.431646,0.321298,0.205245,V2 m4,V2,4,28,réouverture,10,
2024,173,1674.08,0.151279,9.67676,0.253985,8.92344,10.6846,9.80401,-0.880571,0.214008,0.307467,0.260737,-0.0467298,0.108122,V2 m4,V2,4,28,réouverture,10,
2025,170,179.816,0.0024593,1.05774,0.0517675,2.23008,-0.292671,0.968703,1.26137,0.159882,-0.0727693,0.0435563,0.116326,0.00097669,V2 m4,V2,4,28,réouverture,10,
2020,183,4131.45,0.475141,22.5762,0.433568,20.1621,25.6162,22.8891,-2.72708,0.381998,0.498508,0.440253,-0.0582553,0.209056,V3 m1,V3,1,28,cooldown,5,-0.141166
2021,191,-168.313,-0.0713257,-0.881221,-0.020562,21.3643,-24.3227,-1.47922,22.8435,0.365546,-0.427429,-0.0309412,0.396488,-0.0163514,V3 m1,V3,1,28,cooldown,5,-0.0426746
2022,164,-841.463,-0.101292,-5.13087,0.0321501,-47.2544,42.4632,-2.39558,-44.8588,-0.770915,0.939509,0.0842972,-0.855212,-0.000431879,V3 m1,V3,1,28,cooldown,5,-0.181709
2023,183,1783.66,0.186956,9.74677,0.304145,11.6438,7.65352,9.64865,1.99513,0.328166,0.277638,0.302902,0.0252638,0.127501,V3 m1,V3,1,28,cooldown,5,-0.263806
2024,167,1770.53,0.171003,10.602,0.297426,14.9138,5.18311,10.0484,4.86533,0.366386,0.210761,0.288574,0.0778123,0.125071,V3 m1,V3,1,28,cooldown,5,-0.00962915
2025,163,667.067,0.0626132,4.09244,0.276701,4.43116,3.70468,4.06792,0.36324,0.32927,0.216524,0.272897,0.0563732,0.0806369,V3 m1,V3,1,28,cooldown,5,-0.273807
2020,183,3216.45,0.346372,17.5762,0.325298,15.1621,20.6162,17.8891,-2.72708,0.264157,0.402289,0.333223,-0.0690662,0.151734,V3 m1,V3,1,28,cooldown,10,-0.141166
2021,191,-1123.31,-0.155986,-5.88122,-0.0901491,16.3643,-29.3227,-6.47922,22.8435,0.298345,-0.49953,-0.100593,0.398938,-0.0485089,V3 m1,V3,1,28,cooldown,10,-0.0426746
2022,164,-1661.46,-0.172116,-10.1309,-0.0870301,-52.2544,37.4632,-7.39558,-44.8588,-0.894382,0.825173,-0.0346047,-0.859778,-0.0439395,V3 m1,V3,1,28,cooldown,10,-0.181709
2023,183,868.659,0.0832345,4.74677,0.0968185,6.64378,2.65352,4.64865,1.99513,0.121369,0.0697278,0.0955486,0.0258208,0.0483584,V3 m1,V3,1,28,cooldown,10,-0.263806
2024,167,935.53,0.0772474,5.60197,0.158692,9.91376,0.183106,5.04843,4.86533,0.22787,0.0717519,0.149811,0.0780592,0.0649485,V3 m1,V3,1,28,cooldown,10,-0.00962915
2025,163,-147.933,-0.0205478,-0.907563,0.0992935,-0.568836,-1.29532,-0.932076,0.36324,0.157748,0.0323789,0.0950633,0.0626843,0.0161935,V3 m1,V3,1,28,cooldown,10,-0.273807
2020,208,3622.17,0.395956,17.4143,0.335086,19.8621,14.4456,17.1539,2.70827,0.370213,0.292485,0.331349,0.0388636,0.179819,V3 m1,V3,1,28,réouverture,5,
2021,232,-62.7286,-0.0808592,-0.270382,-0.0154496,9.96576,-10.5065,-0.270382,10.2361,0.279459,-0.310358,-0.0154496,0.294909,-0.0168236,V3 m1,V3,1,28,réouverture,5,
2022,193,-1601.35,-0.173713,-8.29715,-0.101478,-40.3127,27.5884,-6.36215,-33.9506,-0.716158,0.587504,-0.0643273,-0.651831,-0.0628972,V3 m1,V3,1,28,réouverture,5,
2023,224,1438.25,0.144564,6.42074,0.135857,10.0506,2.85511,6.45287,3.59776,0.199841,0.0730049,0.136423,0.0634181,0.0908066,V3 m1,V3,1,28,réouverture,5,
2024,196,1680.42,0.158566,8.57355,0.233025,12.5865,3.22289,7.90472,4.68183,0.28659,0.161606,0.224098,0.062492,0.114434,V3 m1,V3,1,28,réouverture,5,
2025,191,338.643,0.0274735,1.773,0.147967,2.21888,1.21696,1.71792,0.500957,0.157023,0.136673,0.146848,0.0101752,0.0485516,V3 m1,V3,1,28,réouverture,5,
2020,208,2582.17,0.25823,12.4143,0.229801,14.8621,9.44558,12.1539,2.70827,0.256636,0.197256,0.226946,0.02969,0.11803,V3 m1,V3,1,28,réouverture,10,
2021,232,-1222.73,-0.181618,-5.27038,-0.0847059,4.96576,-15.5065,-5.27038,10.2361,0.213428,-0.38284,-0.0847059,0.298134,-0.0555441,V3 m1,V3,1,28,réouverture,10,
2022,193,-2566.35,-0.249825,-13.2972,-0.219969,-45.3127,22.5884,-11.3621,-33.9506,-0.837508,0.472218,-0.182645,-0.654863,-0.110567,V3 m1,V3,1,28,réouverture,10,
2023,224,318.247,0.0233272,1.42074,-0.0849037,5.05063,-2.14489,1.45287,3.59776,-0.026396,-0.142376,-0.0843859,0.05799,-0.00281015,V3 m1,V3,1,28,réouverture,10,
2024,196,700.416,0.0504531,3.57355,0.0932347,7.58655,-1.77711,2.90472,4.68183,0.148275,0.0198476,0.0840613,0.0642137,0.0444675,V3 m1,V3,1,28,réouverture,10,
2025,191,-616.357,-0.0661232,-3.227,-0.0370367,-2.78112,-3.78304,-3.28208,0.500957,-0.0227483,-0.0548551,-0.0388017,0.0160534,-0.025456,V3 m1,V3,1,28,réouverture,10,
2020,183,6339.76,0.825551,34.6435,0.661803,40.5406,27.2175,33.8791,6.66155,0.748276,0.55291,0.650593,0.0976833,0.341384,V3 m1.5,V3,1.5,28,cooldown,5,0.0870683
2021,191,-1499.31,-0.195057,-7.84982,-0.0763531,21.0517,-38.3052,-8.62674,29.6785,0.413407,-0.592444,-0.0895187,0.502926,-0.0433723,V3 m1.5,V3,1.5,28,cooldown,5,-0.0984656
2022,164,-652.611,-0.0859661,-3.97933,0.0721626,-50.2184,48.2648,-0.976799,-49.2416,-0.844633,1.10802,0.131695,-0.976328,0.0114785,V3 m1.5,V3,1.5,28,cooldown,5,-0.141696
2023,183,2027.41,0.213173,11.0787,0.367437,13.4948,8.41271,10.9538,2.54106,0.390991,0.341446,0.366219,0.0247724,0.159257,V3 m1.5,V3,1.5,28,cooldown,5,-0.200514
2024,167,2389.81,0.240477,14.3103,0.384738,21.18,5.67668,13.4283,7.75167,0.567211,0.155415,0.361313,0.205898,0.166137,V3 m1.5,V3,1.5,28,cooldown,5,0.0776829
2025,163,930.345,0.0877086,5.70764,0.494184,0.274978,11.9266,6.10079,-5.82581,0.273349,0.746983,0.510166,-0.236817,0.130874,V3 m1.5,V3,1.5,28,cooldown,5,-0.0563242
2020,183,5424.76,0.666364,29.6435,0.553532,35.5406,22.2175,28.8791,6.66155,0.630436,0.456691,0.543563,0.0868724,0.277823,V3 m1.5,V3,1.5,28,cooldown,10,0.0870683
2021,191,-2454.31,-0.268494,-12.8498,-0.14594,16.0517,-43.3052,-13.6267,29.6785,0.346206,-0.664545,-0.15917,0.505375,-0.0746494,V3 m1.5,V3,1.5,28,cooldown,10,-0.0984656
2022,164,-1472.61,-0.157992,-8.97933,-0.0470176,-55.2184,43.2648,-5.9768,-49.2416,-0.968101,0.993687,0.012793,-0.980894,-0.0325412,V3 m1.5,V3,1.5,28,cooldown,10,-0.141696
2023,183,1112.41,0.107171,6.07874,0.160111,8.49482,3.41271,5.95377,2.54106,0.184194,0.133536,0.158865,0.0253293,0.0778961,V3 m1.5,V3,1.5,28,cooldown,10,-0.200514
2024,167,1554.81,0.14119,9.31027,0.246004,16.18,0.676677,8.42834,7.75167,0.428695,0.0164059,0.222551,0.206145,0.103833,V3 m1.5,V3,1.5,28,cooldown,10,0.0776829
2025,163,115.345,0.00259389,0.707637,0.316777,-4.72502,6.9266,1.10079,-5.82581,0.101826,0.562838,0.332332,-0.230506,0.0634616,V3 m1.5,V3,1.5,28,cooldown,10,-0.0563242
2020,197,5091.79,0.606556,25.8467,0.520116,35.9963,13.2749,24.6356,11.3607,0.702107,0.294695,0.498401,0.203706,0.280009,V3 m1.5,V3,1.5,28,réouverture,5,
2021,215,-2162.65,-0.259975,-10.0588,-0.136092,4.02509,-24.5413,-10.2581,14.2832,0.22338,-0.505738,-0.141179,0.364559,-0.0786217,V3 m1.5,V3,1.5,28,réouverture,5,
2022,182,-557.936,-0.0834758,-3.06558,0.0318772,-36.9039,33.8843,-1.5098,-35.3941,-0.625793,0.750023,0.0621149,-0.687908,-0.00557574,V3 m1.5,V3,1.5,28,réouverture,5,
2023,205,1290.56,0.127014,6.2954,0.194434,7.44828,5.08487,6.26658,1.18171,0.214477,0.173389,0.193933,0.0205438,0.107537,V3 m1.5,V3,1.5,28,réouverture,5,
2024,184,2628.55,0.268599,14.2856,0.364535,22.1715,3.80435,12.9879,9.18355,0.548364,0.120205,0.334284,0.214079,0.174702,V3 m1.5,V3,1.5,28,réouverture,5,
2025,177,782.644,0.0698598,4.42172,0.295765,2.89523,6.15051,4.52287,-1.62764,0.237497,0.361755,0.299626,-0.062129,0.0921019,V3 m1.5,V3,1.5,28,réouverture,5,
2020,197,4106.79,0.456138,20.8467,0.414257,30.9963,8.27489,19.6356,11.3607,0.587633,0.199507,0.39357,0.194063,0.216176,V3 m1.5,V3,1.5,28,réouverture,10,
2021,215,-3237.65,-0.335547,-15.0588,-0.205694,-0.974907,-29.5413,-15.2581,14.2832,0.157049,-0.578703,-0.210827,0.367876,-0.112474,V3 m1.5,V3,1.5,28,réouverture,10,
2022,182,-1467.94,-0.163266,-8.06558,-0.0876427,-41.9039,28.8843,-6.5098,-35.3941,-0.748312,0.633778,-0.0572671,-0.691045,-0.0535051,V3 m1.5,V3,1.5,28,réouverture,10,
2023,205,265.556,0.0172481,1.2954,-0.0204771,2.44828,0.0848695,1.26658,1.18171,-0.00683626,-0.0347999,-0.0208181,0.0139818,0.0204486,V3 m1.5,V3,1.5,28,réouverture,10,
2024,184,1708.55,0.157193,9.28558,0.224953,17.1715,-1.19565,7.9879,9.18355,0.409412,-0.0202138,0.194599,0.214813,0.105421,V3 m1.5,V3,1.5,28,réouverture,10,
2025,177,-102.356,-0.0207478,-0.578281,0.116433,-2.10477,1.15051,-0.477129,-1.62764,0.0684015,0.17083,0.119616,-0.0512142,0.0213712,V3 m1.5,V3,1.5,28,réouverture,10,
2020,183,5072.09,0.604535,27.7163,0.590262,36.1841,17.0532,26.6187,9.56546,0.734903,0.408121,0.571512,0.163391,0.292766,V3 m2,V3,2,28,cooldown,5,0.0155278
2021,191,-832.355,-0.146295,-4.35788,0.0123574,25.1984,-35.5032,-5.15241,30.3508,0.454143,-0.45318,0.000481394,0.453662,-0.00305804,V3 m2,V3,2,28,cooldown,5,-0.00975524
2022,164,46.1089,-0.0256666,0.281152,0.163034,-36.0094,41.2847,2.63768,-38.647,-0.615936,1.04317,0.213616,-0.829553,0.0440316,V3 m2,V3,2,28,cooldown,5,-0.0508253
2023,183,3177.66,0.357777,17.3643,0.495556,27.4574,6.22703,16.8422,10.6152,0.747276,0.217796,0.482536,0.26474,0.234796,V3 m2,V3,2,28,cooldown,5,-0.0723948
2024,167,2731.73,0.282411,16.3577,0.44758,22.2889,8.90354,15.5962,6.6927,0.60081,0.255006,0.427908,0.172902,0.196612,V3 m2,V3,2,28,cooldown,5,0.140524
2025,163,1039.26,0.0957855,6.37585,0.416121,7.4875,5.10331,6.29541,1.19209,0.308209,0.539652,0.42393,-0.115721,0.104423,V3 m2,V3,2,28,cooldown,5,-0.134388
2020,183,4157.09,0.464525,22.7163,0.481992,31.1841,12.0532,21.6187,9.56546,0.617062,0.311902,0.464482,0.15258,0.231504,V3 m2,V3,2,28,cooldown,10,0.0155278
2021,191,-1787.36,-0.224161,-9.35788,-0.0572298,20.1984,-40.5032,-10.1524,30.3508,0.386942,-0.525281,-0.0691699,0.456111,-0.0356429,V3 m2,V3,2,28,cooldown,10,-0.00975524
2022,164,-773.891,-0.102418,-4.71885,0.0438535,-41.0094,36.2847,-2.36232,-38.647,-0.739404,0.928833,0.0947144,-0.834119,-0.00139583,V3 m2,V3,2,28,cooldown,10,-0.0508253
2023,183,2262.66,0.239209,12.3643,0.28823,22.4574,1.22703,11.8422,10.6152,0.54048,0.00988527,0.275182,0.265297,0.148153,V3 m2,V3,2,28,cooldown,10,-0.0723948
2024,167,1896.73,0.179786,11.3577,0.308845,17.2889,3.90354,10.5962,6.6927,0.462294,0.115997,0.289146,0.173149,0.132691,V3 m2,V3,2,28,cooldown,10,0.140524
2025,163,224.264,0.0100407,1.37585,0.238713,2.4875,0.103314,1.29541,1.19209,0.136686,0.355507,0.246097,-0.10941,0.0385732,V3 m2,V3,2,28,cooldown,10,-0.134388
2020,193,4108.19,0.452756,21.286,0.488485,32.6188,6.88656,19.7527,12.8661,0.701906,0.217316,0.459611,0.242295,0.248843,V3 m2,V3,2,28,réouverture,5,
2021,204,-1055.39,-0.177297,-5.17348,-0.0287068,7.38561,-18.7578,-5.6861,13.0717,0.27195,-0.353907,-0.0409785,0.312929,-0.0238464,V3 m2,V3,2,28,réouverture,5,
2022,173,859.384,0.0538347,4.96754,0.207656,-27.3465,41.6699,7.1617,-34.5082,-0.465368,0.972079,0.253356,-0.718724,0.0680476,V3 m2,V3,2,28,réouverture,5,
2023,198,2725.66,0.298099,13.766,0.410453,20.8934,6.19306,13.5432,7.35018,0.574852,0.23578,0.405316,0.169536,0.211579,V3 m2,V3,2,28,réouverture,5,
2024,179,3116.32,0.331872,17.4096,0.469026,22.2981,10.9339,16.616,5.68214,0.575742,0.327662,0.451702,0.12404,0.224305,V3 m2,V3,2,28,réouverture,5,
2025,170,549.402,0.0430214,3.23177,0.221207,6.20111,-0.1886,3.00625,3.19485,0.259356,0.177263,0.21831,0.0410465,0.0569572,V3 m2,V3,2,28,réouverture,5,
2020,193,3143.19,0.319307,16.286,0.381763,27.6188,1.88656,14.7527,12.8661,0.586672,0.121407,0.35404,0.232633,0.187325,V3 m2,V3,2,28,réouverture,10,
2021,204,-2075.39,-0.257199,-10.1735,-0.0983499,2.38561,-23.7578,-10.6861,13.0717,0.205391,-0.426886,-0.110747,0.316139,-0.0579168,V3 m2,V3,2,28,réouverture,10,
2022,173,-5.61575,-0.0335023,-0.032461,0.0900866,-32.3465,36.6699,2.1617,-34.5082,-0.586508,0.858564,0.136028,-0.722536,0.0195037,V3 m2,V3,2,28,réouverture,10,
2023,198,1735.66,0.175862,8.76597,0.197925,15.8934,1.19306,8.54324,7.35018,0.353688,0.0324261,0.193057,0.160631,0.119683,V3 m2,V3,2,28,réouverture,10,
2024,179,2221.32,0.217981,12.4096,0.329872,17.2981,5.93386,11.616,5.68214,0.437536,0.187254,0.312395,0.125141,0.15431,V3 m2,V3,2,28,réouverture,10,
2025,170,-300.598,-0.0419782,-1.76823,0.0436521,1.20111,-5.1886,-1.99375,3.19485,0.0902344,-0.0100059,0.0401142,0.0501202,-0.0085318,V3 m2,V3,2,28,réouverture,10,
2020,183,5063.89,0.600825,27.6715,0.602888,37.9648,14.7097,26.3372,11.6275,0.800552,0.353977,0.577264,0.223287,0.297109,V3 m2.5,V3,2.5,28,cooldown,5,0.0281533
2021,191,-703.845,-0.137713,-3.68505,0.0147719,23.6662,-32.5068,-4.4203,28.0865,0.418663,-0.410834,0.00391461,0.414749,-0.0022131,V3 m2.5,V3,2.5,28,cooldown,5,-0.00734068
2022,164,958.08,0.0623569,5.84195,0.187801,-38.8309,56.3165,8.74279,-47.5737,-0.661238,1.1471,0.242933,-0.904171,0.0544956,V3 m2.5,V3,2.5,28,cooldown,5,-0.0260581
2023,183,3253.95,0.36759,17.7812,0.518827,30.0472,4.24623,17.1467,12.9005,0.879996,0.120296,0.500146,0.37985,0.246481,V3 m2.5,V3,2.5,28,cooldown,5,-0.0491238
2024,167,2553.83,0.259107,15.2924,0.423793,19.7555,9.68344,14.7195,5.03602,0.554917,0.259002,0.40696,0.147958,0.185362,V3 m2.5,V3,2.5,28,cooldown,5,0.116737
2025,163,1332.39,0.12722,8.17416,0.445232,6.77761,9.77285,8.27523,-1.49762,0.338242,0.567707,0.452975,-0.114733,0.117861,V3 m2.5,V3,2.5,28,cooldown,5,-0.105277
2020,183,4148.89,0.461136,22.6715,0.494617,32.9648,9.70969,21.3372,11.6275,0.682711,0.257758,0.470235,0.212476,0.235647,V3 m2.5,V3,2.5,28,cooldown,10,0.0281533
2021,191,-1658.84,-0.216358,-8.68505,-0.0548152,18.6662,-37.5068,-9.4203,28.0865,0.351462,-0.482935,-0.0657367,0.417199,-0.0348255,V3 m2.5,V3,2.5,28,cooldown,10,-0.00734068
2022,164,138.08,-0.021288,0.841952,0.0686206,-43.8309,51.3165,3.74279,-47.5737,-0.784706,1.03277,0.124031,-0.908738,0.00861277,V3 m2.5,V3,2.5,28,cooldown,10,-0.0260581
2023,183,2338.95,0.248169,12.7812,0.311501,25.0472,-0.753767,12.1467,12.9005,0.673199,-0.0876143,0.292792,0.380407,0.159025,V3 m2.5,V3,2.5,28,cooldown,10,-0.0491238
2024,167,1718.83,0.158336,10.2924,0.285059,14.7555,4.68344,9.71946,5.03602,0.416402,0.119992,0.268197,0.148205,0.122039,V3 m2.5,V3,2.5,28,cooldown,10,0.116737
2025,163,517.389,0.0390301,3.17416,0.267824,1.77761,4.77285,3.27523,-1.49762,0.166719,0.383563,0.275141,-0.108422,0.0512123,V3 m2.5,V3,2.5,28,cooldown,10,-0.105277
2020,190,4346.13,0.486301,22.8744,0.508634,37.1668,4.83865,21.0027,16.1641,0.776296,0.170869,0.473583,0.302713,0.25321,V3 m2.5,V3,2.5,28,réouverture,5,
2021,201,-118.335,-0.0968426,-0.588733,0.00450034,12.5215,-14.645,-1.06178,13.5833,0.281393,-0.292374,-0.00549062,0.286883,-0.00744535,V3 m2.5,V3,2.5,28,réouverture,5,
2022,173,2186.84,0.196518,12.6407,0.285536,-33.0838,64.5748,15.7455,-48.8293,-0.570697,1.25805,0.343675,-0.914372,0.103756,V3 m2.5,V3,2.5,28,réouverture,5,
2023,194,2804.39,0.307816,14.4556,0.447268,24.1732,4.11774,14.1455,10.0277,0.741049,0.134735,0.437892,0.303157,0.223359,V3 m2.5,V3,2.5,28,réouverture,5,
2024,178,2790.75,0.288717,15.6784,0.446844,19.9882,9.89412,14.9412,5.04705,0.533899,0.330007,0.431953,0.101946,0.205432,V3 m2.5,V3,2.5,28,réouverture,5,
2025,170,813.434,0.0698213,4.7849,0.23879,5.52242,3.93536,4.72889,0.793534,0.288069,0.182026,0.235048,0.0530215,0.0667057,V3 m2.5,V3,2.5,28,réouverture,5,
2020,190,3396.13,0.351812,17.8744,0.401266,32.1668,-0.161349,16.0027,16.1641,0.659599,0.0752746,0.367437,0.292162,0.192069,V3 m2.5,V3,2.5,28,réouverture,10,
2021,201,-1123.34,-0.183296,-5.58873,-0.0651684,7.52147,-19.645,-6.06178,13.5833,0.214688,-0.365221,-0.0752663,0.289955,-0.041598,V3 m2.5,V3,2.5,28,réouverture,10,
2022,173,1321.84,0.0974231,7.64072,0.167385,-38.0838,59.5748,10.7455,-48.8293,-0.692288,1.1438,0.225757,-0.918045,0.0533807,V3 m2.5,V3,2.5,28,réouverture,10,
2023,194,1834.39,0.18704,9.45561,0.239863,19.1732,-0.882256,9.14547,10.0277,0.530116,-0.0689164,0.2306,0.299516,0.132746,V3 m2.5,V3,2.5,28,réouverture,10,
2024,178,1900.75,0.179086,10.6784,0.307693,14.9882,4.89412,9.94117,5.04705,0.395693,0.189588,0.29264,0.103052,0.136909,V3 m2.5,V3,2.5,28,réouverture,10,
2025,170,-36.5663,-0.0173504,-0.215096,0.0612354,0.522424,-1.06464,-0.27111,0.793534,0.118947,-0.00524299,0.0568522,0.0620952,0.00061301,V3 m2.5,V3,2.5,28,réouverture,10,
2020,183,5063.87,0.600353,27.6714,0.620072,37.8493,14.8548,26.3521,11.4972,0.81449,0.375249,0.594869,0.21962,0.307395,V3 m3,V3,3,28,cooldown,5,0.0453374
2021,191,-834.174,-0.14938,-4.36741,-0.00730472,19.0664,-29.0611,-4.99735,24.0637,0.342443,-0.375856,-0.0167065,0.359149,-0.0127492,V3 m3,V3,3,28,cooldown,5,-0.0294173
2022,164,1541.21,0.123206,9.39761,0.285739,-30.3054,54.2569,11.9757,-42.2812,-0.421602,1.08494,0.33167,-0.753272,0.0962888,V3 m3,V3,3,28,cooldown,5,0.0718801
2023,183,3977.57,0.469078,21.7354,0.632761,31.8535,10.5706,21.212,10.6415,0.935204,0.299031,0.617117,0.318086,0.312691,V3 m3,V3,3,28,cooldown,5,0.0648099
2024,167,1934.71,0.183051,11.5851,0.314044,13.254,9.48775,11.3709,1.8831,0.361853,0.253959,0.307906,0.0539468,0.13236,V3 m3,V3,3,28,cooldown,5,0.00698833
2025,163,1232.59,0.115642,7.5619,0.412893,9.30245,5.56942,7.43594,1.86651,0.395509,0.432793,0.414151,-0.0186418,0.104942,V3 m3,V3,3,28,cooldown,5,-0.137615
2020,183,4148.87,0.460704,22.6714,0.511801,32.8493,9.85482,21.3521,11.4972,0.696649,0.27903,0.487839,0.208809,0.245449,V3 m3,V3,3,28,cooldown,10,0.0453374
2021,191,-1789.17,-0.226967,-9.36741,-0.0768919,14.0664,-34.0611,-9.99735,24.0637,0.275241,-0.447957,-0.0863578,0.361599,-0.0450201,V3 m3,V3,3,28,cooldown,10,-0.0294173
2022,164,721.207,0.0347981,4.39761,0.166559,-35.3054,49.2569,6.97573,-42.2812,-0.54507,0.970607,0.212769,-0.757838,0.0486051,V3 m3,V3,3,28,cooldown,10,0.0718801
2023,183,3062.57,0.340842,16.7354,0.425435,26.8535,5.57055,16.212,10.6415,0.728407,0.0911201,0.409764,0.318643,0.220612,V3 m3,V3,3,28,cooldown,10,0.0648099
2024,167,1099.71,0.0883335,6.5851,0.17531,8.25396,4.48775,6.37086,1.8831,0.223338,0.11495,0.169144,0.0541937,0.0718481,V3 m3,V3,3,28,cooldown,10,0.00698833
2025,163,417.589,0.0283517,2.5619,0.235485,4.30245,0.569424,2.43594,1.86651,0.223987,0.248648,0.236317,-0.0123307,0.0390569,V3 m3,V3,3,28,cooldown,10,-0.137615
2020,189,4415.23,0.496204,23.361,0.536392,38.0669,4.97859,21.5227,16.5442,0.812401,0.191381,0.501891,0.31051,0.268198,V3 m3,V3,3,28,réouverture,5,
2021,200,-418.444,-0.123937,-2.09222,-0.0337892,8.187,-13.228,-2.52052,10.7075,0.20957,-0.297428,-0.0439291,0.253499,-0.026314,V3 m3,V3,3,28,réouverture,5,
2022,172,2769.97,0.265052,16.1045,0.380579,-25.2967,62.6169,18.6601,-43.9568,-0.347866,1.19895,0.425545,-0.77341,0.147502,V3 m3,V3,3,28,réouverture,5,
2023,190,3160.8,0.354568,16.6358,0.51655,25.6339,7.05091,16.3424,9.29148,0.784809,0.230796,0.507802,0.277006,0.258266,V3 m3,V3,3,28,réouverture,5,
2024,177,2197.79,0.214049,12.4169,0.348367,14.0604,10.1818,12.1211,1.93929,0.35787,0.335442,0.346656,0.0112143,0.152831,V3 m3,V3,3,28,réouverture,5,
2025,170,713.634,0.0588321,4.19785,0.207783,7.93628,-0.10845,3.91392,4.02236,0.342819,0.0522352,0.197527,0.145292,0.0543775,V3 m3,V3,3,28,réouverture,5,
2020,189,3470.23,0.361504,18.361,0.429066,33.0669,-0.0214073,16.5227,16.5442,0.695689,0.0957865,0.395738,0.299951,0.206679,V3 m3,V3,3,28,réouverture,10,
2021,200,-1418.44,-0.207413,-7.09222,-0.103299,3.187,-18.228,-7.52052,10.7075,0.142865,-0.369977,-0.113556,0.256421,-0.0595836,V3 m3,V3,3,28,réouverture,10,
2022,172,1909.97,0.160892,11.1045,0.262124,-30.2967,57.6169,13.6601,-43.9568,-0.470068,1.08471,0.307321,-0.777389,0.0953286,V3 m3,V3,3,28,réouverture,10,
2023,190,2210.8,0.231958,11.6358,0.307574,20.6339,2.05091,11.3424,9.29148,0.572846,0.0250012,0.298924,0.273923,0.166629,V3 m3,V3,3,28,réouverture,10,
2024,177,1312.79,0.111292,7.41689,0.208916,9.06036,5.18178,7.12107,1.93929,0.219663,0.194299,0.206981,0.0126824,0.0875127,V3 m3,V3,3,28,réouverture,10,
2025,170,-136.366,-0.0274494,-0.802153,0.0302282,2.93628,-5.10845,-1.08608,4.02236,0.173698,-0.135034,0.0193318,0.154366,-0.0109573,V3 m3,V3,3,28,réouverture,10,
2020,183,5184.76,0.618376,28.332,0.630042,37.8193,16.3851,27.1022,10.7171,0.817906,0.393472,0.605689,0.212217,0.313243,V3 m4,V3,4,28,cooldown,5,0.0553075
2021,191,-1368.15,-0.195323,-7.16306,-0.0552963,12.0443,-27.4031,-7.67939,19.7237,0.235379,-0.361599,-0.0631101,0.298489,-0.0354153,V3 m4,V3,4,28,cooldown,5,-0.0774088
2022,164,907.263,0.0536029,5.53209,0.204768,-37.7451,54.4297,8.3423,-46.0874,-0.575063,1.08588,0.255407,-0.83047,0.0630083,V3 m4,V3,4,28,cooldown,5,-0.00909079
2023,183,4239.51,0.507377,23.1667,0.767971,33.8779,11.3475,22.6127,11.2652,1.18183,0.311301,0.746565,0.435264,0.342992,V3 m4,V3,4,28,cooldown,5,0.20002
2024,167,2430.26,0.241901,14.5525,0.369182,14.9367,14.0695,14.5031,0.4336,0.371593,0.366152,0.368872,0.00272052,0.158351,V3 m4,V3,4,28,cooldown,5,0.0621261
2025,163,1217.35,0.113482,7.4684,0.395994,9.38239,5.27738,7.32989,2.05251,0.389393,0.403551,0.396472,-0.00707895,0.100692,V3 m4,V3,4,28,cooldown,5,-0.154514
2020,183,4269.76,0.477163,23.332,0.521771,32.8193,11.3851,22.1022,10.7171,0.700065,0.297253,0.498659,0.201406,0.251022,V3 m4,V3,4,28,cooldown,10,0.0553075
2021,191,-2323.15,-0.26874,-12.1631,-0.124883,7.04427,-32.4031,-12.6794,19.7237,0.168177,-0.4337,-0.132761,0.300939,-0.0669498,V3 m4,V3,4,28,cooldown,10,-0.0774088
2022,164,87.2626,-0.0293583,0.532089,0.085588,-42.7451,49.4297,3.3423,-46.0874,-0.698531,0.97154,0.136505,-0.835036,0.0167629,V3 m4,V3,4,28,cooldown,10,-0.00909079
2023,183,3324.51,0.375816,18.1667,0.560645,28.8779,6.3475,17.6127,11.2652,0.975033,0.10339,0.539211,0.435821,0.248801,V3 m4,V3,4,28,cooldown,10,0.20002
2024,167,1595.26,0.142499,9.55247,0.230447,9.93674,9.06954,9.50314,0.4336,0.233077,0.227142,0.23011,0.00296746,0.0964586,V3 m4,V3,4,28,cooldown,10,0.0621261
2025,163,402.349,0.02636,2.4684,0.218586,4.38239,0.277382,2.32989,2.05251,0.21787,0.219406,0.218638,-0.000767855,0.0350582,V3 m4,V3,4,28,cooldown,10,-0.154514
2020,187,4289.01,0.476568,22.9359,0.532081,38.4035,3.55483,20.9791,17.4243,0.823563,0.166851,0.495207,0.328356,0.262185,V3 m4,V3,4,28,réouverture,5,
2021,200,-945.595,-0.170688,-4.72798,-0.0788606,1.57002,-11.5508,-4.99039,6.56041,0.108682,-0.282032,-0.0866749,0.195357,-0.0483069,V3 m4,V3,4,28,réouverture,5,
2022,172,2136.03,0.186659,12.4188,0.303374,-32.4093,62.7812,15.1859,-47.5953,-0.494581,1.19984,0.352631,-0.847212,0.112667,V3 m4,V3,4,28,réouverture,5,
2023,190,3989.49,0.470001,20.9973,0.699857,31.3635,9.71989,20.5417,10.8218,1.09122,0.274085,0.682654,0.408569,0.319983,V3 m4,V3,4,28,réouverture,5,
2024,173,2499.12,0.250566,14.4458,0.379115,13.5839,15.6265,14.6052,-1.02131,0.327978,0.449166,0.388572,-0.0605939,0.164915,V3 m4,V3,4,28,réouverture,5,
2025,170,634.537,0.0500343,3.73257,0.188203,7.31099,-0.389401,3.46079,3.85019,0.330664,0.0241036,0.177384,0.15328,0.0488148,V3 m4,V3,4,28,réouverture,5,
2020,187,3354.01,0.344971,17.9359,0.424344,33.4035,-1.44517,15.9791,17.4243,0.706334,0.0710071,0.38867,0.317663,0.201371,V3 m4,V3,4,28,réouverture,10,
2021,200,-1945.6,-0.249731,-9.72798,-0.14837,-3.42998,-16.5508,-9.99039,6.56041,0.0419781,-0.354581,-0.156302,0.19828,-0.0808294,V3 m4,V3,4,28,réouverture,10,
2022,172,1276.03,0.0889184,7.41876,0.184919,-37.4093,57.7812,10.1859,-47.5953,-0.616784,1.0856,0.234407,-0.851191,0.0620676,V3 m4,V3,4,28,réouverture,10,
2023,190,3039.49,0.336996,15.9973,0.490803,26.3635,4.71989,15.5417,10.8218,0.880459,0.0668912,0.473675,0.406784,0.223825,V3 m4,V3,4,28,réouverture,10,
2024,173,1634.12,0.147027,9.44579,0.239531,8.58388,10.6265,9.60518,-1.02131,0.190164,0.307157,0.248661,-0.0584966,0.100265,V3 m4,V3,4,28,réouverture,10,
2025,170,-215.463,-0.0355345,-1.26743,0.0106484,2.31099,-5.3894,-1.53921,3.85019,0.161542,-0.163166,-0.00081191,0.162354,-0.0161776,V3 m4,V3,4,28,réouverture,10,
