configuration,perimetre,m,H,mode,frais_bps,n_candidats,n_trades,part_ignores,trades_par_mois,pnl_compose,pnl_bps,pf,wr,esperance_bps,esperance_atr,mdd_valorise,mdd_sorties,mdd_bps,duree_mediane,brut_bps,frais_cumules_bps,part_frais,n_long,n_short,long_bps,short_bps,timing_bps,derive_bps,long_atr,short_atr,timing_atr,derive_atr,esperance_bps_lo,esperance_bps_hi,timing_bps_lo,timing_bps_hi,esperance_atr_lo,esperance_atr_hi,timing_atr_lo,timing_atr_hi,pnl_compose_r25,mdd_valorise_r25,mdd_sorties_r25,exposition_moyenne_r25,part_plafonnee_r25,pf_r25,brut_bps_r25,part_frais_r25,cagr_r25,calmar_r25,part_stop,n_F2b,esperance_atr_F2b,esperance_bps_F2b,n_F3,esperance_atr_F3,esperance_bps_F3,annees_atr_pos,annees_pnl_r25_pos,q50_atr,q75_atr,q90_atr,q95_atr,q99_atr,part_sup3_atr,part_sup5_atr,moy_top10_atr,part_be_actif,part_be_stop,part_be_gap,part_stop_initial,n_debloques,esperance_debloques_atr,n_perdus,esperance_perdus_atr,effet_bps_vs_RE1,effet_bps_lo_vs_RE1,effet_bps_hi_vs_RE1,effet_atr_vs_RE1,effet_atr_lo_vs_RE1,effet_atr_hi_vs_RE1,n_actifs,n_be,n_be_gap,n_sauves,gain_sauves,moy_gain_sauves,re1_sauves,n_coupes,cout_coupes,moy_cout_coupes,re1_coupes,n_coupes_re1_sup3,cout_coupes_re1_sup3,effet_atr_F2b,n_be_F2b,effet_atr_F3,n_be_F3,dmdd_sorties,dmdd_lo,dmdd_hi,p_dmdd_moins_profond
RE-1,—,,24,cooldown,5,1452,1109,0.236226,15.4028,1.29527,10331,1.15254,0.442741,9.31564,0.328308,-0.441731,-0.422443,-5082.97,24,15876,5545,0.349268,598,511,10.0946,8.40405,9.24933,0.845283,0.415412,0.226375,0.320894,0.0945187,-0.977886,19.614,-1.21025,19.5425,0.0780355,0.582707,0.0719767,0.56835,1.11912,-0.142281,-0.134364,0.596456,0.153291,1.2472,11289.9,0.292949,0.133338,0.937143,0.229035,590,0.462278,12.2752,519,0.176012,5.95122,5,5,-0.37008,1.99262,5.0254,8.00026,12.9632,0.183048,0.100992,8.86708,0,0,0,0.229035,,,,,,,,,,,,,,,,,,,,,,,,,,,,,,,
RE-1,—,,24,cooldown,10,1452,1109,0.236226,15.4028,0.318543,4786.05,1.06755,0.425609,4.31564,0.193593,-0.49762,-0.483719,-5832.44,24,15876,11090,0.698537,598,511,5.09461,3.40405,4.24933,0.845283,0.279901,0.0925896,0.186245,0.0936559,-5.97789,14.614,-6.21025,14.5425,-0.057278,0.450705,-0.0622616,0.438249,0.522707,-0.167402,-0.159722,0.596456,0.153291,1.13685,11289.9,0.585898,0.0725958,0.433661,0.229035,590,0.331247,7.27519,519,0.0371069,0.951225,5,4,-0.510029,1.87439,4.83841,7.80359,12.8523,0.176736,0.0955816,8.71454,0,0,0,0.229035,,,,,,,,,,,,,,,,,,,,,,,,,,,,,,,
RE-1,—,,24,réouverture,5,1452,1134,0.219008,15.75,1.19971,9923.44,1.14357,0.442681,8.75083,0.28807,-0.493532,-0.476033,-6065.91,24,15593.4,5670,0.363614,610,524,8.59838,8.92831,8.76334,-0.164963,0.385649,0.174476,0.280062,0.105587,-2.39675,19.3591,-2.50833,19.4933,0.0436693,0.548425,0.0318598,0.535135,1.01571,-0.159716,-0.153936,0.59629,0.153439,1.2256,10869.6,0.311047,0.123927,0.775917,0.231041,604,0.411943,12.0632,530,0.1469,4.97598,5,5,-0.382571,1.95607,4.86917,7.93108,12.8921,0.178131,0.0978836,8.76749,0,0,0,0.231041,35,-0.773296,10,1.03578,,,,,,,,,,,,,,,,,,,,,,,,,,,
RE-1,—,,24,réouverture,10,1452,1134,0.219008,15.75,0.247919,4253.44,1.05881,0.425926,3.75083,0.153235,-0.529584,-0.51334,-6800.91,24,15593.4,11340,0.727229,610,524,3.59838,3.92831,3.76334,-0.164963,0.250243,0.0403068,0.145275,0.104968,-7.39675,14.3591,-7.50833,14.4933,-0.098613,0.414926,-0.110478,0.406686,0.437735,-0.183056,-0.177504,0.59629,0.153439,1.11699,10869.6,0.622093,0.0623798,0.340769,0.231041,604,0.280603,7.06321,530,0.00808365,-0.0240249,5,5,-0.51154,1.85289,4.75992,7.79416,12.7824,0.171958,0.0943563,8.61611,0,0,0,0.231041,35,-0.923472,10,0.860401,,,,,,,,,,,,,,,,,,,,,,,,,,,
V1 m1,V1,1,24,cooldown,5,1452,1109,0.236226,15.4028,0.958997,8423.35,1.15269,0.366096,7.59544,0.300105,-0.4469,-0.434928,-5028.3,24,13968.3,5545,0.396969,598,511,10.8632,3.77129,7.31726,3.54598,0.391767,0.192838,0.292302,0.0994642,-2.23419,17.1729,-2.53584,16.7804,0.0722572,0.531111,0.0676573,0.525314,0.978355,-0.179819,-0.171372,0.596456,0.153291,1.27521,10537.7,0.31386,0.120428,0.66972,0.374211,590,0.462278,12.2752,519,0.115747,2.2755,4,4,-1.79836e-14,1.24796,4.63036,7.40649,12.6763,0.154193,0.0865645,8.30723,0.3156,0.238052,0.0261497,0.136159,,,,,-1.7202,-6.13755,2.51404,-0.0282032,-0.121672,0.0608382,350,264,29,163,0.23478,1.59737,-1.63249,101,-0.262983,-2.88761,2.85,32,-0.180873,0,0,-0.0602647,264,-0.0370083,-0.0542493,0.0653637,0.604
V1 m1,V1,1,24,cooldown,10,1452,1109,0.236226,15.4028,0.125295,2878.35,1.04896,0.337241,2.59544,0.165389,-0.530021,-0.520093,-6649.33,24,13968.3,11090,0.793938,598,511,5.86324,-1.22871,2.31726,3.54598,0.256256,0.0590529,0.157654,0.0986014,-7.23419,12.1729,-7.53584,11.7804,-0.0614691,0.398232,-0.0687227,0.394055,0.421527,-0.237188,-0.231339,0.596456,0.153291,1.13798,10537.7,0.627719,0.0603743,0.254542,0.374211,590,0.331247,7.27519,519,-0.0231578,-2.7245,4,4,-0.143535,1.14358,4.51048,7.29299,12.5584,0.148783,0.0811542,8.15738,0.3156,0.238052,0.0261497,0.136159,,,,,-1.7202,-6.13755,2.51404,-0.0282032,-0.121672,0.0608382,350,264,29,163,0.23478,1.59737,-1.63249,101,-0.262983,-2.88761,2.85,32,-0.180873,0,0,-0.0602647,264,-0.0370083,-0.0542493,0.0653637,0.604
V1 m1,V1,1,24,réouverture,5,1452,1180,0.187328,16.3889,0.817025,7728.32,1.13245,0.362712,6.54943,0.255714,-0.50293,-0.486578,-6145.99,24,13628.3,5900,0.432922,624,556,7.99803,4.92365,6.46084,1.53719,0.336695,0.16483,0.250762,0.0859321,-3.96764,16.3686,-4.088,16.3322,0.0287694,0.498752,0.0228784,0.496635,0.934324,-0.18125,-0.177112,0.599107,0.155085,1.25108,10559.7,0.334738,0.116233,0.641285,0.383051,615,0.404584,11.8491,565,0.0936708,0.780792,5,4,-1.82682e-14,1.19233,4.46159,7.18789,12.761,0.149153,0.0830508,8.17866,0.321186,0.24322,0.0271186,0.139831,88,-0.0587367,17,1.52381,,,,,,,,,,,,,,,,,,,,,,,,,,,
V1 m1,V1,1,24,réouverture,10,1452,1180,0.187328,16.3889,0.00729063,1828.32,1.02938,0.333898,1.54943,0.1188,-0.557791,-0.54845,-7225.99,24,13628.3,11800,0.865844,624,556,2.99803,-0.0763475,1.46084,1.53719,0.198381,0.0294856,0.113933,0.0844476,-8.96764,11.3686,-9.088,11.3322,-0.111752,0.365026,-0.119743,0.359113,0.358623,-0.240448,-0.234624,0.599107,0.155085,1.11518,10559.7,0.669476,0.0524056,0.21795,0.383051,615,0.272473,6.84906,565,-0.0484733,-4.21921,4,4,-0.144997,1.09338,4.35768,6.99154,12.6469,0.144068,0.079661,8.03019,0.321186,0.24322,0.0271186,0.139831,88,-0.226466,17,1.37084,,,,,,,,,,,,,,,,,,,,,,,,,,,
V1 m1.5,V1,1.5,24,cooldown,5,1452,1109,0.236226,15.4028,0.976408,8600.17,1.14446,0.395852,7.75489,0.315866,-0.451972,-0.423426,-4849.46,24,14145.2,5545,0.392007,598,511,10.5333,4.50338,7.51836,3.01498,0.403781,0.212983,0.308382,0.0953988,-1.52808,17.0584,-1.9427,16.9014,0.0930934,0.553683,0.0833652,0.544257,1.0452,-0.166305,-0.157719,0.596456,0.153291,1.26845,10889.4,0.303721,0.126651,0.761555,0.327322,590,0.462278,12.2752,519,0.149424,2.6162,4,4,-2.26319e-14,1.47547,4.78414,7.63089,12.6763,0.16321,0.0928765,8.49559,0.258792,0.159603,0.00991885,0.167719,,,,,-1.56075,-5.51788,1.94951,-0.0124426,-0.0872625,0.0534639,287,177,11,113,0.158976,1.56022,-1.59675,64,-0.171419,-2.97037,2.94753,22,-0.121738,0,0,-0.0265874,177,-0.0233554,-0.025598,0.0626679,0.808
V1 m1.5,V1,1.5,24,cooldown,10,1452,1109,0.236226,15.4028,0.135297,3055.17,1.04851,0.367899,2.75489,0.18115,-0.538503,-0.514465,-6564.46,24,14145.2,11090,0.784013,598,511,5.53335,-0.496618,2.51836,3.01498,0.26827,0.0791978,0.173734,0.094536,-6.52808,12.0584,-6.9427,11.9014,-0.0444975,0.419624,-0.0512961,0.410513,0.469577,-0.225621,-0.221007,0.596456,0.153291,1.14107,10889.4,0.607441,0.0662656,0.293703,0.327322,590,0.331247,7.27519,519,0.0105195,-2.3838,4,4,-0.166228,1.36652,4.63692,7.49862,12.5584,0.1578,0.0874662,8.34336,0.258792,0.159603,0.00991885,0.167719,,,,,-1.56075,-5.51788,1.94951,-0.0124426,-0.0872625,0.0534639,287,177,11,113,0.158976,1.56022,-1.59675,64,-0.171419,-2.97037,2.94753,22,-0.121738,0,0,-0.0265874,177,-0.0233554,-0.025598,0.0626679,0.808
V1 m1.5,V1,1.5,24,réouverture,5,1452,1155,0.204545,16.0417,0.748319,7406.85,1.11952,0.392208,6.41285,0.260743,-0.49031,-0.465242,-5776.31,24,13181.8,5775,0.438103,615,540,7.81138,4.82009,6.31573,1.49564,0.347819,0.161572,0.254696,0.0931235,-3.81218,16.3432,-4.05436,16.3161,0.0311677,0.502483,0.0258188,0.496618,0.897666,-0.179313,-0.172649,0.597081,0.154113,1.23127,10291.1,0.335062,0.112679,0.628395,0.334199,605,0.410551,12.0277,550,0.0959535,0.236507,4,4,-2.44717e-14,1.4173,4.64052,7.54514,12.532,0.157576,0.0883117,8.33193,0.260606,0.161905,0.00952381,0.172294,61,-0.515652,15,1.17884,,,,,,,,,,,,,,,,,,,,,,,,,,,
V1 m1.5,V1,1.5,24,réouverture,10,1452,1155,0.204545,16.0417,-0.018625,1631.85,1.02488,0.363636,1.41285,0.124952,-0.57079,-0.550854,-7320.13,24,13181.8,11550,0.876205,615,540,2.81138,-0.179907,1.31573,1.49564,0.209895,0.0282108,0.119053,0.0908423,-8.81218,11.3432,-9.05436,11.3161,-0.103201,0.371636,-0.108234,0.367722,0.344459,-0.242182,-0.23786,0.597081,0.154113,1.1069,10291.1,0.670124,0.050569,0.208806,0.334199,605,0.279534,7.02772,550,-0.0450882,-4.76349,4,4,-0.169971,1.32836,4.53627,7.42057,12.3456,0.152381,0.0848485,8.18231,0.260606,0.161905,0.00952381,0.172294,61,-0.67484,15,1.02738,,,,,,,,,,,,,,,,,,,,,,,,,,,
V1 m2,V1,2,24,cooldown,5,1452,1109,0.236226,15.4028,1.18192,9668.96,1.15635,0.413886,8.71863,0.324043,-0.404633,-0.372486,-4213.95,24,15214,5545,0.364468,598,511,12.7408,4.01166,8.37624,4.36458,0.43538,0.19375,0.314565,0.120815,-1.10133,18.7916,-1.60441,18.4642,0.0911485,0.561758,0.0812418,0.554026,1.10551,-0.126771,-0.124076,0.596456,0.153291,1.26801,11194.5,0.295444,0.132121,1.0422,0.298467,590,0.462278,12.2752,519,0.166897,4.67554,5,4,-2.98236e-14,1.66304,4.83707,7.83917,12.6763,0.16862,0.0964833,8.63205,0.22092,0.112714,0.00631199,0.185753,,,,,-0.597007,-3.85572,2.15562,-0.00426555,-0.0697337,0.0492047,245,125,7,83,0.110286,1.47358,-1.51671,42,-0.114552,-3.02471,3.00935,16,-0.0837124,0,0,-0.00911462,125,0.0102875,-0.0248997,0.05154,0.805
V1 m2,V1,2,24,cooldown,10,1452,1109,0.236226,15.4028,0.253407,4123.96,1.06327,0.387737,3.71863,0.189327,-0.494133,-0.467784,-5608.39,24,15214,11090,0.728936,598,511,7.74082,-0.988345,3.37624,4.36458,0.299869,0.0599648,0.179917,0.119952,-6.10133,13.7916,-6.60441,13.4642,-0.048646,0.431169,-0.0535563,0.421402,0.512906,-0.180303,-0.175419,0.596456,0.153291,1.14572,11194.5,0.590888,0.071442,0.396233,0.298467,590,0.331247,7.27519,519,0.0279923,-0.32446,4,4,-0.205369,1.51913,4.73428,7.69241,12.5584,0.16321,0.091073,8.48125,0.22092,0.112714,0.00631199,0.185753,,,,,-0.597007,-3.85572,2.15562,-0.00426555,-0.0697337,0.0492047,245,125,7,83,0.110286,1.47358,-1.51671,42,-0.114552,-3.02471,3.00935,16,-0.0837124,0,0,-0.00911462,125,0.0102875,-0.0248997,0.05154,0.805
V1 m2,V1,2,24,réouverture,5,1452,1143,0.21281,15.875,0.977871,8704.6,1.1367,0.411199,7.61557,0.274055,-0.455334,-0.430292,-5102.77,24,14419.6,5715,0.396336,612,531,10.4495,4.3493,7.39942,3.05012,0.388163,0.142541,0.265352,0.122811,-2.85612,17.6546,-3.17222,17.6128,0.0364302,0.518329,0.0316827,0.511434,0.963394,-0.138357,-0.132816,0.596844,0.153981,1.23569,10606.1,0.321603,0.119012,0.86018,0.300962,603,0.404407,11.6926,540,0.128496,3.06288,5,4,-3.64069e-14,1.62492,4.76939,7.66135,12.5696,0.163605,0.0918635,8.4933,0.219598,0.111986,0.00612423,0.188976,49,-0.510772,15,1.40605,,,,,,,,,,,,,,,,,,,,,,,,,,,
V1 m2,V1,2,24,réouverture,10,1452,1143,0.21281,15.875,0.116976,2989.6,1.04453,0.384952,2.61557,0.138307,-0.514445,-0.491893,-6202.77,24,14419.6,11430,0.792671,612,531,5.44954,-0.650696,2.39942,3.05012,0.250808,0.00864417,0.129726,0.121082,-7.85612,12.6546,-8.17222,12.6128,-0.103095,0.387465,-0.108531,0.381368,0.396205,-0.192715,-0.187482,0.596844,0.153981,1.11606,10606.1,0.643207,0.0572025,0.296824,0.300962,603,0.273225,6.6926,540,-0.0123521,-1.93712,4,4,-0.215368,1.48044,4.58954,7.59522,12.4011,0.158355,0.088364,8.34414,0.219598,0.111986,0.00612423,0.188976,49,-0.678413,15,1.24248,,,,,,,,,,,,,,,,,,,,,,,,,,,
V1 m2.5,V1,2.5,24,cooldown,5,1452,1109,0.236226,15.4028,1.36809,10550.4,1.16553,0.423805,9.51346,0.333669,-0.384951,-0.365989,-4120.97,24,16095.4,5545,0.344508,598,511,11.8564,6.77162,9.31401,2.5424,0.433392,0.216968,0.32518,0.108212,-0.612265,19.5925,-0.94162,19.7075,0.0990414,0.580418,0.0920933,0.568367,1.14664,-0.12153,-0.117143,0.596456,0.153291,1.26754,11397.8,0.290175,0.135777,1.11723,0.278629,590,0.462278,12.2752,519,0.187467,6.37393,5,5,-0.0575437,1.72701,4.88569,7.93167,12.6763,0.172227,0.0982867,8.73593,0.186655,0.0784491,0.00270514,0.20018,,,,,0.197823,-2.78811,2.56293,0.00536098,-0.0505775,0.0511396,207,87,3,58,0.0804366,1.538,-1.54502,29,-0.0750756,-2.871,2.84875,12,-0.0568609,0,0,0.0114553,87,0.0172203,-0.0280047,0.0431977,0.7795
V1 m2.5,V1,2.5,24,cooldown,10,1452,1109,0.236226,15.4028,0.360405,5005.43,1.07469,0.399459,4.51346,0.198954,-0.441194,-0.42303,-5019.91,24,16095.4,11090,0.689015,598,511,6.85641,1.77162,4.31401,2.5424,0.297881,0.0831831,0.190532,0.107349,-5.61226,14.5925,-5.94162,14.7075,-0.0332239,0.447457,-0.0419361,0.437473,0.542468,-0.162623,-0.157107,0.596456,0.153291,1.14849,11397.8,0.58035,0.0749032,0.460594,0.278629,590,0.331247,7.27519,519,0.0485622,1.37393,4,4,-0.25951,1.62779,4.7539,7.79495,12.5584,0.166817,0.0928765,8.58375,0.186655,0.0784491,0.00270514,0.20018,,,,,0.197823,-2.78811,2.56293,0.00536098,-0.0505775,0.0511396,207,87,3,58,0.0804366,1.538,-1.54502,29,-0.0750756,-2.871,2.84875,12,-0.0568609,0,0,0.0114553,87,0.0172203,-0.0280047,0.0431977,0.7795
V1 m2.5,V1,2.5,24,réouverture,5,1452,1140,0.214876,15.8333,1.17827,9733.03,1.14847,0.423684,8.53775,0.287041,-0.433839,-0.41659,-4954.85,24,15433,5700,0.369338,611,529,9.98602,6.86498,8.4255,1.56052,0.398899,0.157844,0.278372,0.120527,-2.17012,19.0305,-2.4438,19.0521,0.0464029,0.536643,0.0391874,0.529154,1.01446,-0.127787,-0.124104,0.596319,0.152632,1.23814,10860.9,0.31296,0.123811,0.968884,0.278947,604,0.411943,12.0632,536,0.146293,4.56503,5,5,-0.0899956,1.69524,4.79584,7.86833,12.5791,0.167544,0.0938596,8.62835,0.184211,0.0763158,0.00263158,0.202632,43,-0.600319,12,1.41657,,,,,,,,,,,,,,,,,,,,,,,,,,,
V1 m2.5,V1,2.5,24,réouverture,10,1452,1140,0.214876,15.8333,0.23205,4033.03,1.05851,0.399123,3.53775,0.152283,-0.487097,-0.470426,-5883.51,24,15433,11400,0.738675,611,529,4.98602,1.86498,3.4255,1.56052,0.263398,0.0239434,0.143671,0.119727,-7.17012,14.0305,-7.4438,14.0521,-0.0895793,0.402157,-0.0995949,0.395807,0.434241,-0.167814,-0.164501,0.596319,0.152632,1.12176,10860.9,0.625921,0.061949,0.369153,0.278947,604,0.280603,7.06321,536,0.00768264,-0.434973,5,4,-0.269388,1.61805,4.6518,7.74997,12.415,0.162281,0.0903509,8.47871,0.184211,0.0763158,0.00263158,0.202632,43,-0.746074,12,1.24634,,,,,,,,,,,,,,,,,,,,,,,,,,,
V1 m3,V1,3,24,cooldown,5,1452,1109,0.236226,15.4028,1.1981,9825.51,1.15081,0.42651,8.85979,0.328182,-0.415589,-0.395398,-4627.91,24,15370.5,5545,0.360756,598,511,11.6657,5.5762,8.62094,3.04474,0.443488,0.193246,0.318367,0.125121,-1.38185,19.0338,-1.84788,18.9301,0.0883402,0.572501,0.0785404,0.561741,1.11294,-0.130637,-0.122612,0.596456,0.153291,1.25653,11251.2,0.293955,0.132786,1.01645,0.262399,590,0.462278,12.2752,519,0.175743,4.97717,5,5,-0.168386,1.77461,4.92821,8.00026,12.9632,0.174031,0.0991885,8.85046,0.156898,0.0541028,0.00180343,0.208296,,,,,-0.455848,-3.26085,1.71502,-0.000125997,-0.0353091,0.0345392,174,60,2,37,0.0540284,1.61939,-1.66029,23,-0.0541544,-2.61118,2.58313,10,-0.0376488,0,0,-0.00026923,60,0.0117519,-0.0200768,0.0306503,0.7045
V1 m3,V1,3,24,cooldown,10,1452,1109,0.236226,15.4028,0.262702,4280.51,1.06258,0.404869,3.85979,0.193467,-0.456336,-0.437562,-5347.91,24,15370.5,11090,0.721512,598,511,6.66567,0.5762,3.62094,3.04474,0.307977,0.0594603,0.183719,0.124258,-6.38185,14.0338,-6.84788,13.9301,-0.0472415,0.439492,-0.0554473,0.426754,0.518259,-0.156095,-0.148311,0.596456,0.153291,1.14087,11251.2,0.58791,0.0720729,0.461723,0.262399,590,0.331247,7.27519,519,0.0368377,-0.0228321,5,4,-0.337139,1.63328,4.77371,7.80359,12.8523,0.16862,0.0937782,8.698,0.156898,0.0541028,0.00180343,0.208296,,,,,-0.455848,-3.26085,1.71502,-0.000125997,-0.0353091,0.0345392,174,60,2,37,0.0540284,1.61939,-1.66029,23,-0.0541544,-2.61118,2.58313,10,-0.0376488,0,0,-0.00026923,60,0.0117519,-0.0200768,0.0306503,0.7045
V1 m3,V1,3,24,réouverture,5,1452,1136,0.217631,15.7778,0.978071,8785.93,1.13138,0.425176,7.73409,0.277521,-0.472143,-0.453905,-5654.73,24,14465.9,5680,0.392647,610,526,9.63537,5.52919,7.58228,2.05309,0.403774,0.131106,0.26744,0.136334,-3.31139,18.4487,-3.52158,18.608,0.0359013,0.523512,0.0258333,0.515802,0.954128,-0.14835,-0.140489,0.596257,0.153169,1.22397,10555.1,0.320864,0.11813,0.796291,0.264085,604,0.411943,12.0632,532,0.124906,2.81909,5,5,-0.189721,1.70325,4.82619,7.93084,12.8864,0.168134,0.0950704,8.74072,0.154049,0.0528169,0.00176056,0.211268,38,-0.833995,11,1.54535,,,,,,,,,,,,,,,,,,,,,,,,,,,
V1 m3,V1,3,24,réouverture,10,1452,1136,0.217631,15.7778,0.121003,3105.93,1.04424,0.404049,2.73409,0.14272,-0.509707,-0.492777,-6389.73,24,14465.9,11360,0.785293,610,526,4.63537,0.529195,2.58228,2.05309,0.268257,-0.00286403,0.132697,0.135561,-8.31139,13.4487,-8.52158,13.608,-0.102423,0.394397,-0.114325,0.384845,0.392993,-0.173816,-0.166194,0.596257,0.153169,1.11119,10555.1,0.641728,0.0567968,0.326765,0.264085,604,0.280603,7.06321,532,-0.0138234,-2.18091,5,5,-0.361198,1.62179,4.70448,7.79384,12.7769,0.162852,0.0915493,8.59071,0.154049,0.0528169,0.00176056,0.211268,38,-0.980856,11,1.37742,,,,,,,,,,,,,,,,,,,,,,,,,,,
V1 m4,V1,4,24,cooldown,5,1452,1109,0.236226,15.4028,1.32138,10389.6,1.15723,0.439134,9.36841,0.336426,-0.437503,-0.418069,-5007.81,24,15934.6,5545,0.347986,598,511,11.2258,7.19476,9.21029,2.01553,0.435882,0.220037,0.32796,0.107922,-1.03138,19.7137,-1.16843,19.7272,0.093505,0.584511,0.0835791,0.574878,1.16938,-0.138171,-0.130216,0.596456,0.153291,1.26103,11519,0.287121,0.137774,0.997127,0.241659,590,0.462278,12.2752,519,0.193358,6.06398,5,5,-0.263854,1.88255,4.92821,8.00026,12.9632,0.178539,0.0991885,8.85046,0.116321,0.025248,0,0.216411,,,,,0.0527701,-1.96127,1.47245,0.00811779,-0.0145759,0.0305177,129,28,0,20,0.0336016,1.86321,-1.86321,8,-0.0254839,-3.5327,3.5327,5,-0.0195077,0,0,0.0173461,28,0.00414798,-0.0119081,0.0219848,0.683
V1 m4,V1,4,24,cooldown,10,1452,1109,0.236226,15.4028,0.333556,4844.57,1.06996,0.418395,4.36841,0.20171,-0.476731,-0.458662,-5727.81,24,15934.6,11090,0.695971,598,511,6.22583,2.19476,4.21029,2.01553,0.300371,0.0862522,0.193312,0.10706,-6.03138,14.7137,-6.16843,14.7272,-0.0421269,0.454955,-0.0505034,0.445927,0.558832,-0.163411,-0.155694,0.596456,0.153291,1.14701,11519,0.574242,0.0767954,0.469952,0.241659,590,0.331247,7.27519,519,0.054453,1.06398,5,5,-0.425424,1.76942,4.77371,7.80359,12.8523,0.173129,0.0937782,8.698,0.116321,0.025248,0,0.216411,,,,,0.0527701,-1.96127,1.47245,0.00811779,-0.0145759,0.0305177,129,28,0,20,0.0336016,1.86321,-1.86321,8,-0.0254839,-3.5327,3.5327,5,-0.0195077,0,0,0.0173461,28,0.00414798,-0.0119081,0.0219848,0.683
V1 m4,V1,4,24,réouverture,5,1452,1134,0.219008,15.75,1.17414,9750.34,1.14441,0.438272,8.59818,0.290321,-0.489696,-0.472065,-5990.74,24,15420.3,5670,0.367696,611,523,9.61581,7.40933,8.51257,1.10324,0.402619,0.159128,0.280874,0.121746,-2.75761,19.398,-2.97926,19.6309,0.043209,0.544912,0.0353049,0.537272,1.03065,-0.15569,-0.149882,0.596409,0.153439,1.23325,10938.2,0.309158,0.125311,0.804877,0.244268,603,0.404396,11.7757,531,0.160778,4.98977,5,5,-0.292189,1.85072,4.82741,7.93108,12.8921,0.17284,0.0961199,8.74748,0.114638,0.0246914,0,0.219577,36,-0.793106,11,1.39278,,,,,,,,,,,,,,,,,,,,,,,,,,,
V1 m4,V1,4,24,réouverture,10,1452,1134,0.219008,15.75,0.23341,4080.34,1.05766,0.417989,3.59818,0.155463,-0.526019,-0.509652,-6725.74,24,15420.3,11340,0.735393,611,523,4.61581,2.40933,3.51257,1.10324,0.267171,0.0249586,0.146065,0.121106,-7.75761,14.398,-7.97926,14.6309,-0.0949271,0.414063,-0.107715,0.40781,0.448297,-0.17914,-0.173561,0.596409,0.153439,1.12154,10938.2,0.618315,0.0636766,0.355457,0.244268,603,0.27306,6.77573,531,0.0219203,-0.0102252,5,5,-0.438955,1.72042,4.71584,7.79416,12.7824,0.167549,0.0925926,8.59783,0.114638,0.0246914,0,0.219577,36,-0.943577,11,1.22119,,,,,,,,,,,,,,,,,,,,,,,,,,,
V2 m1,V2,1,24,cooldown,5,1452,1109,0.236226,15.4028,0.840666,7721.05,1.14775,0.310189,6.96218,0.209578,-0.413751,-0.393496,-4676.53,22,13266.1,5545,0.417984,598,511,3.96342,10.4715,7.21745,-3.25403,0.186692,0.236362,0.211527,-0.0248351,-1.72932,16.1491,-1.63236,16.4261,0.00854798,0.423041,0.0111283,0.420581,0.639514,-0.131206,-0.125229,0.596456,0.153291,1.21191,8612.31,0.384026,0.0858901,0.654621,0.518485,590,0.239106,7.85147,519,0.176012,5.95122,5,5,-2.0678e-14,0.786533,4.30192,6.9783,12.2251,0.145176,0.0802525,7.76099,0.405771,0.28945,0.0324617,0.229035,,,,,-2.35347,-6.37872,1.7064,-0.11873,-0.239529,-0.00424117,450,321,36,152,0.287529,2.09783,-2.1293,169,-0.406259,-2.66593,2.59715,42,-0.276334,-0.223172,321,0,0,0.0091348,-0.0676275,0.0771897,0.6385
V2 m1,V2,1,24,cooldown,10,1452,1109,0.236226,15.4028,0.057295,2176.05,1.03873,0.28945,1.96218,0.0748627,-0.464547,-0.453984,-5396.53,22,13266.1,11090,0.835968,598,511,-1.03658,5.47148,2.21745,-3.25403,0.0511807,0.102577,0.0768787,-0.025698,-6.72932,11.1491,-6.63236,11.4261,-0.124976,0.288539,-0.124542,0.288736,0.177953,-0.154928,-0.149185,0.596456,0.153291,1.07295,8612.31,0.768051,0.0276724,0.178614,0.518485,590,0.108075,2.85147,519,0.0371069,0.951225,5,5,-0.166694,0.705468,4.14255,6.65021,12.0212,0.139766,0.0748422,7.62044,0.405771,0.28945,0.0324617,0.229035,,,,,-2.35347,-6.37872,1.7064,-0.11873,-0.239529,-0.00424117,450,321,36,152,0.287529,2.09783,-2.1293,169,-0.406259,-2.66593,2.59715,42,-0.276334,-0.223172,321,0,0,0.0091348,-0.0676275,0.0771897,0.6385
V2 m1,V2,1,24,réouverture,5,1452,1219,0.160468,16.9306,0.812959,7739.64,1.13236,0.312551,6.34917,0.163029,-0.460736,-0.444306,-5402.76,22,13834.6,6095,0.440561,656,563,5.25493,7.62417,6.43955,-1.18462,0.168096,0.157125,0.162611,0.00548557,-2.56272,15.8836,-2.60392,15.9302,-0.0360329,0.368936,-0.0359981,0.365347,0.554146,-0.155015,-0.146284,0.597508,0.159967,1.17037,8445.21,0.431228,0.0762554,0.491921,0.515997,648,0.177004,6.88208,571,0.14717,5.74439,5,4,-2.14854e-14,0.906773,4.09169,6.5428,12.0927,0.145201,0.0779327,7.53759,0.402789,0.28548,0.0311731,0.230517,127,-0.154686,17,0.826158,,,,,,,,,,,,,,,,,,,,,,,,,,,
V2 m1,V2,1,24,réouverture,10,1452,1219,0.160468,16.9306,-0.0143789,1644.64,1.0262,0.292863,1.34917,0.0264059,-0.543906,-0.534909,-6840.63,22,13834.6,12190,0.881122,656,563,0.254927,2.62417,1.43955,-1.18462,0.0304477,0.0216965,0.0260721,0.00437559,-7.56272,10.8836,-7.60392,10.9302,-0.171751,0.234341,-0.17168,0.229535,0.0798425,-0.227573,-0.223711,0.597508,0.159967,1.03773,8445.21,0.862456,0.0128848,0.0566184,0.515997,648,0.0447558,1.88208,571,0.00558146,0.744393,3,4,-0.169063,0.777484,3.95153,6.42898,11.989,0.140279,0.0746514,7.40272,0.402789,0.28548,0.0311731,0.230517,127,-0.308774,17,0.683506,,,,,,,,,,,,,,,,,,,,,,,,,,,
V2 m1.5,V2,1.5,24,cooldown,5,1452,1109,0.236226,15.4028,1.506,10989.5,1.19165,0.357078,9.90935,0.290506,-0.43162,-0.411982,-4941.32,24,16534.5,5545,0.33536,598,511,8.46572,11.5988,10.0322,-1.56651,0.278142,0.304976,0.291559,-0.0134169,0.218369,19.7084,0.339825,20.0181,0.0730255,0.522915,0.0738053,0.522264,0.983434,-0.148945,-0.141089,0.596456,0.153291,1.26578,10567.6,0.312972,0.120907,0.811756,0.422002,590,0.391222,13.3912,519,0.176012,5.95122,5,5,-2.94437e-14,1.31976,4.64479,7.54694,12.376,0.159603,0.0892696,8.34104,0.348061,0.192967,0.0144274,0.229035,,,,,0.593705,-2.76679,3.81578,-0.0378023,-0.141216,0.0583173,386,214,16,105,0.19948,2.10689,-2.12944,109,-0.237282,-2.41419,2.36059,26,-0.15644,-0.0710555,214,0,0,-0.00672551,-0.0363714,0.077184,0.7485
V2 m1.5,V2,1.5,24,cooldown,10,1452,1109,0.236226,15.4028,0.439675,5444.46,1.08927,0.338142,4.90935,0.15579,-0.471255,-0.452996,-5661.32,24,16534.5,11090,0.67072,598,511,3.46572,6.59875,5.03224,-1.56651,0.142631,0.17119,0.156911,-0.0142797,-4.78163,14.7084,-4.66018,15.0181,-0.0630203,0.384979,-0.0632567,0.385534,0.425146,-0.173874,-0.166253,0.596456,0.153291,1.13396,10567.6,0.625944,0.0608238,0.349816,0.422002,590,0.260192,8.39115,519,0.0371069,0.951225,5,5,-0.194693,1.21784,4.54937,7.44439,12.1319,0.154193,0.0838593,8.20097,0.348061,0.192967,0.0144274,0.229035,,,,,0.593705,-2.76679,3.81578,-0.0378023,-0.141216,0.0583173,386,214,16,105,0.19948,2.10689,-2.12944,109,-0.237282,-2.41419,2.36059,26,-0.15644,-0.0710555,214,0,0,-0.00672551,-0.0363714,0.077184,0.7485
V2 m1.5,V2,1.5,24,réouverture,5,1452,1177,0.189394,16.3472,1.54263,11242.6,1.18319,0.35599,9.55194,0.231807,-0.454408,-0.435557,-5335.06,24,17127.6,5885,0.343597,631,546,10.0289,9.00069,9.51482,0.514123,0.28067,0.175337,0.228004,0.0526665,-1.27369,19.7841,-1.4619,19.6799,-0.000540683,0.472398,-0.00958171,0.468934,0.850223,-0.150284,-0.144438,0.596519,0.15633,1.22129,10103.2,0.347467,0.107994,0.718601,0.42141,626,0.309601,13.4521,551,0.143424,5.12088,5,5,-3.04188e-14,1.33357,4.63146,7.38601,12.2772,0.158029,0.0883602,8.22145,0.347494,0.192014,0.0144435,0.229397,82,-0.44743,14,0.903233,,,,,,,,,,,,,,,,,,,,,,,,,,,
V2 m1.5,V2,1.5,24,réouverture,10,1452,1177,0.189394,16.3472,0.411885,5357.64,1.08211,0.338148,4.55194,0.0963367,-0.494744,-0.478047,-6100.06,24,17127.6,11770,0.687193,631,546,5.02894,4.00069,4.51482,0.514123,0.145629,0.0393701,0.0924998,0.0531296,-6.27369,14.7841,-6.4619,14.6799,-0.137291,0.340017,-0.146121,0.338221,0.302625,-0.189501,-0.186385,0.596519,0.15633,1.09591,10103.2,0.694933,0.0450488,0.237724,0.42141,626,0.1778,8.45213,551,0.00378497,0.120877,4,5,-0.200079,1.24676,4.53356,7.27293,12.1235,0.152931,0.0849618,8.08391,0.347494,0.192014,0.0144435,0.229397,82,-0.591872,14,0.774981,,,,,,,,,,,,,,,,,,,,,,,,,,,
V2 m2,V2,2,24,cooldown,5,1452,1109,0.236226,15.4028,1.45857,10900.5,1.17716,0.392245,9.82912,0.323911,-0.430625,-0.410953,-4906.26,24,16445.5,5545,0.337174,598,511,10.7298,8.77506,9.75245,0.977387,0.363294,0.277823,0.320559,0.0427354,0.0646323,19.1987,-0.206617,19.5572,0.111499,0.545842,0.107808,0.545785,1.15425,-0.13778,-0.129822,0.596456,0.153291,1.27986,11420.5,0.289597,0.136447,0.990324,0.351668,590,0.454013,13.2404,519,0.176012,5.95122,5,5,-0.0150705,1.62699,4.82434,7.78415,12.6763,0.169522,0.0946799,8.58993,0.290352,0.122633,0.00631199,0.229035,,,,,0.513482,-1.95247,3.08819,-0.00439705,-0.0776614,0.0700471,322,136,7,68,0.133013,2.16928,-2.19586,68,-0.13741,-2.24099,2.15296,15,-0.0854999,-0.00826497,136,0,0,0.00454227,-0.0121078,0.0798619,0.871
V2 m2,V2,2,24,cooldown,10,1452,1109,0.236226,15.4028,0.412411,5355.5,1.08242,0.370604,4.82912,0.189196,-0.470329,-0.452039,-5626.26,24,16445.5,11090,0.674349,598,511,5.72983,3.77506,4.75245,0.977387,0.227783,0.144038,0.185911,0.0418725,-4.93537,14.1987,-5.20662,14.5572,-0.0275771,0.412929,-0.0314999,0.411699,0.547948,-0.163033,-0.155312,0.596456,0.153291,1.15476,11420.5,0.579193,0.0755388,0.463335,0.351668,590,0.322982,8.24036,519,0.0371069,0.951225,5,5,-0.266419,1.49178,4.68624,7.69241,12.5584,0.16321,0.0892696,8.44765,0.290352,0.122633,0.00631199,0.229035,,,,,0.513482,-1.95247,3.08819,-0.00439705,-0.0776614,0.0700471,322,136,7,68,0.133013,2.16928,-2.19586,68,-0.13741,-2.24099,2.15296,15,-0.0854999,-0.00826497,136,0,0,0.00454227,-0.0121078,0.0798619,0.871
V2 m2,V2,2,24,réouverture,5,1452,1148,0.209366,15.9444,1.46605,10960.3,1.17308,0.391115,9.5473,0.283396,-0.475697,-0.457582,-5731.53,24,16700.3,5740,0.343706,618,530,9.35851,9.76742,9.56297,-0.204457,0.331544,0.227253,0.279399,0.0521458,-0.980653,19.6546,-1.28883,20.1243,0.0610503,0.516563,0.0600413,0.510831,1.07434,-0.151767,-0.145931,0.595808,0.15331,1.25746,11162.8,0.306369,0.129311,0.852035,0.356272,609,0.420491,14.2421,539,0.128496,4.2428,5,5,-0.0203092,1.60134,4.74221,7.58501,12.554,0.165505,0.0914634,8.43953,0.290941,0.123693,0.00696864,0.232578,50,-0.289931,11,1.76208,,,,,,,,,,,,,,,,,,,,,,,,,,,
V2 m2,V2,2,24,réouverture,10,1452,1148,0.209366,15.9444,0.389339,5220.3,1.07803,0.370209,4.5473,0.148729,-0.51374,-0.496949,-6481.53,24,16700.3,11480,0.687413,618,530,4.35851,4.76742,4.56297,-0.204457,0.196289,0.093273,0.144781,0.051508,-5.98065,14.6546,-6.28883,15.1243,-0.0737385,0.383664,-0.0800811,0.379395,0.473801,-0.175727,-0.170124,0.595808,0.15331,1.13418,11162.8,0.612739,0.0667758,0.379998,0.356272,609,0.289547,9.24208,539,-0.0103767,-0.757202,5,5,-0.26644,1.47406,4.58923,7.48593,12.378,0.159408,0.0879791,8.29848,0.290941,0.123693,0.00696864,0.232578,50,-0.427969,11,1.60711,,,,,,,,,,,,,,,,,,,,,,,,,,,
V2 m2.5,V2,2.5,24,cooldown,5,1452,1109,0.236226,15.4028,1.44206,10868.9,1.17072,0.403968,9.80062,0.317969,-0.4455,-0.426342,-5159.01,24,16413.9,5545,0.337824,598,511,11.1699,8.19825,9.68406,1.48581,0.376582,0.249378,0.31298,0.0636023,0.0711336,19.7658,-0.286895,19.8182,0.0988734,0.547678,0.0911778,0.541017,1.1309,-0.145474,-0.137586,0.596456,0.153291,1.26597,11321.7,0.292125,0.134385,0.923772,0.313796,590,0.442844,13.1868,519,0.176012,5.95122,5,5,-0.167153,1.71901,4.83707,7.90418,12.6763,0.174932,0.0964833,8.62756,0.240757,0.084761,0.00541028,0.229035,,,,,0.484979,-1.77483,2.90633,-0.0103391,-0.0811496,0.0634618,267,94,6,44,0.0889339,2.24154,-2.28149,50,-0.0992729,-2.20187,2.05756,9,-0.0606701,-0.019434,94,0,0,-0.0032226,-0.0193028,0.0629536,0.7675
V2 m2.5,V2,2.5,24,cooldown,10,1452,1109,0.236226,15.4028,0.402919,5323.89,1.07943,0.386835,4.80062,0.183254,-0.484175,-0.466362,-5879.01,24,16413.9,11090,0.675647,598,511,6.16987,3.19825,4.68406,1.48581,0.241071,0.115592,0.178332,0.0627394,-4.92887,14.7658,-5.28689,14.8182,-0.036637,0.417963,-0.0456324,0.409126,0.531166,-0.170503,-0.162851,0.596456,0.153291,1.14644,11321.7,0.58425,0.0735865,0.431586,0.313796,590,0.311813,8.18678,519,0.0371069,0.951225,5,5,-0.315713,1.62001,4.73428,7.77491,12.5584,0.16862,0.091073,8.48437,0.240757,0.084761,0.00541028,0.229035,,,,,0.484979,-1.77483,2.90633,-0.0103391,-0.0811496,0.0634618,267,94,6,44,0.0889339,2.24154,-2.28149,50,-0.0992729,-2.20187,2.05756,9,-0.0606701,-0.019434,94,0,0,-0.0032226,-0.0193028,0.0629536,0.7675
V2 m2.5,V2,2.5,24,réouverture,5,1452,1144,0.212121,15.8889,1.40092,10726.1,1.16391,0.402972,9.37595,0.27534,-0.489395,-0.471754,-5984.27,24,16446.1,5720,0.347803,617,527,9.44971,9.2896,9.36965,0.0800572,0.337627,0.202415,0.270021,0.0676064,-1.46024,20.0963,-1.86864,20.1131,0.0494485,0.507885,0.0436428,0.505827,1.0276,-0.159336,-0.153553,0.595797,0.153846,1.24107,10932.2,0.311736,0.125029,0.784691,0.319056,607,0.407992,14.0196,537,0.125396,4.12701,5,5,-0.165934,1.69393,4.78146,7.64201,12.5665,0.171329,0.0926573,8.46985,0.240385,0.0856643,0.00524476,0.233392,45,-0.346285,10,2.20567,,,,,,,,,,,,,,,,,,,,,,,,,,,
V2 m2.5,V2,2.5,24,réouverture,10,1452,1144,0.212121,15.8889,0.355337,5006.09,1.07265,0.386364,4.37595,0.140621,-0.526214,-0.509853,-6729.27,24,16446.1,11440,0.695606,617,527,4.44971,4.2896,4.36965,0.0800572,0.202293,0.0684167,0.135355,0.0669383,-6.46024,15.0963,-6.86864,15.1131,-0.0868472,0.377,-0.0972679,0.378908,0.442312,-0.182902,-0.177348,0.595797,0.153846,1.12364,10932.2,0.623471,0.0629428,0.344134,0.319056,607,0.276993,9.01958,537,-0.0135271,-0.872986,5,5,-0.315463,1.57917,4.62061,7.50172,12.3965,0.16521,0.0891608,8.32904,0.240385,0.0856643,0.00524476,0.233392,45,-0.486669,10,2.04576,,,,,,,,,,,,,,,,,,,,,,,,,,,
V2 m3,V2,3,24,cooldown,5,1452,1109,0.236226,15.4028,1.52412,11207.8,1.17459,0.417493,10.1062,0.326236,-0.44561,-0.426456,-5160.99,24,16752.8,5545,0.330989,598,511,11.1987,8.8278,10.0132,1.18545,0.377534,0.266204,0.321869,0.0556649,0.103228,20.0612,-0.125383,19.9863,0.102941,0.558963,0.0966315,0.554378,1.1789,-0.145558,-0.137671,0.596456,0.153291,1.27059,11548.8,0.286381,0.138605,0.952232,0.291253,590,0.458382,13.7613,519,0.176012,5.95122,5,5,-0.171922,1.79693,4.85576,7.90418,12.6763,0.175834,0.097385,8.65413,0.203787,0.0622182,0.00270514,0.229035,,,,,0.790607,-1.34992,3.07838,-0.00207272,-0.0711474,0.064991,226,69,3,35,0.0768394,2.43471,-2.43471,34,-0.0789121,-2.57393,2.37448,8,-0.0536365,-0.00389601,69,0,0,-0.00330687,-0.0171804,0.0616526,0.756
V2 m3,V2,3,24,cooldown,10,1452,1109,0.236226,15.4028,0.450081,5662.83,1.08391,0.397656,5.10625,0.19152,-0.484277,-0.466468,-5880.99,24,16752.8,11090,0.661978,598,511,6.1987,3.8278,5.01325,1.18545,0.242023,0.132419,0.187221,0.054802,-4.89677,15.0612,-5.12538,14.9863,-0.0304709,0.427668,-0.0410909,0.422079,0.565675,-0.170584,-0.162932,0.596456,0.153291,1.15218,11548.8,0.572762,0.0775818,0.454802,0.291253,590,0.327351,8.76126,519,0.0371069,0.951225,5,5,-0.329266,1.64696,4.74218,7.77491,12.5584,0.169522,0.0919748,8.51019,0.203787,0.0622182,0.00270514,0.229035,,,,,0.790607,-1.34992,3.07838,-0.00207272,-0.0711474,0.064991,226,69,3,35,0.0768394,2.43471,-2.43471,34,-0.0789121,-2.57393,2.37448,8,-0.0536365,-0.00389601,69,0,0,-0.00330687,-0.0171804,0.0616526,0.756
V2 m3,V2,3,24,réouverture,5,1452,1141,0.214187,15.8472,1.45414,10951,1.16628,0.416301,9.59775,0.283437,-0.489496,-0.471858,-5986.26,24,16656,5705,0.342519,615,526,9.68363,9.49734,9.59049,0.0931417,0.345904,0.210402,0.278153,0.0677511,-1.35073,20.1778,-1.58184,20.2336,0.0525563,0.517935,0.0447249,0.51782,1.06588,-0.159418,-0.153635,0.595528,0.153374,1.24524,11112.3,0.305742,0.128542,0.806318,0.296231,607,0.423095,14.578,534,0.124688,3.93672,5,5,-0.171805,1.72701,4.79281,7.66276,12.5759,0.171779,0.0937774,8.4961,0.204207,0.063979,0.00262927,0.232252,42,-0.388967,10,2.20567,,,,,,,,,,,,,,,,,,,,,,,,,,,
V2 m3,V2,3,24,réouverture,10,1452,1141,0.214187,15.8472,0.387472,5246.03,1.07576,0.39702,4.59775,0.148812,-0.526308,-0.50995,-6731.26,24,16656,11410,0.685037,615,526,4.68363,4.49734,4.59049,0.0931417,0.210792,0.0763462,0.143569,0.0672227,-6.35073,15.1778,-6.58184,15.2336,-0.0820658,0.386756,-0.0940889,0.388212,0.471095,-0.182982,-0.177429,0.595528,0.153374,1.12893,11112.3,0.611485,0.0664491,0.363146,0.296231,607,0.292096,9.57796,534,-0.0140581,-1.06328,5,5,-0.322281,1.62712,4.6491,7.6054,12.4104,0.165644,0.0902717,8.35488,0.204207,0.063979,0.00262927,0.232252,42,-0.527216,10,2.04576,,,,,,,,,,,,,,,,,,,,,,,,,,,
V2 m4,V2,4,24,cooldown,5,1452,1109,0.236226,15.4028,1.58045,11450.6,1.17504,0.429216,10.3252,0.348391,-0.458587,-0.439881,-5393.46,24,16995.6,5545,0.32626,598,511,11.3789,9.09216,10.2355,1.14335,0.416659,0.268499,0.342579,0.0740801,-0.0424839,20.9031,-0.147237,20.7071,0.118677,0.593464,0.115788,0.58466,1.2019,-0.15564,-0.147846,0.596456,0.153291,1.26807,11662.1,0.283597,0.140599,0.903359,0.260595,590,0.500026,14.1728,519,0.176012,5.95122,5,5,-0.281255,1.88255,4.97527,8.00026,12.9632,0.179441,0.10009,8.86478,0.148783,0.03156,0.000901713,0.229035,,,,,1.00956,-0.523828,3.01846,0.0200824,-0.0175951,0.0712301,165,35,1,18,0.0501937,3.09249,-3.09249,17,-0.0301112,-1.96432,1.87043,4,-0.0148319,0.0377481,35,0,0,-0.0134819,-0.0109824,0.047338,0.711
V2 m4,V2,4,24,cooldown,10,1452,1109,0.236226,15.4028,0.48246,5905.65,1.08605,0.411181,5.3252,0.213675,-0.496355,-0.478963,-6113.46,24,16995.6,11090,0.65252,598,511,6.37885,4.09216,5.23551,1.14335,0.281149,0.134714,0.207931,0.0732172,-5.04248,15.9031,-5.14724,15.7071,-0.0164477,0.460227,-0.0191158,0.45151,0.582204,-0.180373,-0.172812,0.596456,0.153291,1.15253,11662.1,0.567194,0.0794696,0.440586,0.260595,590,0.368995,9.17282,519,0.0371069,0.951225,5,5,-0.389583,1.76942,4.81737,7.80359,12.8523,0.173129,0.0946799,8.71257,0.148783,0.03156,0.000901713,0.229035,,,,,1.00956,-0.523828,3.01846,0.0200824,-0.0175951,0.0712301,165,35,1,18,0.0501937,3.09249,-3.09249,17,-0.0301112,-1.96432,1.87043,4,-0.0148319,0.0377481,35,0,0,-0.0134819,-0.0109824,0.047338,0.711
V2 m4,V2,4,24,réouverture,5,1452,1138,0.216253,15.8056,1.4416,10918.8,1.16269,0.428822,9.59477,0.301481,-0.502749,-0.485569,-6244.86,24,16608.8,5690,0.342589,613,525,9.89563,9.24348,9.56955,0.326075,0.384335,0.20474,0.294537,0.0897973,-1.52471,20.5174,-1.55563,20.4273,0.0674578,0.553979,0.0573165,0.546078,1.06418,-0.170547,-0.16484,0.595613,0.1529,1.23965,11103.6,0.305221,0.128387,0.752795,0.262742,606,0.458584,14.8841,532,0.122525,3.56971,5,5,-0.292189,1.85072,4.83874,7.87485,12.8807,0.174868,0.0966608,8.73609,0.14587,0.0307557,0.000878735,0.231986,40,-0.589896,11,1.78946,,,,,,,,,,,,,,,,,,,,,,,,,,,
V2 m4,V2,4,24,réouverture,10,1452,1138,0.216253,15.8056,0.38245,5228.84,1.07426,0.411248,4.59477,0.166837,-0.538611,-0.522678,-6989.86,24,16608.8,11380,0.685177,613,525,4.89563,4.24348,4.56955,0.326075,0.249282,0.0705719,0.159927,0.0893551,-6.52471,15.5174,-6.55563,15.4273,-0.0722229,0.423202,-0.0828047,0.415467,0.471129,-0.193801,-0.188322,0.595613,0.1529,1.12659,11103.6,0.610441,0.0664532,0.342894,0.262742,606,0.327473,9.88409,532,-0.0161435,-1.43029,5,5,-0.41873,1.72042,4.74335,7.75451,12.7713,0.168717,0.0931459,8.58602,0.14587,0.0307557,0.000878735,0.231986,40,-0.731613,11,1.6219,,,,,,,,,,,,,,,,,,,,,,,,,,,
V3 m1,V3,1,24,cooldown,5,1452,1109,0.236226,15.4028,0.570995,5813.35,1.14644,0.233544,5.24198,0.181375,-0.40518,-0.387519,-4375.98,12,11358.4,5545,0.488187,598,511,4.73205,5.83872,5.28539,-0.553339,0.163046,0.202825,0.182936,-0.0198897,-2.76554,13.821,-2.96284,13.8582,0.00990069,0.362392,0.0133135,0.363623,0.530605,-0.161908,-0.154122,0.596456,0.153291,1.23945,7860.13,0.420775,0.073521,0.454091,0.663661,590,0.239106,7.85147,519,0.115747,2.2755,4,4,-1.46643e-14,-4.81155e-15,3.47478,5.93749,11.4729,0.116321,0.0658251,7.04647,0.721371,0.527502,0.0586114,0.136159,,,,,-4.07366,-10.1575,2.3601,-0.146933,-0.289555,-0.00457182,800,585,65,315,0.522309,1.83886,-1.87222,270,-0.669243,-2.74885,2.69173,74,-0.457207,-0.223172,321,-0.0602647,264,-0.0197586,-0.0594477,0.100365,0.7255
V3 m1,V3,1,24,cooldown,10,1452,1109,0.236226,15.4028,-0.0976638,268.352,1.00608,0.201082,0.241977,0.0466594,-0.484332,-0.472204,-5860.98,12,11358.4,11090,0.976374,598,511,-0.267953,0.838724,0.285386,-0.553339,0.0275349,0.06904,0.0482875,-0.0207525,-7.76554,8.82096,-7.96284,8.85819,-0.123647,0.230897,-0.118976,0.229654,0.0996814,-0.214135,-0.206731,0.596456,0.153291,1.05752,7860.13,0.84155,0.0159628,0.0745457,0.663661,590,0.108075,2.85147,519,-0.0231578,-2.7245,4,4,-0.128481,-0.0533027,3.32032,5.82229,11.3369,0.111812,0.0604148,6.91035,0.721371,0.527502,0.0586114,0.136159,,,,,-4.07366,-10.1575,2.3601,-0.146933,-0.289555,-0.00457182,800,585,65,315,0.522309,1.83886,-1.87222,270,-0.669243,-2.74885,2.69173,74,-0.457207,-0.223172,321,-0.0602647,264,-0.0197586,-0.0594477,0.100365,0.7255
V3 m1,V3,1,24,réouverture,5,1452,1270,0.125344,17.6389,0.311513,4206.23,1.08843,0.234646,3.31199,0.111894,-0.533959,-0.512228,-6589.8,12,10556.2,6350,0.60154,675,595,3.56642,3.02336,3.29489,0.271528,0.0954079,0.130597,0.113002,-0.0175945,-5.20683,11.9208,-5.20551,11.9051,-0.0587511,0.293267,-0.0577893,0.291192,0.377268,-0.227357,-0.220179,0.600065,0.161417,1.15459,7349.63,0.51845,0.054799,0.241026,0.66063,662,0.149075,5.7257,608,0.0714109,0.683911,4,4,-1.53484e-14,-4.84625e-15,3.46539,5.82683,10.9475,0.114961,0.0622047,6.80235,0.712598,0.519685,0.0582677,0.140945,181,-0.158518,20,1.5174,,,,,,,,,,,,,,,,,,,,,,,,,,,
V3 m1,V3,1,24,réouverture,10,1452,1270,0.125344,17.6389,-0.30505,-2143.77,0.959265,0.200787,-1.68801,-0.0266339,-0.609355,-0.59284,-8244.8,12,10556.2,12700,1.20308,675,595,-1.43358,-1.97664,-1.70511,0.271528,-0.0445404,-0.00631971,-0.02543,-0.0191103,-10.2068,6.92085,-10.2055,6.90513,-0.205493,0.162746,-0.201972,0.156004,-0.0590858,-0.282461,-0.27656,0.600065,0.161417,0.98955,7349.63,1.0369,-0.0100992,-0.0357543,0.66063,662,0.0162908,0.725699,608,-0.0733709,-4.31609,2,3,-0.134269,-0.0543161,3.30789,5.71189,10.8112,0.111024,0.0590551,6.67272,0.712598,0.519685,0.0582677,0.140945,181,-0.321589,20,1.36814,,,,,,,,,,,,,,,,,,,,,,,,,,,
V3 m1.5,V3,1.5,24,cooldown,5,1452,1109,0.236226,15.4028,1.15786,9258.59,1.18839,0.310189,8.34859,0.278064,-0.422198,-0.387734,-4567.24,22,14803.6,5545,0.374571,598,511,8.90446,7.69809,8.30127,0.603185,0.26651,0.291584,0.279047,-0.0125368,-0.455972,17.5314,-0.856505,17.6646,0.088951,0.485905,0.0870318,0.493419,0.914242,-0.159126,-0.154014,0.596456,0.153291,1.29482,10167.2,0.325297,0.114293,0.718258,0.520289,590,0.391222,13.3912,519,0.149424,2.6162,5,5,-1.52385e-14,0.704931,4.35199,7.10628,12.2417,0.139766,0.0811542,7.94397,0.606853,0.35257,0.0243463,0.167719,,,,,-0.967049,-6.53474,4.46097,-0.0502449,-0.172608,0.0711529,673,391,27,218,0.358457,1.82352,-1.85332,173,-0.408701,-2.61994,2.57772,48,-0.278178,-0.0710555,214,-0.0265874,177,-0.0196499,-0.034021,0.10793,0.844
V3 m1.5,V3,1.5,24,cooldown,10,1452,1109,0.236226,15.4028,0.239594,3713.59,1.06991,0.280433,3.34859,0.143348,-0.491113,-0.466827,-5749.98,22,14803.6,11090,0.749143,598,511,3.90446,2.69809,3.30127,0.603185,0.130999,0.157799,0.144399,-0.0133996,-5.45597,12.5314,-5.85651,12.6646,-0.0469508,0.351597,-0.0505926,0.357033,0.37542,-0.211131,-0.206233,0.596456,0.153291,1.13852,10167.2,0.650595,0.0545631,0.258432,0.520289,590,0.260192,8.39115,519,0.0105195,-2.3838,4,4,-0.134942,0.546591,4.22755,6.77477,12.1127,0.135257,0.0757439,7.80344,0.606853,0.35257,0.0243463,0.167719,,,,,-0.967049,-6.53474,4.46097,-0.0502449,-0.172608,0.0711529,673,391,27,218,0.358457,1.82352,-1.85332,173,-0.408701,-2.61994,2.57772,48,-0.278178,-0.0710555,214,-0.0265874,177,-0.0196499,-0.034021,0.10793,0.844
V3 m1.5,V3,1.5,24,réouverture,5,1452,1199,0.174242,16.6528,0.876573,7982.69,1.14683,0.306088,6.65779,0.196294,-0.505415,-0.484757,-6023.44,22,13977.7,5995,0.428898,637,562,8.54868,4.51455,6.53162,2.01706,0.232954,0.154741,0.193848,0.0391066,-3.34992,16.4674,-3.60899,16.6033,-0.0132134,0.4166,-0.0169765,0.417999,0.690698,-0.215987,-0.210796,0.59722,0.156797,1.21543,9228.07,0.387983,0.091468,0.423489,0.520434,627,0.294412,12.5883,572,0.0887411,0.157029,4,4,-1.6717e-14,0.661555,4.13616,6.67263,12.235,0.137615,0.0783987,7.77377,0.599666,0.348624,0.0233528,0.17181,108,-0.4281,18,1.48785,,,,,,,,,,,,,,,,,,,,,,,,,,,
V3 m1.5,V3,1.5,24,réouverture,10,1452,1199,0.174242,16.6528,0.0304839,1987.69,1.03387,0.276897,1.65779,0.0599383,-0.57554,-0.558031,-7553.44,22,13977.7,11990,0.857796,637,562,3.54868,-0.485446,1.53162,2.01706,0.0955264,0.019601,0.0575637,0.0379627,-8.34992,11.4674,-8.60899,11.6033,-0.150739,0.278907,-0.152414,0.281784,0.18201,-0.26853,-0.262868,0.59722,0.156797,1.07174,9228.07,0.775966,0.0282614,0.105245,0.520434,627,0.162923,7.58831,572,-0.0529491,-4.84297,3,4,-0.147095,0.522695,4.0307,6.62253,12.024,0.133445,0.0750626,7.63558,0.599666,0.348624,0.0233528,0.17181,108,-0.579013,18,1.36518,,,,,,,,,,,,,,,,,,,,,,,,,,,
V3 m2,V3,2,24,cooldown,5,1452,1109,0.236226,15.4028,1.33716,10238.4,1.184,0.36339,9.23212,0.319646,-0.392788,-0.35657,-4037.24,24,15783.4,5545,0.351318,598,511,13.376,4.38267,8.87935,4.49668,0.383262,0.245199,0.31423,0.0690317,-0.119532,18.6233,-0.707232,18.4829,0.119851,0.529759,0.114503,0.52558,1.1404,-0.112429,-0.107236,0.596456,0.153291,1.30688,11325.2,0.292035,0.135227,1.20278,0.4211,590,0.454013,13.2404,519,0.166897,4.67554,5,5,-1.7622e-14,1.24796,4.7026,7.58227,12.3764,0.155095,0.0901713,8.34833,0.511271,0.235347,0.012624,0.185753,,,,,-0.0835251,-4.55305,4.15037,-0.0086626,-0.102104,0.0850791,567,261,14,151,0.243299,1.78688,-1.82256,110,-0.251962,-2.54023,2.47995,31,-0.169212,-0.00826497,136,-0.00911462,125,0.0271275,-0.0163505,0.104677,0.918
V3 m2,V3,2,24,cooldown,10,1452,1109,0.236226,15.4028,0.342638,4693.42,1.07914,0.332732,4.23212,0.18493,-0.45643,-0.428117,-4923.38,24,15783.4,11090,0.702636,598,511,8.37604,-0.617329,3.87935,4.49668,0.247751,0.111413,0.179582,0.0681689,-5.11953,13.6233,-5.70723,13.4829,-0.0163575,0.395757,-0.0206935,0.391898,0.537984,-0.154619,-0.144214,0.596456,0.153291,1.16634,11325.2,0.584069,0.0743818,0.481064,0.4211,590,0.322982,8.24036,519,0.0279923,-0.32446,4,4,-0.160565,1.14358,4.58122,7.48518,12.1319,0.149684,0.084761,8.20751,0.511271,0.235347,0.012624,0.185753,,,,,-0.0835251,-4.55305,4.15037,-0.0086626,-0.102104,0.0850791,567,261,14,151,0.243299,1.78688,-1.82256,110,-0.251962,-2.54023,2.47995,31,-0.169212,-0.00826497,136,-0.00911462,125,0.0271275,-0.0163505,0.104677,0.918
V3 m2,V3,2,24,réouverture,5,1452,1158,0.202479,16.0833,1.20009,9664.23,1.16667,0.360967,8.34563,0.267435,-0.432569,-0.398723,-4713.45,24,15454.2,5790,0.374655,621,537,11.0305,5.24082,8.13564,2.89482,0.329732,0.195394,0.262563,0.0671692,-1.79767,18.1134,-2.14956,18.1728,0.0625072,0.483508,0.0546751,0.480672,1.00928,-0.120486,-0.107572,0.5963,0.153713,1.26924,10846.4,0.318317,0.123328,1.02359,0.42487,608,0.416458,14.096,550,0.102698,1.98884,5,5,-1.80448e-14,1.19467,4.60216,7.38345,12.3074,0.151123,0.0854922,8.161,0.505181,0.233161,0.0120898,0.19171,64,-0.220176,15,2.04707,,,,,,,,,,,,,,,,,,,,,,,,,,,
V3 m2,V3,2,24,réouverture,10,1452,1158,0.202479,16.0833,0.233257,3874.23,1.06267,0.330743,3.34563,0.13189,-0.478502,-0.451826,-5501.1,24,15454.2,11580,0.749309,621,537,6.03046,0.240818,3.13564,2.89482,0.192603,0.0616803,0.127142,0.0654615,-6.79767,13.1134,-7.14956,13.1728,-0.07757,0.352847,-0.0814088,0.349157,0.422897,-0.161224,-0.149604,0.5963,0.153713,1.13241,10846.4,0.636633,0.0605446,0.375531,0.42487,608,0.285671,9.096,550,-0.0381076,-3.01116,3,3,-0.162401,1.1029,4.49353,7.27042,12.1259,0.145941,0.082038,8.02329,0.505181,0.233161,0.0120898,0.19171,64,-0.374241,15,1.89381,,,,,,,,,,,,,,,,,,,,,,,,,,,
V3 m2.5,V3,2.5,24,cooldown,5,1452,1109,0.236226,15.4028,1.51954,11088.3,1.18581,0.385032,9.99844,0.32333,-0.389104,-0.367997,-4197.01,24,16633.3,5545,0.333368,598,511,12.9317,6.56582,9.74875,3.18292,0.394562,0.239971,0.317267,0.0772955,0.146191,19.8142,-0.399018,19.3833,0.118145,0.542101,0.112515,0.538277,1.15856,-0.119204,-0.109485,0.596456,0.153291,1.28925,11429.6,0.289367,0.136826,1.14783,0.36339,590,0.442844,13.1868,519,0.187467,6.37393,5,5,-2.48943e-14,1.4982,4.79887,7.78415,12.3764,0.164112,0.0937782,8.49261,0.427412,0.16321,0.00811542,0.20018,,,,,0.682802,-3.2165,4.51552,-0.0049781,-0.0895787,0.0810443,474,181,9,102,0.16937,1.84149,-1.86271,79,-0.174349,-2.4475,2.348,21,-0.117531,-0.019434,94,0.0114553,87,0.0248783,-0.0191402,0.0852328,0.8795
V3 m2.5,V3,2.5,24,cooldown,10,1452,1109,0.236226,15.4028,0.44746,5543.27,1.08774,0.360685,4.99844,0.188615,-0.431684,-0.412059,-4917.01,24,16633.3,11090,0.666736,598,511,7.93167,1.56582,4.74875,3.18292,0.259051,0.106186,0.182619,0.0764327,-4.85381,14.8142,-5.39902,14.3833,-0.020627,0.412891,-0.0292939,0.406814,0.551036,-0.150003,-0.144404,0.596456,0.153291,1.15947,11429.6,0.578734,0.0758961,0.505964,0.36339,590,0.311813,8.18678,519,0.0485622,1.37393,5,4,-0.194693,1.36773,4.6545,7.69241,12.1319,0.158702,0.0883679,8.35114,0.427412,0.16321,0.00811542,0.20018,,,,,0.682802,-3.2165,4.51552,-0.0049781,-0.0895787,0.0810443,474,181,9,102,0.16937,1.84149,-1.86271,79,-0.174349,-2.4475,2.348,21,-0.117531,-0.019434,94,0.0114553,87,0.0248783,-0.0191402,0.0852328,0.8795
V3 m2.5,V3,2.5,24,réouverture,5,1452,1150,0.207989,15.9722,1.37752,10535.7,1.17028,0.384348,9.16146,0.274386,-0.429126,-0.409402,-4873.22,24,16285.7,5750,0.353071,618,532,10.8203,7.23451,9.02738,1.79287,0.350805,0.185615,0.26821,0.0825951,-1.41601,19.3962,-1.7742,19.3259,0.0595397,0.497719,0.0520717,0.496024,1.02635,-0.122351,-0.11425,0.595829,0.153043,1.25542,10923.4,0.313639,0.124913,1.02094,0.366087,607,0.407992,14.0196,543,0.125034,3.73074,5,5,-2.60136e-14,1.46768,4.64457,7.57952,12.3187,0.16087,0.0886957,8.32769,0.422609,0.16087,0.00782609,0.205217,53,-0.2704,12,2.39148,,,,,,,,,,,,,,,,,,,,,,,,,,,
V3 m2.5,V3,2.5,24,réouverture,10,1452,1150,0.207989,15.9722,0.338103,4785.68,1.07305,0.36,4.16146,0.139743,-0.470526,-0.452242,-5623.22,24,16285.7,11500,0.706142,618,532,5.82026,2.23451,4.02738,1.79287,0.215377,0.0518814,0.133629,0.081748,-6.41601,14.3962,-6.7742,14.3259,-0.0776347,0.370317,-0.0871432,0.36647,0.438807,-0.155229,-0.147836,0.595829,0.153043,1.12905,10923.4,0.627278,0.0625118,0.402708,0.366087,607,0.276993,9.01958,543,-0.0136842,-1.26926,4,3,-0.195136,1.36543,4.54672,7.48442,12.1269,0.155652,0.0852174,8.18786,0.422609,0.16087,0.00782609,0.205217,53,-0.408675,12,2.23414,,,,,,,,,,,,,,,,,,,,,,,,,,,
V3 m3,V3,3,24,cooldown,5,1452,1109,0.236226,15.4028,1.41726,10702.3,1.17367,0.401262,9.6504,0.32611,-0.41965,-0.399599,-4705.92,24,16247.3,5545,0.341288,598,511,12.7698,5.99995,9.38486,3.38491,0.40561,0.233075,0.319342,0.0862674,-0.39887,19.4195,-0.902618,19.1544,0.10595,0.552143,0.100179,0.544694,1.17254,-0.133958,-0.125964,0.596456,0.153291,1.28159,11510.1,0.287343,0.13805,1.03055,0.324617,590,0.458382,13.7613,519,0.175743,4.97717,5,5,-5.02391e-14,1.59313,4.83015,7.90418,12.6763,0.166817,0.0955816,8.63478,0.360685,0.116321,0.00450857,0.208296,,,,,0.334759,-3.30255,3.80692,-0.00219871,-0.0702776,0.072026,400,129,5,72,0.130868,2.01573,-2.03675,57,-0.133067,-2.58896,2.45867,18,-0.0912853,-0.00389601,69,-0.00026923,60,0.00840011,-0.0156642,0.0715221,0.854
V3 m3,V3,3,24,cooldown,10,1452,1109,0.236226,15.4028,0.388669,5157.29,1.07931,0.376916,4.6504,0.191394,-0.460115,-0.441472,-5425.92,24,16247.3,11090,0.682575,598,511,7.76976,0.999949,4.38486,3.38491,0.270099,0.0992895,0.184694,0.0854046,-5.39887,14.4195,-5.90262,14.1544,-0.027735,0.418468,-0.0329783,0.411236,0.561101,-0.15932,-0.151565,0.596456,0.153291,1.15704,11510.1,0.574685,0.0770565,0.483658,0.324617,590,0.327351,8.76126,519,0.0368377,-0.0228321,5,5,-0.240914,1.45216,4.72809,7.77491,12.5584,0.161407,0.0901713,8.4921,0.360685,0.116321,0.00450857,0.208296,,,,,0.334759,-3.30255,3.80692,-0.00219871,-0.0702776,0.072026,400,129,5,72,0.130868,2.01573,-2.03675,57,-0.133067,-2.58896,2.45867,18,-0.0912853,-0.00389601,69,-0.00026923,60,0.00840011,-0.0156642,0.0715221,0.854
V3 m3,V3,3,24,réouverture,5,1452,1143,0.21281,15.875,1.20686,9813.52,1.15427,0.39895,8.58576,0.272961,-0.467937,-0.449554,-5575.08,24,15528.5,5715,0.368032,615,528,10.7122,6.10895,8.41057,2.30162,0.363881,0.16706,0.265471,0.0984107,-2.35808,18.9673,-2.67731,18.9098,0.0516732,0.503496,0.0452305,0.497012,1.00277,-0.148047,-0.140183,0.595497,0.153106,1.24428,10797.7,0.315184,0.122721,0.828929,0.328959,607,0.423095,14.578,536,0.102941,1.79981,5,5,-5.38731e-14,1.56591,4.72008,7.66135,12.5696,0.161855,0.0909886,8.46761,0.356955,0.11636,0.00437445,0.212598,45,-0.465845,11,2.60889,,,,,,,,,,,,,,,,,,,,,,,,,,,
V3 m3,V3,3,24,réouverture,10,1452,1143,0.21281,15.875,0.246363,4098.52,1.06105,0.375328,3.58576,0.13837,-0.506293,-0.489244,-6320.08,24,15528.5,11430,0.736065,615,528,5.71218,1.10895,3.41057,2.30162,0.22866,0.0332024,0.130931,0.0977286,-7.35808,13.9673,-7.67731,13.9098,-0.0839202,0.372823,-0.092058,0.366602,0.425315,-0.17374,-0.166118,0.595497,0.153106,1.12325,10797.7,0.630369,0.0608447,0.350205,0.328959,607,0.292096,9.57796,536,-0.0357191,-3.20019,5,5,-0.244954,1.43469,4.58709,7.59522,12.4011,0.156605,0.0874891,8.32612,0.356955,0.11636,0.00437445,0.212598,45,-0.602091,11,2.45502,,,,,,,,,,,,,,,,,,,,,,,,,,,
V3 m4,V3,4,24,cooldown,5,1452,1109,0.236226,15.4028,1.60981,11509.2,1.18048,0.425609,10.378,0.356509,-0.454487,-0.435639,-5318.3,24,17054.2,5545,0.32514,598,511,12.5101,7.88288,10.1965,2.3136,0.437129,0.262162,0.349646,0.0874838,-0.0257114,20.7079,-0.299025,20.6251,0.124351,0.603014,0.120612,0.595335,1.25412,-0.151594,-0.143762,0.596456,0.153291,1.28299,11891.3,0.278132,0.145063,0.956922,0.273219,590,0.500026,14.1728,519,0.193358,6.06398,5,5,-0.143664,1.77461,4.88569,8.00026,12.9632,0.174932,0.0982867,8.84722,0.265104,0.0568079,0.000901713,0.216411,,,,,1.06233,-1.41209,3.53247,0.0282002,-0.017845,0.0889386,294,63,1,38,0.0837953,2.4455,-2.4455,25,-0.0555951,-2.4662,2.40235,9,-0.0343396,0.0377481,35,0.0173461,28,-0.00939854,-0.0114481,0.0553528,0.787
V3 m4,V3,4,24,cooldown,10,1452,1109,0.236226,15.4028,0.499339,5964.17,1.08899,0.403968,5.37797,0.221793,-0.492539,-0.475015,-6038.3,24,17054.2,11090,0.650281,598,511,7.51007,2.88288,5.19647,2.3136,0.301618,0.128377,0.214998,0.0866209,-5.02571,15.7079,-5.29902,15.6251,-0.00889299,0.472486,-0.0151552,0.463431,0.61974,-0.176444,-0.168847,0.596456,0.153291,1.16342,11891.3,0.556264,0.0836962,0.47435,0.273219,590,0.368995,9.17282,519,0.054453,1.06398,5,5,-0.315213,1.63328,4.7539,7.80359,12.8523,0.169522,0.0928765,8.69543,0.265104,0.0568079,0.000901713,0.216411,,,,,1.06233,-1.41209,3.53247,0.0282002,-0.017845,0.0889386,294,63,1,38,0.0837953,2.4455,-2.4455,25,-0.0555951,-2.4662,2.40235,9,-0.0343396,0.0377481,35,0.0173461,28,-0.00939854,-0.0114481,0.0553528,0.787
V3 m4,V3,4,24,réouverture,5,1452,1138,0.216253,15.8056,1.41322,10745.7,1.16402,0.424429,9.44265,0.303725,-0.498983,-0.481673,-6169.7,24,16435.7,5690,0.346197,614,524,10.906,7.728,9.31698,1.58899,0.401224,0.189479,0.295352,0.105872,-1.87331,20.3499,-2.32109,20.2206,0.0724712,0.554398,0.0602455,0.5467,1.07948,-0.166572,-0.160838,0.595732,0.1529,1.2479,11172.2,0.303407,0.129777,0.779103,0.275923,605,0.451139,14.6022,533,0.136397,3.5861,5,5,-0.167474,1.69708,4.8019,7.87485,12.8807,0.169596,0.0949033,8.71584,0.258348,0.0553603,0.000878735,0.220562,41,-0.611763,12,2.05391,,,,,,,,,,,,,,,,,,,,,,,,,,,
V3 m4,V3,4,24,réouverture,10,1452,1138,0.216253,15.8056,0.366377,5055.74,1.07343,0.403339,4.44265,0.169057,-0.535115,-0.519061,-6914.7,24,16435.7,11380,0.692394,614,524,5.90597,2.728,4.31698,1.58899,0.26613,0.0553107,0.16072,0.10541,-6.87331,15.3499,-7.32109,15.2206,-0.0643367,0.425279,-0.0746023,0.41488,0.481937,-0.189937,-0.184431,0.595732,0.1529,1.13149,11172.2,0.606814,0.067755,0.356724,0.275923,605,0.320032,9.60223,533,-0.00231325,-1.4139,5,5,-0.325774,1.61936,4.65719,7.75451,12.7713,0.164323,0.0913884,8.56707,0.258348,0.0553603,0.000878735,0.220562,41,-0.753946,12,1.88916,,,,,,,,,,,,,,,,,,,,,,,,,,,
RE-1,—,,26,cooldown,5,1452,1080,0.256198,15,2.03518,13319.6,1.19607,0.442593,12.333,0.368619,-0.439451,-0.424312,-5012.7,26,18719.6,5400,0.288468,580,500,12.5826,12.0434,12.313,0.269578,0.456755,0.266381,0.361568,0.0951868,0.168395,24.4135,0.17048,24.4831,0.098448,0.644959,0.0894729,0.637593,1.38147,-0.134662,-0.128538,0.600229,0.156481,1.28232,12430,0.26076,0.1556,1.15549,0.237963,573,0.458814,11.8072,507,0.266683,12.9271,6,6,-0.423261,2.06355,5.52846,8.44299,13.1907,0.193519,0.112963,9.1908,0,0,0,0.237963,,,,,,,,,,,,,,,,,,,,,,,,,,,,,,,
RE-1,—,,26,cooldown,10,1452,1080,0.256198,15,0.769294,7919.6,1.11157,0.427778,7.33296,0.232798,-0.480113,-0.46608,-5762.7,26,18719.6,10800,0.576935,580,500,7.58257,7.04342,7.31299,0.269578,0.320354,0.131234,0.225794,0.0945605,-4.83161,19.4135,-4.82952,19.4831,-0.041333,0.510934,-0.0503889,0.50655,0.722614,-0.15896,-0.153013,0.600229,0.156481,1.17299,12430,0.521519,0.0948753,0.59685,0.237963,573,0.326093,6.80724,507,0.12736,7.92712,5,5,-0.554348,1.95807,5.41108,8.23459,13.0882,0.188889,0.109259,9.03709,0,0,0,0.237963,,,,,,,,,,,,,,,,,,,,,,,,,,,,,,,
RE-1,—,,26,réouverture,5,1452,1108,0.236915,15.3889,2.35179,14523.1,1.20846,0.441336,13.1075,0.338394,-0.478198,-0.457003,-5660.97,26,20063.1,5540,0.276129,595,513,10.4165,16.2287,13.3226,-2.90608,0.415996,0.248388,0.332192,0.0838035,0.500042,25.5863,0.65488,26.1081,0.0610256,0.616123,0.0554107,0.613501,1.33107,-0.139238,-0.132908,0.5992,0.156137,1.26821,12308,0.269708,0.151487,1.08798,0.23917,590,0.432802,14.8999,518,0.230864,11.066,6,6,-0.430751,2.05759,5.48229,8.43097,13.3218,0.190433,0.111011,9.19046,0,0,0,0.23917,37,-0.404408,9,0.911638,,,,,,,,,,,,,,,,,,,,,,,,,,,
RE-1,—,,26,réouverture,10,1452,1108,0.236915,15.3889,0.926765,8983.12,1.12338,0.426895,8.10751,0.202674,-0.513877,-0.494141,-6365.97,26,20063.1,11080,0.552257,595,513,5.4165,11.2287,8.32258,-2.90608,0.279844,0.11317,0.196507,0.0833373,-4.49996,20.5863,-4.34512,21.1081,-0.0790697,0.486062,-0.0830633,0.482444,0.672959,-0.162403,-0.156301,0.5992,0.156137,1.16014,12308,0.539417,0.089551,0.551411,0.23917,590,0.299994,9.89992,518,0.0918275,6.06596,5,5,-0.554348,1.91682,5.29211,8.22175,13.2276,0.185921,0.107401,9.03866,0,0,0,0.23917,37,-0.550425,9,0.721483,,,,,,,,,,,,,,,,,,,,,,,,,,,
V1 m1,V1,1,26,cooldown,5,1452,1080,0.256198,15,1.30723,10153.9,1.18535,0.362037,9.4018,0.332605,-0.493866,-0.480196,-6117.98,26,15553.9,5400,0.347179,580,500,11.9603,6.43399,9.19713,2.76314,0.403015,0.25093,0.326972,0.0760426,-1.70548,20.5779,-1.95955,20.475,0.095187,0.580687,0.0887805,0.574089,1.16796,-0.175122,-0.167189,0.600229,0.156481,1.31249,11413.7,0.283979,0.137649,0.786022,0.376852,573,0.458814,11.8072,507,0.189967,6.68323,5,4,-1.79878e-14,1.30091,4.88453,8.06472,12.2311,0.160185,0.0944444,8.54768,0.32037,0.241667,0.025,0.135185,,,,,-2.93116,-8.13529,1.88783,-0.0360137,-0.143496,0.0627773,346,261,27,157,0.255016,1.75425,-1.7929,104,-0.29103,-3.02223,2.99601,36,-0.217487,0,0,-0.0767155,261,-0.0386505,-0.046238,0.0709065,0.6615
V1 m1,V1,1,26,cooldown,10,1452,1080,0.256198,15,0.344798,4753.95,1.08151,0.339815,4.4018,0.196785,-0.545159,-0.536114,-6967.35,26,15553.9,10800,0.694358,580,500,6.96026,1.43399,4.19713,2.76314,0.266615,0.115782,0.191198,0.0754163,-6.70548,15.5779,-6.95955,15.475,-0.0434901,0.447977,-0.0489253,0.442211,0.56813,-0.234845,-0.230009,0.600229,0.156481,1.1744,11413.7,0.567957,0.0778632,0.331551,0.376852,573,0.326093,6.80724,507,0.050644,1.68323,4,4,-0.143588,1.18556,4.69011,7.9156,12.059,0.157407,0.0907407,8.39475,0.32037,0.241667,0.025,0.135185,,,,,-2.93116,-8.13529,1.88783,-0.0360137,-0.143496,0.0627773,346,261,27,157,0.255016,1.75425,-1.7929,104,-0.29103,-3.02223,2.99601,36,-0.217487,0,0,-0.0767155,261,-0.0386505,-0.046238,0.0709065,0.6615
V1 m1,V1,1,26,réouverture,5,1452,1158,0.202479,16.0833,0.999671,8998.74,1.15033,0.357513,7.77094,0.269347,-0.54249,-0.518043,-6869.27,26,14788.7,5790,0.391514,613,545,6.37196,9.34446,7.85821,-1.48625,0.318718,0.213816,0.266267,0.0524512,-3.69497,18.6918,-3.66653,18.9582,0.0256996,0.518691,0.0237193,0.517354,1.01959,-0.180181,-0.172297,0.600803,0.157168,1.26298,10970,0.317107,0.124287,0.689792,0.385147,605,0.397632,11.9625,553,0.128999,3.18517,5,4,-1.86744e-14,1.26478,4.81377,7.81404,12.5146,0.154577,0.0915371,8.4646,0.322107,0.244387,0.0267703,0.14076,95,-0.168478,17,1.84144,,,,,,,,,,,,,,,,,,,,,,,,,,,
V1 m1,V1,1,26,réouverture,10,1452,1158,0.202479,16.0833,0.120845,3208.74,1.05038,0.334197,2.77094,0.131828,-0.590498,-0.572034,-7752.28,26,14788.7,11580,0.783028,613,545,1.37196,4.34446,2.85821,-1.48625,0.18011,0.0775207,0.128816,0.0512949,-8.69497,13.6918,-8.66653,13.9582,-0.112878,0.3839,-0.118697,0.382961,0.426502,-0.244131,-0.239354,0.600803,0.157168,1.13035,10970,0.634214,0.0609919,0.249833,0.385147,605,0.264438,6.96255,553,-0.0132525,-1.81483,4,4,-0.152567,1.13611,4.64501,7.69852,12.2553,0.151986,0.0880829,8.31043,0.322107,0.244387,0.0267703,0.14076,95,-0.328589,17,1.68559,,,,,,,,,,,,,,,,,,,,,,,,,,,
V1 m1.5,V1,1.5,26,cooldown,5,1452,1080,0.256198,15,1.28728,10160.4,1.17061,0.390741,9.40782,0.345251,-0.458915,-0.444301,-5415.07,26,15560.4,5400,0.347034,580,500,11.8175,6.61264,9.21505,2.60241,0.419087,0.2596,0.339344,0.0797433,-1.38046,20.3329,-1.66649,20.2507,0.101254,0.598425,0.0953839,0.591566,1.21685,-0.15978,-0.154316,0.600229,0.156481,1.29722,11657,0.27805,0.141886,0.888007,0.334259,573,0.458814,11.8072,507,0.216904,6.69605,5,4,-2.36097e-14,1.63815,5.01464,8.0894,12.2311,0.172222,0.101852,8.71882,0.265741,0.163889,0.00925926,0.17037,,,,,-2.92514,-7.57083,1.41345,-0.0233682,-0.11113,0.0535518,287,177,10,107,0.171625,1.73229,-1.75796,70,-0.194993,-3.00846,2.97708,23,-0.146814,0,0,-0.0497784,177,-0.0257779,-0.0249411,0.0634031,0.829
V1 m1.5,V1,1.5,26,cooldown,10,1452,1080,0.256198,15,0.333157,4760.45,1.07564,0.369444,4.40782,0.20943,-0.521159,-0.512678,-6434.32,26,15560.4,10800,0.694067,580,500,6.81746,1.61264,4.21505,2.60241,0.282687,0.124453,0.20357,0.079117,-6.38046,15.3329,-6.66649,15.2507,-0.0341805,0.46285,-0.0385711,0.45835,0.603512,-0.223016,-0.218105,0.600229,0.156481,1.17054,11657,0.556099,0.0818791,0.367144,0.334259,573,0.326093,6.80724,507,0.0775811,1.69605,4,4,-0.169282,1.49454,4.93584,7.98637,12.059,0.168519,0.0981481,8.56039,0.265741,0.163889,0.00925926,0.17037,,,,,-2.92514,-7.57083,1.41345,-0.0233682,-0.11113,0.0535518,287,177,10,107,0.171625,1.73229,-1.75796,70,-0.194993,-3.00846,2.97708,23,-0.146814,0,0,-0.0497784,177,-0.0257779,-0.0249411,0.0634031,0.829
V1 m1.5,V1,1.5,26,réouverture,5,1452,1132,0.220386,15.7222,1.07406,9430.24,1.14938,0.386926,8.3306,0.289673,-0.512698,-0.486659,-6218.1,26,15090.2,5660,0.375077,602,530,6.90588,9.94887,8.42738,-1.52149,0.342103,0.23012,0.286112,0.0559912,-2.97871,19.4769,-3.08505,19.4861,0.0420084,0.542867,0.0379529,0.540029,1.06455,-0.171508,-0.165447,0.59924,0.15636,1.25865,11111.9,0.305231,0.12842,0.748769,0.341873,593,0.420336,13.1323,539,0.145919,3.04788,4,4,-2.52724e-14,1.5267,4.94289,8.07105,12.3461,0.166078,0.0980565,8.61945,0.265901,0.166078,0.00883392,0.175795,67,-0.422859,15,1.10863,,,,,,,,,,,,,,,,,,,,,,,,,,,
V1 m1.5,V1,1.5,26,réouverture,10,1452,1132,0.220386,15.7222,0.177771,3770.24,1.05652,0.363958,3.3306,0.153179,-0.581556,-0.563832,-7530.05,26,15090.2,11320,0.750154,602,530,1.90588,4.94887,3.42738,-1.52149,0.203712,0.0957803,0.149746,0.0539661,-7.97871,14.4769,-8.08505,14.4861,-0.0981914,0.412309,-0.0996738,0.410211,0.470999,-0.235315,-0.22996,0.59924,0.15636,1.1353,11111.9,0.610463,0.0664375,0.282335,0.341873,593,0.288079,8.13226,539,0.0047639,-1.95212,4,4,-0.181922,1.41128,4.879,7.92443,12.0685,0.162544,0.094523,8.46607,0.265901,0.166078,0.00883392,0.175795,67,-0.57482,15,0.951553,,,,,,,,,,,,,,,,,,,,,,,,,,,
V1 m2,V1,2,26,cooldown,5,1452,1080,0.256198,15,1.5612,11395.9,1.18334,0.405556,10.5517,0.354034,-0.422217,-0.406612,-4825.68,26,16795.9,5400,0.321507,580,500,14.3142,6.18726,10.2507,4.06348,0.453912,0.238176,0.346044,0.107868,-1.02521,22.3264,-1.39976,22.1146,0.104619,0.613597,0.0970103,0.602757,1.28015,-0.130631,-0.12038,0.600229,0.156481,1.29396,11958.2,0.271047,0.147257,1.12727,0.308333,573,0.458814,11.8072,507,0.235614,9.1328,6,6,-3.92615e-14,1.79938,5.24744,8.27919,12.8125,0.177778,0.105556,8.90547,0.227778,0.115741,0.00555556,0.192593,,,,,-1.78122,-5.94915,1.57004,-0.014585,-0.0893621,0.0469434,246,125,6,74,0.115874,1.69113,-1.72019,51,-0.130459,-2.76266,2.73463,17,-0.100818,0,0,-0.0310687,125,0.00815804,-0.0285355,0.0528448,0.805
V1 m2,V1,2,26,cooldown,10,1452,1080,0.256198,15,0.49289,5995.88,1.09162,0.385185,5.55174,0.218213,-0.46412,-0.452086,-5479.59,26,16795.9,10800,0.643015,580,500,9.31422,1.18726,5.25074,4.06348,0.317511,0.103028,0.21027,0.107242,-6.02521,17.3264,-6.39976,17.1146,-0.0347116,0.47788,-0.0396268,0.469478,0.649293,-0.167336,-0.162074,0.600229,0.156481,1.17311,11958.2,0.542093,0.0869669,0.519713,0.308333,573,0.326093,6.80724,507,0.0962909,4.1328,4,4,-0.220802,1.67216,5.04877,8.06872,12.6537,0.174074,0.101852,8.75175,0.227778,0.115741,0.00555556,0.192593,,,,,-1.78122,-5.94915,1.57004,-0.014585,-0.0893621,0.0469434,246,125,6,74,0.115874,1.69113,-1.72019,51,-0.130459,-2.76266,2.73463,17,-0.100818,0,0,-0.0310687,125,0.00815804,-0.0285355,0.0528448,0.805
V1 m2,V1,2,26,réouverture,5,1452,1120,0.22865,15.5556,1.38601,10920.6,1.16766,0.403571,9.75051,0.304005,-0.470941,-0.442671,-5380.93,26,16520.6,5600,0.338971,599,521,9.73271,9.77097,9.75184,-0.0191327,0.384647,0.211291,0.297969,0.0866779,-1.88049,21.4494,-2.08189,21.2104,0.0537297,0.558074,0.0487104,0.555106,1.13451,-0.135463,-0.12739,0.599021,0.15625,1.26075,11424.8,0.293616,0.134705,0.994405,0.311607,591,0.414315,12.8787,529,0.180767,6.25563,6,6,-5.14151e-14,1.70985,5.01464,8.2114,12.9347,0.172321,0.101786,8.86128,0.225893,0.115179,0.00535714,0.196429,55,-0.383956,15,1.38353,,,,,,,,,,,,,,,,,,,,,,,,,,,
V1 m2,V1,2,26,réouverture,10,1452,1120,0.22865,15.5556,0.363163,5320.57,1.0776,0.382143,4.75051,0.167547,-0.513032,-0.492405,-6105.93,26,16520.6,11200,0.677943,599,521,4.73271,4.77097,4.75184,-0.0191327,0.246835,0.0763884,0.161612,0.0852233,-6.88049,16.4494,-7.08189,16.2104,-0.0881451,0.425312,-0.0961441,0.420291,0.526506,-0.172508,-0.168475,0.599021,0.15625,1.14286,11424.8,0.587232,0.0730413,0.423408,0.311607,591,0.281885,7.87875,529,0.0398076,1.25563,4,4,-0.239566,1.58789,4.93584,8.00188,12.8119,0.16875,0.0982143,8.70653,0.225893,0.115179,0.00535714,0.196429,55,-0.541871,15,1.21434,,,,,,,,,,,,,,,,,,,,,,,,,,,
V1 m2.5,V1,2.5,26,cooldown,5,1452,1080,0.256198,15,1.97241,12969.1,1.20295,0.418519,12.0084,0.3709,-0.411893,-0.393648,-4764.66,26,18369.1,5400,0.293972,580,500,13.3658,10.4339,11.8998,1.46598,0.449693,0.279499,0.364596,0.085097,0.394973,23.9837,0.232739,23.9256,0.114254,0.634147,0.109873,0.624326,1.37168,-0.12427,-0.115736,0.600229,0.156481,1.29989,12363.6,0.26216,0.154806,1.24572,0.287037,573,0.458814,11.8072,507,0.271542,12.2358,6,6,-0.0828421,1.8736,5.35063,8.30297,13.011,0.182407,0.108333,9.0108,0.194444,0.0805556,0.00185185,0.206481,,,,,-0.324524,-3.8959,2.35391,0.00228102,-0.0644909,0.0529675,210,87,2,53,0.0863412,1.75941,-1.76708,34,-0.0840602,-2.67015,2.67015,12,-0.0675463,0,0,0.00485897,87,0.0128019,-0.0267508,0.0481025,0.8225
V1 m2.5,V1,2.5,26,cooldown,10,1452,1080,0.256198,15,0.732701,7569.11,1.11278,0.399074,7.00844,0.23508,-0.448959,-0.434085,-5192.91,26,18369.1,10800,0.587943,580,500,8.36583,5.43387,6.89985,1.46598,0.313293,0.144352,0.228822,0.0844707,-4.60503,18.9837,-4.76726,18.9256,-0.0258793,0.502663,-0.0288505,0.495362,0.715506,-0.143405,-0.135057,0.600229,0.156481,1.18173,12363.6,0.52432,0.0941211,0.656332,0.287037,573,0.326093,6.80724,507,0.132219,7.23583,5,5,-0.295349,1.7843,5.12303,8.18169,12.901,0.178704,0.10463,8.85732,0.194444,0.0805556,0.00185185,0.206481,,,,,-0.324524,-3.8959,2.35391,0.00228102,-0.0644909,0.0529675,210,87,2,53,0.0863412,1.75941,-1.76708,34,-0.0840602,-2.67015,2.67015,12,-0.0675463,0,0,0.00485897,87,0.0128019,-0.0267508,0.0481025,0.8225
V1 m2.5,V1,2.5,26,réouverture,5,1452,1114,0.232782,15.4722,2.09553,13584.8,1.20548,0.417415,12.1947,0.330128,-0.420907,-0.397384,-4813.38,26,19154.8,5570,0.290788,596,518,10.6764,13.9415,12.309,-1.63259,0.400833,0.248776,0.324805,0.0760281,-0.11737,24.1664,-0.13125,24.3958,0.0745442,0.589416,0.0702048,0.587857,1.26623,-0.12503,-0.11713,0.599215,0.155296,1.27465,12018.6,0.277705,0.146086,1.16841,0.288151,590,0.432802,14.8999,524,0.214522,9.14864,6,6,-0.135984,1.84831,5.23719,8.28475,13.1292,0.178636,0.105027,8.96508,0.190305,0.0780969,0.00179533,0.210054,45,-0.352272,11,1.54156,,,,,,,,,,,,,,,,,,,,,,,,,,,
V1 m2.5,V1,2.5,26,réouverture,10,1452,1114,0.232782,15.4722,0.774064,8014.84,1.11543,0.397666,7.19465,0.194491,-0.460744,-0.438851,-5335.26,26,19154.8,11140,0.581576,596,518,5.67637,8.94155,7.30896,-1.63259,0.264586,0.113841,0.189214,0.0753724,-5.11737,19.1664,-5.13125,19.3958,-0.0632981,0.45691,-0.0716405,0.455512,0.623463,-0.145691,-0.137995,0.599215,0.155296,1.15895,12018.6,0.55541,0.084111,0.577325,0.288151,590,0.299994,9.89992,524,0.0756989,4.14864,5,5,-0.307755,1.77239,5.03374,8.10401,13.0234,0.175045,0.101436,8.81152,0.190305,0.0780969,0.00179533,0.210054,45,-0.494803,11,1.35971,,,,,,,,,,,,,,,,,,,,,,,,,,,
V1 m3,V1,3,26,cooldown,5,1452,1080,0.256198,15,1.79489,12375.1,1.18938,0.425926,11.4584,0.368494,-0.432719,-0.417397,-4976.88,26,17775.1,5400,0.303796,580,500,13.2817,9.34336,11.3125,1.96917,0.462979,0.258891,0.360935,0.102044,-0.586049,23.5509,-0.739401,23.5638,0.108188,0.628419,0.102705,0.622352,1.3534,-0.126781,-0.120283,0.600229,0.156481,1.29051,12299.2,0.263532,0.153319,1.20932,0.268519,573,0.458814,11.8072,507,0.266416,11.0641,6,5,-0.224959,1.92341,5.38338,8.42129,13.1907,0.184259,0.109259,9.13353,0.164815,0.0537037,0.000925926,0.214815,,,,,-0.874571,-4.09212,1.44045,-0.000125318,-0.0398198,0.0375992,178,58,1,35,0.0578122,1.78392,-1.82716,23,-0.0579375,-2.72055,2.72055,10,-0.0466272,0,0,-0.00026695,58,0.00825555,-0.0179873,0.0329248,0.747
V1 m3,V1,3,26,cooldown,10,1452,1080,0.256198,15,0.629163,6975.06,1.10182,0.408333,6.45839,0.232673,-0.473865,-0.459664,-5651.08,26,17775.1,10800,0.607593,580,500,8.2817,4.34336,6.31253,1.96917,0.326578,0.123743,0.225161,0.101418,-5.58605,18.5509,-5.7394,18.5638,-0.0322374,0.49528,-0.0337168,0.487497,0.7023,-0.14966,-0.143648,0.600229,0.156481,1.17583,12299.2,0.527063,0.0927128,0.619489,0.268519,573,0.326093,6.80724,507,0.127093,6.06413,5,5,-0.371599,1.80327,5.17368,8.20605,13.0882,0.180556,0.105556,8.98025,0.164815,0.0537037,0.000925926,0.214815,,,,,-0.874571,-4.09212,1.44045,-0.000125318,-0.0398198,0.0375992,178,58,1,35,0.0578122,1.78392,-1.82716,23,-0.0579375,-2.72055,2.72055,10,-0.0466272,0,0,-0.00026695,58,0.00825555,-0.0179873,0.0329248,0.747
V1 m3,V1,3,26,réouverture,5,1452,1110,0.235537,15.4167,1.85967,12812.3,1.18984,0.423423,11.5426,0.324986,-0.455831,-0.433727,-5244.48,26,18362.3,5550,0.30225,595,515,10.4976,12.7499,11.6238,-1.12613,0.410848,0.225786,0.318317,0.092531,-1.07933,23.6836,-1.19845,23.9853,0.0600903,0.588817,0.0548628,0.585525,1.22415,-0.130195,-0.121719,0.599162,0.155856,1.2631,11831.3,0.281065,0.142512,1.0946,0.271171,590,0.432802,14.8999,520,0.202657,7.73334,6,6,-0.257246,1.85636,5.24744,8.36482,13.3181,0.18018,0.106306,9.1192,0.159459,0.0522523,0.000900901,0.218919,40,-0.507028,10,1.69572,,,,,,,,,,,,,,,,,,,,,,,,,,,
V1 m3,V1,3,26,réouverture,10,1452,1110,0.235537,15.4167,0.642108,7262.29,1.10265,0.406306,6.5426,0.189303,-0.493029,-0.472446,-5949.48,26,18362.3,11100,0.6045,595,515,5.49763,7.7499,6.62377,-1.12613,0.274584,0.0907747,0.182679,0.0919046,-6.07933,18.6836,-6.19845,18.9853,-0.0792529,0.455679,-0.0830211,0.454654,0.595279,-0.1504,-0.14212,0.599162,0.155856,1.15107,11831.3,0.562129,0.0809513,0.538242,0.271171,590,0.299994,9.89992,520,0.0637109,2.73334,5,5,-0.389552,1.77435,5.07416,8.19382,13.2237,0.176577,0.102703,8.9659,0.159459,0.0522523,0.000900901,0.218919,40,-0.650207,10,1.51524,,,,,,,,,,,,,,,,,,,,,,,,,,,
V1 m4,V1,4,26,cooldown,5,1452,1080,0.256198,15,1.85273,12595.3,1.18989,0.437963,11.6623,0.372694,-0.435206,-0.419952,-4937.53,26,17995.3,5400,0.300078,580,500,13.116,9.9761,11.546,1.56993,0.463555,0.267294,0.365425,0.0981303,-0.513187,23.8752,-0.63154,23.9863,0.106144,0.64294,0.10164,0.633967,1.39223,-0.130515,-0.124362,0.600229,0.156481,1.29137,12466.5,0.259996,0.156469,1.19885,0.251852,573,0.458814,11.8072,507,0.275363,11.4985,5,5,-0.305425,2.01462,5.38338,8.42129,13.1907,0.187963,0.109259,9.13353,0.124074,0.0277778,0,0.224074,,,,,-0.670638,-3.71788,1.16039,0.00407466,-0.025905,0.0327992,134,30,0,21,0.0375751,1.93243,-1.93243,9,-0.0335004,-4.02005,4.02005,6,-0.0316501,0,0,0.00867974,30,0.0041759,-0.0191849,0.0249093,0.674
V1 m4,V1,4,26,cooldown,10,1452,1080,0.256198,15,0.662894,7195.31,1.10364,0.42037,6.66232,0.236873,-0.476173,-0.462034,-5687.53,26,17995.3,10800,0.600156,580,500,8.11596,4.9761,6.54603,1.56993,0.327155,0.132147,0.229651,0.097504,-5.51319,18.8752,-5.63154,18.9863,-0.0348269,0.508272,-0.0379407,0.501928,0.7304,-0.154928,-0.148954,0.600229,0.156481,1.1785,12466.5,0.519992,0.0956985,0.617695,0.251852,573,0.326093,6.80724,507,0.136039,6.49855,5,5,-0.431113,1.89503,5.17368,8.20605,13.0882,0.184259,0.105556,8.98025,0.124074,0.0277778,0,0.224074,,,,,-0.670638,-3.71788,1.16039,0.00407466,-0.025905,0.0327992,134,30,0,21,0.0375751,1.93243,-1.93243,9,-0.0335004,-4.02005,4.02005,6,-0.0316501,0,0,0.00867974,30,0.0041759,-0.0191849,0.0249093,0.674
V1 m4,V1,4,26,réouverture,5,1452,1108,0.236915,15.3889,2.08165,13577.1,1.19933,0.435921,12.2537,0.336783,-0.474246,-0.45289,-5585.81,26,19117.1,5540,0.289793,596,512,10.8405,13.8986,12.3696,-1.52904,0.419421,0.240588,0.330004,0.0894167,-0.715989,24.8082,-0.671166,25.1149,0.0625569,0.608947,0.0555214,0.607797,1.30581,-0.135113,-0.128753,0.599322,0.156137,1.27156,12190.5,0.272363,0.149399,1.10573,0.25361,589,0.425559,14.6272,519,0.236034,9.56004,6,5,-0.32093,1.97257,5.2825,8.37719,13.3218,0.184116,0.107401,9.13197,0.121841,0.0270758,0,0.226534,38,-0.432883,10,1.29036,,,,,,,,,,,,,,,,,,,,,,,,,,,
V1 m4,V1,4,26,réouverture,10,1452,1108,0.236915,15.3889,0.771409,8037.07,1.11273,0.418773,7.25367,0.201039,-0.510194,-0.490307,-6290.81,26,19117.1,11080,0.579587,596,512,5.84055,8.89863,7.36959,-1.52904,0.283228,0.105366,0.194297,0.0889311,-5.71599,19.8082,-5.67117,20.1149,-0.0790636,0.475233,-0.0876342,0.473713,0.654716,-0.158388,-0.152257,0.599322,0.156137,1.16048,12190.5,0.544725,0.0875617,0.552829,0.25361,589,0.292753,9.62717,519,0.0969557,4.56004,5,5,-0.449881,1.86734,5.11756,8.19625,13.2276,0.180505,0.103791,8.97907,0.121841,0.0270758,0,0.226534,38,-0.579289,10,1.10584,,,,,,,,,,,,,,,,,,,,,,,,,,,
V2 m1,V2,1,26,cooldown,5,1452,1080,0.256198,15,1.24812,9846.07,1.19043,0.306481,9.11673,0.24761,-0.380634,-0.363906,-4110.86,23,15246.1,5400,0.35419,580,500,7.83767,10.6004,9.21906,-1.38138,0.266071,0.226197,0.246134,0.0199371,-1.15553,19.4415,-1.09449,19.5928,0.0283964,0.481095,0.030073,0.469579,0.788774,-0.122109,-0.116628,0.600229,0.156481,1.24849,9443.67,0.343218,0.101774,0.833468,0.535185,573,0.230735,5.74523,507,0.266683,12.9271,6,6,-2.14758e-14,0.812567,4.71422,7.26607,12.8501,0.150926,0.0898148,8.1811,0.407407,0.297222,0.0351852,0.237963,,,,,-3.21623,-7.57484,1.37232,-0.121008,-0.248666,0.00089067,440,321,38,152,0.31389,2.23027,-2.25473,169,-0.434898,-2.77923,2.69745,46,-0.297985,-0.228079,321,0,0,0.0119102,-0.0671024,0.0821479,0.6415
V2 m1,V2,1,26,cooldown,10,1452,1080,0.256198,15,0.31033,4446.07,1.08003,0.282407,4.11673,0.11179,-0.425531,-0.410025,-4860.86,23,15246.1,10800,0.708379,580,500,2.83767,5.60044,4.21906,-1.38138,0.12967,0.0910488,0.11036,0.0193108,-6.15553,14.4415,-6.09449,14.5928,-0.109014,0.346215,-0.108375,0.339035,0.293753,-0.141292,-0.13522,0.600229,0.156481,1.10854,9443.67,0.686435,0.0438591,0.310416,0.535185,573,0.0980139,0.745231,507,0.12736,7.92712,5,5,-0.166088,0.661746,4.50897,7.12582,12.6927,0.148148,0.087037,8.03291,0.407407,0.297222,0.0351852,0.237963,,,,,-3.21623,-7.57484,1.37232,-0.121008,-0.248666,0.00089067,440,321,38,152,0.31389,2.23027,-2.25473,169,-0.434898,-2.77923,2.69745,46,-0.297985,-0.228079,321,0,0,0.0119102,-0.0671024,0.0821479,0.6415
V2 m1,V2,1,26,réouverture,5,1452,1201,0.172865,16.6806,1.51849,11363.9,1.19375,0.307244,9.46204,0.190202,-0.33611,-0.31894,-3631.51,23,17368.9,6005,0.345733,643,558,6.80303,12.5261,9.66456,-2.86152,0.208802,0.168769,0.188786,0.0200162,-0.629025,19.8412,-0.452035,20.2172,-0.0174011,0.403755,-0.0163065,0.398577,0.684152,-0.144591,-0.136812,0.598698,0.161532,1.19817,9241.66,0.389019,0.0907626,0.627719,0.533722,637,0.175522,8.03882,564,0.206782,11.0695,6,5,-2.14854e-14,0.84417,4.50018,7.06633,12.7698,0.149875,0.0849292,7.94242,0.407161,0.295587,0.0333056,0.238135,139,-0.22158,18,0.454828,,,,,,,,,,,,,,,,,,,,,,,,,,,
V2 m1,V2,1,26,réouverture,10,1452,1201,0.172865,16.6806,0.381773,5358.9,1.08516,0.284763,4.46204,0.0531418,-0.443718,-0.426776,-4680.27,23,17368.9,12010,0.691466,643,558,1.80303,7.52608,4.66456,-2.86152,0.0707914,0.0328036,0.0517975,0.0189939,-5.62903,14.8412,-5.45204,15.2172,-0.158245,0.270858,-0.156585,0.267168,0.175659,-0.217271,-0.212041,0.598698,0.161532,1.06599,9241.66,0.778038,0.0273385,0.125826,0.533722,637,0.0423336,3.03882,564,0.0653489,6.06946,4,5,-0.166694,0.71925,4.37082,6.81677,12.5984,0.146545,0.0824313,7.80162,0.407161,0.295587,0.0333056,0.238135,139,-0.369732,18,0.306511,,,,,,,,,,,,,,,,,,,,,,,,,,,
V2 m1.5,V2,1.5,26,cooldown,5,1452,1080,0.256198,15,1.90506,12610.7,1.22074,0.350926,11.6765,0.326935,-0.439659,-0.424525,-5063.1,26,18010.7,5400,0.299822,580,500,11.4129,11.9824,11.6976,-0.284788,0.347885,0.302633,0.325259,0.022626,0.956512,22.5324,0.649943,22.5154,0.0956421,0.573487,0.0946477,0.564428,1.13787,-0.146839,-0.140802,0.600229,0.156481,1.29412,11279.3,0.287361,0.135003,0.919389,0.444444,573,0.380247,10.57,507,0.266683,12.9271,5,5,-2.66743e-14,1.35111,4.9617,7.71999,13.1907,0.167593,0.0990741,8.75107,0.353704,0.206481,0.0166667,0.237963,,,,,-0.656418,-4.28833,2.95356,-0.0416841,-0.138643,0.0627025,382,223,18,109,0.219654,2.17638,-2.19427,114,-0.261338,-2.47583,2.41098,28,-0.166394,-0.0785668,223,0,0,-0.0122638,-0.0364508,0.0841803,0.7155
V2 m1.5,V2,1.5,26,cooldown,10,1452,1080,0.256198,15,0.693431,7210.67,1.11872,0.326852,6.67654,0.191114,-0.480304,-0.466276,-5813.1,26,18010.7,10800,0.599645,580,500,6.41285,6.98243,6.69764,-0.284788,0.211485,0.167485,0.189485,0.0219997,-4.04349,17.5324,-4.35006,17.5154,-0.0468247,0.43965,-0.0503201,0.434341,0.54634,-0.170799,-0.164936,0.600229,0.156481,1.1626,11279.3,0.574722,0.0753525,0.441176,0.444444,573,0.247526,5.57001,507,0.12736,7.92712,5,5,-0.184232,1.19787,4.89206,7.57281,13.0882,0.164815,0.0962963,8.60571,0.353704,0.206481,0.0166667,0.237963,,,,,-0.656418,-4.28833,2.95356,-0.0416841,-0.138643,0.0627025,382,223,18,109,0.219654,2.17638,-2.19427,114,-0.261338,-2.47583,2.41098,28,-0.166394,-0.0785668,223,0,0,-0.0122638,-0.0364508,0.0841803,0.7155
V2 m1.5,V2,1.5,26,réouverture,5,1452,1155,0.204545,16.0417,1.91447,12967.9,1.20713,0.348918,11.2276,0.24775,-0.438539,-0.415732,-4943.51,26,18742.9,5775,0.308116,618,537,10.3477,12.2403,11.294,-0.946262,0.308269,0.178104,0.243186,0.0650826,-0.279758,22.5491,-0.197523,22.6591,0.00589315,0.495884,-0.000273958,0.491759,0.918513,-0.150395,-0.145066,0.598782,0.158442,1.23091,10453.5,0.330795,0.114707,0.762704,0.445022,613,0.297645,13.044,542,0.19132,9.1733,6,6,-2.96664e-14,1.32123,4.89809,7.63844,13.2362,0.165368,0.0961039,8.61722,0.353247,0.206061,0.0164502,0.238961,88,-0.682103,13,0.531749,,,,,,,,,,,,,,,,,,,,,,,,,,,
V2 m1.5,V2,1.5,26,réouverture,10,1452,1155,0.204545,16.0417,0.636347,7192.93,1.10821,0.325541,6.22764,0.111579,-0.478998,-0.457846,-5688.51,26,18742.9,11550,0.616232,618,537,5.34774,7.24026,6.294,-0.946262,0.172695,0.041245,0.10697,0.0657252,-5.27976,17.5491,-5.19752,17.6591,-0.133053,0.365878,-0.139398,0.36117,0.35783,-0.183357,-0.176237,0.598782,0.158442,1.10841,10453.5,0.66159,0.0523032,0.285253,0.445022,613,0.164581,8.04404,542,0.0516352,4.1733,5,5,-0.194909,1.18544,4.71881,7.47187,13.1366,0.162771,0.0935065,8.47785,0.353247,0.206061,0.0164502,0.238961,88,-0.823156,13,0.391657,,,,,,,,,,,,,,,,,,,,,,,,,,,
V2 m2,V2,2,26,cooldown,5,1452,1080,0.256198,15,2.11207,13398.8,1.2199,0.389815,12.4063,0.365009,-0.422596,-0.407001,-4742.38,26,18798.8,5400,0.287252,580,500,14.3709,10.1275,12.2492,2.12168,0.431778,0.287559,0.359668,0.0721095,1.43314,23.3573,1.11339,23.3958,0.133643,0.601957,0.131383,0.597466,1.35522,-0.129069,-0.122906,0.600229,0.156481,1.3122,12272.3,0.26411,0.153467,1.18904,0.37037,573,0.452011,11.9455,507,0.266683,12.9271,6,5,-4.46531e-14,1.66548,5.15509,8.07993,13.1907,0.175926,0.103704,8.94842,0.29537,0.132407,0.00648148,0.237963,,,,,0.0733748,-3.20497,3.55747,-0.00360946,-0.0818788,0.0888545,319,143,7,73,0.153897,2.27683,-2.29607,70,-0.157506,-2.4301,2.33882,19,-0.105426,-0.00680316,143,0,0,0.00563279,-0.015708,0.087125,0.8575
V2 m2,V2,2,26,cooldown,10,1452,1080,0.256198,15,0.814156,7998.84,1.12437,0.366667,7.40634,0.229189,-0.464471,-0.450016,-5492.38,26,18798.8,10800,0.574503,580,500,9.37086,5.12749,7.24918,2.12168,0.295377,0.152411,0.223894,0.0714832,-3.56686,18.3573,-3.88661,18.3958,-0.00682165,0.468939,-0.00634655,0.462398,0.703624,-0.153523,-0.147538,0.600229,0.156481,1.18699,12272.3,0.52822,0.0928544,0.604823,0.37037,573,0.319289,6.94554,507,0.12736,7.92712,5,5,-0.237027,1.56742,5.00827,7.93903,13.0882,0.173148,0.100926,8.80122,0.29537,0.132407,0.00648148,0.237963,,,,,0.0733748,-3.20497,3.55747,-0.00360946,-0.0818788,0.0888545,319,143,7,73,0.153897,2.27683,-2.29607,70,-0.157506,-2.4301,2.33882,19,-0.105426,-0.00680316,143,0,0,0.00563279,-0.015708,0.087125,0.8575
V2 m2,V2,2,26,réouverture,5,1452,1125,0.225207,15.625,2.35926,14394.9,1.2263,0.386667,12.7954,0.323695,-0.454841,-0.432696,-5240.37,26,20019.9,5625,0.280971,605,520,11.2507,14.5926,12.9217,-1.67095,0.377475,0.261123,0.319299,0.0581762,1.15472,24.3988,1.24784,24.557,0.0889551,0.571959,0.0833186,0.566073,1.28182,-0.130392,-0.123997,0.598368,0.155556,1.28906,12094.6,0.278291,0.147397,1.13041,0.376889,596,0.432706,15.544,529,0.200877,9.69876,6,6,-5.38731e-14,1.62239,4.99944,7.82978,13.2908,0.172444,0.100444,8.83591,0.296889,0.135111,0.00711111,0.241778,56,-0.251157,11,1.45354,,,,,,,,,,,,,,,,,,,,,,,,,,,
V2 m2,V2,2,26,réouverture,10,1452,1125,0.225207,15.625,0.914728,8769.87,1.1306,0.364444,7.79544,0.188261,-0.492867,-0.472277,-5960.37,26,20019.9,11250,0.561942,605,520,6.25074,9.59264,7.92169,-1.67095,0.241659,0.126134,0.183896,0.0577626,-3.84528,19.3988,-3.75216,19.557,-0.0500771,0.437764,-0.0567542,0.4288,0.630048,-0.154206,-0.148044,0.598368,0.155556,1.16589,12094.6,0.556582,0.0848426,0.550191,0.376889,596,0.300481,10.544,529,0.0618275,4.69876,5,5,-0.24094,1.47845,4.9188,7.72186,13.1947,0.169778,0.0977778,8.69271,0.296889,0.135111,0.00711111,0.241778,56,-0.384479,11,1.29092,,,,,,,,,,,,,,,,,,,,,,,,,,,
V2 m2.5,V2,2.5,26,cooldown,5,1452,1080,0.256198,15,1.98075,13009.5,1.20514,0.403704,12.0458,0.35433,-0.452137,-0.43734,-5251.97,26,18409.5,5400,0.293327,580,500,13.803,10.0075,11.9052,1.89777,0.430966,0.265431,0.348199,0.0827676,0.55672,23.3269,0.467313,23.3553,0.113284,0.594537,0.107688,0.587049,1.29698,-0.142776,-0.13671,0.600229,0.156481,1.29117,12032.6,0.269371,0.148663,1.04123,0.328704,573,0.431881,11.266,507,0.266683,12.9271,6,5,-0.184481,1.77647,5.24029,8.0894,13.1907,0.180556,0.106481,8.98315,0.251852,0.0907407,0.00555556,0.237963,,,,,-0.28715,-3.19268,3.01676,-0.0142894,-0.0914522,0.0765801,272,98,6,48,0.104334,2.34751,-2.36685,50,-0.118623,-2.56226,2.40135,14,-0.0818451,-0.0269329,98,0,0,-0.00817175,-0.0240932,0.0757142,0.7465
V2 m2.5,V2,2.5,26,cooldown,10,1452,1080,0.256198,15,0.737561,7609.48,1.11408,0.385185,7.04581,0.218509,-0.491884,-0.478169,-6001.97,26,18409.5,10800,0.586654,580,500,8.803,5.00747,6.90524,1.89777,0.294566,0.130283,0.212425,0.0821413,-4.44328,18.3269,-4.53269,18.3553,-0.0287201,0.466487,-0.0341073,0.456446,0.661481,-0.166848,-0.160957,0.600229,0.156481,1.17251,12032.6,0.538742,0.0883015,0.529233,0.328704,573,0.29916,6.26601,507,0.12736,7.92712,5,5,-0.317698,1.70648,5.05243,7.98637,13.0882,0.175926,0.102778,8.83661,0.251852,0.0907407,0.00555556,0.237963,,,,,-0.28715,-3.19268,3.01676,-0.0142894,-0.0914522,0.0765801,272,98,6,48,0.104334,2.34751,-2.36685,50,-0.118623,-2.56226,2.40135,14,-0.0818451,-0.0269329,98,0,0,-0.00817175,-0.0240932,0.0757142,0.7465
V2 m2.5,V2,2.5,26,réouverture,5,1452,1120,0.22865,15.5556,2.30778,14272.5,1.21725,0.400893,12.7433,0.31758,-0.482732,-0.461721,-5749.96,26,19872.5,5600,0.281797,604,516,10.9892,14.7965,12.8928,-1.90362,0.373183,0.252493,0.312838,0.0603451,0.707525,25.0738,0.755436,25.3266,0.0724347,0.565961,0.0676857,0.554947,1.22982,-0.144079,-0.137785,0.598767,0.15625,1.27094,11861.7,0.282683,0.142997,0.992488,0.335714,593,0.423293,15.5056,527,0.198627,9.63504,6,6,-0.184481,1.71473,5.12316,8.06472,13.2999,0.177679,0.103571,8.92135,0.251786,0.0928571,0.00535714,0.242857,49,-0.140447,9,2.23386,,,,,,,,,,,,,,,,,,,,,,,,,,,
V2 m2.5,V2,2.5,26,réouverture,10,1452,1120,0.22865,15.5556,0.890088,8672.47,1.12547,0.383036,7.74328,0.181995,-0.518585,-0.499039,-6464.96,26,19872.5,11200,0.563594,604,516,5.98923,9.79646,7.89284,-1.90362,0.237133,0.117455,0.177294,0.0598389,-4.29247,20.0738,-4.24456,20.3266,-0.0659539,0.43497,-0.0686127,0.425041,0.594917,-0.167335,-0.161269,0.598767,0.15625,1.15405,11861.7,0.565365,0.0809104,0.483524,0.335714,593,0.290842,10.5056,527,0.0595172,4.63504,5,5,-0.317698,1.65621,4.9782,7.9156,13.2044,0.173214,0.1,8.77576,0.251786,0.0928571,0.00535714,0.242857,49,-0.277693,9,2.06089,,,,,,,,,,,,,,,,,,,,,,,,,,,
V2 m3,V2,3,26,cooldown,5,1452,1080,0.256198,15,2.32262,14117.1,1.22042,0.415741,13.0714,0.377316,-0.453342,-0.438577,-5273.96,26,19517.1,5400,0.276681,580,500,14.029,11.9605,12.9948,1.03423,0.433846,0.31174,0.372793,0.061053,1.21264,24.7475,1.14719,24.6105,0.128658,0.627356,0.126126,0.621327,1.44067,-0.143706,-0.137646,0.600229,0.156481,1.30797,12646.3,0.2563,0.160339,1.11574,0.301852,573,0.475205,13.199,507,0.266683,12.9271,6,5,-0.251161,1.9184,5.26376,8.2114,13.1907,0.185185,0.108333,9.0234,0.218519,0.0638889,0.00277778,0.237963,,,,,0.738413,-1.9361,3.81417,0.00869672,-0.0607564,0.0934449,236,69,3,35,0.0908639,2.8038,-2.8038,34,-0.0821672,-2.61002,2.41057,9,-0.0570818,0.0163917,69,0,0,-0.00910787,-0.0188128,0.0756853,0.756
V2 m3,V2,3,26,cooldown,10,1452,1080,0.256198,15,0.936953,8717.09,1.12961,0.399074,8.07138,0.241495,-0.493002,-0.479317,-6023.96,26,19517.1,10800,0.553361,580,500,9.029,6.96053,7.99477,1.03423,0.297446,0.176593,0.237019,0.0604267,-3.78736,19.7475,-3.85281,19.6105,-0.00709521,0.498739,-0.0168099,0.496045,0.765453,-0.167752,-0.161867,0.600229,0.156481,1.18984,12646.3,0.512599,0.099367,0.592346,0.301852,573,0.342484,8.19901,507,0.12736,7.92712,5,5,-0.380872,1.78708,5.11727,8.00776,13.0882,0.180556,0.10463,8.8768,0.218519,0.0638889,0.00277778,0.237963,,,,,0.738413,-1.9361,3.81417,0.00869672,-0.0607564,0.0934449,236,69,3,35,0.0908639,2.8038,-2.8038,34,-0.0821672,-2.61002,2.41057,9,-0.0570818,0.0163917,69,0,0,-0.00910787,-0.0188128,0.0756853,0.756
V2 m3,V2,3,26,réouverture,5,1452,1115,0.232094,15.4861,2.73015,15491.7,1.23474,0.413453,13.8939,0.344359,-0.48387,-0.462904,-5771.95,26,21066.7,5575,0.264636,600,515,11.8288,16.2999,14.0643,-2.23557,0.391703,0.2892,0.340452,0.0512515,1.75072,26.4819,1.70252,26.7504,0.0923153,0.598703,0.0894899,0.593099,1.38583,-0.145007,-0.13872,0.598402,0.156054,1.29114,12526.8,0.266317,0.155952,1.07548,0.307623,593,0.465156,17.3734,522,0.20713,9.94116,6,6,-0.25035,1.85384,5.23639,8.08078,13.309,0.182063,0.10583,8.96125,0.220628,0.0672646,0.00269058,0.240359,44,-0.0780965,9,2.23386,,,,,,,,,,,,,,,,,,,,,,,,,,,
V2 m3,V2,3,26,réouverture,10,1452,1115,0.232094,15.4861,1.1369,9916.69,1.14305,0.397309,8.8939,0.208859,-0.519644,-0.500142,-6486.95,26,21066.7,11150,0.529271,600,515,6.82876,11.2999,9.06432,-2.23557,0.255859,0.154101,0.20498,0.0508792,-3.24928,21.4819,-3.29748,21.7504,-0.0456065,0.464791,-0.0488916,0.45798,0.70945,-0.168238,-0.162179,0.598402,0.156054,1.17442,12526.8,0.532633,0.0934763,0.555619,0.307623,593,0.332705,12.3734,522,0.0681673,4.94116,5,5,-0.376199,1.77207,5.04892,7.95132,13.2141,0.177578,0.102242,8.81573,0.220628,0.0672646,0.00269058,0.240359,44,-0.21339,9,2.06089,,,,,,,,,,,,,,,,,,,,,,,,,,,
V2 m4,V2,4,26,cooldown,5,1452,1080,0.256198,15,2.42169,14435.4,1.22076,0.42963,13.3661,0.394401,-0.458168,-0.443534,-5358.24,26,19835.4,5400,0.272241,580,500,13.7994,12.8635,13.3314,0.467919,0.449335,0.330678,0.390006,0.0593286,1.48395,25.4162,1.46201,25.5604,0.143173,0.653657,0.1404,0.648841,1.483,-0.149525,-0.143507,0.600229,0.156481,1.3065,12827.7,0.252674,0.163669,1.09459,0.269444,573,0.507408,13.7545,507,0.266683,12.9271,5,5,-0.339605,1.98184,5.47647,8.42766,13.1907,0.188889,0.111111,9.15139,0.159259,0.0314815,0.000925926,0.237963,,,,,1.03314,-1.0456,3.81324,0.0257819,-0.0287971,0.103182,172,34,1,18,0.0611968,3.67181,-3.67181,16,-0.0354149,-2.39051,2.29075,5,-0.0246921,0.0485942,34,0,0,-0.0149684,-0.0119097,0.0680192,0.756
V2 m4,V2,4,26,cooldown,10,1452,1080,0.256198,15,0.994731,9035.39,1.13187,0.413889,8.3661,0.25858,-0.49748,-0.483916,-6108.24,26,19835.4,10800,0.544481,580,500,8.79936,7.86352,8.33144,0.467919,0.312934,0.19553,0.254232,0.0587023,-3.51605,20.4162,-3.53799,20.5604,0.00343778,0.52244,0.000788696,0.5182,0.796088,-0.173409,-0.167565,0.600229,0.156481,1.19134,12827.7,0.505349,0.102524,0.591224,0.269444,573,0.374687,8.75452,507,0.12736,7.92712,5,5,-0.455589,1.89068,5.27633,8.23459,13.0882,0.184259,0.107407,8.99828,0.159259,0.0314815,0.000925926,0.237963,,,,,1.03314,-1.0456,3.81324,0.0257819,-0.0287971,0.103182,172,34,1,18,0.0611968,3.67181,-3.67181,16,-0.0354149,-2.39051,2.29075,5,-0.0246921,0.0485942,34,0,0,-0.0149684,-0.0119097,0.0680192,0.756
V2 m4,V2,4,26,réouverture,5,1452,1112,0.23416,15.4444,2.74672,15556.9,1.231,0.428058,13.99,0.358217,-0.488873,-0.46811,-5864.94,26,21116.9,5560,0.263296,598,514,11.6907,16.6651,14.1779,-2.48723,0.408347,0.299894,0.35412,0.0542262,1.69768,26.7871,1.71803,27.0757,0.0975213,0.617895,0.0993598,0.61653,1.40387,-0.15123,-0.144988,0.598498,0.155576,1.28708,12602.6,0.264044,0.157404,1.04083,0.272482,592,0.493089,17.8891,520,0.204669,9.55108,6,5,-0.339605,1.97076,5.33873,8.2866,13.3145,0.185252,0.108813,9.08873,0.160072,0.0323741,0.000899281,0.240108,42,-0.235328,10,1.77321,,,,,,,,,,,,,,,,,,,,,,,,,,,
V2 m4,V2,4,26,réouverture,10,1452,1112,0.23416,15.4444,1.14961,9996.91,1.14165,0.41277,8.99002,0.222695,-0.524302,-0.504989,-6579.94,26,21116.9,11120,0.526592,598,514,6.69067,11.6651,9.17791,-2.48723,0.272562,0.164678,0.21862,0.0539417,-3.30232,21.7871,-3.28197,22.0757,-0.0414882,0.488099,-0.0392685,0.48308,0.723837,-0.174294,-0.168278,0.598498,0.155576,1.17363,12602.6,0.528089,0.0950048,0.545084,0.272482,592,0.360521,12.8891,520,0.0657852,4.55108,5,5,-0.455589,1.85105,5.11843,8.11578,13.2199,0.180755,0.105216,8.93567,0.160072,0.0323741,0.000899281,0.240108,42,-0.373784,10,1.59313,,,,,,,,,,,,,,,,,,,,,,,,,,,
V3 m1,V3,1,26,cooldown,5,1452,1080,0.256198,15,0.708942,6680.42,1.17328,0.225926,6.18557,0.211597,-0.440759,-0.425655,-5216.15,12,12080.4,5400,0.447004,580,500,7.21536,4.99101,6.10319,1.11218,0.212331,0.210745,0.211538,0.000792913,-2.98216,15.7667,-3.10565,15.7064,0.0301392,0.407155,0.0296538,0.403527,0.628397,-0.155221,-0.147856,0.600229,0.156481,1.27934,8427.35,0.384609,0.0846594,0.545411,0.674074,573,0.230735,5.74523,507,0.189967,6.68323,4,4,-1.49098e-14,-5.30889e-15,3.845,6.04939,11.1253,0.117593,0.0712963,7.36464,0.727778,0.538889,0.0601852,0.135185,,,,,-6.14739,-13.2123,1.01335,-0.157022,-0.317979,0.00704382,786,582,65,309,0.568906,1.98841,-2.02008,273,-0.725928,-2.8718,2.81119,82,-0.515472,-0.228079,321,-0.0767155,261,-0.019318,-0.0577559,0.110373,0.732
V3 m1,V3,1,26,cooldown,10,1452,1080,0.256198,15,-0.00405002,1280.42,1.02985,0.194444,1.18557,0.0757764,-0.51007,-0.500229,-6405.95,12,12080.4,10800,0.894009,580,500,2.21536,-0.00898981,1.10319,1.11218,0.0759306,0.0755974,0.075764,0.000166619,-7.98216,10.7667,-8.10565,10.7064,-0.108046,0.277454,-0.107107,0.273311,0.177729,-0.212487,-0.207057,0.600229,0.156481,1.09184,8427.35,0.769218,0.0276398,0.130077,0.674074,573,0.0980139,0.745231,507,0.050644,1.68323,4,4,-0.130128,-0.0551102,3.67304,5.74194,10.869,0.116667,0.0685185,7.22109,0.727778,0.538889,0.0601852,0.135185,,,,,-6.14739,-13.2123,1.01335,-0.157022,-0.317979,0.00704382,786,582,65,309,0.568906,1.98841,-2.02008,273,-0.725928,-2.8718,2.81119,82,-0.515472,-0.228079,321,-0.0767155,261,-0.019318,-0.0577559,0.110373,0.732
V3 m1,V3,1,26,réouverture,5,1452,1255,0.135675,17.4306,0.342597,4689.99,1.09724,0.227092,3.73704,0.110082,-0.524113,-0.501923,-6331.95,12,10965,6275,0.572276,666,589,2.65411,4.96154,3.80783,-1.15372,0.0998747,0.121623,0.110749,-0.0108743,-5.11692,12.4396,-5.01173,12.5775,-0.0695884,0.301624,-0.067737,0.29847,0.357005,-0.21588,-0.209147,0.600407,0.16255,1.14716,7186.16,0.524279,0.0521966,0.241785,0.674104,655,0.127404,5.00063,600,0.0911715,2.35762,4,4,-1.58081e-14,-5.30804e-15,3.53,5.7308,11.2953,0.113147,0.0645418,7.06799,0.718725,0.532271,0.0605578,0.141833,197,-0.298046,22,1.43894,,,,,,,,,,,,,,,,,,,,,,,,,,,
V3 m1,V3,1,26,réouverture,10,1452,1255,0.135675,17.4306,-0.283223,-1585.01,0.970256,0.192829,-1.26296,-0.0286807,-0.608802,-0.592606,-7992.57,12,10965,12550,1.14455,666,589,-2.34589,-0.0384572,-1.19217,-1.15372,-0.0400881,-0.015782,-0.0279351,-0.012153,-10.1169,7.43963,-10.0117,7.57752,-0.211652,0.165863,-0.209067,0.163272,-0.068953,-0.282942,-0.277997,0.600407,0.16255,0.986726,7186.16,1.04856,-0.011837,-0.0418353,0.674104,655,-0.00596142,0.000629695,600,-0.0534826,-2.64238,2,3,-0.134942,-0.0558657,3.42116,5.6218,11.094,0.112351,0.0621514,6.9338,0.718725,0.532271,0.0605578,0.141833,197,-0.453909,22,1.29149,,,,,,,,,,,,,,,,,,,,,,,,,,,
V3 m1.5,V3,1.5,26,cooldown,5,1452,1080,0.256198,15,1.18923,9451.52,1.19388,0.299074,8.7514,0.303567,-0.459116,-0.444507,-5465.47,22,14851.5,5400,0.363599,580,500,10.6477,6.55165,8.5997,2.04804,0.310217,0.295852,0.303035,0.00718257,-1.06691,19.0266,-1.39445,19.0929,0.0967088,0.527227,0.0956034,0.527498,0.990085,-0.157575,-0.152598,0.600229,0.156481,1.31455,10506.4,0.308502,0.121533,0.771271,0.540741,573,0.380247,10.57,507,0.216904,6.69605,5,4,-1.62049e-14,0.559888,4.58,7.26607,12.2142,0.146296,0.087963,8.23021,0.619444,0.37037,0.0259259,0.17037,,,,,-3.58156,-10.3667,3.01927,-0.0650523,-0.207756,0.0754074,669,400,28,216,0.391278,1.95639,-1.97814,184,-0.456331,-2.67846,2.62634,51,-0.313209,-0.0785668,223,-0.0497784,177,-0.0240594,-0.0364544,0.114255,0.831
V3 m1.5,V3,1.5,26,cooldown,10,1452,1080,0.256198,15,0.275994,4051.52,1.0769,0.268519,3.7514,0.167746,-0.517684,-0.510337,-6514.32,22,14851.5,10800,0.727199,580,500,5.64774,1.55165,3.5997,2.04804,0.173817,0.160704,0.167261,0.00655627,-6.06691,14.0266,-6.39445,14.0929,-0.0384161,0.394748,-0.0402214,0.391854,0.439426,-0.208139,-0.203674,0.600229,0.156481,1.15803,10506.4,0.617003,0.062588,0.300702,0.540741,573,0.247526,5.57001,507,0.0775811,1.69605,4,4,-0.13815,0.458111,4.46478,7.12582,12.0272,0.144444,0.0851852,8.08303,0.619444,0.37037,0.0259259,0.17037,,,,,-3.58156,-10.3667,3.01927,-0.0650523,-0.207756,0.0754074,669,400,28,216,0.391278,1.95639,-1.97814,184,-0.456331,-2.67846,2.62634,51,-0.313209,-0.0785668,223,-0.0497784,177,-0.0240594,-0.0364544,0.114255,0.831
V3 m1.5,V3,1.5,26,réouverture,5,1452,1179,0.188017,16.375,0.791964,7809.44,1.14009,0.295165,6.62378,0.199296,-0.536615,-0.517259,-6588.62,22,13704.4,5895,0.430153,626,553,7.067,6.12205,6.59453,0.472472,0.235562,0.158243,0.196903,0.0386595,-4.03544,16.9692,-4.27147,16.9626,-0.0182958,0.425496,-0.0249069,0.422866,0.681786,-0.206592,-0.201147,0.599015,0.158609,1.21203,9154.75,0.385723,0.090507,0.438095,0.544529,616,0.274117,10.8244,563,0.117433,2.02769,4,4,-1.6762e-14,0.42534,4.44818,7.07057,12.2168,0.142494,0.0831213,8.0369,0.611535,0.368957,0.0245971,0.175573,116,-0.603987,17,1.3423,,,,,,,,,,,,,,,,,,,,,,,,,,,
V3 m1.5,V3,1.5,26,réouverture,10,1452,1179,0.188017,16.375,-0.00612187,1914.44,1.03187,0.262935,1.62378,0.0623537,-0.601733,-0.585305,-8103.62,22,13704.4,11790,0.860305,626,553,2.067,1.12205,1.59453,0.472472,0.0977801,0.0222507,0.0600154,0.0377647,-9.03544,11.9692,-9.27147,11.9626,-0.155726,0.293158,-0.159291,0.288078,0.181573,-0.268838,-0.263912,0.599015,0.158609,1.07183,9154.75,0.771445,0.0281981,0.104889,0.544529,616,0.141583,5.82443,563,-0.0243341,-2.97231,4,4,-0.148182,0.309109,4.3346,6.8979,12.0276,0.140797,0.0805768,7.89506,0.611535,0.368957,0.0245971,0.175573,116,-0.750567,17,1.21089,,,,,,,,,,,,,,,,,,,,,,,,,,,
V3 m2,V3,2,26,cooldown,5,1452,1080,0.256198,15,1.62609,11475.1,1.20806,0.352778,10.6251,0.350424,-0.404843,-0.388769,-4523.41,26,16875.1,5400,0.319998,580,500,16.1025,4.27134,10.1869,5.91558,0.428935,0.259353,0.344144,0.0847909,-0.312535,21.6559,-0.651907,21.0889,0.141661,0.570306,0.138367,0.562622,1.25502,-0.116521,-0.112239,0.600229,0.156481,1.32878,11800.5,0.274668,0.145139,1.2456,0.440741,573,0.452011,11.9455,507,0.235614,9.1328,6,6,-1.77778e-14,1.34199,4.90412,7.81161,12.8125,0.160185,0.0962963,8.63993,0.523148,0.248148,0.012037,0.192593,,,,,-1.70785,-7.46744,3.94792,-0.0181945,-0.131011,0.104683,565,268,13,147,0.269771,1.98199,-2.00617,121,-0.287965,-2.57027,2.50565,36,-0.206244,-0.00680316,143,-0.0310687,125,0.0162989,-0.0213617,0.115641,0.888
V3 m2,V3,2,26,cooldown,10,1452,1080,0.256198,15,0.530744,6075.12,1.10336,0.324074,5.62511,0.214604,-0.447998,-0.433098,-5209.28,26,16875.1,10800,0.639995,580,500,11.1025,-0.728662,5.18692,5.91558,0.292534,0.124205,0.20837,0.0841646,-5.31253,16.6559,-5.65191,16.0889,0.00471794,0.437396,-0.00248704,0.428034,0.631112,-0.133585,-0.127459,0.600229,0.156481,1.18849,11800.5,0.549337,0.0849606,0.636002,0.440741,573,0.319289,6.94554,507,0.0962909,4.1328,5,4,-0.160425,1.19787,4.84247,7.69629,12.6537,0.158333,0.0935185,8.49614,0.523148,0.248148,0.012037,0.192593,,,,,-1.70785,-7.46744,3.94792,-0.0181945,-0.131011,0.104683,565,268,13,147,0.269771,1.98199,-2.00617,121,-0.287965,-2.57027,2.50565,36,-0.206244,-0.00680316,143,-0.0310687,125,0.0162989,-0.0213617,0.115641,0.888
V3 m2,V3,2,26,réouverture,5,1452,1137,0.216942,15.7917,1.48019,11162.5,1.18917,0.350044,9.81748,0.29376,-0.447259,-0.417723,-5041.12,26,16847.5,5685,0.337439,610,527,11.0892,8.3455,9.71734,1.37184,0.351353,0.227097,0.289225,0.0621281,-1.23342,20.7628,-1.33195,20.6772,0.0778886,0.525107,0.0693629,0.521964,1.11189,-0.111548,-0.106521,0.598393,0.155673,1.28675,11320.2,0.300514,0.132692,1.18955,0.44679,597,0.421394,14.1136,540,0.152654,5.06788,6,6,-1.80977e-14,1.29231,4.81581,7.6378,12.9001,0.155673,0.0914688,8.4855,0.51715,0.248021,0.0114336,0.198769,72,-0.22184,15,1.8987,,,,,,,,,,,,,,,,,,,,,,,,,,,
V3 m2,V3,2,26,réouverture,10,1452,1137,0.216942,15.7917,0.405013,5477.47,1.08717,0.32102,4.81748,0.157557,-0.486584,-0.459425,-5700.33,26,16847.5,11370,0.674879,610,527,6.08918,3.3455,4.71734,1.37184,0.213854,0.0923926,0.153123,0.0607308,-6.23342,15.7628,-6.33195,15.6772,-0.0632701,0.389257,-0.0681701,0.383653,0.503188,-0.13063,-0.121748,0.598393,0.155673,1.15096,11320.2,0.601028,0.0702918,0.538098,0.44679,597,0.289542,9.1136,540,0.0116398,0.0678846,4,3,-0.163364,1.15712,4.62591,7.53698,12.7671,0.153914,0.0888303,8.34167,0.51715,0.248021,0.0114336,0.198769,72,-0.368514,15,1.73982,,,,,,,,,,,,,,,,,,,,,,,,,,,
V3 m2.5,V3,2.5,26,cooldown,5,1452,1080,0.256198,15,1.91911,12659,1.21316,0.37963,11.7213,0.356611,-0.419324,-0.403641,-4812,26,18059,5400,0.29902,580,500,14.5863,8.39792,11.4921,3.09417,0.423905,0.278549,0.351227,0.0726778,0.437675,22.6246,0.155922,22.5872,0.132615,0.586006,0.127332,0.57583,1.28752,-0.123431,-0.116632,0.600229,0.156481,1.31089,11966.2,0.270866,0.147874,1.19803,0.377778,573,0.431881,11.266,507,0.271542,12.2358,6,6,-2.51093e-14,1.61164,5.01464,8.06472,13.011,0.169444,0.101852,8.79263,0.446296,0.171296,0.00740741,0.206481,,,,,-0.611674,-5.64241,4.44044,-0.0120084,-0.117836,0.0972959,482,185,8,101,0.190675,2.0389,-2.05212,84,-0.202684,-2.60593,2.51015,26,-0.149391,-0.0269329,98,0.00485897,87,0.011906,-0.0240236,0.102803,0.8605
V3 m2.5,V3,2.5,26,cooldown,10,1452,1080,0.256198,15,0.701624,7258.99,1.11553,0.356481,6.72129,0.22079,-0.461436,-0.446899,-5432.18,26,18059,10800,0.59804,580,500,9.58626,3.39792,6.49209,3.09417,0.287504,0.143401,0.215453,0.0720515,-4.56232,17.6246,-4.84408,17.5872,-0.00314075,0.452535,-0.00942832,0.438988,0.654626,-0.142938,-0.136878,0.600229,0.156481,1.18186,11966.2,0.541732,0.0875518,0.612516,0.377778,573,0.29916,6.26601,507,0.132219,7.23583,5,5,-0.185888,1.4738,4.93584,7.9156,12.901,0.165741,0.0981481,8.64577,0.446296,0.171296,0.00740741,0.206481,,,,,-0.611674,-5.64241,4.44044,-0.0120084,-0.117836,0.0972959,482,185,8,101,0.190675,2.0389,-2.05212,84,-0.202684,-2.60593,2.51015,26,-0.149391,-0.0269329,98,0.00485897,87,0.011906,-0.0240236,0.102803,0.8605
V3 m2.5,V3,2.5,26,réouverture,5,1452,1126,0.224518,15.6389,2.12366,13555.2,1.21891,0.377442,12.0383,0.313156,-0.425939,-0.40262,-4860.72,26,19185.2,5630,0.293456,605,521,11.6095,12.5363,12.0729,-0.463367,0.365099,0.25284,0.308969,0.0561296,0.186557,23.5581,0.0284692,23.7008,0.0859108,0.543731,0.081048,0.542583,1.19021,-0.123478,-0.114853,0.598784,0.155417,1.28247,11674.9,0.288753,0.139587,1.13046,0.383659,593,0.423293,15.5056,533,0.190622,8.18077,6,6,-2.54592e-14,1.54888,4.94946,7.82856,13.1077,0.166075,0.0976909,8.68349,0.441385,0.171403,0.0071048,0.212256,57,-0.0643513,11,2.62338,,,,,,,,,,,,,,,,,,,,,,,,,,,
V3 m2.5,V3,2.5,26,réouverture,10,1452,1126,0.224518,15.6389,0.779491,7925.16,1.12095,0.354352,7.03833,0.177653,-0.465967,-0.444285,-5434.25,26,19185.2,11260,0.586912,605,521,6.60953,7.53626,7.07289,-0.463367,0.228954,0.118081,0.173518,0.0554362,-4.81344,18.5581,-4.97153,18.7008,-0.0560561,0.411611,-0.0582529,0.410819,0.563735,-0.142312,-0.133444,0.598784,0.155417,1.15619,11674.9,0.577506,0.0773592,0.543589,0.383659,593,0.290842,10.5056,533,0.0517227,3.18077,5,5,-0.191456,1.41874,4.8714,7.71428,13.0012,0.162522,0.0941385,8.5408,0.441385,0.171403,0.0071048,0.212256,57,-0.200076,11,2.45559,,,,,,,,,,,,,,,,,,,,,,,,,,,
V3 m3,V3,3,26,cooldown,5,1452,1080,0.256198,15,2.05958,13172.5,1.21433,0.399074,12.1968,0.37719,-0.446776,-0.431834,-5162.35,26,18572.5,5400,0.290752,580,500,14.7281,9.26048,11.9943,2.73382,0.44007,0.30425,0.37216,0.0679102,0.581607,23.582,0.240361,23.4881,0.139595,0.615997,0.135696,0.613139,1.4119,-0.13424,-0.128114,0.600229,0.156481,1.31793,12515.5,0.258977,0.158048,1.17735,0.332407,573,0.475205,13.199,507,0.266416,11.0641,6,5,-4.93066e-14,1.71473,5.23239,8.0894,13.1907,0.175926,0.10463,8.95908,0.383333,0.117593,0.0037037,0.214815,,,,,-0.136158,-4.42448,4.17096,0.0085714,-0.0695594,0.104767,414,127,4,70,0.148676,2.29386,-2.31548,57,-0.140105,-2.65462,2.53565,19,-0.103709,0.0163917,69,-0.00026695,58,0.000424502,-0.0160436,0.0906639,0.85
V3 m3,V3,3,26,cooldown,10,1452,1080,0.256198,15,0.783544,7772.55,1.11999,0.37963,7.1968,0.24137,-0.486909,-0.47306,-5912.35,26,18572.5,10800,0.581503,580,500,9.72812,4.26048,6.9943,2.73382,0.30367,0.169102,0.236386,0.0672839,-4.41839,18.582,-4.75964,18.4881,0.00133771,0.488603,-0.00276182,0.481326,0.744635,-0.158549,-0.1526,0.600229,0.156481,1.19355,12515.5,0.517954,0.0971957,0.613032,0.332407,573,0.342484,8.19901,507,0.127093,6.06413,5,5,-0.24072,1.63225,5.00827,7.98637,13.0882,0.172222,0.100926,8.81262,0.383333,0.117593,0.0037037,0.214815,,,,,-0.136158,-4.42448,4.17096,0.0085714,-0.0695594,0.104767,414,127,4,70,0.148676,2.29386,-2.31548,57,-0.140105,-2.65462,2.53565,19,-0.103709,0.0163917,69,-0.00026695,58,0.000424502,-0.0160436,0.0906639,0.85
V3 m3,V3,3,26,réouverture,5,1452,1117,0.230716,15.5139,2.18248,13780.9,1.21594,0.395703,12.3374,0.331024,-0.461746,-0.439882,-5355.45,26,19365.9,5585,0.288394,600,517,11.9092,12.8343,12.3718,-0.462547,0.386599,0.266528,0.326563,0.0600357,0.207199,24.6307,-0.0610016,24.7832,0.0927436,0.577702,0.0902496,0.571431,1.2764,-0.128835,-0.122429,0.598365,0.155774,1.28659,12050.1,0.277332,0.146942,1.14054,0.339302,593,0.465156,17.3734,524,0.17923,6.63827,6,6,-5.34817e-14,1.68584,5.00227,8.06709,13.3054,0.171889,0.101164,8.88217,0.378693,0.119069,0.00358102,0.220233,47,-0.18626,10,2.88572,,,,,,,,,,,,,,,,,,,,,,,,,,,
V3 m3,V3,3,26,réouverture,10,1452,1117,0.230716,15.5139,0.821195,8195.86,1.12185,0.376902,7.33739,0.19556,-0.499043,-0.478704,-6070.45,26,19365.9,11170,0.576788,600,517,6.90921,7.83431,7.37176,-0.462547,0.250643,0.131634,0.191139,0.0595042,-4.7928,19.6307,-5.061,19.7832,-0.0443129,0.446463,-0.0480665,0.440177,0.630076,-0.152502,-0.146327,0.598365,0.155774,1.16532,12050.1,0.554664,0.0848457,0.556359,0.339302,593,0.332705,12.3734,524,0.0403557,1.63827,5,5,-0.24094,1.57371,4.92035,7.91891,13.2102,0.168308,0.0975828,8.73655,0.378693,0.119069,0.00358102,0.220233,47,-0.319824,10,2.7207,,,,,,,,,,,,,,,,,,,,,,,,,,,
V3 m4,V3,4,26,cooldown,5,1452,1080,0.256198,15,2.216,13711.1,1.21495,0.425,12.6955,0.398475,-0.454065,-0.43932,-5283.07,26,19111.1,5400,0.282558,580,500,14.3328,10.7962,12.5645,1.76827,0.456135,0.331591,0.393863,0.0622721,0.745619,24.5717,0.542184,24.4016,0.150768,0.648747,0.150148,0.644944,1.49422,-0.14545,-0.139403,0.600229,0.156481,1.31663,12864.2,0.251957,0.164544,1.13128,0.283333,573,0.507408,13.7545,507,0.275363,11.4985,5,5,-0.193664,1.9184,5.26376,8.30297,13.1907,0.183333,0.107407,9.09128,0.283333,0.0592593,0.000925926,0.224074,,,,,0.362501,-3.25761,3.91732,0.0298566,-0.0351561,0.117888,306,64,1,39,0.0987719,2.73522,-2.73522,25,-0.0689153,-2.97714,2.9133,11,-0.0563422,0.0485942,34,0.00867974,30,-0.0108642,-0.014614,0.0762703,0.81
V3 m4,V3,4,26,cooldown,10,1452,1080,0.256198,15,0.874774,8311.1,1.12413,0.406481,7.69546,0.262655,-0.493673,-0.480006,-6033.07,26,19111.1,10800,0.565117,580,500,9.33275,5.79621,7.56448,1.76827,0.319735,0.196443,0.258089,0.0616459,-4.25438,19.5717,-4.45782,19.4016,0.0142225,0.513829,0.00769114,0.51299,0.804206,-0.169447,-0.163575,0.600229,0.156481,1.19755,12864.2,0.503915,0.103353,0.609941,0.283333,573,0.374687,8.75452,507,0.136039,6.49855,5,5,-0.355646,1.78708,5.11727,8.183,13.0882,0.17963,0.103704,8.93703,0.283333,0.0592593,0.000925926,0.224074,,,,,0.362501,-3.25761,3.91732,0.0298566,-0.0351561,0.117888,306,64,1,39,0.0987719,2.73522,-2.73522,25,-0.0689153,-2.97714,2.9133,11,-0.0563422,0.0485942,34,0.00867974,30,-0.0108642,-0.014614,0.0762703,0.81
V3 m4,V3,4,26,réouverture,5,1452,1112,0.23416,15.4444,2.44475,14610.9,1.22209,0.422662,13.1393,0.356612,-0.485001,-0.464082,-5789.78,26,20170.9,5560,0.275645,599,513,12.1105,14.3405,13.2255,-1.11502,0.411768,0.292209,0.351989,0.0597793,0.251842,25.9636,0.249088,26.2762,0.101735,0.617956,0.0958486,0.613316,1.37782,-0.147163,-0.140891,0.598619,0.155576,1.29106,12485.1,0.266582,0.155305,1.05532,0.286871,591,0.485973,17.6223,521,0.20987,8.05384,5,5,-0.203231,1.84728,5.23879,8.23955,13.3145,0.178957,0.105216,9.02671,0.279676,0.0593525,0.000899281,0.227518,43,-0.264424,11,2.03918,,,,,,,,,,,,,,,,,,,,,,,,,,,
V3 m4,V3,4,26,réouverture,10,1452,1112,0.23416,15.4444,0.976288,9050.85,1.13106,0.404676,8.13925,0.221066,-0.520698,-0.501238,-6504.78,26,20170.9,11120,0.551291,599,513,7.11047,9.34051,8.22549,-1.11502,0.275941,0.15699,0.216466,0.0594753,-4.74816,20.9636,-4.75091,21.2762,-0.0338826,0.483008,-0.0402989,0.478188,0.705039,-0.170336,-0.164292,0.598619,0.155576,1.17431,12485.1,0.533165,0.0930055,0.546013,0.286871,591,0.353406,12.6223,521,0.0709437,3.05384,5,5,-0.371191,1.77176,5.04223,8.02755,13.2199,0.17536,0.101619,8.87378,0.279676,0.0593525,0.000899281,0.227518,43,-0.4034,11,1.86331,,,,,,,,,,,,,,,,,,,,,,,,,,,
RE-1,—,,28,cooldown,5,1452,1051,0.276171,14.5972,1.88771,12890.8,1.18893,0.444339,12.2652,0.370522,-0.413887,-0.406152,-4675.43,28,18145.8,5255,0.289599,563,488,11.3627,13.3065,12.3346,-0.971896,0.424296,0.308484,0.36639,0.0579059,-0.309784,24.7202,-0.363512,24.8779,0.0783618,0.657224,0.0790368,0.653252,1.29049,-0.161561,-0.152391,0.600574,0.15509,1.26707,11984.5,0.263341,0.148122,0.91682,0.254995,556,0.56858,16.306,495,0.148057,7.72654,6,6,-0.467386,2.05878,5.80515,8.28803,14.2049,0.198858,0.118934,9.63238,0,0,0,0.254995,,,,,,,,,,,,,,,,,,,,,,,,,,,,,,,
RE-1,—,,28,cooldown,10,1452,1051,0.276171,14.5972,0.707877,7635.75,1.10726,0.431018,7.26523,0.234769,-0.462626,-0.456077,-5430.91,28,18145.8,10510,0.579199,563,488,6.36268,8.30648,7.33458,-0.971896,0.287521,0.173908,0.230715,0.0568065,-5.30978,19.7202,-5.36351,19.8779,-0.0582494,0.52374,-0.0611969,0.522218,0.67095,-0.18438,-0.175177,0.600574,0.15509,1.16281,11984.5,0.526683,0.0893328,0.484504,0.254995,556,0.436127,11.306,495,0.00859685,2.72654,5,5,-0.598044,1.92694,5.56124,8.10481,13.996,0.188392,0.117983,9.46718,0,0,0,0.254995,,,,,,,,,,,,,,,,,,,,,,,,,,,,,,,
RE-1,—,,28,réouverture,5,1452,1087,0.251377,15.0972,1.81274,12802.5,1.18011,0.440662,11.7778,0.321632,-0.460566,-0.440658,-5330.41,28,18237.5,5435,0.298013,584,503,9.77602,14.1019,11.939,-2.16294,0.393139,0.23861,0.315875,0.0772646,-1.3082,24.6732,-1.40626,25.06,0.032218,0.616881,0.0247867,0.614072,1.14391,-0.151397,-0.143128,0.600585,0.157314,1.23704,11447.4,0.285146,0.135537,0.895241,0.25391,578,0.502162,16.0292,509,0.11663,6.95004,5,5,-0.52378,1.94046,5.76732,8.27027,14.1266,0.196872,0.116835,9.59956,0,0,0,0.25391,47,-0.733541,11,0.48438,,,,,,,,,,,,,,,,,,,,,,,,,,,
RE-1,—,,28,réouverture,10,1452,1087,0.251377,15.0972,0.633814,7367.45,1.09934,0.426863,6.77778,0.185476,-0.498048,-0.478907,-6035.41,28,18237.5,10870,0.596026,584,503,4.77602,9.1019,6.93896,-2.16294,0.256408,0.103121,0.179765,0.0766432,-6.3082,19.6732,-6.40626,20.06,-0.104498,0.481828,-0.115194,0.477771,0.547143,-0.172663,-0.165772,0.600585,0.157314,1.13518,11447.4,0.570292,0.0754455,0.436952,0.25391,578,0.369276,11.0292,509,-0.0232399,1.95004,5,5,-0.642681,1.80932,5.54646,8.07414,13.9233,0.186753,0.115915,9.43534,0,0,0,0.25391,47,-0.881217,11,0.337509,,,,,,,,,,,,,,,,,,,,,,,,,,,
V1 m1,V1,1,28,cooldown,5,1452,1051,0.276171,14.5972,1.57373,11322.7,1.20794,0.363463,10.7733,0.370017,-0.461354,-0.443338,-5234.75,28,16577.7,5255,0.316992,563,488,12.1642,9.16861,10.6664,1.49779,0.418799,0.313738,0.366269,0.0525308,-0.612194,22.8301,-0.800629,22.7351,0.109276,0.639847,0.108436,0.637339,1.27713,-0.154865,-0.14587,0.600574,0.15509,1.33006,11849.9,0.266332,0.147003,0.949236,0.384396,556,0.56858,16.306,495,0.146985,4.55881,5,4,-1.75366e-14,1.36552,5.09851,8.01605,12.9932,0.171265,0.100856,9.03921,0.319696,0.24548,0.0247383,0.138915,,,,,-1.49194,-6.97275,3.41715,-0.000505111,-0.104493,0.0927297,336,258,26,157,0.275179,1.84212,-1.88071,101,-0.275685,-2.86876,2.84176,29,-0.193578,0,0,-0.00107247,258,0.00652083,-0.0429586,0.0734986,0.714
V1 m1,V1,1,28,cooldown,10,1452,1051,0.276171,14.5972,0.52212,6067.72,1.10481,0.341579,5.77329,0.234264,-0.533949,-0.520254,-6519.76,28,16577.7,10510,0.633983,563,488,7.1642,4.16861,5.6664,1.49779,0.282025,0.179162,0.230593,0.0514314,-5.61219,17.8301,-5.80063,17.7351,-0.0245637,0.50752,-0.0286352,0.506058,0.661206,-0.217202,-0.21108,0.600574,0.15509,1.19499,11849.9,0.532664,0.0882715,0.406403,0.384396,556,0.436127,11.306,495,0.00752438,-0.44119,4,4,-0.134308,1.26114,4.99656,7.86196,12.7895,0.161751,0.0999049,8.88049,0.319696,0.24548,0.0247383,0.138915,,,,,-1.49194,-6.97275,3.41715,-0.000505111,-0.104493,0.0927297,336,258,26,157,0.275179,1.84212,-1.88071,101,-0.275685,-2.86876,2.84176,29,-0.193578,0,0,-0.00107247,258,0.00652083,-0.0429586,0.0734986,0.714
V1 m1,V1,1,28,réouverture,5,1452,1142,0.213499,15.8611,1.19197,9960.82,1.16491,0.359895,8.72226,0.305883,-0.521724,-0.50289,-6301.43,28,15670.8,5710,0.364372,605,537,8.46219,9.01525,8.73872,-0.276531,0.365186,0.23907,0.302128,0.0630578,-3.04658,20.3559,-2.95733,20.4793,0.0474919,0.579185,0.0435306,0.573936,1.14367,-0.183379,-0.175932,0.602211,0.158494,1.28011,11559.9,0.297462,0.135515,0.73899,0.389667,594,0.474829,13.5247,548,0.122755,3.51672,5,5,-1.82682e-14,1.34655,4.91687,7.81102,12.7114,0.168126,0.0980736,8.89369,0.323993,0.247811,0.0271454,0.141856,110,-0.0860597,19,1.5844,,,,,,,,,,,,,,,,,,,,,,,,,,,
V1 m1,V1,1,28,réouverture,10,1452,1142,0.213499,15.8611,0.238554,4250.82,1.06625,0.337128,3.72226,0.167859,-0.571829,-0.558299,-7382.62,28,15670.8,11420,0.728743,605,537,3.46219,4.01525,3.73872,-0.276531,0.226265,0.102058,0.164162,0.0621033,-8.04658,15.3559,-7.95733,15.4793,-0.0947426,0.437861,-0.101152,0.438413,0.520239,-0.233653,-0.22766,0.602211,0.158494,1.14979,11559.9,0.594923,0.0723057,0.309457,0.389667,594,0.341582,8.52467,548,-0.0204461,-1.48328,4,4,-0.146413,1.22185,4.77931,7.61912,12.6192,0.15937,0.0963222,8.73694,0.323993,0.247811,0.0271454,0.141856,110,-0.243988,19,1.45668,,,,,,,,,,,,,,,,,,,,,,,,,,,
V1 m1.5,V1,1.5,28,cooldown,5,1452,1051,0.276171,14.5972,1.46584,10989.6,1.18451,0.392959,10.4563,0.375386,-0.434414,-0.417794,-4816.3,28,16244.6,5255,0.323493,563,488,11.484,9.27067,10.3773,1.10666,0.419562,0.32442,0.371991,0.0475709,-0.441168,22.1895,-0.883622,22.1692,0.114894,0.643259,0.11583,0.639176,1.28797,-0.150542,-0.141501,0.600574,0.15509,1.30523,11918.6,0.264798,0.147912,0.982529,0.344434,556,0.56858,16.306,495,0.158384,3.88577,5,4,-2.15367e-14,1.62036,5.47267,8.12054,12.9932,0.183635,0.10942,9.17411,0.262607,0.164605,0.00951475,0.179829,,,,,-1.80893,-6.97262,2.8669,0.00486372,-0.0813436,0.080076,276,173,10,107,0.180195,1.76995,-1.80899,66,-0.175331,-2.79202,2.78039,16,-0.120797,0,0,0.0103268,173,0.0108899,-0.0238219,0.0688229,0.8405
V1 m1.5,V1,1.5,28,cooldown,10,1452,1051,0.276171,14.5972,0.458274,5734.57,1.09126,0.372027,5.4563,0.239632,-0.523244,-0.509234,-6252.43,28,16244.6,10510,0.646985,563,488,6.48399,4.27067,5.37733,1.10666,0.282788,0.189845,0.236316,0.0464714,-5.44117,17.1895,-5.88362,17.1692,-0.0231047,0.50973,-0.0247592,0.504869,0.669124,-0.213197,-0.207044,0.600574,0.15509,1.18278,11918.6,0.529596,0.0891343,0.418084,0.344434,556,0.436127,11.306,495,0.0189237,-1.11423,4,4,-0.166228,1.49335,5.36512,7.95204,12.7895,0.173168,0.108468,9.01117,0.262607,0.164605,0.00951475,0.179829,,,,,-1.80893,-6.97262,2.8669,0.00486372,-0.0813436,0.080076,276,173,10,107,0.180195,1.76995,-1.80899,66,-0.175331,-2.79202,2.78039,16,-0.120797,0,0,0.0103268,173,0.0108899,-0.0238219,0.0688229,0.8405
V1 m1.5,V1,1.5,28,réouverture,5,1452,1111,0.234848,15.4306,0.98809,9043.08,1.1408,0.387039,8.13959,0.308456,-0.494418,-0.466626,-5821.47,28,14598.1,5555,0.380529,592,519,7.35642,9.03292,8.19467,-0.838251,0.355928,0.254307,0.305118,0.05081,-3.46136,20.0575,-3.64237,19.8874,0.0483994,0.578196,0.0456443,0.579069,1.07706,-0.161798,-0.155243,0.600695,0.157516,1.25504,11150.6,0.299253,0.129557,0.800734,0.348335,581,0.489365,14.1061,530,0.110138,1.59895,5,4,-2.4708e-14,1.5202,5.36478,8.08685,12.7958,0.180018,0.105311,9.03529,0.263726,0.166517,0.0090009,0.181818,78,-0.453143,18,0.916161,,,,,,,,,,,,,,,,,,,,,,,,,,,
V1 m1.5,V1,1.5,28,réouverture,10,1452,1111,0.234848,15.4306,0.140848,3488.08,1.05151,0.365437,3.13959,0.1715,-0.558878,-0.535068,-6899.58,28,14598.1,11110,0.761059,592,519,2.35642,4.03292,3.19467,-0.838251,0.216988,0.119614,0.168301,0.0486872,-8.46136,15.0575,-8.64237,14.8874,-0.0871726,0.446479,-0.0934984,0.445683,0.488056,-0.230315,-0.224296,0.600695,0.157516,1.13674,11150.6,0.598506,0.0684885,0.297369,0.348335,581,0.356967,9.10609,530,-0.0318136,-3.40105,4,4,-0.174465,1.42439,5.29441,7.91324,12.7109,0.170117,0.10441,8.87497,0.263726,0.166517,0.0090009,0.181818,78,-0.60421,18,0.788272,,,,,,,,,,,,,,,,,,,,,,,,,,,
V1 m2,V1,2,28,cooldown,5,1452,1051,0.276171,14.5972,1.64469,11801.9,1.18975,0.408183,11.2292,0.373557,-0.39794,-0.379446,-4418.4,28,17056.9,5255,0.308086,563,488,13.4266,8.69416,11.0604,2.36621,0.43709,0.300259,0.368674,0.0684157,-0.303729,23.3002,-0.546539,23.2713,0.103303,0.646477,0.0965411,0.639804,1.29578,-0.141109,-0.131715,0.600574,0.15509,1.29323,11973.3,0.263588,0.148564,1.05283,0.321598,556,0.56858,16.306,495,0.1545,5.52687,6,6,-2.98236e-14,1.71206,5.5352,8.14423,13.648,0.186489,0.112274,9.37979,0.224548,0.117983,0.00570885,0.203616,,,,,-1.036,-5.15453,2.30673,0.00303419,-0.0620736,0.0570293,236,124,6,76,0.12197,1.68672,-1.73382,48,-0.118936,-2.6042,2.6042,13,-0.084347,0,0,0.00644229,124,0.020676,-0.0287034,0.0513769,0.7815
V1 m2,V1,2,28,cooldown,10,1452,1051,0.276171,14.5972,0.564094,6546.91,1.10013,0.388202,6.22922,0.237803,-0.459431,-0.449576,-5107.84,28,17056.9,10510,0.616172,563,488,8.42658,3.69416,6.06037,2.36621,0.300315,0.165683,0.232999,0.0673163,-5.30373,18.3002,-5.54654,18.2713,-0.0375072,0.513975,-0.0450835,0.507729,0.674801,-0.164478,-0.155051,0.600574,0.15509,1.17696,11973.3,0.527176,0.0897508,0.54567,0.321598,556,0.436127,11.306,495,0.0150391,0.526872,4,4,-0.193378,1.57589,5.4298,8.05149,13.4782,0.176023,0.111323,9.21743,0.224548,0.117983,0.00570885,0.203616,,,,,-1.036,-5.15453,2.30673,0.00303419,-0.0620736,0.0570293,236,124,6,76,0.12197,1.68672,-1.73382,48,-0.118936,-2.6042,2.6042,13,-0.084347,0,0,0.00644229,124,0.020676,-0.0287034,0.0513769,0.7815
V1 m2,V1,2,28,réouverture,5,1452,1098,0.243802,15.25,1.22612,10269,1.15546,0.404372,9.3525,0.312963,-0.457696,-0.426416,-5209.35,28,15759,5490,0.348371,588,510,9.48393,9.20097,9.34245,0.14148,0.377966,0.238019,0.307993,0.0699735,-3.24002,21.4743,-3.2708,21.5454,0.0392588,0.591274,0.0339676,0.583286,1.09387,-0.145996,-0.137674,0.600124,0.157559,1.24972,11206.4,0.293999,0.131075,0.897802,0.321494,579,0.484719,14.0995,519,0.121352,4.05673,5,5,-3.86265e-14,1.67142,5.48304,8.12196,13.2268,0.182149,0.108379,9.30152,0.224044,0.118397,0.00546448,0.203097,64,-0.48756,17,1.04531,,,,,,,,,,,,,,,,,,,,,,,,,,,
V1 m2,V1,2,28,réouverture,10,1452,1098,0.243802,15.25,0.285839,4779.04,1.06885,0.382514,4.3525,0.176096,-0.505476,-0.477663,-5930.63,28,15759,10980,0.696743,588,510,4.48393,4.20097,4.34245,0.14148,0.239547,0.102941,0.171244,0.0683031,-8.24002,16.4743,-8.2708,16.5454,-0.103107,0.455783,-0.10782,0.450837,0.506419,-0.172493,-0.169589,0.600124,0.157559,1.13697,11206.4,0.587999,0.0706749,0.409726,0.321494,579,0.352219,9.09948,519,-0.020388,-0.943268,4,4,-0.222049,1.5283,5.3672,7.97483,13.0864,0.172131,0.107468,9.14056,0.224044,0.118397,0.00546448,0.203097,64,-0.644522,17,0.901663,,,,,,,,,,,,,,,,,,,,,,,,,,,
V1 m2.5,V1,2.5,28,cooldown,5,1452,1051,0.276171,14.5972,1.91581,12843.8,1.20097,0.422455,12.2206,0.375284,-0.398056,-0.379565,-4418.01,28,18098.8,5255,0.290351,563,488,12.8866,11.4522,12.1694,0.717184,0.435141,0.306227,0.370684,0.0644573,0.411204,24.55,0.165991,24.5237,0.10162,0.650234,0.0962276,0.644807,1.29492,-0.144073,-0.134753,0.600574,0.15509,1.28573,11974.9,0.263552,0.148492,1.03067,0.301618,556,0.56858,16.306,495,0.158167,7.63172,6,6,-0.0263398,1.81788,5.56353,8.14423,13.648,0.190295,0.114177,9.38952,0.195052,0.0827783,0.00190295,0.218839,,,,,-0.0446591,-3.4677,2.60472,0.00476135,-0.0581558,0.0541474,205,87,2,56,0.0911043,1.70983,-1.7171,31,-0.086343,-2.92731,2.92731,9,-0.0659243,0,0,0.0101094,87,0.017638,-0.0296866,0.0425999,0.745
V1 m2.5,V1,2.5,28,cooldown,10,1452,1051,0.276171,14.5972,0.724512,7588.81,1.11325,0.403425,7.22057,0.23953,-0.442263,-0.430874,-4920.97,28,18098.8,10510,0.580701,563,488,7.88657,6.4522,7.16939,0.717184,0.298367,0.171651,0.235009,0.0633579,-4.5888,19.55,-4.83401,19.5237,-0.0353698,0.519768,-0.0430117,0.511863,0.674165,-0.167363,-0.157968,0.600574,0.15509,1.17291,11974.9,0.527103,0.0896818,0.535853,0.301618,556,0.436127,11.306,495,0.0187063,2.63172,4,4,-0.24237,1.7021,5.4301,8.05149,13.4782,0.179829,0.113225,9.2256,0.195052,0.0827783,0.00190295,0.218839,,,,,-0.0446591,-3.4677,2.60472,0.00476135,-0.0581558,0.0541474,205,87,2,56,0.0911043,1.70983,-1.7171,31,-0.086343,-2.92731,2.92731,9,-0.0659243,0,0,0.0101094,87,0.017638,-0.0296866,0.0425999,0.745
V1 m2.5,V1,2.5,28,réouverture,5,1452,1092,0.247934,15.1667,1.71937,12317.8,1.18372,0.42033,11.28,0.323101,-0.415703,-0.383113,-4649.07,28,17777.8,5460,0.307125,585,507,10.679,11.9735,11.3263,-0.647225,0.394443,0.240784,0.317613,0.0768295,-1.422,23.7206,-1.63197,23.8248,0.0481821,0.601332,0.037361,0.597128,1.12867,-0.146593,-0.138277,0.600328,0.156593,1.24957,11359.8,0.288542,0.134187,0.915369,0.299451,578,0.502162,16.0292,514,0.121745,5.9395,6,5,-0.077223,1.75856,5.52494,8.12281,13.2806,0.187729,0.110806,9.31115,0.192308,0.0815018,0.0018315,0.217949,54,-0.495271,13,1.14246,,,,,,,,,,,,,,,,,,,,,,,,,,,
V1 m2.5,V1,2.5,28,réouverture,10,1452,1092,0.247934,15.1667,0.575624,6857.78,1.09756,0.399267,6.28002,0.187069,-0.459977,-0.435275,-5168.86,28,17777.8,10920,0.61425,585,507,5.67903,6.97348,6.32625,-0.647225,0.257615,0.105671,0.181643,0.075972,-6.422,18.7206,-6.63197,18.8248,-0.0899533,0.467853,-0.101332,0.467106,0.53404,-0.166755,-0.158635,0.600328,0.156593,1.13983,11359.8,0.577085,0.0739221,0.443298,0.299451,578,0.369276,11.0292,514,-0.0178238,0.939503,5,4,-0.28825,1.62532,5.42269,8.00078,13.1364,0.177656,0.10989,9.14862,0.192308,0.0815018,0.0018315,0.217949,54,-0.639236,13,0.995962,,,,,,,,,,,,,,,,,,,,,,,,,,,
V1 m3,V1,3,28,cooldown,5,1452,1051,0.276171,14.5972,1.66276,11959.5,1.18229,0.427212,11.3792,0.365274,-0.410902,-0.395102,-4631.44,28,17214.5,5255,0.305266,563,488,12.5819,9.99153,11.2867,1.2952,0.44349,0.275038,0.359264,0.0842259,-0.609049,23.711,-0.840133,23.6712,0.0909312,0.642632,0.0849474,0.640728,1.23681,-0.148144,-0.138828,0.600574,0.15509,1.26997,11731.9,0.269012,0.143593,0.969275,0.285442,556,0.56858,16.306,495,0.136915,5.84521,6,5,-0.199528,1.83983,5.63768,8.20818,14.2049,0.192198,0.115128,9.51231,0.160799,0.0542341,0.000951475,0.231208,,,,,-0.886072,-4.12701,1.39986,-0.00524803,-0.0449538,0.0299577,169,57,1,34,0.0560467,1.7325,-1.77701,23,-0.0612947,-2.8009,2.8009,7,-0.044754,0,0,-0.0111428,57,0.0135632,-0.0198256,0.0257913,0.7
V1 m3,V1,3,28,cooldown,10,1452,1051,0.276171,14.5972,0.574775,6704.49,1.09763,0.411037,6.37915,0.229521,-0.454656,-0.446407,-5257.32,28,17214.5,10510,0.610532,563,488,7.58193,4.99153,6.28673,1.2952,0.306715,0.140462,0.223589,0.0831265,-5.60905,18.711,-5.84013,18.6712,-0.0499919,0.510325,-0.0559445,0.50306,0.631767,-0.171324,-0.161974,0.600574,0.15509,1.16119,11731.9,0.538025,0.0850332,0.496329,0.285442,556,0.436127,11.306,495,-0.00254594,0.845208,5,5,-0.372149,1.7212,5.50021,8.05655,13.996,0.181732,0.114177,9.34788,0.160799,0.0542341,0.000951475,0.231208,,,,,-0.886072,-4.12701,1.39986,-0.00524803,-0.0449538,0.0299577,169,57,1,34,0.0560467,1.7325,-1.77701,23,-0.0612947,-2.8009,2.8009,7,-0.044754,0,0,-0.0111428,57,0.0135632,-0.0198256,0.0257913,0.7
V1 m3,V1,3,28,réouverture,5,1452,1089,0.25,15.125,1.41392,11148.3,1.16208,0.422406,10.2372,0.307178,-0.434795,-0.413936,-4870.48,28,16593.3,5445,0.328145,584,505,10.269,10.2003,10.2347,0.0343429,0.398897,0.201112,0.300004,0.0988923,-2.88449,22.7365,-3.02232,22.8061,0.0309737,0.589915,0.0158482,0.586494,1.03483,-0.149503,-0.141215,0.600543,0.157025,1.22934,10914.2,0.299606,0.125696,0.84076,0.285583,578,0.502162,16.0292,511,0.0866297,3.68572,5,5,-0.271827,1.76231,5.54086,8.1482,14.1223,0.189164,0.112029,9.46555,0.157025,0.0541781,0.000918274,0.231405,50,-0.69068,12,1.23767,,,,,,,,,,,,,,,,,,,,,,,,,,,
V1 m3,V1,3,28,réouverture,10,1452,1089,0.25,15.125,0.400658,5703.28,1.07923,0.405877,5.23717,0.17106,-0.480474,-0.459527,-5590.96,28,16593.3,10890,0.65629,584,505,5.26903,5.20034,5.23468,0.0343429,0.26205,0.0658355,0.163943,0.098107,-7.88449,17.7365,-8.02232,17.8061,-0.10734,0.456473,-0.123521,0.455757,0.467551,-0.169268,-0.161173,0.600543,0.157025,1.12399,10914.2,0.599213,0.0660205,0.390034,0.285583,578,0.369276,11.0292,511,-0.0531456,-1.31428,5,5,-0.439229,1.63731,5.42986,8.05212,13.9193,0.179063,0.111111,9.3017,0.157025,0.0541781,0.000918274,0.231405,50,-0.835986,12,1.09525,,,,,,,,,,,,,,,,,,,,,,,,,,,
V1 m4,V1,4,28,cooldown,5,1452,1051,0.276171,14.5972,1.62334,11826.6,1.17719,0.436727,11.2527,0.363633,-0.413887,-0.401654,-4675.43,28,17081.6,5255,0.30764,563,488,11.8294,10.5874,11.2084,0.621011,0.433581,0.282935,0.358258,0.075323,-1.14555,23.7999,-1.45036,23.6616,0.0841109,0.64722,0.0785755,0.642325,1.23874,-0.148144,-0.138828,0.600574,0.15509,1.26607,11743.9,0.268736,0.143758,0.970388,0.270219,556,0.56858,16.306,495,0.133429,5.57681,5,5,-0.337839,1.90257,5.6501,8.20818,14.2049,0.195052,0.11608,9.5133,0.118934,0.0285442,0,0.241675,,,,,-1.01248,-4.16866,0.802449,-0.00688952,-0.0415932,0.023218,125,30,0,19,0.0342797,1.89621,-1.89621,11,-0.0411693,-3.93354,3.93354,4,-0.0328856,0,0,-0.0146281,30,0.0135632,-0.0219599,0.0173702,0.608
V1 m4,V1,4,28,cooldown,10,1452,1051,0.276171,14.5972,0.55145,6571.63,1.09421,0.420552,6.25274,0.227879,-0.459971,-0.451955,-5355.74,28,17081.6,10510,0.615281,563,488,6.82944,5.58741,6.20843,0.621011,0.296806,0.148359,0.222583,0.0742236,-6.14555,18.7999,-6.45036,18.6616,-0.0577546,0.519436,-0.0633088,0.511456,0.633184,-0.171324,-0.161974,0.600574,0.15509,1.15929,11743.9,0.537471,0.0851902,0.497245,0.270219,556,0.436127,11.306,495,-0.00603121,0.576805,5,5,-0.467523,1.80611,5.52016,8.05655,13.996,0.184586,0.115128,9.34822,0.118934,0.0285442,0,0.241675,,,,,-1.01248,-4.16866,0.802449,-0.00688952,-0.0415932,0.023218,125,30,0,19,0.0342797,1.89621,-1.89621,11,-0.0411693,-3.93354,3.93354,4,-0.0328856,0,0,-0.0146281,30,0.0135632,-0.0219599,0.0173702,0.608
V1 m4,V1,4,28,réouverture,5,1452,1087,0.251377,15.0972,1.51411,11574,1.1664,0.432383,10.6477,0.313449,-0.456481,-0.436422,-5255.24,28,17009,5435,0.319537,585,502,10.1295,11.2515,10.6905,-0.56099,0.398862,0.213914,0.306388,0.0924738,-2.84682,23.4781,-2.88588,23.5953,0.0255801,0.600322,0.0188338,0.595922,1.07729,-0.147396,-0.139088,0.600709,0.157314,1.2331,11119.3,0.29362,0.129578,0.879114,0.269549,577,0.493624,15.7055,510,0.109604,4.92533,5,5,-0.36859,1.83983,5.64265,8.15218,14.1266,0.192272,0.113155,9.48375,0.118675,0.0294388,0,0.24011,48,-0.639635,12,0.896368,,,,,,,,,,,,,,,,,,,,,,,,,,,
V1 m4,V1,4,28,réouverture,10,1452,1087,0.251377,15.0972,0.460278,6139,1.08445,0.415823,5.64766,0.177268,-0.499865,-0.4797,-5964.67,28,17009,10870,0.639073,585,502,5.1295,6.25148,5.69049,-0.56099,0.262089,0.0784222,0.170256,0.0918335,-7.84682,18.4781,-7.88588,18.5953,-0.11535,0.470695,-0.123123,0.464557,0.498951,-0.16721,-0.159094,0.600709,0.157314,1.12891,11119.3,0.587239,0.0697885,0.417371,0.269549,577,0.36074,10.7055,510,-0.0303075,-0.0746667,5,5,-0.485605,1.7212,5.50819,8.05275,13.9233,0.182153,0.112236,9.31966,0.118675,0.0294388,0,0.24011,48,-0.787584,12,0.750584,,,,,,,,,,,,,,,,,,,,,,,,,,,
V2 m1,V2,1,28,cooldown,5,1452,1051,0.276171,14.5972,1.04021,8910.95,1.17382,0.301618,8.47855,0.220409,-0.369506,-0.344379,-3761.07,21,14166,5255,0.37096,563,488,4.40168,13.182,8.79183,-4.39015,0.186566,0.259454,0.22301,-0.0364438,-2.42163,19.746,-2.25992,20.1047,-0.00257286,0.459367,-0.00103189,0.459226,0.639141,-0.134461,-0.125585,0.600574,0.15509,1.21391,8498.03,0.371382,0.0858489,0.638465,0.562322,556,0.284823,9.14805,495,0.148057,7.72654,6,6,-2.14854e-14,0.6477,4.73181,7.47477,13.4985,0.147479,0.0903901,8.49249,0.41294,0.307326,0.0390105,0.254995,,,,,-3.78668,-8.75727,1.17446,-0.150113,-0.297276,-0.0144193,434,323,41,151,0.342737,2.38554,-2.43282,172,-0.49285,-3.01155,2.93159,54,-0.356045,-0.283757,323,0,0,0.026806,-0.0845384,0.0765736,0.5465
V2 m1,V2,1,28,cooldown,10,1452,1051,0.276171,14.5972,0.20646,3655.95,1.06643,0.278782,3.47855,0.0846557,-0.42709,-0.407997,-4661.32,21,14166,10510,0.74192,563,488,-0.598319,8.18198,3.79183,-4.39015,0.0497915,0.124878,0.0873348,-0.0375433,-7.42163,14.746,-7.25992,15.1047,-0.141037,0.327488,-0.136335,0.3272,0.195631,-0.167671,-0.159735,0.600574,0.15509,1.0802,8498.03,0.742764,0.0302268,0.180275,0.562322,556,0.15237,4.14805,495,0.00859685,2.72654,6,5,-0.169245,0.506145,4.5707,7.3347,13.3442,0.139867,0.0894386,8.34719,0.41294,0.307326,0.0390105,0.254995,,,,,-3.78668,-8.75727,1.17446,-0.150113,-0.297276,-0.0144193,434,323,41,151,0.342737,2.38554,-2.43282,172,-0.49285,-3.01155,2.93159,54,-0.356045,-0.283757,323,0,0,0.026806,-0.0845384,0.0765736,0.5465
V2 m1,V2,1,28,réouverture,5,1452,1185,0.183884,16.4583,1.26363,10304.5,1.17463,0.302954,8.69574,0.1661,-0.349523,-0.333575,-3887.6,22,16229.5,5925,0.365077,635,550,4.60167,13.4225,9.0121,-4.41043,0.147403,0.187687,0.167545,-0.0201419,-1.9534,20.2575,-1.76191,20.4925,-0.0549239,0.397588,-0.052428,0.396706,0.562503,-0.143915,-0.135209,0.600168,0.162869,1.17018,8473,0.419685,0.0772177,0.536549,0.553586,628,0.206539,9.48102,557,0.120506,7.81035,6,6,-2.16236e-14,0.641306,4.58718,7.3576,13.2616,0.147679,0.0886076,8.30348,0.411814,0.303797,0.0362869,0.249789,153,-0.202154,19,0.204852,,,,,,,,,,,,,,,,,,,,,,,,,,,
V2 m1,V2,1,28,réouverture,10,1452,1185,0.183884,16.4583,0.251856,4379.45,1.06924,0.278481,3.69574,0.0285246,-0.430483,-0.410079,-4503.21,22,16229.5,11850,0.730154,635,550,-0.398329,8.42253,4.0121,-4.41043,0.00892975,0.0511477,0.0300387,-0.021109,-6.9534,15.2575,-6.76191,15.4925,-0.193302,0.266291,-0.192191,0.263074,0.0949878,-0.201558,-0.196603,0.600168,0.162869,1.04322,8473,0.839371,0.0152388,0.075605,0.553586,628,0.0727088,4.48102,557,-0.0212917,2.81035,3,3,-0.173205,0.505929,4.33908,7.23324,13.1263,0.140928,0.0869198,8.16379,0.411814,0.303797,0.0362869,0.249789,153,-0.351628,19,0.0722334,,,,,,,,,,,,,,,,,,,,,,,,,,,
V2 m1.5,V2,1.5,28,cooldown,5,1452,1051,0.276171,14.5972,1.57475,11436.6,1.20241,0.346337,10.8816,0.309509,-0.401179,-0.393816,-4414.56,28,16691.6,5255,0.314829,563,488,8.96996,13.0871,11.0285,-2.05857,0.284347,0.338538,0.311442,-0.0270956,-0.572022,22.4825,-0.34946,22.6895,0.0667878,0.560724,0.0675754,0.564683,0.986432,-0.133254,-0.126411,0.600574,0.15509,1.26842,10478.3,0.301195,0.121189,0.909461,0.47098,556,0.453247,13.6906,495,0.148057,7.72654,6,5,-2.50168e-14,1.21004,5.10947,8.01605,13.9466,0.165557,0.101808,9.14432,0.356803,0.215985,0.0171265,0.254995,,,,,-1.3836,-5.34772,2.81082,-0.0610136,-0.172513,0.050592,375,227,18,109,0.247462,2.38608,-2.41445,118,-0.308476,-2.74753,2.69455,35,-0.212712,-0.115333,227,0,0,0.0259803,-0.0467064,0.0881827,0.7055
V2 m1.5,V2,1.5,28,cooldown,10,1452,1051,0.276171,14.5972,0.522719,6181.59,1.10299,0.325404,5.88162,0.173755,-0.451455,-0.44477,-5289.56,28,16691.6,10510,0.629659,563,488,3.96996,8.08709,6.02852,-2.05857,0.147572,0.203962,0.175767,-0.0281951,-5.57202,17.4825,-5.34946,17.6895,-0.0746537,0.425274,-0.0737305,0.42874,0.44906,-0.159819,-0.153769,0.600574,0.15509,1.14167,10478.3,0.60239,0.06377,0.399014,0.47098,556,0.320793,8.69055,495,0.00859685,2.72654,5,5,-0.174123,1.05335,5.03494,7.86951,13.7611,0.156042,0.100856,8.99489,0.356803,0.215985,0.0171265,0.254995,,,,,-1.3836,-5.34772,2.81082,-0.0610136,-0.172513,0.050592,375,227,18,109,0.247462,2.38608,-2.41445,118,-0.308476,-2.74753,2.69455,35,-0.212712,-0.115333,227,0,0,0.0259803,-0.0467064,0.0881827,0.7055
V2 m1.5,V2,1.5,28,réouverture,5,1452,1135,0.21832,15.7639,1.58487,11771.8,1.18748,0.345374,10.3716,0.23831,-0.426268,-0.398595,-4632.55,28,17446.8,5675,0.325274,608,527,9.19003,11.7349,10.4624,-1.27242,0.270657,0.200992,0.235824,0.0348323,-1.32404,21.5961,-1.41392,21.9857,-0.0199921,0.503548,-0.0206374,0.502191,0.830843,-0.156847,-0.152257,0.599576,0.15859,1.21427,9956.41,0.341749,0.106051,0.676145,0.465198,602,0.343452,13.6121,533,0.119557,6.71169,5,5,-2.73569e-14,1.19034,5.09801,7.91272,13.7251,0.16652,0.101322,9.04888,0.355947,0.214097,0.0167401,0.251101,100,-0.486738,16,0.383608,,,,,,,,,,,,,,,,,,,,,,,,,,,
V2 m1.5,V2,1.5,28,réouverture,10,1452,1135,0.21832,15.7639,0.465794,6096.81,1.09155,0.323348,5.37164,0.101913,-0.467823,-0.442216,-5382.55,28,17446.8,11350,0.650549,608,527,4.19003,6.73486,5.46244,-1.27242,0.134961,0.0637847,0.099373,0.0355883,-6.32404,16.5961,-6.41392,16.9857,-0.158569,0.366662,-0.160214,0.367216,0.302957,-0.18919,-0.182943,0.599576,0.15859,1.09577,9956.41,0.683498,0.0450931,0.238348,0.465198,602,0.210379,8.61209,533,-0.0205956,1.71169,4,5,-0.177496,1.05335,4.98492,7.72153,13.5728,0.157709,0.0995595,8.90331,0.355947,0.214097,0.0167401,0.251101,100,-0.626595,16,0.267883,,,,,,,,,,,,,,,,,,,,,,,,,,,
V2 m2,V2,2,28,cooldown,5,1452,1051,0.276171,14.5972,1.78051,12323.3,1.20308,0.384396,11.7253,0.349369,-0.417779,-0.41062,-4664.69,28,17578.3,5255,0.298947,563,488,12.8342,10.4461,11.6401,1.19402,0.378516,0.315743,0.347129,0.0313868,0.398649,23.4706,0.33156,23.2403,0.108755,0.605624,0.106963,0.601491,1.19071,-0.126512,-0.119616,0.600574,0.15509,1.28609,11486.4,0.274762,0.139631,1.1037,0.398668,556,0.528595,15.2854,495,0.148057,7.72654,5,5,-3.50982e-14,1.5202,5.43801,8.12295,13.9466,0.177926,0.108468,9.34569,0.301618,0.143673,0.0076118,0.254995,,,,,-0.539877,-4.09224,3.35003,-0.0211531,-0.11354,0.0815825,317,151,8,75,0.170537,2.38979,-2.47293,76,-0.19169,-2.65087,2.5721,22,-0.12919,-0.0399855,151,0,0,0.0327755,-0.0262486,0.0886785,0.792
V2 m2,V2,2,28,cooldown,10,1452,1051,0.276171,14.5972,0.644461,7068.34,1.11046,0.365366,6.72535,0.213616,-0.46667,-0.46017,-5539.69,28,17578.3,10510,0.597895,563,488,7.83416,5.44612,6.64014,1.19402,0.241742,0.181167,0.211454,0.0302874,-4.60135,18.4706,-4.66844,18.2403,-0.0290013,0.470281,-0.0343475,0.471805,0.598142,-0.149104,-0.146983,0.600574,0.15509,1.1663,11486.4,0.549524,0.0812744,0.545086,0.398668,556,0.396141,10.2854,495,0.00859685,2.72654,5,5,-0.209267,1.42439,5.34936,8.00511,13.7611,0.168411,0.107517,9.19173,0.301618,0.143673,0.0076118,0.254995,,,,,-0.539877,-4.09224,3.35003,-0.0211531,-0.11354,0.0815825,317,151,8,75,0.170537,2.38979,-2.47293,76,-0.19169,-2.65087,2.5721,22,-0.12919,-0.0399855,151,0,0,0.0327755,-0.0262486,0.0886785,0.792
V2 m2,V2,2,28,réouverture,5,1452,1106,0.238292,15.3611,2.0209,13362.9,1.20813,0.381555,12.0822,0.315826,-0.450313,-0.423801,-5053.55,28,18892.9,5530,0.292702,596,510,11.0359,13.3049,12.1704,-1.1345,0.347441,0.27888,0.313161,0.0342806,-0.18893,24.212,-0.11071,24.3752,0.0648101,0.577455,0.0584899,0.577213,1.17504,-0.138434,-0.135729,0.599079,0.155515,1.26927,11594.7,0.285727,0.138268,0.998803,0.400542,586,0.484113,16.5382,520,0.12618,7.06072,5,5,-3.56742e-14,1.47968,5.39651,8.11576,13.7865,0.178119,0.106691,9.28669,0.303797,0.146474,0.00813743,0.254069,68,-0.0536819,13,1.09482,,,,,,,,,,,,,,,,,,,,,,,,,,,
V2 m2,V2,2,28,réouverture,10,1452,1106,0.238292,15.3611,0.73821,7832.94,1.11569,0.360759,7.08222,0.180207,-0.488862,-0.464266,-5778.55,28,18892.9,11060,0.585404,596,510,6.03593,8.30494,7.17044,-1.1345,0.211559,0.143567,0.177563,0.033996,-5.18893,19.212,-5.11071,19.3752,-0.0723415,0.446999,-0.0785642,0.443513,0.561978,-0.167439,-0.165364,0.599079,0.155515,1.15113,11594.7,0.571453,0.0771573,0.460807,0.400542,586,0.351953,11.5382,520,-0.0133386,2.06072,5,5,-0.219467,1.39481,5.31436,7.94173,13.6191,0.169078,0.105787,9.1353,0.303797,0.146474,0.00813743,0.254069,68,-0.18661,13,0.962456,,,,,,,,,,,,,,,,,,,,,,,,,,,
V2 m2.5,V2,2.5,28,cooldown,5,1452,1051,0.276171,14.5972,1.81896,12505.2,1.19862,0.401522,11.8984,0.358931,-0.431604,-0.424615,-4888.25,28,17760.2,5255,0.295886,563,488,12.9075,10.7343,11.8209,1.08658,0.398873,0.31285,0.355862,0.0430114,0.083712,23.8428,-0.165046,23.6502,0.1115,0.614376,0.106971,0.608343,1.2498,-0.138142,-0.131338,0.600574,0.15509,1.28514,11764.6,0.268264,0.144697,1.04745,0.353949,556,0.546669,15.6126,495,0.148057,7.72654,6,5,-0.0815059,1.68721,5.5352,8.14423,13.9466,0.183635,0.111323,9.411,0.255947,0.0989534,0.00666032,0.254995,,,,,-0.366804,-3.61881,3.2177,-0.0115912,-0.0964378,0.0814207,269,104,7,52,0.127007,2.56701,-2.68597,52,-0.138598,-2.80129,2.66253,16,-0.095196,-0.0219106,104,0,0,0.0210534,-0.0202545,0.0844692,0.791
V2 m2.5,V2,2.5,28,cooldown,10,1452,1051,0.276171,14.5972,0.667207,7250.24,1.1096,0.386299,6.89842,0.223178,-0.479341,-0.472995,-5763.25,28,17760.2,10510,0.591771,563,488,7.90747,5.7343,6.82088,1.08658,0.262099,0.178275,0.220187,0.0419119,-4.91629,18.8428,-5.16505,18.6502,-0.0284237,0.479579,-0.0307921,0.477184,0.641274,-0.155909,-0.149968,0.600574,0.15509,1.16974,11764.6,0.536528,0.0860842,0.552144,0.353949,556,0.414216,10.6126,495,0.00859685,2.72654,5,5,-0.315213,1.55119,5.42423,8.05149,13.7611,0.173168,0.110371,9.25527,0.255947,0.0989534,0.00666032,0.254995,,,,,-0.366804,-3.61881,3.2177,-0.0115912,-0.0964378,0.0814207,269,104,7,52,0.127007,2.56701,-2.68597,52,-0.138598,-2.80129,2.66253,16,-0.095196,-0.0219106,104,0,0,0.0210534,-0.0202545,0.0844692,0.791
V2 m2.5,V2,2.5,28,réouverture,5,1452,1101,0.241736,15.2917,1.98709,13283.4,1.20033,0.39782,12.0649,0.31854,-0.474628,-0.449288,-5492.29,28,18788.4,5505,0.293,594,507,10.7708,13.581,12.1759,-1.40509,0.351122,0.280366,0.315744,0.0353778,-0.766948,24.7298,-1.04011,24.9446,0.0584607,0.57542,0.0528397,0.577991,1.17541,-0.149277,-0.14256,0.5995,0.156222,1.26014,11594,0.284651,0.1383,0.926469,0.356948,582,0.497375,16.8028,519,0.117996,6.75177,5,5,-0.0882515,1.6578,5.50724,8.12154,13.7971,0.18347,0.108992,9.34251,0.257039,0.100817,0.00635786,0.256131,60,-0.0949414,10,2.08281,,,,,,,,,,,,,,,,,,,,,,,,,,,
V2 m2.5,V2,2.5,28,réouverture,10,1452,1101,0.241736,15.2917,0.723046,7778.42,1.11164,0.381471,7.06487,0.182764,-0.513421,-0.488527,-6212.29,28,18788.4,11010,0.585999,594,507,5.77081,8.58098,7.17589,-1.40509,0.214959,0.145045,0.180002,0.0349568,-5.76695,19.7298,-6.04011,19.9446,-0.0805194,0.446696,-0.0881256,0.446002,0.564237,-0.168223,-0.162816,0.5995,0.156222,1.14718,11594,0.569301,0.0774169,0.460204,0.356948,582,0.364948,11.8028,519,-0.0215346,1.75177,5,5,-0.315713,1.51946,5.40881,7.96185,13.6271,0.173479,0.108084,9.1885,0.257039,0.100817,0.00635786,0.256131,60,-0.231401,10,1.94524,,,,,,,,,,,,,,,,,,,,,,,,,,,
V2 m3,V2,3,28,cooldown,5,1452,1051,0.276171,14.5972,2.21519,13847,1.21744,0.417697,13.1751,0.380587,-0.426448,-0.419395,-4797.34,28,19102,5255,0.275102,563,488,13.3321,12.9939,13.163,0.169102,0.403185,0.354516,0.378851,0.0243344,0.904025,25.1309,0.715927,25.15,0.123833,0.646191,0.122404,0.641705,1.37983,-0.138175,-0.131371,0.600574,0.15509,1.29912,12335.8,0.255842,0.155467,1.12515,0.326356,556,0.587605,18.0259,495,0.148057,7.72654,6,5,-0.155863,1.78912,5.63768,8.14423,13.9466,0.188392,0.113225,9.44206,0.226451,0.0713606,0.0038059,0.254995,,,,,0.909883,-2.04069,4.18314,0.0100647,-0.0663729,0.0973464,238,75,4,42,0.107491,2.68985,-2.79528,33,-0.0974267,-3.10289,2.8974,11,-0.0695432,0.0190252,75,0,0,0.0210205,-0.018389,0.0775423,0.76
V2 m3,V2,3,28,cooldown,10,1452,1051,0.276171,14.5972,0.901671,8592.04,1.12865,0.402474,8.17511,0.244833,-0.474615,-0.468212,-5672.34,28,19102,10510,0.550203,563,488,8.33214,7.99394,8.16304,0.169102,0.26641,0.21994,0.243175,0.023235,-4.09597,20.1309,-4.28407,20.15,-0.0137354,0.51003,-0.0179272,0.508238,0.736153,-0.155445,-0.149501,0.600574,0.15509,1.18495,12335.8,0.511685,0.0963049,0.619542,0.326356,556,0.455152,13.0259,495,0.00859685,2.72654,5,5,-0.329945,1.68468,5.50021,8.05149,13.7611,0.177926,0.112274,9.28567,0.226451,0.0713606,0.0038059,0.254995,,,,,0.909883,-2.04069,4.18314,0.0100647,-0.0663729,0.0973464,238,75,4,42,0.107491,2.68985,-2.79528,33,-0.0974267,-3.10289,2.8974,11,-0.0695432,0.0190252,75,0,0,0.0210205,-0.018389,0.0775423,0.76
V2 m3,V2,3,28,réouverture,5,1452,1096,0.245179,15.2222,2.36438,14493.1,1.21716,0.413321,13.2237,0.33787,-0.469882,-0.450318,-5510.99,28,19973.1,5480,0.274368,591,505,11.7209,14.9824,13.3516,-1.63076,0.366649,0.304189,0.335419,0.0312301,-0.00765092,25.8807,-0.0917621,26.4848,0.0726386,0.599366,0.0651847,0.599813,1.28335,-0.149309,-0.142593,0.599558,0.156934,1.27252,12071.4,0.27218,0.147525,0.98805,0.32938,582,0.536482,19.1083,514,0.112983,6.56051,5,5,-0.165969,1.72927,5.60061,8.12224,13.8121,0.187044,0.111314,9.40731,0.229015,0.0748175,0.00364964,0.254562,55,-0.161154,10,2.08281,,,,,,,,,,,,,,,,,,,,,,,,,,,
V2 m3,V2,3,28,réouverture,10,1452,1096,0.245179,15.2222,0.94565,9013.15,1.12875,0.396898,8.22368,0.20201,-0.506821,-0.488422,-6225.99,28,19973.1,10960,0.548737,591,505,6.72088,9.9824,8.35164,-1.63076,0.230432,0.168748,0.19959,0.0308421,-5.00765,20.8807,-5.09176,21.4848,-0.0678087,0.46793,-0.0747438,0.466481,0.64428,-0.168254,-0.162342,0.599558,0.156934,1.16072,12071.4,0.544359,0.0864155,0.5136,0.32938,582,0.404055,14.1083,514,-0.0267642,1.56051,5,5,-0.330635,1.59131,5.46515,7.98348,13.6405,0.177007,0.110401,9.25215,0.229015,0.0748175,0.00364964,0.254562,55,-0.299353,10,1.94524,,,,,,,,,,,,,,,,,,,,,,,,,,,
V2 m4,V2,4,28,cooldown,5,1452,1051,0.276171,14.5972,2.14826,13675.1,1.20811,0.429115,13.0115,0.392291,-0.441309,-0.434439,-5050.76,28,18930.1,5255,0.2776,563,488,12.3427,13.7831,13.0629,-0.720186,0.414079,0.367154,0.390617,0.0234625,0.688622,25.0638,0.541486,25.3605,0.130447,0.663819,0.12625,0.667925,1.35899,-0.139303,-0.133357,0.600574,0.15509,1.28683,12258.7,0.257451,0.153775,1.10389,0.2902,556,0.60973,17.7167,495,0.148057,7.72654,5,5,-0.337839,1.87343,5.7421,8.26512,14.2049,0.193149,0.11608,9.60026,0.16746,0.0352046,0.000951475,0.254995,,,,,0.746311,-1.39775,3.60778,0.0217689,-0.0352592,0.0994366,176,37,1,19,0.0649635,3.59351,-3.59351,18,-0.0431946,-2.52208,2.43341,6,-0.0290585,0.0411496,37,0,0,0.0190339,-0.014554,0.069189,0.671
V2 m4,V2,4,28,cooldown,10,1452,1051,0.276171,14.5972,0.862059,8420.12,1.12248,0.415794,8.01154,0.256538,-0.488235,-0.481998,-5925.76,28,18930.1,10510,0.5552,563,488,7.34274,8.78312,8.06293,-0.720186,0.277305,0.232579,0.254942,0.022363,-4.31138,20.0638,-4.45851,20.3605,-0.00788102,0.531174,-0.00826184,0.531541,0.72095,-0.16362,-0.159458,0.600574,0.15509,1.17712,12258.7,0.514903,0.094699,0.578774,0.2902,556,0.477276,12.7167,495,0.00859685,2.72654,5,5,-0.461777,1.73178,5.53661,8.06966,13.996,0.182683,0.115128,9.43531,0.16746,0.0352046,0.000951475,0.254995,,,,,0.746311,-1.39775,3.60778,0.0217689,-0.0352592,0.0994366,176,37,1,19,0.0649635,3.59351,-3.59351,18,-0.0431946,-2.52208,2.43341,6,-0.0290585,0.0411496,37,0,0,0.0190339,-0.014554,0.069189,0.671
V2 m4,V2,4,28,réouverture,5,1452,1092,0.247934,15.1667,2.13812,13831,1.20092,0.424908,12.6658,0.343733,-0.478703,-0.459464,-5670.07,28,19291,5460,0.283033,588,504,10.4083,15.2995,12.8539,-2.44558,0.372662,0.309984,0.341323,0.0313391,-0.602662,25.3482,-0.511663,25.8366,0.0746624,0.624483,0.0690175,0.625547,1.22462,-0.149869,-0.145102,0.59988,0.156593,1.25629,11810.8,0.277318,0.142552,0.951179,0.291209,580,0.549336,18.3749,512,0.110825,6.19846,5,5,-0.365809,1.81556,5.73784,8.20378,14.1157,0.191392,0.114469,9.55976,0.167582,0.03663,0.000915751,0.254579,52,-0.355497,11,1.67777,,,,,,,,,,,,,,,,,,,,,,,,,,,
V2 m4,V2,4,28,réouverture,10,1452,1092,0.247934,15.1667,0.818372,8371.04,1.11623,0.410256,7.66579,0.207791,-0.515032,-0.496939,-6385.07,28,19291,10920,0.566066,588,504,5.40833,10.2995,7.85391,-2.44558,0.236393,0.174422,0.205408,0.0309855,-5.60266,20.3482,-5.51166,20.8366,-0.0678645,0.49162,-0.0711036,0.491131,0.60362,-0.174021,-0.171962,0.59988,0.156593,1.14927,11810.8,0.554636,0.0818912,0.470583,0.291209,580,0.416684,13.3749,512,-0.028845,1.19846,5,5,-0.473381,1.6972,5.53563,8.05636,13.9133,0.181319,0.113553,9.39635,0.167582,0.03663,0.000915751,0.254579,52,-0.49764,11,1.53052,,,,,,,,,,,,,,,,,,,,,,,,,,,
V3 m1,V3,1,28,cooldown,5,1452,1051,0.276171,14.5972,0.818374,7342.93,1.19589,0.220742,6.98661,0.219904,-0.423119,-0.406085,-4811.76,12,12597.9,5255,0.417132,563,488,5.20319,9.04411,7.12365,-1.92046,0.181069,0.264707,0.222888,-0.0418189,-2.90852,17.4231,-2.9235,17.6299,0.0125249,0.438,0.0176855,0.437605,0.62958,-0.144976,-0.136893,0.600574,0.15509,1.28522,8363.47,0.377357,0.0847907,0.58486,0.691722,556,0.284823,9.14805,495,0.146985,4.55881,5,4,-1.48007e-14,-5.42832e-15,3.75396,6.77467,12.0725,0.119886,0.0723121,7.66564,0.732636,0.552807,0.0637488,0.138915,,,,,-5.27862,-12.7473,2.20162,-0.150618,-0.320887,0.0219186,770,581,67,308,0.617917,2.10854,-2.15139,273,-0.768535,-2.95872,2.89836,83,-0.549622,-0.283757,323,-0.00107247,258,0.0154982,-0.0700535,0.109164,0.7015
V3 m1,V3,1,28,cooldown,10,1452,1051,0.276171,14.5972,0.075239,2087.93,1.05002,0.189343,1.98661,0.0841506,-0.49634,-0.479523,-5949,12,12597.9,10510,0.834264,563,488,0.203192,4.04411,2.12365,-1.92046,0.0442948,0.130132,0.0872132,-0.0429184,-7.90852,12.4231,-7.9235,12.6299,-0.120707,0.30109,-0.119316,0.306232,0.188658,-0.196871,-0.189622,0.600574,0.15509,1.09855,8363.47,0.754715,0.029223,0.148437,0.691722,556,0.15237,4.14805,495,0.00752438,-0.44119,4,4,-0.12881,-0.0563583,3.66237,6.60838,11.924,0.113225,0.0713606,7.52463,0.732636,0.552807,0.0637488,0.138915,,,,,-5.27862,-12.7473,2.20162,-0.150618,-0.320887,0.0219186,770,581,67,308,0.617917,2.10854,-2.15139,273,-0.768535,-2.95872,2.89836,83,-0.549622,-0.283757,323,-0.00107247,258,0.0154982,-0.0700535,0.109164,0.7015
V3 m1,V3,1,28,réouverture,5,1452,1244,0.143251,17.2778,0.444496,5415.39,1.1137,0.222669,4.35321,0.121298,-0.468134,-0.441375,-5363.51,12,11635.4,6220,0.534576,661,583,3.13,5.74008,4.43504,-1.30504,0.10968,0.134471,0.122075,-0.0123956,-5.17068,13.9919,-5.15681,14.0648,-0.0736003,0.321525,-0.0734104,0.321224,0.385562,-0.169254,-0.161792,0.60125,0.163183,1.15766,7381.95,0.50661,0.0558551,0.330007,0.687299,648,0.166207,6.71086,596,0.0724711,1.78986,4,4,-1.54864e-14,-5.43035e-15,3.53769,6.48129,11.9612,0.115756,0.068328,7.33236,0.724277,0.545016,0.0635048,0.142283,215,-0.237717,22,1.32343,,,,,,,,,,,,,,,,,,,,,,,,,,,
V3 m1,V3,1,28,réouverture,10,1452,1244,0.143251,17.2778,-0.224539,-804.606,0.984724,0.188103,-0.64679,-0.0177859,-0.562238,-0.540083,-6768.73,12,11635.4,12440,1.06915,661,583,-1.87,0.740079,-0.564962,-1.30504,-0.0304783,-0.00339536,-0.0169368,-0.0135415,-10.1707,8.99191,-10.1568,9.06479,-0.216046,0.185203,-0.215219,0.184199,-0.0467155,-0.253688,-0.246575,0.60125,0.163183,0.996269,7381.95,1.01322,-0.00794194,-0.0313059,0.687299,648,0.0323868,1.71086,596,-0.0723361,-3.21014,2,2,-0.134269,-0.0569218,3.3556,6.40306,11.6882,0.110129,0.0667203,7.20112,0.724277,0.545016,0.0635048,0.142283,215,-0.392456,22,1.19045,,,,,,,,,,,,,,,,,,,,,,,,,,,
V3 m1.5,V3,1.5,28,cooldown,5,1452,1051,0.276171,14.5972,1.1986,9535.4,1.19935,0.294957,9.0727,0.314372,-0.419131,-0.405546,-4674.95,22,14790.4,5255,0.355298,563,488,9.09126,9.05128,9.07127,0.0199875,0.279613,0.354474,0.317044,-0.0374307,-1.38246,19.8162,-1.68876,19.977,0.0953552,0.553215,0.0975529,0.559798,0.984248,-0.135355,-0.129382,0.600574,0.15509,1.31644,10412.4,0.303102,0.120984,0.893823,0.560419,556,0.453247,13.6906,495,0.158384,3.88577,5,5,-1.51915e-14,0.591462,4.78663,7.50809,12.4986,0.150333,0.0922931,8.62252,0.61941,0.38059,0.0266413,0.179829,,,,,-3.19253,-10.388,3.99912,-0.0561499,-0.211556,0.096782,651,400,28,216,0.427657,2.08087,-2.11452,184,-0.483807,-2.76349,2.72534,51,-0.33351,-0.115333,227,0.0103268,173,0.0230087,-0.0418309,0.122636,0.817
V3 m1.5,V3,1.5,28,cooldown,10,1452,1051,0.276171,14.5972,0.300176,4280.4,1.08284,0.266413,4.0727,0.178619,-0.499293,-0.484794,-5830.58,22,14790.4,10510,0.710596,563,488,4.09126,4.05128,4.07127,0.0199875,0.142838,0.219899,0.181368,-0.0385301,-6.38246,14.8162,-6.68876,14.977,-0.0397237,0.422446,-0.0397811,0.42728,0.447476,-0.182734,-0.178424,0.600574,0.15509,1.16245,10412.4,0.606203,0.0635761,0.347917,0.560419,556,0.320793,8.69055,495,0.0189237,-1.11423,4,4,-0.13315,0.436617,4.6383,7.38504,12.3888,0.140818,0.0913416,8.47813,0.61941,0.38059,0.0266413,0.179829,,,,,-3.19253,-10.388,3.99912,-0.0561499,-0.211556,0.096782,651,400,28,216,0.427657,2.08087,-2.11452,184,-0.483807,-2.76349,2.72534,51,-0.33351,-0.115333,227,0.0103268,173,0.0230087,-0.0418309,0.122636,0.817
V3 m1.5,V3,1.5,28,réouverture,5,1452,1160,0.201102,16.1111,0.666734,7072.96,1.12701,0.290517,6.09738,0.205421,-0.497615,-0.473811,-5991.23,22,12873,5800,0.450557,617,543,6.86984,5.21965,6.04474,0.825093,0.233145,0.173919,0.203532,0.0296135,-4.56542,16.585,-4.72639,16.6399,-0.0242285,0.445294,-0.0270167,0.444522,0.666373,-0.16944,-0.163737,0.599554,0.158621,1.20847,9029.95,0.385098,0.0888349,0.524286,0.558621,606,0.319949,11.4135,554,0.0801434,0.282256,5,4,-1.65704e-14,0.424484,4.62465,7.36605,12.159,0.147414,0.0887931,8.39686,0.612931,0.378448,0.025,0.180172,129,-0.519762,20,1.25338,,,,,,,,,,,,,,,,,,,,,,,,,,,
V3 m1.5,V3,1.5,28,réouverture,10,1452,1160,0.201102,16.1111,-0.066786,1272.96,1.02123,0.260345,1.09738,0.0683066,-0.580587,-0.557911,-7383.48,22,12873,11600,0.901114,617,543,1.86984,0.21965,1.04474,0.825093,0.0952688,0.03767,0.0664694,0.0287994,-9.56542,11.585,-9.72639,11.6399,-0.162892,0.315214,-0.165235,0.30865,0.177058,-0.258084,-0.253798,0.599554,0.158621,1.07104,9029.95,0.770195,0.0275422,0.106718,0.558621,606,0.187496,6.41351,554,-0.0620697,-4.71774,3,4,-0.144082,0.260896,4.35512,7.18193,12.0251,0.138793,0.087069,8.25425,0.612931,0.378448,0.025,0.180172,129,-0.664258,20,1.14017,,,,,,,,,,,,,,,,,,,,,,,,,,,
V3 m2,V3,2,28,cooldown,5,1452,1051,0.276171,14.5972,1.54651,11234.5,1.20558,0.34824,10.6893,0.352403,-0.393988,-0.384186,-4367.23,28,16489.5,5255,0.318688,563,488,14.8981,5.83381,10.3659,4.53213,0.39131,0.307517,0.349414,0.0418966,-0.383367,22.247,-0.87696,22.0944,0.122361,0.596062,0.121817,0.593295,1.19577,-0.125475,-0.11857,0.600574,0.15509,1.31835,11475.2,0.27503,0.140069,1.11631,0.465271,556,0.528595,15.2854,495,0.1545,5.52687,6,5,-1.67572e-14,1.26572,5.10947,8.08685,13.1816,0.165557,0.101808,9.0719,0.526166,0.261656,0.0133206,0.203616,,,,,-1.57588,-7.87829,4.60483,-0.0181189,-0.139528,0.105997,553,275,14,151,0.292507,2.03592,-2.10093,124,-0.310626,-2.6328,2.58453,35,-0.213537,-0.0399855,151,0.00644229,124,0.0338208,-0.0343169,0.116653,0.822
V3 m2,V3,2,28,cooldown,10,1452,1051,0.276171,14.5972,0.506016,5979.5,1.10276,0.32255,5.68935,0.21665,-0.45563,-0.447396,-5264.25,28,16489.5,10510,0.637375,563,488,9.89806,0.833806,5.36593,4.53213,0.254536,0.172941,0.213738,0.0407972,-5.38337,17.247,-5.87696,17.0944,-0.0155279,0.461132,-0.0185034,0.461366,0.601825,-0.142294,-0.135276,0.600574,0.15509,1.18268,11475.2,0.55006,0.0816893,0.57409,0.465271,556,0.396141,10.2854,495,0.0150391,0.526872,5,4,-0.150029,1.15344,5.03494,7.91324,12.9499,0.156042,0.100856,8.92368,0.526166,0.261656,0.0133206,0.203616,,,,,-1.57588,-7.87829,4.60483,-0.0181189,-0.139528,0.105997,553,275,14,151,0.292507,2.03592,-2.10093,124,-0.310626,-2.6328,2.58453,35,-0.213537,-0.0399855,151,0.00644229,124,0.0338208,-0.0343169,0.116653,0.822
V3 m2,V3,2,28,réouverture,5,1452,1117,0.230716,15.5139,1.27129,10303.6,1.17398,0.344673,9.22432,0.292907,-0.443914,-0.40799,-5030.14,28,15888.6,5585,0.351511,601,516,11.2474,6.86801,9.05769,2.18968,0.337406,0.241077,0.289242,0.0481641,-1.99066,20.7275,-2.45602,20.5764,0.0654301,0.537309,0.0580479,0.535608,1.04134,-0.132309,-0.127722,0.598837,0.155774,1.27203,10951.1,0.305403,0.126296,0.954552,0.467323,587,0.474222,15.199,530,0.0920909,2.60704,5,5,-1.76304e-14,1.18206,4.90109,7.9105,13.1089,0.162936,0.0975828,8.88644,0.522829,0.263205,0.0125336,0.204118,83,-0.171141,17,1.70557,,,,,,,,,,,,,,,,,,,,,,,,,,,
V3 m2,V3,2,28,réouverture,10,1452,1117,0.230716,15.5139,0.299544,4718.56,1.07488,0.316025,4.22432,0.156543,-0.48053,-0.459505,-5515.73,28,15888.6,11170,0.703021,601,516,6.24737,1.86801,4.05769,2.18968,0.199816,0.106142,0.152979,0.0468369,-6.99066,15.7275,-7.45602,15.5764,-0.0752337,0.404423,-0.0803091,0.402975,0.461314,-0.151737,-0.146101,0.598837,0.155774,1.14089,10951.1,0.610806,0.065264,0.430113,0.467323,587,0.342442,10.199,530,-0.0493481,-2.39296,5,4,-0.160768,1.04341,4.76546,7.70494,12.8228,0.153984,0.0966876,8.74121,0.522829,0.263205,0.0125336,0.204118,83,-0.315186,17,1.56938,,,,,,,,,,,,,,,,,,,,,,,,,,,
V3 m2.5,V3,2.5,28,cooldown,5,1452,1051,0.276171,14.5972,1.84639,12458.3,1.21247,0.379638,11.8538,0.363693,-0.405139,-0.387755,-4537.83,28,17713.3,5255,0.29667,563,488,14.4314,8.88003,11.6557,2.77566,0.409718,0.310593,0.360156,0.0495628,0.566429,23.5524,0.0873779,23.4911,0.124382,0.608859,0.123816,0.607418,1.25416,-0.140963,-0.13418,0.600574,0.15509,1.30712,11755,0.268482,0.145066,1.02911,0.400571,556,0.546669,15.6126,495,0.158167,7.63172,6,5,-2.0712e-14,1.48833,5.36478,8.11198,13.1816,0.175071,0.106565,9.15793,0.450999,0.181732,0.00856327,0.218839,,,,,-0.411463,-5.75399,4.77957,-0.00682982,-0.120045,0.112148,474,191,9,108,0.218112,2.12255,-2.1836,83,-0.224941,-2.84835,2.76142,25,-0.16112,-0.0219106,104,0.0101094,87,0.0182107,-0.0308861,0.106274,0.81
V3 m2.5,V3,2.5,28,cooldown,10,1452,1051,0.276171,14.5972,0.683446,7203.3,1.11622,0.358706,6.85376,0.227939,-0.458788,-0.450601,-5297.35,28,17713.3,10510,0.593339,563,488,9.43135,3.88003,6.65569,2.77566,0.272944,0.176017,0.224481,0.0484633,-4.43357,18.5524,-4.91262,18.4911,-0.0111115,0.476324,-0.017769,0.47252,0.644431,-0.157491,-0.150419,0.600574,0.15509,1.18125,11755,0.536964,0.0864321,0.548807,0.400571,556,0.414216,10.6126,495,0.0187063,2.63172,5,5,-0.169971,1.40222,5.29441,7.94123,12.9499,0.164605,0.105614,9.00651,0.450999,0.181732,0.00856327,0.218839,,,,,-0.411463,-5.75399,4.77957,-0.00682982,-0.120045,0.112148,474,191,9,108,0.218112,2.12255,-2.1836,83,-0.224941,-2.84835,2.76142,25,-0.16112,-0.0219106,104,0.0101094,87,0.0182107,-0.0308861,0.106274,0.81
V3 m2.5,V3,2.5,28,réouverture,5,1452,1106,0.238292,15.3611,1.89604,12823.2,1.20666,0.377034,11.5942,0.319933,-0.42761,-0.392165,-4746.8,28,18353.2,5530,0.30131,595,511,12.0283,11.0887,11.5585,0.469796,0.35937,0.274012,0.316691,0.0426788,-0.782539,23.8388,-1.05057,24.0465,0.076458,0.568108,0.0738807,0.572553,1.15969,-0.144461,-0.137707,0.599251,0.155515,1.27632,11504.5,0.288049,0.136926,0.947835,0.402351,582,0.497375,16.8028,524,0.12285,5.80909,6,5,-2.14912e-14,1.45345,5.18374,8.04267,13.1981,0.173599,0.103074,9.07642,0.450271,0.183544,0.00813743,0.218807,67,0.0292015,12,2.52933,,,,,,,,,,,,,,,,,,,,,,,,,,,
V3 m2.5,V3,2.5,28,réouverture,10,1452,1106,0.238292,15.3611,0.666343,7293.21,1.1112,0.353526,6.59422,0.184279,-0.473786,-0.446864,-5389.79,28,18353.2,11060,0.602619,595,511,7.02834,6.08875,6.55854,0.469796,0.223111,0.139063,0.181087,0.0420242,-5.78254,18.8388,-6.05057,19.0465,-0.0596216,0.434841,-0.0691396,0.435581,0.55081,-0.162855,-0.155828,0.599251,0.155515,1.15337,11504.5,0.576098,0.0758699,0.465874,0.402351,582,0.364948,11.8028,524,-0.0163885,0.809092,5,5,-0.173478,1.32631,5.10608,7.87788,13.0502,0.163653,0.10217,8.92626,0.450271,0.183544,0.00813743,0.218807,67,-0.10544,12,2.39061,,,,,,,,,,,,,,,,,,,,,,,,,,,
V3 m3,V3,3,28,cooldown,5,1452,1051,0.276171,14.5972,1.96472,12915.8,1.21153,0.400571,12.289,0.375339,-0.415776,-0.408592,-4641.65,28,18170.8,5255,0.289201,563,488,14.5514,9.67899,12.1152,2.4362,0.422379,0.32107,0.371724,0.0506544,0.287003,24.1707,0.00737226,24.2788,0.127026,0.637348,0.123202,0.631718,1.32405,-0.138831,-0.132031,0.600574,0.15509,1.30366,12083.2,0.261192,0.150909,1.087,0.356803,556,0.587605,18.0259,495,0.136915,5.84521,5,5,-3.1467e-14,1.66688,5.47267,8.12054,13.648,0.181732,0.10942,9.31585,0.38725,0.125595,0.00475737,0.231208,,,,,0.0238114,-4.55943,4.65451,0.00481669,-0.0834561,0.108545,407,132,5,76,0.163538,2.26156,-2.33974,56,-0.158721,-2.97886,2.85777,18,-0.114297,0.0190252,75,-0.0111428,57,0.0203596,-0.0239774,0.0911782,0.775
V3 m3,V3,3,28,cooldown,10,1452,1051,0.276171,14.5972,0.753466,7660.78,1.11919,0.382493,7.28904,0.239585,-0.464834,-0.458312,-5498.75,28,18170.8,10510,0.578401,563,488,9.55138,4.67899,7.11519,2.4362,0.285604,0.186494,0.236049,0.0495549,-4.713,19.1707,-4.99263,19.2788,-0.00953571,0.503638,-0.0102993,0.497964,0.695441,-0.155399,-0.14831,0.600574,0.15509,1.18408,12083.2,0.522383,0.0919777,0.59188,0.356803,556,0.455152,13.0259,495,-0.00254594,0.845208,5,5,-0.205369,1.52674,5.36512,7.95204,13.4782,0.171265,0.108468,9.16207,0.38725,0.125595,0.00475737,0.231208,,,,,0.0238114,-4.55943,4.65451,0.00481669,-0.0834561,0.108545,407,132,5,76,0.163538,2.26156,-2.33974,56,-0.158721,-2.97886,2.85777,18,-0.114297,0.0190252,75,-0.0111428,57,0.0203596,-0.0239774,0.0911782,0.775
V3 m3,V3,3,28,réouverture,5,1452,1098,0.243802,15.25,1.88735,12839,1.19924,0.395264,11.6931,0.323505,-0.444557,-0.424057,-5051.06,28,18329,5490,0.299526,591,507,12.208,11.0928,11.6504,0.557642,0.372339,0.26658,0.319459,0.0528791,-0.791027,24.2816,-1.31344,24.3807,0.0750252,0.583735,0.0658343,0.582723,1.16717,-0.147411,-0.140679,0.599519,0.156648,1.26561,11538.2,0.285259,0.137581,0.933315,0.360656,582,0.536482,19.1083,516,0.0832868,3.32933,5,5,-3.44374e-14,1.57595,5.38382,8.10668,13.6006,0.179417,0.106557,9.26737,0.385246,0.128415,0.00455373,0.23224,58,-0.153811,11,2.75927,,,,,,,,,,,,,,,,,,,,,,,,,,,
V3 m3,V3,3,28,réouverture,10,1452,1098,0.243802,15.25,0.667993,7348.98,1.10834,0.376138,6.69306,0.187682,-0.483248,-0.46397,-5766.06,28,18329,10980,0.599051,591,507,7.20804,6.09276,6.6504,0.557642,0.236007,0.13135,0.183679,0.0523284,-5.79103,19.2816,-6.31344,19.3807,-0.0639156,0.453442,-0.0709601,0.451676,0.559691,-0.165412,-0.158406,0.599519,0.156648,1.14966,11538.2,0.570518,0.0768944,0.464867,0.360656,582,0.404055,14.1083,516,-0.0563664,-1.67067,5,4,-0.22592,1.43682,5.30638,7.94052,13.4801,0.169399,0.105647,9.11458,0.385246,0.128415,0.00455373,0.23224,58,-0.290457,11,2.62571,,,,,,,,,,,,,,,,,,,,,,,,,,,
V3 m4,V3,4,28,cooldown,5,1452,1051,0.276171,14.5972,1.86003,12611,1.19636,0.421503,11.9991,0.385402,-0.437078,-0.430156,-4975.59,28,17866,5255,0.294134,563,488,12.8095,11.0641,11.9368,0.872721,0.423364,0.341605,0.382485,0.0408796,-0.293718,24.3545,-0.72355,24.3912,0.130524,0.65838,0.129843,0.656812,1.30569,-0.136697,-0.129881,0.600574,0.15509,1.28628,12018.1,0.262605,0.149389,1.09284,0.305423,556,0.60973,17.7167,495,0.133429,5.57681,5,5,-0.155863,1.78912,5.63768,8.14423,14.2049,0.189343,0.113225,9.4802,0.286394,0.0637488,0.000951475,0.241675,,,,,-0.266173,-4.05203,3.36368,0.0148794,-0.056879,0.111099,301,67,1,38,0.0992433,2.74486,-2.74486,29,-0.0843638,-3.05746,3.00242,10,-0.0619441,0.0411496,37,-0.0146281,30,0.0225099,-0.023424,0.0757057,0.6805
V3 m4,V3,4,28,cooldown,10,1452,1051,0.276171,14.5972,0.69151,7356,1.10928,0.405328,6.99905,0.249648,-0.484358,-0.478073,-5850.59,28,17866,10510,0.588268,563,488,7.8095,6.06405,6.93677,0.872721,0.28659,0.207029,0.246809,0.0397801,-5.29372,19.3545,-5.72355,19.3912,-0.00495247,0.521749,-0.0100944,0.520745,0.682054,-0.159611,-0.155429,0.600574,0.15509,1.17379,12018.1,0.525209,0.090536,0.567229,0.305423,556,0.477276,12.7167,495,-0.00603121,0.576805,5,5,-0.329945,1.69011,5.50021,8.05149,13.996,0.178877,0.112274,9.31601,0.286394,0.0637488,0.000951475,0.241675,,,,,-0.266173,-4.05203,3.36368,0.0148794,-0.056879,0.111099,301,67,1,38,0.0992433,2.74486,-2.74486,29,-0.0843638,-3.05746,3.00242,10,-0.0619441,0.0411496,37,-0.0146281,30,0.0225099,-0.023424,0.0757057,0.6805
V3 m4,V3,4,28,réouverture,5,1452,1092,0.247934,15.1667,1.80495,12602.6,1.18723,0.416667,11.5408,0.335588,-0.474755,-0.455371,-5594.9,28,18062.6,5460,0.302282,589,503,10.7583,12.4571,11.6077,-0.84939,0.37838,0.285479,0.331929,0.0464508,-1.71614,24.4961,-1.8948,24.7211,0.0704043,0.615489,0.064248,0.615675,1.15549,-0.145795,-0.141005,0.600003,0.156593,1.25269,11482.7,0.285299,0.136557,0.936634,0.306777,579,0.540909,18.0564,513,0.103851,4.18706,5,5,-0.184713,1.71017,5.63027,8.12281,14.1157,0.186813,0.110806,9.44406,0.284799,0.0659341,0.000915751,0.240842,53,-0.277582,12,1.99031,,,,,,,,,,,,,,,,,,,,,,,,,,,
V3 m4,V3,4,28,réouverture,10,1452,1092,0.247934,15.1667,0.625233,7142.59,1.10124,0.399267,6.54084,0.199621,-0.511357,-0.493127,-6309.9,28,18062.6,10920,0.604564,589,503,5.75834,7.45712,6.60773,-0.84939,0.24207,0.149914,0.195992,0.046078,-6.71614,19.4961,-6.8948,19.7211,-0.0684912,0.479301,-0.0722816,0.476057,0.553669,-0.170062,-0.167993,0.600003,0.156593,1.14311,11482.7,0.570599,0.0762003,0.448075,0.306777,579,0.40826,13.0564,513,-0.0358603,-0.812939,5,4,-0.362799,1.57713,5.4932,8.00078,13.9133,0.17674,0.10989,9.28139,0.284799,0.0659341,0.000915751,0.240842,53,-0.420077,12,1.84418,,,,,,,,,,,,,,,,,,,,,,,,,,,
