variante_seuils,configuration,H,mode,frais_bps,annee,n_trades,pnl_bps,pnl_compose,esperance_bps,esperance_atr,long_bps,short_bps,timing_bps,derive_bps,long_atr,short_atr,timing_atr,derive_atr,pnl_compose_r25
échantillon entier,C1,13,cooldown,5,2020,137,3260.36,0.361806,23.7982,0.492139,24.9335,22.5033,23.7184,1.21509,0.639745,0.323775,0.48176,0.157985,0.176292
échantillon entier,C1,13,cooldown,5,2021,128,275.792,-0.00940768,2.15462,-0.0395718,9.33381,-4.17995,2.57693,6.75688,0.143789,-0.201361,-0.0287858,0.172575,-0.0165874
échantillon entier,C1,13,cooldown,5,2022,110,-641.407,-0.0732546,-5.83097,-0.00578041,-36.7265,22.8964,-6.91503,-29.8115,-0.421172,0.380461,-0.0203556,-0.400817,-0.00938443
échantillon entier,C1,13,cooldown,5,2023,119,-181.721,-0.0230215,-1.52707,-0.0597695,1.82644,-4.61013,-1.39185,3.21828,-0.0997851,-0.0229809,-0.061383,-0.0384021,-0.0224722
échantillon entier,C1,13,cooldown,5,2024,105,-515.879,-0.0593094,-4.91313,-0.43302,-1.85886,-7.68974,-4.7743,2.91544,-0.369381,-0.490873,-0.430127,0.0607464,-0.0962451
échantillon entier,C1,13,cooldown,5,2025,96,547.232,0.0525079,5.70033,0.06302,7.28623,3.66132,5.47377,1.81246,0.00829273,0.133384,0.0708382,-0.0625454,0.0107039
échantillon entier,C1,13,cooldown,10,2020,137,2575.36,0.27181,18.7982,0.387026,19.9335,17.5033,18.7184,1.21509,0.524439,0.230289,0.377364,0.147075,0.135555
échantillon entier,C1,13,cooldown,10,2021,128,-364.208,-0.0708561,-2.84538,-0.109364,4.33381,-9.17995,-2.42307,6.75688,0.0753493,-0.272346,-0.0984985,0.173848,-0.0383166
échantillon entier,C1,13,cooldown,10,2022,110,-1191.41,-0.1229,-10.831,-0.125325,-41.7265,17.8964,-11.915,-29.8115,-0.540049,0.260296,-0.139876,-0.400172,-0.0387311
échantillon entier,C1,13,cooldown,10,2023,119,-776.721,-0.0794829,-6.52707,-0.258516,-3.17356,-9.61013,-6.39185,3.21828,-0.297798,-0.222402,-0.2601,-0.0376983,-0.0676193
échantillon entier,C1,13,cooldown,10,2024,105,-1040.88,-0.107465,-9.91313,-0.583118,-6.85886,-12.6897,-9.7743,2.91544,-0.514601,-0.645405,-0.580003,0.065402,-0.128325
échantillon entier,C1,13,cooldown,10,2025,96,67.2318,0.00319275,0.700331,-0.121691,2.28623,-1.33868,0.473774,1.81246,-0.162616,-0.0690734,-0.115845,-0.0467713,-0.0257684
échantillon entier,C1,13,réouverture,5,2020,137,3260.36,0.361806,23.7982,0.492139,24.9335,22.5033,23.7184,1.21509,0.639745,0.323775,0.48176,0.157985,0.176292
échantillon entier,C1,13,réouverture,5,2021,128,275.792,-0.00940768,2.15462,-0.0395718,9.33381,-4.17995,2.57693,6.75688,0.143789,-0.201361,-0.0287858,0.172575,-0.0165874
échantillon entier,C1,13,réouverture,5,2022,110,-641.407,-0.0732546,-5.83097,-0.00578041,-36.7265,22.8964,-6.91503,-29.8115,-0.421172,0.380461,-0.0203556,-0.400817,-0.00938443
échantillon entier,C1,13,réouverture,5,2023,119,-181.721,-0.0230215,-1.52707,-0.0597695,1.82644,-4.61013,-1.39185,3.21828,-0.0997851,-0.0229809,-0.061383,-0.0384021,-0.0224722
échantillon entier,C1,13,réouverture,5,2024,105,-515.879,-0.0593094,-4.91313,-0.43302,-1.85886,-7.68974,-4.7743,2.91544,-0.369381,-0.490873,-0.430127,0.0607464,-0.0962451
échantillon entier,C1,13,réouverture,5,2025,96,547.232,0.0525079,5.70033,0.06302,7.28623,3.66132,5.47377,1.81246,0.00829273,0.133384,0.0708382,-0.0625454,0.0107039
échantillon entier,C1,13,réouverture,10,2020,137,2575.36,0.27181,18.7982,0.387026,19.9335,17.5033,18.7184,1.21509,0.524439,0.230289,0.377364,0.147075,0.135555
échantillon entier,C1,13,réouverture,10,2021,128,-364.208,-0.0708561,-2.84538,-0.109364,4.33381,-9.17995,-2.42307,6.75688,0.0753493,-0.272346,-0.0984985,0.173848,-0.0383166
échantillon entier,C1,13,réouverture,10,2022,110,-1191.41,-0.1229,-10.831,-0.125325,-41.7265,17.8964,-11.915,-29.8115,-0.540049,0.260296,-0.139876,-0.400172,-0.0387311
échantillon entier,C1,13,réouverture,10,2023,119,-776.721,-0.0794829,-6.52707,-0.258516,-3.17356,-9.61013,-6.39185,3.21828,-0.297798,-0.222402,-0.2601,-0.0376983,-0.0676193
échantillon entier,C1,13,réouverture,10,2024,105,-1040.88,-0.107465,-9.91313,-0.583118,-6.85886,-12.6897,-9.7743,2.91544,-0.514601,-0.645405,-0.580003,0.065402,-0.128325
échantillon entier,C1,13,réouverture,10,2025,96,67.2318,0.00319275,0.700331,-0.121691,2.28623,-1.33868,0.473774,1.81246,-0.162616,-0.0690734,-0.115845,-0.0467713,-0.0257684
échantillon entier,C2,13,cooldown,5,2020,215,2992.86,0.313928,13.9203,0.355386,18.3664,8.61215,13.4893,4.87713,0.482138,0.20406,0.343099,0.139039,0.198924
échantillon entier,C2,13,cooldown,5,2021,224,-1350.85,-0.178419,-6.0306,-0.129546,-1.25371,-11.0704,-6.16208,4.90836,0.0271445,-0.294862,-0.133859,0.161003,-0.0761431
échantillon entier,C2,13,cooldown,5,2022,197,-2161.6,-0.21151,-10.9726,-0.15432,-29.5499,8.57229,-10.4888,-19.0611,-0.44052,0.146786,-0.146867,-0.293653,-0.0761532
échantillon entier,C2,13,cooldown,5,2023,216,1457.74,0.143438,6.74878,0.137594,7.91961,5.53377,6.72669,1.19292,0.0447403,0.233951,0.139346,-0.0946053,0.0511299
échantillon entier,C2,13,cooldown,5,2024,196,-2944.48,-0.273546,-15.0228,-0.464252,-10.1807,-21.2163,-15.6985,5.51783,-0.432792,-0.504493,-0.468642,0.0358503,-0.197776
échantillon entier,C2,13,cooldown,5,2025,192,2385.89,0.257319,12.4265,0.432526,5.83299,20.9039,13.3684,-7.53545,0.2049,0.725187,0.465044,-0.260143,0.170017
échantillon entier,C2,13,cooldown,10,2020,215,1917.86,0.180122,8.92028,0.247396,13.3664,3.61215,8.48928,4.87713,0.365696,0.10616,0.235928,0.129768,0.132832
échantillon entier,C2,13,cooldown,10,2021,224,-2470.85,-0.265586,-11.0306,-0.19904,-6.25371,-16.0704,-11.1621,4.90836,-0.0389508,-0.367941,-0.203446,0.164495,-0.111428
échantillon entier,C2,13,cooldown,10,2022,197,-3146.6,-0.285584,-15.9726,-0.273125,-34.5499,3.57229,-15.4888,-19.0611,-0.563091,0.0319432,-0.265574,-0.297517,-0.124324
échantillon entier,C2,13,cooldown,10,2023,216,377.737,0.0264162,1.74878,-0.0719643,2.91961,0.533767,1.72669,1.19292,-0.170617,0.0304113,-0.0701029,-0.100514,-0.0351072
échantillon entier,C2,13,cooldown,10,2024,196,-3924.48,-0.341491,-20.0228,-0.605154,-15.1807,-26.2163,-20.6985,5.51783,-0.571414,-0.648309,-0.609862,0.0384475,-0.248262
échantillon entier,C2,13,cooldown,10,2025,192,1425.89,0.142327,7.42651,0.252742,0.832989,15.9039,8.36844,-7.53545,0.0345896,0.533224,0.283907,-0.249317,0.0879158
échantillon entier,C2,13,réouverture,5,2020,215,2992.86,0.313928,13.9203,0.355386,18.3664,8.61215,13.4893,4.87713,0.482138,0.20406,0.343099,0.139039,0.198924
échantillon entier,C2,13,réouverture,5,2021,224,-1350.85,-0.178419,-6.0306,-0.129546,-1.25371,-11.0704,-6.16208,4.90836,0.0271445,-0.294862,-0.133859,0.161003,-0.0761431
échantillon entier,C2,13,réouverture,5,2022,197,-2161.6,-0.21151,-10.9726,-0.15432,-29.5499,8.57229,-10.4888,-19.0611,-0.44052,0.146786,-0.146867,-0.293653,-0.0761532
échantillon entier,C2,13,réouverture,5,2023,216,1457.74,0.143438,6.74878,0.137594,7.91961,5.53377,6.72669,1.19292,0.0447403,0.233951,0.139346,-0.0946053,0.0511299
échantillon entier,C2,13,réouverture,5,2024,196,-2944.48,-0.273546,-15.0228,-0.464252,-10.1807,-21.2163,-15.6985,5.51783,-0.432792,-0.504493,-0.468642,0.0358503,-0.197776
échantillon entier,C2,13,réouverture,5,2025,192,2385.89,0.257319,12.4265,0.432526,5.83299,20.9039,13.3684,-7.53545,0.2049,0.725187,0.465044,-0.260143,0.170017
échantillon entier,C2,13,réouverture,10,2020,215,1917.86,0.180122,8.92028,0.247396,13.3664,3.61215,8.48928,4.87713,0.365696,0.10616,0.235928,0.129768,0.132832
échantillon entier,C2,13,réouverture,10,2021,224,-2470.85,-0.265586,-11.0306,-0.19904,-6.25371,-16.0704,-11.1621,4.90836,-0.0389508,-0.367941,-0.203446,0.164495,-0.111428
échantillon entier,C2,13,réouverture,10,2022,197,-3146.6,-0.285584,-15.9726,-0.273125,-34.5499,3.57229,-15.4888,-19.0611,-0.563091,0.0319432,-0.265574,-0.297517,-0.124324
échantillon entier,C2,13,réouverture,10,2023,216,377.737,0.0264162,1.74878,-0.0719643,2.91961,0.533767,1.72669,1.19292,-0.170617,0.0304113,-0.0701029,-0.100514,-0.0351072
échantillon entier,C2,13,réouverture,10,2024,196,-3924.48,-0.341491,-20.0228,-0.605154,-15.1807,-26.2163,-20.6985,5.51783,-0.571414,-0.648309,-0.609862,0.0384475,-0.248262
échantillon entier,C2,13,réouverture,10,2025,192,1425.89,0.142327,7.42651,0.252742,0.832989,15.9039,8.36844,-7.53545,0.0345896,0.533224,0.283907,-0.249317,0.0879158
échantillon entier,RE-1,13,cooldown,5,2020,215,3026.98,0.321105,14.079,0.358673,14.9082,13.0889,13.9986,0.909635,0.437058,0.265091,0.351075,0.0859835,0.202676
échantillon entier,RE-1,13,cooldown,5,2021,224,-406.122,-0.0903202,-1.81305,-0.0924963,3.42826,-7.34286,-1.9573,5.38556,0.0618726,-0.255362,-0.0967449,0.158618,-0.056189
échantillon entier,RE-1,13,cooldown,5,2022,197,-2013.19,-0.198321,-10.2192,-0.0797966,-27.0724,7.5117,-9.78034,-17.292,-0.317626,0.17042,-0.0736031,-0.244023,-0.0461179
échantillon entier,RE-1,13,cooldown,5,2023,216,1652.28,0.167476,7.64943,0.129589,10.1766,5.02688,7.60175,2.57487,0.069443,0.192005,0.130724,-0.0612809,0.0688067
échantillon entier,RE-1,13,cooldown,5,2024,196,-1160.37,-0.125861,-5.92027,-0.273583,0.763918,-14.4698,-6.85294,7.61686,-0.212145,-0.352167,-0.282156,0.070011,-0.117296
échantillon entier,RE-1,13,cooldown,5,2025,192,1946.29,0.204883,10.1369,0.348973,5.16641,16.5276,10.847,-5.68059,0.166509,0.58357,0.37504,-0.208531,0.132346
échantillon entier,RE-1,13,cooldown,10,2020,215,1951.98,0.186572,9.07897,0.250683,9.90822,8.08895,8.99859,0.909635,0.320616,0.167191,0.243904,0.0767123,0.136378
échantillon entier,RE-1,13,cooldown,10,2021,224,-1526.12,-0.186789,-6.81305,-0.16199,-1.57174,-12.3429,-6.9573,5.38556,-0.00422267,-0.328441,-0.166332,0.162109,-0.0922331
échantillon entier,RE-1,13,cooldown,10,2022,197,-2998.19,-0.273627,-15.2192,-0.198602,-32.0724,2.5117,-14.7803,-17.292,-0.440197,0.0555767,-0.19231,-0.247887,-0.0958406
échantillon entier,RE-1,13,cooldown,10,2023,216,572.278,0.0480065,2.64943,-0.0799689,5.17662,0.0268786,2.60175,2.57487,-0.145914,-0.0115348,-0.0787246,-0.0671898,-0.0188744
échantillon entier,RE-1,13,cooldown,10,2024,196,-2140.37,-0.207543,-10.9203,-0.414485,-4.23608,-19.4698,-11.8529,7.61686,-0.350767,-0.495984,-0.423375,0.0726082,-0.172823
échantillon entier,RE-1,13,cooldown,10,2025,192,986.29,0.0946646,5.13693,0.16919,0.16641,11.5276,5.847,-5.68059,-0.00380189,0.391607,0.193903,-0.197704,0.052875
échantillon entier,RE-1,13,réouverture,5,2020,217,3232.72,0.348396,14.8973,0.372071,16.3866,13.0889,14.7378,1.64882,0.460173,0.265091,0.362632,0.0975408,0.213593
échantillon entier,RE-1,13,réouverture,5,2021,224,-406.122,-0.0903202,-1.81305,-0.0924963,3.42826,-7.34286,-1.9573,5.38556,0.0618726,-0.255362,-0.0967449,0.158618,-0.056189
échantillon entier,RE-1,13,réouverture,5,2022,198,-2162.05,-0.210255,-10.9195,-0.0934115,-28.2664,7.5117,-10.3774,-17.8891,-0.341723,0.17042,-0.0856518,-0.256071,-0.0527368
échantillon entier,RE-1,13,réouverture,5,2023,217,1605.38,0.162002,7.39809,0.127118,10.1766,4.54165,7.35914,2.81749,0.069443,0.186409,0.127926,-0.0584832,0.06772
échantillon entier,RE-1,13,réouverture,5,2024,196,-1160.37,-0.125861,-5.92027,-0.273583,0.763918,-14.4698,-6.85294,7.61686,-0.212145,-0.352167,-0.282156,0.070011,-0.117296
échantillon entier,RE-1,13,réouverture,5,2025,195,1783.91,0.185419,9.14825,0.293042,4.59053,14.9249,9.75771,-5.16718,0.142508,0.483834,0.313171,-0.170663,0.115255
échantillon entier,RE-1,13,réouverture,10,2020,217,2147.72,0.209886,9.89734,0.264283,11.3866,8.08895,9.73777,1.64882,0.344242,0.167191,0.255717,0.0885251,0.146202
échantillon entier,RE-1,13,réouverture,10,2021,224,-1526.12,-0.186789,-6.81305,-0.16199,-1.57174,-12.3429,-6.9573,5.38556,-0.00422267,-0.328441,-0.166332,0.162109,-0.0922331
échantillon entier,RE-1,13,réouverture,10,2022,198,-3152.05,-0.284804,-15.9195,-0.212088,-33.2664,2.5117,-15.3774,-17.8891,-0.464007,0.0555767,-0.204215,-0.259792,-0.102325
échantillon entier,RE-1,13,réouverture,10,2023,217,520.385,0.0425681,2.39809,-0.0816744,5.17662,-0.45835,2.35914,2.81749,-0.145914,-0.0156334,-0.0807739,-0.0651405,-0.0199783
échantillon entier,RE-1,13,réouverture,10,2024,196,-2140.37,-0.207543,-10.9203,-0.414485,-4.23608,-19.4698,-11.8529,7.61686,-0.350767,-0.495984,-0.423375,0.0726082,-0.172823
échantillon entier,RE-1,13,réouverture,10,2025,195,808.908,0.0753569,4.14825,0.111956,-0.409472,9.92489,4.75771,-5.16718,-0.0281903,0.289582,0.130696,-0.158886,0.0355984
échantillon entier,RE-2,13,cooldown,5,2020,215,3004.8,0.317463,13.9758,0.353049,15.54,12.1083,13.8242,1.71583,0.45004,0.237253,0.343646,0.106393,0.198694
échantillon entier,RE-2,13,cooldown,5,2021,224,-362.251,-0.0856367,-1.61719,-0.0874314,2.54783,-6.01148,-1.73183,4.27965,0.0507481,-0.233217,-0.0912345,0.141983,-0.0534266
échantillon entier,RE-2,13,cooldown,5,2022,197,-2092.61,-0.204412,-10.6224,-0.0959384,-27.7598,7.40757,-10.1761,-17.5837,-0.325323,0.145393,-0.0899648,-0.235358,-0.0539515
échantillon entier,RE-2,13,cooldown,5,2023,216,1187.86,0.11479,5.49935,0.0869764,6.64973,4.30555,5.47764,1.17209,0.0210164,0.155426,0.088221,-0.0672045,0.0444648
échantillon entier,RE-2,13,cooldown,5,2024,196,-821.762,-0.0947897,-4.19266,-0.240358,1.34018,-11.2696,-4.96469,6.30487,-0.193391,-0.300433,-0.246912,0.0535212,-0.104163
échantillon entier,RE-2,13,cooldown,5,2025,192,2109.67,0.224803,10.9879,0.36071,6.02575,17.3677,11.6967,-5.67099,0.1896,0.580709,0.385155,-0.195554,0.141339
échantillon entier,RE-2,13,cooldown,10,2020,215,1929.8,0.183299,8.97581,0.245058,10.54,7.10835,8.82418,1.71583,0.333598,0.139353,0.236476,0.0971223,0.132613
échantillon entier,RE-2,13,cooldown,10,2021,224,-1482.25,-0.1826,-6.61719,-0.156925,-2.45217,-11.0115,-6.73183,4.27965,-0.0153472,-0.306296,-0.160821,0.145474,-0.0895754
échantillon entier,RE-2,13,cooldown,10,2022,197,-3077.61,-0.279148,-15.6224,-0.214744,-32.7598,2.40757,-15.1761,-17.5837,-0.447895,0.0305505,-0.208672,-0.239223,-0.103268
échantillon entier,RE-2,13,cooldown,10,2023,216,107.859,0.000688906,0.499349,-0.122582,1.64973,-0.694448,0.477643,1.17209,-0.194341,-0.0481142,-0.121228,-0.0731134,-0.0412266
échantillon entier,RE-2,13,cooldown,10,2024,196,-1801.76,-0.17936,-9.19266,-0.38126,-3.65982,-16.2696,-9.96469,6.30487,-0.332013,-0.44425,-0.388132,0.0561184,-0.160511
échantillon entier,RE-2,13,cooldown,10,2025,192,1149.67,0.112771,5.98786,0.180927,1.02575,12.3677,6.69674,-5.67099,0.0192897,0.388745,0.204018,-0.184728,0.0612391
échantillon entier,RE-2,13,réouverture,5,2020,217,3118.99,0.332437,14.3732,0.358143,16.2384,12.1083,14.1734,2.06503,0.4577,0.237253,0.347476,0.110223,0.204104
échantillon entier,RE-2,13,réouverture,5,2021,225,-288.977,-0.0789367,-1.28434,-0.0806355,3.15754,-6.01148,-1.42697,4.58451,0.0627386,-0.233217,-0.0852393,0.147978,-0.050015
échantillon entier,RE-2,13,réouverture,5,2022,199,-2329.99,-0.223178,-11.7085,-0.116554,-29.056,7.2824,-10.8868,-18.1692,-0.353684,0.143042,-0.105321,-0.248363,-0.0640792
échantillon entier,RE-2,13,réouverture,5,2023,218,1092.39,0.104173,5.01096,0.0739828,7.06711,2.95481,5.01096,2.05615,0.0422695,0.105696,0.0739828,-0.0317134,0.0383343
échantillon entier,RE-2,13,réouverture,5,2024,198,-1122.44,-0.121745,-5.66888,-0.26514,-0.738374,-11.832,-6.2852,5.54682,-0.223171,-0.317602,-0.270386,0.0472153,-0.116163
échantillon entier,RE-2,13,réouverture,5,2025,196,1897.48,0.199014,9.681,0.290972,4.93969,15.7455,10.3426,-5.4029,0.142375,0.481039,0.311707,-0.169332,0.118514
échantillon entier,RE-2,13,réouverture,10,2020,217,2033.99,0.195559,9.37322,0.250148,11.2384,7.10835,9.17337,2.06503,0.34139,0.139353,0.240372,0.101018,0.137109
échantillon entier,RE-2,13,réouverture,10,2021,225,-1413.98,-0.177019,-6.28434,-0.150257,-1.84246,-11.0115,-6.42697,4.58451,-0.00363494,-0.306296,-0.154965,0.15133,-0.086518
échantillon entier,RE-2,13,réouverture,10,2022,199,-3324.99,-0.296864,-16.7085,-0.235098,-34.056,2.2824,-15.8868,-18.1692,-0.475423,0.027996,-0.223714,-0.25171,-0.113282
échantillon entier,RE-2,13,réouverture,10,2023,218,2.3887,-0.00983749,0.0109573,-0.134898,2.06711,-2.04519,0.0109573,2.05615,-0.172353,-0.0974436,-0.134898,-0.0374546,-0.0474365
échantillon entier,RE-2,13,réouverture,10,2024,198,-2112.44,-0.204605,-10.6689,-0.405683,-5.73837,-16.832,-11.2852,5.54682,-0.361219,-0.461263,-0.411241,0.0500222,-0.172196
échantillon entier,RE-2,13,réouverture,10,2025,196,917.477,0.0871525,4.681,0.109611,-0.0603149,10.7455,5.34258,-5.4029,-0.0289085,0.286787,0.128939,-0.157848,0.0381041
échantillon entier,RE-3,13,cooldown,5,2020,215,3048.98,0.324109,14.1813,0.36306,12.6939,15.9571,14.3255,-1.63157,0.406358,0.311369,0.358863,0.0474947,0.205628
échantillon entier,RE-3,13,cooldown,5,2021,224,437.189,-0.00394462,1.95174,-0.0228696,1.11647,2.83298,1.97472,-0.858252,0.030772,-0.079464,-0.024346,0.055118,-0.0175641
échantillon entier,RE-3,13,cooldown,5,2022,197,-2161.8,-0.210345,-10.9736,-0.109657,-28.2109,7.16146,-10.5247,-17.6862,-0.335866,0.128333,-0.103767,-0.232099,-0.0573118
échantillon entier,RE-3,13,cooldown,5,2023,216,1088.08,0.103114,5.03738,0.0477018,8.1397,1.818,4.97885,3.16085,-0.0315929,0.129989,0.0491979,-0.0807908,0.0359864
échantillon entier,RE-3,13,cooldown,5,2024,196,-1631.89,-0.166565,-8.32597,-0.340249,-0.799151,-17.9533,-9.37622,8.57707,-0.266572,-0.434487,-0.35053,0.0839576,-0.144634
échantillon entier,RE-3,13,cooldown,5,2025,192,1794.36,0.186596,9.3456,0.312566,4.777,15.2195,9.99826,-5.22126,0.152327,0.518587,0.335457,-0.18313,0.115588
échantillon entier,RE-3,13,cooldown,10,2020,215,1973.98,0.189272,9.1813,0.25507,7.69392,10.9571,9.32549,-1.63157,0.289916,0.213469,0.251692,0.0382235,0.139167
échantillon entier,RE-3,13,cooldown,10,2021,224,-682.811,-0.10953,-3.04826,-0.0923629,-3.88353,-2.16702,-3.02528,-0.858252,-0.0353232,-0.152542,-0.0939328,0.0586096,-0.055074
échantillon entier,RE-3,13,cooldown,10,2022,197,-3146.8,-0.284527,-15.9736,-0.228463,-33.2109,2.16146,-15.5247,-17.6862,-0.458437,0.0134899,-0.222474,-0.235964,-0.106456
échantillon entier,RE-3,13,cooldown,10,2023,216,8.07504,-0.00979746,0.0373845,-0.161856,3.1397,-3.182,-0.0211498,3.16085,-0.24695,-0.073551,-0.160251,-0.0866997,-0.0490106
échantillon entier,RE-3,13,cooldown,10,2024,196,-2611.89,-0.244462,-13.326,-0.481151,-5.79915,-22.9533,-14.3762,8.57707,-0.405195,-0.578304,-0.491749,0.0865548,-0.198451
échantillon entier,RE-3,13,cooldown,10,2025,192,834.355,0.0780413,4.3456,0.132782,-0.223005,10.2195,4.99826,-5.22126,-0.0179836,0.326623,0.15432,-0.172304,0.0372857
échantillon entier,RE-3,13,réouverture,5,2020,217,3254.72,0.351463,14.9987,0.376418,14.2095,15.9571,15.0833,-0.873778,0.429988,0.311369,0.370678,0.0593099,0.216571
échantillon entier,RE-3,13,réouverture,5,2021,224,437.189,-0.00394462,1.95174,-0.0228696,1.11647,2.83298,1.97472,-0.858252,0.030772,-0.079464,-0.024346,0.055118,-0.0175641
échantillon entier,RE-3,13,réouverture,5,2022,198,-2310.66,-0.2221,-11.67,-0.123122,-29.3938,7.16146,-11.1162,-18.2776,-0.359784,0.128333,-0.115726,-0.244059,-0.063853
échantillon entier,RE-3,13,réouverture,5,2023,217,1041.18,0.0979416,4.79808,0.0456077,8.1397,1.36276,4.75123,3.38847,-0.0315929,0.124973,0.0466899,-0.0782828,0.034933
échantillon entier,RE-3,13,réouverture,5,2024,196,-1631.89,-0.166565,-8.32597,-0.340249,-0.799151,-17.9533,-9.37622,8.57707,-0.266572,-0.434487,-0.35053,0.0839576,-0.144634
échantillon entier,RE-3,13,réouverture,5,2025,195,1644.57,0.168908,8.43369,0.262995,4.20469,13.7937,8.9992,-4.79451,0.128457,0.433515,0.280986,-0.152529,0.100145
échantillon entier,RE-3,13,réouverture,10,2020,217,2169.72,0.212639,9.99872,0.26863,9.2095,10.9571,10.0833,-0.873778,0.314057,0.213469,0.263763,0.0502943,0.149016
échantillon entier,RE-3,13,réouverture,10,2021,224,-682.811,-0.10953,-3.04826,-0.0923629,-3.88353,-2.16702,-3.02528,-0.858252,-0.0353232,-0.152542,-0.0939328,0.0586096,-0.055074
échantillon entier,RE-3,13,réouverture,10,2022,198,-3300.66,-0.295536,-16.67,-0.241798,-34.3938,2.16146,-16.1162,-18.2776,-0.482068,0.0134899,-0.234289,-0.247779,-0.112865
échantillon entier,RE-3,13,réouverture,10,2023,217,-43.8175,-0.0149359,-0.201924,-0.163184,3.1397,-3.63724,-0.248769,3.38847,-0.24695,-0.07707,-0.16201,-0.0849402,-0.0500806
échantillon entier,RE-3,13,réouverture,10,2024,196,-2611.89,-0.244462,-13.326,-0.481151,-5.79915,-22.9533,-14.3762,8.57707,-0.405195,-0.578304,-0.491749,0.0865548,-0.198451
échantillon entier,RE-3,13,réouverture,10,2025,195,669.57,0.0603713,3.43369,0.0819092,-0.795314,8.79371,3.9992,-4.79451,-0.0422419,0.239264,0.0985108,-0.140753,0.0215602
échantillon entier,C1,20,cooldown,5,2020,132,3984.79,0.459637,30.1878,0.610687,46.4406,11.2706,28.8556,17.585,1.06918,0.0770278,0.573106,0.496078,0.21386
échantillon entier,C1,20,cooldown,5,2021,124,-734.302,-0.103437,-5.92179,-0.0519608,20.2878,-29.712,-4.71212,24.9999,0.372643,-0.43737,-0.0323638,0.405006,-0.0200084
échantillon entier,C1,20,cooldown,5,2022,108,-810.452,-0.0966057,-7.50419,0.0505819,-40.56,23.1905,-8.68475,-31.8753,-0.599679,0.654396,0.0273583,-0.627037,-0.00948591
échantillon entier,C1,20,cooldown,5,2023,111,-30.6215,-0.00810728,-0.275869,0.183757,10.8727,-10.4634,0.204673,10.668,0.451321,-0.0607416,0.19529,0.256031,0.0189534
échantillon entier,C1,20,cooldown,5,2024,100,1829.6,0.184788,18.296,0.288425,34.489,3.34851,18.9188,15.5703,0.834888,-0.216002,0.309443,0.525445,0.0829196
échantillon entier,C1,20,cooldown,5,2025,95,1064.61,0.104531,11.2065,0.344345,8.35151,14.659,11.5052,-3.15374,0.331663,0.359682,0.345672,-0.0140094,0.070841
échantillon entier,C1,20,cooldown,10,2020,132,3324.79,0.366633,25.1878,0.504961,41.4406,6.27063,23.8556,17.585,0.952871,-0.0163781,0.468247,0.484625,0.173138
échantillon entier,C1,20,cooldown,10,2021,124,-1354.3,-0.15741,-10.9218,-0.121834,15.2878,-34.712,-9.71212,24.9999,0.304054,-0.50841,-0.102178,0.406232,-0.0410128
échantillon entier,C1,20,cooldown,10,2022,108,-1350.45,-0.144159,-12.5042,-0.0696067,-45.56,18.1905,-13.6848,-31.8753,-0.719536,0.533899,-0.0928184,-0.626717,-0.0384182
échantillon entier,C1,20,cooldown,10,2023,111,-585.621,-0.0616768,-5.27587,-0.0138293,5.87271,-15.4634,-4.79533,10.668,0.253176,-0.257817,-0.00232044,0.255497,-0.0250648
échantillon entier,C1,20,cooldown,10,2024,100,1329.6,0.127079,13.296,0.141796,29.489,-1.65149,13.9188,15.5703,0.691319,-0.365456,0.162931,0.528388,0.0468376
échantillon entier,C1,20,cooldown,10,2025,95,589.615,0.0533283,6.20647,0.158141,3.35151,9.65899,6.50525,-3.15374,0.159184,0.156879,0.158031,0.00115224,0.0323819
échantillon entier,C1,20,réouverture,5,2020,132,3984.79,0.459637,30.1878,0.610687,46.4406,11.2706,28.8556,17.585,1.06918,0.0770278,0.573106,0.496078,0.21386
échantillon entier,C1,20,réouverture,5,2021,124,-734.302,-0.103437,-5.92179,-0.0519608,20.2878,-29.712,-4.71212,24.9999,0.372643,-0.43737,-0.0323638,0.405006,-0.0200084
échantillon entier,C1,20,réouverture,5,2022,108,-810.452,-0.0966057,-7.50419,0.0505819,-40.56,23.1905,-8.68475,-31.8753,-0.599679,0.654396,0.0273583,-0.627037,-0.00948591
échantillon entier,C1,20,réouverture,5,2023,111,-30.6215,-0.00810728,-0.275869,0.183757,10.8727,-10.4634,0.204673,10.668,0.451321,-0.0607416,0.19529,0.256031,0.0189534
échantillon entier,C1,20,réouverture,5,2024,100,1829.6,0.184788,18.296,0.288425,34.489,3.34851,18.9188,15.5703,0.834888,-0.216002,0.309443,0.525445,0.0829196
échantillon entier,C1,20,réouverture,5,2025,95,1064.61,0.104531,11.2065,0.344345,8.35151,14.659,11.5052,-3.15374,0.331663,0.359682,0.345672,-0.0140094,0.070841
échantillon entier,C1,20,réouverture,10,2020,132,3324.79,0.366633,25.1878,0.504961,41.4406,6.27063,23.8556,17.585,0.952871,-0.0163781,0.468247,0.484625,0.173138
échantillon entier,C1,20,réouverture,10,2021,124,-1354.3,-0.15741,-10.9218,-0.121834,15.2878,-34.712,-9.71212,24.9999,0.304054,-0.50841,-0.102178,0.406232,-0.0410128
échantillon entier,C1,20,réouverture,10,2022,108,-1350.45,-0.144159,-12.5042,-0.0696067,-45.56,18.1905,-13.6848,-31.8753,-0.719536,0.533899,-0.0928184,-0.626717,-0.0384182
échantillon entier,C1,20,réouverture,10,2023,111,-585.621,-0.0616768,-5.27587,-0.0138293,5.87271,-15.4634,-4.79533,10.668,0.253176,-0.257817,-0.00232044,0.255497,-0.0250648
échantillon entier,C1,20,réouverture,10,2024,100,1329.6,0.127079,13.296,0.141796,29.489,-1.65149,13.9188,15.5703,0.691319,-0.365456,0.162931,0.528388,0.0468376
échantillon entier,C1,20,réouverture,10,2025,95,589.615,0.0533283,6.20647,0.158141,3.35151,9.65899,6.50525,-3.15374,0.159184,0.156879,0.158031,0.00115224,0.0323819
échantillon entier,C2,20,cooldown,5,2020,204,4464.32,0.504652,21.8839,0.541271,50.0241,-13.0593,18.4824,31.5417,1.07022,-0.115563,0.477331,0.592894,0.302833
échantillon entier,C2,20,cooldown,5,2021,210,-174.867,-0.0764124,-0.832702,0.0127422,3.47872,-5.57527,-1.04827,4.527,0.192784,-0.185304,0.00374007,0.189044,9.47454e-05
échantillon entier,C2,20,cooldown,5,2022,184,-1103.77,-0.13552,-5.99874,-0.0720569,-34.5375,27.2405,-3.64849,-30.889,-0.589057,0.530096,-0.0294804,-0.559577,-0.0601684
échantillon entier,C2,20,cooldown,5,2023,200,1486.25,0.146072,7.43123,0.464386,10.9193,3.87265,7.396,3.52334,0.804321,0.117584,0.460953,0.343368,0.129728
échantillon entier,C2,20,cooldown,5,2024,183,-1437.13,-0.162308,-7.85316,-0.213084,9.42492,-28.2166,-9.39585,18.8208,0.189422,-0.687468,-0.249023,0.438445,-0.0934223
échantillon entier,C2,20,cooldown,5,2025,179,3346.05,0.375679,18.693,0.689347,18.6245,18.7759,18.7002,-0.0757222,0.679042,0.701815,0.690428,-0.0113863,0.288123
échantillon entier,C2,20,cooldown,10,2020,204,3444.32,0.358962,16.8839,0.432402,45.0241,-18.0593,13.4824,31.5417,0.952277,-0.213158,0.369559,0.582718,0.234155
échantillon entier,C2,20,cooldown,10,2021,210,-1224.87,-0.168552,-5.8327,-0.0565108,-1.52128,-10.5753,-6.04827,4.527,0.126692,-0.258034,-0.065671,0.192363,-0.0356172
échantillon entier,C2,20,cooldown,10,2022,184,-2023.77,-0.211593,-10.9987,-0.189585,-39.5375,22.2405,-8.64849,-30.889,-0.710054,0.416608,-0.146723,-0.563331,-0.105557
échantillon entier,C2,20,cooldown,10,2023,200,486.246,0.0370474,2.43123,0.254746,5.91934,-1.12735,2.396,3.52334,0.587463,-0.084693,0.251385,0.336078,0.0435791
échantillon entier,C2,20,cooldown,10,2024,183,-2352.13,-0.235652,-12.8532,-0.352601,4.42492,-33.2166,-14.3958,18.8208,0.0518597,-0.829287,-0.388713,0.440573,-0.146468
échantillon entier,C2,20,cooldown,10,2025,179,2451.05,0.258067,13.693,0.508544,13.6245,13.7759,13.7002,-0.0757222,0.506735,0.510731,0.508733,-0.00199793,0.203213
échantillon entier,C2,20,réouverture,5,2020,204,4464.32,0.504652,21.8839,0.541271,50.0241,-13.0593,18.4824,31.5417,1.07022,-0.115563,0.477331,0.592894,0.302833
échantillon entier,C2,20,réouverture,5,2021,210,-174.867,-0.0764124,-0.832702,0.0127422,3.47872,-5.57527,-1.04827,4.527,0.192784,-0.185304,0.00374007,0.189044,9.47454e-05
échantillon entier,C2,20,réouverture,5,2022,184,-1103.77,-0.13552,-5.99874,-0.0720569,-34.5375,27.2405,-3.64849,-30.889,-0.589057,0.530096,-0.0294804,-0.559577,-0.0601684
échantillon entier,C2,20,réouverture,5,2023,200,1486.25,0.146072,7.43123,0.464386,10.9193,3.87265,7.396,3.52334,0.804321,0.117584,0.460953,0.343368,0.129728
échantillon entier,C2,20,réouverture,5,2024,183,-1437.13,-0.162308,-7.85316,-0.213084,9.42492,-28.2166,-9.39585,18.8208,0.189422,-0.687468,-0.249023,0.438445,-0.0934223
échantillon entier,C2,20,réouverture,5,2025,179,3346.05,0.375679,18.693,0.689347,18.6245,18.7759,18.7002,-0.0757222,0.679042,0.701815,0.690428,-0.0113863,0.288123
échantillon entier,C2,20,réouverture,10,2020,204,3444.32,0.358962,16.8839,0.432402,45.0241,-18.0593,13.4824,31.5417,0.952277,-0.213158,0.369559,0.582718,0.234155
échantillon entier,C2,20,réouverture,10,2021,210,-1224.87,-0.168552,-5.8327,-0.0565108,-1.52128,-10.5753,-6.04827,4.527,0.126692,-0.258034,-0.065671,0.192363,-0.0356172
échantillon entier,C2,20,réouverture,10,2022,184,-2023.77,-0.211593,-10.9987,-0.189585,-39.5375,22.2405,-8.64849,-30.889,-0.710054,0.416608,-0.146723,-0.563331,-0.105557
échantillon entier,C2,20,réouverture,10,2023,200,486.246,0.0370474,2.43123,0.254746,5.91934,-1.12735,2.396,3.52334,0.587463,-0.084693,0.251385,0.336078,0.0435791
échantillon entier,C2,20,réouverture,10,2024,183,-2352.13,-0.235652,-12.8532,-0.352601,4.42492,-33.2166,-14.3958,18.8208,0.0518597,-0.829287,-0.388713,0.440573,-0.146468
échantillon entier,C2,20,réouverture,10,2025,179,2451.05,0.258067,13.693,0.508544,13.6245,13.7759,13.7002,-0.0757222,0.506735,0.510731,0.508733,-0.00199793,0.203213
échantillon entier,RE-1,20,cooldown,5,2020,204,4022.89,0.451276,19.7201,0.453368,34.082,1.88597,17.984,16.098,0.768921,0.0615275,0.415224,0.353697,0.246345
échantillon entier,RE-1,20,cooldown,5,2021,210,-779.474,-0.124479,-3.71178,-0.0530825,6.60241,-15.0574,-4.22749,10.8299,0.209888,-0.34235,-0.066231,0.276119,-0.0334147
échantillon entier,RE-1,20,cooldown,5,2022,184,-1498.51,-0.164196,-8.1441,-0.0167879,-27.6987,14.6313,-6.53372,-21.165,-0.384577,0.411578,0.0135006,-0.398078,-0.0291787
échantillon entier,RE-1,20,cooldown,5,2023,200,1126,0.108468,5.63001,0.281392,8.96417,2.22848,5.59633,3.36785,0.480589,0.0781712,0.27938,0.201209,0.119272
échantillon entier,RE-1,20,cooldown,5,2024,183,1285.48,0.111967,7.02448,0.13976,18.061,-5.98289,6.03907,12.022,0.395955,-0.162185,0.116885,0.27907,0.0655992
échantillon entier,RE-1,20,cooldown,5,2025,179,1972.48,0.201963,11.0194,0.463937,5.49941,17.698,11.5987,-6.09929,0.280413,0.685979,0.483196,-0.202783,0.181339
échantillon entier,RE-1,20,cooldown,10,2020,204,3002.89,0.310737,14.7201,0.344499,29.082,-3.11403,12.984,16.098,0.650973,-0.0360681,0.307452,0.343521,0.180627
échantillon entier,RE-1,20,cooldown,10,2021,210,-1829.47,-0.211842,-8.71178,-0.122335,1.60241,-20.0574,-9.22749,10.8299,0.143796,-0.41508,-0.135642,0.279438,-0.067937
échantillon entier,RE-1,20,cooldown,10,2022,184,-2418.51,-0.237756,-13.1441,-0.134316,-32.6987,9.63126,-11.5337,-21.165,-0.505574,0.29809,-0.103742,-0.401832,-0.0760457
échantillon entier,RE-1,20,cooldown,10,2023,200,126.002,0.00300544,0.630008,0.071752,3.96417,-2.77152,0.596329,3.36785,0.263732,-0.124106,0.0698128,0.193919,0.0339221
échantillon entier,RE-1,20,cooldown,10,2024,183,370.48,0.0147576,2.02448,0.000243478,13.061,-10.9829,1.03907,12.022,0.258393,-0.304004,-0.0228056,0.281198,0.00330706
échantillon entier,RE-1,20,cooldown,10,2025,179,1077.48,0.0991302,6.01943,0.283134,0.49941,12.698,6.5987,-6.09929,0.108106,0.494896,0.301501,-0.193395,0.103436
échantillon entier,RE-1,20,réouverture,5,2020,207,4212.15,0.478681,20.3486,0.461219,35.8582,0.961509,18.4099,17.4484,0.796366,0.0422857,0.419326,0.37704,0.255626
échantillon entier,RE-1,20,réouverture,5,2021,214,-2001.24,-0.225375,-9.35159,-0.114052,-4.2948,-14.9041,-9.59947,5.30467,0.0979238,-0.346809,-0.124442,0.222366,-0.064987
échantillon entier,RE-1,20,réouverture,5,2022,187,-1257.5,-0.144569,-6.72458,-0.00974237,-28.9104,18.7763,-5.06702,-23.8434,-0.408487,0.448585,0.0200489,-0.428536,-0.0261717
échantillon entier,RE-1,20,réouverture,5,2023,204,1326.4,0.131125,6.50195,0.27577,9.44721,3.43888,6.44304,3.00416,0.462578,0.0814897,0.272034,0.190544,0.121294
échantillon entier,RE-1,20,réouverture,5,2024,185,1306.68,0.114326,7.06313,0.141821,17.9934,-5.79597,6.0987,11.8947,0.395088,-0.15614,0.119474,0.275614,0.0673605
échantillon entier,RE-1,20,réouverture,5,2025,185,1595.29,0.157276,8.62319,0.33496,4.07547,13.9735,9.02446,-4.94899,0.224861,0.464489,0.344675,-0.119814,0.14501
échantillon entier,RE-1,20,réouverture,10,2020,207,3177.15,0.333498,15.3486,0.3526,30.8582,-4.03849,13.4099,17.4484,0.678973,-0.0553658,0.311804,0.367169,0.188604
échantillon entier,RE-1,20,réouverture,10,2021,214,-3071.24,-0.304106,-14.3516,-0.183383,-9.2948,-19.9041,-14.5995,5.30467,0.0319685,-0.419848,-0.19394,0.225908,-0.0990484
échantillon entier,RE-1,20,réouverture,10,2022,187,-2192.5,-0.221017,-11.7246,-0.126855,-33.9104,13.7763,-10.067,-23.8434,-0.529206,0.335618,-0.0967941,-0.432412,-0.0738205
échantillon entier,RE-1,20,réouverture,10,2023,204,306.398,0.0214716,1.50195,0.06665,4.44721,-1.56112,1.44304,3.00416,0.246427,-0.120318,0.0630545,0.183372,0.0342517
échantillon entier,RE-1,20,réouverture,10,2024,185,381.679,0.0158943,2.06313,0.00211359,12.9934,-10.796,1.0987,11.8947,0.257532,-0.298378,-0.0204233,0.277955,0.00417626
échantillon entier,RE-1,20,réouverture,10,2025,185,670.291,0.0550759,3.62319,0.153644,-0.924527,8.97345,4.02446,-4.94899,0.0554749,0.269138,0.162306,-0.106831,0.0670747
échantillon entier,RE-2,20,cooldown,5,2020,204,3155.25,0.330416,15.4669,0.420823,28.324,-0.498514,13.9127,14.4113,0.750575,0.011351,0.380963,0.369612,0.225366
échantillon entier,RE-2,20,cooldown,5,2021,210,-501.322,-0.0990916,-2.38725,-0.0329112,7.58115,-13.3525,-2.88567,10.4668,0.22207,-0.31339,-0.0456603,0.26773,-0.0230362
échantillon entier,RE-2,20,cooldown,5,2022,184,-1603.16,-0.172573,-8.71285,-0.0349003,-28.1609,13.9385,-7.11124,-21.0497,-0.389697,0.378333,-0.00568174,-0.384015,-0.0375068
échantillon entier,RE-2,20,cooldown,5,2023,200,627.496,0.0551007,3.13748,0.22481,4.60643,1.63885,3.12264,1.48379,0.391139,0.0551211,0.22313,0.168009,0.085812
échantillon entier,RE-2,20,cooldown,5,2024,183,1210.36,0.104427,6.61396,0.12895,16.1309,-4.60242,5.76424,10.3667,0.365804,-0.150199,0.107802,0.258001,0.0591009
échantillon entier,RE-2,20,cooldown,5,2025,179,2223.64,0.232834,12.4225,0.486119,6.18256,19.9721,13.0774,-6.89479,0.290554,0.72273,0.506642,-0.216088,0.195249
échantillon entier,RE-2,20,cooldown,10,2020,204,2135.25,0.201528,10.4669,0.311954,23.324,-5.49851,8.91275,14.4113,0.632627,-0.0862446,0.273191,0.359436,0.16075
échantillon entier,RE-2,20,cooldown,10,2021,210,-1551.32,-0.188976,-7.38725,-0.102164,2.58115,-18.3525,-7.88567,10.4668,0.155978,-0.38612,-0.115071,0.271049,-0.0579272
échantillon entier,RE-2,20,cooldown,10,2022,184,-2523.16,-0.245399,-13.7128,-0.152429,-33.1609,8.93847,-12.1112,-21.0497,-0.510693,0.264845,-0.122924,-0.387769,-0.0839742
échantillon entier,RE-2,20,cooldown,10,2023,200,-372.504,-0.045308,-1.86252,0.01517,-0.393565,-3.36115,-1.87736,1.48379,0.174282,-0.147156,0.0135628,0.160719,0.00300112
échantillon entier,RE-2,20,cooldown,10,2024,183,295.355,0.00787324,1.61396,-0.0105664,11.1309,-9.60242,0.764237,10.3667,0.228241,-0.292018,-0.0318885,0.260129,-0.00281243
échantillon entier,RE-2,20,cooldown,10,2025,179,1328.64,0.127375,7.42254,0.305316,1.18256,14.9721,8.07735,-6.89479,0.118247,0.531646,0.324947,-0.2067,0.116432
échantillon entier,RE-2,20,réouverture,5,2020,207,2736.05,0.276537,13.2177,0.367562,28.316,-5.65524,11.3304,16.9856,0.741031,-0.0992757,0.320878,0.420154,0.19603
échantillon entier,RE-2,20,réouverture,5,2021,215,-1664.7,-0.198291,-7.74277,-0.0881485,-2.72298,-13.3039,-8.01345,5.29047,0.121097,-0.31996,-0.0994313,0.220528,-0.0520737
échantillon entier,RE-2,20,réouverture,5,2022,189,-1423.75,-0.158364,-7.53309,-0.0323583,-29.3962,18.0995,-5.64834,-23.7478,-0.41487,0.416104,0.000616796,-0.415487,-0.0368466
échantillon entier,RE-2,20,réouverture,5,2023,203,827.866,0.0766526,4.07816,0.229968,4.98303,3.14614,4.06458,0.918448,0.379291,0.0761657,0.227729,0.151563,0.0888962
échantillon entier,RE-2,20,réouverture,5,2024,187,831.714,0.063292,4.44767,0.0878601,12.9536,-5.3293,3.81217,9.14146,0.312106,-0.169894,0.0711062,0.241,0.0402981
échantillon entier,RE-2,20,réouverture,5,2025,186,1825.23,0.184483,9.81306,0.349011,4.4879,16.1406,10.3142,-5.82635,0.222353,0.49951,0.360931,-0.138578,0.156036
échantillon entier,RE-2,20,réouverture,10,2020,207,1701.05,0.151116,8.21765,0.258784,23.316,-10.6552,6.33036,16.9856,0.623247,-0.196795,0.213226,0.410021,0.132082
échantillon entier,RE-2,20,réouverture,10,2021,215,-2739.7,-0.280122,-12.7428,-0.157615,-7.72298,-18.3039,-13.0134,5.29047,0.0548548,-0.392999,-0.169072,0.223927,-0.0868275
échantillon entier,RE-2,20,réouverture,10,2022,189,-2368.75,-0.234352,-12.5331,-0.149274,-34.3962,13.0995,-10.6483,-23.7478,-0.535153,0.303137,-0.116008,-0.419145,-0.084427
échantillon entier,RE-2,20,réouverture,10,2023,203,-187.134,-0.0272577,-0.921843,0.0217042,-0.0169679,-1.85386,-0.935416,0.918448,0.164332,-0.125202,0.0195648,0.144767,0.00485993
échantillon entier,RE-2,20,réouverture,10,2024,187,-103.286,-0.0316229,-0.552332,-0.0514805,7.95363,-10.3293,-1.18783,9.14146,0.175182,-0.312012,-0.068415,0.243597,-0.0218062
échantillon entier,RE-2,20,réouverture,10,2025,186,895.229,0.0793529,4.81306,0.167406,-0.512097,11.1406,5.31425,-5.82635,0.0523174,0.304159,0.178238,-0.125921,0.0768141
échantillon entier,RE-3,20,cooldown,5,2020,204,3632.32,0.394457,17.8055,0.460935,28.5272,4.49175,16.5095,12.0177,0.754861,0.0959504,0.425406,0.329455,0.251275
échantillon entier,RE-3,20,cooldown,5,2021,210,-790.641,-0.124314,-3.76496,-0.0387762,1.28431,-9.31915,-4.01742,5.30173,0.132895,-0.227615,-0.0473598,0.180255,-0.0257069
échantillon entier,RE-3,20,cooldown,5,2022,184,-1307.17,-0.146183,-7.10421,-0.0156946,-28.0349,17.2739,-5.3805,-22.6544,-0.399203,0.43098,0.0158885,-0.415092,-0.025934
échantillon entier,RE-3,20,cooldown,5,2023,200,172.071,0.0070154,0.860357,0.0946025,3.08355,-1.40775,0.837901,2.24565,0.154302,0.0336974,0.0939995,0.0603021,0.0536272
échantillon entier,RE-3,20,cooldown,5,2024,183,-144.841,-0.0360109,-0.79148,-0.104412,3.76027,-6.15605,-1.19789,4.95816,-0.0430912,-0.176683,-0.109887,0.0667957,-0.0374763
échantillon entier,RE-3,20,cooldown,5,2025,179,1530.46,0.150165,8.55007,0.356979,4.3359,13.6487,8.9923,-4.6564,0.233102,0.506856,0.369979,-0.136877,0.130007
échantillon entier,RE-3,20,cooldown,10,2020,204,2612.32,0.259394,12.8055,0.352066,23.5272,-0.50825,11.5095,12.0177,0.636913,-0.00164523,0.317634,0.319279,0.185302
échantillon entier,RE-3,20,cooldown,10,2021,210,-1840.64,-0.211693,-8.76496,-0.108029,-3.71569,-14.3191,-9.01742,5.30173,0.0668029,-0.300345,-0.116771,0.183574,-0.0605013
échantillon entier,RE-3,20,cooldown,10,2022,184,-2227.17,-0.221319,-12.1042,-0.133223,-33.0349,12.2739,-10.3805,-22.6544,-0.5202,0.317492,-0.101354,-0.418846,-0.0729597
échantillon entier,RE-3,20,cooldown,10,2023,200,-827.929,-0.088839,-4.13964,-0.115038,-1.91645,-6.40775,-4.1621,2.24565,-0.0625558,-0.16858,-0.115568,0.0530121,-0.0267371
échantillon entier,RE-3,20,cooldown,10,2024,183,-1059.84,-0.120347,-5.79148,-0.243928,-1.23973,-11.156,-6.19789,4.95816,-0.180654,-0.318502,-0.249578,0.068924,-0.0937805
échantillon entier,RE-3,20,cooldown,10,2025,179,635.463,0.0517402,3.55007,0.176176,-0.664102,8.6487,3.9923,-4.6564,0.0607957,0.315772,0.188284,-0.127488,0.0554653
échantillon entier,RE-3,20,réouverture,5,2020,207,3821.58,0.420789,18.4618,0.468677,30.4,3.53896,16.9695,13.4305,0.78255,0.0763344,0.429442,0.353108,0.260594
échantillon entier,RE-3,20,réouverture,5,2021,214,-2013.68,-0.225332,-9.40972,-0.10008,-9.5293,-9.27841,-9.40386,-0.125447,0.0221773,-0.234323,-0.106073,0.12825,-0.0575653
échantillon entier,RE-3,20,réouverture,5,2022,187,-1066.16,-0.126133,-5.70137,-0.00866658,-29.2432,21.3582,-3.94249,-25.3007,-0.422967,0.46754,0.0222869,-0.445254,-0.022917
échantillon entier,RE-3,20,réouverture,5,2023,205,618.602,0.0528913,3.01757,0.116755,6.04477,-0.16099,2.94189,3.10288,0.192273,0.0374606,0.114867,0.077406,0.0688184
échantillon entier,RE-3,20,réouverture,5,2024,185,-123.642,-0.0339663,-0.668336,-0.0997108,3.8356,-5.96709,-1.06574,4.90134,-0.039568,-0.170467,-0.105018,0.0654495,-0.0358854
échantillon entier,RE-3,20,réouverture,5,2025,185,1230.76,0.116105,6.65276,0.269086,2.93523,11.0263,6.98078,-4.04555,0.178496,0.375662,0.277079,-0.0985827,0.103861
échantillon entier,RE-3,20,réouverture,10,2020,207,2786.58,0.281264,13.4618,0.360058,25.4,-1.46104,11.9695,13.4305,0.665158,-0.0213171,0.32192,0.343237,0.193311
échantillon entier,RE-3,20,réouverture,10,2021,214,-3083.68,-0.304067,-14.4097,-0.169412,-14.5293,-14.2784,-14.4039,-0.125447,-0.043778,-0.307362,-0.17557,0.131792,-0.091894
échantillon entier,RE-3,20,réouverture,10,2022,187,-2001.16,-0.20422,-10.7014,-0.125779,-34.2432,16.3582,-8.94249,-25.3007,-0.543686,0.354574,-0.0945561,-0.44913,-0.0707271
échantillon entier,RE-3,20,réouverture,10,2023,205,-406.398,-0.0496881,-1.98243,-0.0918443,1.04477,-5.16099,-2.05811,3.10288,-0.0227946,-0.164347,-0.0935706,0.070776,-0.0144196
échantillon entier,RE-3,20,réouverture,10,2024,185,-1048.64,-0.119361,-5.66834,-0.239418,-1.1644,-10.9671,-6.06574,4.90134,-0.177124,-0.312706,-0.244915,0.0677909,-0.0929954
échantillon entier,RE-3,20,réouverture,10,2025,185,305.761,0.0175218,1.65276,0.0877701,-2.06477,6.02633,1.98078,-4.04555,0.00911035,0.180311,0.0947107,-0.0856003,0.0287086
échantillon entier,C1,24,cooldown,5,2020,126,3742.23,0.408793,29.7002,0.75151,35.2749,22.9519,29.1134,6.16153,1.07222,0.363282,0.717751,0.354469,0.248941
échantillon entier,C1,24,cooldown,5,2021,120,-1263.14,-0.15818,-10.5262,-0.130787,13.2772,-31.3541,-9.03846,22.3157,0.254912,-0.468273,-0.106681,0.361592,-0.0433015
échantillon entier,C1,24,cooldown,5,2022,105,-85.3918,-0.032079,-0.813255,0.183333,-37.9881,31.7147,-3.13668,-34.8514,-0.596435,0.86563,0.134598,-0.731032,0.0221852
échantillon entier,C1,24,cooldown,5,2023,110,1667.82,0.170944,15.162,0.710423,31.6895,-0.205694,15.7419,15.9476,1.38567,0.0825656,0.734116,0.65155,0.159417
échantillon entier,C1,24,cooldown,5,2024,96,1814.06,0.182288,18.8965,0.365642,22.0879,15.8353,18.9616,3.12628,0.512714,0.224574,0.368644,0.14407,0.0952623
échantillon entier,C1,24,cooldown,5,2025,92,1217.12,0.121538,13.2296,0.419815,11.5999,15.2568,13.4283,-1.82846,0.579191,0.221567,0.400379,0.178812,0.0892554
échantillon entier,C1,24,cooldown,10,2020,126,3112.23,0.322962,24.7002,0.646941,30.2749,17.9519,24.1134,6.16153,0.955862,0.272983,0.614423,0.341439,0.209257
échantillon entier,C1,24,cooldown,10,2021,120,-1863.14,-0.207302,-15.5262,-0.20075,8.2772,-36.3541,-14.0385,22.3157,0.186579,-0.539663,-0.176542,0.363121,-0.0631821
échantillon entier,C1,24,cooldown,10,2022,105,-610.392,-0.0816221,-5.81326,0.0639184,-42.9881,26.7147,-8.13668,-34.8514,-0.714613,0.745133,0.0152602,-0.729873,-0.00661235
échantillon entier,C1,24,cooldown,10,2023,110,1117.82,0.108348,10.162,0.513229,26.6895,-5.20569,10.7419,15.9476,1.18752,-0.113745,0.536888,0.650633,0.109941
échantillon entier,C1,24,cooldown,10,2024,96,1334.06,0.126952,13.8965,0.220642,17.0879,10.8353,13.9616,3.12628,0.369223,0.0781256,0.223674,0.145549,0.0604764
échantillon entier,C1,24,cooldown,10,2025,92,757.121,0.0711615,8.22958,0.233114,6.59987,10.2568,8.42832,-1.82846,0.398738,0.0270942,0.212916,0.185822,0.0514742
échantillon entier,C1,24,réouverture,5,2020,126,3742.23,0.408793,29.7002,0.75151,35.2749,22.9519,29.1134,6.16153,1.07222,0.363282,0.717751,0.354469,0.248941
échantillon entier,C1,24,réouverture,5,2021,120,-1263.14,-0.15818,-10.5262,-0.130787,13.2772,-31.3541,-9.03846,22.3157,0.254912,-0.468273,-0.106681,0.361592,-0.0433015
échantillon entier,C1,24,réouverture,5,2022,105,-85.3918,-0.032079,-0.813255,0.183333,-37.9881,31.7147,-3.13668,-34.8514,-0.596435,0.86563,0.134598,-0.731032,0.0221852
échantillon entier,C1,24,réouverture,5,2023,110,1667.82,0.170944,15.162,0.710423,31.6895,-0.205694,15.7419,15.9476,1.38567,0.0825656,0.734116,0.65155,0.159417
échantillon entier,C1,24,réouverture,5,2024,96,1814.06,0.182288,18.8965,0.365642,22.0879,15.8353,18.9616,3.12628,0.512714,0.224574,0.368644,0.14407,0.0952623
échantillon entier,C1,24,réouverture,5,2025,92,1217.12,0.121538,13.2296,0.419815,11.5999,15.2568,13.4283,-1.82846,0.579191,0.221567,0.400379,0.178812,0.0892554
échantillon entier,C1,24,réouverture,10,2020,126,3112.23,0.322962,24.7002,0.646941,30.2749,17.9519,24.1134,6.16153,0.955862,0.272983,0.614423,0.341439,0.209257
échantillon entier,C1,24,réouverture,10,2021,120,-1863.14,-0.207302,-15.5262,-0.20075,8.2772,-36.3541,-14.0385,22.3157,0.186579,-0.539663,-0.176542,0.363121,-0.0631821
échantillon entier,C1,24,réouverture,10,2022,105,-610.392,-0.0816221,-5.81326,0.0639184,-42.9881,26.7147,-8.13668,-34.8514,-0.714613,0.745133,0.0152602,-0.729873,-0.00661235
échantillon entier,C1,24,réouverture,10,2023,110,1117.82,0.108348,10.162,0.513229,26.6895,-5.20569,10.7419,15.9476,1.18752,-0.113745,0.536888,0.650633,0.109941
échantillon entier,C1,24,réouverture,10,2024,96,1334.06,0.126952,13.8965,0.220642,17.0879,10.8353,13.9616,3.12628,0.369223,0.0781256,0.223674,0.145549,0.0604764
échantillon entier,C1,24,réouverture,10,2025,92,757.121,0.0711615,8.22958,0.233114,6.59987,10.2568,8.42832,-1.82846,0.398738,0.0270942,0.212916,0.185822,0.0514742
échantillon entier,C2,24,cooldown,5,2020,196,5047.49,0.57516,25.7525,0.694999,53.776,-8.64007,22.568,31.2081,1.26254,-0.00153236,0.630505,0.632037,0.380811
échantillon entier,C2,24,cooldown,5,2021,201,653.258,-0.0121668,3.25004,0.0546019,2.92407,3.61375,3.26891,-0.344839,0.163316,-0.0667001,0.0483079,0.115008,0.019862
échantillon entier,C2,24,cooldown,5,2022,176,240.01,-0.0224277,1.36369,0.0171653,-36.2617,45.4922,4.61527,-40.877,-0.703671,0.862591,0.0794598,-0.783131,-0.0211223
échantillon entier,C2,24,cooldown,5,2023,192,3088.06,0.339235,16.0836,0.586551,25.0341,6.75233,15.8932,9.14087,1.06757,0.085068,0.576317,0.491249,0.247989
échantillon entier,C2,24,cooldown,5,2024,176,-1084.61,-0.136193,-6.16253,-0.154165,4.71698,-19.8317,-7.55734,12.2743,0.0470502,-0.406973,-0.179961,0.227011,-0.0664204
échantillon entier,C2,24,cooldown,5,2025,168,3430.94,0.383143,20.4223,0.737994,28.6718,10.1929,19.4323,9.23942,0.955644,0.468106,0.711875,0.243769,0.272094
échantillon entier,C2,24,cooldown,10,2020,196,4067.49,0.42837,20.7525,0.587345,48.776,-13.6401,17.568,31.2081,1.14549,-0.0976558,0.523919,0.621575,0.311508
échantillon entier,C2,24,cooldown,10,2021,201,-351.742,-0.106681,-1.74996,-0.014502,-2.07593,-1.38625,-1.73109,-0.344839,0.0964482,-0.138299,-0.0209254,0.117374,-0.0149449
échantillon entier,C2,24,cooldown,10,2022,176,-639.99,-0.104828,-3.63631,-0.100107,-41.2617,40.4922,-0.38473,-40.877,-0.824538,0.749535,-0.0375016,-0.787037,-0.0662978
échantillon entier,C2,24,cooldown,10,2023,192,2128.06,0.216785,11.0836,0.381002,20.0341,1.75233,10.8932,9.14087,0.862521,-0.121007,0.370757,0.491764,0.156745
échantillon entier,C2,24,cooldown,10,2024,176,-1964.61,-0.20905,-11.1625,-0.292096,-0.283023,-24.8317,-12.5573,12.2743,-0.0897492,-0.546326,-0.318038,0.228289,-0.11873
échantillon entier,C2,24,cooldown,10,2025,168,2590.94,0.271873,15.4223,0.559252,23.6718,5.19292,14.4323,9.23942,0.780127,0.285368,0.532747,0.24738,0.193816
échantillon entier,C2,24,réouverture,5,2020,196,5047.49,0.57516,25.7525,0.694999,53.776,-8.64007,22.568,31.2081,1.26254,-0.00153236,0.630505,0.632037,0.380811
échantillon entier,C2,24,réouverture,5,2021,201,653.258,-0.0121668,3.25004,0.0546019,2.92407,3.61375,3.26891,-0.344839,0.163316,-0.0667001,0.0483079,0.115008,0.019862
échantillon entier,C2,24,réouverture,5,2022,176,240.01,-0.0224277,1.36369,0.0171653,-36.2617,45.4922,4.61527,-40.877,-0.703671,0.862591,0.0794598,-0.783131,-0.0211223
échantillon entier,C2,24,réouverture,5,2023,192,3088.06,0.339235,16.0836,0.586551,25.0341,6.75233,15.8932,9.14087,1.06757,0.085068,0.576317,0.491249,0.247989
échantillon entier,C2,24,réouverture,5,2024,176,-1084.61,-0.136193,-6.16253,-0.154165,4.71698,-19.8317,-7.55734,12.2743,0.0470502,-0.406973,-0.179961,0.227011,-0.0664204
échantillon entier,C2,24,réouverture,5,2025,168,3430.94,0.383143,20.4223,0.737994,28.6718,10.1929,19.4323,9.23942,0.955644,0.468106,0.711875,0.243769,0.272094
échantillon entier,C2,24,réouverture,10,2020,196,4067.49,0.42837,20.7525,0.587345,48.776,-13.6401,17.568,31.2081,1.14549,-0.0976558,0.523919,0.621575,0.311508
échantillon entier,C2,24,réouverture,10,2021,201,-351.742,-0.106681,-1.74996,-0.014502,-2.07593,-1.38625,-1.73109,-0.344839,0.0964482,-0.138299,-0.0209254,0.117374,-0.0149449
échantillon entier,C2,24,réouverture,10,2022,176,-639.99,-0.104828,-3.63631,-0.100107,-41.2617,40.4922,-0.38473,-40.877,-0.824538,0.749535,-0.0375016,-0.787037,-0.0662978
échantillon entier,C2,24,réouverture,10,2023,192,2128.06,0.216785,11.0836,0.381002,20.0341,1.75233,10.8932,9.14087,0.862521,-0.121007,0.370757,0.491764,0.156745
échantillon entier,C2,24,réouverture,10,2024,176,-1964.61,-0.20905,-11.1625,-0.292096,-0.283023,-24.8317,-12.5573,12.2743,-0.0897492,-0.546326,-0.318038,0.228289,-0.11873
échantillon entier,C2,24,réouverture,10,2025,168,2590.94,0.271873,15.4223,0.559252,23.6718,5.19292,14.4323,9.23942,0.780127,0.285368,0.532747,0.24738,0.193816
échantillon entier,RE-1,24,cooldown,5,2020,196,3993.71,0.429055,20.3761,0.556745,31.7955,6.36135,19.0784,12.7171,0.848826,0.198283,0.523554,0.325272,0.29062
échantillon entier,RE-1,24,cooldown,5,2021,201,-518.373,-0.115613,-2.57897,-0.0621413,2.44636,-8.18618,-2.86991,5.31627,0.143,-0.291035,-0.0740179,0.217018,-0.0378289
échantillon entier,RE-1,24,cooldown,5,2022,176,135.223,-0.0235334,0.768313,0.164877,-21.1617,26.4887,2.6635,-23.8252,-0.260623,0.66392,0.201649,-0.462272,0.0452858
échantillon entier,RE-1,24,cooldown,5,2023,192,2888.93,0.316161,15.0465,0.571331,22.5417,7.23237,14.8871,7.65469,1.00521,0.118987,0.5621,0.443113,0.253631
échantillon entier,RE-1,24,cooldown,5,2024,176,1636.83,0.151159,9.30016,0.247101,10.5311,7.75357,9.14235,1.38877,0.2677,0.22122,0.24446,0.0232402,0.111408
échantillon entier,RE-1,24,cooldown,5,2025,168,2194.72,0.227555,13.0638,0.507492,11.9631,14.4287,13.1959,-1.2328,0.447303,0.582127,0.514715,-0.0674122,0.171729
échantillon entier,RE-1,24,cooldown,10,2020,196,3013.71,0.295823,15.3761,0.449091,26.7955,1.36135,14.0784,12.7171,0.731777,0.102159,0.416968,0.314809,0.225821
échantillon entier,RE-1,24,cooldown,10,2021,201,-1523.37,-0.200271,-7.57897,-0.131245,-2.55364,-13.1862,-7.86991,5.31627,0.0761318,-0.362634,-0.143251,0.219383,-0.0706788
échantillon entier,RE-1,24,cooldown,10,2022,176,-744.777,-0.105837,-4.23169,0.047605,-26.1617,21.4887,-2.3365,-23.8252,-0.38149,0.550865,0.0846873,-0.466178,-0.00292107
échantillon entier,RE-1,24,cooldown,10,2023,192,1928.93,0.195812,10.0465,0.365782,17.5417,2.23237,9.88706,7.65469,0.800167,-0.087088,0.35654,0.443628,0.161984
échantillon entier,RE-1,24,cooldown,10,2024,176,756.829,0.0542256,4.30016,0.109169,5.53112,2.75357,4.14235,1.38877,0.130901,0.081866,0.106383,0.0245173,0.0492065
échantillon entier,RE-1,24,cooldown,10,2025,168,1354.72,0.128736,8.06382,0.328751,6.9631,9.42871,8.1959,-1.2328,0.271785,0.399389,0.335587,-0.0638017,0.0995962
échantillon entier,RE-1,24,réouverture,5,2020,199,4179.63,0.455558,21.0031,0.563116,33.6636,5.35544,19.5095,14.1541,0.875636,0.176856,0.526246,0.34939,0.300079
échantillon entier,RE-1,24,réouverture,5,2021,206,-1353.54,-0.18599,-6.5706,-0.105626,-7.5932,-5.46536,-6.52928,-1.06392,0.0434437,-0.266741,-0.111649,0.155092,-0.0598965
échantillon entier,RE-1,24,réouverture,5,2022,180,593.212,0.0204978,3.29562,0.180513,-21.0669,31.7675,5.35029,-26.4172,-0.257364,0.692247,0.217442,-0.474806,0.0542694
échantillon entier,RE-1,24,réouverture,5,2023,197,2994.4,0.330161,15.2,0.537424,21.7475,8.3115,15.0295,6.71798,0.937411,0.116604,0.527008,0.410403,0.245719
échantillon entier,RE-1,24,réouverture,5,2024,179,1859.63,0.176992,10.389,0.282915,11.8038,8.59819,10.201,1.60279,0.295575,0.26689,0.281232,0.0143425,0.129767
échantillon entier,RE-1,24,réouverture,5,2025,173,1650.12,0.162027,9.53826,0.273776,10.7486,8.06415,9.40636,1.34221,0.368481,0.15843,0.263455,0.105026,0.111532
échantillon entier,RE-1,24,réouverture,10,2020,199,3184.63,0.317889,16.0031,0.455704,28.6636,0.355435,14.5095,14.1541,0.759151,0.0806581,0.419904,0.339246,0.233958
échantillon entier,RE-1,24,réouverture,10,2021,206,-2383.54,-0.26578,-11.5706,-0.174806,-12.5932,-10.4654,-11.5293,-1.06392,-0.0227199,-0.339182,-0.180951,0.158231,-0.0928165
échantillon entier,RE-1,24,réouverture,10,2022,180,-306.788,-0.0673649,-1.70438,0.0637027,-26.0669,26.7675,0.350294,-26.4172,-0.377845,0.579728,0.100942,-0.478787,0.0046787
échantillon entier,RE-1,24,réouverture,10,2023,197,2009.4,0.20552,10.2,0.331358,16.7475,3.3115,10.0295,6.71798,0.729955,-0.0879979,0.320978,0.408976,0.152381
échantillon entier,RE-1,24,réouverture,10,2024,179,964.634,0.0762793,5.38902,0.144506,6.80377,3.59819,5.20098,1.60279,0.15868,0.126566,0.142623,0.0160571,0.065384
échantillon entier,RE-1,24,réouverture,10,2025,173,785.119,0.0657859,4.53826,0.0952767,5.74858,3.06415,4.40636,1.34221,0.196105,-0.0275274,0.084289,0.111816,0.0412474
échantillon entier,RE-2,24,cooldown,5,2020,196,3288.32,0.330802,16.7771,0.530503,27.4975,3.62028,15.5589,11.9386,0.849254,0.139309,0.494281,0.354973,0.273648
échantillon entier,RE-2,24,cooldown,5,2021,201,-187.289,-0.0851947,-0.931788,-0.0382034,4.04254,-6.4821,-1.21978,5.26232,0.162454,-0.262095,-0.0498204,0.212275,-0.0261051
échantillon entier,RE-2,24,cooldown,5,2022,176,76.2944,-0.0288397,0.433491,0.154151,-21.1605,25.7598,2.29964,-23.4601,-0.254558,0.6335,0.189471,-0.444029,0.039794
échantillon entier,RE-2,24,cooldown,5,2023,192,2336.94,0.246446,12.1716,0.501198,18.1635,5.9247,12.0441,6.11938,0.917826,0.0668413,0.492333,0.425492,0.21266
échantillon entier,RE-2,24,cooldown,5,2024,176,1772.14,0.167868,10.0689,0.258612,10.3364,9.7329,10.0347,0.301763,0.267752,0.247128,0.25744,0.010312,0.115304
échantillon entier,RE-2,24,cooldown,5,2025,168,2339.08,0.245795,13.9231,0.474842,11.9122,16.4166,14.1644,-2.25216,0.359628,0.617707,0.488667,-0.12904,0.17324
échantillon entier,RE-2,24,cooldown,10,2020,196,2308.32,0.206687,11.7771,0.422849,22.4975,-1.37972,10.5589,11.9386,0.732205,0.0431854,0.387695,0.34451,0.209697
échantillon entier,RE-2,24,cooldown,10,2021,201,-1192.29,-0.17275,-5.93179,-0.107307,-0.957456,-11.4821,-6.21978,5.26232,0.0955867,-0.333694,-0.119054,0.21464,-0.0593531
échantillon entier,RE-2,24,cooldown,10,2022,176,-803.706,-0.110698,-4.56651,0.0368788,-26.1605,20.7598,-2.70036,-23.4601,-0.375425,0.520445,0.07251,-0.447935,-0.008161
échantillon entier,RE-2,24,cooldown,10,2023,192,1376.94,0.132441,7.17156,0.295649,13.1635,0.924699,7.04408,6.11938,0.712781,-0.139234,0.286774,0.426007,0.123992
échantillon entier,RE-2,24,cooldown,10,2024,176,892.135,0.0695357,5.06895,0.12068,5.33642,4.7329,5.03466,0.301763,0.130952,0.107774,0.119363,0.0115891,0.052886
échantillon entier,RE-2,24,cooldown,10,2025,168,1499.08,0.145517,8.9231,0.296101,6.91224,11.4166,9.1644,-2.25216,0.18411,0.434969,0.309539,-0.125429,0.101013
échantillon entier,RE-2,24,réouverture,5,2020,199,3060.37,0.301294,15.3788,0.491624,27.5409,0.346912,13.9439,13.597,0.838147,0.0633376,0.450742,0.387405,0.254394
échantillon entier,RE-2,24,réouverture,5,2021,207,-1012.57,-0.157187,-4.89163,-0.0806389,-5.78072,-3.9217,-4.85121,-0.929509,0.066374,-0.241017,-0.0873213,0.153695,-0.0478402
échantillon entier,RE-2,24,réouverture,5,2022,183,328.501,-0.00563882,1.79509,0.14614,-22.4916,31.0562,4.28228,-26.7739,-0.282489,0.66256,0.190036,-0.472524,0.0386682
échantillon entier,RE-2,24,réouverture,5,2023,196,2506.16,0.267798,12.7865,0.489394,18.1958,7.15194,12.6738,5.52191,0.887555,0.0746436,0.481099,0.406456,0.212135
échantillon entier,RE-2,24,réouverture,5,2024,179,1864.62,0.178663,10.4169,0.279665,10.7279,10.032,10.3799,0.347922,0.273715,0.287028,0.280372,-0.00665652,0.125741
échantillon entier,RE-2,24,réouverture,5,2025,175,1837.92,0.184428,10.5024,0.260237,10.926,9.97556,10.4508,0.475239,0.314593,0.192641,0.253617,0.0609758,0.117811
échantillon entier,RE-2,24,réouverture,10,2020,199,2065.37,0.178149,10.3788,0.384047,22.5409,-4.65309,8.9439,13.597,0.721253,-0.0327233,0.344265,0.376988,0.190487
échantillon entier,RE-2,24,réouverture,10,2021,207,-2047.57,-0.240167,-9.89163,-0.14996,-10.7807,-8.9217,-9.85121,-0.929509,-8.78561e-05,-0.313457,-0.156773,0.156685,-0.0814061
échantillon entier,RE-2,24,réouverture,10,2022,183,-586.499,-0.0926251,-3.20491,0.0291381,-27.4916,26.0562,-0.717718,-26.7739,-0.403211,0.550041,0.0734148,-0.476626,-0.0111458
échantillon entier,RE-2,24,réouverture,10,2023,196,1526.16,0.149549,7.78654,0.284231,13.1958,2.15194,7.67385,5.52191,0.681414,-0.129501,0.275956,0.405457,0.121862
échantillon entier,RE-2,24,réouverture,10,2024,179,969.62,0.0778081,5.41687,0.141748,5.72786,5.03202,5.37994,0.347922,0.136659,0.148045,0.142352,-0.00569316,0.0617119
échantillon entier,RE-2,24,réouverture,10,2025,175,962.919,0.0852553,5.5024,0.0786775,5.92604,4.97556,5.4508,0.475239,0.136569,0.00668402,0.0716266,0.0649426,0.0460829
échantillon entier,RE-3,24,cooldown,5,2020,196,4219.26,0.464633,21.5268,0.616485,30.1997,10.8828,20.5413,9.65847,0.907701,0.259083,0.583392,0.324309,0.33022
échantillon entier,RE-3,24,cooldown,5,2021,201,-160.201,-0.0802324,-0.797021,-0.0194572,-1.68936,0.19864,-0.745359,-0.944,0.0817981,-0.132437,-0.0253193,0.107117,-0.0161947
échantillon entier,RE-3,24,cooldown,5,2022,176,60.158,-0.0288019,0.341807,0.134199,-22.025,26.5745,2.27474,-24.2997,-0.300054,0.643507,0.171727,-0.47178,0.034113
échantillon entier,RE-3,24,cooldown,5,2023,192,1185.78,0.110615,6.17594,0.277256,15.6636,-3.71546,5.97408,9.68954,0.576936,-0.0351758,0.27088,0.306056,0.129888
échantillon entier,RE-3,24,cooldown,5,2024,176,-147.473,-0.0374849,-0.837917,-0.0469034,-5.49107,5.00836,-0.241358,-5.24971,-0.179218,0.119338,-0.02994,-0.149278,-0.01435
échantillon entier,RE-3,24,cooldown,5,2025,168,1840.42,0.184791,10.9549,0.423042,9.30609,12.9994,11.1528,-1.84667,0.3679,0.491419,0.429659,-0.0617596,0.136208
échantillon entier,RE-3,24,cooldown,10,2020,196,3239.26,0.328102,16.5268,0.508831,25.1997,5.88279,15.5413,9.65847,0.790652,0.162959,0.476806,0.313846,0.263445
échantillon entier,RE-3,24,cooldown,10,2021,201,-1165.2,-0.168259,-5.79702,-0.088561,-6.68936,-4.80136,-5.74536,-0.944,0.0149303,-0.204036,-0.0945527,0.109483,-0.0497774
échantillon entier,RE-3,24,cooldown,10,2022,176,-819.842,-0.110663,-4.65819,0.0169267,-27.025,21.5745,-2.72526,-24.2997,-0.420921,0.530452,0.0547654,-0.475686,-0.0135849
échantillon entier,RE-3,24,cooldown,10,2023,192,225.781,0.00897531,1.17594,0.0717072,10.6636,-8.71546,0.974077,9.68954,0.371891,-0.241251,0.0653203,0.306571,0.0472524
échantillon entier,RE-3,24,cooldown,10,2024,176,-1027.47,-0.118613,-5.83792,-0.184835,-10.4911,0.0083558,-5.24136,-5.24971,-0.316018,-0.0200153,-0.168017,-0.148001,-0.0695576
échantillon entier,RE-3,24,cooldown,10,2025,168,1000.42,0.0893956,5.95491,0.244301,4.30609,7.99944,6.15277,-1.84667,0.192382,0.308681,0.250531,-0.0581491,0.0662476
échantillon entier,RE-3,24,réouverture,5,2020,199,4405.17,0.491797,22.1365,0.621955,32.0968,9.82608,20.9614,11.1354,0.933441,0.236972,0.585207,0.348234,0.339969
échantillon entier,RE-3,24,réouverture,5,2021,207,-791.156,-0.137003,-3.82201,-0.0542906,-9.69114,2.58068,-3.55523,-6.13591,0.000947497,-0.11455,-0.0568014,0.0577489,-0.0341667
échantillon entier,RE-3,24,réouverture,5,2022,181,441.262,0.00718804,2.43791,0.13691,-21.9124,30.5568,4.32217,-26.2346,-0.295981,0.636796,0.170407,-0.466389,0.0369715
échantillon entier,RE-3,24,réouverture,5,2023,198,1267.53,0.119741,6.40166,0.231736,14.6933,-2.40825,6.14255,8.55079,0.482166,-0.0343466,0.22391,0.258256,0.118954
échantillon entier,RE-3,24,réouverture,5,2024,179,31.4033,-0.0201648,0.175438,-0.0246205,-3.89798,5.33167,0.716842,-4.61483,-0.142405,0.124474,-0.00896557,-0.13344,-0.00242593
échantillon entier,RE-3,24,réouverture,5,2025,173,1494.86,0.144465,8.64083,0.295091,8.14751,9.24166,8.69458,-0.547078,0.29075,0.300378,0.295564,-0.0048141,0.0998619
échantillon entier,RE-3,24,réouverture,10,2020,199,3410.17,0.350718,17.1365,0.514543,27.0968,4.82608,15.9614,11.1354,0.816955,0.140775,0.478865,0.33809,0.271832
échantillon entier,RE-3,24,réouverture,10,2021,207,-1826.16,-0.22196,-8.82201,-0.123385,-14.6911,-2.41932,-8.55523,-6.13591,-0.0650794,-0.186991,-0.126035,0.0609559,-0.0681012
échantillon entier,RE-3,24,réouverture,10,2022,181,-463.738,-0.0799939,-2.56209,0.0199147,-26.9124,25.5568,-0.677835,-26.2346,-0.416462,0.523826,0.0536819,-0.470144,-0.0121855
échantillon entier,RE-3,24,réouverture,10,2023,198,277.529,0.0142225,1.40166,0.0260468,9.69334,-7.40825,1.14255,8.55079,0.275454,-0.238949,0.0182528,0.257202,0.0347376
échantillon entier,RE-3,24,réouverture,10,2024,179,-863.597,-0.10409,-4.82456,-0.163029,-8.89798,0.331668,-4.28316,-4.61483,-0.2793,-0.0158502,-0.147575,-0.131725,-0.059322
échantillon entier,RE-3,24,réouverture,10,2025,173,629.863,0.04967,3.64083,0.116592,3.14751,4.24166,3.69458,-0.547078,0.118374,0.114421,0.116397,0.00197666,0.0303113
échantillon entier,C1,26,cooldown,5,2020,122,3313.32,0.346709,27.1584,0.68731,23.135,32.0596,27.5973,-4.46232,0.777202,0.577806,0.677504,0.0996977,0.217705
échantillon entier,C1,26,cooldown,5,2021,119,-1259.2,-0.176478,-10.5815,-0.1472,-5.10789,-15.2854,-10.1966,5.08876,0.0437139,-0.311267,-0.133776,0.17749,-0.0489647
échantillon entier,C1,26,cooldown,5,2022,102,-259.341,-0.0494249,-2.54256,0.126343,-44.9267,35.1323,-4.89724,-40.0295,-0.667001,0.831537,0.082268,-0.749269,0.0115212
échantillon entier,C1,26,cooldown,5,2023,110,2009.58,0.211012,18.2689,0.612894,36.9876,0.863852,18.9257,18.0619,1.32764,-0.0516945,0.637973,0.689668,0.163321
échantillon entier,C1,26,cooldown,5,2024,95,2334.14,0.242186,24.5699,0.522553,26.9299,22.2591,24.5945,2.3354,0.673676,0.374578,0.524127,0.149549,0.134039
échantillon entier,C1,26,cooldown,5,2025,91,1206.17,0.11932,13.2547,0.574573,15.6439,10.2084,12.9261,2.71777,0.89816,0.162,0.53008,0.36808,0.114209
échantillon entier,C1,26,cooldown,10,2020,122,2703.32,0.267163,22.1584,0.581974,18.135,27.0596,22.5973,-4.46232,0.659392,0.487664,0.573528,0.0858642,0.179958
échantillon entier,C1,26,cooldown,10,2021,119,-1854.2,-0.224161,-15.5815,-0.217302,-10.1079,-20.2854,-15.1966,5.08876,-0.0253219,-0.382285,-0.203803,0.178481,-0.0686051
échantillon entier,C1,26,cooldown,10,2022,102,-769.341,-0.0967344,-7.54256,0.00658373,-49.9267,30.1323,-9.89724,-40.0295,-0.784583,0.709843,-0.03737,-0.747213,-0.0161869
échantillon entier,C1,26,cooldown,10,2023,110,1459.58,0.146294,13.2689,0.4157,31.9876,-4.13615,13.9257,18.0619,1.1295,-0.248005,0.440746,0.688751,0.113673
échantillon entier,C1,26,cooldown,10,2024,95,1859.14,0.184666,19.5699,0.377191,21.9299,17.2591,19.5945,2.3354,0.530185,0.227385,0.378785,0.1514,0.0983403
échantillon entier,C1,26,cooldown,10,2025,91,751.173,0.0695762,8.25465,0.387678,10.6439,5.20836,7.92613,2.71777,0.717707,-0.0331084,0.342299,0.375408,0.0760344
échantillon entier,C1,26,réouverture,5,2020,122,3313.32,0.346709,27.1584,0.68731,23.135,32.0596,27.5973,-4.46232,0.777202,0.577806,0.677504,0.0996977,0.217705
échantillon entier,C1,26,réouverture,5,2021,119,-1259.2,-0.176478,-10.5815,-0.1472,-5.10789,-15.2854,-10.1966,5.08876,0.0437139,-0.311267,-0.133776,0.17749,-0.0489647
échantillon entier,C1,26,réouverture,5,2022,102,-259.341,-0.0494249,-2.54256,0.126343,-44.9267,35.1323,-4.89724,-40.0295,-0.667001,0.831537,0.082268,-0.749269,0.0115212
échantillon entier,C1,26,réouverture,5,2023,110,2009.58,0.211012,18.2689,0.612894,36.9876,0.863852,18.9257,18.0619,1.32764,-0.0516945,0.637973,0.689668,0.163321
échantillon entier,C1,26,réouverture,5,2024,95,2334.14,0.242186,24.5699,0.522553,26.9299,22.2591,24.5945,2.3354,0.673676,0.374578,0.524127,0.149549,0.134039
échantillon entier,C1,26,réouverture,5,2025,91,1206.17,0.11932,13.2547,0.574573,15.6439,10.2084,12.9261,2.71777,0.89816,0.162,0.53008,0.36808,0.114209
échantillon entier,C1,26,réouverture,10,2020,122,2703.32,0.267163,22.1584,0.581974,18.135,27.0596,22.5973,-4.46232,0.659392,0.487664,0.573528,0.0858642,0.179958
échantillon entier,C1,26,réouverture,10,2021,119,-1854.2,-0.224161,-15.5815,-0.217302,-10.1079,-20.2854,-15.1966,5.08876,-0.0253219,-0.382285,-0.203803,0.178481,-0.0686051
échantillon entier,C1,26,réouverture,10,2022,102,-769.341,-0.0967344,-7.54256,0.00658373,-49.9267,30.1323,-9.89724,-40.0295,-0.784583,0.709843,-0.03737,-0.747213,-0.0161869
échantillon entier,C1,26,réouverture,10,2023,110,1459.58,0.146294,13.2689,0.4157,31.9876,-4.13615,13.9257,18.0619,1.1295,-0.248005,0.440746,0.688751,0.113673
échantillon entier,C1,26,réouverture,10,2024,95,1859.14,0.184666,19.5699,0.377191,21.9299,17.2591,19.5945,2.3354,0.530185,0.227385,0.378785,0.1514,0.0983403
échantillon entier,C1,26,réouverture,10,2025,91,751.173,0.0695762,8.25465,0.387678,10.6439,5.20836,7.92613,2.71777,0.717707,-0.0331084,0.342299,0.375408,0.0760344
échantillon entier,C2,26,cooldown,5,2020,189,4147.06,0.431765,21.9421,0.633874,41.4601,-1.93868,19.7607,21.6994,1.00969,0.174049,0.59187,0.417822,0.324233
échantillon entier,C2,26,cooldown,5,2021,192,1170.18,0.0293973,6.09468,0.126205,9.42423,2.47561,5.94992,3.47431,0.253976,-0.0126759,0.12065,0.133326,0.0527348
échantillon entier,C2,26,cooldown,5,2022,173,1366.08,0.0849551,7.89642,0.0870476,-38.0927,61.3588,11.633,-49.7258,-0.768561,1.08169,0.156566,-0.925127,0.0154026
échantillon entier,C2,26,cooldown,5,2023,188,3719.03,0.425525,19.7821,0.50519,29.3451,9.58848,19.4668,9.87831,1.00719,-0.0299074,0.48864,0.518548,0.242792
échantillon entier,C2,26,cooldown,5,2024,171,-464.638,-0.0822163,-2.71718,-0.0645036,8.08005,-16.2137,-4.06683,12.1469,0.159333,-0.344299,-0.0924832,0.251816,-0.031541
échantillon entier,C2,26,cooldown,5,2025,167,3370.92,0.3737,20.1852,0.833195,32.2245,5.76958,18.9971,13.2275,1.18336,0.413913,0.798638,0.384726,0.301213
échantillon entier,C2,26,cooldown,10,2020,189,3202.06,0.302826,16.9421,0.526323,36.4601,-6.93868,14.7607,21.6994,0.89258,0.0781969,0.485389,0.407192,0.259885
échantillon entier,C2,26,cooldown,10,2021,192,210.179,-0.0648794,1.09468,0.056746,4.42423,-2.52439,0.949921,3.47431,0.186826,-0.0846451,0.0510903,0.135735,0.018223
échantillon entier,C2,26,cooldown,10,2022,173,501.081,-0.00495735,2.89642,-0.0310049,-43.0927,56.3588,6.63304,-49.7258,-0.890011,0.96759,0.0387894,-0.928801,-0.0309275
échantillon entier,C2,26,cooldown,10,2023,188,2779.03,0.29782,14.7821,0.298385,24.3451,4.58848,14.4668,9.87831,0.802457,-0.238921,0.281768,0.520689,0.1536
échantillon entier,C2,26,cooldown,10,2024,171,-1319.64,-0.157497,-7.71718,-0.203798,3.08005,-21.2137,-9.06683,12.1469,0.0211912,-0.485034,-0.231921,0.253112,-0.0847455
échantillon entier,C2,26,cooldown,10,2025,167,2535.92,0.263816,15.1852,0.654144,27.2245,0.769578,13.9971,13.2275,1.0082,0.230215,0.619205,0.38899,0.221634
échantillon entier,C2,26,réouverture,5,2020,189,4147.06,0.431765,21.9421,0.633874,41.4601,-1.93868,19.7607,21.6994,1.00969,0.174049,0.59187,0.417822,0.324233
échantillon entier,C2,26,réouverture,5,2021,192,1170.18,0.0293973,6.09468,0.126205,9.42423,2.47561,5.94992,3.47431,0.253976,-0.0126759,0.12065,0.133326,0.0527348
échantillon entier,C2,26,réouverture,5,2022,173,1366.08,0.0849551,7.89642,0.0870476,-38.0927,61.3588,11.633,-49.7258,-0.768561,1.08169,0.156566,-0.925127,0.0154026
échantillon entier,C2,26,réouverture,5,2023,188,3719.03,0.425525,19.7821,0.50519,29.3451,9.58848,19.4668,9.87831,1.00719,-0.0299074,0.48864,0.518548,0.242792
échantillon entier,C2,26,réouverture,5,2024,171,-464.638,-0.0822163,-2.71718,-0.0645036,8.08005,-16.2137,-4.06683,12.1469,0.159333,-0.344299,-0.0924832,0.251816,-0.031541
échantillon entier,C2,26,réouverture,5,2025,167,3370.92,0.3737,20.1852,0.833195,32.2245,5.76958,18.9971,13.2275,1.18336,0.413913,0.798638,0.384726,0.301213
échantillon entier,C2,26,réouverture,10,2020,189,3202.06,0.302826,16.9421,0.526323,36.4601,-6.93868,14.7607,21.6994,0.89258,0.0781969,0.485389,0.407192,0.259885
échantillon entier,C2,26,réouverture,10,2021,192,210.179,-0.0648794,1.09468,0.056746,4.42423,-2.52439,0.949921,3.47431,0.186826,-0.0846451,0.0510903,0.135735,0.018223
échantillon entier,C2,26,réouverture,10,2022,173,501.081,-0.00495735,2.89642,-0.0310049,-43.0927,56.3588,6.63304,-49.7258,-0.890011,0.96759,0.0387894,-0.928801,-0.0309275
échantillon entier,C2,26,réouverture,10,2023,188,2779.03,0.29782,14.7821,0.298385,24.3451,4.58848,14.4668,9.87831,0.802457,-0.238921,0.281768,0.520689,0.1536
échantillon entier,C2,26,réouverture,10,2024,171,-1319.64,-0.157497,-7.71718,-0.203798,3.08005,-21.2137,-9.06683,12.1469,0.0211912,-0.485034,-0.231921,0.253112,-0.0847455
échantillon entier,C2,26,réouverture,10,2025,167,2535.92,0.263816,15.1852,0.654144,27.2245,0.769578,13.9971,13.2275,1.0082,0.230215,0.619205,0.38899,0.221634
échantillon entier,RE-1,26,cooldown,5,2020,189,3485.94,0.354984,18.4441,0.5141,22.9994,12.8706,17.935,5.06439,0.644835,0.354143,0.499489,0.145346,0.252746
échantillon entier,RE-1,26,cooldown,5,2021,192,395.095,-0.039867,2.05779,0.0237499,10.1417,-6.72903,1.70631,8.43534,0.241286,-0.212702,0.0142918,0.226994,0.00271052
échantillon entier,RE-1,26,cooldown,5,2022,173,1644.26,0.128922,9.50439,0.304712,-17.7391,41.1749,11.7179,-29.457,-0.177558,0.865351,0.343897,-0.521455,0.115262
échantillon entier,RE-1,26,cooldown,5,2023,188,3591.21,0.411117,19.1022,0.503674,28.8811,8.67853,18.7798,10.1013,1.00828,-0.0341981,0.487039,0.521237,0.25388
échantillon entier,RE-1,26,cooldown,5,2024,171,2163.85,0.211362,12.6541,0.334344,15.4075,9.21244,12.3099,3.09751,0.399465,0.252943,0.326204,0.073261,0.147784
échantillon entier,RE-1,26,cooldown,5,2025,167,2039.25,0.208976,12.2111,0.549728,14.0259,10.0381,12.032,1.99389,0.598761,0.491017,0.544889,0.0538721,0.181176
échantillon entier,RE-1,26,cooldown,10,2020,189,2540.94,0.232932,13.4441,0.40655,17.9994,7.87059,12.935,5.06439,0.527723,0.258292,0.393007,0.134716,0.191851
échantillon entier,RE-1,26,cooldown,10,2021,192,-564.905,-0.127827,-2.94221,-0.0457092,5.14165,-11.729,-3.29369,8.43534,0.174136,-0.284671,-0.0552677,0.229404,-0.030173
échantillon entier,RE-1,26,cooldown,10,2022,173,779.259,0.035393,4.50439,0.18666,-22.7391,36.1749,6.71792,-29.457,-0.299008,0.751249,0.22612,-0.525128,0.0644212
échantillon entier,RE-1,26,cooldown,10,2023,188,2651.21,0.284697,14.1022,0.29687,23.8811,3.67853,13.7798,10.1013,0.803545,-0.243212,0.280167,0.523379,0.163903
échantillon entier,RE-1,26,cooldown,10,2024,171,1308.85,0.112164,7.65412,0.19505,10.4075,4.21244,7.30995,3.09751,0.261324,0.112209,0.186766,0.0745574,0.0847999
échantillon entier,RE-1,26,cooldown,10,2025,167,1204.25,0.112201,7.21106,0.370678,9.02585,5.03808,7.03197,1.99389,0.423592,0.30732,0.365456,0.0581364,0.108898
échantillon entier,RE-1,26,réouverture,5,2020,192,3713.58,0.385788,19.3416,0.525346,25.4976,11.7539,18.6258,6.87186,0.683707,0.330156,0.506931,0.176775,0.264318
échantillon entier,RE-1,26,réouverture,5,2021,199,1583.44,0.0611396,7.95698,0.0393014,0.564176,15.7309,8.14752,-7.58334,0.14182,-0.0685014,0.0366592,0.105161,0.0102517
échantillon entier,RE-1,26,réouverture,5,2022,177,2033.77,0.172269,11.4902,0.315886,-17.8531,45.4856,13.8162,-31.6693,-0.179059,0.889297,0.355119,-0.534178,0.12409
échantillon entier,RE-1,26,réouverture,5,2023,193,3422.97,0.387453,17.7356,0.466671,27.4412,7.51364,17.4774,9.9638,0.962544,-0.0555789,0.453483,0.509062,0.238416
échantillon entier,RE-1,26,réouverture,5,2024,175,2323.92,0.230577,13.2796,0.393144,12.7494,13.9865,13.3679,-0.61854,0.361255,0.435662,0.398458,-0.0372031,0.175048
échantillon entier,RE-1,26,réouverture,5,2025,172,1445.43,0.138816,8.40368,0.299267,12.2789,3.84166,8.0603,4.21864,0.496473,0.0671126,0.281793,0.21468,0.115696
échantillon entier,RE-1,26,réouverture,10,2020,192,2753.58,0.259086,14.3416,0.418044,20.4976,6.7539,13.6258,6.87186,0.567181,0.234225,0.400703,0.166478,0.202037
échantillon entier,RE-1,26,réouverture,10,2021,199,588.44,-0.0394023,2.95698,-0.0303587,-4.43582,10.7309,3.14752,-7.58334,0.074841,-0.140981,-0.0330701,0.107911,-0.0241658
échantillon entier,RE-1,26,réouverture,10,2022,177,1148.77,0.0730191,6.49025,0.198321,-22.8531,40.4856,8.81624,-31.6693,-0.300102,0.775763,0.23783,-0.537933,0.0718131
échantillon entier,RE-1,26,réouverture,10,2023,193,2457.97,0.259988,12.7356,0.259471,22.4412,2.51364,12.4774,9.9638,0.754038,-0.261403,0.246317,0.50772,0.147345
échantillon entier,RE-1,26,réouverture,10,2024,175,1448.92,0.127556,8.27957,0.253936,7.74939,8.98647,8.36793,-0.61854,0.224333,0.293408,0.25887,-0.0345375,0.109253
échantillon entier,RE-1,26,réouverture,10,2025,172,585.433,0.045009,3.40368,0.120469,7.27894,-1.15834,3.0603,4.21864,0.324506,-0.119726,0.10239,0.222116,0.0455575
échantillon entier,RE-2,26,cooldown,5,2020,189,2851.33,0.271183,15.0864,0.497125,18.6065,10.7795,14.693,3.91347,0.648951,0.311361,0.480156,0.168795,0.24252
échantillon entier,RE-2,26,cooldown,5,2021,192,623.325,-0.0170022,3.24648,0.0396986,11.1019,-5.292,2.90494,8.19695,0.250383,-0.189307,0.0305384,0.219845,0.0104935
échantillon entier,RE-2,26,cooldown,5,2022,173,1642.45,0.129189,9.49393,0.298858,-17.9283,41.3723,11.722,-29.6503,-0.173358,0.847809,0.337226,-0.510583,0.111829
échantillon entier,RE-2,26,cooldown,5,2023,188,3021.76,0.334255,16.0732,0.429539,24.107,7.50962,15.8083,8.2987,0.905067,-0.0773421,0.413862,0.491205,0.215891
échantillon entier,RE-2,26,cooldown,5,2024,171,2383.1,0.239399,13.9363,0.355954,15.414,12.0892,13.7516,1.66241,0.40392,0.295998,0.349959,0.053961,0.156677
échantillon entier,RE-2,26,cooldown,5,2025,167,2126.66,0.219984,12.7345,0.516419,14.1053,11.0932,12.5992,1.50606,0.525504,0.505541,0.515523,0.00998129,0.180052
échantillon entier,RE-2,26,cooldown,10,2020,189,1906.33,0.156643,10.0864,0.389575,13.6065,5.77952,9.69299,3.91347,0.531839,0.21551,0.373674,0.158165,0.18212
échantillon entier,RE-2,26,cooldown,10,2021,192,-336.675,-0.107046,-1.75352,-0.0297605,6.10189,-10.292,-2.09506,8.19695,0.183234,-0.261276,-0.0390211,0.222255,-0.0226439
échantillon entier,RE-2,26,cooldown,10,2022,173,777.45,0.0356376,4.49393,0.180806,-22.9283,36.3723,6.72199,-29.6503,-0.294808,0.733706,0.219449,-0.514257,0.0611435
échantillon entier,RE-2,26,cooldown,10,2023,188,2081.76,0.214688,11.0732,0.222735,19.107,2.50962,10.8083,8.2987,0.700336,-0.286356,0.20699,0.493346,0.128628
échantillon entier,RE-2,26,cooldown,10,2024,171,1528.1,0.137918,8.93628,0.21666,10.414,7.08916,8.75157,1.66241,0.265778,0.155263,0.210521,0.0552573,0.0932076
échantillon entier,RE-2,26,cooldown,10,2025,167,1291.66,0.122333,7.73449,0.337369,9.10528,6.09316,7.59922,1.50606,0.350335,0.321844,0.336089,0.0142456,0.107841
échantillon entier,RE-2,26,réouverture,5,2020,191,2660.1,0.247783,13.9272,0.465682,20.2356,6.22512,13.2304,7.00524,0.675481,0.209533,0.442507,0.232974,0.227274
échantillon entier,RE-2,26,réouverture,5,2021,200,2048.31,0.112165,10.2415,0.0779341,3.54463,17.3527,10.4487,-6.90403,0.190503,-0.0415973,0.0744526,0.11605,0.0300788
échantillon entier,RE-2,26,réouverture,5,2022,179,1923.19,0.159901,10.7441,0.30097,-18.7878,45.6781,13.4452,-32.233,-0.18191,0.872182,0.345136,-0.527046,0.117748
échantillon entier,RE-2,26,réouverture,5,2023,192,2920.72,0.320766,15.2121,0.415677,23.5281,6.54219,15.0352,8.49296,0.897159,-0.0862924,0.405433,0.491726,0.208418
échantillon entier,RE-2,26,réouverture,5,2024,175,2365.89,0.236908,13.5194,0.394209,12.9887,14.1947,13.5917,-0.602986,0.374085,0.419822,0.396953,-0.0228685,0.173633
échantillon entier,RE-2,26,réouverture,5,2025,174,1588.18,0.155548,9.12748,0.276142,12.679,4.85667,8.76783,3.91116,0.438348,0.0810853,0.259717,0.178631,0.120805
échantillon entier,RE-2,26,réouverture,10,2020,191,1705.1,0.134206,8.92721,0.35831,15.2356,1.22512,8.23036,7.00524,0.558622,0.113743,0.336182,0.222439,0.167083
échantillon entier,RE-2,26,réouverture,10,2021,200,1048.31,0.00630898,5.24154,0.00813037,-1.45537,12.3527,5.44866,-6.90403,0.123219,-0.114077,0.00457093,0.118648,-0.0052547
échantillon entier,RE-2,26,réouverture,10,2022,179,1028.19,0.0606317,5.7441,0.183385,-23.7878,40.6781,8.44518,-32.233,-0.30292,0.758648,0.227864,-0.530784,0.0651293
échantillon entier,RE-2,26,réouverture,10,2023,192,1960.72,0.199999,10.2121,0.209392,18.5281,1.54219,10.0352,8.49296,0.689983,-0.291649,0.199167,0.490816,0.120104
échantillon entier,RE-2,26,réouverture,10,2024,175,1490.89,0.133361,8.51935,0.255609,7.98873,9.1947,8.59171,-0.602986,0.237002,0.279291,0.258146,-0.0211446,0.108099
échantillon entier,RE-2,26,réouverture,10,2025,174,718.181,0.0593102,4.12748,0.09427,7.67899,-0.143328,3.76783,3.91116,0.260605,-0.105754,0.0774259,0.183179,0.0492966
échantillon entier,RE-3,26,cooldown,5,2020,189,4524.88,0.513715,23.9411,0.608942,29.3813,17.2849,23.3331,6.04818,0.769628,0.412338,0.590983,0.178645,0.311689
échantillon entier,RE-3,26,cooldown,5,2021,192,1055,0.0319409,5.49479,0.0942342,6.13342,4.80063,5.46702,0.666395,0.185837,-0.00533415,0.0902515,0.0955856,0.0385028
échantillon entier,RE-3,26,cooldown,5,2022,173,1607.21,0.12778,9.29023,0.282198,-18.2238,41.2752,11.5257,-29.7495,-0.225067,0.871895,0.323414,-0.548481,0.104235
échantillon entier,RE-3,26,cooldown,5,2023,188,1940.74,0.197041,10.3231,0.301787,22.5884,-2.75085,9.91876,12.6696,0.695847,-0.118254,0.288796,0.40705,0.144509
échantillon entier,RE-3,26,cooldown,5,2024,171,380.566,0.0145009,2.22553,0.0239514,-1.89096,7.37116,2.7401,-4.63106,-0.0900425,0.166444,0.0382007,-0.128243,0.0170212
échantillon entier,RE-3,26,cooldown,5,2025,167,1438.43,0.138268,8.61333,0.411472,8.93799,8.2246,8.58129,0.356695,0.434188,0.384272,0.40923,0.024958,0.120751
échantillon entier,RE-3,26,cooldown,10,2020,189,3579.88,0.377447,18.9411,0.501391,24.3813,12.2849,18.3331,6.04818,0.652516,0.316486,0.484501,0.168015,0.247944
échantillon entier,RE-3,26,cooldown,10,2021,192,94.9998,-0.0625607,0.494791,0.0247752,1.13342,-0.199371,0.467024,0.666395,0.118687,-0.0773033,0.020692,0.0979953,0.00445421
échantillon entier,RE-3,26,cooldown,10,2022,173,742.209,0.0343466,4.29023,0.164146,-23.2238,36.2752,6.52574,-29.7495,-0.346517,0.757792,0.205637,-0.552155,0.0538915
échantillon entier,RE-3,26,cooldown,10,2023,188,1000.74,0.0897106,5.32311,0.0949833,17.5884,-7.75085,4.91876,12.6696,0.491116,-0.327268,0.081924,0.409192,0.0623552
échantillon entier,RE-3,26,cooldown,10,2024,171,-474.434,-0.0686584,-2.77447,-0.115343,-6.89096,2.37116,-2.2599,-4.63106,-0.228184,0.0257094,-0.101237,-0.126947,-0.038834
échantillon entier,RE-3,26,cooldown,10,2025,167,603.426,0.0471215,3.61333,0.232421,3.93799,3.2246,3.58129,0.356695,0.259019,0.200574,0.229797,0.0292223,0.0521471
échantillon entier,RE-3,26,réouverture,5,2020,192,4752.52,0.548128,24.7527,0.618705,31.7591,16.1169,23.938,7.82111,0.806145,0.387674,0.59691,0.209235,0.323806
échantillon entier,RE-3,26,réouverture,5,2021,200,2420.51,0.159384,12.1026,0.114937,-1.61274,26.6662,12.5267,-14.1395,0.102468,0.128178,0.115323,-0.0128547,0.0504957
échantillon entier,RE-3,26,réouverture,5,2022,178,1919.84,0.162079,10.7856,0.27924,-18.3276,44.1079,12.8902,-31.2178,-0.225568,0.857032,0.315732,-0.5413,0.106542
échantillon entier,RE-3,26,réouverture,5,2023,195,1696.35,0.168011,8.69921,0.231235,20.4032,-3.62079,8.39121,12.012,0.581804,-0.137786,0.222009,0.359795,0.121318
échantillon entier,RE-3,26,réouverture,5,2024,175,388.066,0.0151065,2.21752,0.0378227,-3.6841,10.0864,3.20112,-6.88523,-0.103777,0.226623,0.0614227,-0.1652,0.0255339
échantillon entier,RE-3,26,réouverture,5,2025,172,1052.15,0.095078,6.11716,0.273392,7.30049,4.72414,6.01231,1.28818,0.335439,0.20035,0.267894,0.0675443,0.0811974
échantillon entier,RE-3,26,réouverture,10,2020,192,3792.52,0.406666,19.7527,0.511404,26.7591,11.1169,18.938,7.82111,0.68962,0.291742,0.490681,0.198939,0.25861
échantillon entier,RE-3,26,réouverture,10,2021,200,1420.51,0.0490575,7.10255,0.0453685,-6.61274,21.6662,7.52674,-14.1395,0.0356408,0.0556978,0.0456693,-0.0100285,0.014586
échantillon entier,RE-3,26,réouverture,10,2022,178,1029.84,0.0631573,5.78561,0.161491,-23.3276,39.1079,7.89018,-31.2178,-0.346612,0.743054,0.198221,-0.544833,0.0546771
échantillon entier,RE-3,26,réouverture,10,2023,195,721.346,0.0595546,3.69921,0.0249408,15.4032,-8.62079,3.39121,12.012,0.374067,-0.342561,0.0157533,0.358314,0.0382114
échantillon entier,RE-3,26,réouverture,10,2024,175,-486.934,-0.0699647,-2.78248,-0.101385,-8.6841,5.08635,-1.79888,-6.88523,-0.2407,0.0843687,-0.0781655,-0.162534,-0.0319437
échantillon entier,RE-3,26,réouverture,10,2025,172,192.152,0.00485416,1.11716,0.0945945,2.30049,-0.275864,1.01231,1.28818,0.163472,0.0135111,0.0884915,0.0749803,0.0132152
échantillon entier,C1,28,cooldown,5,2020,120,3437.07,0.36365,28.6423,0.739823,37.9409,17.2772,27.6091,10.3319,1.05967,0.348895,0.704284,0.35539,0.234082
échantillon entier,C1,28,cooldown,5,2021,119,-1518.61,-0.19704,-12.7614,-0.165852,5.10966,-28.1194,-11.5049,16.6145,0.159072,-0.445083,-0.143006,0.302077,-0.0547366
échantillon entier,C1,28,cooldown,5,2022,96,-193.91,-0.0428151,-2.01989,0.171853,-67.462,55.7232,-5.86943,-61.5926,-1.04839,1.24854,0.100074,-1.14846,0.0190482
échantillon entier,C1,28,cooldown,5,2023,109,2616.92,0.284293,24.0085,0.806411,45.0265,4.11637,24.5714,20.4551,1.61203,0.0439511,0.82799,0.784039,0.207474
échantillon entier,C1,28,cooldown,5,2024,94,2462.64,0.256082,26.1983,0.515618,29.0254,23.4889,26.2572,2.76825,0.684609,0.353668,0.519139,0.165471,0.128635
échantillon entier,C1,28,cooldown,5,2025,90,1315.79,0.130793,14.6199,0.751243,16.2201,12.6197,14.4199,1.80017,1.04266,0.386974,0.714816,0.327842,0.131179
échantillon entier,C1,28,cooldown,10,2020,120,2837.07,0.284395,23.6423,0.633797,32.9409,12.2772,22.6091,10.3319,0.941371,0.257874,0.599622,0.341749,0.196215
échantillon entier,C1,28,cooldown,10,2021,119,-2113.61,-0.243543,-17.7614,-0.235954,0.109665,-33.1194,-16.5049,16.6145,0.0900361,-0.516101,-0.213033,0.303069,-0.0742581
échantillon entier,C1,28,cooldown,10,2022,96,-673.91,-0.0877168,-7.01989,0.0508404,-72.462,50.7232,-10.8694,-61.5926,-1.16761,1.12594,-0.0208332,-1.14678,-0.00738031
échantillon entier,C1,28,cooldown,10,2023,109,2071.92,0.216301,19.0085,0.609935,40.0265,-0.883631,19.5714,20.4551,1.41388,-0.150945,0.631469,0.782415,0.156532
échantillon entier,C1,28,cooldown,10,2024,94,1992.64,0.198524,21.1983,0.369473,24.0254,18.4889,21.2572,2.76825,0.539558,0.206474,0.373016,0.166542,0.0932956
échantillon entier,C1,28,cooldown,10,2025,90,865.793,0.0810852,9.61993,0.566277,11.2201,7.61974,9.41991,1.80017,0.865806,0.191866,0.528836,0.33697,0.0929784
échantillon entier,C1,28,réouverture,5,2020,120,3437.07,0.36365,28.6423,0.739823,37.9409,17.2772,27.6091,10.3319,1.05967,0.348895,0.704284,0.35539,0.234082
échantillon entier,C1,28,réouverture,5,2021,119,-1518.61,-0.19704,-12.7614,-0.165852,5.10966,-28.1194,-11.5049,16.6145,0.159072,-0.445083,-0.143006,0.302077,-0.0547366
échantillon entier,C1,28,réouverture,5,2022,96,-193.91,-0.0428151,-2.01989,0.171853,-67.462,55.7232,-5.86943,-61.5926,-1.04839,1.24854,0.100074,-1.14846,0.0190482
échantillon entier,C1,28,réouverture,5,2023,109,2616.92,0.284293,24.0085,0.806411,45.0265,4.11637,24.5714,20.4551,1.61203,0.0439511,0.82799,0.784039,0.207474
échantillon entier,C1,28,réouverture,5,2024,94,2462.64,0.256082,26.1983,0.515618,29.0254,23.4889,26.2572,2.76825,0.684609,0.353668,0.519139,0.165471,0.128635
échantillon entier,C1,28,réouverture,5,2025,90,1315.79,0.130793,14.6199,0.751243,16.2201,12.6197,14.4199,1.80017,1.04266,0.386974,0.714816,0.327842,0.131179
échantillon entier,C1,28,réouverture,10,2020,120,2837.07,0.284395,23.6423,0.633797,32.9409,12.2772,22.6091,10.3319,0.941371,0.257874,0.599622,0.341749,0.196215
échantillon entier,C1,28,réouverture,10,2021,119,-2113.61,-0.243543,-17.7614,-0.235954,0.109665,-33.1194,-16.5049,16.6145,0.0900361,-0.516101,-0.213033,0.303069,-0.0742581
échantillon entier,C1,28,réouverture,10,2022,96,-673.91,-0.0877168,-7.01989,0.0508404,-72.462,50.7232,-10.8694,-61.5926,-1.16761,1.12594,-0.0208332,-1.14678,-0.00738031
échantillon entier,C1,28,réouverture,10,2023,109,2071.92,0.216301,19.0085,0.609935,40.0265,-0.883631,19.5714,20.4551,1.41388,-0.150945,0.631469,0.782415,0.156532
échantillon entier,C1,28,réouverture,10,2024,94,1992.64,0.198524,21.1983,0.369473,24.0254,18.4889,21.2572,2.76825,0.539558,0.206474,0.373016,0.166542,0.0932956
échantillon entier,C1,28,réouverture,10,2025,90,865.793,0.0810852,9.61993,0.566277,11.2201,7.61974,9.41991,1.80017,0.865806,0.191866,0.528836,0.33697,0.0929784
échantillon entier,C2,28,cooldown,5,2020,183,4334.5,0.451291,23.6858,0.68319,48.6512,-7.7522,20.4495,28.2017,1.11381,0.140931,0.627369,0.486438,0.343552
échantillon entier,C2,28,cooldown,5,2021,191,1231.53,0.0241342,6.44782,0.133105,10.1377,2.55951,6.34862,3.78912,0.248251,0.0117684,0.130009,0.118241,0.0544003
échantillon entier,C2,28,cooldown,5,2022,164,481.773,-0.00280154,2.93764,-0.0330582,-55.346,68.7906,6.72229,-62.0683,-1.13739,1.21469,0.0386517,-1.17604,-0.0257587
échantillon entier,C2,28,cooldown,5,2023,183,4276.83,0.505848,23.3706,0.673955,34.8397,10.7151,22.7774,12.0623,1.19607,0.0978288,0.646949,0.54912,0.294975
échantillon entier,C2,28,cooldown,5,2024,167,-1208.56,-0.151547,-7.23687,-0.199234,-1.84696,-14.0107,-7.92882,6.08186,-0.126847,-0.290206,-0.208526,0.0816793,-0.0821669
échantillon entier,C2,28,cooldown,5,2025,163,3956.93,0.454778,24.2756,0.914767,38.7112,7.75067,23.231,15.4803,1.31563,0.45588,0.885757,0.429877,0.321811
échantillon entier,C2,28,cooldown,10,2020,183,3419.5,0.324567,18.6858,0.57492,43.6512,-12.7522,15.4495,28.2017,0.995967,0.0447122,0.520339,0.475627,0.279909
échantillon entier,C2,28,cooldown,10,2021,191,276.533,-0.0692028,1.44782,0.0635176,5.13774,-2.44049,1.34862,3.78912,0.181049,-0.0603328,0.0603582,0.120691,0.0199492
échantillon entier,C2,28,cooldown,10,2022,164,-338.227,-0.0813525,-2.06236,-0.152238,-60.346,63.7906,1.72229,-62.0683,-1.26086,1.10036,-0.0802502,-1.18061,-0.0681794
échantillon entier,C2,28,cooldown,10,2023,183,3361.83,0.374416,18.3706,0.466629,29.8397,5.71514,17.7774,12.0623,0.989273,-0.110082,0.439596,0.549677,0.204117
échantillon entier,C2,28,cooldown,10,2024,167,-2043.56,-0.219614,-12.2369,-0.337968,-6.84696,-19.0107,-12.9288,6.08186,-0.265363,-0.429215,-0.347289,0.0819262,-0.131286
échantillon entier,C2,28,cooldown,10,2025,163,3141.93,0.341127,19.2756,0.737359,33.7112,2.75067,18.231,15.4803,1.14411,0.271735,0.707923,0.436188,0.243074
échantillon entier,C2,28,réouverture,5,2020,183,4334.5,0.451291,23.6858,0.68319,48.6512,-7.7522,20.4495,28.2017,1.11381,0.140931,0.627369,0.486438,0.343552
échantillon entier,C2,28,réouverture,5,2021,191,1231.53,0.0241342,6.44782,0.133105,10.1377,2.55951,6.34862,3.78912,0.248251,0.0117684,0.130009,0.118241,0.0544003
échantillon entier,C2,28,réouverture,5,2022,164,481.773,-0.00280154,2.93764,-0.0330582,-55.346,68.7906,6.72229,-62.0683,-1.13739,1.21469,0.0386517,-1.17604,-0.0257587
échantillon entier,C2,28,réouverture,5,2023,183,4276.83,0.505848,23.3706,0.673955,34.8397,10.7151,22.7774,12.0623,1.19607,0.0978288,0.646949,0.54912,0.294975
échantillon entier,C2,28,réouverture,5,2024,167,-1208.56,-0.151547,-7.23687,-0.199234,-1.84696,-14.0107,-7.92882,6.08186,-0.126847,-0.290206,-0.208526,0.0816793,-0.0821669
échantillon entier,C2,28,réouverture,5,2025,163,3956.93,0.454778,24.2756,0.914767,38.7112,7.75067,23.231,15.4803,1.31563,0.45588,0.885757,0.429877,0.321811
échantillon entier,C2,28,réouverture,10,2020,183,3419.5,0.324567,18.6858,0.57492,43.6512,-12.7522,15.4495,28.2017,0.995967,0.0447122,0.520339,0.475627,0.279909
échantillon entier,C2,28,réouverture,10,2021,191,276.533,-0.0692028,1.44782,0.0635176,5.13774,-2.44049,1.34862,3.78912,0.181049,-0.0603328,0.0603582,0.120691,0.0199492
échantillon entier,C2,28,réouverture,10,2022,164,-338.227,-0.0813525,-2.06236,-0.152238,-60.346,63.7906,1.72229,-62.0683,-1.26086,1.10036,-0.0802502,-1.18061,-0.0681794
échantillon entier,C2,28,réouverture,10,2023,183,3361.83,0.374416,18.3706,0.466629,29.8397,5.71514,17.7774,12.0623,0.989273,-0.110082,0.439596,0.549677,0.204117
échantillon entier,C2,28,réouverture,10,2024,167,-2043.56,-0.219614,-12.2369,-0.337968,-6.84696,-19.0107,-12.9288,6.08186,-0.265363,-0.429215,-0.347289,0.0819262,-0.131286
échantillon entier,C2,28,réouverture,10,2025,163,3141.93,0.341127,19.2756,0.737359,33.7112,2.75067,18.231,15.4803,1.14411,0.271735,0.707923,0.436188,0.243074
échantillon entier,RE-1,28,cooldown,5,2020,183,4100.49,0.444873,22.407,0.574734,28.055,15.2948,21.6749,6.38007,0.732457,0.37612,0.554289,0.178168,0.280174
échantillon entier,RE-1,28,cooldown,5,2021,191,431.179,-0.0443909,2.25748,0.0221126,13.8229,-9.9297,1.94658,11.8763,0.266546,-0.235463,0.0155418,0.251005,0.000685502
échantillon entier,RE-1,28,cooldown,5,2022,164,685.459,0.0288018,4.17963,0.213859,-34.4309,47.8045,6.68681,-41.1177,-0.471251,0.987945,0.258347,-0.729598,0.0701758
échantillon entier,RE-1,28,cooldown,5,2023,183,3571.53,0.407195,19.5166,0.567951,28.2382,9.89267,19.0654,9.17277,1.02947,0.0586873,0.544079,0.485392,0.267462
échantillon entier,RE-1,28,cooldown,5,2024,167,1955.27,0.18375,11.7082,0.307056,12.213,11.0738,11.6434,0.569623,0.312444,0.300284,0.306364,0.00607969,0.129253
échantillon entier,RE-1,28,cooldown,5,2025,163,2146.82,0.220389,13.1707,0.550509,15.2845,10.7509,13.0177,2.26678,0.588033,0.507553,0.547793,0.0402404,0.167295
échantillon entier,RE-1,28,cooldown,10,2020,183,3185.49,0.31872,17.407,0.466464,23.055,10.2948,16.6749,6.38007,0.614616,0.279901,0.447259,0.167358,0.219513
échantillon entier,RE-1,28,cooldown,10,2021,191,-523.821,-0.131508,-2.74252,-0.0474746,8.82287,-14.9297,-3.05342,11.8763,0.199345,-0.307564,-0.0541095,0.253455,-0.0320231
échantillon entier,RE-1,28,cooldown,10,2022,164,-134.541,-0.0522186,-0.820369,0.0946788,-39.4309,42.8045,1.68681,-41.1177,-0.594719,0.873609,0.139445,-0.734164,0.0236245
échantillon entier,RE-1,28,cooldown,10,2023,183,2656.53,0.284332,14.5166,0.360625,23.2382,4.89267,14.0654,9.17277,0.822674,-0.149223,0.336726,0.485949,0.178536
échantillon entier,RE-1,28,cooldown,10,2024,167,1120.27,0.0889759,6.70821,0.168321,7.21303,6.07378,6.6434,0.569623,0.173928,0.161275,0.167601,0.00632663,0.068907
échantillon entier,RE-1,28,cooldown,10,2025,163,1331.82,0.124953,8.1707,0.373101,10.2845,5.75095,8.01773,2.26678,0.416511,0.323408,0.369959,0.0465514,0.0977128
échantillon entier,RE-1,28,réouverture,5,2020,187,3603.1,0.370216,19.2679,0.524757,31.8699,3.81551,17.8427,14.0272,0.79605,0.192102,0.494076,0.301974,0.257226
échantillon entier,RE-1,28,réouverture,5,2021,198,698.544,-0.0294154,3.528,-0.0124678,1.78823,5.37651,3.58237,-1.79414,0.126233,-0.159838,-0.0168022,0.143036,-0.0162772
échantillon entier,RE-1,28,réouverture,5,2022,170,1415.37,0.104134,8.3257,0.249401,-29.2408,51.5985,11.1789,-40.4197,-0.395333,0.992069,0.298368,-0.693701,0.089673
échantillon entier,RE-1,28,réouverture,5,2023,190,3334.86,0.374117,17.5519,0.503859,26.3311,8.00092,17.166,9.16507,0.963553,0.00375348,0.483653,0.4799,0.247394
échantillon entier,RE-1,28,réouverture,5,2024,173,2188.79,0.211543,12.652,0.339184,11.3311,14.4191,12.8751,-1.544,0.282559,0.414939,0.348749,-0.0661899,0.146696
échantillon entier,RE-1,28,réouverture,5,2025,169,1561.78,0.150593,9.24131,0.338124,13.0728,4.87631,8.97456,4.09826,0.525941,0.124156,0.325048,0.200892,0.112175
échantillon entier,RE-1,28,réouverture,10,2020,187,2668.1,0.248047,14.2679,0.416961,26.8699,-1.18449,12.8427,14.0272,0.67851,0.0962514,0.387381,0.291129,0.196617
échantillon entier,RE-1,28,réouverture,10,2021,198,-291.456,-0.120978,-1.472,-0.0821472,-3.21177,0.376507,-1.41763,-1.79414,0.0592546,-0.232387,-0.086566,0.145821,-0.0496383
échantillon entier,RE-1,28,réouverture,10,2022,170,565.369,0.0141683,3.3257,0.131131,-34.2408,46.5985,6.17885,-40.4197,-0.517535,0.878329,0.180397,-0.697932,0.040816
échantillon entier,RE-1,28,réouverture,10,2023,190,2384.86,0.249744,12.5519,0.294805,21.3311,3.00092,12.166,9.16507,0.752788,-0.20344,0.274674,0.478114,0.156493
échantillon entier,RE-1,28,réouverture,10,2024,173,1323.79,0.111217,7.65198,0.199757,6.3311,9.4191,7.8751,-1.544,0.144978,0.273041,0.20901,-0.0640317,0.0831242
échantillon entier,RE-1,28,réouverture,10,2025,169,716.782,0.0574061,4.24131,0.160015,8.07282,-0.123693,3.97456,4.09826,0.355872,-0.0631134,0.146379,0.209493,0.0434969
échantillon entier,RE-2,28,cooldown,5,2020,183,3328.4,0.337833,18.188,0.549518,22.2281,13.1005,17.6643,4.56379,0.722868,0.331226,0.527047,0.195821,0.265328
échantillon entier,RE-2,28,cooldown,5,2021,191,894.72,0.00172723,4.6844,0.0576421,15.1121,-6.30391,4.40409,10.708,0.281531,-0.178284,0.0516235,0.229908,0.0178975
échantillon entier,RE-2,28,cooldown,5,2022,164,610.722,0.0215311,3.72392,0.199869,-34.7327,47.1749,6.2211,-40.9538,-0.467359,0.953751,0.243196,-0.710555,0.0631316
échantillon entier,RE-2,28,cooldown,5,2023,183,3697.57,0.425367,20.2053,0.558383,30.1176,9.26752,19.6926,10.425,1.03582,0.031553,0.533688,0.502135,0.26486
échantillon entier,RE-2,28,cooldown,5,2024,167,2321.13,0.229116,13.899,0.346514,13.6217,14.2474,13.9346,-0.312837,0.346787,0.346172,0.346479,0.000307747,0.146594
échantillon entier,RE-2,28,cooldown,5,2025,163,2194.94,0.22669,13.4659,0.511344,15.3383,11.3226,13.3304,2.00786,0.512059,0.510525,0.511292,0.000766667,0.163685
échantillon entier,RE-2,28,cooldown,10,2020,183,2413.4,0.220979,13.188,0.441248,17.2281,8.10048,12.6643,4.56379,0.605028,0.235007,0.420017,0.18501,0.205369
échantillon entier,RE-2,28,cooldown,10,2021,191,-60.2796,-0.0895722,-0.3156,-0.0119451,10.1121,-11.3039,-0.595914,10.708,0.21433,-0.250385,-0.0180277,0.232357,-0.0153705
échantillon entier,RE-2,28,cooldown,10,2022,164,-209.278,-0.0589198,-1.27608,0.0806889,-39.7327,42.1749,1.2211,-40.9538,-0.590827,0.839415,0.124294,-0.715121,0.0168848
échantillon entier,RE-2,28,cooldown,10,2023,183,2782.57,0.300926,15.2053,0.351057,25.1176,4.26752,14.6926,10.425,0.829027,-0.176358,0.326334,0.502692,0.176111
échantillon entier,RE-2,28,cooldown,10,2024,167,1486.13,0.130732,8.89899,0.20778,8.62175,9.24742,8.93458,-0.312837,0.208272,0.207162,0.207717,0.000554691,0.0853262
échantillon entier,RE-2,28,cooldown,10,2025,163,1379.94,0.130764,8.46591,0.333936,10.3383,6.32256,8.33042,2.00786,0.340536,0.32638,0.333458,0.00707776,0.0943156
échantillon entier,RE-2,28,réouverture,5,2020,186,2426.44,0.219234,13.0454,0.458272,25.0183,-1.49317,11.7625,13.2557,0.77246,0.0767582,0.424609,0.347851,0.217434
échantillon entier,RE-2,28,réouverture,5,2021,199,1169.54,0.0179793,5.87708,0.0270352,4.81629,7.01523,5.91576,-1.09947,0.175871,-0.132653,0.0216088,0.154262,0.00325862
échantillon entier,RE-2,28,réouverture,5,2022,173,1356.76,0.0978686,7.84253,0.241062,-28.4153,50.9848,11.2847,-39.7001,-0.362094,0.958741,0.298324,-0.660417,0.0867036
échantillon entier,RE-2,28,réouverture,5,2023,189,3517.92,0.399859,18.6134,0.514591,28.973,7.45684,18.2149,10.7581,1.00656,-0.0152176,0.495669,0.510887,0.251352
échantillon entier,RE-2,28,réouverture,5,2024,173,2380.09,0.236113,13.7578,0.36053,12.9154,14.8329,13.8741,-0.958786,0.321614,0.410199,0.365906,-0.0442926,0.154802
échantillon entier,RE-2,28,réouverture,5,2025,171,1673.87,0.163934,9.78872,0.310882,13.5348,5.42621,9.4805,4.05429,0.468767,0.127016,0.297891,0.170876,0.11583
échantillon entier,RE-2,28,réouverture,10,2020,186,1496.44,0.111017,8.04535,0.3504,20.0183,-6.49317,6.76254,13.2557,0.654567,-0.0189471,0.31781,0.336757,0.159007
échantillon entier,RE-2,28,réouverture,10,2021,199,174.54,-0.078493,0.877084,-0.0427885,-0.183712,2.01523,0.915758,-1.09947,0.108588,-0.205202,-0.0483074,0.156895,-0.0309991
échantillon entier,RE-2,28,réouverture,10,2022,173,491.758,0.00689853,2.84253,0.122885,-33.4153,45.9848,6.28473,-39.7001,-0.483999,0.845001,0.180501,-0.6645,0.0371016
échantillon entier,RE-2,28,réouverture,10,2023,189,2572.92,0.273805,13.6134,0.306456,23.973,2.45684,13.2149,10.7581,0.797099,-0.221929,0.287585,0.509514,0.16074
échantillon entier,RE-2,28,réouverture,10,2024,173,1515.09,0.133765,8.75776,0.221716,7.91536,9.83293,8.87414,-0.958786,0.183856,0.270037,0.226947,-0.0430904,0.0909624
échantillon entier,RE-2,28,réouverture,10,2025,171,818.871,0.0686031,4.78872,0.129636,8.53479,0.426211,4.4805,4.05429,0.292693,-0.0602537,0.11622,0.176473,0.0458807
échantillon entier,RE-3,28,cooldown,5,2020,183,4624.67,0.528317,25.2714,0.63827,33.5788,14.8104,24.1946,9.3842,0.860251,0.358738,0.609495,0.250756,0.319107
échantillon entier,RE-3,28,cooldown,5,2021,191,1501.76,0.0724857,7.86259,0.126834,13.6733,1.73947,7.70639,5.96692,0.269371,-0.023366,0.123002,0.146368,0.0536321
échantillon entier,RE-3,28,cooldown,5,2022,164,464.681,0.0083466,2.83342,0.176663,-33.3785,43.7482,5.18484,-38.5633,-0.493781,0.934177,0.220198,-0.713979,0.0553599
échantillon entier,RE-3,28,cooldown,5,2023,183,1669.68,0.164349,9.12394,0.295953,21.5413,-4.57792,8.48167,13.0596,0.65381,-0.0989237,0.277443,0.376367,0.13629
échantillon entier,RE-3,28,cooldown,5,2024,167,1201.82,0.100049,7.19655,0.120781,3.44365,11.913,7.67834,-4.23469,-0.00849174,0.283246,0.137377,-0.145869,0.0576656
échantillon entier,RE-3,28,cooldown,5,2025,163,1683.76,0.164936,10.3298,0.444374,10.4815,10.1561,10.3188,0.162699,0.453522,0.433901,0.443712,0.00981058,0.121782
échantillon entier,RE-3,28,cooldown,10,2020,183,3709.67,0.39492,20.2714,0.529999,28.5788,9.81036,19.1946,9.3842,0.74241,0.262519,0.502465,0.239945,0.256614
échantillon entier,RE-3,28,cooldown,10,2021,191,546.755,-0.0252256,2.86259,0.0572468,8.67331,-3.26053,2.70639,5.96692,0.202169,-0.0954672,0.0533511,0.148818,0.0192048
échantillon entier,RE-3,28,cooldown,10,2022,164,-355.319,-0.0710712,-2.16658,0.0574827,-38.3785,38.7482,0.184842,-38.5633,-0.617249,0.819841,0.101296,-0.718545,0.00944891
échantillon entier,RE-3,28,cooldown,10,2023,183,754.682,0.0625885,4.12394,0.0886267,16.5413,-9.57792,3.48167,13.0596,0.447013,-0.306834,0.0700895,0.376924,0.0565348
échantillon entier,RE-3,28,cooldown,10,2024,167,366.824,0.01194,2.19655,-0.017953,-1.55635,6.91303,2.67834,-4.23469,-0.147007,0.144237,-0.00138523,-0.145622,0.00111522
échantillon entier,RE-3,28,cooldown,10,2025,163,868.755,0.0738114,5.32979,0.266966,5.48151,5.15611,5.31881,0.162699,0.282,0.249756,0.265878,0.0161217,0.0548949
échantillon entier,RE-3,28,réouverture,5,2020,188,4739.86,0.544361,25.212,0.633938,37.3401,10.5156,23.9279,13.4122,0.922602,0.284145,0.603374,0.319229,0.32674
échantillon entier,RE-3,28,réouverture,5,2021,199,1838.82,0.0949818,9.24028,0.0893973,2.30522,16.681,9.49312,-7.1879,0.130189,0.045631,0.0879101,0.0422791,0.0362946
échantillon entier,RE-3,28,réouverture,5,2022,171,1117.71,0.073861,6.53629,0.198748,-28.2346,46.0882,8.9268,-37.1614,-0.416872,0.899015,0.241071,-0.657943,0.0683756
échantillon entier,RE-3,28,réouverture,5,2023,192,1369.66,0.129768,7.13364,0.211707,19.2107,-5.99356,6.60855,12.6021,0.544547,-0.150074,0.197236,0.347311,0.111312
échantillon entier,RE-3,28,réouverture,5,2024,173,1209.47,0.100718,6.99115,0.0957829,2.01647,13.6465,7.83146,-5.81499,-0.0554962,0.29817,0.121337,-0.176833,0.0517237
échantillon entier,RE-3,28,réouverture,5,2025,169,1268.78,0.117431,7.50759,0.326132,8.42992,6.45682,7.44337,0.986549,0.395914,0.246633,0.321273,0.0746403,0.0874176
échantillon entier,RE-3,28,réouverture,10,2020,188,3799.86,0.40605,20.212,0.526285,32.3401,5.51563,18.9279,13.4122,0.805063,0.188472,0.496767,0.308295,0.262544
échantillon entier,RE-3,28,réouverture,10,2021,199,843.816,-0.0087486,4.24028,0.0198098,-2.69478,11.681,4.49312,-7.1879,0.0633618,-0.0269179,0.0182219,0.0451398,0.00103361
échantillon entier,RE-3,28,réouverture,10,2022,171,262.706,-0.0141441,1.53629,0.08029,-33.2346,41.0882,3.9268,-37.1614,-0.539074,0.784817,0.122871,-0.661946,0.0200834
échantillon entier,RE-3,28,réouverture,10,2023,192,409.659,0.0263843,2.13364,0.00359277,14.2107,-10.9936,1.60855,12.6021,0.334574,-0.35617,-0.0107977,0.345372,0.0296812
échantillon entier,RE-3,28,réouverture,10,2024,173,344.468,0.00952155,1.99115,-0.0436449,-2.98353,8.64646,2.83146,-5.81499,-0.193078,0.156272,-0.0184029,-0.174675,-0.0066219
échantillon entier,RE-3,28,réouverture,10,2025,169,423.782,0.026915,2.50759,0.148022,3.42992,1.45682,2.44337,0.986549,0.225845,0.0593639,0.142604,0.0832406,0.0202598
échantillon entier,C1,32,cooldown,5,2020,118,3394.34,0.336715,28.7656,0.766,23.3058,35.4616,29.3837,-6.07786,0.864324,0.645413,0.754869,0.109456,0.236567
échantillon entier,C1,32,cooldown,5,2021,114,-4045.66,-0.381865,-35.4883,-0.42236,-27.5054,-42.1835,-34.8445,7.33904,-0.279073,-0.542536,-0.410805,0.131732,-0.119618
échantillon entier,C1,32,cooldown,5,2022,92,-1585.45,-0.168955,-17.2332,-0.172408,-79.1047,34.7389,-22.1829,-56.9218,-1.29885,0.7738,-0.262523,-1.03632,-0.062122
échantillon entier,C1,32,cooldown,5,2023,106,3362.71,0.37908,31.7237,1.14761,53.2887,10.9574,32.123,21.1656,2.02042,0.307128,1.16377,0.856644,0.289044
échantillon entier,C1,32,cooldown,5,2024,93,1297.3,0.115841,13.9495,0.0939459,3.85403,23.414,13.634,-9.77996,0.0303846,0.153535,0.0919596,-0.061575,0.0299652
échantillon entier,C1,32,cooldown,5,2025,87,861.087,0.080307,9.89755,0.483985,11.7995,7.44504,9.62227,2.17723,0.807909,0.0662937,0.437101,0.370808,0.0959203
échantillon entier,C1,32,cooldown,10,2020,118,2804.34,0.260263,23.7656,0.660077,18.3058,30.4616,24.3837,-6.07786,0.746536,0.554042,0.650289,0.096247,0.199294
échantillon entier,C1,32,cooldown,10,2021,114,-4615.66,-0.416285,-40.4883,-0.491918,-32.5054,-47.1835,-39.8445,7.33904,-0.347121,-0.613361,-0.480241,0.13312,-0.136921
échantillon entier,C1,32,cooldown,10,2022,92,-2045.45,-0.20641,-22.2332,-0.29387,-84.1047,29.7389,-27.1829,-56.9218,-1.41858,0.650889,-0.383847,-1.03474,-0.0854536
échantillon entier,C1,32,cooldown,10,2023,106,2832.71,0.308075,26.7237,0.949316,48.2887,5.95742,27.123,21.1656,1.82239,0.108577,0.965484,0.856907,0.235923
échantillon entier,C1,32,cooldown,10,2024,93,832.301,0.0651779,8.94947,-0.0518426,-1.14597,18.414,8.63399,-9.77996,-0.113905,0.00634117,-0.0537821,-0.0601233,-0.00187605
échantillon entier,C1,32,cooldown,10,2025,87,426.087,0.0343452,4.89755,0.304748,6.7995,2.44504,4.62227,2.17723,0.639417,-0.126799,0.256309,0.383108,0.0603244
échantillon entier,C1,32,réouverture,5,2020,118,3394.34,0.336715,28.7656,0.766,23.3058,35.4616,29.3837,-6.07786,0.864324,0.645413,0.754869,0.109456,0.236567
échantillon entier,C1,32,réouverture,5,2021,114,-4045.66,-0.381865,-35.4883,-0.42236,-27.5054,-42.1835,-34.8445,7.33904,-0.279073,-0.542536,-0.410805,0.131732,-0.119618
échantillon entier,C1,32,réouverture,5,2022,92,-1585.45,-0.168955,-17.2332,-0.172408,-79.1047,34.7389,-22.1829,-56.9218,-1.29885,0.7738,-0.262523,-1.03632,-0.062122
échantillon entier,C1,32,réouverture,5,2023,106,3362.71,0.37908,31.7237,1.14761,53.2887,10.9574,32.123,21.1656,2.02042,0.307128,1.16377,0.856644,0.289044
échantillon entier,C1,32,réouverture,5,2024,93,1297.3,0.115841,13.9495,0.0939459,3.85403,23.414,13.634,-9.77996,0.0303846,0.153535,0.0919596,-0.061575,0.0299652
échantillon entier,C1,32,réouverture,5,2025,87,861.087,0.080307,9.89755,0.483985,11.7995,7.44504,9.62227,2.17723,0.807909,0.0662937,0.437101,0.370808,0.0959203
échantillon entier,C1,32,réouverture,10,2020,118,2804.34,0.260263,23.7656,0.660077,18.3058,30.4616,24.3837,-6.07786,0.746536,0.554042,0.650289,0.096247,0.199294
échantillon entier,C1,32,réouverture,10,2021,114,-4615.66,-0.416285,-40.4883,-0.491918,-32.5054,-47.1835,-39.8445,7.33904,-0.347121,-0.613361,-0.480241,0.13312,-0.136921
échantillon entier,C1,32,réouverture,10,2022,92,-2045.45,-0.20641,-22.2332,-0.29387,-84.1047,29.7389,-27.1829,-56.9218,-1.41858,0.650889,-0.383847,-1.03474,-0.0854536
échantillon entier,C1,32,réouverture,10,2023,106,2832.71,0.308075,26.7237,0.949316,48.2887,5.95742,27.123,21.1656,1.82239,0.108577,0.965484,0.856907,0.235923
échantillon entier,C1,32,réouverture,10,2024,93,832.301,0.0651779,8.94947,-0.0518426,-1.14597,18.414,8.63399,-9.77996,-0.113905,0.00634117,-0.0537821,-0.0601233,-0.00187605
échantillon entier,C1,32,réouverture,10,2025,87,426.087,0.0343452,4.89755,0.304748,6.7995,2.44504,4.62227,2.17723,0.639417,-0.126799,0.256309,0.383108,0.0603244
échantillon entier,C2,32,cooldown,5,2020,176,1356.09,0.0642583,7.70503,0.436964,26.6202,-16.0601,5.28002,21.3401,0.778628,0.00769354,0.393161,0.385467,0.190001
échantillon entier,C2,32,cooldown,5,2021,184,3260.01,0.244792,17.7175,0.302449,28.1191,6.61456,17.3668,10.7523,0.492906,0.0991517,0.296029,0.196877,0.13671
échantillon entier,C2,32,cooldown,5,2022,160,-1939.96,-0.221808,-12.1248,-0.283149,-66.4566,47.9263,-9.26518,-57.1914,-1.37616,0.924918,-0.225622,-1.15054,-0.122277
échantillon entier,C2,32,cooldown,5,2023,173,4743.83,0.57022,27.421,0.883549,38.5042,14.8325,26.6684,11.8358,1.43011,0.262758,0.846436,0.583678,0.34866
échantillon entier,C2,32,cooldown,5,2024,163,-1999.57,-0.216424,-12.2673,-0.378113,-12.3793,-12.1291,-12.2542,-0.125122,-0.349686,-0.413161,-0.381423,0.0317373,-0.136452
échantillon entier,C2,32,cooldown,5,2025,156,4675.68,0.561866,29.9723,1.06346,50.9992,4.79933,27.8993,23.0999,1.66105,0.348032,1.00454,0.65651,0.372234
échantillon entier,C2,32,cooldown,10,2020,176,476.086,-0.0254221,2.70503,0.328172,21.6202,-21.0601,0.280019,21.3401,0.660444,-0.0892976,0.285573,0.374871,0.135489
échantillon entier,C2,32,cooldown,10,2021,184,2340.01,0.135419,12.7175,0.232905,23.1191,1.61456,12.3668,10.7523,0.424942,0.0279211,0.226431,0.19851,0.100947
échantillon entier,C2,32,cooldown,10,2022,160,-2739.96,-0.281764,-17.1248,-0.403065,-71.4566,42.9263,-14.2652,-57.1914,-1.50242,0.812014,-0.345204,-1.15722,-0.159762
échantillon entier,C2,32,cooldown,10,2023,173,3878.83,0.440382,22.421,0.674432,33.5042,9.83254,21.6684,11.8358,1.22423,0.0499696,0.6371,0.58713,0.259021
échantillon entier,C2,32,cooldown,10,2024,163,-2814.57,-0.277871,-17.2673,-0.515985,-17.3793,-17.1291,-17.2542,-0.125122,-0.486577,-0.552241,-0.519409,0.0328321,-0.181232
échantillon entier,C2,32,cooldown,10,2025,156,3895.68,0.44495,24.9723,0.889199,45.9992,-0.200669,22.8993,23.0999,1.4918,0.167771,0.829787,0.662016,0.29415
échantillon entier,C2,32,réouverture,5,2020,176,1356.09,0.0642583,7.70503,0.436964,26.6202,-16.0601,5.28002,21.3401,0.778628,0.00769354,0.393161,0.385467,0.190001
échantillon entier,C2,32,réouverture,5,2021,184,3260.01,0.244792,17.7175,0.302449,28.1191,6.61456,17.3668,10.7523,0.492906,0.0991517,0.296029,0.196877,0.13671
échantillon entier,C2,32,réouverture,5,2022,160,-1939.96,-0.221808,-12.1248,-0.283149,-66.4566,47.9263,-9.26518,-57.1914,-1.37616,0.924918,-0.225622,-1.15054,-0.122277
échantillon entier,C2,32,réouverture,5,2023,173,4743.83,0.57022,27.421,0.883549,38.5042,14.8325,26.6684,11.8358,1.43011,0.262758,0.846436,0.583678,0.34866
échantillon entier,C2,32,réouverture,5,2024,163,-1999.57,-0.216424,-12.2673,-0.378113,-12.3793,-12.1291,-12.2542,-0.125122,-0.349686,-0.413161,-0.381423,0.0317373,-0.136452
échantillon entier,C2,32,réouverture,5,2025,156,4675.68,0.561866,29.9723,1.06346,50.9992,4.79933,27.8993,23.0999,1.66105,0.348032,1.00454,0.65651,0.372234
échantillon entier,C2,32,réouverture,10,2020,176,476.086,-0.0254221,2.70503,0.328172,21.6202,-21.0601,0.280019,21.3401,0.660444,-0.0892976,0.285573,0.374871,0.135489
échantillon entier,C2,32,réouverture,10,2021,184,2340.01,0.135419,12.7175,0.232905,23.1191,1.61456,12.3668,10.7523,0.424942,0.0279211,0.226431,0.19851,0.100947
échantillon entier,C2,32,réouverture,10,2022,160,-2739.96,-0.281764,-17.1248,-0.403065,-71.4566,42.9263,-14.2652,-57.1914,-1.50242,0.812014,-0.345204,-1.15722,-0.159762
échantillon entier,C2,32,réouverture,10,2023,173,3878.83,0.440382,22.421,0.674432,33.5042,9.83254,21.6684,11.8358,1.22423,0.0499696,0.6371,0.58713,0.259021
échantillon entier,C2,32,réouverture,10,2024,163,-2814.57,-0.277871,-17.2673,-0.515985,-17.3793,-17.1291,-17.2542,-0.125122,-0.486577,-0.552241,-0.519409,0.0328321,-0.181232
échantillon entier,C2,32,réouverture,10,2025,156,3895.68,0.44495,24.9723,0.889199,45.9992,-0.200669,22.8993,23.0999,1.4918,0.167771,0.829787,0.662016,0.29415
échantillon entier,RE-1,32,cooldown,5,2020,176,1596.1,0.113924,9.06875,0.368991,9.95966,7.94941,8.95453,1.00512,0.437516,0.282896,0.360206,0.0773101,0.157459
échantillon entier,RE-1,32,cooldown,5,2021,184,955.956,-0.000841497,5.19541,0.0878906,21.8868,-12.6212,4.63278,17.254,0.381535,-0.22555,0.0779924,0.303543,0.0306059
échantillon entier,RE-1,32,cooldown,5,2022,160,-2002.35,-0.213972,-12.5147,-0.0446541,-49.6918,28.5758,-10.558,-39.1338,-0.672686,0.649486,-0.0115998,-0.661086,-0.0392767
échantillon entier,RE-1,32,cooldown,5,2023,173,4344.88,0.514891,25.1149,0.832512,32.8749,16.3011,24.588,8.28693,1.28146,0.322598,0.802028,0.47943,0.352908
échantillon entier,RE-1,32,cooldown,5,2024,163,995.175,0.0729483,6.10537,0.114131,2.1049,11.0374,6.57117,-4.46627,0.0737761,0.163883,0.118829,-0.0450533,0.0503262
échantillon entier,RE-1,32,cooldown,5,2025,156,2356.25,0.245641,15.1041,0.53031,22.4634,6.29381,14.3786,8.08477,0.695308,0.332777,0.514042,0.181266,0.162294
échantillon entier,RE-1,32,cooldown,10,2020,176,716.101,0.0200939,4.06875,0.2602,4.95966,2.94941,3.95453,1.00512,0.319332,0.185905,0.252619,0.0667137,0.104423
échantillon entier,RE-1,32,cooldown,10,2021,184,35.9557,-0.0887272,0.195412,0.0183462,16.8868,-17.6212,-0.367219,17.254,0.313571,-0.296781,0.00839479,0.305176,-0.00183951
échantillon entier,RE-1,32,cooldown,10,2022,160,-2802.35,-0.274522,-17.5147,-0.16457,-54.6918,23.5758,-15.558,-39.1338,-0.798947,0.536583,-0.131182,-0.667765,-0.0802626
échantillon entier,RE-1,32,cooldown,10,2023,173,3479.88,0.389606,20.1149,0.623395,27.8749,11.3011,19.588,8.28693,1.07557,0.109809,0.592691,0.482882,0.263003
échantillon entier,RE-1,32,cooldown,10,2024,163,180.175,-0.011028,1.10537,-0.0237407,-2.8951,6.03745,1.57117,-4.46627,-0.0631146,0.0248024,-0.0191561,-0.0439585,-0.00406281
échantillon entier,RE-1,32,cooldown,10,2025,156,1576.25,0.152269,10.1041,0.356049,17.4634,1.29381,9.37858,8.08477,0.52606,0.152515,0.339288,0.186772,0.0960898
échantillon entier,RE-1,32,réouverture,5,2020,178,429.93,-0.0101276,2.41534,0.2517,9.93392,-7.00668,1.46362,8.4703,0.434318,0.022851,0.228584,0.205733,0.100517
échantillon entier,RE-1,32,réouverture,5,2021,193,341.276,-0.0673502,1.76827,-0.00499249,3.38272,-0.00411818,1.6893,1.69342,0.131977,-0.155362,-0.0116921,0.14367,-0.0130589
échantillon entier,RE-1,32,réouverture,5,2022,166,-1211.91,-0.150998,-7.30066,0.00187084,-42.1096,30.119,-5.99532,-36.1143,-0.580734,0.628171,0.0237185,-0.604452,-0.0214822
échantillon entier,RE-1,32,réouverture,5,2023,181,4641.48,0.557199,25.6435,0.813769,35.9857,14.2191,25.1024,10.8833,1.27217,0.307399,0.789783,0.482383,0.364678
échantillon entier,RE-1,32,réouverture,5,2024,169,1234.23,0.098697,7.30316,0.132681,2.41092,13.7368,8.07385,-5.66294,0.049888,0.24156,0.145724,-0.0958358,0.0581333
échantillon entier,RE-1,32,réouverture,5,2025,164,1600.79,0.154284,9.7609,0.291543,18.3549,-0.190042,9.08243,9.27247,0.614477,-0.0823805,0.266048,0.348429,0.102351
échantillon entier,RE-1,32,réouverture,10,2020,178,-460.07,-0.094469,-2.58466,0.143239,4.93392,-12.0067,-3.53638,8.4703,0.316504,-0.0738907,0.121307,0.195197,0.0496617
échantillon entier,RE-1,32,réouverture,10,2021,193,-623.724,-0.153238,-3.23173,-0.0743131,-1.61728,-5.00412,-3.3107,1.69342,0.0638567,-0.225999,-0.0810714,0.144928,-0.0455309
échantillon entier,RE-1,32,réouverture,10,2022,166,-2041.91,-0.218716,-12.3007,-0.117698,-47.1096,25.119,-10.9953,-36.1143,-0.706611,0.515383,-0.095614,-0.610997,-0.0647747
échantillon entier,RE-1,32,réouverture,10,2023,181,3736.48,0.422729,20.6435,0.604117,30.9857,9.21905,20.1024,10.8833,1.06516,0.0948296,0.579993,0.485163,0.269911
échantillon entier,RE-1,32,réouverture,10,2024,169,389.234,0.00968293,2.30316,-0.0057807,-2.58908,8.73679,3.07385,-5.66294,-0.0858769,0.0995513,0.00683719,-0.0927141,0.00121609
échantillon entier,RE-1,32,réouverture,10,2025,164,780.787,0.0634555,4.7609,0.11446,13.3549,-5.19004,4.08243,9.27247,0.445964,-0.269386,0.088289,0.357675,0.0362434
échantillon entier,RE-2,32,cooldown,5,2020,176,1101.25,0.0597521,6.25708,0.370808,5.93468,6.66214,6.29841,-0.363726,0.458826,0.260222,0.359524,0.0993022,0.158252
échantillon entier,RE-2,32,cooldown,5,2021,184,1506.79,0.0564289,8.18909,0.1319,22.3135,-6.88758,7.71298,14.6006,0.382482,-0.135575,0.123454,0.259029,0.0517527
échantillon entier,RE-2,32,cooldown,5,2022,160,-2035.37,-0.216177,-12.721,-0.0582125,-50.2847,28.7967,-10.744,-39.5407,-0.67756,0.62633,-0.0256153,-0.651945,-0.0452929
échantillon entier,RE-2,32,cooldown,5,2023,173,4386.77,0.521643,25.3571,0.785588,34.2996,15.2001,24.7499,9.54976,1.2441,0.264814,0.754455,0.489641,0.340568
échantillon entier,RE-2,32,cooldown,5,2024,163,1375.28,0.115828,8.43727,0.142425,4.02758,13.8739,8.95073,-4.92315,0.102431,0.191733,0.147082,-0.044651,0.0620625
échantillon entier,RE-2,32,cooldown,5,2025,156,2478.9,0.261418,15.8904,0.542593,23.3952,6.90567,15.1504,8.24477,0.715194,0.335959,0.525576,0.189618,0.167634
échantillon entier,RE-2,32,cooldown,10,2020,176,221.246,-0.0295395,1.25708,0.262016,0.934683,1.66214,1.29841,-0.363726,0.340642,0.16323,0.251936,0.0887059,0.105182
échantillon entier,RE-2,32,cooldown,10,2021,184,586.792,-0.0364671,3.18909,0.0623558,17.3135,-11.8876,2.71298,14.6006,0.314518,-0.206806,0.053856,0.260662,0.0186455
échantillon entier,RE-2,32,cooldown,10,2022,160,-2835.37,-0.276558,-17.721,-0.178129,-55.2847,23.7967,-15.744,-39.5407,-0.803821,0.513426,-0.145197,-0.658624,-0.0860241
échantillon entier,RE-2,32,cooldown,10,2023,173,3521.77,0.395803,20.3571,0.576471,29.2996,10.2001,19.7499,9.54976,1.03821,0.0520249,0.545118,0.493093,0.251473
échantillon entier,RE-2,32,cooldown,10,2024,163,560.275,0.0285168,3.43727,0.00455408,-0.97242,8.87388,3.95073,-4.92315,-0.0344594,0.0526529,0.00909676,-0.0435562,0.00706771
échantillon entier,RE-2,32,cooldown,10,2025,156,1698.9,0.166871,10.8904,0.368333,18.3952,1.90567,10.1504,8.24477,0.545946,0.155697,0.350822,0.195124,0.101127
échantillon entier,RE-2,32,réouverture,5,2020,179,447.968,-0.00966416,2.50261,0.309148,5.93468,-1.64977,2.14246,3.79223,0.458826,0.128055,0.293441,0.165385,0.129479
échantillon entier,RE-2,32,réouverture,5,2021,193,527.585,-0.04909,2.7336,0.00799995,3.47136,1.92367,2.69751,0.773843,0.128865,-0.124689,0.00208806,0.126777,-0.0067685
échantillon entier,RE-2,32,réouverture,5,2022,169,-1098.16,-0.141175,-6.498,0.02753,-39.5567,30.2798,-4.63845,-34.9183,-0.491712,0.605186,0.0567373,-0.548449,-0.0118826
échantillon entier,RE-2,32,réouverture,5,2023,181,3883.57,0.446686,21.4562,0.709845,29.7937,12.4478,21.1208,8.67294,1.16076,0.222649,0.691705,0.469056,0.315563
échantillon entier,RE-2,32,réouverture,5,2024,169,1512.18,0.130932,8.9478,0.15646,4.58392,14.4172,9.50056,-4.91664,0.087459,0.242941,0.1652,-0.0777412,0.0673565
échantillon entier,RE-2,32,réouverture,5,2025,165,1807.94,0.178807,10.9572,0.324207,19.9167,0.465171,10.191,9.72579,0.666678,-0.0768442,0.294917,0.371761,0.116666
échantillon entier,RE-2,32,réouverture,10,2020,179,-447.032,-0.0944984,-2.49739,0.200654,0.934683,-6.64977,-2.85754,3.79223,0.340642,0.0312848,0.185963,0.154679,0.076986
échantillon entier,RE-2,32,réouverture,10,2021,193,-437.415,-0.136651,-2.2664,-0.0613206,-1.52864,-3.07633,-2.30249,0.773843,0.0607444,-0.195327,-0.0672912,0.128036,-0.0394463
échantillon entier,RE-2,32,réouverture,10,2022,169,-1943.16,-0.210857,-11.498,-0.0919207,-44.5567,25.2798,-9.63845,-34.9183,-0.617151,0.492398,-0.0623765,-0.554774,-0.0563943
échantillon entier,RE-2,32,réouverture,10,2023,181,2978.57,0.321712,16.4562,0.50074,24.7937,7.44784,16.1208,8.67294,0.955154,0.00976492,0.482459,0.472694,0.224191
échantillon entier,RE-2,32,réouverture,10,2024,169,667.179,0.039322,3.9478,0.0186269,-0.416078,9.4172,4.50056,-4.91664,-0.0484489,0.102695,0.0271232,-0.0755721,0.010111
échantillon entier,RE-2,32,réouverture,10,2025,165,982.943,0.0855173,5.95723,0.146773,14.9167,-4.53483,5.19096,9.72579,0.497418,-0.26385,0.116784,0.380634,0.0491804
échantillon entier,RE-3,32,cooldown,5,2020,176,3140.52,0.317007,17.8439,0.512545,24.9169,8.95718,16.937,7.97987,0.686054,0.294546,0.4903,0.195754,0.235152
échantillon entier,RE-3,32,cooldown,5,2021,184,2190.64,0.139545,11.9057,0.204389,21.2602,1.92046,11.5903,9.66987,0.394365,0.00160612,0.197986,0.19638,0.0888786
échantillon entier,RE-3,32,cooldown,5,2022,160,-1277.3,-0.149903,-7.98314,0.0613423,-46.4317,34.5127,-5.95953,-40.4722,-0.653665,0.851613,0.0989743,-0.752639,-0.00167023
échantillon entier,RE-3,32,cooldown,5,2023,173,3087.71,0.336281,17.848,0.574159,24.1848,10.6507,17.4178,6.76706,0.74053,0.385195,0.562863,0.177667,0.25352
échantillon entier,RE-3,32,cooldown,5,2024,163,20.0357,-0.0240311,0.122918,-0.114138,-9.09013,11.4815,1.19567,-10.2858,-0.327403,0.14879,-0.0893063,-0.238096,-0.0286646
échantillon entier,RE-3,32,cooldown,5,2025,156,2014.35,0.20421,12.9125,0.437307,19.0728,5.5375,12.3051,6.76763,0.591107,0.25318,0.422143,0.168963,0.127022
échantillon entier,RE-3,32,cooldown,10,2020,176,2260.52,0.20618,12.8439,0.403753,19.9169,3.95718,11.937,7.97987,0.56787,0.197554,0.382712,0.185158,0.178577
échantillon entier,RE-3,32,cooldown,10,2021,184,1270.64,0.0393837,6.90566,0.134845,16.2602,-3.07954,6.59034,9.66987,0.326401,-0.0696245,0.128388,0.198013,0.0546109
échantillon entier,RE-3,32,cooldown,10,2022,160,-2077.3,-0.215355,-12.9831,-0.0585738,-51.4317,29.5127,-10.9595,-40.4722,-0.779926,0.73871,-0.0206079,-0.759318,-0.0442497
échantillon entier,RE-3,32,cooldown,10,2023,173,2222.71,0.225691,12.848,0.365043,19.1848,5.6507,12.4178,6.76706,0.534646,0.172406,0.353526,0.18112,0.170191
échantillon entier,RE-3,32,cooldown,10,2024,163,-794.964,-0.100459,-4.87708,-0.25201,-14.0901,6.48148,-3.80433,-10.2858,-0.464293,0.00970972,-0.227292,-0.237002,-0.0789944
échantillon entier,RE-3,32,cooldown,10,2025,156,1234.35,0.113925,7.91248,0.263046,14.0728,0.537497,7.30513,6.76763,0.421858,0.0729187,0.247388,0.17447,0.0628118
échantillon entier,RE-3,32,réouverture,5,2020,179,2496.97,0.235014,13.9495,0.436557,24.7401,0.596212,12.6682,12.0719,0.680345,0.13487,0.407607,0.272738,0.198581
échantillon entier,RE-3,32,réouverture,5,2021,194,1105.36,0.0139236,5.69773,0.0690847,-3.73288,16.3719,6.31953,-10.0524,0.0486218,0.0922461,0.0704339,-0.0218122,0.024522
échantillon entier,RE-3,32,réouverture,5,2022,168,-553.965,-0.0879634,-3.29741,0.0901326,-38.3655,34.3683,-1.99859,-36.3669,-0.553574,0.781521,0.113974,-0.667547,0.0114094
échantillon entier,RE-3,32,réouverture,5,2023,184,3150.95,0.341714,17.1247,0.519523,25.5557,7.72464,16.6402,8.91554,0.681055,0.339425,0.51024,0.170815,0.242354
échantillon entier,RE-3,32,réouverture,5,2024,169,118.562,-0.0145935,0.701549,-0.128771,-9.00577,13.4673,2.23078,-11.2366,-0.35751,0.172036,-0.092737,-0.264773,-0.0338224
échantillon entier,RE-3,32,réouverture,5,2025,164,1430.6,0.135509,8.72319,0.297107,15.0799,1.36279,8.22134,6.85855,0.513828,0.0461667,0.279997,0.233831,0.0876895
échantillon entier,RE-3,32,réouverture,10,2020,179,1601.97,0.129355,8.94953,0.32825,19.7401,-4.40379,7.66815,12.0719,0.562531,0.0383269,0.300429,0.262102,0.142989
échantillon entier,RE-3,32,réouverture,10,2021,194,135.36,-0.0798671,0.697733,-0.000110486,-8.73288,11.3719,1.31953,-10.0524,-0.0192251,0.0215248,0.00114982,-0.0203749,-0.00928969
échantillon entier,RE-3,32,réouverture,10,2022,168,-1393.97,-0.161516,-8.29741,-0.0294692,-43.3655,29.3683,-6.99859,-36.3669,-0.679087,0.668269,-0.00540927,-0.673678,-0.0339206
échantillon entier,RE-3,32,réouverture,10,2023,184,2230.95,0.223923,12.1247,0.311034,20.5557,2.72464,11.6402,8.91554,0.475128,0.128078,0.301603,0.173525,0.154847
échantillon entier,RE-3,32,réouverture,10,2024,169,-726.438,-0.0944771,-4.29845,-0.267233,-14.0058,8.46734,-2.76922,-11.2366,-0.493275,0.030028,-0.231624,-0.261652,-0.0858294
échantillon entier,RE-3,32,réouverture,10,2025,164,610.602,0.0461496,3.72319,0.120024,10.0799,-3.63721,3.22134,6.85855,0.345315,-0.140839,0.102238,0.243077,0.0224554
échantillon entier,C1,48,cooldown,5,2020,107,2421.04,0.205316,22.6266,0.593736,44.1063,-3.77554,20.1654,23.9409,1.10079,-0.0295121,0.535636,0.565149,0.148949
échantillon entier,C1,48,cooldown,5,2021,102,-1839.12,-0.251272,-18.0306,-0.440909,8.83009,-41.9068,-16.5383,25.3684,-0.154663,-0.69535,-0.425006,0.270344,-0.117735
échantillon entier,C1,48,cooldown,5,2022,86,-2779.51,-0.2653,-32.3199,-0.279593,-98.2839,27.7806,-35.2516,-63.0323,-1.35766,0.702645,-0.327507,-1.03015,-0.0940944
échantillon entier,C1,48,cooldown,5,2023,101,3276.15,0.365631,32.4371,1.48951,66.5965,2.7058,34.6511,31.9453,3.07448,0.109994,1.59224,1.48224,0.304996
échantillon entier,C1,48,cooldown,5,2024,87,1860.17,0.169473,21.3813,0.174515,13.8989,28.0503,20.9746,-7.07571,0.073726,0.264349,0.169038,-0.0953115,0.0581972
échantillon entier,C1,48,cooldown,5,2025,81,-1026.92,-0.109932,-12.678,-0.449993,-4.47665,-22.9297,-13.7032,9.22652,0.187978,-1.24746,-0.52974,0.717718,-0.0702368
échantillon entier,C1,48,cooldown,10,2020,107,1886.04,0.142586,17.6266,0.490173,39.1063,-8.77554,15.1654,23.9409,0.98736,-0.120952,0.433204,0.554156,0.118276
échantillon entier,C1,48,cooldown,10,2021,102,-2349.12,-0.288651,-23.0306,-0.510403,3.83009,-46.9068,-21.5383,25.3684,-0.222225,-0.766562,-0.494394,0.272168,-0.133265
échantillon entier,C1,48,cooldown,10,2022,86,-3209.51,-0.29635,-37.3199,-0.401209,-103.284,22.7806,-40.2516,-63.0323,-1.47815,0.580007,-0.449074,-1.02908,-0.115159
échantillon entier,C1,48,cooldown,10,2023,101,2771.15,0.298555,27.4371,1.29069,61.5965,-2.2942,29.6511,31.9453,2.87702,-0.0900109,1.39351,1.48352,0.253649
échantillon entier,C1,48,cooldown,10,2024,87,1425.17,0.11975,16.3813,0.029574,8.89889,23.0503,15.9746,-7.07571,-0.0709578,0.119178,0.0241103,-0.0950681,0.0277259
échantillon entier,C1,48,cooldown,10,2025,81,-1431.92,-0.145324,-17.678,-0.623892,-9.47665,-27.9297,-18.7032,9.22652,0.0264355,-1.4368,-0.705183,0.731619,-0.0977971
échantillon entier,C1,48,réouverture,5,2020,107,2421.04,0.205316,22.6266,0.593736,44.1063,-3.77554,20.1654,23.9409,1.10079,-0.0295121,0.535636,0.565149,0.148949
échantillon entier,C1,48,réouverture,5,2021,102,-1839.12,-0.251272,-18.0306,-0.440909,8.83009,-41.9068,-16.5383,25.3684,-0.154663,-0.69535,-0.425006,0.270344,-0.117735
échantillon entier,C1,48,réouverture,5,2022,86,-2779.51,-0.2653,-32.3199,-0.279593,-98.2839,27.7806,-35.2516,-63.0323,-1.35766,0.702645,-0.327507,-1.03015,-0.0940944
échantillon entier,C1,48,réouverture,5,2023,101,3276.15,0.365631,32.4371,1.48951,66.5965,2.7058,34.6511,31.9453,3.07448,0.109994,1.59224,1.48224,0.304996
échantillon entier,C1,48,réouverture,5,2024,87,1860.17,0.169473,21.3813,0.174515,13.8989,28.0503,20.9746,-7.07571,0.073726,0.264349,0.169038,-0.0953115,0.0581972
échantillon entier,C1,48,réouverture,5,2025,81,-1026.92,-0.109932,-12.678,-0.449993,-4.47665,-22.9297,-13.7032,9.22652,0.187978,-1.24746,-0.52974,0.717718,-0.0702368
échantillon entier,C1,48,réouverture,10,2020,107,1886.04,0.142586,17.6266,0.490173,39.1063,-8.77554,15.1654,23.9409,0.98736,-0.120952,0.433204,0.554156,0.118276
échantillon entier,C1,48,réouverture,10,2021,102,-2349.12,-0.288651,-23.0306,-0.510403,3.83009,-46.9068,-21.5383,25.3684,-0.222225,-0.766562,-0.494394,0.272168,-0.133265
échantillon entier,C1,48,réouverture,10,2022,86,-3209.51,-0.29635,-37.3199,-0.401209,-103.284,22.7806,-40.2516,-63.0323,-1.47815,0.580007,-0.449074,-1.02908,-0.115159
échantillon entier,C1,48,réouverture,10,2023,101,2771.15,0.298555,27.4371,1.29069,61.5965,-2.2942,29.6511,31.9453,2.87702,-0.0900109,1.39351,1.48352,0.253649
échantillon entier,C1,48,réouverture,10,2024,87,1425.17,0.11975,16.3813,0.029574,8.89889,23.0503,15.9746,-7.07571,-0.0709578,0.119178,0.0241103,-0.0950681,0.0277259
échantillon entier,C1,48,réouverture,10,2025,81,-1431.92,-0.145324,-17.678,-0.623892,-9.47665,-27.9297,-18.7032,9.22652,0.0264355,-1.4368,-0.705183,0.731619,-0.0977971
échantillon entier,C2,48,cooldown,5,2020,148,846.224,-0.0214388,5.71773,0.37286,56.072,-50.3913,2.84034,53.2317,1.27856,-0.636346,0.321106,0.957453,0.119718
échantillon entier,C2,48,cooldown,5,2021,151,-2633.81,-0.309878,-17.4424,-0.258315,10.7325,-51.8324,-20.55,31.2825,0.19615,-0.813031,-0.30844,0.504591,-0.102671
échantillon entier,C2,48,cooldown,5,2022,138,-4205.52,-0.394922,-30.4747,-0.67594,-119.351,66.4814,-26.4349,-92.9163,-2.22057,1.00911,-0.60573,-1.61484,-0.232215
échantillon entier,C2,48,cooldown,5,2023,149,2677.4,0.274363,17.9692,0.620365,33.0074,2.7277,17.8676,15.1398,1.79438,-0.569515,0.612433,1.18195,0.162388
échantillon entier,C2,48,cooldown,5,2024,143,-2.84341,-0.0507766,-0.019884,-0.0894338,-11.8242,15.8482,2.01201,-13.8362,-0.444099,0.387329,-0.0283849,-0.415714,-0.0372703
échantillon entier,C2,48,cooldown,5,2025,135,816.577,0.0553546,6.04872,0.435579,14.2288,-5.49108,4.36888,9.85995,0.734075,0.0144855,0.37428,0.359795,0.0959177
échantillon entier,C2,48,cooldown,10,2020,148,106.224,-0.0913127,0.717728,0.266618,51.072,-55.3913,-2.15966,53.2317,1.16344,-0.732697,0.215371,0.948068,0.0774256
échantillon entier,C2,48,cooldown,10,2021,151,-3388.81,-0.36023,-22.4424,-0.327864,5.7325,-56.8324,-25.55,31.2825,0.129853,-0.886547,-0.378347,0.5082,-0.125951
échantillon entier,C2,48,cooldown,10,2022,138,-4895.52,-0.435439,-35.4747,-0.795834,-124.351,61.4814,-31.4349,-92.9163,-2.34785,0.897272,-0.725288,-1.62256,-0.26027
échantillon entier,C2,48,cooldown,10,2023,149,1932.4,0.18298,12.9692,0.409435,28.0074,-2.2723,12.8676,15.1398,1.58334,-0.780337,0.401503,1.18184,0.0955081
échantillon entier,C2,48,cooldown,10,2024,143,-717.843,-0.116339,-5.01988,-0.226619,-16.8242,10.8482,-2.98799,-13.8362,-0.582547,0.251842,-0.165352,-0.417195,-0.0807647
échantillon entier,C2,48,cooldown,10,2025,135,141.577,-0.0135345,1.04872,0.268352,9.22883,-10.4911,-0.631122,9.85995,0.57231,-0.160446,0.205932,0.366378,0.0427383
échantillon entier,C2,48,réouverture,5,2020,148,846.224,-0.0214388,5.71773,0.37286,56.072,-50.3913,2.84034,53.2317,1.27856,-0.636346,0.321106,0.957453,0.119718
échantillon entier,C2,48,réouverture,5,2021,151,-2633.81,-0.309878,-17.4424,-0.258315,10.7325,-51.8324,-20.55,31.2825,0.19615,-0.813031,-0.30844,0.504591,-0.102671
échantillon entier,C2,48,réouverture,5,2022,138,-4205.52,-0.394922,-30.4747,-0.67594,-119.351,66.4814,-26.4349,-92.9163,-2.22057,1.00911,-0.60573,-1.61484,-0.232215
échantillon entier,C2,48,réouverture,5,2023,149,2677.4,0.274363,17.9692,0.620365,33.0074,2.7277,17.8676,15.1398,1.79438,-0.569515,0.612433,1.18195,0.162388
échantillon entier,C2,48,réouverture,5,2024,143,-2.84341,-0.0507766,-0.019884,-0.0894338,-11.8242,15.8482,2.01201,-13.8362,-0.444099,0.387329,-0.0283849,-0.415714,-0.0372703
échantillon entier,C2,48,réouverture,5,2025,135,816.577,0.0553546,6.04872,0.435579,14.2288,-5.49108,4.36888,9.85995,0.734075,0.0144855,0.37428,0.359795,0.0959177
échantillon entier,C2,48,réouverture,10,2020,148,106.224,-0.0913127,0.717728,0.266618,51.072,-55.3913,-2.15966,53.2317,1.16344,-0.732697,0.215371,0.948068,0.0774256
échantillon entier,C2,48,réouverture,10,2021,151,-3388.81,-0.36023,-22.4424,-0.327864,5.7325,-56.8324,-25.55,31.2825,0.129853,-0.886547,-0.378347,0.5082,-0.125951
échantillon entier,C2,48,réouverture,10,2022,138,-4895.52,-0.435439,-35.4747,-0.795834,-124.351,61.4814,-31.4349,-92.9163,-2.34785,0.897272,-0.725288,-1.62256,-0.26027
échantillon entier,C2,48,réouverture,10,2023,149,1932.4,0.18298,12.9692,0.409435,28.0074,-2.2723,12.8676,15.1398,1.58334,-0.780337,0.401503,1.18184,0.0955081
échantillon entier,C2,48,réouverture,10,2024,143,-717.843,-0.116339,-5.01988,-0.226619,-16.8242,10.8482,-2.98799,-13.8362,-0.582547,0.251842,-0.165352,-0.417195,-0.0807647
échantillon entier,C2,48,réouverture,10,2025,135,141.577,-0.0135345,1.04872,0.268352,9.22883,-10.4911,-0.631122,9.85995,0.57231,-0.160446,0.205932,0.366378,0.0427383
échantillon entier,RE-1,48,cooldown,5,2020,148,495.165,-0.00314728,3.34571,0.238961,32.9252,-29.6143,1.65546,31.2697,0.810996,-0.398449,0.206274,0.604722,0.0720288
échantillon entier,RE-1,48,cooldown,5,2021,151,-5496.96,-0.470028,-36.4037,-0.493909,-7.17724,-72.0771,-39.6272,32.45,0.0118844,-1.11127,-0.549695,0.561579,-0.178018
échantillon entier,RE-1,48,cooldown,5,2022,138,-2533.84,-0.261517,-18.3612,-0.144616,-65.007,32.5251,-16.2409,-48.766,-0.70889,0.470956,-0.118967,-0.589923,-0.0828511
échantillon entier,RE-1,48,cooldown,5,2023,149,2677.42,0.284109,17.9692,0.82357,30.2296,5.54316,17.8864,12.3432,1.74146,-0.10672,0.817369,0.924088,0.205047
échantillon entier,RE-1,48,cooldown,5,2024,143,2769.82,0.272846,19.3694,0.37306,7.94469,34.7272,21.336,-13.3913,0.00875062,0.862787,0.435769,-0.427018,0.139497
échantillon entier,RE-1,48,cooldown,5,2025,135,277.207,0.00863108,2.05338,0.19029,12.2227,-12.2926,-0.0349556,12.2576,0.552983,-0.321366,0.115808,0.437175,0.0298555
échantillon entier,RE-1,48,cooldown,10,2020,148,-244.835,-0.0742939,-1.65429,0.132719,27.9252,-34.6143,-3.34454,31.2697,0.695876,-0.494799,0.100538,0.595337,0.0315275
échantillon entier,RE-1,48,cooldown,10,2021,151,-6251.96,-0.508754,-41.4037,-0.563457,-12.1772,-77.0771,-44.6272,32.45,-0.0544129,-1.18479,-0.619601,0.565189,-0.199354
échantillon entier,RE-1,48,cooldown,10,2022,138,-3223.84,-0.310887,-23.3612,-0.26451,-70.007,27.5251,-21.2409,-48.766,-0.836172,0.359121,-0.238525,-0.597646,-0.116297
échantillon entier,RE-1,48,cooldown,10,2023,149,1932.42,0.192036,12.9692,0.61264,25.2296,0.543163,12.8864,12.3432,1.53042,-0.317541,0.606439,0.92398,0.135742
échantillon entier,RE-1,48,cooldown,10,2024,143,2054.82,0.185116,14.3694,0.235875,2.94469,29.7272,16.336,-13.3913,-0.129698,0.727301,0.298802,-0.428499,0.0880824
échantillon entier,RE-1,48,cooldown,10,2025,135,-397.793,-0.0572254,-2.94662,0.0230627,7.22268,-17.2926,-5.03496,12.2576,0.391217,-0.496298,-0.0525405,0.443758,-0.0201401
échantillon entier,RE-1,48,réouverture,5,2020,158,271.151,-0.0299181,1.71615,0.245441,35.988,-37.187,-0.599517,36.5875,0.922935,-0.523606,0.199665,0.72327,0.0796132
échantillon entier,RE-1,48,réouverture,5,2021,165,-6541.28,-0.53882,-39.6441,-0.595839,-49.796,-27.16,-38.478,-11.318,-0.659957,-0.516991,-0.588474,-0.0714828,-0.229292
échantillon entier,RE-1,48,réouverture,5,2022,148,-2360.91,-0.249937,-15.9521,-0.13112,-65.3213,36.1599,-14.5807,-50.7406,-0.765954,0.538981,-0.113486,-0.652467,-0.0818852
échantillon entier,RE-1,48,réouverture,5,2023,162,2921.74,0.314172,18.0354,0.846813,30.8273,5.55561,18.1914,12.6358,1.67003,0.0436765,0.856852,0.813175,0.236627
échantillon entier,RE-1,48,réouverture,5,2024,156,3303.75,0.336562,21.1779,0.499077,15.6301,28.5473,22.0887,-6.45857,0.417397,0.607578,0.512487,-0.0950904,0.201658
échantillon entier,RE-1,48,réouverture,5,2025,146,518.918,0.0309858,3.55424,0.193959,14.8586,-10.5327,2.16293,12.6957,0.628163,-0.347126,0.140519,0.487645,0.0496617
échantillon entier,RE-1,48,réouverture,10,2020,158,-518.849,-0.103663,-3.28385,0.138337,30.988,-42.187,-5.59952,36.5875,0.807286,-0.621011,0.0931376,0.714148,0.0358153
échantillon entier,RE-1,48,réouverture,10,2021,165,-7366.28,-0.575539,-44.6441,-0.665125,-54.796,-32.16,-43.478,-11.318,-0.725921,-0.590362,-0.658142,-0.0677797,-0.251053
échantillon entier,RE-1,48,réouverture,10,2022,148,-3100.91,-0.303569,-20.9521,-0.249913,-70.3213,31.1599,-19.5807,-50.7406,-0.891882,0.427722,-0.23208,-0.659802,-0.117682
échantillon entier,RE-1,48,réouverture,10,2023,162,2111.74,0.212051,13.0354,0.634578,25.8273,0.555611,13.1914,12.6358,1.46001,-0.17072,0.644645,0.815364,0.159507
échantillon entier,RE-1,48,réouverture,10,2024,156,2523.75,0.236403,16.1779,0.361121,10.6301,23.5473,17.0887,-6.45857,0.279219,0.469916,0.374567,-0.0953489,0.142336
échantillon entier,RE-1,48,réouverture,10,2025,146,-211.082,-0.0416078,-1.44576,0.022532,9.85859,-15.5327,-2.83707,12.6957,0.466727,-0.531003,-0.0321382,0.498865,-0.00542833
échantillon entier,RE-2,48,cooldown,5,2020,148,828.937,0.0294607,5.60093,0.26919,39.5082,-32.1815,3.66337,35.8449,0.909599,-0.444409,0.232595,0.677004,0.0836611
échantillon entier,RE-2,48,cooldown,5,2021,151,-5136.38,-0.449687,-34.0157,-0.468739,-5.55977,-68.7488,-37.1543,31.5945,0.0217716,-1.06745,-0.52284,0.544611,-0.170057
échantillon entier,RE-2,48,cooldown,5,2022,138,-2244.44,-0.239496,-16.264,-0.0982883,-61.4182,32.9951,-14.2116,-47.2067,-0.625451,0.476798,-0.0743264,-0.551124,-0.0693449
échantillon entier,RE-2,48,cooldown,5,2023,149,1724.77,0.170353,11.5756,0.699387,19.5047,3.53938,11.5221,7.98268,1.57531,-0.188377,0.693469,0.881845,0.151213
échantillon entier,RE-2,48,cooldown,5,2024,143,3099.21,0.317139,21.6728,0.387259,9.01916,38.6826,23.8509,-14.8317,0.012256,0.891361,0.451809,-0.439553,0.146043
échantillon entier,RE-2,48,cooldown,5,2025,135,266.129,0.00776199,1.97133,0.17075,10.828,-10.5229,0.152544,10.6755,0.500494,-0.294424,0.103035,0.397459,0.0241754
échantillon entier,RE-2,48,cooldown,10,2020,148,88.9372,-0.0439983,0.600927,0.162947,34.5082,-37.1815,-1.33663,35.8449,0.794478,-0.540759,0.12686,0.667619,0.0427214
échantillon entier,RE-2,48,cooldown,10,2021,151,-5891.38,-0.48989,-39.0157,-0.538287,-10.5598,-73.7488,-42.1543,31.5945,-0.0445258,-1.14097,-0.592746,0.548221,-0.191598
échantillon entier,RE-2,48,cooldown,10,2022,138,-2934.44,-0.290328,-21.264,-0.218182,-66.4182,27.9951,-19.2116,-47.2067,-0.752732,0.364963,-0.193885,-0.558848,-0.103279
échantillon entier,RE-2,48,cooldown,10,2023,149,979.769,0.0863871,6.57563,0.488457,14.5047,-1.46062,6.52206,7.98268,1.36428,-0.399198,0.482539,0.881737,0.084988
échantillon entier,RE-2,48,cooldown,10,2024,143,2384.21,0.226378,16.6728,0.250074,4.01916,33.6826,18.8509,-14.8317,-0.126192,0.755875,0.314841,-0.441034,0.0943326
échantillon entier,RE-2,48,cooldown,10,2025,135,-408.871,-0.058038,-3.02867,0.00352257,5.82802,-15.5229,-4.84746,10.6755,0.338728,-0.469356,-0.0653142,0.404042,-0.0255475
échantillon entier,RE-2,48,réouverture,5,2020,159,723.771,0.0132683,4.55202,0.296393,35.7726,-29.5442,3.11423,32.6584,0.913304,-0.377338,0.267983,0.645321,0.101688
échantillon entier,RE-2,48,réouverture,5,2021,165,-6177.73,-0.520963,-37.4408,-0.573799,-48.1716,-24.2448,-36.2082,-11.9634,-0.650157,-0.479899,-0.565028,-0.0851288,-0.222148
échantillon entier,RE-2,48,réouverture,5,2022,150,-2173.46,-0.235526,-14.4897,-0.09928,-61.8176,36.7821,-12.5177,-49.2999,-0.695896,0.547054,-0.074421,-0.621475,-0.0727674
échantillon entier,RE-2,48,réouverture,5,2023,162,2239.51,0.230375,13.8242,0.784741,24.9505,3.23403,14.0923,10.8582,1.64816,-0.0370647,0.805547,0.842611,0.204454
échantillon entier,RE-2,48,réouverture,5,2024,158,3307.5,0.33877,20.9336,0.474188,14.3281,29.4537,21.8909,-7.56277,0.368075,0.611059,0.489567,-0.121492,0.190419
échantillon entier,RE-2,48,réouverture,5,2025,147,534.639,0.0328733,3.637,0.185591,13.898,-8.9561,2.47097,11.4271,0.589133,-0.309665,0.139734,0.449399,0.0466932
échantillon entier,RE-2,48,réouverture,10,2020,159,-71.2291,-0.0642077,-0.447982,0.188919,30.7726,-34.5442,-1.88577,32.6584,0.796621,-0.474756,0.160932,0.635689,0.0565594
échantillon entier,RE-2,48,réouverture,10,2021,165,-7002.73,-0.559095,-42.4408,-0.643085,-53.1716,-29.2448,-41.2082,-11.9634,-0.716121,-0.55327,-0.634695,-0.0814257,-0.24411
échantillon entier,RE-2,48,réouverture,10,2022,150,-2923.46,-0.290891,-19.4897,-0.217806,-66.8176,31.7821,-17.5177,-49.2999,-0.821129,0.435794,-0.192668,-0.628462,-0.109357
échantillon entier,RE-2,48,réouverture,10,2023,162,1429.51,0.13473,8.82416,0.573118,19.9505,-1.76597,9.09227,10.8582,1.43977,-0.251768,0.594002,0.845769,0.129331
échantillon entier,RE-2,48,réouverture,10,2024,158,2517.5,0.237209,15.9336,0.336605,9.32811,24.4537,16.8909,-7.56277,0.229165,0.475187,0.352176,-0.123011,0.130918
échantillon entier,RE-2,48,réouverture,10,2025,147,-200.361,-0.0403323,-1.363,0.0133905,8.89804,-13.9561,-2.52903,11.4271,0.427696,-0.495076,-0.0336897,0.461386,-0.00873849
échantillon entier,RE-3,48,cooldown,5,2020,148,1597.09,0.119981,10.7912,0.425666,48.2351,-30.932,8.65152,39.5836,1.23104,-0.471748,0.379645,0.851393,0.154873
échantillon entier,RE-3,48,cooldown,5,2021,151,-4579.87,-0.410914,-30.3303,-0.352312,-19.805,-43.1772,-31.4911,11.6861,-0.114347,-0.642771,-0.378559,0.264212,-0.130792
échantillon entier,RE-3,48,cooldown,5,2022,138,-2104.7,-0.225787,-15.2515,-0.0112526,-61.3967,35.0888,-13.154,-48.2428,-0.596855,0.627586,0.0153656,-0.61222,-0.0468732
échantillon entier,RE-3,48,cooldown,5,2023,149,159.667,-0.00152812,1.07159,0.115506,11.037,-9.02845,1.00425,10.0327,0.591781,-0.367206,0.112288,0.479494,0.0133659
échantillon entier,RE-3,48,cooldown,5,2024,143,2315.83,0.219279,16.1946,0.383394,8.12628,27.0405,17.5834,-9.45714,0.199545,0.630536,0.415041,-0.215495,0.143052
échantillon entier,RE-3,48,cooldown,5,2025,135,-164.206,-0.0333404,-1.21634,0.0548387,3.96755,-8.52933,-2.28089,6.24844,0.307758,-0.301959,0.00289983,0.304858,-0.00182848
échantillon entier,RE-3,48,cooldown,10,2020,148,857.094,0.0401111,5.79117,0.319424,43.2351,-35.932,3.65152,39.5836,1.11592,-0.568098,0.27391,0.842008,0.111268
échantillon entier,RE-3,48,cooldown,10,2021,151,-5334.87,-0.453926,-35.3303,-0.421861,-24.805,-48.1772,-36.4911,11.6861,-0.180644,-0.716287,-0.448465,0.267821,-0.153342
échantillon entier,RE-3,48,cooldown,10,2022,138,-2794.7,-0.277527,-20.2515,-0.131147,-66.3967,30.0888,-18.154,-48.2428,-0.724136,0.515751,-0.104192,-0.619944,-0.081616
échantillon entier,RE-3,48,cooldown,10,2023,149,-585.333,-0.0732369,-3.92841,-0.0954244,6.03696,-14.0284,-3.99575,10.0327,0.380744,-0.578027,-0.0986418,0.479386,-0.0449754
échantillon entier,RE-3,48,cooldown,10,2024,143,1600.83,0.135218,11.1946,0.24621,3.12628,22.0405,12.5834,-9.45714,0.0610969,0.49505,0.278073,-0.216976,0.0914907
échantillon entier,RE-3,48,cooldown,10,2025,135,-839.206,-0.0964749,-6.21634,-0.112389,-1.03245,-13.5293,-7.28089,6.24844,0.145993,-0.47689,-0.165449,0.311442,-0.0502981
échantillon entier,RE-3,48,réouverture,5,2020,160,2169.51,0.181961,13.5595,0.481698,50.7413,-27.5363,11.6025,39.1388,1.32132,-0.446307,0.437507,0.883814,0.19465
échantillon entier,RE-3,48,réouverture,5,2021,167,-5015.15,-0.44474,-30.0308,-0.399667,-45.4165,-10.6948,-28.0556,-17.3609,-0.508764,-0.262558,-0.385661,-0.123103,-0.160855
échantillon entier,RE-3,48,réouverture,5,2022,151,-941.887,-0.133229,-6.23766,0.166826,-51.4997,44.7618,-3.36894,-48.1307,-0.409588,0.816307,0.20336,-0.612948,0.018067
échantillon entier,RE-3,48,réouverture,5,2023,166,442.374,0.0257026,2.6649,0.196301,12.1864,-6.85657,2.6649,9.52148,0.545156,-0.152554,0.196301,0.348855,0.0422466
échantillon entier,RE-3,48,réouverture,5,2024,158,1760.56,0.153026,11.1428,0.216301,3.50135,21.7945,12.6479,-9.14658,0.0263868,0.48103,0.253709,-0.227322,0.0887769
échantillon entier,RE-3,48,réouverture,5,2025,148,244.475,0.00497971,1.65186,0.165852,5.74852,-3.57927,1.08462,4.6639,0.346504,-0.064827,0.140838,0.205665,0.0305269
échantillon entier,RE-3,48,réouverture,10,2020,160,1369.51,0.0911299,8.55945,0.37467,45.7413,-32.5363,6.60251,39.1388,1.20567,-0.543805,0.330933,0.874739,0.145638
échantillon entier,RE-3,48,réouverture,10,2021,167,-5850.15,-0.489404,-35.0308,-0.468831,-50.4165,-15.6948,-33.0556,-17.3609,-0.574655,-0.335837,-0.455246,-0.119409,-0.184771
échantillon entier,RE-3,48,réouverture,10,2022,151,-1696.89,-0.196353,-11.2377,0.0481814,-56.4997,39.7618,-8.36894,-48.1307,-0.534439,0.704655,0.0851081,-0.619547,-0.0224067
échantillon entier,RE-3,48,réouverture,10,2023,166,-387.626,-0.0560098,-2.3351,-0.0135037,7.18638,-11.8566,-2.3351,9.52148,0.337773,-0.364781,-0.0135037,0.351277,-0.0239009
échantillon entier,RE-3,48,réouverture,10,2024,158,970.561,0.0654794,6.14279,0.0782533,-1.49865,16.7945,7.64792,-9.14658,-0.111897,0.343311,0.115707,-0.227604,0.0342401
échantillon entier,RE-3,48,réouverture,10,2025,148,-495.525,-0.0667277,-3.34814,-0.00701092,0.748524,-8.57927,-3.91538,4.6639,0.183645,-0.250464,-0.0334094,0.217054,-0.0247315
"échantillon entier, après 500",C1,13,cooldown,5,2020,79,1143.11,0.11514,14.4697,0.405562,27.2623,-3.36231,11.95,15.3123,0.675128,0.0298019,0.352465,0.322663,0.078433
"échantillon entier, après 500",C1,13,cooldown,5,2021,128,275.792,-0.00940768,2.15462,-0.0395718,9.33381,-4.17995,2.57693,6.75688,0.143789,-0.201361,-0.0287858,0.172575,-0.0165874
"échantillon entier, après 500",C1,13,cooldown,5,2022,110,-641.407,-0.0732546,-5.83097,-0.00578041,-36.7265,22.8964,-6.91503,-29.8115,-0.421172,0.380461,-0.0203556,-0.400817,-0.00938443
"échantillon entier, après 500",C1,13,cooldown,5,2023,119,-181.721,-0.0230215,-1.52707,-0.0597695,1.82644,-4.61013,-1.39185,3.21828,-0.0997851,-0.0229809,-0.061383,-0.0384021,-0.0224722
"échantillon entier, après 500",C1,13,cooldown,5,2024,105,-515.879,-0.0593094,-4.91313,-0.43302,-1.85886,-7.68974,-4.7743,2.91544,-0.369381,-0.490873,-0.430127,0.0607464,-0.0962451
"échantillon entier, après 500",C1,13,cooldown,5,2025,96,547.232,0.0525079,5.70033,0.06302,7.28623,3.66132,5.47377,1.81246,0.00829273,0.133384,0.0708382,-0.0625454,0.0107039
"échantillon entier, après 500",C1,13,cooldown,10,2020,79,748.107,0.0719952,9.46972,0.285892,22.2623,-8.36231,6.94997,15.3123,0.542464,-0.0717543,0.235355,0.307109,0.0540224
"échantillon entier, après 500",C1,13,cooldown,10,2021,128,-364.208,-0.0708561,-2.84538,-0.109364,4.33381,-9.17995,-2.42307,6.75688,0.0753493,-0.272346,-0.0984985,0.173848,-0.0383166
"échantillon entier, après 500",C1,13,cooldown,10,2022,110,-1191.41,-0.1229,-10.831,-0.125325,-41.7265,17.8964,-11.915,-29.8115,-0.540049,0.260296,-0.139876,-0.400172,-0.0387311
"échantillon entier, après 500",C1,13,cooldown,10,2023,119,-776.721,-0.0794829,-6.52707,-0.258516,-3.17356,-9.61013,-6.39185,3.21828,-0.297798,-0.222402,-0.2601,-0.0376983,-0.0676193
"échantillon entier, après 500",C1,13,cooldown,10,2024,105,-1040.88,-0.107465,-9.91313,-0.583118,-6.85886,-12.6897,-9.7743,2.91544,-0.514601,-0.645405,-0.580003,0.065402,-0.128325
"échantillon entier, après 500",C1,13,cooldown,10,2025,96,67.2318,0.00319275,0.700331,-0.121691,2.28623,-1.33868,0.473774,1.81246,-0.162616,-0.0690734,-0.115845,-0.0467713,-0.0257684
"échantillon entier, après 500",C1,13,réouverture,5,2020,79,1143.11,0.11514,14.4697,0.405562,27.2623,-3.36231,11.95,15.3123,0.675128,0.0298019,0.352465,0.322663,0.078433
"échantillon entier, après 500",C1,13,réouverture,5,2021,128,275.792,-0.00940768,2.15462,-0.0395718,9.33381,-4.17995,2.57693,6.75688,0.143789,-0.201361,-0.0287858,0.172575,-0.0165874
"échantillon entier, après 500",C1,13,réouverture,5,2022,110,-641.407,-0.0732546,-5.83097,-0.00578041,-36.7265,22.8964,-6.91503,-29.8115,-0.421172,0.380461,-0.0203556,-0.400817,-0.00938443
"échantillon entier, après 500",C1,13,réouverture,5,2023,119,-181.721,-0.0230215,-1.52707,-0.0597695,1.82644,-4.61013,-1.39185,3.21828,-0.0997851,-0.0229809,-0.061383,-0.0384021,-0.0224722
"échantillon entier, après 500",C1,13,réouverture,5,2024,105,-515.879,-0.0593094,-4.91313,-0.43302,-1.85886,-7.68974,-4.7743,2.91544,-0.369381,-0.490873,-0.430127,0.0607464,-0.0962451
"échantillon entier, après 500",C1,13,réouverture,5,2025,96,547.232,0.0525079,5.70033,0.06302,7.28623,3.66132,5.47377,1.81246,0.00829273,0.133384,0.0708382,-0.0625454,0.0107039
"échantillon entier, après 500",C1,13,réouverture,10,2020,79,748.107,0.0719952,9.46972,0.285892,22.2623,-8.36231,6.94997,15.3123,0.542464,-0.0717543,0.235355,0.307109,0.0540224
"échantillon entier, après 500",C1,13,réouverture,10,2021,128,-364.208,-0.0708561,-2.84538,-0.109364,4.33381,-9.17995,-2.42307,6.75688,0.0753493,-0.272346,-0.0984985,0.173848,-0.0383166
"échantillon entier, après 500",C1,13,réouverture,10,2022,110,-1191.41,-0.1229,-10.831,-0.125325,-41.7265,17.8964,-11.915,-29.8115,-0.540049,0.260296,-0.139876,-0.400172,-0.0387311
"échantillon entier, après 500",C1,13,réouverture,10,2023,119,-776.721,-0.0794829,-6.52707,-0.258516,-3.17356,-9.61013,-6.39185,3.21828,-0.297798,-0.222402,-0.2601,-0.0376983,-0.0676193
"échantillon entier, après 500",C1,13,réouverture,10,2024,105,-1040.88,-0.107465,-9.91313,-0.583118,-6.85886,-12.6897,-9.7743,2.91544,-0.514601,-0.645405,-0.580003,0.065402,-0.128325
"échantillon entier, après 500",C1,13,réouverture,10,2025,96,67.2318,0.00319275,0.700331,-0.121691,2.28623,-1.33868,0.473774,1.81246,-0.162616,-0.0690734,-0.115845,-0.0467713,-0.0257684
"échantillon entier, après 500",C2,13,cooldown,5,2020,130,1641.41,0.166636,12.6263,0.362542,26.2079,-8.412,8.89795,17.31,0.616189,-0.0303608,0.292914,0.323275,0.116755
"échantillon entier, après 500",C2,13,cooldown,5,2021,224,-1350.85,-0.178419,-6.0306,-0.129546,-1.25371,-11.0704,-6.16208,4.90836,0.0271445,-0.294862,-0.133859,0.161003,-0.0761431
"échantillon entier, après 500",C2,13,cooldown,5,2022,197,-2161.6,-0.21151,-10.9726,-0.15432,-29.5499,8.57229,-10.4888,-19.0611,-0.44052,0.146786,-0.146867,-0.293653,-0.0761532
"échantillon entier, après 500",C2,13,cooldown,5,2023,216,1457.74,0.143438,6.74878,0.137594,7.91961,5.53377,6.72669,1.19292,0.0447403,0.233951,0.139346,-0.0946053,0.0511299
"échantillon entier, après 500",C2,13,cooldown,5,2024,196,-2944.48,-0.273546,-15.0228,-0.464252,-10.1807,-21.2163,-15.6985,5.51783,-0.432792,-0.504493,-0.468642,0.0358503,-0.197776
"échantillon entier, après 500",C2,13,cooldown,5,2025,192,2385.89,0.257319,12.4265,0.432526,5.83299,20.9039,13.3684,-7.53545,0.2049,0.725187,0.465044,-0.260143,0.170017
"échantillon entier, après 500",C2,13,cooldown,10,2020,130,991.413,0.0932778,7.62625,0.239708,21.2079,-13.412,3.89795,17.31,0.486819,-0.143072,0.171873,0.314945,0.0744768
"échantillon entier, après 500",C2,13,cooldown,10,2021,224,-2470.85,-0.265586,-11.0306,-0.19904,-6.25371,-16.0704,-11.1621,4.90836,-0.0389508,-0.367941,-0.203446,0.164495,-0.111428
"échantillon entier, après 500",C2,13,cooldown,10,2022,197,-3146.6,-0.285584,-15.9726,-0.273125,-34.5499,3.57229,-15.4888,-19.0611,-0.563091,0.0319432,-0.265574,-0.297517,-0.124324
"échantillon entier, après 500",C2,13,cooldown,10,2023,216,377.737,0.0264162,1.74878,-0.0719643,2.91961,0.533767,1.72669,1.19292,-0.170617,0.0304113,-0.0701029,-0.100514,-0.0351072
"échantillon entier, après 500",C2,13,cooldown,10,2024,196,-3924.48,-0.341491,-20.0228,-0.605154,-15.1807,-26.2163,-20.6985,5.51783,-0.571414,-0.648309,-0.609862,0.0384475,-0.248262
"échantillon entier, après 500",C2,13,cooldown,10,2025,192,1425.89,0.142327,7.42651,0.252742,0.832989,15.9039,8.36844,-7.53545,0.0345896,0.533224,0.283907,-0.249317,0.0879158
"échantillon entier, après 500",C2,13,réouverture,5,2020,130,1641.41,0.166636,12.6263,0.362542,26.2079,-8.412,8.89795,17.31,0.616189,-0.0303608,0.292914,0.323275,0.116755
"échantillon entier, après 500",C2,13,réouverture,5,2021,224,-1350.85,-0.178419,-6.0306,-0.129546,-1.25371,-11.0704,-6.16208,4.90836,0.0271445,-0.294862,-0.133859,0.161003,-0.0761431
"échantillon entier, après 500",C2,13,réouverture,5,2022,197,-2161.6,-0.21151,-10.9726,-0.15432,-29.5499,8.57229,-10.4888,-19.0611,-0.44052,0.146786,-0.146867,-0.293653,-0.0761532
"échantillon entier, après 500",C2,13,réouverture,5,2023,216,1457.74,0.143438,6.74878,0.137594,7.91961,5.53377,6.72669,1.19292,0.0447403,0.233951,0.139346,-0.0946053,0.0511299
"échantillon entier, après 500",C2,13,réouverture,5,2024,196,-2944.48,-0.273546,-15.0228,-0.464252,-10.1807,-21.2163,-15.6985,5.51783,-0.432792,-0.504493,-0.468642,0.0358503,-0.197776
"échantillon entier, après 500",C2,13,réouverture,5,2025,192,2385.89,0.257319,12.4265,0.432526,5.83299,20.9039,13.3684,-7.53545,0.2049,0.725187,0.465044,-0.260143,0.170017
"échantillon entier, après 500",C2,13,réouverture,10,2020,130,991.413,0.0932778,7.62625,0.239708,21.2079,-13.412,3.89795,17.31,0.486819,-0.143072,0.171873,0.314945,0.0744768
"échantillon entier, après 500",C2,13,réouverture,10,2021,224,-2470.85,-0.265586,-11.0306,-0.19904,-6.25371,-16.0704,-11.1621,4.90836,-0.0389508,-0.367941,-0.203446,0.164495,-0.111428
"échantillon entier, après 500",C2,13,réouverture,10,2022,197,-3146.6,-0.285584,-15.9726,-0.273125,-34.5499,3.57229,-15.4888,-19.0611,-0.563091,0.0319432,-0.265574,-0.297517,-0.124324
"échantillon entier, après 500",C2,13,réouverture,10,2023,216,377.737,0.0264162,1.74878,-0.0719643,2.91961,0.533767,1.72669,1.19292,-0.170617,0.0304113,-0.0701029,-0.100514,-0.0351072
"échantillon entier, après 500",C2,13,réouverture,10,2024,196,-3924.48,-0.341491,-20.0228,-0.605154,-15.1807,-26.2163,-20.6985,5.51783,-0.571414,-0.648309,-0.609862,0.0384475,-0.248262
"échantillon entier, après 500",C2,13,réouverture,10,2025,192,1425.89,0.142327,7.42651,0.252742,0.832989,15.9039,8.36844,-7.53545,0.0345896,0.533224,0.283907,-0.249317,0.0879158
"échantillon entier, après 500",RE-1,13,cooldown,5,2020,130,1638.83,0.167882,12.6064,0.375268,25.1169,-6.77269,9.17212,15.9448,0.627557,-0.0155337,0.306012,0.321546,0.122854
"échantillon entier, après 500",RE-1,13,cooldown,5,2021,224,-406.122,-0.0903202,-1.81305,-0.0924963,3.42826,-7.34286,-1.9573,5.38556,0.0618726,-0.255362,-0.0967449,0.158618,-0.056189
"échantillon entier, après 500",RE-1,13,cooldown,5,2022,197,-2013.19,-0.198321,-10.2192,-0.0797966,-27.0724,7.5117,-9.78034,-17.292,-0.317626,0.17042,-0.0736031,-0.244023,-0.0461179
"échantillon entier, après 500",RE-1,13,cooldown,5,2023,216,1652.28,0.167476,7.64943,0.129589,10.1766,5.02688,7.60175,2.57487,0.069443,0.192005,0.130724,-0.0612809,0.0688067
"échantillon entier, après 500",RE-1,13,cooldown,5,2024,196,-1160.37,-0.125861,-5.92027,-0.273583,0.763918,-14.4698,-6.85294,7.61686,-0.212145,-0.352167,-0.282156,0.070011,-0.117296
"échantillon entier, après 500",RE-1,13,cooldown,5,2025,192,1946.29,0.204883,10.1369,0.348973,5.16641,16.5276,10.847,-5.68059,0.166509,0.58357,0.37504,-0.208531,0.132346
"échantillon entier, après 500",RE-1,13,cooldown,10,2020,130,988.83,0.0944469,7.60639,0.252433,20.1169,-11.7727,4.17212,15.9448,0.498187,-0.128245,0.184971,0.313216,0.0803464
"échantillon entier, après 500",RE-1,13,cooldown,10,2021,224,-1526.12,-0.186789,-6.81305,-0.16199,-1.57174,-12.3429,-6.9573,5.38556,-0.00422267,-0.328441,-0.166332,0.162109,-0.0922331
"échantillon entier, après 500",RE-1,13,cooldown,10,2022,197,-2998.19,-0.273627,-15.2192,-0.198602,-32.0724,2.5117,-14.7803,-17.292,-0.440197,0.0555767,-0.19231,-0.247887,-0.0958406
"échantillon entier, après 500",RE-1,13,cooldown,10,2023,216,572.278,0.0480065,2.64943,-0.0799689,5.17662,0.0268786,2.60175,2.57487,-0.145914,-0.0115348,-0.0787246,-0.0671898,-0.0188744
"échantillon entier, après 500",RE-1,13,cooldown,10,2024,196,-2140.37,-0.207543,-10.9203,-0.414485,-4.23608,-19.4698,-11.8529,7.61686,-0.350767,-0.495984,-0.423375,0.0726082,-0.172823
"échantillon entier, après 500",RE-1,13,cooldown,10,2025,192,986.29,0.0946646,5.13693,0.16919,0.16641,11.5276,5.847,-5.68059,-0.00380189,0.391607,0.193903,-0.197704,0.052875
"échantillon entier, après 500",RE-1,13,réouverture,5,2020,131,1788.55,0.185368,13.6531,0.3931,26.6745,-6.77269,9.95089,16.7236,0.653603,-0.0155337,0.319035,0.334568,0.130464
"échantillon entier, après 500",RE-1,13,réouverture,5,2021,224,-406.122,-0.0903202,-1.81305,-0.0924963,3.42826,-7.34286,-1.9573,5.38556,0.0618726,-0.255362,-0.0967449,0.158618,-0.056189
"échantillon entier, après 500",RE-1,13,réouverture,5,2022,198,-2162.05,-0.210255,-10.9195,-0.0934115,-28.2664,7.5117,-10.3774,-17.8891,-0.341723,0.17042,-0.0856518,-0.256071,-0.0527368
"échantillon entier, après 500",RE-1,13,réouverture,5,2023,217,1605.38,0.162002,7.39809,0.127118,10.1766,4.54165,7.35914,2.81749,0.069443,0.186409,0.127926,-0.0584832,0.06772
"échantillon entier, après 500",RE-1,13,réouverture,5,2024,196,-1160.37,-0.125861,-5.92027,-0.273583,0.763918,-14.4698,-6.85294,7.61686,-0.212145,-0.352167,-0.282156,0.070011,-0.117296
"échantillon entier, après 500",RE-1,13,réouverture,5,2025,195,1783.91,0.185419,9.14825,0.293042,4.59053,14.9249,9.75771,-5.16718,0.142508,0.483834,0.313171,-0.170663,0.115255
"échantillon entier, après 500",RE-1,13,réouverture,10,2020,131,1133.55,0.110286,8.65306,0.270511,21.6745,-11.7727,4.95089,16.7236,0.524719,-0.128245,0.198237,0.326482,0.0874245
"échantillon entier, après 500",RE-1,13,réouverture,10,2021,224,-1526.12,-0.186789,-6.81305,-0.16199,-1.57174,-12.3429,-6.9573,5.38556,-0.00422267,-0.328441,-0.166332,0.162109,-0.0922331
"échantillon entier, après 500",RE-1,13,réouverture,10,2022,198,-3152.05,-0.284804,-15.9195,-0.212088,-33.2664,2.5117,-15.3774,-17.8891,-0.464007,0.0555767,-0.204215,-0.259792,-0.102325
"échantillon entier, après 500",RE-1,13,réouverture,10,2023,217,520.385,0.0425681,2.39809,-0.0816744,5.17662,-0.45835,2.35914,2.81749,-0.145914,-0.0156334,-0.0807739,-0.0651405,-0.0199783
"échantillon entier, après 500",RE-1,13,réouverture,10,2024,196,-2140.37,-0.207543,-10.9203,-0.414485,-4.23608,-19.4698,-11.8529,7.61686,-0.350767,-0.495984,-0.423375,0.0726082,-0.172823
"échantillon entier, après 500",RE-1,13,réouverture,10,2025,195,808.908,0.0753569,4.14825,0.111956,-0.409472,9.92489,4.75771,-5.16718,-0.0281903,0.289582,0.130696,-0.158886,0.0355984
"échantillon entier, après 500",RE-2,13,cooldown,5,2020,130,1727.73,0.177967,13.2903,0.37345,27.4828,-8.69433,9.39425,18.0886,0.657415,-0.0664187,0.295498,0.361917,0.121864
"échantillon entier, après 500",RE-2,13,cooldown,5,2021,224,-362.251,-0.0856367,-1.61719,-0.0874314,2.54783,-6.01148,-1.73183,4.27965,0.0507481,-0.233217,-0.0912345,0.141983,-0.0534266
"échantillon entier, après 500",RE-2,13,cooldown,5,2022,197,-2092.61,-0.204412,-10.6224,-0.0959384,-27.7598,7.40757,-10.1761,-17.5837,-0.325323,0.145393,-0.0899648,-0.235358,-0.0539515
"échantillon entier, après 500",RE-2,13,cooldown,5,2023,216,1187.86,0.11479,5.49935,0.0869764,6.64973,4.30555,5.47764,1.17209,0.0210164,0.155426,0.088221,-0.0672045,0.0444648
"échantillon entier, après 500",RE-2,13,cooldown,5,2024,196,-821.762,-0.0947897,-4.19266,-0.240358,1.34018,-11.2696,-4.96469,6.30487,-0.193391,-0.300433,-0.246912,0.0535212,-0.104163
"échantillon entier, après 500",RE-2,13,cooldown,5,2025,192,2109.67,0.224803,10.9879,0.36071,6.02575,17.3677,11.6967,-5.67099,0.1896,0.580709,0.385155,-0.195554,0.141339
"échantillon entier, après 500",RE-2,13,cooldown,10,2020,130,1077.73,0.103902,8.29025,0.250615,22.4828,-13.6943,4.39425,18.0886,0.528045,-0.17913,0.174458,0.353587,0.0793924
"échantillon entier, après 500",RE-2,13,cooldown,10,2021,224,-1482.25,-0.1826,-6.61719,-0.156925,-2.45217,-11.0115,-6.73183,4.27965,-0.0153472,-0.306296,-0.160821,0.145474,-0.0895754
"échantillon entier, après 500",RE-2,13,cooldown,10,2022,197,-3077.61,-0.279148,-15.6224,-0.214744,-32.7598,2.40757,-15.1761,-17.5837,-0.447895,0.0305505,-0.208672,-0.239223,-0.103268
"échantillon entier, après 500",RE-2,13,cooldown,10,2023,216,107.859,0.000688906,0.499349,-0.122582,1.64973,-0.694448,0.477643,1.17209,-0.194341,-0.0481142,-0.121228,-0.0731134,-0.0412266
"échantillon entier, après 500",RE-2,13,cooldown,10,2024,196,-1801.76,-0.17936,-9.19266,-0.38126,-3.65982,-16.2696,-9.96469,6.30487,-0.332013,-0.44425,-0.388132,0.0561184,-0.160511
"échantillon entier, après 500",RE-2,13,cooldown,10,2025,192,1149.67,0.112771,5.98786,0.180927,1.02575,12.3677,6.69674,-5.67099,0.0192897,0.388745,0.204018,-0.184728,0.0612391
"échantillon entier, après 500",RE-2,13,réouverture,5,2020,132,1841.92,0.191355,13.954,0.381516,28.214,-8.69433,9.75983,18.4542,0.663548,-0.0664187,0.298565,0.364984,0.126928
"échantillon entier, après 500",RE-2,13,réouverture,5,2021,225,-288.977,-0.0789367,-1.28434,-0.0806355,3.15754,-6.01148,-1.42697,4.58451,0.0627386,-0.233217,-0.0852393,0.147978,-0.050015
"échantillon entier, après 500",RE-2,13,réouverture,5,2022,199,-2329.99,-0.223178,-11.7085,-0.116554,-29.056,7.2824,-10.8868,-18.1692,-0.353684,0.143042,-0.105321,-0.248363,-0.0640792
"échantillon entier, après 500",RE-2,13,réouverture,5,2023,218,1092.39,0.104173,5.01096,0.0739828,7.06711,2.95481,5.01096,2.05615,0.0422695,0.105696,0.0739828,-0.0317134,0.0383343
"échantillon entier, après 500",RE-2,13,réouverture,5,2024,198,-1122.44,-0.121745,-5.66888,-0.26514,-0.738374,-11.832,-6.2852,5.54682,-0.223171,-0.317602,-0.270386,0.0472153,-0.116163
"échantillon entier, après 500",RE-2,13,réouverture,5,2025,196,1897.48,0.199014,9.681,0.290972,4.93969,15.7455,10.3426,-5.4029,0.142375,0.481039,0.311707,-0.169332,0.118514
"échantillon entier, après 500",RE-2,13,réouverture,10,2020,132,1181.92,0.115339,8.95395,0.258897,23.214,-13.6943,4.75983,18.4542,0.534692,-0.17913,0.177781,0.356911,0.083677
"échantillon entier, après 500",RE-2,13,réouverture,10,2021,225,-1413.98,-0.177019,-6.28434,-0.150257,-1.84246,-11.0115,-6.42697,4.58451,-0.00363494,-0.306296,-0.154965,0.15133,-0.086518
"échantillon entier, après 500",RE-2,13,réouverture,10,2022,199,-3324.99,-0.296864,-16.7085,-0.235098,-34.056,2.2824,-15.8868,-18.1692,-0.475423,0.027996,-0.223714,-0.25171,-0.113282
"échantillon entier, après 500",RE-2,13,réouverture,10,2023,218,2.3887,-0.00983749,0.0109573,-0.134898,2.06711,-2.04519,0.0109573,2.05615,-0.172353,-0.0974436,-0.134898,-0.0374546,-0.0474365
"échantillon entier, après 500",RE-2,13,réouverture,10,2024,198,-2112.44,-0.204605,-10.6689,-0.405683,-5.73837,-16.832,-11.2852,5.54682,-0.361219,-0.461263,-0.411241,0.0500222,-0.172196
"échantillon entier, après 500",RE-2,13,réouverture,10,2025,196,917.477,0.0871525,4.681,0.109611,-0.0603149,10.7455,5.34258,-5.4029,-0.0289085,0.286787,0.128939,-0.157848,0.0381041
"échantillon entier, après 500",C1,26,cooldown,5,2020,75,1988.86,0.205279,26.5181,0.741573,33.0833,17.1997,25.1415,7.9418,0.892247,0.527714,0.709981,0.182267,0.138455
"échantillon entier, après 500",C1,26,cooldown,5,2021,119,-1259.2,-0.176478,-10.5815,-0.1472,-5.10789,-15.2854,-10.1966,5.08876,0.0437139,-0.311267,-0.133776,0.17749,-0.0489647
"échantillon entier, après 500",C1,26,cooldown,5,2022,102,-259.341,-0.0494249,-2.54256,0.126343,-44.9267,35.1323,-4.89724,-40.0295,-0.667001,0.831537,0.082268,-0.749269,0.0115212
"échantillon entier, après 500",C1,26,cooldown,5,2023,110,2009.58,0.211012,18.2689,0.612894,36.9876,0.863852,18.9257,18.0619,1.32764,-0.0516945,0.637973,0.689668,0.163321
"échantillon entier, après 500",C1,26,cooldown,5,2024,95,2334.14,0.242186,24.5699,0.522553,26.9299,22.2591,24.5945,2.3354,0.673676,0.374578,0.524127,0.149549,0.134039
"échantillon entier, après 500",C1,26,cooldown,5,2025,91,1206.17,0.11932,13.2547,0.574573,15.6439,10.2084,12.9261,2.71777,0.89816,0.162,0.53008,0.36808,0.114209
"échantillon entier, après 500",C1,26,cooldown,10,2020,75,1613.86,0.161009,21.5181,0.623242,28.0833,12.1997,20.1415,7.9418,0.758568,0.431165,0.594867,0.163701,0.114171
"échantillon entier, après 500",C1,26,cooldown,10,2021,119,-1854.2,-0.224161,-15.5815,-0.217302,-10.1079,-20.2854,-15.1966,5.08876,-0.0253219,-0.382285,-0.203803,0.178481,-0.0686051
"échantillon entier, après 500",C1,26,cooldown,10,2022,102,-769.341,-0.0967344,-7.54256,0.00658373,-49.9267,30.1323,-9.89724,-40.0295,-0.784583,0.709843,-0.03737,-0.747213,-0.0161869
"échantillon entier, après 500",C1,26,cooldown,10,2023,110,1459.58,0.146294,13.2689,0.4157,31.9876,-4.13615,13.9257,18.0619,1.1295,-0.248005,0.440746,0.688751,0.113673
"échantillon entier, après 500",C1,26,cooldown,10,2024,95,1859.14,0.184666,19.5699,0.377191,21.9299,17.2591,19.5945,2.3354,0.530185,0.227385,0.378785,0.1514,0.0983403
"échantillon entier, après 500",C1,26,cooldown,10,2025,91,751.173,0.0695762,8.25465,0.387678,10.6439,5.20836,7.92613,2.71777,0.717707,-0.0331084,0.342299,0.375408,0.0760344
"échantillon entier, après 500",C1,26,réouverture,5,2020,75,1988.86,0.205279,26.5181,0.741573,33.0833,17.1997,25.1415,7.9418,0.892247,0.527714,0.709981,0.182267,0.138455
"échantillon entier, après 500",C1,26,réouverture,5,2021,119,-1259.2,-0.176478,-10.5815,-0.1472,-5.10789,-15.2854,-10.1966,5.08876,0.0437139,-0.311267,-0.133776,0.17749,-0.0489647
"échantillon entier, après 500",C1,26,réouverture,5,2022,102,-259.341,-0.0494249,-2.54256,0.126343,-44.9267,35.1323,-4.89724,-40.0295,-0.667001,0.831537,0.082268,-0.749269,0.0115212
"échantillon entier, après 500",C1,26,réouverture,5,2023,110,2009.58,0.211012,18.2689,0.612894,36.9876,0.863852,18.9257,18.0619,1.32764,-0.0516945,0.637973,0.689668,0.163321
"échantillon entier, après 500",C1,26,réouverture,5,2024,95,2334.14,0.242186,24.5699,0.522553,26.9299,22.2591,24.5945,2.3354,0.673676,0.374578,0.524127,0.149549,0.134039
"échantillon entier, après 500",C1,26,réouverture,5,2025,91,1206.17,0.11932,13.2547,0.574573,15.6439,10.2084,12.9261,2.71777,0.89816,0.162,0.53008,0.36808,0.114209
"échantillon entier, après 500",C1,26,réouverture,10,2020,75,1613.86,0.161009,21.5181,0.623242,28.0833,12.1997,20.1415,7.9418,0.758568,0.431165,0.594867,0.163701,0.114171
"échantillon entier, après 500",C1,26,réouverture,10,2021,119,-1854.2,-0.224161,-15.5815,-0.217302,-10.1079,-20.2854,-15.1966,5.08876,-0.0253219,-0.382285,-0.203803,0.178481,-0.0686051
"échantillon entier, après 500",C1,26,réouverture,10,2022,102,-769.341,-0.0967344,-7.54256,0.00658373,-49.9267,30.1323,-9.89724,-40.0295,-0.784583,0.709843,-0.03737,-0.747213,-0.0161869
"échantillon entier, après 500",C1,26,réouverture,10,2023,110,1459.58,0.146294,13.2689,0.4157,31.9876,-4.13615,13.9257,18.0619,1.1295,-0.248005,0.440746,0.688751,0.113673
"échantillon entier, après 500",C1,26,réouverture,10,2024,95,1859.14,0.184666,19.5699,0.377191,21.9299,17.2591,19.5945,2.3354,0.530185,0.227385,0.378785,0.1514,0.0983403
"échantillon entier, après 500",C1,26,réouverture,10,2025,91,751.173,0.0695762,8.25465,0.387678,10.6439,5.20836,7.92613,2.71777,0.717707,-0.0331084,0.342299,0.375408,0.0760344
"échantillon entier, après 500",C2,26,cooldown,5,2020,117,2545.31,0.2637,21.7548,0.638496,50.6995,-19.8533,15.4231,35.2764,1.18101,-0.141367,0.519821,0.661188,0.188503
"échantillon entier, après 500",C2,26,cooldown,5,2021,192,1170.18,0.0293973,6.09468,0.126205,9.42423,2.47561,5.94992,3.47431,0.253976,-0.0126759,0.12065,0.133326,0.0527348
"échantillon entier, après 500",C2,26,cooldown,5,2022,173,1366.08,0.0849551,7.89642,0.0870476,-38.0927,61.3588,11.633,-49.7258,-0.768561,1.08169,0.156566,-0.925127,0.0154026
"échantillon entier, après 500",C2,26,cooldown,5,2023,188,3719.03,0.425525,19.7821,0.50519,29.3451,9.58848,19.4668,9.87831,1.00719,-0.0299074,0.48864,0.518548,0.242792
"échantillon entier, après 500",C2,26,cooldown,5,2024,171,-464.638,-0.0822163,-2.71718,-0.0645036,8.08005,-16.2137,-4.06683,12.1469,0.159333,-0.344299,-0.0924832,0.251816,-0.031541
"échantillon entier, après 500",C2,26,cooldown,5,2025,167,3370.92,0.3737,20.1852,0.833195,32.2245,5.76958,18.9971,13.2275,1.18336,0.413913,0.798638,0.384726,0.301213
"échantillon entier, après 500",C2,26,cooldown,10,2020,117,1960.31,0.192004,16.7548,0.517211,45.6995,-24.8533,10.4231,35.2764,1.05084,-0.249882,0.40048,0.650361,0.148201
"échantillon entier, après 500",C2,26,cooldown,10,2021,192,210.179,-0.0648794,1.09468,0.056746,4.42423,-2.52439,0.949921,3.47431,0.186826,-0.0846451,0.0510903,0.135735,0.018223
"échantillon entier, après 500",C2,26,cooldown,10,2022,173,501.081,-0.00495735,2.89642,-0.0310049,-43.0927,56.3588,6.63304,-49.7258,-0.890011,0.96759,0.0387894,-0.928801,-0.0309275
"échantillon entier, après 500",C2,26,cooldown,10,2023,188,2779.03,0.29782,14.7821,0.298385,24.3451,4.58848,14.4668,9.87831,0.802457,-0.238921,0.281768,0.520689,0.1536
"échantillon entier, après 500",C2,26,cooldown,10,2024,171,-1319.64,-0.157497,-7.71718,-0.203798,3.08005,-21.2137,-9.06683,12.1469,0.0211912,-0.485034,-0.231921,0.253112,-0.0847455
"échantillon entier, après 500",C2,26,cooldown,10,2025,167,2535.92,0.263816,15.1852,0.654144,27.2245,0.769578,13.9971,13.2275,1.0082,0.230215,0.619205,0.38899,0.221634
"échantillon entier, après 500",C2,26,réouverture,5,2020,117,2545.31,0.2637,21.7548,0.638496,50.6995,-19.8533,15.4231,35.2764,1.18101,-0.141367,0.519821,0.661188,0.188503
"échantillon entier, après 500",C2,26,réouverture,5,2021,192,1170.18,0.0293973,6.09468,0.126205,9.42423,2.47561,5.94992,3.47431,0.253976,-0.0126759,0.12065,0.133326,0.0527348
"échantillon entier, après 500",C2,26,réouverture,5,2022,173,1366.08,0.0849551,7.89642,0.0870476,-38.0927,61.3588,11.633,-49.7258,-0.768561,1.08169,0.156566,-0.925127,0.0154026
"échantillon entier, après 500",C2,26,réouverture,5,2023,188,3719.03,0.425525,19.7821,0.50519,29.3451,9.58848,19.4668,9.87831,1.00719,-0.0299074,0.48864,0.518548,0.242792
"échantillon entier, après 500",C2,26,réouverture,5,2024,171,-464.638,-0.0822163,-2.71718,-0.0645036,8.08005,-16.2137,-4.06683,12.1469,0.159333,-0.344299,-0.0924832,0.251816,-0.031541
"échantillon entier, après 500",C2,26,réouverture,5,2025,167,3370.92,0.3737,20.1852,0.833195,32.2245,5.76958,18.9971,13.2275,1.18336,0.413913,0.798638,0.384726,0.301213
"échantillon entier, après 500",C2,26,réouverture,10,2020,117,1960.31,0.192004,16.7548,0.517211,45.6995,-24.8533,10.4231,35.2764,1.05084,-0.249882,0.40048,0.650361,0.148201
"échantillon entier, après 500",C2,26,réouverture,10,2021,192,210.179,-0.0648794,1.09468,0.056746,4.42423,-2.52439,0.949921,3.47431,0.186826,-0.0846451,0.0510903,0.135735,0.018223
"échantillon entier, après 500",C2,26,réouverture,10,2022,173,501.081,-0.00495735,2.89642,-0.0310049,-43.0927,56.3588,6.63304,-49.7258,-0.890011,0.96759,0.0387894,-0.928801,-0.0309275
"échantillon entier, après 500",C2,26,réouverture,10,2023,188,2779.03,0.29782,14.7821,0.298385,24.3451,4.58848,14.4668,9.87831,0.802457,-0.238921,0.281768,0.520689,0.1536
"échantillon entier, après 500",C2,26,réouverture,10,2024,171,-1319.64,-0.157497,-7.71718,-0.203798,3.08005,-21.2137,-9.06683,12.1469,0.0211912,-0.485034,-0.231921,0.253112,-0.0847455
"échantillon entier, après 500",C2,26,réouverture,10,2025,167,2535.92,0.263816,15.1852,0.654144,27.2245,0.769578,13.9971,13.2275,1.0082,0.230215,0.619205,0.38899,0.221634
"échantillon entier, après 500",RE-1,26,cooldown,5,2020,117,2038.14,0.205534,17.42,0.563865,35.4903,-8.55608,13.4671,22.0232,0.911258,0.0644874,0.487872,0.423385,0.163872
"échantillon entier, après 500",RE-1,26,cooldown,5,2021,192,395.095,-0.039867,2.05779,0.0237499,10.1417,-6.72903,1.70631,8.43534,0.241286,-0.212702,0.0142918,0.226994,0.00271052
"échantillon entier, après 500",RE-1,26,cooldown,5,2022,173,1644.26,0.128922,9.50439,0.304712,-17.7391,41.1749,11.7179,-29.457,-0.177558,0.865351,0.343897,-0.521455,0.115262
"échantillon entier, après 500",RE-1,26,cooldown,5,2023,188,3591.21,0.411117,19.1022,0.503674,28.8811,8.67853,18.7798,10.1013,1.00828,-0.0341981,0.487039,0.521237,0.25388
"échantillon entier, après 500",RE-1,26,cooldown,5,2024,171,2163.85,0.211362,12.6541,0.334344,15.4075,9.21244,12.3099,3.09751,0.399465,0.252943,0.326204,0.073261,0.147784
"échantillon entier, après 500",RE-1,26,cooldown,5,2025,167,2039.25,0.208976,12.2111,0.549728,14.0259,10.0381,12.032,1.99389,0.598761,0.491017,0.544889,0.0538721,0.181176
"échantillon entier, après 500",RE-1,26,cooldown,10,2020,117,1453.14,0.137113,12.42,0.44258,30.4903,-13.5561,8.46712,22.0232,0.781089,-0.0440276,0.368531,0.412558,0.124398
"échantillon entier, après 500",RE-1,26,cooldown,10,2021,192,-564.905,-0.127827,-2.94221,-0.0457092,5.14165,-11.729,-3.29369,8.43534,0.174136,-0.284671,-0.0552677,0.229404,-0.030173
"échantillon entier, après 500",RE-1,26,cooldown,10,2022,173,779.259,0.035393,4.50439,0.18666,-22.7391,36.1749,6.71792,-29.457,-0.299008,0.751249,0.22612,-0.525128,0.0644212
"échantillon entier, après 500",RE-1,26,cooldown,10,2023,188,2651.21,0.284697,14.1022,0.29687,23.8811,3.67853,13.7798,10.1013,0.803545,-0.243212,0.280167,0.523379,0.163903
"échantillon entier, après 500",RE-1,26,cooldown,10,2024,171,1308.85,0.112164,7.65412,0.19505,10.4075,4.21244,7.30995,3.09751,0.261324,0.112209,0.186766,0.0745574,0.0847999
"échantillon entier, après 500",RE-1,26,cooldown,10,2025,167,1204.25,0.112201,7.21106,0.370678,9.02585,5.03808,7.03197,1.99389,0.423592,0.30732,0.365456,0.0581364,0.108898
"échantillon entier, après 500",RE-1,26,réouverture,5,2020,119,2144.64,0.218182,18.0222,0.568891,37.6928,-10.0787,13.8071,23.8858,0.947305,0.0282994,0.487802,0.459503,0.168851
"échantillon entier, après 500",RE-1,26,réouverture,5,2021,199,1583.44,0.0611396,7.95698,0.0393014,0.564176,15.7309,8.14752,-7.58334,0.14182,-0.0685014,0.0366592,0.105161,0.0102517
"échantillon entier, après 500",RE-1,26,réouverture,5,2022,177,2033.77,0.172269,11.4902,0.315886,-17.8531,45.4856,13.8162,-31.6693,-0.179059,0.889297,0.355119,-0.534178,0.12409
"échantillon entier, après 500",RE-1,26,réouverture,5,2023,193,3422.97,0.387453,17.7356,0.466671,27.4412,7.51364,17.4774,9.9638,0.962544,-0.0555789,0.453483,0.509062,0.238416
"échantillon entier, après 500",RE-1,26,réouverture,5,2024,175,2323.92,0.230577,13.2796,0.393144,12.7494,13.9865,13.3679,-0.61854,0.361255,0.435662,0.398458,-0.0372031,0.175048
"échantillon entier, après 500",RE-1,26,réouverture,5,2025,172,1445.43,0.138816,8.40368,0.299267,12.2789,3.84166,8.0603,4.21864,0.496473,0.0671126,0.281793,0.21468,0.115696
"échantillon entier, après 500",RE-1,26,réouverture,10,2020,119,1549.64,0.147901,13.0222,0.44802,32.6928,-15.0787,8.80705,23.8858,0.817702,-0.0800976,0.368802,0.4489,0.128664
"échantillon entier, après 500",RE-1,26,réouverture,10,2021,199,588.44,-0.0394023,2.95698,-0.0303587,-4.43582,10.7309,3.14752,-7.58334,0.074841,-0.140981,-0.0330701,0.107911,-0.0241658
"échantillon entier, après 500",RE-1,26,réouverture,10,2022,177,1148.77,0.0730191,6.49025,0.198321,-22.8531,40.4856,8.81624,-31.6693,-0.300102,0.775763,0.23783,-0.537933,0.0718131
"échantillon entier, après 500",RE-1,26,réouverture,10,2023,193,2457.97,0.259988,12.7356,0.259471,22.4412,2.51364,12.4774,9.9638,0.754038,-0.261403,0.246317,0.50772,0.147345
"échantillon entier, après 500",RE-1,26,réouverture,10,2024,175,1448.92,0.127556,8.27957,0.253936,7.74939,8.98647,8.36793,-0.61854,0.224333,0.293408,0.25887,-0.0345375,0.109253
"échantillon entier, après 500",RE-1,26,réouverture,10,2025,172,585.433,0.045009,3.40368,0.120469,7.27894,-1.15834,3.0603,4.21864,0.324506,-0.119726,0.10239,0.222116,0.0455575
"échantillon entier, après 500",RE-2,26,cooldown,5,2020,117,2452.52,0.25524,20.9617,0.608528,42.9711,-10.6767,16.1472,26.8239,1.01832,0.0194515,0.518886,0.499435,0.178974
"échantillon entier, après 500",RE-2,26,cooldown,5,2021,192,623.325,-0.0170022,3.24648,0.0396986,11.1019,-5.292,2.90494,8.19695,0.250383,-0.189307,0.0305384,0.219845,0.0104935
"échantillon entier, après 500",RE-2,26,cooldown,5,2022,173,1642.45,0.129189,9.49393,0.298858,-17.9283,41.3723,11.722,-29.6503,-0.173358,0.847809,0.337226,-0.510583,0.111829
"échantillon entier, après 500",RE-2,26,cooldown,5,2023,188,3021.76,0.334255,16.0732,0.429539,24.107,7.50962,15.8083,8.2987,0.905067,-0.0773421,0.413862,0.491205,0.215891
"échantillon entier, après 500",RE-2,26,cooldown,5,2024,171,2383.1,0.239399,13.9363,0.355954,15.414,12.0892,13.7516,1.66241,0.40392,0.295998,0.349959,0.053961,0.156677
"échantillon entier, après 500",RE-2,26,cooldown,5,2025,167,2126.66,0.219984,12.7345,0.516419,14.1053,11.0932,12.5992,1.50606,0.525504,0.505541,0.515523,0.00998129,0.180052
"échantillon entier, après 500",RE-2,26,cooldown,10,2020,117,1867.52,0.184022,15.9617,0.487243,37.9711,-15.6767,11.1472,26.8239,0.888152,-0.0890635,0.399544,0.488608,0.13899
"échantillon entier, après 500",RE-2,26,cooldown,10,2021,192,-336.675,-0.107046,-1.75352,-0.0297605,6.10189,-10.292,-2.09506,8.19695,0.183234,-0.261276,-0.0390211,0.222255,-0.0226439
"échantillon entier, après 500",RE-2,26,cooldown,10,2022,173,777.45,0.0356376,4.49393,0.180806,-22.9283,36.3723,6.72199,-29.6503,-0.294808,0.733706,0.219449,-0.514257,0.0611435
"échantillon entier, après 500",RE-2,26,cooldown,10,2023,188,2081.76,0.214688,11.0732,0.222735,19.107,2.50962,10.8083,8.2987,0.700336,-0.286356,0.20699,0.493346,0.128628
"échantillon entier, après 500",RE-2,26,cooldown,10,2024,171,1528.1,0.137918,8.93628,0.21666,10.414,7.08916,8.75157,1.66241,0.265778,0.155263,0.210521,0.0552573,0.0932076
"échantillon entier, après 500",RE-2,26,cooldown,10,2025,167,1291.66,0.122333,7.73449,0.337369,9.10528,6.09316,7.59922,1.50606,0.350335,0.321844,0.336089,0.0142456,0.107841
"échantillon entier, après 500",RE-2,26,réouverture,5,2020,119,2539.85,0.265958,21.3432,0.609493,45.0667,-12.5474,16.2596,28.8071,1.05284,-0.0238584,0.51449,0.538349,0.182846
"échantillon entier, après 500",RE-2,26,réouverture,5,2021,200,2048.31,0.112165,10.2415,0.0779341,3.54463,17.3527,10.4487,-6.90403,0.190503,-0.0415973,0.0744526,0.11605,0.0300788
"échantillon entier, après 500",RE-2,26,réouverture,5,2022,179,1923.19,0.159901,10.7441,0.30097,-18.7878,45.6781,13.4452,-32.233,-0.18191,0.872182,0.345136,-0.527046,0.117748
"échantillon entier, après 500",RE-2,26,réouverture,5,2023,192,2920.72,0.320766,15.2121,0.415677,23.5281,6.54219,15.0352,8.49296,0.897159,-0.0862924,0.405433,0.491726,0.208418
"échantillon entier, après 500",RE-2,26,réouverture,5,2024,175,2365.89,0.236908,13.5194,0.394209,12.9887,14.1947,13.5917,-0.602986,0.374085,0.419822,0.396953,-0.0228685,0.173633
"échantillon entier, après 500",RE-2,26,réouverture,5,2025,174,1588.18,0.155548,9.12748,0.276142,12.679,4.85667,8.76783,3.91116,0.438348,0.0810853,0.259717,0.178631,0.120805
"échantillon entier, après 500",RE-2,26,réouverture,10,2020,119,1944.85,0.192943,16.3432,0.488622,40.0667,-17.5474,11.2596,28.8071,0.923236,-0.132255,0.39549,0.527746,0.142179
"échantillon entier, après 500",RE-2,26,réouverture,10,2021,200,1048.31,0.00630898,5.24154,0.00813037,-1.45537,12.3527,5.44866,-6.90403,0.123219,-0.114077,0.00457093,0.118648,-0.0052547
"échantillon entier, après 500",RE-2,26,réouverture,10,2022,179,1028.19,0.0606317,5.7441,0.183385,-23.7878,40.6781,8.44518,-32.233,-0.30292,0.758648,0.227864,-0.530784,0.0651293
"échantillon entier, après 500",RE-2,26,réouverture,10,2023,192,1960.72,0.199999,10.2121,0.209392,18.5281,1.54219,10.0352,8.49296,0.689983,-0.291649,0.199167,0.490816,0.120104
"échantillon entier, après 500",RE-2,26,réouverture,10,2024,175,1490.89,0.133361,8.51935,0.255609,7.98873,9.1947,8.59171,-0.602986,0.237002,0.279291,0.258146,-0.0211446,0.108099
"échantillon entier, après 500",RE-2,26,réouverture,10,2025,174,718.181,0.0593102,4.12748,0.09427,7.67899,-0.143328,3.76783,3.91116,0.260605,-0.105754,0.0774259,0.183179,0.0492966
"échantillon entier, après 500",C1,48,cooldown,5,2020,64,1363.42,0.12014,21.3035,0.668384,65.9933,-44.0124,10.9904,55.0029,1.60931,-0.706819,0.451246,1.15807,0.097809
"échantillon entier, après 500",C1,48,cooldown,5,2021,102,-1839.12,-0.251272,-18.0306,-0.440909,8.83009,-41.9068,-16.5383,25.3684,-0.154663,-0.69535,-0.425006,0.270344,-0.117735
"échantillon entier, après 500",C1,48,cooldown,5,2022,86,-2779.51,-0.2653,-32.3199,-0.279593,-98.2839,27.7806,-35.2516,-63.0323,-1.35766,0.702645,-0.327507,-1.03015,-0.0940944
"échantillon entier, après 500",C1,48,cooldown,5,2023,101,3276.15,0.365631,32.4371,1.48951,66.5965,2.7058,34.6511,31.9453,3.07448,0.109994,1.59224,1.48224,0.304996
"échantillon entier, après 500",C1,48,cooldown,5,2024,87,1860.17,0.169473,21.3813,0.174515,13.8989,28.0503,20.9746,-7.07571,0.073726,0.264349,0.169038,-0.0953115,0.0581972
"échantillon entier, après 500",C1,48,cooldown,5,2025,81,-1026.92,-0.109932,-12.678,-0.449993,-4.47665,-22.9297,-13.7032,9.22652,0.187978,-1.24746,-0.52974,0.717718,-0.0702368
"échantillon entier, après 500",C1,48,cooldown,10,2020,64,1043.42,0.0849037,16.3035,0.550395,60.9933,-49.0124,5.99043,55.0029,1.48007,-0.808361,0.335855,1.14422,0.0779663
"échantillon entier, après 500",C1,48,cooldown,10,2021,102,-2349.12,-0.288651,-23.0306,-0.510403,3.83009,-46.9068,-21.5383,25.3684,-0.222225,-0.766562,-0.494394,0.272168,-0.133265
"échantillon entier, après 500",C1,48,cooldown,10,2022,86,-3209.51,-0.29635,-37.3199,-0.401209,-103.284,22.7806,-40.2516,-63.0323,-1.47815,0.580007,-0.449074,-1.02908,-0.115159
"échantillon entier, après 500",C1,48,cooldown,10,2023,101,2771.15,0.298555,27.4371,1.29069,61.5965,-2.2942,29.6511,31.9453,2.87702,-0.0900109,1.39351,1.48352,0.253649
"échantillon entier, après 500",C1,48,cooldown,10,2024,87,1425.17,0.11975,16.3813,0.029574,8.89889,23.0503,15.9746,-7.07571,-0.0709578,0.119178,0.0241103,-0.0950681,0.0277259
"échantillon entier, après 500",C1,48,cooldown,10,2025,81,-1431.92,-0.145324,-17.678,-0.623892,-9.47665,-27.9297,-18.7032,9.22652,0.0264355,-1.4368,-0.705183,0.731619,-0.0977971
"échantillon entier, après 500",C1,48,réouverture,5,2020,64,1363.42,0.12014,21.3035,0.668384,65.9933,-44.0124,10.9904,55.0029,1.60931,-0.706819,0.451246,1.15807,0.097809
"échantillon entier, après 500",C1,48,réouverture,5,2021,102,-1839.12,-0.251272,-18.0306,-0.440909,8.83009,-41.9068,-16.5383,25.3684,-0.154663,-0.69535,-0.425006,0.270344,-0.117735
"échantillon entier, après 500",C1,48,réouverture,5,2022,86,-2779.51,-0.2653,-32.3199,-0.279593,-98.2839,27.7806,-35.2516,-63.0323,-1.35766,0.702645,-0.327507,-1.03015,-0.0940944
"échantillon entier, après 500",C1,48,réouverture,5,2023,101,3276.15,0.365631,32.4371,1.48951,66.5965,2.7058,34.6511,31.9453,3.07448,0.109994,1.59224,1.48224,0.304996
"échantillon entier, après 500",C1,48,réouverture,5,2024,87,1860.17,0.169473,21.3813,0.174515,13.8989,28.0503,20.9746,-7.07571,0.073726,0.264349,0.169038,-0.0953115,0.0581972
"échantillon entier, après 500",C1,48,réouverture,5,2025,81,-1026.92,-0.109932,-12.678,-0.449993,-4.47665,-22.9297,-13.7032,9.22652,0.187978,-1.24746,-0.52974,0.717718,-0.0702368
"échantillon entier, après 500",C1,48,réouverture,10,2020,64,1043.42,0.0849037,16.3035,0.550395,60.9933,-49.0124,5.99043,55.0029,1.48007,-0.808361,0.335855,1.14422,0.0779663
"échantillon entier, après 500",C1,48,réouverture,10,2021,102,-2349.12,-0.288651,-23.0306,-0.510403,3.83009,-46.9068,-21.5383,25.3684,-0.222225,-0.766562,-0.494394,0.272168,-0.133265
"échantillon entier, après 500",C1,48,réouverture,10,2022,86,-3209.51,-0.29635,-37.3199,-0.401209,-103.284,22.7806,-40.2516,-63.0323,-1.47815,0.580007,-0.449074,-1.02908,-0.115159
"échantillon entier, après 500",C1,48,réouverture,10,2023,101,2771.15,0.298555,27.4371,1.29069,61.5965,-2.2942,29.6511,31.9453,2.87702,-0.0900109,1.39351,1.48352,0.253649
"échantillon entier, après 500",C1,48,réouverture,10,2024,87,1425.17,0.11975,16.3813,0.029574,8.89889,23.0503,15.9746,-7.07571,-0.0709578,0.119178,0.0241103,-0.0950681,0.0277259
"échantillon entier, après 500",C1,48,réouverture,10,2025,81,-1431.92,-0.145324,-17.678,-0.623892,-9.47665,-27.9297,-18.7032,9.22652,0.0264355,-1.4368,-0.705183,0.731619,-0.0977971
"échantillon entier, après 500",C2,48,cooldown,5,2020,91,329.54,0.00297855,3.62131,0.21736,64.6855,-67.6203,-1.46737,66.1529,1.44276,-1.21227,0.115244,1.32751,0.0350299
"échantillon entier, après 500",C2,48,cooldown,5,2021,151,-2633.81,-0.309878,-17.4424,-0.258315,10.7325,-51.8324,-20.55,31.2825,0.19615,-0.813031,-0.30844,0.504591,-0.102671
"échantillon entier, après 500",C2,48,cooldown,5,2022,138,-4205.52,-0.394922,-30.4747,-0.67594,-119.351,66.4814,-26.4349,-92.9163,-2.22057,1.00911,-0.60573,-1.61484,-0.232215
"échantillon entier, après 500",C2,48,cooldown,5,2023,149,2677.4,0.274363,17.9692,0.620365,33.0074,2.7277,17.8676,15.1398,1.79438,-0.569515,0.612433,1.18195,0.162388
"échantillon entier, après 500",C2,48,cooldown,5,2024,143,-2.84341,-0.0507766,-0.019884,-0.0894338,-11.8242,15.8482,2.01201,-13.8362,-0.444099,0.387329,-0.0283849,-0.415714,-0.0372703
"échantillon entier, après 500",C2,48,cooldown,5,2025,135,816.577,0.0553546,6.04872,0.435579,14.2288,-5.49108,4.36888,9.85995,0.734075,0.0144855,0.37428,0.359795,0.0959177
"échantillon entier, après 500",C2,48,cooldown,10,2020,91,-125.46,-0.0416579,-1.37869,0.0967493,59.6855,-72.6203,-6.46737,66.1529,1.31407,-1.32346,-0.00469392,1.31876,0.00781004
"échantillon entier, après 500",C2,48,cooldown,10,2021,151,-3388.81,-0.36023,-22.4424,-0.327864,5.7325,-56.8324,-25.55,31.2825,0.129853,-0.886547,-0.378347,0.5082,-0.125951
"échantillon entier, après 500",C2,48,cooldown,10,2022,138,-4895.52,-0.435439,-35.4747,-0.795834,-124.351,61.4814,-31.4349,-92.9163,-2.34785,0.897272,-0.725288,-1.62256,-0.26027
"échantillon entier, après 500",C2,48,cooldown,10,2023,149,1932.4,0.18298,12.9692,0.409435,28.0074,-2.2723,12.8676,15.1398,1.58334,-0.780337,0.401503,1.18184,0.0955081
"échantillon entier, après 500",C2,48,cooldown,10,2024,143,-717.843,-0.116339,-5.01988,-0.226619,-16.8242,10.8482,-2.98799,-13.8362,-0.582547,0.251842,-0.165352,-0.417195,-0.0807647
"échantillon entier, après 500",C2,48,cooldown,10,2025,135,141.577,-0.0135345,1.04872,0.268352,9.22883,-10.4911,-0.631122,9.85995,0.57231,-0.160446,0.205932,0.366378,0.0427383
"échantillon entier, après 500",C2,48,réouverture,5,2020,91,329.54,0.00297855,3.62131,0.21736,64.6855,-67.6203,-1.46737,66.1529,1.44276,-1.21227,0.115244,1.32751,0.0350299
"échantillon entier, après 500",C2,48,réouverture,5,2021,151,-2633.81,-0.309878,-17.4424,-0.258315,10.7325,-51.8324,-20.55,31.2825,0.19615,-0.813031,-0.30844,0.504591,-0.102671
"échantillon entier, après 500",C2,48,réouverture,5,2022,138,-4205.52,-0.394922,-30.4747,-0.67594,-119.351,66.4814,-26.4349,-92.9163,-2.22057,1.00911,-0.60573,-1.61484,-0.232215
"échantillon entier, après 500",C2,48,réouverture,5,2023,149,2677.4,0.274363,17.9692,0.620365,33.0074,2.7277,17.8676,15.1398,1.79438,-0.569515,0.612433,1.18195,0.162388
"échantillon entier, après 500",C2,48,réouverture,5,2024,143,-2.84341,-0.0507766,-0.019884,-0.0894338,-11.8242,15.8482,2.01201,-13.8362,-0.444099,0.387329,-0.0283849,-0.415714,-0.0372703
"échantillon entier, après 500",C2,48,réouverture,5,2025,135,816.577,0.0553546,6.04872,0.435579,14.2288,-5.49108,4.36888,9.85995,0.734075,0.0144855,0.37428,0.359795,0.0959177
"échantillon entier, après 500",C2,48,réouverture,10,2020,91,-125.46,-0.0416579,-1.37869,0.0967493,59.6855,-72.6203,-6.46737,66.1529,1.31407,-1.32346,-0.00469392,1.31876,0.00781004
"échantillon entier, après 500",C2,48,réouverture,10,2021,151,-3388.81,-0.36023,-22.4424,-0.327864,5.7325,-56.8324,-25.55,31.2825,0.129853,-0.886547,-0.378347,0.5082,-0.125951
"échantillon entier, après 500",C2,48,réouverture,10,2022,138,-4895.52,-0.435439,-35.4747,-0.795834,-124.351,61.4814,-31.4349,-92.9163,-2.34785,0.897272,-0.725288,-1.62256,-0.26027
"échantillon entier, après 500",C2,48,réouverture,10,2023,149,1932.4,0.18298,12.9692,0.409435,28.0074,-2.2723,12.8676,15.1398,1.58334,-0.780337,0.401503,1.18184,0.0955081
"échantillon entier, après 500",C2,48,réouverture,10,2024,143,-717.843,-0.116339,-5.01988,-0.226619,-16.8242,10.8482,-2.98799,-13.8362,-0.582547,0.251842,-0.165352,-0.417195,-0.0807647
"échantillon entier, après 500",C2,48,réouverture,10,2025,135,141.577,-0.0135345,1.04872,0.268352,9.22883,-10.4911,-0.631122,9.85995,0.57231,-0.160446,0.205932,0.366378,0.0427383
"échantillon entier, après 500",RE-1,48,cooldown,5,2020,91,657.614,0.0423552,7.22653,0.325959,49.0136,-41.525,3.74428,45.2693,1.14307,-0.627334,0.257866,0.885201,0.0626519
"échantillon entier, après 500",RE-1,48,cooldown,5,2021,151,-5496.96,-0.470028,-36.4037,-0.493909,-7.17724,-72.0771,-39.6272,32.45,0.0118844,-1.11127,-0.549695,0.561579,-0.178018
"échantillon entier, après 500",RE-1,48,cooldown,5,2022,138,-2533.84,-0.261517,-18.3612,-0.144616,-65.007,32.5251,-16.2409,-48.766,-0.70889,0.470956,-0.118967,-0.589923,-0.0828511
"échantillon entier, après 500",RE-1,48,cooldown,5,2023,149,2677.42,0.284109,17.9692,0.82357,30.2296,5.54316,17.8864,12.3432,1.74146,-0.10672,0.817369,0.924088,0.205047
"échantillon entier, après 500",RE-1,48,cooldown,5,2024,143,2769.82,0.272846,19.3694,0.37306,7.94469,34.7272,21.336,-13.3913,0.00875062,0.862787,0.435769,-0.427018,0.139497
"échantillon entier, après 500",RE-1,48,cooldown,5,2025,135,277.207,0.00863108,2.05338,0.19029,12.2227,-12.2926,-0.0349556,12.2576,0.552983,-0.321366,0.115808,0.437175,0.0298555
"échantillon entier, après 500",RE-1,48,cooldown,10,2020,91,202.614,-0.00401158,2.22653,0.205348,44.0136,-46.525,-1.25572,45.2693,1.01438,-0.73852,0.137928,0.876449,0.0347159
"échantillon entier, après 500",RE-1,48,cooldown,10,2021,151,-6251.96,-0.508754,-41.4037,-0.563457,-12.1772,-77.0771,-44.6272,32.45,-0.0544129,-1.18479,-0.619601,0.565189,-0.199354
"échantillon entier, après 500",RE-1,48,cooldown,10,2022,138,-3223.84,-0.310887,-23.3612,-0.26451,-70.007,27.5251,-21.2409,-48.766,-0.836172,0.359121,-0.238525,-0.597646,-0.116297
"échantillon entier, après 500",RE-1,48,cooldown,10,2023,149,1932.42,0.192036,12.9692,0.61264,25.2296,0.543163,12.8864,12.3432,1.53042,-0.317541,0.606439,0.92398,0.135742
"échantillon entier, après 500",RE-1,48,cooldown,10,2024,143,2054.82,0.185116,14.3694,0.235875,2.94469,29.7272,16.336,-13.3913,-0.129698,0.727301,0.298802,-0.428499,0.0880824
"échantillon entier, après 500",RE-1,48,cooldown,10,2025,135,-397.793,-0.0572254,-2.94662,0.0230627,7.22268,-17.2926,-5.03496,12.2576,0.391217,-0.496298,-0.0525405,0.443758,-0.0201401
"échantillon entier, après 500",RE-1,48,réouverture,5,2020,96,1398.93,0.12101,14.5722,0.491181,60.2444,-41.7215,9.26144,50.9829,1.4242,-0.658819,0.38269,1.04151,0.109061
"échantillon entier, après 500",RE-1,48,réouverture,5,2021,165,-6541.28,-0.53882,-39.6441,-0.595839,-49.796,-27.16,-38.478,-11.318,-0.659957,-0.516991,-0.588474,-0.0714828,-0.229292
"échantillon entier, après 500",RE-1,48,réouverture,5,2022,148,-2360.91,-0.249937,-15.9521,-0.13112,-65.3213,36.1599,-14.5807,-50.7406,-0.765954,0.538981,-0.113486,-0.652467,-0.0818852
"échantillon entier, après 500",RE-1,48,réouverture,5,2023,162,2921.74,0.314172,18.0354,0.846813,30.8273,5.55561,18.1914,12.6358,1.67003,0.0436765,0.856852,0.813175,0.236627
"échantillon entier, après 500",RE-1,48,réouverture,5,2024,156,3303.75,0.336562,21.1779,0.499077,15.6301,28.5473,22.0887,-6.45857,0.417397,0.607578,0.512487,-0.0950904,0.201658
"échantillon entier, après 500",RE-1,48,réouverture,5,2025,146,518.918,0.0309858,3.55424,0.193959,14.8586,-10.5327,2.16293,12.6957,0.628163,-0.347126,0.140519,0.487645,0.0496617
"échantillon entier, après 500",RE-1,48,réouverture,10,2020,96,918.928,0.0685074,9.57216,0.369157,55.2444,-46.7215,4.26144,50.9829,1.29436,-0.771206,0.261575,1.03278,0.0780214
"échantillon entier, après 500",RE-1,48,réouverture,10,2021,165,-7366.28,-0.575539,-44.6441,-0.665125,-54.796,-32.16,-43.478,-11.318,-0.725921,-0.590362,-0.658142,-0.0677797,-0.251053
"échantillon entier, après 500",RE-1,48,réouverture,10,2022,148,-3100.91,-0.303569,-20.9521,-0.249913,-70.3213,31.1599,-19.5807,-50.7406,-0.891882,0.427722,-0.23208,-0.659802,-0.117682
"échantillon entier, après 500",RE-1,48,réouverture,10,2023,162,2111.74,0.212051,13.0354,0.634578,25.8273,0.555611,13.1914,12.6358,1.46001,-0.17072,0.644645,0.815364,0.159507
"échantillon entier, après 500",RE-1,48,réouverture,10,2024,156,2523.75,0.236403,16.1779,0.361121,10.6301,23.5473,17.0887,-6.45857,0.279219,0.469916,0.374567,-0.0953489,0.142336
"échantillon entier, après 500",RE-1,48,réouverture,10,2025,146,-211.082,-0.0416078,-1.44576,0.022532,9.85859,-15.5327,-2.83707,12.6957,0.466727,-0.531003,-0.0321382,0.498865,-0.00542833
"échantillon entier, après 500",RE-2,48,cooldown,5,2020,91,1069.84,0.085063,11.7565,0.383715,59.3006,-43.7117,7.79447,51.5062,1.29079,-0.674542,0.308125,0.982667,0.0762882
"échantillon entier, après 500",RE-2,48,cooldown,5,2021,151,-5136.38,-0.449687,-34.0157,-0.468739,-5.55977,-68.7488,-37.1543,31.5945,0.0217716,-1.06745,-0.52284,0.544611,-0.170057
"échantillon entier, après 500",RE-2,48,cooldown,5,2022,138,-2244.44,-0.239496,-16.264,-0.0982883,-61.4182,32.9951,-14.2116,-47.2067,-0.625451,0.476798,-0.0743264,-0.551124,-0.0693449
"échantillon entier, après 500",RE-2,48,cooldown,5,2023,149,1724.77,0.170353,11.5756,0.699387,19.5047,3.53938,11.5221,7.98268,1.57531,-0.188377,0.693469,0.881845,0.151213
"échantillon entier, après 500",RE-2,48,cooldown,5,2024,143,3099.21,0.317139,21.6728,0.387259,9.01916,38.6826,23.8509,-14.8317,0.012256,0.891361,0.451809,-0.439553,0.146043
"échantillon entier, après 500",RE-2,48,cooldown,5,2025,135,266.129,0.00776199,1.97133,0.17075,10.828,-10.5229,0.152544,10.6755,0.500494,-0.294424,0.103035,0.397459,0.0241754
"échantillon entier, après 500",RE-2,48,cooldown,10,2020,91,614.84,0.0368167,6.75649,0.263104,54.3006,-48.7117,2.79447,51.5062,1.1621,-0.785729,0.188187,0.973916,0.0479949
"échantillon entier, après 500",RE-2,48,cooldown,10,2021,151,-5891.38,-0.48989,-39.0157,-0.538287,-10.5598,-73.7488,-42.1543,31.5945,-0.0445258,-1.14097,-0.592746,0.548221,-0.191598
"échantillon entier, après 500",RE-2,48,cooldown,10,2022,138,-2934.44,-0.290328,-21.264,-0.218182,-66.4182,27.9951,-19.2116,-47.2067,-0.752732,0.364963,-0.193885,-0.558848,-0.103279
"échantillon entier, après 500",RE-2,48,cooldown,10,2023,149,979.769,0.0863871,6.57563,0.488457,14.5047,-1.46062,6.52206,7.98268,1.36428,-0.399198,0.482539,0.881737,0.084988
"échantillon entier, après 500",RE-2,48,cooldown,10,2024,143,2384.21,0.226378,16.6728,0.250074,4.01916,33.6826,18.8509,-14.8317,-0.126192,0.755875,0.314841,-0.441034,0.0943326
"échantillon entier, après 500",RE-2,48,cooldown,10,2025,135,-408.871,-0.058038,-3.02867,0.00352257,5.82802,-15.5229,-4.84746,10.6755,0.338728,-0.469356,-0.0653142,0.404042,-0.0255475
"échantillon entier, après 500",RE-2,48,réouverture,5,2020,96,1234.68,0.102556,12.8612,0.443785,59.7197,-44.8946,7.41256,52.3072,1.39408,-0.727507,0.333286,1.06079,0.0962127
"échantillon entier, après 500",RE-2,48,réouverture,5,2021,165,-6177.73,-0.520963,-37.4408,-0.573799,-48.1716,-24.2448,-36.2082,-11.9634,-0.650157,-0.479899,-0.565028,-0.0851288,-0.222148
"échantillon entier, après 500",RE-2,48,réouverture,5,2022,150,-2173.46,-0.235526,-14.4897,-0.09928,-61.8176,36.7821,-12.5177,-49.2999,-0.695896,0.547054,-0.074421,-0.621475,-0.0727674
"échantillon entier, après 500",RE-2,48,réouverture,5,2023,162,2239.51,0.230375,13.8242,0.784741,24.9505,3.23403,14.0923,10.8582,1.64816,-0.0370647,0.805547,0.842611,0.204454
"échantillon entier, après 500",RE-2,48,réouverture,5,2024,158,3307.5,0.33877,20.9336,0.474188,14.3281,29.4537,21.8909,-7.56277,0.368075,0.611059,0.489567,-0.121492,0.190419
"échantillon entier, après 500",RE-2,48,réouverture,5,2025,147,534.639,0.0328733,3.637,0.185591,13.898,-8.9561,2.47097,11.4271,0.589133,-0.309665,0.139734,0.449399,0.0466932
"échantillon entier, après 500",RE-2,48,réouverture,10,2020,96,754.678,0.0509089,7.86123,0.321223,54.7197,-49.8946,2.41256,52.3072,1.26326,-0.839894,0.211683,1.05158,0.0653906
"échantillon entier, après 500",RE-2,48,réouverture,10,2021,165,-7002.73,-0.559095,-42.4408,-0.643085,-53.1716,-29.2448,-41.2082,-11.9634,-0.716121,-0.55327,-0.634695,-0.0814257,-0.24411
"échantillon entier, après 500",RE-2,48,réouverture,10,2022,150,-2923.46,-0.290891,-19.4897,-0.217806,-66.8176,31.7821,-17.5177,-49.2999,-0.821129,0.435794,-0.192668,-0.628462,-0.109357
"échantillon entier, après 500",RE-2,48,réouverture,10,2023,162,1429.51,0.13473,8.82416,0.573118,19.9505,-1.76597,9.09227,10.8582,1.43977,-0.251768,0.594002,0.845769,0.129331
"échantillon entier, après 500",RE-2,48,réouverture,10,2024,158,2517.5,0.237209,15.9336,0.336605,9.32811,24.4537,16.8909,-7.56277,0.229165,0.475187,0.352176,-0.123011,0.130918
"échantillon entier, après 500",RE-2,48,réouverture,10,2025,147,-200.361,-0.0403323,-1.363,0.0133905,8.89804,-13.9561,-2.52903,11.4271,0.427696,-0.495076,-0.0336897,0.461386,-0.00873849
glissante 500 signaux,C1,13,cooldown,5,2020,68,389.905,0.0351196,5.73389,0.326765,16.3244,-8.50853,3.90794,12.4165,0.54592,0.0320392,0.28898,0.25694,0.0524843
glissante 500 signaux,C1,13,cooldown,5,2021,121,367.135,0.00110783,3.03417,-0.0353344,12.3845,-4.50187,3.94129,8.44317,0.135377,-0.172923,-0.0187728,0.15415,-0.0143853
glissante 500 signaux,C1,13,cooldown,5,2022,113,-564.655,-0.0661572,-4.99695,0.0193856,-36.2309,23.5901,-6.32042,-29.9105,-0.415909,0.417791,0.000940931,-0.41685,-0.00322766
glissante 500 signaux,C1,13,cooldown,5,2023,116,-199.75,-0.0247776,-1.72198,-0.0609433,1.94277,-5.02626,-1.54175,3.48452,-0.0966038,-0.0287903,-0.0626971,-0.0339067,-0.0233406
glissante 500 signaux,C1,13,cooldown,5,2024,108,-864.564,-0.0928877,-8.00522,-0.500689,-8.39558,-7.61486,-8.00522,-0.390358,-0.51255,-0.488828,-0.500689,-0.0118609,-0.11506
glissante 500 signaux,C1,13,cooldown,5,2025,107,695.566,0.0678469,6.50062,0.115835,13.4542,-1.73017,5.86202,7.5922,0.211643,0.0024304,0.107037,0.104606,0.0243436
glissante 500 signaux,C1,13,cooldown,10,2020,68,49.9047,0.000523586,0.733893,0.207523,11.3244,-13.5085,-1.09206,12.4165,0.41359,-0.0696006,0.171995,0.241595,0.0321225
glissante 500 signaux,C1,13,cooldown,10,2021,121,-237.865,-0.0576942,-1.96583,-0.104584,7.38446,-9.50187,-1.05871,8.44317,0.0671675,-0.243011,-0.0879218,0.155089,-0.0348267
glissante 500 signaux,C1,13,cooldown,10,2022,113,-1129.66,-0.117504,-9.99695,-0.108355,-41.2309,18.5901,-11.3204,-29.9105,-0.5439,0.29028,-0.12681,-0.41709,-0.0341234
glissante 500 signaux,C1,13,cooldown,10,2023,116,-779.75,-0.0797586,-6.72198,-0.259191,-3.05723,-10.0263,-6.54175,3.48452,-0.294999,-0.226905,-0.260952,-0.0340469,-0.0671175
glissante 500 signaux,C1,13,cooldown,10,2024,108,-1404.56,-0.140631,-13.0052,-0.651497,-13.3956,-12.6149,-13.0052,-0.390358,-0.661517,-0.641477,-0.651497,-0.0100201,-0.147437
glissante 500 signaux,C1,13,cooldown,10,2025,107,160.566,0.0122362,1.50062,-0.0660699,8.45422,-6.73017,0.862024,7.5922,0.0420688,-0.194071,-0.076001,0.11807,-0.016528
glissante 500 signaux,C1,13,réouverture,5,2020,68,389.905,0.0351196,5.73389,0.326765,16.3244,-8.50853,3.90794,12.4165,0.54592,0.0320392,0.28898,0.25694,0.0524843
glissante 500 signaux,C1,13,réouverture,5,2021,121,367.135,0.00110783,3.03417,-0.0353344,12.3845,-4.50187,3.94129,8.44317,0.135377,-0.172923,-0.0187728,0.15415,-0.0143853
glissante 500 signaux,C1,13,réouverture,5,2022,113,-564.655,-0.0661572,-4.99695,0.0193856,-36.2309,23.5901,-6.32042,-29.9105,-0.415909,0.417791,0.000940931,-0.41685,-0.00322766
glissante 500 signaux,C1,13,réouverture,5,2023,116,-199.75,-0.0247776,-1.72198,-0.0609433,1.94277,-5.02626,-1.54175,3.48452,-0.0966038,-0.0287903,-0.0626971,-0.0339067,-0.0233406
glissante 500 signaux,C1,13,réouverture,5,2024,108,-864.564,-0.0928877,-8.00522,-0.500689,-8.39558,-7.61486,-8.00522,-0.390358,-0.51255,-0.488828,-0.500689,-0.0118609,-0.11506
glissante 500 signaux,C1,13,réouverture,5,2025,107,695.566,0.0678469,6.50062,0.115835,13.4542,-1.73017,5.86202,7.5922,0.211643,0.0024304,0.107037,0.104606,0.0243436
glissante 500 signaux,C1,13,réouverture,10,2020,68,49.9047,0.000523586,0.733893,0.207523,11.3244,-13.5085,-1.09206,12.4165,0.41359,-0.0696006,0.171995,0.241595,0.0321225
glissante 500 signaux,C1,13,réouverture,10,2021,121,-237.865,-0.0576942,-1.96583,-0.104584,7.38446,-9.50187,-1.05871,8.44317,0.0671675,-0.243011,-0.0879218,0.155089,-0.0348267
glissante 500 signaux,C1,13,réouverture,10,2022,113,-1129.66,-0.117504,-9.99695,-0.108355,-41.2309,18.5901,-11.3204,-29.9105,-0.5439,0.29028,-0.12681,-0.41709,-0.0341234
glissante 500 signaux,C1,13,réouverture,10,2023,116,-779.75,-0.0797586,-6.72198,-0.259191,-3.05723,-10.0263,-6.54175,3.48452,-0.294999,-0.226905,-0.260952,-0.0340469,-0.0671175
glissante 500 signaux,C1,13,réouverture,10,2024,108,-1404.56,-0.140631,-13.0052,-0.651497,-13.3956,-12.6149,-13.0052,-0.390358,-0.661517,-0.641477,-0.651497,-0.0100201,-0.147437
glissante 500 signaux,C1,13,réouverture,10,2025,107,160.566,0.0122362,1.50062,-0.0660699,8.45422,-6.73017,0.862024,7.5922,0.0420688,-0.194071,-0.076001,0.11807,-0.016528
glissante 500 signaux,C2,13,cooldown,5,2020,116,579.926,0.0502598,4.99937,0.253118,17.7076,-13.004,2.35181,15.3558,0.484086,-0.0740875,0.204999,0.279087,0.0685162
glissante 500 signaux,C2,13,cooldown,5,2021,219,-838.747,-0.133588,-3.82989,-0.086976,-1.29003,-6.58746,-3.93875,2.64871,0.0353985,-0.21984,-0.0922206,0.127619,-0.052448
glissante 500 signaux,C2,13,cooldown,5,2022,197,-2401.83,-0.22988,-12.192,-0.194781,-32.4434,8.68559,-11.8789,-20.5645,-0.544556,0.165811,-0.189373,-0.355183,-0.0947908
glissante 500 signaux,C2,13,cooldown,5,2023,211,1163.73,0.110598,5.51533,0.109455,8.23406,2.7707,5.50238,2.73168,0.0503711,0.169102,0.109736,-0.0593654,0.0338683
glissante 500 signaux,C2,13,cooldown,5,2024,198,-2622.16,-0.25086,-13.2432,-0.431781,-11.9094,-15.0535,-13.4814,1.57206,-0.482445,-0.363024,-0.422734,-0.0597105,-0.186246
glissante 500 signaux,C2,13,cooldown,5,2025,208,2745.25,0.301243,13.1983,0.476679,11.3547,15.4781,13.4164,-2.06166,0.405999,0.564079,0.485039,-0.0790399,0.213979
glissante 500 signaux,C2,13,cooldown,10,2020,116,-0.0736216,-0.00891685,-0.000634669,0.130712,12.7076,-18.004,-2.64819,15.3558,0.353705,-0.185196,0.0842546,0.269451,0.0326109
glissante 500 signaux,C2,13,cooldown,10,2021,219,-1933.75,-0.223551,-8.82989,-0.155705,-6.29003,-11.5875,-8.93875,2.64871,-0.0296107,-0.292606,-0.161109,0.131498,-0.0874583
glissante 500 signaux,C2,13,cooldown,10,2022,197,-3386.83,-0.302236,-17.192,-0.318027,-37.4434,3.68559,-16.8789,-20.5645,-0.671087,0.0459519,-0.312567,-0.358519,-0.142334
glissante 500 signaux,C2,13,cooldown,10,2023,211,108.734,-0.000581198,0.515327,-0.100828,3.23406,-2.2293,0.502381,2.73168,-0.165964,-0.0350727,-0.100518,-0.0654456,-0.0489354
glissante 500 signaux,C2,13,cooldown,10,2024,198,-3612.16,-0.321596,-18.2432,-0.573402,-16.9094,-20.0535,-18.4814,1.57206,-0.624128,-0.50456,-0.564344,-0.0597838,-0.238117
glissante 500 signaux,C2,13,cooldown,10,2025,208,1705.25,0.17283,8.19833,0.298834,6.35473,10.4781,8.41639,-2.06166,0.236942,0.375367,0.306155,-0.0692125,0.122258
glissante 500 signaux,C2,13,réouverture,5,2020,116,579.926,0.0502598,4.99937,0.253118,17.7076,-13.004,2.35181,15.3558,0.484086,-0.0740875,0.204999,0.279087,0.0685162
glissante 500 signaux,C2,13,réouverture,5,2021,219,-838.747,-0.133588,-3.82989,-0.086976,-1.29003,-6.58746,-3.93875,2.64871,0.0353985,-0.21984,-0.0922206,0.127619,-0.052448
glissante 500 signaux,C2,13,réouverture,5,2022,197,-2401.83,-0.22988,-12.192,-0.194781,-32.4434,8.68559,-11.8789,-20.5645,-0.544556,0.165811,-0.189373,-0.355183,-0.0947908
glissante 500 signaux,C2,13,réouverture,5,2023,211,1163.73,0.110598,5.51533,0.109455,8.23406,2.7707,5.50238,2.73168,0.0503711,0.169102,0.109736,-0.0593654,0.0338683
glissante 500 signaux,C2,13,réouverture,5,2024,198,-2622.16,-0.25086,-13.2432,-0.431781,-11.9094,-15.0535,-13.4814,1.57206,-0.482445,-0.363024,-0.422734,-0.0597105,-0.186246
glissante 500 signaux,C2,13,réouverture,5,2025,208,2745.25,0.301243,13.1983,0.476679,11.3547,15.4781,13.4164,-2.06166,0.405999,0.564079,0.485039,-0.0790399,0.213979
glissante 500 signaux,C2,13,réouverture,10,2020,116,-0.0736216,-0.00891685,-0.000634669,0.130712,12.7076,-18.004,-2.64819,15.3558,0.353705,-0.185196,0.0842546,0.269451,0.0326109
glissante 500 signaux,C2,13,réouverture,10,2021,219,-1933.75,-0.223551,-8.82989,-0.155705,-6.29003,-11.5875,-8.93875,2.64871,-0.0296107,-0.292606,-0.161109,0.131498,-0.0874583
glissante 500 signaux,C2,13,réouverture,10,2022,197,-3386.83,-0.302236,-17.192,-0.318027,-37.4434,3.68559,-16.8789,-20.5645,-0.671087,0.0459519,-0.312567,-0.358519,-0.142334
glissante 500 signaux,C2,13,réouverture,10,2023,211,108.734,-0.000581198,0.515327,-0.100828,3.23406,-2.2293,0.502381,2.73168,-0.165964,-0.0350727,-0.100518,-0.0654456,-0.0489354
glissante 500 signaux,C2,13,réouverture,10,2024,198,-3612.16,-0.321596,-18.2432,-0.573402,-16.9094,-20.0535,-18.4814,1.57206,-0.624128,-0.50456,-0.564344,-0.0597838,-0.238117
glissante 500 signaux,C2,13,réouverture,10,2025,208,1705.25,0.17283,8.19833,0.298834,6.35473,10.4781,8.41639,-2.06166,0.236942,0.375367,0.306155,-0.0692125,0.122258
glissante 500 signaux,RE-1,13,cooldown,5,2020,116,393.686,0.032066,3.39384,0.250806,16.4402,-15.0885,0.675859,15.7643,0.497294,-0.0983854,0.199454,0.29784,0.0691876
glissante 500 signaux,RE-1,13,cooldown,5,2021,219,-83.716,-0.0590108,-0.382265,-0.068288,2.15951,-3.14191,-0.491198,2.65071,0.0418982,-0.187919,-0.0730103,0.114908,-0.0422003
glissante 500 signaux,RE-1,13,cooldown,5,2022,197,-2229.6,-0.215118,-11.3178,-0.116637,-29.7028,7.63593,-11.0334,-18.6694,-0.4133,0.189201,-0.11205,-0.301251,-0.0636848
glissante 500 signaux,RE-1,13,cooldown,5,2023,211,1358.27,0.133946,6.43732,0.101261,10.5762,2.25898,6.41761,4.15863,0.076006,0.126756,0.101381,-0.0253751,0.0512549
glissante 500 signaux,RE-1,13,cooldown,5,2024,198,-867.072,-0.101211,-4.37915,-0.245854,-1.34881,-8.49175,-4.92028,3.57147,-0.269539,-0.21371,-0.241625,-0.0279149,-0.105866
glissante 500 signaux,RE-1,13,cooldown,5,2025,208,2319.9,0.248808,11.1534,0.401485,10.5748,11.8688,11.2218,-0.646963,0.366176,0.445148,0.405662,-0.0394859,0.176096
glissante 500 signaux,RE-1,13,cooldown,10,2020,116,-186.314,-0.0260935,-1.60616,0.1284,11.4402,-20.0885,-4.32414,15.7643,0.366913,-0.209494,0.0787095,0.288203,0.0332607
glissante 500 signaux,RE-1,13,cooldown,10,2021,219,-1178.72,-0.156679,-5.38226,-0.137017,-2.84049,-8.14191,-5.4912,2.65071,-0.0231109,-0.260685,-0.141898,0.118787,-0.0775887
glissante 500 signaux,RE-1,13,cooldown,10,2022,197,-3214.6,-0.288853,-16.3178,-0.239883,-34.7028,2.63593,-16.0334,-18.6694,-0.539831,0.0693418,-0.235245,-0.304587,-0.112847
glissante 500 signaux,RE-1,13,cooldown,10,2023,211,303.275,0.0204412,1.43732,-0.109023,5.57624,-2.74102,1.41761,4.15863,-0.140329,-0.0774183,-0.108874,-0.0314553,-0.0329352
glissante 500 signaux,RE-1,13,cooldown,10,2024,198,-1857.07,-0.186,-9.37915,-0.387475,-6.34881,-13.4918,-9.92028,3.57147,-0.411223,-0.355246,-0.383234,-0.0279883,-0.162835
glissante 500 signaux,RE-1,13,cooldown,10,2025,208,1279.9,0.125547,6.15337,0.22364,5.57484,6.86877,6.2218,-0.646963,0.197119,0.256436,0.226777,-0.0296585,0.0872234
glissante 500 signaux,RE-1,13,réouverture,5,2020,117,543.406,0.0475182,4.6445,0.271835,18.3718,-15.0885,1.64166,16.7301,0.52938,-0.0983854,0.215497,0.313883,0.0764346
glissante 500 signaux,RE-1,13,réouverture,5,2021,219,-83.716,-0.0590108,-0.382265,-0.068288,2.15951,-3.14191,-0.491198,2.65071,0.0418982,-0.187919,-0.0730103,0.114908,-0.0422003
glissante 500 signaux,RE-1,13,réouverture,5,2022,198,-2378.46,-0.226802,-12.0124,-0.130066,-30.8827,7.63593,-11.6234,-19.2593,-0.436689,0.189201,-0.123744,-0.312945,-0.0701818
glissante 500 signaux,RE-1,13,réouverture,5,2023,212,1311.38,0.128629,6.18576,0.0988648,10.5762,1.79529,6.18576,4.39048,0.076006,0.121724,0.0988648,-0.0228587,0.050186
glissante 500 signaux,RE-1,13,réouverture,5,2024,198,-867.072,-0.101211,-4.37915,-0.245854,-1.34881,-8.49175,-4.92028,3.57147,-0.269539,-0.21371,-0.241625,-0.0279149,-0.105866
glissante 500 signaux,RE-1,13,réouverture,5,2025,211,2157.52,0.228633,10.2252,0.349049,9.98708,10.516,10.2515,-0.264447,0.341902,0.357774,0.349838,-0.00793592,0.158345
glissante 500 signaux,RE-1,13,réouverture,10,2020,117,-41.5936,-0.0119991,-0.355501,0.149701,13.3718,-20.0885,-3.35834,16.7301,0.399576,-0.209494,0.0950412,0.304535,0.0400303
glissante 500 signaux,RE-1,13,réouverture,10,2021,219,-1178.72,-0.156679,-5.38226,-0.137017,-2.84049,-8.14191,-5.4912,2.65071,-0.0231109,-0.260685,-0.141898,0.118787,-0.0775887
glissante 500 signaux,RE-1,13,réouverture,10,2022,198,-3368.46,-0.299796,-17.0124,-0.25316,-35.8827,2.63593,-16.6234,-19.2593,-0.56289,0.0693418,-0.246774,-0.316116,-0.119209
glissante 500 signaux,RE-1,13,réouverture,10,2023,212,251.382,0.0151459,1.18576,-0.110631,5.57624,-3.20471,1.18576,4.39048,-0.140329,-0.080934,-0.110631,-0.0296975,-0.0340233
glissante 500 signaux,RE-1,13,réouverture,10,2024,198,-1857.07,-0.186,-9.37915,-0.387475,-6.34881,-13.4918,-9.92028,3.57147,-0.411223,-0.355246,-0.383234,-0.0279883,-0.162835
glissante 500 signaux,RE-1,13,réouverture,10,2025,211,1102.52,0.105695,5.22521,0.169972,4.98708,5.51598,5.25153,-0.264447,0.17247,0.166922,0.169696,0.00277382,0.0693832
glissante 500 signaux,RE-2,13,cooldown,5,2020,116,473.513,0.040015,4.08201,0.247949,19.1888,-17.3193,0.934761,18.254,0.531982,-0.15443,0.188776,0.343206,0.0679903
glissante 500 signaux,RE-2,13,cooldown,5,2021,219,-128.513,-0.0626274,-0.586819,-0.0693483,0.968889,-2.27587,-0.653493,1.62238,0.0269526,-0.173904,-0.0734755,0.100428,-0.0426909
glissante 500 signaux,RE-2,13,cooldown,5,2022,197,-2316.94,-0.221702,-11.7611,-0.133982,-30.4763,7.53287,-11.4717,-19.0046,-0.423445,0.164433,-0.129506,-0.293939,-0.0719273
glissante 500 signaux,RE-2,13,cooldown,5,2023,211,916.095,0.0851946,4.34168,0.0618055,7.12607,1.53079,4.32843,2.79764,0.0340469,0.0898285,0.0619377,-0.0278908,0.0295834
glissante 500 signaux,RE-2,13,cooldown,5,2024,198,-539.433,-0.0702957,-2.72441,-0.21403,-0.79277,-5.34592,-3.06934,2.27657,-0.251444,-0.163255,-0.207349,-0.0440945,-0.0930425
glissante 500 signaux,RE-2,13,cooldown,5,2025,208,2589.75,0.283213,12.4507,0.425176,11.5733,13.5357,12.5545,-0.981235,0.39255,0.465521,0.429035,-0.0364855,0.193454
glissante 500 signaux,RE-2,13,cooldown,10,2020,116,-106.487,-0.0185888,-0.917993,0.125543,14.1888,-22.3193,-4.06524,18.254,0.401601,-0.265538,0.0680312,0.33357,0.0321019
glissante 500 signaux,RE-2,13,cooldown,10,2021,219,-1223.51,-0.159922,-5.58682,-0.138077,-4.03111,-7.27587,-5.65349,1.62238,-0.0380565,-0.24667,-0.142363,0.104307,-0.0780611
glissante 500 signaux,RE-2,13,cooldown,10,2022,197,-3301.94,-0.294822,-16.7611,-0.257228,-35.4763,2.53287,-16.4717,-19.0046,-0.549976,0.0445736,-0.252701,-0.297275,-0.120659
glissante 500 signaux,RE-2,13,cooldown,10,2023,211,-138.905,-0.0234517,-0.658315,-0.148478,2.12607,-3.46921,-0.671574,2.79764,-0.182288,-0.114346,-0.148317,-0.033971,-0.0528773
glissante 500 signaux,RE-2,13,cooldown,10,2024,198,-1529.43,-0.157987,-7.72441,-0.355651,-5.79277,-10.3459,-8.06934,2.27657,-0.393127,-0.304791,-0.348959,-0.0441679,-0.150825
glissante 500 signaux,RE-2,13,cooldown,10,2025,208,1549.75,0.156573,7.45072,0.247331,6.57327,8.53574,7.5545,-0.981235,0.223493,0.276809,0.250151,-0.0266581,0.103273
glissante 500 signaux,RE-2,13,réouverture,5,2020,117,623.233,0.0555862,5.32678,0.269003,21.0806,-17.3193,1.88064,19.1999,0.563565,-0.15443,0.204568,0.358997,0.0752293
glissante 500 signaux,RE-2,13,réouverture,5,2021,220,-55.2388,-0.0557588,-0.251085,-0.0624801,1.59764,-2.27587,-0.33912,1.93675,0.0392543,-0.173904,-0.0673246,0.106579,-0.0392407
glissante 500 signaux,RE-2,13,réouverture,5,2022,199,-2554.32,-0.240061,-12.8358,-0.154215,-31.7059,7.41031,-12.1478,-19.5581,-0.449224,0.162304,-0.14346,-0.305764,-0.0818626
glissante 500 signaux,RE-2,13,réouverture,5,2023,212,869.203,0.0801059,4.10001,0.0595955,7.12607,1.07396,4.10001,3.02605,0.0340469,0.0851441,0.0595955,-0.0255486,0.0285365
glissante 500 signaux,RE-2,13,réouverture,5,2024,200,-840.109,-0.0979804,-4.20055,-0.238827,-2.79839,-6.05922,-4.4288,1.63041,-0.280179,-0.184012,-0.232096,-0.0480832,-0.105192
glissante 500 signaux,RE-2,13,réouverture,5,2025,213,2615.11,0.286036,12.2775,0.399062,12.3819,12.1479,12.2649,0.117016,0.416246,0.377718,0.396982,0.0192636,0.195286
glissante 500 signaux,RE-2,13,réouverture,10,2020,117,38.2333,-0.00438581,0.32678,0.146869,16.0806,-22.3193,-3.11936,19.1999,0.433761,-0.265538,0.0841115,0.34965,0.0388639
glissante 500 signaux,RE-2,13,réouverture,10,2021,220,-1155.24,-0.154186,-5.25109,-0.131343,-3.40236,-7.27587,-5.33912,1.93675,-0.026045,-0.24667,-0.136358,0.110313,-0.074965
glissante 500 signaux,RE-2,13,réouverture,10,2022,199,-3549.32,-0.312153,-17.8358,-0.277155,-36.7059,2.41031,-17.1478,-19.5581,-0.574798,0.0421918,-0.266303,-0.308495,-0.130478
glissante 500 signaux,RE-2,13,réouverture,10,2023,212,-190.797,-0.0285192,-0.899986,-0.149901,2.12607,-3.92604,-0.899986,3.02605,-0.182288,-0.117513,-0.149901,-0.0323874,-0.053943
glissante 500 signaux,RE-2,13,réouverture,10,2024,200,-1840.11,-0.183889,-9.20055,-0.380086,-7.79839,-11.0592,-9.4288,1.63041,-0.421307,-0.325443,-0.373375,-0.0479322,-0.162644
glissante 500 signaux,RE-2,13,réouverture,10,2025,213,1550.11,0.156223,7.27751,0.219696,7.38189,7.14786,7.26487,0.117016,0.246126,0.186866,0.216496,0.0296296,0.102437
glissante 500 signaux,C1,26,cooldown,5,2020,64,1006.78,0.095013,15.731,0.685879,22.5405,6.39933,14.4699,8.07059,0.845867,0.466637,0.656252,0.189615,0.106343
glissante 500 signaux,C1,26,cooldown,5,2021,111,603.975,0.000315988,5.44121,-0.0503826,23.5475,-9.40001,7.07375,16.4738,0.208482,-0.262567,-0.0270423,0.235525,-0.0193917
glissante 500 signaux,C1,26,cooldown,5,2022,105,-0.513977,-0.0246827,-0.00489502,0.201069,-45.0796,39.4355,-2.82206,-42.2575,-0.703875,0.992895,0.14451,-0.848385,0.0298666
glissante 500 signaux,C1,26,cooldown,5,2023,108,2031.45,0.213669,18.8097,0.635149,41.5458,-2.30234,19.6217,21.9241,1.50032,-0.168221,0.666048,0.834268,0.163081
glissante 500 signaux,C1,26,cooldown,5,2024,96,1741.13,0.168757,18.1367,0.360834,14.2531,22.1857,18.2194,-3.9663,0.366896,0.354515,0.360705,0.00619055,0.092606
glissante 500 signaux,C1,26,cooldown,5,2025,100,1322.99,0.131128,13.2299,0.542637,11.5148,15.1639,13.3394,-1.82455,0.713268,0.350223,0.531745,0.181522,0.112175
glissante 500 signaux,C1,26,cooldown,10,2020,64,686.781,0.0605618,10.731,0.568232,17.5405,1.39933,9.46993,8.07059,0.712347,0.370741,0.541544,0.170803,0.0863874
glissante 500 signaux,C1,26,cooldown,10,2021,111,48.9746,-0.0537295,0.441212,-0.119704,18.5475,-14.4,2.07375,16.4738,0.140411,-0.332914,-0.0962515,0.236662,-0.0380853
glissante 500 signaux,C1,26,cooldown,10,2022,105,-525.514,-0.0746012,-5.0049,0.0724957,-50.0796,34.4355,-7.82206,-42.2575,-0.831528,0.863517,0.0159942,-0.847523,0.000245141
glissante 500 signaux,C1,26,cooldown,10,2023,108,1491.45,0.149959,13.8097,0.437408,36.5458,-7.30234,14.6217,21.9241,1.29944,-0.363054,0.468195,0.831248,0.114474
glissante 500 signaux,C1,26,cooldown,10,2024,96,1261.13,0.114045,13.1367,0.215906,9.25308,17.1857,13.2194,-3.9663,0.221915,0.209642,0.215778,0.00613662,0.057884
glissante 500 signaux,C1,26,cooldown,10,2025,100,822.992,0.0760098,8.22992,0.360019,6.51484,10.1639,8.33939,-1.82455,0.537192,0.16023,0.348711,0.188481,0.0708831
glissante 500 signaux,C1,26,réouverture,5,2020,64,1006.78,0.095013,15.731,0.685879,22.5405,6.39933,14.4699,8.07059,0.845867,0.466637,0.656252,0.189615,0.106343
glissante 500 signaux,C1,26,réouverture,5,2021,111,603.975,0.000315988,5.44121,-0.0503826,23.5475,-9.40001,7.07375,16.4738,0.208482,-0.262567,-0.0270423,0.235525,-0.0193917
glissante 500 signaux,C1,26,réouverture,5,2022,105,-0.513977,-0.0246827,-0.00489502,0.201069,-45.0796,39.4355,-2.82206,-42.2575,-0.703875,0.992895,0.14451,-0.848385,0.0298666
glissante 500 signaux,C1,26,réouverture,5,2023,108,2031.45,0.213669,18.8097,0.635149,41.5458,-2.30234,19.6217,21.9241,1.50032,-0.168221,0.666048,0.834268,0.163081
glissante 500 signaux,C1,26,réouverture,5,2024,96,1741.13,0.168757,18.1367,0.360834,14.2531,22.1857,18.2194,-3.9663,0.366896,0.354515,0.360705,0.00619055,0.092606
glissante 500 signaux,C1,26,réouverture,5,2025,100,1322.99,0.131128,13.2299,0.542637,11.5148,15.1639,13.3394,-1.82455,0.713268,0.350223,0.531745,0.181522,0.112175
glissante 500 signaux,C1,26,réouverture,10,2020,64,686.781,0.0605618,10.731,0.568232,17.5405,1.39933,9.46993,8.07059,0.712347,0.370741,0.541544,0.170803,0.0863874
glissante 500 signaux,C1,26,réouverture,10,2021,111,48.9746,-0.0537295,0.441212,-0.119704,18.5475,-14.4,2.07375,16.4738,0.140411,-0.332914,-0.0962515,0.236662,-0.0380853
glissante 500 signaux,C1,26,réouverture,10,2022,105,-525.514,-0.0746012,-5.0049,0.0724957,-50.0796,34.4355,-7.82206,-42.2575,-0.831528,0.863517,0.0159942,-0.847523,0.000245141
glissante 500 signaux,C1,26,réouverture,10,2023,108,1491.45,0.149959,13.8097,0.437408,36.5458,-7.30234,14.6217,21.9241,1.29944,-0.363054,0.468195,0.831248,0.114474
glissante 500 signaux,C1,26,réouverture,10,2024,96,1261.13,0.114045,13.1367,0.215906,9.25308,17.1857,13.2194,-3.9663,0.221915,0.209642,0.215778,0.00613662,0.057884
glissante 500 signaux,C1,26,réouverture,10,2025,100,822.992,0.0760098,8.22992,0.360019,6.51484,10.1639,8.33939,-1.82455,0.537192,0.16023,0.348711,0.188481,0.0708831
glissante 500 signaux,C2,26,cooldown,5,2020,101,1174.32,0.104846,11.627,0.527644,41.6431,-28.8599,6.39159,35.2515,1.11569,-0.265533,0.425078,0.690611,0.127515
glissante 500 signaux,C2,26,cooldown,5,2021,189,3920.22,0.360315,20.7419,0.296697,25.3863,15.5235,20.4549,4.9314,0.404264,0.175836,0.29005,0.114214,0.140555
glissante 500 signaux,C2,26,cooldown,5,2022,177,1212.03,0.0690137,6.84763,0.0771542,-41.3741,60.236,9.43094,-50.805,-0.849137,1.10269,0.126777,-0.975914,-0.000883857
glissante 500 signaux,C2,26,cooldown,5,2023,184,3304.21,0.368022,17.9576,0.450017,30.0869,5.28933,17.6881,12.3988,1.03267,-0.158535,0.437069,0.595603,0.202612
glissante 500 signaux,C2,26,cooldown,5,2024,173,-375.646,-0.0757902,-2.17136,-0.0676693,2.32504,-8.18683,-2.93089,5.25594,0.025014,-0.191665,-0.0833253,0.108339,-0.032912
glissante 500 signaux,C2,26,cooldown,5,2025,181,3777.73,0.427241,20.8714,0.909828,35.1043,4.06642,19.5853,15.5189,1.31278,0.434057,0.873417,0.43936,0.368006
glissante 500 signaux,C2,26,cooldown,10,2020,101,669.323,0.0504664,6.62696,0.407405,36.6431,-33.8599,1.39159,35.2515,0.984756,-0.371346,0.306705,0.678051,0.0948548
glissante 500 signaux,C2,26,cooldown,10,2021,189,2975.22,0.237762,15.7419,0.227765,20.3863,10.5235,15.4549,4.9314,0.338325,0.10354,0.220932,0.117393,0.104028
glissante 500 signaux,C2,26,cooldown,10,2022,177,327.031,-0.021544,1.84763,-0.0471707,-46.3741,55.236,4.43094,-50.805,-0.976834,0.982099,0.00263262,-0.979466,-0.0482799
glissante 500 signaux,C2,26,cooldown,10,2023,184,2384.21,0.247936,12.9576,0.241847,25.0869,0.289326,12.6881,12.3988,0.826078,-0.36835,0.228864,0.597214,0.118107
glissante 500 signaux,C2,26,cooldown,10,2024,173,-1240.65,-0.152444,-7.17136,-0.206511,-2.67496,-13.1868,-7.93089,5.25594,-0.114039,-0.330224,-0.222131,0.108092,-0.0865356
glissante 500 signaux,C2,26,cooldown,10,2025,181,2872.73,0.303936,15.8714,0.732236,30.1043,-0.93358,14.5853,15.5189,1.13907,0.25188,0.695474,0.443594,0.27774
glissante 500 signaux,C2,26,réouverture,5,2020,101,1174.32,0.104846,11.627,0.527644,41.6431,-28.8599,6.39159,35.2515,1.11569,-0.265533,0.425078,0.690611,0.127515
glissante 500 signaux,C2,26,réouverture,5,2021,189,3920.22,0.360315,20.7419,0.296697,25.3863,15.5235,20.4549,4.9314,0.404264,0.175836,0.29005,0.114214,0.140555
glissante 500 signaux,C2,26,réouverture,5,2022,177,1212.03,0.0690137,6.84763,0.0771542,-41.3741,60.236,9.43094,-50.805,-0.849137,1.10269,0.126777,-0.975914,-0.000883857
glissante 500 signaux,C2,26,réouverture,5,2023,184,3304.21,0.368022,17.9576,0.450017,30.0869,5.28933,17.6881,12.3988,1.03267,-0.158535,0.437069,0.595603,0.202612
glissante 500 signaux,C2,26,réouverture,5,2024,173,-375.646,-0.0757902,-2.17136,-0.0676693,2.32504,-8.18683,-2.93089,5.25594,0.025014,-0.191665,-0.0833253,0.108339,-0.032912
glissante 500 signaux,C2,26,réouverture,5,2025,181,3777.73,0.427241,20.8714,0.909828,35.1043,4.06642,19.5853,15.5189,1.31278,0.434057,0.873417,0.43936,0.368006
glissante 500 signaux,C2,26,réouverture,10,2020,101,669.323,0.0504664,6.62696,0.407405,36.6431,-33.8599,1.39159,35.2515,0.984756,-0.371346,0.306705,0.678051,0.0948548
glissante 500 signaux,C2,26,réouverture,10,2021,189,2975.22,0.237762,15.7419,0.227765,20.3863,10.5235,15.4549,4.9314,0.338325,0.10354,0.220932,0.117393,0.104028
glissante 500 signaux,C2,26,réouverture,10,2022,177,327.031,-0.021544,1.84763,-0.0471707,-46.3741,55.236,4.43094,-50.805,-0.976834,0.982099,0.00263262,-0.979466,-0.0482799
glissante 500 signaux,C2,26,réouverture,10,2023,184,2384.21,0.247936,12.9576,0.241847,25.0869,0.289326,12.6881,12.3988,0.826078,-0.36835,0.228864,0.597214,0.118107
glissante 500 signaux,C2,26,réouverture,10,2024,173,-1240.65,-0.152444,-7.17136,-0.206511,-2.67496,-13.1868,-7.93089,5.25594,-0.114039,-0.330224,-0.222131,0.108092,-0.0865356
glissante 500 signaux,C2,26,réouverture,10,2025,181,2872.73,0.303936,15.8714,0.732236,30.1043,-0.93358,14.5853,15.5189,1.13907,0.25188,0.695474,0.443594,0.27774
glissante 500 signaux,RE-1,26,cooldown,5,2020,101,436.698,0.0299327,4.32374,0.432126,23.5495,-21.6086,0.970422,22.579,0.794777,-0.0570308,0.368873,0.425904,0.101627
glissante 500 signaux,RE-1,26,cooldown,5,2021,189,2837.99,0.23005,15.0158,0.167886,23.7391,5.21436,14.4767,9.26238,0.355452,-0.0428628,0.156295,0.199157,0.0736939
glissante 500 signaux,RE-1,26,cooldown,5,2022,177,1416.58,0.104602,8.00327,0.235909,-23.1182,42.4591,9.67049,-32.7886,-0.400167,0.940136,0.269985,-0.670152,0.0853271
glissante 500 signaux,RE-1,26,cooldown,5,2023,184,3176.39,0.354194,17.263,0.448468,29.608,4.36927,16.9886,12.6194,1.03379,-0.162873,0.435461,0.598334,0.213341
glissante 500 signaux,RE-1,26,cooldown,5,2024,173,2162.89,0.208793,12.5022,0.311826,9.35639,16.7109,13.0336,-3.67724,0.255444,0.387256,0.32135,-0.065906,0.138815
glissante 500 signaux,RE-1,26,cooldown,5,2025,181,2353.29,0.244655,13.0016,0.629528,16.938,8.35381,12.6459,4.29207,0.738886,0.500405,0.619646,0.119241,0.231713
glissante 500 signaux,RE-1,26,cooldown,10,2020,101,-68.3019,-0.0207922,-0.676257,0.311888,18.5495,-26.6086,-4.02958,22.579,0.663844,-0.162844,0.2505,0.413344,0.0697112
glissante 500 signaux,RE-1,26,cooldown,10,2021,189,1892.99,0.119181,10.0158,0.0989531,18.7391,0.214359,9.47674,9.26238,0.289513,-0.115159,0.087177,0.202336,0.0392935
glissante 500 signaux,RE-1,26,cooldown,10,2022,177,531.578,0.0110528,3.00327,0.111584,-28.1182,37.4591,4.67049,-32.7886,-0.527864,0.819544,0.14584,-0.673704,0.0338787
glissante 500 signaux,RE-1,26,cooldown,10,2023,184,2256.39,0.235318,12.263,0.240298,24.608,-0.630731,11.9886,12.6194,0.827201,-0.372689,0.227256,0.599945,0.128093
glissante 500 signaux,RE-1,26,cooldown,10,2024,173,1297.89,0.108694,7.50224,0.172985,4.35639,11.7109,8.03363,-3.67724,0.116391,0.248697,0.182544,-0.066153,0.0757379
glissante 500 signaux,RE-1,26,cooldown,10,2025,181,1448.29,0.13705,8.00158,0.451935,11.938,3.35381,7.64589,4.29207,0.565178,0.318228,0.441703,0.123475,0.150395
glissante 500 signaux,RE-1,26,réouverture,5,2020,103,543.198,0.040739,5.27377,0.440491,26.365,-23.0076,1.67868,24.6863,0.839519,-0.0945694,0.372475,0.467044,0.106339
glissante 500 signaux,RE-1,26,réouverture,5,2021,194,3878.93,0.340251,19.9945,0.176187,13.895,26.7569,20.326,-6.43094,0.253747,0.0901969,0.171972,0.0817753,0.0796442
glissante 500 signaux,RE-1,26,réouverture,5,2022,180,1767.88,0.142648,9.82153,0.2422,-23.1189,46.6373,11.7592,-34.8781,-0.396982,0.95658,0.279799,-0.676781,0.0902214
glissante 500 signaux,RE-1,26,réouverture,5,2023,189,3008.14,0.331485,15.9161,0.412142,28.1081,3.33086,15.7195,12.3886,0.986103,-0.180333,0.402885,0.583218,0.198377
glissante 500 signaux,RE-1,26,réouverture,5,2024,176,2480.65,0.247641,14.0946,0.377659,8.69133,21.7184,15.2049,-6.51354,0.236506,0.57682,0.406663,-0.170157,0.16848
glissante 500 signaux,RE-1,26,réouverture,5,2025,186,1759.47,0.172424,9.45953,0.395773,15.2551,2.72051,8.9878,6.26729,0.640956,0.110677,0.375816,0.265139,0.163431
glissante 500 signaux,RE-1,26,réouverture,10,2020,103,28.1979,-0.0115023,0.273766,0.320711,21.365,-28.0076,-3.32132,24.6863,0.709271,-0.200312,0.254479,0.454791,0.0737692
glissante 500 signaux,RE-1,26,réouverture,10,2021,194,2908.93,0.216446,14.9945,0.107121,8.89503,21.7569,15.326,-6.43094,0.187956,0.0174995,0.102728,0.0852281,0.0440834
glissante 500 signaux,RE-1,26,réouverture,10,2022,180,867.876,0.0443255,4.82153,0.118789,-28.1189,41.6373,6.75921,-34.8781,-0.52414,0.837357,0.156609,-0.680749,0.0379991
glissante 500 signaux,RE-1,26,réouverture,10,2023,189,2063.14,0.211558,10.9161,0.203604,23.1081,-1.66914,10.7195,12.3886,0.775653,-0.386898,0.194377,0.581276,0.112044
glissante 500 signaux,RE-1,26,réouverture,10,2024,176,1600.65,0.142627,9.09461,0.238266,3.69133,16.7184,10.2049,-6.51354,0.0976063,0.43673,0.267168,-0.169562,0.102531
glissante 500 signaux,RE-1,26,réouverture,10,2025,186,829.472,0.0683568,4.45953,0.218375,10.2551,-2.27949,3.9878,6.26729,0.470196,-0.0744392,0.197878,0.272317,0.0846836
glissante 500 signaux,RE-2,26,cooldown,5,2020,101,885.339,0.0760949,8.76574,0.493635,32.9149,-23.8075,4.55368,28.3612,0.933941,-0.100267,0.416837,0.517104,0.11869
glissante 500 signaux,RE-2,26,cooldown,5,2021,189,2528.42,0.194194,13.3779,0.142887,19.5395,6.45479,12.9971,6.54234,0.289956,-0.0223593,0.133798,0.156158,0.0612652
glissante 500 signaux,RE-2,26,cooldown,5,2022,177,1407.03,0.104004,7.94933,0.227956,-23.4485,42.7112,9.63135,-33.0798,-0.401953,0.925354,0.261701,-0.663654,0.0812171
glissante 500 signaux,RE-2,26,cooldown,5,2023,184,2739.57,0.29751,14.8889,0.40122,26.0926,3.18737,14.64,11.4526,0.983076,-0.206496,0.38829,0.594786,0.192091
glissante 500 signaux,RE-2,26,cooldown,5,2024,173,2370.49,0.235314,13.7023,0.331853,9.36266,19.508,14.4353,-5.07267,0.259719,0.428358,0.344038,-0.0843196,0.146973
glissante 500 signaux,RE-2,26,cooldown,5,2025,181,2464.42,0.259102,13.6156,0.6033,16.2602,10.4929,13.3766,2.88365,0.652,0.545799,0.598899,0.0531003,0.233065
glissante 500 signaux,RE-2,26,cooldown,10,2020,101,380.339,0.0231184,3.76574,0.373397,27.9149,-28.8075,-0.446325,28.3612,0.803009,-0.20608,0.298464,0.504545,0.0862823
glissante 500 signaux,RE-2,26,cooldown,10,2021,189,1583.42,0.0865418,8.37789,0.0739542,14.5395,1.45479,7.99712,6.54234,0.224017,-0.0946556,0.0646806,0.159336,0.0272609
glissante 500 signaux,RE-2,26,cooldown,10,2022,177,522.031,0.0105052,2.94933,0.103631,-28.4485,37.7112,4.63135,-33.0798,-0.529649,0.804762,0.137556,-0.667206,0.0299622
glissante 500 signaux,RE-2,26,cooldown,10,2023,184,1819.57,0.183585,9.88894,0.19305,21.0926,-1.81263,9.63997,11.4526,0.776482,-0.416312,0.180085,0.596397,0.10833
glissante 500 signaux,RE-2,26,cooldown,10,2024,173,1505.49,0.133032,8.70228,0.193012,4.36266,14.508,9.43533,-5.07267,0.120666,0.289799,0.205232,-0.0845666,0.0834469
glissante 500 signaux,RE-2,26,cooldown,10,2025,181,1559.42,0.150255,8.61557,0.425708,11.2602,5.49295,8.3766,2.88365,0.478291,0.363621,0.420956,0.0573348,0.151657
glissante 500 signaux,RE-2,26,réouverture,5,2020,103,972.663,0.0852829,9.44333,0.49698,35.5717,-25.5924,4.98963,30.582,0.976325,-0.145778,0.415273,0.561051,0.122364
glissante 500 signaux,RE-2,26,réouverture,5,2021,195,3773.62,0.327669,19.3519,0.172023,11.7364,27.8779,19.8072,-8.07073,0.228922,0.108321,0.168622,0.0603006,0.0780417
glissante 500 signaux,RE-2,26,réouverture,5,2022,182,1649.56,0.129714,9.0635,0.22617,-24.0803,46.8864,11.4031,-35.4833,-0.401079,0.941971,0.270446,-0.671525,0.0832999
glissante 500 signaux,RE-2,26,réouverture,5,2023,188,2628.08,0.283047,13.9792,0.382701,24.8045,2.68313,13.7438,11.0607,0.940038,-0.198868,0.370585,0.569453,0.183522
glissante 500 signaux,RE-2,26,réouverture,5,2024,176,2510.97,0.252585,14.2669,0.377408,8.8432,21.5708,15.207,-6.36378,0.246484,0.553719,0.400102,-0.153617,0.166396
glissante 500 signaux,RE-2,26,réouverture,5,2025,189,1956.9,0.196205,10.354,0.377919,15.671,4.12016,9.89559,5.77543,0.591656,0.127331,0.359494,0.232163,0.17367
glissante 500 signaux,RE-2,26,réouverture,10,2020,103,457.663,0.0308267,4.44333,0.3772,30.5717,-30.5924,-0.0103662,30.582,0.846077,-0.251521,0.297278,0.548799,0.0893242
glissante 500 signaux,RE-2,26,réouverture,10,2021,195,2798.62,0.204418,14.3519,0.102807,6.73645,22.8779,14.8072,-8.07073,0.162814,0.035624,0.0992191,0.0635952,0.0422777
glissante 500 signaux,RE-2,26,réouverture,10,2022,182,739.558,0.0314665,4.0635,0.102803,-29.0803,41.8864,6.40306,-35.4833,-0.528077,0.822749,0.147336,-0.675413,0.0307928
glissante 500 signaux,RE-2,26,réouverture,10,2023,188,1688.08,0.168046,8.97915,0.174794,19.8045,-2.31687,8.74382,11.0607,0.730041,-0.404594,0.162724,0.567317,0.0988055
glissante 500 signaux,RE-2,26,réouverture,10,2024,176,1630.97,0.147157,9.26688,0.238618,3.8432,16.5708,10.207,-6.36378,0.10739,0.41534,0.261365,-0.153975,0.100745
glissante 500 signaux,RE-2,26,réouverture,10,2025,189,1011.9,0.0884032,5.35395,0.197885,10.671,-0.879839,4.89559,5.77543,0.416182,-0.0580493,0.179066,0.237116,0.0926319
glissante 500 signaux,C1,48,cooldown,5,2020,56,957.108,0.0778116,17.0912,0.684116,62.5151,-43.4739,9.52057,52.9945,1.61747,-0.560357,0.528557,1.08891,0.0866873
glissante 500 signaux,C1,48,cooldown,5,2021,97,140.839,-0.0862571,1.45195,-0.493238,42.7054,-31.398,5.65368,37.0517,0.0641196,-0.937061,-0.436471,0.50059,-0.123633
glissante 500 signaux,C1,48,cooldown,5,2022,90,-2546.99,-0.248215,-28.2999,-0.115677,-97.8737,32.5772,-32.6482,-65.2255,-1.41574,1.02188,-0.196931,-1.21881,-0.0777852
glissante 500 signaux,C1,48,cooldown,5,2023,99,3311.67,0.370589,33.4513,1.53866,72.3104,-0.275585,36.0174,36.293,3.31551,-0.00350297,1.656,1.6595,0.305792
glissante 500 signaux,C1,48,cooldown,5,2024,87,1732.09,0.153119,19.909,0.18114,2.41302,37.0074,19.7102,-17.2972,-0.141599,0.496544,0.177472,-0.319071,0.0540829
glissante 500 signaux,C1,48,cooldown,5,2025,88,-401.834,-0.0527873,-4.56629,-0.187181,-7.18463,-1.42428,-4.30446,-2.88017,0.132745,-0.571092,-0.219173,0.351919,-0.0286262
glissante 500 signaux,C1,48,cooldown,10,2020,56,677.108,0.0480728,12.0912,0.566497,57.5151,-48.4739,4.52057,52.9945,1.48852,-0.662863,0.412827,1.07569,0.0696205
glissante 500 signaux,C1,48,cooldown,10,2021,97,-344.161,-0.129613,-3.54805,-0.561677,37.7054,-36.398,0.653685,37.0517,-0.0021508,-1.00723,-0.504688,0.502538,-0.138097
glissante 500 signaux,C1,48,cooldown,10,2022,90,-2996.99,-0.281417,-33.2999,-0.248871,-102.874,27.5772,-37.6482,-65.2255,-1.55109,0.890571,-0.33026,-1.22083,-0.100888
glissante 500 signaux,C1,48,cooldown,10,2023,99,2816.67,0.304576,28.4513,1.33921,67.3104,-5.27559,31.0174,36.293,3.11498,-0.202016,1.45648,1.6585,0.255577
glissante 500 signaux,C1,48,cooldown,10,2024,87,1297.09,0.104083,14.909,0.0359977,-2.58698,32.0074,14.7102,-17.2972,-0.287926,0.352559,0.0323168,-0.320242,0.0236477
glissante 500 signaux,C1,48,cooldown,10,2025,88,-841.834,-0.093602,-9.56629,-0.358971,-12.1846,-6.42428,-9.30446,-2.88017,-0.0286396,-0.755369,-0.392004,0.363365,-0.0596585
glissante 500 signaux,C1,48,réouverture,5,2020,56,957.108,0.0778116,17.0912,0.684116,62.5151,-43.4739,9.52057,52.9945,1.61747,-0.560357,0.528557,1.08891,0.0866873
glissante 500 signaux,C1,48,réouverture,5,2021,97,140.839,-0.0862571,1.45195,-0.493238,42.7054,-31.398,5.65368,37.0517,0.0641196,-0.937061,-0.436471,0.50059,-0.123633
glissante 500 signaux,C1,48,réouverture,5,2022,90,-2546.99,-0.248215,-28.2999,-0.115677,-97.8737,32.5772,-32.6482,-65.2255,-1.41574,1.02188,-0.196931,-1.21881,-0.0777852
glissante 500 signaux,C1,48,réouverture,5,2023,99,3311.67,0.370589,33.4513,1.53866,72.3104,-0.275585,36.0174,36.293,3.31551,-0.00350297,1.656,1.6595,0.305792
glissante 500 signaux,C1,48,réouverture,5,2024,87,1732.09,0.153119,19.909,0.18114,2.41302,37.0074,19.7102,-17.2972,-0.141599,0.496544,0.177472,-0.319071,0.0540829
glissante 500 signaux,C1,48,réouverture,5,2025,88,-401.834,-0.0527873,-4.56629,-0.187181,-7.18463,-1.42428,-4.30446,-2.88017,0.132745,-0.571092,-0.219173,0.351919,-0.0286262
glissante 500 signaux,C1,48,réouverture,10,2020,56,677.108,0.0480728,12.0912,0.566497,57.5151,-48.4739,4.52057,52.9945,1.48852,-0.662863,0.412827,1.07569,0.0696205
glissante 500 signaux,C1,48,réouverture,10,2021,97,-344.161,-0.129613,-3.54805,-0.561677,37.7054,-36.398,0.653685,37.0517,-0.0021508,-1.00723,-0.504688,0.502538,-0.138097
glissante 500 signaux,C1,48,réouverture,10,2022,90,-2996.99,-0.281417,-33.2999,-0.248871,-102.874,27.5772,-37.6482,-65.2255,-1.55109,0.890571,-0.33026,-1.22083,-0.100888
glissante 500 signaux,C1,48,réouverture,10,2023,99,2816.67,0.304576,28.4513,1.33921,67.3104,-5.27559,31.0174,36.293,3.11498,-0.202016,1.45648,1.6585,0.255577
glissante 500 signaux,C1,48,réouverture,10,2024,87,1297.09,0.104083,14.909,0.0359977,-2.58698,32.0074,14.7102,-17.2972,-0.287926,0.352559,0.0323168,-0.320242,0.0236477
glissante 500 signaux,C1,48,réouverture,10,2025,88,-841.834,-0.093602,-9.56629,-0.358971,-12.1846,-6.42428,-9.30446,-2.88017,-0.0286396,-0.755369,-0.392004,0.363365,-0.0596585
glissante 500 signaux,C2,48,cooldown,5,2020,85,138.875,-0.0136841,1.63382,0.233439,63.8658,-65.1517,-0.642961,64.5087,1.49084,-1.11596,0.187437,1.3034,0.03575
glissante 500 signaux,C2,48,cooldown,5,2021,152,-81.8634,-0.110056,-0.538575,-0.0715301,13.2561,-16.698,-1.72097,14.9771,0.185699,-0.372855,-0.0935783,0.279277,-0.0373069
glissante 500 signaux,C2,48,cooldown,5,2022,139,-4129.53,-0.389408,-29.7088,-0.715616,-122.655,70.1737,-26.2407,-96.4144,-2.46908,1.1687,-0.650189,-1.81889,-0.25453
glissante 500 signaux,C2,48,cooldown,5,2023,145,2512.55,0.254066,17.328,0.672997,36.4529,-1.02167,17.7156,18.7373,2.09303,-0.68947,0.701781,1.39125,0.151199
glissante 500 signaux,C2,48,cooldown,5,2024,143,-418.446,-0.0885143,-2.9262,-0.0978003,-11.2873,8.64003,-1.32365,-9.96368,-0.39338,0.311085,-0.0411475,-0.352233,-0.0445632
glissante 500 signaux,C2,48,cooldown,5,2025,142,1802.38,0.163742,12.6928,0.62706,18.2071,4.93548,11.5713,6.63582,0.877447,0.27482,0.576133,0.301314,0.183062
glissante 500 signaux,C2,48,cooldown,10,2020,85,-286.125,-0.0547536,-3.36618,0.111768,58.8658,-70.1517,-5.64296,64.5087,1.35972,-1.22749,0.0661116,1.2936,0.0101672
glissante 500 signaux,C2,48,cooldown,10,2021,152,-841.863,-0.175295,-5.53857,-0.140682,8.25608,-21.698,-6.72097,14.9771,0.120144,-0.44622,-0.163038,0.283182,-0.0622926
glissante 500 signaux,C2,48,cooldown,10,2022,139,-4824.53,-0.430576,-34.7088,-0.838002,-127.655,65.1737,-31.2407,-96.4144,-2.59514,1.05027,-0.772437,-1.82271,-0.282136
glissante 500 signaux,C2,48,cooldown,10,2023,145,1787.55,0.16646,12.328,0.464446,31.4529,-6.02167,12.7156,18.7373,1.89306,-0.906251,0.493405,1.39966,0.0866804
glissante 500 signaux,C2,48,cooldown,10,2024,143,-1133.45,-0.151487,-7.9262,-0.235061,-16.2873,3.64003,-6.32365,-9.96368,-0.533281,0.177477,-0.177902,-0.355379,-0.0877841
glissante 500 signaux,C2,48,cooldown,10,2025,142,1092.38,0.0840287,7.69285,0.461358,13.2071,-0.0645164,6.5713,6.63582,0.717598,0.100885,0.409241,0.308357,0.122847
glissante 500 signaux,C2,48,réouverture,5,2020,85,138.875,-0.0136841,1.63382,0.233439,63.8658,-65.1517,-0.642961,64.5087,1.49084,-1.11596,0.187437,1.3034,0.03575
glissante 500 signaux,C2,48,réouverture,5,2021,152,-81.8634,-0.110056,-0.538575,-0.0715301,13.2561,-16.698,-1.72097,14.9771,0.185699,-0.372855,-0.0935783,0.279277,-0.0373069
glissante 500 signaux,C2,48,réouverture,5,2022,139,-4129.53,-0.389408,-29.7088,-0.715616,-122.655,70.1737,-26.2407,-96.4144,-2.46908,1.1687,-0.650189,-1.81889,-0.25453
glissante 500 signaux,C2,48,réouverture,5,2023,145,2512.55,0.254066,17.328,0.672997,36.4529,-1.02167,17.7156,18.7373,2.09303,-0.68947,0.701781,1.39125,0.151199
glissante 500 signaux,C2,48,réouverture,5,2024,143,-418.446,-0.0885143,-2.9262,-0.0978003,-11.2873,8.64003,-1.32365,-9.96368,-0.39338,0.311085,-0.0411475,-0.352233,-0.0445632
glissante 500 signaux,C2,48,réouverture,5,2025,142,1802.38,0.163742,12.6928,0.62706,18.2071,4.93548,11.5713,6.63582,0.877447,0.27482,0.576133,0.301314,0.183062
glissante 500 signaux,C2,48,réouverture,10,2020,85,-286.125,-0.0547536,-3.36618,0.111768,58.8658,-70.1517,-5.64296,64.5087,1.35972,-1.22749,0.0661116,1.2936,0.0101672
glissante 500 signaux,C2,48,réouverture,10,2021,152,-841.863,-0.175295,-5.53857,-0.140682,8.25608,-21.698,-6.72097,14.9771,0.120144,-0.44622,-0.163038,0.283182,-0.0622926
glissante 500 signaux,C2,48,réouverture,10,2022,139,-4824.53,-0.430576,-34.7088,-0.838002,-127.655,65.1737,-31.2407,-96.4144,-2.59514,1.05027,-0.772437,-1.82271,-0.282136
glissante 500 signaux,C2,48,réouverture,10,2023,145,1787.55,0.16646,12.328,0.464446,31.4529,-6.02167,12.7156,18.7373,1.89306,-0.906251,0.493405,1.39966,0.0866804
glissante 500 signaux,C2,48,réouverture,10,2024,143,-1133.45,-0.151487,-7.9262,-0.235061,-16.2873,3.64003,-6.32365,-9.96368,-0.533281,0.177477,-0.177902,-0.355379,-0.0877841
glissante 500 signaux,C2,48,réouverture,10,2025,142,1092.38,0.0840287,7.69285,0.461358,13.2071,-0.0645164,6.5713,6.63582,0.717598,0.100885,0.409241,0.308357,0.122847
glissante 500 signaux,RE-1,48,cooldown,5,2020,85,17.423,-0.0202895,0.204977,0.21549,36.1964,-38.42,-1.11178,37.3082,0.897816,-0.516761,0.190527,0.707288,0.034443
glissante 500 signaux,RE-1,48,cooldown,5,2021,152,-3574.83,-0.358571,-23.5186,-0.363432,-7.76723,-41.9702,-24.8687,17.1015,-0.0208781,-0.76471,-0.392794,0.371916,-0.137352
glissante 500 signaux,RE-1,48,cooldown,5,2022,139,-2482.26,-0.256631,-17.858,-0.191533,-68.2459,36.2903,-15.9778,-52.2681,-0.95546,0.629403,-0.163028,-0.792431,-0.110573
glissante 500 signaux,RE-1,48,cooldown,5,2023,145,2470.38,0.258323,17.0371,0.8279,33.2936,1.43969,17.3666,15.927,1.95163,-0.250275,0.850679,1.10095,0.18841
glissante 500 signaux,RE-1,48,cooldown,5,2024,143,2459.44,0.2351,17.1989,0.352143,2.97988,36.8685,19.9242,-16.9443,-0.0872072,0.959912,0.436352,-0.523559,0.125934
glissante 500 signaux,RE-1,48,cooldown,5,2025,142,1331.79,0.120058,9.3788,0.406533,16.2894,-0.342884,7.97326,8.31614,0.70488,-0.0131758,0.345852,0.359028,0.116827
glissante 500 signaux,RE-1,48,cooldown,10,2020,85,-407.577,-0.0610846,-4.79502,0.0938191,31.1964,-43.42,-6.11178,37.3082,0.766693,-0.628289,0.0692018,0.697491,0.00889293
glissante 500 signaux,RE-1,48,cooldown,10,2021,152,-4334.83,-0.405683,-28.5186,-0.432584,-12.7672,-46.9702,-29.8687,17.1015,-0.0864333,-0.838074,-0.462254,0.37582,-0.159756
glissante 500 signaux,RE-1,48,cooldown,10,2022,139,-3177.26,-0.306672,-22.858,-0.313919,-73.2459,31.2903,-20.9778,-52.2681,-1.08153,0.510973,-0.285277,-0.796249,-0.143445
glissante 500 signaux,RE-1,48,cooldown,10,2023,145,1745.38,0.170426,12.0371,0.61935,28.2936,-3.56031,12.3666,15.927,1.75166,-0.467056,0.642302,1.10936,0.121833
glissante 500 signaux,RE-1,48,cooldown,10,2024,143,1744.44,0.149955,12.1989,0.214883,-2.02012,31.8685,14.9242,-16.9443,-0.227108,0.826303,0.299597,-0.526706,0.0750607
glissante 500 signaux,RE-1,48,cooldown,10,2025,142,621.79,0.0433222,4.3788,0.240831,11.2894,-5.34288,2.97326,8.31614,0.545031,-0.187111,0.17896,0.366071,0.0599617
glissante 500 signaux,RE-1,48,réouverture,5,2020,90,997.876,0.0790518,11.0875,0.461715,51.7899,-37.5568,7.11655,44.6733,1.26043,-0.492842,0.383792,0.876634,0.0952458
glissante 500 signaux,RE-1,48,réouverture,5,2021,165,-5147.31,-0.470801,-31.1958,-0.548031,-40.4464,-19.8201,-30.1333,-10.3131,-0.559247,-0.534237,-0.546742,-0.0125052,-0.213991
glissante 500 signaux,RE-1,48,réouverture,5,2022,149,-2102.87,-0.229428,-14.1132,-0.109556,-68.3898,42.3939,-12.998,-55.3919,-0.999546,0.817009,-0.0912683,-0.908277,-0.0910366
glissante 500 signaux,RE-1,48,réouverture,5,2023,158,2570.63,0.269293,16.2698,0.810765,32.9674,0.794025,16.8807,16.0867,1.80178,-0.107736,0.847022,0.954758,0.203452
glissante 500 signaux,RE-1,48,réouverture,5,2024,156,3321.52,0.336877,21.2918,0.542264,9.72139,38.3719,24.0467,-14.3253,0.322044,0.867351,0.594697,-0.272654,0.215404
glissante 500 signaux,RE-1,48,réouverture,5,2025,153,678.903,0.0468093,4.43727,0.276919,13.6508,-6.77923,3.4358,10.215,0.670201,-0.20186,0.234171,0.436031,0.0882922
glissante 500 signaux,RE-1,48,réouverture,10,2020,90,547.876,0.0315865,6.08751,0.339517,46.7899,-42.5568,2.11655,44.6733,1.12908,-0.604109,0.262486,0.866596,0.0665575
glissante 500 signaux,RE-1,48,réouverture,10,2021,165,-5972.31,-0.512903,-36.1958,-0.616577,-45.4464,-24.8201,-35.1333,-10.3131,-0.623881,-0.607594,-0.615738,-0.00814382,-0.235949
glissante 500 signaux,RE-1,48,réouverture,10,2022,149,-2847.87,-0.284874,-19.1132,-0.231029,-73.3898,37.3939,-17.998,-55.3919,-1.12432,0.698975,-0.212674,-0.911649,-0.126962
glissante 500 signaux,RE-1,48,réouverture,10,2023,158,1780.63,0.172983,11.2698,0.596982,27.9674,-4.20597,11.8807,16.0867,1.59121,-0.324496,0.633356,0.957853,0.130226
glissante 500 signaux,RE-1,48,réouverture,10,2024,156,2541.52,0.236694,16.2918,0.403673,4.72139,33.3719,19.0467,-14.3253,0.182223,0.730575,0.456399,-0.274176,0.155081
glissante 500 signaux,RE-1,48,réouverture,10,2025,153,-86.0971,-0.0302921,-0.562726,0.107171,8.65083,-11.7792,-1.5642,10.215,0.509984,-0.383209,0.0633874,0.446597,0.0286219
glissante 500 signaux,RE-2,48,cooldown,5,2020,85,423.278,0.019189,4.97974,0.277204,47.5077,-40.66,3.42384,44.0838,1.0621,-0.565121,0.248488,0.813609,0.0477203
glissante 500 signaux,RE-2,48,cooldown,5,2021,152,-3261.99,-0.337178,-21.4605,-0.343306,-6.05635,-39.5053,-22.7808,16.7245,-0.00851208,-0.735492,-0.372002,0.36349,-0.130619
glissante 500 signaux,RE-2,48,cooldown,5,2022,139,-2226.03,-0.237027,-16.0146,-0.151088,-64.7672,36.3762,-14.1955,-50.5717,-0.875312,0.627183,-0.124064,-0.751247,-0.0992241
glissante 500 signaux,RE-2,48,cooldown,5,2023,145,1510.93,0.146068,10.4202,0.69743,21.9335,-0.626273,10.6536,11.2799,1.77491,-0.336372,0.71927,1.05564,0.134544
glissante 500 signaux,RE-2,48,cooldown,5,2024,143,2820.17,0.282133,19.7215,0.372233,4.04309,41.41,22.7265,-18.6834,-0.083699,1.00294,0.45962,-0.543319,0.134805
glissante 500 signaux,RE-2,48,cooldown,5,2025,142,1408.24,0.129066,9.91722,0.404019,14.9336,2.86028,8.89694,6.03666,0.654088,0.0522255,0.353157,0.300931,0.117075
glissante 500 signaux,RE-2,48,cooldown,10,2020,85,-1.722,-0.0232312,-0.0202589,0.155532,42.5077,-45.66,-1.57616,44.0838,0.930974,-0.676649,0.127163,0.803812,0.0218435
glissante 500 signaux,RE-2,48,cooldown,10,2021,152,-4021.99,-0.38585,-26.4605,-0.412457,-11.0564,-44.5053,-27.7808,16.7245,-0.0740673,-0.808856,-0.441462,0.367395,-0.153198
glissante 500 signaux,RE-2,48,cooldown,10,2022,139,-2921.03,-0.288379,-21.0146,-0.273474,-69.7672,31.3762,-19.1955,-50.5717,-1.00138,0.508752,-0.246313,-0.755065,-0.132512
glissante 500 signaux,RE-2,48,cooldown,10,2023,145,785.932,0.0659637,5.42022,0.488879,16.9335,-5.62627,5.6536,11.2799,1.57494,-0.553152,0.510894,1.06405,0.0709682
glissante 500 signaux,RE-2,48,cooldown,10,2024,143,2105.17,0.193768,14.7215,0.234972,-0.956914,36.41,17.7265,-18.6834,-0.2236,0.86933,0.322865,-0.546465,0.0835313
glissante 500 signaux,RE-2,48,cooldown,10,2025,142,698.245,0.0517175,4.91722,0.238317,9.9336,-2.13972,3.89694,6.03666,0.49424,-0.12171,0.186265,0.307975,0.0601955
glissante 500 signaux,RE-2,48,réouverture,5,2020,89,911.227,0.0695805,10.2385,0.439554,53.9063,-40.8847,6.51077,47.3955,1.29751,-0.56488,0.366314,0.931194,0.0883457
glissante 500 signaux,RE-2,48,réouverture,5,2021,165,-5276.18,-0.476539,-31.9768,-0.56918,-43.8328,-17.3972,-30.615,-13.2178,-0.620757,-0.505754,-0.563255,-0.0575014,-0.220673
glissante 500 signaux,RE-2,48,réouverture,5,2022,151,-1948.6,-0.217251,-12.9047,-0.0833201,-64.9089,42.6616,-11.1237,-53.7852,-0.926537,0.817651,-0.0544428,-0.872094,-0.0837887
glissante 500 signaux,RE-2,48,réouverture,5,2023,158,1953.3,0.196091,12.3627,0.758024,27.2045,-1.3932,12.9056,14.2988,1.77563,-0.185119,0.795253,0.980372,0.179635
glissante 500 signaux,RE-2,48,réouverture,5,2024,158,3335.59,0.340489,21.1113,0.517878,8.56272,39.0655,23.8141,-15.2514,0.276448,0.863309,0.569879,-0.29343,0.204538
glissante 500 signaux,RE-2,48,réouverture,5,2025,155,723.107,0.0518241,4.66521,0.267281,11.8525,-4.06224,3.89514,7.95738,0.598607,-0.135044,0.231782,0.366825,0.0855136
glissante 500 signaux,RE-2,48,réouverture,10,2020,89,466.227,0.0230389,5.23851,0.316824,48.9063,-45.8847,1.51077,47.3955,1.16499,-0.676148,0.24442,0.920568,0.0600338
glissante 500 signaux,RE-2,48,réouverture,10,2021,165,-6101.18,-0.518187,-36.9768,-0.637726,-48.8328,-22.3972,-35.615,-13.2178,-0.685391,-0.579111,-0.632251,-0.0531401,-0.242446
glissante 500 signaux,RE-2,48,réouverture,10,2022,151,-2703.6,-0.274294,-17.9047,-0.204494,-69.9089,37.6616,-16.1237,-53.7852,-1.05065,0.699617,-0.175516,-0.875133,-0.120433
glissante 500 signaux,RE-2,48,réouverture,10,2023,158,1163.3,0.105304,7.36265,0.544516,22.2045,-6.3932,7.90565,14.2988,1.56563,-0.401879,0.581873,0.983752,0.107852
glissante 500 signaux,RE-2,48,réouverture,10,2024,158,2545.59,0.238798,16.1113,0.379668,3.56272,34.0655,18.8141,-15.2514,0.135926,0.728405,0.432166,-0.29624,0.144014
glissante 500 signaux,RE-2,48,réouverture,10,2025,155,-51.8927,-0.0266183,-0.334792,0.096691,6.85252,-9.06224,-1.10486,7.95738,0.438099,-0.317875,0.0601116,0.377987,0.025006
expansive,C1,13,cooldown,5,2020,69,310.76,0.0269271,4.50377,0.282231,16.3244,-10.8631,2.73067,13.5937,0.54592,-0.0605653,0.242677,0.303243,0.0452587
expansive,C1,13,cooldown,5,2021,121,413.311,0.00572835,3.41579,-0.0275705,12.3845,-3.81269,4.28588,8.09857,0.135377,-0.158902,-0.0117621,0.147139,-0.012071
expansive,C1,13,cooldown,5,2022,103,-604.399,-0.0694271,-5.86795,-0.0153222,-38.4818,23.7261,-7.37785,-31.104,-0.427158,0.358381,-0.0343887,-0.392769,-0.0116408
expansive,C1,13,cooldown,5,2023,117,-114.484,-0.0164175,-0.978499,-0.0337707,2.2171,-3.91217,-0.847532,3.06464,-0.0855366,0.0137521,-0.0358923,-0.0496444,-0.0158645
expansive,C1,13,cooldown,5,2024,100,-668.107,-0.073206,-6.68107,-0.482233,-2.93128,-10.0064,-6.46882,3.53754,-0.403729,-0.551849,-0.477789,0.0740601,-0.102385
expansive,C1,13,cooldown,5,2025,95,506.205,0.0482075,5.32848,0.054256,6.64962,3.66132,5.15547,1.49415,-0.0084489,0.133384,0.0624673,-0.0709162,0.00844603
expansive,C1,13,cooldown,10,2020,69,-34.2399,-0.00789529,-0.496231,0.162203,11.3244,-15.8631,-2.26933,13.5937,0.41359,-0.1646,0.124495,0.289095,0.0245891
expansive,C1,13,cooldown,10,2021,121,-191.689,-0.0533429,-1.58421,-0.0968813,7.38446,-8.81269,-0.714116,8.09857,0.0671675,-0.2291,-0.0809661,0.148134,-0.0325777
expansive,C1,13,cooldown,10,2022,103,-1119.4,-0.116187,-10.868,-0.136101,-43.4818,18.7261,-12.3779,-31.104,-0.546042,0.235882,-0.15508,-0.390962,-0.0392185
expansive,C1,13,cooldown,10,2023,117,-699.484,-0.07233,-5.9785,-0.231951,-2.7829,-8.91217,-5.84753,3.06464,-0.283088,-0.185006,-0.234047,-0.0490414,-0.0603742
expansive,C1,13,cooldown,10,2024,100,-1168.11,-0.118455,-11.6811,-0.634793,-7.93128,-15.0064,-11.4688,3.53754,-0.552009,-0.708205,-0.630107,0.0780979,-0.133156
expansive,C1,13,cooldown,10,2025,95,31.2052,-0.000408433,0.328476,-0.13125,1.64962,-1.33868,0.155469,1.49415,-0.180523,-0.0690734,-0.124798,-0.0557247,-0.0276801
expansive,C1,13,réouverture,5,2020,69,310.76,0.0269271,4.50377,0.282231,16.3244,-10.8631,2.73067,13.5937,0.54592,-0.0605653,0.242677,0.303243,0.0452587
expansive,C1,13,réouverture,5,2021,121,413.311,0.00572835,3.41579,-0.0275705,12.3845,-3.81269,4.28588,8.09857,0.135377,-0.158902,-0.0117621,0.147139,-0.012071
expansive,C1,13,réouverture,5,2022,103,-604.399,-0.0694271,-5.86795,-0.0153222,-38.4818,23.7261,-7.37785,-31.104,-0.427158,0.358381,-0.0343887,-0.392769,-0.0116408
expansive,C1,13,réouverture,5,2023,117,-114.484,-0.0164175,-0.978499,-0.0337707,2.2171,-3.91217,-0.847532,3.06464,-0.0855366,0.0137521,-0.0358923,-0.0496444,-0.0158645
expansive,C1,13,réouverture,5,2024,100,-668.107,-0.073206,-6.68107,-0.482233,-2.93128,-10.0064,-6.46882,3.53754,-0.403729,-0.551849,-0.477789,0.0740601,-0.102385
expansive,C1,13,réouverture,5,2025,95,506.205,0.0482075,5.32848,0.054256,6.64962,3.66132,5.15547,1.49415,-0.0084489,0.133384,0.0624673,-0.0709162,0.00844603
expansive,C1,13,réouverture,10,2020,69,-34.2399,-0.00789529,-0.496231,0.162203,11.3244,-15.8631,-2.26933,13.5937,0.41359,-0.1646,0.124495,0.289095,0.0245891
expansive,C1,13,réouverture,10,2021,121,-191.689,-0.0533429,-1.58421,-0.0968813,7.38446,-8.81269,-0.714116,8.09857,0.0671675,-0.2291,-0.0809661,0.148134,-0.0325777
expansive,C1,13,réouverture,10,2022,103,-1119.4,-0.116187,-10.868,-0.136101,-43.4818,18.7261,-12.3779,-31.104,-0.546042,0.235882,-0.15508,-0.390962,-0.0392185
expansive,C1,13,réouverture,10,2023,117,-699.484,-0.07233,-5.9785,-0.231951,-2.7829,-8.91217,-5.84753,3.06464,-0.283088,-0.185006,-0.234047,-0.0490414,-0.0603742
expansive,C1,13,réouverture,10,2024,100,-1168.11,-0.118455,-11.6811,-0.634793,-7.93128,-15.0064,-11.4688,3.53754,-0.552009,-0.708205,-0.630107,0.0780979,-0.133156
expansive,C1,13,réouverture,10,2025,95,31.2052,-0.000408433,0.328476,-0.13125,1.64962,-1.33868,0.155469,1.49415,-0.180523,-0.0690734,-0.124798,-0.0557247,-0.0276801
expansive,C2,13,cooldown,5,2020,116,504.021,0.0422852,4.34501,0.229737,17.7076,-14.5854,1.56113,16.1465,0.484086,-0.130592,0.176747,0.307339,0.0612705
expansive,C2,13,cooldown,5,2021,213,-442.315,-0.0979677,-2.0766,-0.083171,-1.84041,-2.32884,-2.08462,0.244216,0.00752796,-0.180034,-0.086253,0.093781,-0.0493234
expansive,C2,13,cooldown,5,2022,188,-2679,-0.250383,-14.25,-0.242627,-36.6111,8.59198,-14.0096,-22.6015,-0.603911,0.126427,-0.238742,-0.365169,-0.11018
expansive,C2,13,cooldown,5,2023,215,1477.79,0.145735,6.87343,0.142409,8.17623,5.53377,6.855,1.32123,0.0533865,0.233951,0.143669,-0.0902822,0.0532417
expansive,C2,13,cooldown,5,2024,191,-2883.2,-0.269019,-15.0953,-0.468913,-10.8851,-20.4584,-15.6717,4.78665,-0.449657,-0.49344,-0.471549,0.0218913,-0.194894
expansive,C2,13,cooldown,5,2025,191,2344.86,0.252182,12.2768,0.430101,5.50408,20.9039,13.204,-7.69991,0.198445,0.725187,0.461816,-0.263371,0.167403
expansive,C2,13,cooldown,10,2020,116,-75.9794,-0.0164459,-0.654994,0.106286,12.7076,-19.5854,-3.43887,16.1465,0.353705,-0.244224,0.0547406,0.298965,0.025295
expansive,C2,13,cooldown,10,2021,213,-1507.32,-0.189183,-7.0766,-0.152261,-6.84041,-7.32884,-7.08462,0.244216,-0.0579915,-0.252938,-0.155465,0.0974733,-0.0836823
expansive,C2,13,cooldown,10,2022,188,-3619,-0.317758,-19.25,-0.362049,-41.6111,3.59198,-19.0096,-22.6015,-0.726657,0.0104008,-0.358128,-0.368529,-0.154577
expansive,C2,13,cooldown,10,2023,215,402.788,0.0289939,1.87343,-0.0670825,3.17623,0.533767,1.855,1.32123,-0.161893,0.0304113,-0.0657408,-0.0961521,-0.032684
expansive,C2,13,cooldown,10,2024,191,-3838.2,-0.335726,-20.0953,-0.610675,-15.8851,-25.4584,-20.6717,4.78665,-0.589438,-0.637726,-0.613582,0.0241436,-0.244541
expansive,C2,13,cooldown,10,2025,191,1389.86,0.138226,7.27677,0.249948,0.504077,15.9039,8.20398,-7.69991,0.0275628,0.533224,0.280393,-0.252831,0.085781
expansive,C2,13,réouverture,5,2020,116,504.021,0.0422852,4.34501,0.229737,17.7076,-14.5854,1.56113,16.1465,0.484086,-0.130592,0.176747,0.307339,0.0612705
expansive,C2,13,réouverture,5,2021,213,-442.315,-0.0979677,-2.0766,-0.083171,-1.84041,-2.32884,-2.08462,0.244216,0.00752796,-0.180034,-0.086253,0.093781,-0.0493234
expansive,C2,13,réouverture,5,2022,188,-2679,-0.250383,-14.25,-0.242627,-36.6111,8.59198,-14.0096,-22.6015,-0.603911,0.126427,-0.238742,-0.365169,-0.11018
expansive,C2,13,réouverture,5,2023,215,1477.79,0.145735,6.87343,0.142409,8.17623,5.53377,6.855,1.32123,0.0533865,0.233951,0.143669,-0.0902822,0.0532417
expansive,C2,13,réouverture,5,2024,191,-2883.2,-0.269019,-15.0953,-0.468913,-10.8851,-20.4584,-15.6717,4.78665,-0.449657,-0.49344,-0.471549,0.0218913,-0.194894
expansive,C2,13,réouverture,5,2025,191,2344.86,0.252182,12.2768,0.430101,5.50408,20.9039,13.204,-7.69991,0.198445,0.725187,0.461816,-0.263371,0.167403
expansive,C2,13,réouverture,10,2020,116,-75.9794,-0.0164459,-0.654994,0.106286,12.7076,-19.5854,-3.43887,16.1465,0.353705,-0.244224,0.0547406,0.298965,0.025295
expansive,C2,13,réouverture,10,2021,213,-1507.32,-0.189183,-7.0766,-0.152261,-6.84041,-7.32884,-7.08462,0.244216,-0.0579915,-0.252938,-0.155465,0.0974733,-0.0836823
expansive,C2,13,réouverture,10,2022,188,-3619,-0.317758,-19.25,-0.362049,-41.6111,3.59198,-19.0096,-22.6015,-0.726657,0.0104008,-0.358128,-0.368529,-0.154577
expansive,C2,13,réouverture,10,2023,215,402.788,0.0289939,1.87343,-0.0670825,3.17623,0.533767,1.855,1.32123,-0.161893,0.0304113,-0.0657408,-0.0961521,-0.032684
expansive,C2,13,réouverture,10,2024,191,-3838.2,-0.335726,-20.0953,-0.610675,-15.8851,-25.4584,-20.6717,4.78665,-0.589438,-0.637726,-0.613582,0.0241436,-0.244541
expansive,C2,13,réouverture,10,2025,191,1389.86,0.138226,7.27677,0.249948,0.504077,15.9039,8.20398,-7.69991,0.0275628,0.533224,0.280393,-0.252831,0.085781
expansive,RE-1,13,cooldown,5,2020,116,501.438,0.0433986,4.32274,0.243998,16.4402,-12.8436,1.79828,14.6419,0.497294,-0.114838,0.191228,0.306066,0.0670663
expansive,RE-1,13,cooldown,5,2021,213,367.81,-0.0150056,1.72681,-0.0523138,3.05438,0.309011,1.68169,1.37268,0.0438346,-0.154997,-0.055581,0.0994156,-0.0330101
expansive,RE-1,13,cooldown,5,2022,188,-2530.59,-0.237844,-13.4606,-0.164536,-33.9772,7.49717,-13.24,-20.7372,-0.473256,0.150823,-0.161216,-0.312039,-0.081251
expansive,RE-1,13,cooldown,5,2023,215,1672.33,0.169822,7.77827,0.134367,10.4539,5.02688,7.74041,2.71353,0.0783159,0.192005,0.13516,-0.0568445,0.0709541
expansive,RE-1,13,cooldown,5,2024,191,-1099.1,-0.120414,-5.75443,-0.273252,0.366391,-13.5512,-6.5924,6.95879,-0.222824,-0.337487,-0.280156,0.0573318,-0.114125
expansive,RE-1,13,cooldown,5,2025,191,1905.26,0.19996,9.9752,0.346111,4.83127,16.5276,10.6794,-5.84816,0.159695,0.58357,0.371633,-0.211938,0.129816
expansive,RE-1,13,cooldown,10,2020,116,-78.5618,-0.0153941,-0.677257,0.120547,11.4402,-17.8436,-3.20172,14.6419,0.366913,-0.22847,0.0692214,0.297692,0.030896
expansive,RE-1,13,cooldown,10,2021,213,-697.19,-0.114568,-3.27319,-0.121404,-1.94562,-4.69099,-3.31831,1.37268,-0.0216848,-0.227901,-0.124793,0.103108,-0.0679563
expansive,RE-1,13,cooldown,10,2022,188,-3470.59,-0.30634,-18.4606,-0.283958,-38.9772,2.49717,-18.24,-20.7372,-0.596001,0.0347966,-0.280602,-0.315399,-0.127077
expansive,RE-1,13,cooldown,10,2023,215,597.329,0.0506384,2.77827,-0.0751243,5.45394,0.0268786,2.74041,2.71353,-0.136964,-0.0115348,-0.0742492,-0.0627144,-0.0164104
expansive,RE-1,13,cooldown,10,2024,191,-2054.1,-0.200606,-10.7544,-0.415014,-4.63361,-18.5512,-11.5924,6.95879,-0.362605,-0.481773,-0.422189,0.0595841,-0.168728
expansive,RE-1,13,cooldown,10,2025,191,950.263,0.090735,4.9752,0.165958,-0.168732,11.5276,5.67943,-5.84816,-0.0111874,0.391607,0.19021,-0.201397,0.050809
expansive,RE-1,13,réouverture,5,2020,117,651.159,0.0590204,5.56546,0.265086,18.3718,-12.8436,2.76408,15.6077,0.52938,-0.114838,0.207271,0.322109,0.074299
expansive,RE-1,13,réouverture,5,2021,213,367.81,-0.0150056,1.72681,-0.0523138,3.05438,0.309011,1.68169,1.37268,0.0438346,-0.154997,-0.055581,0.0994156,-0.0330101
expansive,RE-1,13,réouverture,5,2022,189,-2679.46,-0.24919,-14.177,-0.178351,-35.1739,7.49717,-13.8384,-21.3355,-0.497238,0.150823,-0.173207,-0.32403,-0.0876261
expansive,RE-1,13,réouverture,5,2023,215,1672.33,0.169822,7.77827,0.134367,10.4539,5.02688,7.74041,2.71353,0.0783159,0.192005,0.13516,-0.0568445,0.0709541
expansive,RE-1,13,réouverture,5,2024,191,-1099.1,-0.120414,-5.75443,-0.273252,0.366391,-13.5512,-6.5924,6.95879,-0.222824,-0.337487,-0.280156,0.0573318,-0.114125
expansive,RE-1,13,réouverture,5,2025,194,1742.88,0.180575,8.98392,0.289936,4.25316,14.9249,9.58902,-5.33587,0.135535,0.483834,0.309685,-0.174149,0.112764
expansive,RE-1,13,réouverture,10,2020,117,66.1587,-0.00114484,0.565459,0.141916,13.3718,-17.8436,-2.23592,15.6077,0.399576,-0.22847,0.085553,0.314023,0.0376501
expansive,RE-1,13,réouverture,10,2021,213,-697.19,-0.114568,-3.27319,-0.121404,-1.94562,-4.69099,-3.31831,1.37268,-0.0216848,-0.227901,-0.124793,0.103108,-0.0679563
expansive,RE-1,13,réouverture,10,2022,189,-3624.46,-0.317013,-19.177,-0.297634,-40.1739,2.49717,-18.8384,-21.3355,-0.619676,0.0347966,-0.29244,-0.327236,-0.133338
expansive,RE-1,13,réouverture,10,2023,215,597.329,0.0506384,2.77827,-0.0751243,5.45394,0.0268786,2.74041,2.71353,-0.136964,-0.0115348,-0.0742492,-0.0627144,-0.0164104
expansive,RE-1,13,réouverture,10,2024,191,-2054.1,-0.200606,-10.7544,-0.415014,-4.63361,-18.5512,-11.5924,6.95879,-0.362605,-0.481773,-0.422189,0.0595841,-0.168728
expansive,RE-1,13,réouverture,10,2025,194,772.881,0.0714967,3.98392,0.108479,-0.746843,9.92489,4.58902,-5.33587,-0.0357333,0.289582,0.126925,-0.162658,0.0335663
expansive,RE-2,13,cooldown,5,2020,116,590.341,0.0524081,5.08914,0.241961,19.1888,-14.8854,2.15172,17.0371,0.531982,-0.168903,0.181539,0.350442,0.0661259
expansive,RE-2,13,cooldown,5,2021,213,291.442,-0.0220204,1.36827,-0.0540716,2.13393,0.550583,1.34226,0.791673,0.0322045,-0.146211,-0.0570033,0.0892077,-0.0338528
expansive,RE-2,13,cooldown,5,2022,188,-2610.02,-0.243635,-13.8831,-0.18145,-34.708,7.38968,-13.6592,-21.0488,-0.481439,0.124989,-0.178225,-0.303214,-0.0887961
expansive,RE-2,13,cooldown,5,2023,215,1207.91,0.11703,5.61819,0.0915563,6.8947,4.30555,5.60012,1.29457,0.029445,0.155426,0.0924353,-0.0629903,0.0465633
expansive,RE-2,13,cooldown,5,2024,191,-760.486,-0.089149,-3.9816,-0.239158,0.95881,-10.2748,-4.65797,5.61678,-0.203544,-0.284522,-0.244033,0.040489,-0.100944
expansive,RE-2,13,cooldown,5,2025,191,2068.64,0.219798,10.8306,0.35791,5.69864,17.3677,11.5332,-5.83454,0.183002,0.580709,0.381855,-0.198853,0.138789
expansive,RE-2,13,cooldown,10,2020,116,10.3405,-0.00688808,0.0891423,0.11851,14.1888,-19.8854,-2.84828,17.0371,0.401601,-0.282536,0.0595326,0.342068,0.0299856
expansive,RE-2,13,cooldown,10,2021,213,-773.558,-0.120877,-3.63173,-0.123162,-2.86607,-4.44942,-3.65774,0.791673,-0.033315,-0.219115,-0.126215,0.0929,-0.0687684
expansive,RE-2,13,cooldown,10,2022,188,-3550.02,-0.311612,-18.8831,-0.300872,-39.708,2.38968,-18.6592,-21.0488,-0.604185,0.00896316,-0.297611,-0.306574,-0.134248
expansive,RE-2,13,cooldown,10,2023,215,132.91,0.00320202,0.618187,-0.117935,1.8947,-0.694448,0.600124,1.29457,-0.185834,-0.0481142,-0.116974,-0.0688602,-0.0388188
expansive,RE-2,13,cooldown,10,2024,191,-1715.49,-0.172176,-8.9816,-0.38092,-4.04119,-15.2748,-9.65797,5.61678,-0.343325,-0.428808,-0.386066,0.0427413,-0.156355
expansive,RE-2,13,cooldown,10,2025,191,1113.64,0.108776,5.83059,0.177756,0.698639,12.3677,6.53318,-5.83454,0.01212,0.388745,0.200433,-0.188313,0.0591567
expansive,RE-2,13,réouverture,5,2020,117,740.061,0.0681648,6.32531,0.263065,21.0806,-14.8854,3.0976,17.983,0.563565,-0.168903,0.197331,0.366234,0.0733522
expansive,RE-2,13,réouverture,5,2021,214,364.717,-0.0148543,1.70428,-0.0470822,2.77484,0.550583,1.66271,1.11213,0.0449021,-0.146211,-0.0506544,0.0955566,-0.0303707
expansive,RE-2,13,réouverture,5,2022,189,-2860.13,-0.262415,-15.133,-0.204557,-36.3719,7.26023,-14.5558,-21.816,-0.514604,0.12234,-0.196132,-0.318472,-0.0991235
expansive,RE-2,13,réouverture,5,2023,215,1207.91,0.11703,5.61819,0.0915563,6.8947,4.30555,5.60012,1.29457,0.029445,0.155426,0.0924353,-0.0629903,0.0465633
expansive,RE-2,13,réouverture,5,2024,193,-1061.16,-0.116272,-5.49825,-0.264594,-1.17802,-10.8734,-6.02572,4.8477,-0.234159,-0.30246,-0.268309,0.0341503,-0.112987
expansive,RE-2,13,réouverture,5,2025,195,1856.45,0.194115,9.52026,0.287872,4.60861,15.7455,10.177,-5.56843,0.135465,0.481039,0.308252,-0.172787,0.116015
expansive,RE-2,13,réouverture,10,2020,117,155.061,0.00748428,1.32531,0.139896,16.0806,-19.8854,-1.9024,17.983,0.433761,-0.282536,0.0756129,0.358148,0.0367338
expansive,RE-2,13,réouverture,10,2021,214,-705.283,-0.114874,-3.29572,-0.116309,-2.22516,-4.44942,-3.33729,1.11213,-0.0209133,-0.219115,-0.120014,0.0991009,-0.0656411
expansive,RE-2,13,réouverture,10,2022,189,-3805.13,-0.329049,-20.133,-0.323801,-41.3719,2.26023,-19.5558,-21.816,-0.636687,0.00609074,-0.315298,-0.321389,-0.144246
expansive,RE-2,13,réouverture,10,2023,215,132.91,0.00320202,0.618187,-0.117935,1.8947,-0.694448,0.600124,1.29457,-0.185834,-0.0481142,-0.116974,-0.0688602,-0.0388188
expansive,RE-2,13,réouverture,10,2024,193,-2026.16,-0.197642,-10.4983,-0.405979,-6.17802,-15.8734,-11.0257,4.8477,-0.373349,-0.446576,-0.409963,0.0366131,-0.168098
expansive,RE-2,13,réouverture,10,2025,195,881.45,0.0832499,4.52026,0.10614,-0.391387,10.7455,5.17705,-5.56843,-0.0363889,0.286787,0.125199,-0.161588,0.0360671
expansive,C1,26,cooldown,5,2020,65,958.985,0.0897792,14.7536,0.649813,22.5405,4.46377,13.5021,9.03838,0.845867,0.390743,0.618305,0.227562,0.101756
expansive,C1,26,cooldown,5,2021,111,550.805,-0.00492665,4.96221,-0.0581315,23.5475,-10.2716,6.63793,16.9096,0.208482,-0.276667,-0.0340925,0.242575,-0.0214861
expansive,C1,26,cooldown,5,2022,97,-430.363,-0.0651734,-4.43673,0.0887692,-49.0944,35.8428,-6.62583,-42.4686,-0.721711,0.819791,0.0490397,-0.770751,0.000834083
expansive,C1,26,cooldown,5,2023,109,2078.01,0.219316,19.0643,0.656835,37.743,1.38632,19.5646,18.1783,1.38074,-0.0282931,0.676225,0.704518,0.171298
expansive,C1,26,cooldown,5,2024,91,2793.42,0.3012,30.6969,0.642905,40.3416,21.6678,31.0047,9.33688,0.944161,0.360879,0.65252,0.291641,0.159575
expansive,C1,26,cooldown,5,2025,90,1146.97,0.112733,12.7442,0.566598,14.7728,10.2084,12.4906,2.28221,0.890277,0.162,0.526138,0.364139,0.110621
expansive,C1,26,cooldown,10,2020,65,633.985,0.0549624,9.75361,0.531307,17.5405,-0.536231,8.50214,9.03838,0.712347,0.292075,0.502211,0.210136,0.0814121
expansive,C1,26,cooldown,10,2021,111,-4.19498,-0.0586913,-0.0377926,-0.12752,18.5475,-15.2716,1.63793,16.9096,0.140411,-0.347135,-0.103362,0.243773,-0.0401579
expansive,C1,26,cooldown,10,2022,97,-915.363,-0.109482,-9.43673,-0.0322811,-54.0944,30.8428,-11.6258,-42.4686,-0.839208,0.695536,-0.0718363,-0.767372,-0.025431
expansive,C1,26,cooldown,10,2023,109,1533.01,0.154735,14.0643,0.459161,32.743,-3.61368,14.5646,18.1783,1.18081,-0.223826,0.478491,0.702317,0.121874
expansive,C1,26,cooldown,10,2024,91,2338.42,0.243462,25.6969,0.49548,35.3416,16.6678,26.0047,9.33688,0.797521,0.212718,0.505119,0.292401,0.124185
expansive,C1,26,cooldown,10,2025,90,696.974,0.0638105,7.74416,0.37884,9.77279,5.20836,7.49058,2.28221,0.708398,-0.0331084,0.337645,0.370753,0.072861
expansive,C1,26,réouverture,5,2020,65,958.985,0.0897792,14.7536,0.649813,22.5405,4.46377,13.5021,9.03838,0.845867,0.390743,0.618305,0.227562,0.101756
expansive,C1,26,réouverture,5,2021,111,550.805,-0.00492665,4.96221,-0.0581315,23.5475,-10.2716,6.63793,16.9096,0.208482,-0.276667,-0.0340925,0.242575,-0.0214861
expansive,C1,26,réouverture,5,2022,97,-430.363,-0.0651734,-4.43673,0.0887692,-49.0944,35.8428,-6.62583,-42.4686,-0.721711,0.819791,0.0490397,-0.770751,0.000834083
expansive,C1,26,réouverture,5,2023,109,2078.01,0.219316,19.0643,0.656835,37.743,1.38632,19.5646,18.1783,1.38074,-0.0282931,0.676225,0.704518,0.171298
expansive,C1,26,réouverture,5,2024,91,2793.42,0.3012,30.6969,0.642905,40.3416,21.6678,31.0047,9.33688,0.944161,0.360879,0.65252,0.291641,0.159575
expansive,C1,26,réouverture,5,2025,90,1146.97,0.112733,12.7442,0.566598,14.7728,10.2084,12.4906,2.28221,0.890277,0.162,0.526138,0.364139,0.110621
expansive,C1,26,réouverture,10,2020,65,633.985,0.0549624,9.75361,0.531307,17.5405,-0.536231,8.50214,9.03838,0.712347,0.292075,0.502211,0.210136,0.0814121
expansive,C1,26,réouverture,10,2021,111,-4.19498,-0.0586913,-0.0377926,-0.12752,18.5475,-15.2716,1.63793,16.9096,0.140411,-0.347135,-0.103362,0.243773,-0.0401579
expansive,C1,26,réouverture,10,2022,97,-915.363,-0.109482,-9.43673,-0.0322811,-54.0944,30.8428,-11.6258,-42.4686,-0.839208,0.695536,-0.0718363,-0.767372,-0.025431
expansive,C1,26,réouverture,10,2023,109,1533.01,0.154735,14.0643,0.459161,32.743,-3.61368,14.5646,18.1783,1.18081,-0.223826,0.478491,0.702317,0.121874
expansive,C1,26,réouverture,10,2024,91,2338.42,0.243462,25.6969,0.49548,35.3416,16.6678,26.0047,9.33688,0.797521,0.212718,0.505119,0.292401,0.124185
expansive,C1,26,réouverture,10,2025,90,696.974,0.0638105,7.74416,0.37884,9.77279,5.20836,7.49058,2.28221,0.708398,-0.0331084,0.337645,0.370753,0.072861
expansive,C2,26,cooldown,5,2020,101,975.292,0.0831836,9.65636,0.49555,41.6431,-33.4885,4.07727,37.5658,1.11569,-0.340917,0.387386,0.728303,0.118414
expansive,C2,26,cooldown,5,2021,183,3507.16,0.309661,19.1648,0.254956,17.4991,21.0436,19.2714,-1.77221,0.306519,0.196798,0.251658,0.0548605,0.114289
expansive,C2,26,cooldown,5,2022,166,-628.382,-0.109179,-3.78544,-0.121936,-58.2786,56.2261,-1.02629,-57.2524,-1.14854,1.00863,-0.0699555,-1.07859,-0.0690713
expansive,C2,26,cooldown,5,2023,188,3759.06,0.431225,19.995,0.52016,29.7578,9.58848,19.6732,10.0847,1.0362,-0.0299074,0.503148,0.533055,0.24776
expansive,C2,26,cooldown,5,2024,168,261.798,-0.0130742,1.55832,0.0171525,13.2227,-12.9055,0.158591,13.0641,0.255377,-0.278246,-0.0114345,0.266812,0.00271845
expansive,C2,26,cooldown,5,2025,166,3249.45,0.357123,19.575,0.810551,31.0484,5.65386,18.3511,12.6973,1.14197,0.408423,0.775199,0.366776,0.288957
expansive,C2,26,cooldown,10,2020,101,470.292,0.0298602,4.65636,0.374112,36.6431,-38.4885,-0.922725,37.5658,0.984756,-0.449547,0.267604,0.717152,0.0856859
expansive,C2,26,cooldown,10,2021,183,2592.16,0.195232,14.1648,0.185931,12.4991,16.0436,14.2714,-1.77221,0.240234,0.124681,0.182458,0.0577765,0.0796675
expansive,C2,26,cooldown,10,2022,166,-1458.38,-0.180218,-8.78544,-0.24018,-63.2786,51.2261,-6.02629,-57.2524,-1.27078,0.89479,-0.187997,-1.08279,-0.109803
expansive,C2,26,cooldown,10,2023,188,2819.06,0.303011,14.995,0.312851,24.7578,4.58848,14.6732,10.0847,0.830493,-0.238921,0.295786,0.534707,0.158214
expansive,C2,26,cooldown,10,2024,168,-578.202,-0.0926328,-3.44168,-0.122871,8.22272,-17.9055,-4.84141,13.0641,0.115961,-0.419023,-0.151531,0.267492,-0.0516603
expansive,C2,26,cooldown,10,2025,166,2419.45,0.249183,14.575,0.631242,26.0484,0.653859,13.3511,12.6973,0.965163,0.226086,0.595624,0.369538,0.210453
expansive,C2,26,réouverture,5,2020,101,975.292,0.0831836,9.65636,0.49555,41.6431,-33.4885,4.07727,37.5658,1.11569,-0.340917,0.387386,0.728303,0.118414
expansive,C2,26,réouverture,5,2021,183,3507.16,0.309661,19.1648,0.254956,17.4991,21.0436,19.2714,-1.77221,0.306519,0.196798,0.251658,0.0548605,0.114289
expansive,C2,26,réouverture,5,2022,166,-628.382,-0.109179,-3.78544,-0.121936,-58.2786,56.2261,-1.02629,-57.2524,-1.14854,1.00863,-0.0699555,-1.07859,-0.0690713
expansive,C2,26,réouverture,5,2023,188,3759.06,0.431225,19.995,0.52016,29.7578,9.58848,19.6732,10.0847,1.0362,-0.0299074,0.503148,0.533055,0.24776
expansive,C2,26,réouverture,5,2024,168,261.798,-0.0130742,1.55832,0.0171525,13.2227,-12.9055,0.158591,13.0641,0.255377,-0.278246,-0.0114345,0.266812,0.00271845
expansive,C2,26,réouverture,5,2025,166,3249.45,0.357123,19.575,0.810551,31.0484,5.65386,18.3511,12.6973,1.14197,0.408423,0.775199,0.366776,0.288957
expansive,C2,26,réouverture,10,2020,101,470.292,0.0298602,4.65636,0.374112,36.6431,-38.4885,-0.922725,37.5658,0.984756,-0.449547,0.267604,0.717152,0.0856859
expansive,C2,26,réouverture,10,2021,183,2592.16,0.195232,14.1648,0.185931,12.4991,16.0436,14.2714,-1.77221,0.240234,0.124681,0.182458,0.0577765,0.0796675
expansive,C2,26,réouverture,10,2022,166,-1458.38,-0.180218,-8.78544,-0.24018,-63.2786,51.2261,-6.02629,-57.2524,-1.27078,0.89479,-0.187997,-1.08279,-0.109803
expansive,C2,26,réouverture,10,2023,188,2819.06,0.303011,14.995,0.312851,24.7578,4.58848,14.6732,10.0847,0.830493,-0.238921,0.295786,0.534707,0.158214
expansive,C2,26,réouverture,10,2024,168,-578.202,-0.0926328,-3.44168,-0.122871,8.22272,-17.9055,-4.84141,13.0641,0.115961,-0.419023,-0.151531,0.267492,-0.0516603
expansive,C2,26,réouverture,10,2025,166,2419.45,0.249183,14.575,0.631242,26.0484,0.653859,13.3511,12.6973,0.965163,0.226086,0.595624,0.369538,0.210453
expansive,RE-1,26,cooldown,5,2020,101,575.799,0.044532,5.70098,0.435076,23.5495,-18.3737,2.58787,20.9616,0.794777,-0.050101,0.372338,0.422439,0.102451
expansive,RE-1,26,cooldown,5,2021,183,2130.25,0.147859,11.6407,0.109919,16.4381,6.22972,11.3339,5.10418,0.265083,-0.0650924,0.0999955,0.165088,0.0431495
expansive,RE-1,26,cooldown,5,2022,166,-467.687,-0.084053,-2.81739,0.0729012,-38.5669,36.5523,-1.00729,-37.5596,-0.584209,0.796554,0.106173,-0.690381,0.00878593
expansive,RE-1,26,cooldown,5,2023,188,3631.24,0.416758,19.3151,0.518645,29.2938,8.67853,18.9862,10.3076,1.03729,-0.0341981,0.501546,0.535744,0.258892
expansive,RE-1,26,cooldown,5,2024,168,2890.29,0.302622,17.2041,0.423123,20.7077,12.8596,16.7837,3.92403,0.500674,0.326959,0.413817,0.0868572,0.188387
expansive,RE-1,26,cooldown,5,2025,166,1931.88,0.19608,11.6378,0.529773,13.0048,9.97928,11.492,1.51274,0.565391,0.486556,0.525973,0.0394177,0.171709
expansive,RE-1,26,cooldown,10,2020,101,70.7985,-0.00690491,0.700976,0.313639,18.5495,-23.3737,-2.41213,20.9616,0.663844,-0.158731,0.252556,0.411288,0.0701865
expansive,RE-1,26,cooldown,10,2021,183,1215.25,0.0475013,6.64071,0.0408939,11.4381,1.22972,6.33391,5.10418,0.198799,-0.137209,0.0307953,0.168004,0.0107234
expansive,RE-1,26,cooldown,10,2022,166,-1297.69,-0.157079,-7.81739,-0.0453429,-43.5669,31.5523,-6.00729,-37.5596,-0.706452,0.682714,-0.011869,-0.694583,-0.035316
expansive,RE-1,26,cooldown,10,2023,188,2691.24,0.289836,14.3151,0.311336,24.2938,3.67853,13.9862,10.3076,0.831581,-0.243212,0.294185,0.537397,0.168559
expansive,RE-1,26,cooldown,10,2024,168,2050.29,0.19779,12.2041,0.283099,15.7077,7.85964,11.7837,3.92403,0.361258,0.186183,0.27372,0.0875373,0.124014
expansive,RE-1,26,cooldown,10,2025,166,1101.88,0.100882,6.63782,0.350464,8.00476,4.97928,6.49202,1.51274,0.388579,0.304218,0.346399,0.0421805,0.100307
expansive,RE-1,26,réouverture,5,2020,103,682.298,0.0554915,6.62426,0.443384,26.365,-19.8462,3.25936,23.1056,0.839519,-0.087797,0.375861,0.463658,0.107168
expansive,RE-1,26,réouverture,5,2021,189,3262.98,0.262177,17.2645,0.129201,6.44318,29.1679,17.8055,-11.3624,0.162122,0.0929883,0.127555,0.0345671,0.0537923
expansive,RE-1,26,réouverture,5,2022,170,-78.1723,-0.0488839,-0.459837,0.0899889,-38.2205,41.0303,1.40489,-39.6254,-0.576673,0.822494,0.12291,-0.699583,0.0167714
expansive,RE-1,26,réouverture,5,2023,192,3072.98,0.339698,16.0051,0.455854,25.9187,5.66971,15.7942,10.1245,0.967748,-0.0778233,0.444962,0.522786,0.226839
expansive,RE-1,26,réouverture,5,2024,172,3050.36,0.323283,17.7347,0.480883,17.725,17.7475,17.7362,-0.011249,0.45652,0.513147,0.484834,-0.0283134,0.216616
expansive,RE-1,26,réouverture,5,2025,171,1338.06,0.126669,7.82494,0.27843,11.2798,3.70568,7.49274,3.78706,0.46382,0.057388,0.260604,0.203216,0.106754
expansive,RE-1,26,réouverture,10,2020,103,167.298,0.00251675,1.62426,0.322428,21.365,-24.8462,-1.74064,23.1056,0.709271,-0.196293,0.256489,0.452782,0.0742463
expansive,RE-1,26,réouverture,10,2021,189,2317.98,0.148419,12.2645,0.0598724,1.44318,24.1679,12.8055,-11.3624,0.0959969,0.0201353,0.0580661,0.0379308,0.0198315
expansive,RE-1,26,réouverture,10,2022,170,-928.172,-0.126447,-5.45984,-0.0277428,-43.2205,36.0303,-3.59511,-39.6254,-0.698464,0.709223,0.00537923,-0.703844,-0.0286167
expansive,RE-1,26,réouverture,10,2023,192,2112.98,0.217208,11.0051,0.247405,20.9187,0.66971,10.7942,10.1245,0.756914,-0.283786,0.236564,0.52035,0.136797
expansive,RE-1,26,réouverture,10,2024,172,2190.36,0.214366,12.7347,0.340965,12.725,12.7475,12.7362,-0.011249,0.318413,0.37083,0.344622,-0.0262085,0.149351
expansive,RE-1,26,réouverture,10,2025,171,483.064,0.0343739,2.82494,0.0993834,6.2798,-1.29432,2.49274,3.78706,0.290246,-0.128183,0.0810312,0.209215,0.0374573
expansive,RE-2,26,cooldown,5,2020,101,1033.52,0.0923588,10.2328,0.497526,32.9149,-20.3616,6.27665,26.6382,0.933941,-0.0911283,0.421407,0.512535,0.119795
expansive,RE-2,26,cooldown,5,2021,183,2270.07,0.164597,12.4048,0.121718,17.4224,6.74538,12.0839,5.33851,0.274374,-0.0504629,0.111955,0.162418,0.0488626
expansive,RE-2,26,cooldown,5,2022,166,-363.93,-0.0739558,-2.19235,0.0775254,-38.0003,37.2418,-0.379288,-37.621,-0.563321,0.783268,0.109973,-0.673294,0.0101907
expansive,RE-2,26,cooldown,5,2023,188,3061.79,0.33959,16.2861,0.44451,24.5197,7.50962,16.0147,8.50506,0.934082,-0.0773421,0.42837,0.505712,0.220752
expansive,RE-2,26,cooldown,5,2024,168,3109.54,0.33277,18.5092,0.445119,20.7144,15.7747,18.2445,2.46983,0.505224,0.370588,0.437906,0.067318,0.197595
expansive,RE-2,26,cooldown,5,2025,166,2009.35,0.205766,12.1045,0.493165,12.9749,11.0484,12.0117,0.963262,0.486482,0.501274,0.493878,-0.00739556,0.169426
expansive,RE-2,26,cooldown,10,2020,101,528.515,0.0385895,5.23282,0.376088,27.9149,-25.3616,1.27665,26.6382,0.803009,-0.199759,0.301625,0.501384,0.0870244
expansive,RE-2,26,cooldown,10,2021,183,1355.07,0.062784,7.40478,0.0526933,12.4224,1.74538,7.08389,5.33851,0.20809,-0.122579,0.0427552,0.165334,0.01626
expansive,RE-2,26,cooldown,10,2022,166,-1193.93,-0.147782,-7.19235,-0.0407187,-43.0003,32.2418,-5.37929,-37.621,-0.685564,0.669428,-0.00806828,-0.677496,-0.0339725
expansive,RE-2,26,cooldown,10,2023,188,2121.79,0.219547,11.2861,0.237201,19.5197,2.50962,11.0147,8.50506,0.728372,-0.286356,0.221008,0.507364,0.133143
expansive,RE-2,26,cooldown,10,2024,168,2269.54,0.225526,13.5092,0.305095,15.7144,10.7747,13.2445,2.46983,0.365808,0.229811,0.29781,0.0679981,0.132726
expansive,RE-2,26,cooldown,10,2025,166,1179.35,0.109802,7.10452,0.313857,7.97494,6.04842,7.01168,0.963262,0.309671,0.318936,0.314303,-0.00463282,0.0981611
expansive,RE-2,26,réouverture,5,2020,103,1120.84,0.101686,10.8819,0.500795,35.5717,-22.2248,6.67345,28.8982,0.976325,-0.136847,0.419739,0.556586,0.123472
expansive,RE-2,26,réouverture,5,2021,190,3607.07,0.306649,18.9846,0.161407,9.4488,29.5799,19.5143,-10.0655,0.211977,0.105219,0.158598,0.0533788,0.0703813
expansive,RE-2,26,réouverture,5,2022,173,-180.575,-0.0580324,-1.04378,0.0720264,-38.6793,41.7027,1.51172,-40.191,-0.577302,0.809536,0.116117,-0.693419,0.00901812
expansive,RE-2,26,réouverture,5,2023,191,2560.29,0.273971,13.4047,0.39965,21.3292,5.05409,13.1916,8.13753,0.869117,-0.0950568,0.38703,0.482087,0.195868
expansive,RE-2,26,réouverture,5,2024,172,3092.32,0.330092,17.9786,0.481967,18.073,17.8595,17.9662,0.106744,0.471602,0.49506,0.483331,-0.011729,0.215151
expansive,RE-2,26,réouverture,5,2025,173,1470.87,0.142081,8.50215,0.25244,11.5962,4.7337,8.16497,3.43127,0.400969,0.0715399,0.236255,0.164715,0.110713
expansive,RE-2,26,réouverture,10,2020,103,605.839,0.0464143,5.88193,0.379839,30.5717,-27.2248,1.67345,28.8982,0.846077,-0.245343,0.300367,0.54571,0.0900684
expansive,RE-2,26,réouverture,10,2021,190,2657.07,0.188308,13.9846,0.0919254,4.4488,24.5799,14.5143,-10.0655,0.145529,0.0323661,0.0889474,0.0565813,0.0356349
expansive,RE-2,26,réouverture,10,2022,173,-1045.57,-0.13615,-6.04378,-0.0457873,-43.6793,36.7027,-3.48828,-40.191,-0.699116,0.696265,-0.00142549,-0.69769,-0.0369102
expansive,RE-2,26,réouverture,10,2023,191,1605.29,0.15804,8.40465,0.191823,16.3292,0.0540944,8.19163,8.13753,0.658726,-0.300182,0.179272,0.479454,0.108642
expansive,RE-2,26,réouverture,10,2024,172,2232.32,0.220618,12.9786,0.342666,13.073,12.8595,12.9662,0.106744,0.333306,0.35449,0.343898,-0.0105921,0.148155
expansive,RE-2,26,réouverture,10,2025,173,605.871,0.0474831,3.50215,0.070304,6.59624,-0.266301,3.16497,3.43127,0.221653,-0.114031,0.0538108,0.167842,0.0401283
expansive,C1,48,cooldown,5,2020,57,871.744,0.068611,15.2938,0.620151,62.5151,-45.1495,8.68277,53.8323,1.61747,-0.656418,0.480527,1.13694,0.0786407
expansive,C1,48,cooldown,5,2021,97,546.477,-0.0484938,5.63379,-0.411589,42.7054,-23.8862,9.40959,33.2958,0.0641196,-0.790394,-0.363137,0.427257,-0.106129
expansive,C1,48,cooldown,5,2022,82,-2717.13,-0.259323,-33.1358,-0.313113,-102.538,29.8099,-36.3638,-66.1737,-1.34749,0.625044,-0.361223,-0.986267,-0.0974023
expansive,C1,48,cooldown,5,2023,100,3316.72,0.371155,33.1672,1.53944,67.2228,2.96696,35.0949,32.1279,3.13767,0.122149,1.62991,1.50776,0.310275
expansive,C1,48,cooldown,5,2024,83,2523.26,0.252148,30.4007,0.340341,36.1002,25.5879,30.844,5.25617,0.497737,0.207429,0.352583,0.145154,0.0938464
expansive,C1,48,cooldown,5,2025,80,-988.972,-0.106537,-12.3621,-0.431332,-4.49564,-21.9768,-13.2362,8.74057,0.194057,-1.1957,-0.50082,0.694877,-0.0668447
expansive,C1,48,cooldown,10,2020,57,586.744,0.038602,10.2938,0.501551,57.5151,-50.1495,3.68277,53.8323,1.48852,-0.761763,0.363376,1.12514,0.0612363
expansive,C1,48,cooldown,10,2021,97,61.4773,-0.0936228,0.633787,-0.480104,37.7054,-28.8862,4.40959,33.2958,-0.0021508,-0.860696,-0.431423,0.429272,-0.120894
expansive,C1,48,cooldown,10,2022,82,-3127.13,-0.289201,-38.1358,-0.43527,-107.538,24.8099,-41.3638,-66.1737,-1.46607,0.499646,-0.483214,-0.98286,-0.117417
expansive,C1,48,cooldown,10,2023,100,2816.72,0.304462,28.1672,1.34009,62.2228,-2.03304,30.0949,32.1279,2.93819,-0.0771033,1.43054,1.50765,0.259352
expansive,C1,48,cooldown,10,2024,83,2108.26,0.201354,25.4007,0.193157,31.1002,20.5879,25.844,5.25617,0.349312,0.0612928,0.205302,0.14401,0.0634034
expansive,C1,48,cooldown,10,2025,80,-1388.97,-0.141633,-17.3621,-0.606154,-9.49564,-26.9768,-18.2362,8.74057,0.0313235,-1.38529,-0.676985,0.708308,-0.0942568
expansive,C1,48,réouverture,5,2020,57,871.744,0.068611,15.2938,0.620151,62.5151,-45.1495,8.68277,53.8323,1.61747,-0.656418,0.480527,1.13694,0.0786407
expansive,C1,48,réouverture,5,2021,97,546.477,-0.0484938,5.63379,-0.411589,42.7054,-23.8862,9.40959,33.2958,0.0641196,-0.790394,-0.363137,0.427257,-0.106129
expansive,C1,48,réouverture,5,2022,82,-2717.13,-0.259323,-33.1358,-0.313113,-102.538,29.8099,-36.3638,-66.1737,-1.34749,0.625044,-0.361223,-0.986267,-0.0974023
expansive,C1,48,réouverture,5,2023,100,3316.72,0.371155,33.1672,1.53944,67.2228,2.96696,35.0949,32.1279,3.13767,0.122149,1.62991,1.50776,0.310275
expansive,C1,48,réouverture,5,2024,83,2523.26,0.252148,30.4007,0.340341,36.1002,25.5879,30.844,5.25617,0.497737,0.207429,0.352583,0.145154,0.0938464
expansive,C1,48,réouverture,5,2025,80,-988.972,-0.106537,-12.3621,-0.431332,-4.49564,-21.9768,-13.2362,8.74057,0.194057,-1.1957,-0.50082,0.694877,-0.0668447
expansive,C1,48,réouverture,10,2020,57,586.744,0.038602,10.2938,0.501551,57.5151,-50.1495,3.68277,53.8323,1.48852,-0.761763,0.363376,1.12514,0.0612363
expansive,C1,48,réouverture,10,2021,97,61.4773,-0.0936228,0.633787,-0.480104,37.7054,-28.8862,4.40959,33.2958,-0.0021508,-0.860696,-0.431423,0.429272,-0.120894
expansive,C1,48,réouverture,10,2022,82,-3127.13,-0.289201,-38.1358,-0.43527,-107.538,24.8099,-41.3638,-66.1737,-1.46607,0.499646,-0.483214,-0.98286,-0.117417
expansive,C1,48,réouverture,10,2023,100,2816.72,0.304462,28.1672,1.34009,62.2228,-2.03304,30.0949,32.1279,2.93819,-0.0771033,1.43054,1.50765,0.259352
expansive,C1,48,réouverture,10,2024,83,2108.26,0.201354,25.4007,0.193157,31.1002,20.5879,25.844,5.25617,0.349312,0.0612928,0.205302,0.14401,0.0634034
expansive,C1,48,réouverture,10,2025,80,-1388.97,-0.141633,-17.3621,-0.606154,-9.49564,-26.9768,-18.2362,8.74057,0.0313235,-1.38529,-0.676985,0.708308,-0.0942568
expansive,C2,48,cooldown,5,2020,85,138.875,-0.0136841,1.63382,0.233439,63.8658,-65.1517,-0.642961,64.5087,1.49084,-1.11596,0.187437,1.3034,0.03575
expansive,C2,48,cooldown,5,2021,149,590.305,-0.0460371,3.96178,-0.0154604,13.9794,-8.29859,2.8404,11.139,0.227142,-0.312377,-0.0426175,0.26976,-0.0162903
expansive,C2,48,cooldown,5,2022,133,-5135.57,-0.446801,-38.6133,-0.938334,-137.964,65.323,-36.3206,-101.644,-2.743,0.949626,-0.896688,-1.84631,-0.289143
expansive,C2,48,cooldown,5,2023,149,2706.84,0.278093,18.1667,0.640297,33.3999,2.7277,18.0638,15.3361,1.83398,-0.569515,0.632232,1.20175,0.16579
expansive,C2,48,cooldown,5,2024,140,471.719,-0.00291454,3.36942,-0.0467731,-5.5886,14.6392,4.5253,-10.1139,-0.349035,0.333492,-0.00777161,-0.341263,-0.0217382
expansive,C2,48,cooldown,5,2025,134,836.968,0.0575168,6.24603,0.447317,13.8128,-4.6226,4.5951,9.2177,0.711175,0.0683198,0.389748,0.321428,0.0979813
expansive,C2,48,cooldown,10,2020,85,-286.125,-0.0547536,-3.36618,0.111768,58.8658,-70.1517,-5.64296,64.5087,1.35972,-1.22749,0.0661116,1.2936,0.0101672
expansive,C2,48,cooldown,10,2021,149,-154.695,-0.11461,-1.03822,-0.0848901,8.9794,-13.2986,-2.1596,11.139,0.160901,-0.385709,-0.112404,0.273305,-0.0414199
expansive,C2,48,cooldown,10,2022,133,-5800.57,-0.482575,-43.6133,-1.05849,-142.964,60.323,-41.3206,-101.644,-2.87142,0.838113,-1.01665,-1.85476,-0.314172
expansive,C2,48,cooldown,10,2023,149,1961.84,0.186444,13.1667,0.42873,28.3999,-2.2723,13.0638,15.3361,1.62168,-0.780337,0.42067,1.20101,0.098716
expansive,C2,48,cooldown,10,2024,140,-228.281,-0.0703648,-1.63058,-0.184552,-10.5886,9.6392,-0.474703,-10.1139,-0.489169,0.198676,-0.145247,-0.343923,-0.0651657
expansive,C2,48,cooldown,10,2025,134,166.968,-0.011018,1.24603,0.27979,8.8128,-9.6226,-0.404902,9.2177,0.547517,-0.104763,0.221377,0.32614,0.0449879
expansive,C2,48,réouverture,5,2020,85,138.875,-0.0136841,1.63382,0.233439,63.8658,-65.1517,-0.642961,64.5087,1.49084,-1.11596,0.187437,1.3034,0.03575
expansive,C2,48,réouverture,5,2021,149,590.305,-0.0460371,3.96178,-0.0154604,13.9794,-8.29859,2.8404,11.139,0.227142,-0.312377,-0.0426175,0.26976,-0.0162903
expansive,C2,48,réouverture,5,2022,133,-5135.57,-0.446801,-38.6133,-0.938334,-137.964,65.323,-36.3206,-101.644,-2.743,0.949626,-0.896688,-1.84631,-0.289143
expansive,C2,48,réouverture,5,2023,149,2706.84,0.278093,18.1667,0.640297,33.3999,2.7277,18.0638,15.3361,1.83398,-0.569515,0.632232,1.20175,0.16579
expansive,C2,48,réouverture,5,2024,140,471.719,-0.00291454,3.36942,-0.0467731,-5.5886,14.6392,4.5253,-10.1139,-0.349035,0.333492,-0.00777161,-0.341263,-0.0217382
expansive,C2,48,réouverture,5,2025,134,836.968,0.0575168,6.24603,0.447317,13.8128,-4.6226,4.5951,9.2177,0.711175,0.0683198,0.389748,0.321428,0.0979813
expansive,C2,48,réouverture,10,2020,85,-286.125,-0.0547536,-3.36618,0.111768,58.8658,-70.1517,-5.64296,64.5087,1.35972,-1.22749,0.0661116,1.2936,0.0101672
expansive,C2,48,réouverture,10,2021,149,-154.695,-0.11461,-1.03822,-0.0848901,8.9794,-13.2986,-2.1596,11.139,0.160901,-0.385709,-0.112404,0.273305,-0.0414199
expansive,C2,48,réouverture,10,2022,133,-5800.57,-0.482575,-43.6133,-1.05849,-142.964,60.323,-41.3206,-101.644,-2.87142,0.838113,-1.01665,-1.85476,-0.314172
expansive,C2,48,réouverture,10,2023,149,1961.84,0.186444,13.1667,0.42873,28.3999,-2.2723,13.0638,15.3361,1.62168,-0.780337,0.42067,1.20101,0.098716
expansive,C2,48,réouverture,10,2024,140,-228.281,-0.0703648,-1.63058,-0.184552,-10.5886,9.6392,-0.474703,-10.1139,-0.489169,0.198676,-0.145247,-0.343923,-0.0651657
expansive,C2,48,réouverture,10,2025,134,166.968,-0.011018,1.24603,0.27979,8.8128,-9.6226,-0.404902,9.2177,0.547517,-0.104763,0.221377,0.32614,0.0449879
expansive,RE-1,48,cooldown,5,2020,85,17.423,-0.0202895,0.204977,0.21549,36.1964,-38.42,-1.11178,37.3082,0.897816,-0.516761,0.190527,0.707288,0.034443
expansive,RE-1,48,cooldown,5,2021,149,-3459.39,-0.350866,-23.2174,-0.359108,-9.42309,-40.1,-24.7615,15.3384,-0.0249442,-0.768085,-0.396514,0.37157,-0.13352
expansive,RE-1,48,cooldown,5,2022,133,-3383.74,-0.318905,-25.4417,-0.350692,-76.2187,27.6789,-24.2699,-51.9488,-1.03851,0.36887,-0.334819,-0.703689,-0.140252
expansive,RE-1,48,cooldown,5,2023,149,2706.85,0.287868,18.1668,0.843503,30.6221,5.54316,18.0826,12.5395,1.78106,-0.10672,0.837168,0.943887,0.208574
expansive,RE-1,48,cooldown,5,2024,140,3120.57,0.321959,22.2898,0.400884,9.59317,38.263,23.9281,-14.3349,-0.0232351,0.934454,0.455609,-0.478845,0.148425
expansive,RE-1,48,cooldown,5,2025,134,300.385,0.0109803,2.24168,0.201273,11.8419,-11.5478,0.147076,11.6949,0.531908,-0.273639,0.129135,0.402773,0.0320834
expansive,RE-1,48,cooldown,10,2020,85,-407.577,-0.0610846,-4.79502,0.0938191,31.1964,-43.42,-6.11178,37.3082,0.766693,-0.628289,0.0692018,0.697491,0.00889293
expansive,RE-1,48,cooldown,10,2021,149,-4204.39,-0.397637,-28.2174,-0.428538,-14.4231,-45.1,-29.7615,15.3384,-0.0911858,-0.841416,-0.466301,0.375115,-0.155674
expansive,RE-1,48,cooldown,10,2022,133,-4048.74,-0.362872,-30.4417,-0.470845,-81.2187,22.6789,-29.2699,-51.9488,-1.16692,0.257357,-0.454782,-0.712139,-0.170457
expansive,RE-1,48,cooldown,10,2023,149,1961.85,0.195527,13.1668,0.631936,25.6221,0.543163,13.0826,12.5395,1.56875,-0.317541,0.625606,0.943147,0.139068
expansive,RE-1,48,cooldown,10,2024,140,2420.57,0.232717,17.2898,0.263105,4.59317,33.263,18.9281,-14.3349,-0.16337,0.799638,0.318134,-0.481504,0.0975074
expansive,RE-1,48,cooldown,10,2025,134,-369.615,-0.0545557,-2.75832,0.0337468,6.84193,-16.5478,-4.85292,11.6949,0.36825,-0.446722,-0.0392357,0.407486,-0.0177514
expansive,RE-1,48,réouverture,5,2020,91,912.512,0.0698406,10.0276,0.424093,51.7899,-38.695,6.54742,45.2425,1.26043,-0.551629,0.354398,0.906027,0.0871358
expansive,RE-1,48,réouverture,5,2021,160,-5083.17,-0.467004,-31.7698,-0.539405,-48.3884,-11.4582,-29.9233,-18.4651,-0.657252,-0.39537,-0.526311,-0.130941,-0.205821
expansive,RE-1,48,réouverture,5,2022,143,-3210.81,-0.308225,-22.4532,-0.322314,-75.9276,31.7744,-22.0766,-53.851,-1.08043,0.44648,-0.316975,-0.763455,-0.139347
expansive,RE-1,48,réouverture,5,2023,161,2005.41,0.200941,12.4559,0.790542,22.6807,2.60528,12.643,10.0377,1.60703,0.00392698,0.805477,0.80155,0.201215
expansive,RE-1,48,réouverture,5,2024,153,4224.49,0.467998,27.611,0.629107,24.2911,31.9872,28.1392,-3.84805,0.585068,0.687159,0.636114,-0.0510452,0.258726
expansive,RE-1,48,réouverture,5,2025,146,488.839,0.0278835,3.34822,0.182556,14.4872,-10.5327,1.97726,12.51,0.607609,-0.347126,0.130241,0.477368,0.0463301
expansive,RE-1,48,réouverture,10,2020,91,457.512,0.0222647,5.02761,0.301332,46.7899,-43.695,1.54742,45.2425,1.12908,-0.664377,0.232352,0.89673,0.0581973
expansive,RE-1,48,réouverture,10,2021,160,-5883.17,-0.508178,-36.7698,-0.608493,-53.3884,-16.4582,-34.9233,-18.4651,-0.722222,-0.469491,-0.595857,-0.126365,-0.227511
expansive,RE-1,48,réouverture,10,2022,143,-3925.81,-0.356106,-27.4532,-0.441309,-80.9276,26.7744,-27.0766,-53.851,-1.20735,0.335524,-0.435914,-0.771438,-0.171757
expansive,RE-1,48,réouverture,10,2023,161,1200.41,0.108124,7.45593,0.576743,17.6807,-2.39472,7.64297,10.0377,1.39401,-0.210628,0.591693,0.802321,0.126455
expansive,RE-1,48,réouverture,10,2024,153,3459.49,0.360094,22.611,0.490376,19.2911,26.9872,23.1392,-3.84805,0.445527,0.549496,0.497512,-0.0519848,0.197484
expansive,RE-1,48,réouverture,10,2025,146,-241.161,-0.044493,-1.65178,0.0101045,9.48725,-15.5327,-3.02274,12.51,0.444327,-0.531003,-0.0433382,0.487665,-0.00881191
expansive,RE-2,48,cooldown,5,2020,85,423.278,0.019189,4.97974,0.277204,47.5077,-40.66,3.42384,44.0838,1.0621,-0.565121,0.248488,0.813609,0.0477203
expansive,RE-2,48,cooldown,5,2021,149,-3206.28,-0.333307,-21.5186,-0.343131,-7.63507,-38.5105,-23.0728,15.4377,-0.0139441,-0.746017,-0.37998,0.366036,-0.128247
expansive,RE-2,48,cooldown,5,2022,133,-3074.11,-0.297129,-23.1136,-0.30176,-72.3185,28.3624,-21.9781,-50.3404,-0.945818,0.372024,-0.286897,-0.658921,-0.127339
expansive,RE-2,48,cooldown,5,2023,149,1754.21,0.173778,11.7732,0.719319,19.8972,3.53938,11.7183,8.17893,1.61491,-0.188377,0.713268,0.901645,0.154582
expansive,RE-2,48,cooldown,5,2024,140,3433.83,0.365738,24.5273,0.412232,10.7245,41.8921,26.3083,-15.5838,-0.0195021,0.955382,0.46794,-0.487442,0.15374
expansive,RE-2,48,cooldown,5,2025,134,279.366,0.00910162,2.08482,0.17775,10.3214,-9.74594,0.287744,10.0337,0.472909,-0.246207,0.113351,0.359558,0.0253672
expansive,RE-2,48,cooldown,10,2020,85,-1.722,-0.0232312,-0.0202589,0.155532,42.5077,-45.66,-1.57616,44.0838,0.930974,-0.676649,0.127163,0.803812,0.0218435
expansive,RE-2,48,cooldown,10,2021,149,-3951.28,-0.381334,-26.5186,-0.412561,-12.6351,-43.5105,-28.0728,15.4377,-0.0801857,-0.819348,-0.449767,0.369581,-0.150534
expansive,RE-2,48,cooldown,10,2022,133,-3739.11,-0.342492,-28.1136,-0.421913,-77.3185,23.3624,-26.9781,-50.3404,-1.07423,0.260511,-0.40686,-0.667371,-0.157994
expansive,RE-2,48,cooldown,10,2023,149,1009.21,0.0895683,6.77319,0.507752,14.8972,-1.46062,6.7183,8.17893,1.40261,-0.399198,0.501706,0.900904,0.0881652
expansive,RE-2,48,cooldown,10,2024,140,2733.83,0.273562,19.5273,0.274453,5.72453,36.8921,21.3083,-15.5838,-0.159637,0.820566,0.330465,-0.490101,0.102586
expansive,RE-2,48,cooldown,10,2025,134,-390.634,-0.0563134,-2.91518,0.0102231,5.32143,-14.7459,-4.71226,10.0337,0.309251,-0.41929,-0.0550194,0.36427,-0.0241467
expansive,RE-2,48,réouverture,5,2020,90,825.863,0.0604502,9.17626,0.40176,53.9063,-41.9437,5.98126,47.925,1.29751,-0.621952,0.337778,0.95973,0.0802868
expansive,RE-2,48,réouverture,5,2021,160,-4840.01,-0.453133,-30.25,-0.526114,-46.7148,-10.1264,-28.4206,-18.2942,-0.647216,-0.3781,-0.512658,-0.134558,-0.201497
expansive,RE-2,48,réouverture,5,2022,145,-3140.95,-0.303138,-21.6617,-0.306796,-73.7181,32.5943,-20.5619,-53.1562,-1.03495,0.452123,-0.291413,-0.743536,-0.137095
expansive,RE-2,48,réouverture,5,2023,161,2182.33,0.222559,13.5549,0.791424,26.7458,0.846489,13.7962,12.9497,1.68285,-0.0673897,0.807731,0.87512,0.201804
expansive,RE-2,48,réouverture,5,2024,155,4210.76,0.467834,27.1662,0.598984,22.9608,32.5467,27.7537,-4.79298,0.534656,0.681286,0.607971,-0.0733149,0.245459
expansive,RE-2,48,réouverture,5,2025,147,494.618,0.0287382,3.36475,0.170767,13.404,-8.9561,2.22393,11.18,0.562229,-0.309665,0.126282,0.435947,0.0423303
expansive,RE-2,48,réouverture,10,2020,90,375.863,0.0137943,4.17626,0.278467,48.9063,-46.9437,0.98126,47.925,1.16499,-0.734701,0.215144,0.949845,0.0517248
expansive,RE-2,48,réouverture,10,2021,160,-5640.01,-0.495372,-35.25,-0.595202,-51.7148,-15.1264,-33.4206,-18.2942,-0.712186,-0.452221,-0.582204,-0.129982,-0.223305
expansive,RE-2,48,réouverture,10,2022,145,-3865.95,-0.352017,-26.6617,-0.425711,-78.7181,27.5943,-25.5619,-53.1562,-1.1615,0.341167,-0.410166,-0.751333,-0.170059
expansive,RE-2,48,réouverture,10,2023,161,1377.33,0.128082,8.55486,0.577895,21.7458,-4.15351,8.79616,12.9497,1.47039,-0.281945,0.594221,0.876166,0.127002
expansive,RE-2,48,réouverture,10,2024,155,3435.76,0.358582,22.1662,0.460643,17.9608,27.5467,22.7537,-4.79298,0.394365,0.545439,0.469902,-0.0755371,0.184094
expansive,RE-2,48,réouverture,10,2025,147,-240.382,-0.0441762,-1.63525,-0.0024508,8.40396,-13.9561,-2.77607,11.18,0.398947,-0.495076,-0.0480642,0.447011,-0.0130967
