variante_seuils,configuration,nom,H,mode,frais_bps,annees,n_candidats,n_trades,part_ignores,trades_par_mois,pnl_compose,pnl_bps,pf,wr,esperance_bps,esperance_atr,mdd_valorise,mdd_sorties,mdd_bps,duree_mediane,brut_bps,frais_cumules_bps,part_frais,n_long,n_short,long_bps,short_bps,timing_bps,derive_bps,long_atr,short_atr,timing_atr,derive_atr,esperance_bps_lo,esperance_bps_hi,timing_bps_lo,timing_bps_hi,esperance_atr_lo,esperance_atr_hi,timing_atr_lo,timing_atr_hi,pnl_compose_r25,mdd_valorise_r25,mdd_sorties_r25,exposition_moyenne_r25,part_plafonnee_r25,pf_r25,brut_bps_r25,part_frais_r25,cagr_r25,calmar_r25,part_stop,n_F2b,esperance_atr_F2b,esperance_bps_F2b,n_F3,esperance_atr_F3,esperance_bps_F3,annees_atr_pos,annees_pnl_r25_pos,n_debloques,esperance_debloques_atr,n_perdus,esperance_perdus_atr,effet_bps_vs_C2,effet_bps_lo_vs_C2,effet_bps_hi_vs_C2,effet_atr_vs_C2,effet_atr_lo_vs_C2,effet_atr_hi_vs_C2,effet_bps_vs_RE1,effet_bps_lo_vs_RE1,effet_bps_hi_vs_RE1,effet_atr_vs_RE1,effet_atr_lo_vs_RE1,effet_atr_hi_vs_RE1
échantillon entier,C1,"C1 — F2b seul, sans stop",13,cooldown,5,6,741,695,0.0620783,9.65278,0.209283,2744.38,1.08064,0.466187,3.94874,0.0218593,-0.348803,-0.340149,-3748.32,13,6219.38,3475,0.558738,347,348,2.41582,5.47726,3.94654,-1.53072,0.0267942,0.0169386,0.0218664,0.00492783,-6.9816,15.2314,-7.04248,15.286,-0.19781,0.239681,-0.198884,0.239381,0.0231982,-0.200441,-0.198466,0.597907,0.155396,1.02391,2485.87,0.835814,0.00382951,0.0191055,0,695,0.0218593,3.94874,0,,,2,2,,,,,,,,,,,,,,,,
échantillon entier,C1,"C1 — F2b seul, sans stop",13,cooldown,10,6,741,695,0.0620783,9.65278,-0.145729,-730.624,0.979664,0.440288,-1.05126,-0.112856,-0.474786,-0.467301,-5857.93,13,6219.38,6950,1.11748,347,348,-2.58418,0.477256,-1.05346,-1.53072,-0.107503,-0.118194,-0.112848,0.00534564,-11.9816,10.2314,-12.0425,10.286,-0.341323,0.104653,-0.338661,0.106718,-0.16882,-0.316354,-0.308972,0.597907,0.155396,0.908494,2485.87,1.67163,-0.0303481,-0.0959306,0,695,-0.112856,-1.05126,0,,,1,1,,,,,,,,,,,,,,,,
échantillon entier,C1,"C1 — F2b seul, sans stop",13,réouverture,5,6,741,695,0.0620783,9.65278,0.209283,2744.38,1.08064,0.466187,3.94874,0.0218593,-0.348803,-0.340149,-3748.32,13,6219.38,3475,0.558738,347,348,2.41582,5.47726,3.94654,-1.53072,0.0267942,0.0169386,0.0218664,0.00492783,-6.9816,15.2314,-7.04248,15.286,-0.19781,0.239681,-0.198884,0.239381,0.0231982,-0.200441,-0.198466,0.597907,0.155396,1.02391,2485.87,0.835814,0.00382951,0.0191055,0,695,0.0218593,3.94874,0,,,2,2,0,,0,,,,,,,,,,,,,
échantillon entier,C1,"C1 — F2b seul, sans stop",13,réouverture,10,6,741,695,0.0620783,9.65278,-0.145729,-730.624,0.979664,0.440288,-1.05126,-0.112856,-0.474786,-0.467301,-5857.93,13,6219.38,6950,1.11748,347,348,-2.58418,0.477256,-1.05346,-1.53072,-0.107503,-0.118194,-0.112848,0.00534564,-11.9816,10.2314,-12.0425,10.286,-0.341323,0.104653,-0.338661,0.106718,-0.16882,-0.316354,-0.308972,0.597907,0.155396,0.908494,2485.87,1.67163,-0.0303481,-0.0959306,0,695,-0.112856,-1.05126,0,,,1,1,0,,0,,,,,,,,,,,,,
échantillon entier,C2,"C2 — R2 hors Q4 uniforme, sans stop",13,cooldown,5,6,1452,1240,0.146006,17.2222,-0.111035,379.558,1.00581,0.462903,0.306096,0.0312584,-0.559821,-0.550162,-7139.08,13,6579.56,6200,0.942312,661,579,-0.905592,1.68939,0.391897,-1.29749,-0.00834667,0.0764724,0.0340629,-0.0424095,-8.86422,8.7956,-8.77696,9.07314,-0.145917,0.208173,-0.144132,0.207476,0.00957907,-0.311301,-0.303789,0.600752,0.156452,1.01393,4174.64,0.892211,0.00159018,0.00510816,0,652,0.0180856,2.38556,588,0.045865,-1.99971,3,3,,,,,,,,,,,,,,,,
échantillon entier,C2,"C2 — R2 hors Q4 uniforme, sans stop",13,cooldown,10,6,1452,1240,0.146006,17.2222,-0.521926,-5820.44,0.915337,0.435484,-4.6939,-0.105507,-0.697174,-0.689968,-10826.6,13,6579.56,12400,1.88462,661,579,-5.90559,-3.31061,-4.6081,-1.29749,-0.14592,-0.0593704,-0.102645,-0.0432746,-13.8642,3.7956,-13.777,4.07314,-0.282537,0.0732536,-0.282273,0.0719627,-0.304428,-0.460061,-0.453379,0.600752,0.156452,0.90475,4174.64,1.78442,-0.0587094,-0.127612,0,652,-0.114867,-2.61444,588,-0.0951281,-6.99971,2,2,,,,,,,,,,,,,,,,
échantillon entier,C2,"C2 — R2 hors Q4 uniforme, sans stop",13,réouverture,5,6,1452,1240,0.146006,17.2222,-0.111035,379.558,1.00581,0.462903,0.306096,0.0312584,-0.559821,-0.550162,-7139.08,13,6579.56,6200,0.942312,661,579,-0.905592,1.68939,0.391897,-1.29749,-0.00834667,0.0764724,0.0340629,-0.0424095,-8.86422,8.7956,-8.77696,9.07314,-0.145917,0.208173,-0.144132,0.207476,0.00957907,-0.311301,-0.303789,0.600752,0.156452,1.01393,4174.64,0.892211,0.00159018,0.00510816,0,652,0.0180856,2.38556,588,0.045865,-1.99971,3,3,0,,0,,,,,,,,,,,,,
échantillon entier,C2,"C2 — R2 hors Q4 uniforme, sans stop",13,réouverture,10,6,1452,1240,0.146006,17.2222,-0.521926,-5820.44,0.915337,0.435484,-4.6939,-0.105507,-0.697174,-0.689968,-10826.6,13,6579.56,12400,1.88462,661,579,-5.90559,-3.31061,-4.6081,-1.29749,-0.14592,-0.0593704,-0.102645,-0.0432746,-13.8642,3.7956,-13.777,4.07314,-0.282537,0.0732536,-0.282273,0.0719627,-0.304428,-0.460061,-0.453379,0.600752,0.156452,0.90475,4174.64,1.78442,-0.0587094,-0.127612,0,652,-0.114867,-2.61444,588,-0.0951281,-6.99971,2,2,0,,0,,,,,,,,,,,,,
échantillon entier,RE-1,"RE-1 — F2b sans stop, F3 SL-B extremum",13,cooldown,5,6,1452,1240,0.146006,17.2222,0.184677,3045.87,1.05058,0.440323,2.45634,0.0661673,-0.439734,-0.42755,-5082.82,13,9245.87,6200,0.67057,661,579,1.76344,3.24738,2.50541,-0.74197,0.043051,0.0925575,0.0678042,-0.0247533,-5.92288,10.5985,-6.12937,10.763,-0.0983387,0.233052,-0.0975515,0.234433,0.156702,-0.189686,-0.185557,0.600752,0.156452,1.05951,5479.03,0.679803,0.0245589,0.129471,0.166935,652,0.0180856,2.38556,588,0.119482,2.53483,3,3,,,,,2.15025,-0.36703,4.73726,0.0349089,-0.0257446,0.0981073,,,,,,
échantillon entier,RE-1,"RE-1 — F2b sans stop, F3 SL-B extremum",13,cooldown,10,6,1452,1240,0.146006,17.2222,-0.362798,-3154.13,0.950532,0.414516,-2.54366,-0.0705978,-0.612212,-0.607217,-8518.27,13,9245.87,12400,1.34114,661,579,-3.23656,-1.75262,-2.49459,-0.74197,-0.094522,-0.0432854,-0.0689037,-0.0256183,-10.9229,5.59851,-11.1294,5.76299,-0.235863,0.0995104,-0.23427,0.101738,-0.20303,-0.372617,-0.370309,0.600752,0.156452,0.937765,5479.03,1.35961,-0.0371167,-0.0996108,0.166935,652,-0.114867,-2.61444,588,-0.0215106,-2.46517,2,2,,,,,2.15025,-0.36703,4.73726,0.0349089,-0.0257446,0.0981073,,,,,,
échantillon entier,RE-1,"RE-1 — F2b sans stop, F3 SL-B extremum",13,réouverture,5,6,1452,1247,0.141185,17.3194,0.166411,2893.47,1.04776,0.439455,2.32034,0.058244,-0.450663,-0.438151,-5257.66,13,9128.47,6235,0.683028,665,582,1.75174,2.97004,2.36089,-0.609152,0.0403855,0.0786493,0.0595174,-0.0191319,-6.18522,10.4292,-6.34102,10.6145,-0.105963,0.22768,-0.105452,0.231825,0.140447,-0.196127,-0.192031,0.600749,0.157177,1.05432,5359.47,0.698888,0.0221451,0.112912,0.167602,655,0.0108288,2.44325,592,0.110705,2.18435,3,3,7,-1.34532,0,,,,,,,,,,,,,
échantillon entier,RE-1,"RE-1 — F2b sans stop, F3 SL-B extremum",13,réouverture,10,6,1452,1247,0.141185,17.3194,-0.374819,-3341.53,0.947906,0.413793,-2.67966,-0.0786371,-0.62686,-0.622053,-8901.41,13,9128.47,12470,1.36606,665,582,-3.24826,-2.02996,-2.63911,-0.609152,-0.0970786,-0.0575656,-0.0773221,-0.0197565,-11.1852,5.42923,-11.341,5.61447,-0.243157,0.0921286,-0.24278,0.0964133,-0.215884,-0.388027,-0.385776,0.600749,0.157177,0.933185,5359.47,1.39778,-0.0397227,-0.102371,0.167602,655,-0.122539,-2.55675,592,-0.0300629,-2.81565,2,2,7,-1.50275,0,,,,,,,,,,,,,
échantillon entier,RE-2,"RE-2 — F2b sans stop, F3 SL-A 2 ATR",13,cooldown,5,6,1452,1240,0.146006,17.2222,0.184553,3025.7,1.05035,0.440323,2.44008,0.0631887,-0.448864,-0.439034,-5247.93,13,9225.7,6200,0.672036,661,579,1.26643,3.77995,2.52319,-1.25676,0.0410722,0.0884374,0.0647548,-0.0236826,-5.653,10.6154,-5.73286,10.698,-0.0953194,0.228805,-0.0960976,0.232076,0.146341,-0.201763,-0.197696,0.600752,0.156452,1.05628,5388.07,0.691279,0.0230235,0.114112,0.178226,652,0.0180856,2.38556,588,0.113201,2.50053,3,3,,,,,2.13399,-0.495331,4.9213,0.0319303,-0.029849,0.0954058,,,,,,
échantillon entier,RE-2,"RE-2 — F2b sans stop, F3 SL-A 2 ATR",13,cooldown,10,6,1452,1240,0.146006,17.2222,-0.362863,-3174.3,0.950118,0.414516,-2.55992,-0.0735764,-0.618599,-0.610889,-8707.17,13,9225.7,12400,1.34407,661,579,-3.73357,-1.22005,-2.47681,-1.25676,-0.0965008,-0.0474054,-0.0719531,-0.0245477,-10.653,5.61538,-10.7329,5.69797,-0.236568,0.0960328,-0.237358,0.0999544,-0.210173,-0.380175,-0.377895,0.600752,0.156452,0.935042,5388.07,1.38256,-0.0385604,-0.101428,0.178226,652,-0.114867,-2.61444,588,-0.0277921,-2.49947,2,2,,,,,2.13399,-0.495331,4.9213,0.0319303,-0.029849,0.0954058,,,,,,
échantillon entier,RE-2,"RE-2 — F2b sans stop, F3 SL-A 2 ATR",13,réouverture,5,6,1452,1253,0.137052,17.4028,0.108509,2367.45,1.03886,0.436552,1.88942,0.0455236,-0.476544,-0.467208,-5584.12,13,8632.45,6265,0.72575,668,585,0.7624,3.17635,1.96937,-1.20697,0.0309589,0.0621546,0.0465568,-0.0155978,-6.27017,9.88176,-6.34058,9.82158,-0.11525,0.216464,-0.114395,0.219845,0.0989316,-0.222668,-0.218707,0.60125,0.158021,1.04135,5009.35,0.75196,0.0158473,0.0711701,0.179569,656,0.00153642,2.20638,597,0.0938578,1.54114,3,3,16,-1.37634,3,-0.236181,,,,,,,,,,,,
échantillon entier,RE-2,"RE-2 — F2b sans stop, F3 SL-A 2 ATR",13,réouverture,10,6,1452,1253,0.137052,17.4028,-0.407649,-3897.55,0.939593,0.411014,-3.11058,-0.0914282,-0.646503,-0.64195,-9464.38,13,8632.45,12530,1.4515,668,585,-4.2376,-1.82365,-3.03063,-1.20697,-0.106199,-0.074562,-0.0903803,-0.0158183,-11.2702,4.88176,-11.3406,4.82158,-0.254204,0.0815652,-0.254569,0.0851041,-0.246037,-0.41066,-0.408492,0.60125,0.158021,0.92176,5009.35,1.50392,-0.0459781,-0.111962,0.179569,656,-0.132168,-2.79362,597,-0.0466622,-3.45886,2,2,16,-1.53408,3,-0.406828,,,,,,,,,,,,
échantillon entier,RE-3,"RE-3 — F2b SL-A 5 ATR, F3 SL-B extremum",13,cooldown,5,6,1452,1240,0.146006,17.2222,0.13616,2574.91,1.0425,0.437097,2.07654,0.0443226,-0.492236,-0.482972,-5863.36,13,8774.91,6200,0.70656,661,579,0.132619,4.29577,2.21419,-2.08158,0.00123048,0.0935175,0.047374,-0.0461435,-5.8265,9.9892,-5.8229,10.3519,-0.117478,0.21431,-0.114572,0.216817,0.103812,-0.242927,-0.239069,0.600752,0.156452,1.04269,5001.17,0.744758,0.0165979,0.0683247,0.212903,652,-0.0234596,1.66324,588,0.119482,2.53483,3,3,,,,,1.77045,-1.34823,5.28471,0.0130642,-0.0602187,0.0869731,-0.379801,-1.88256,1.34512,-0.0218447,-0.0584004,0.0134686
échantillon entier,RE-3,"RE-3 — F2b SL-A 5 ATR, F3 SL-B extremum",13,cooldown,10,6,1452,1240,0.146006,17.2222,-0.388904,-3625.09,0.943493,0.412903,-2.92346,-0.0924425,-0.65483,-0.650384,-9680.27,13,8774.91,12400,1.41312,661,579,-4.86738,-0.704229,-2.78581,-2.08158,-0.136342,-0.0423253,-0.0893339,-0.0470086,-10.8265,4.9892,-10.8229,5.35193,-0.257,0.0819268,-0.256018,0.0853501,-0.23949,-0.42056,-0.418428,0.600752,0.156452,0.923722,5001.17,1.48952,-0.0446023,-0.106055,0.212903,652,-0.156412,-3.33676,588,-0.0215106,-2.46517,2,2,,,,,1.77045,-1.34823,5.28471,0.0130642,-0.0602187,0.0869731,-0.379801,-1.88256,1.34512,-0.0218447,-0.0584004,0.0134686
échantillon entier,RE-3,"RE-3 — F2b SL-A 5 ATR, F3 SL-B extremum",13,réouverture,5,6,1452,1247,0.141185,17.3194,0.120062,2435.11,1.03996,0.436247,1.95277,0.037429,-0.502141,-0.493057,-6059.12,13,8670.11,6235,0.719137,665,582,0.130726,4.03467,2.0827,-1.95197,-0.00118343,0.0815481,0.0401823,-0.0413657,-6.03844,9.92223,-6.0269,10.1318,-0.126219,0.209962,-0.125535,0.215352,0.089682,-0.248944,-0.245117,0.600749,0.157177,1.03813,4894.21,0.765327,0.0144173,0.0579136,0.214114,655,-0.0287991,1.74347,592,0.110705,2.18435,3,3,7,-1.18371,0,,,,,,,,,,,,,
échantillon entier,RE-3,"RE-3 — F2b SL-A 5 ATR, F3 SL-B extremum",13,réouverture,10,6,1452,1247,0.141185,17.3194,-0.399672,-3799.89,0.941109,0.412189,-3.04723,-0.0994521,-0.667446,-0.663163,-10050.8,13,8670.11,12470,1.43827,665,582,-4.86927,-0.965331,-2.9173,-1.95197,-0.138648,-0.0546669,-0.0966572,-0.0419903,-11.0384,4.92223,-11.0269,5.13176,-0.265002,0.0773739,-0.26256,0.0807243,-0.250806,-0.434075,-0.431993,0.600749,0.157177,0.919669,4894.21,1.53065,-0.0469865,-0.108245,0.214114,655,-0.162167,-3.25653,592,-0.0300629,-2.81565,2,2,7,-1.34115,0,,,,,,,,,,,,,
échantillon entier,C1,"C1 — F2b seul, sans stop",20,cooldown,5,6,741,670,0.0958165,9.30556,0.534568,5303.63,1.14237,0.497015,7.91586,0.241168,-0.32543,-0.310847,-3379.34,20,8653.63,3350,0.387121,335,335,15.0781,0.753667,7.91586,7.16219,0.441659,0.0406776,0.241168,0.200491,-5.77856,21.5736,-5.65509,21.3601,-0.0193974,0.51788,-0.020373,0.516371,0.392282,-0.105495,-0.0974355,0.597407,0.153731,1.19332,5568.62,0.359391,0.0567069,0.537534,0,670,0.241168,7.91586,0,,,5,4,,,,,,,,,,,,,,,,
échantillon entier,C1,"C1 — F2b seul, sans stop",20,cooldown,10,6,741,670,0.0958165,9.30556,0.0978222,1953.63,1.0501,0.470149,2.91586,0.107012,-0.431783,-0.414651,-4820.32,20,8653.63,6700,0.774242,335,335,10.0781,-4.24633,2.91586,7.16219,0.307631,-0.0936081,0.107012,0.20062,-10.7786,16.5736,-10.6551,16.3601,-0.154887,0.384995,-0.160372,0.382825,0.139839,-0.151301,-0.137757,0.597407,0.153731,1.0803,5568.62,0.718783,0.0220542,0.145764,0,670,0.107012,2.91586,0,,,3,3,,,,,,,,,,,,,,,,
échantillon entier,C1,"C1 — F2b seul, sans stop",20,réouverture,5,6,741,670,0.0958165,9.30556,0.534568,5303.63,1.14237,0.497015,7.91586,0.241168,-0.32543,-0.310847,-3379.34,20,8653.63,3350,0.387121,335,335,15.0781,0.753667,7.91586,7.16219,0.441659,0.0406776,0.241168,0.200491,-5.77856,21.5736,-5.65509,21.3601,-0.0193974,0.51788,-0.020373,0.516371,0.392282,-0.105495,-0.0974355,0.597407,0.153731,1.19332,5568.62,0.359391,0.0567069,0.537534,0,670,0.241168,7.91586,0,,,5,4,0,,0,,,,,,,,,,,,,
échantillon entier,C1,"C1 — F2b seul, sans stop",20,réouverture,10,6,741,670,0.0958165,9.30556,0.0978222,1953.63,1.0501,0.470149,2.91586,0.107012,-0.431783,-0.414651,-4820.32,20,8653.63,6700,0.774242,335,335,10.0781,-4.24633,2.91586,7.16219,0.307631,-0.0936081,0.107012,0.20062,-10.7786,16.5736,-10.6551,16.3601,-0.154887,0.384995,-0.160372,0.382825,0.139839,-0.151301,-0.137757,0.597407,0.153731,1.0803,5568.62,0.718783,0.0220542,0.145764,0,670,0.107012,2.91586,0,,,3,3,0,,0,,,,,,,,,,,,,
échantillon entier,C2,"C2 — R2 hors Q4 uniforme, sans stop",20,cooldown,5,6,1452,1160,0.201102,16.1111,0.586655,6580.86,1.09639,0.487931,5.67315,0.23889,-0.37886,-0.357791,-4113.34,20,12380.9,5800,0.468465,620,540,10.4472,0.191796,5.31952,5.12772,0.403807,0.049541,0.226674,0.177133,-4.72599,15.8716,-5.13278,15.5768,0.0135514,0.476531,0.00237043,0.466857,0.615536,-0.175429,-0.168845,0.599866,0.156897,1.15547,8779.69,0.396281,0.0832269,0.474419,0,616,0.308245,10.0446,544,0.160355,0.723073,4,4,,,,,,,,,,,,,,,,
échantillon entier,C2,"C2 — R2 hors Q4 uniforme, sans stop",20,cooldown,10,6,1452,1160,0.201102,16.1111,-0.111646,780.856,1.01094,0.456034,0.673152,0.10251,-0.568475,-0.552589,-6791.75,20,12380.9,11600,0.93693,620,540,5.44724,-4.8082,0.319516,5.12772,0.266736,-0.0860455,0.0903451,0.176391,-9.72599,10.8716,-10.1328,10.5768,-0.125753,0.342443,-0.13473,0.326985,0.140931,-0.284733,-0.277766,0.599866,0.156897,1.05066,8779.69,0.792562,0.0222173,0.0780285,0,616,0.17591,5.04465,544,0.0193956,-4.27693,3,3,,,,,,,,,,,,,,,,
échantillon entier,C2,"C2 — R2 hors Q4 uniforme, sans stop",20,réouverture,5,6,1452,1160,0.201102,16.1111,0.586655,6580.86,1.09639,0.487931,5.67315,0.23889,-0.37886,-0.357791,-4113.34,20,12380.9,5800,0.468465,620,540,10.4472,0.191796,5.31952,5.12772,0.403807,0.049541,0.226674,0.177133,-4.72599,15.8716,-5.13278,15.5768,0.0135514,0.476531,0.00237043,0.466857,0.615536,-0.175429,-0.168845,0.599866,0.156897,1.15547,8779.69,0.396281,0.0832269,0.474419,0,616,0.308245,10.0446,544,0.160355,0.723073,4,4,0,,0,,,,,,,,,,,,,
échantillon entier,C2,"C2 — R2 hors Q4 uniforme, sans stop",20,réouverture,10,6,1452,1160,0.201102,16.1111,-0.111646,780.856,1.01094,0.456034,0.673152,0.10251,-0.568475,-0.552589,-6791.75,20,12380.9,11600,0.93693,620,540,5.44724,-4.8082,0.319516,5.12772,0.266736,-0.0860455,0.0903451,0.176391,-9.72599,10.8716,-10.1328,10.5768,-0.125753,0.342443,-0.13473,0.326985,0.140931,-0.284733,-0.277766,0.599866,0.156897,1.05066,8779.69,0.792562,0.0222173,0.0780285,0,616,0.17591,5.04465,544,0.0193956,-4.27693,3,3,0,,0,,,,,,,,,,,,,
échantillon entier,RE-1,"RE-1 — F2b sans stop, F3 SL-B extremum",20,cooldown,5,6,1452,1160,0.201102,16.1111,0.573357,6128.87,1.09637,0.450862,5.28351,0.209612,-0.41512,-0.403478,-4479.57,20,11928.9,5800,0.486216,620,540,8.17376,1.96507,5.06941,3.10435,0.30181,0.103755,0.202783,0.0990272,-3.81705,14.5196,-4.05557,14.3819,0.00756554,0.423415,0.00135298,0.41876,0.647866,-0.124114,-0.115759,0.599866,0.156897,1.17434,8872.27,0.392146,0.0868101,0.69944,0.213793,616,0.308245,10.0446,544,0.0979244,-0.107791,4,4,,,,,-0.389647,-4.42503,3.83621,-0.029278,-0.138296,0.0784196,,,,,,
échantillon entier,RE-1,"RE-1 — F2b sans stop, F3 SL-B extremum",20,cooldown,10,6,1452,1160,0.201102,16.1111,-0.119078,328.866,1.00492,0.422414,0.283505,0.0732319,-0.540564,-0.528679,-6714.54,20,11928.9,11600,0.972431,620,540,3.17376,-3.03493,0.0694123,3.10435,0.164738,-0.0318311,0.0664537,0.0982848,-8.81705,9.51958,-9.05557,9.38188,-0.130784,0.288693,-0.141193,0.284284,0.163797,-0.201322,-0.194667,0.599866,0.156897,1.05812,8872.27,0.784292,0.0256036,0.127177,0.213793,616,0.17591,5.04465,544,-0.0430353,-5.10779,4,4,,,,,-0.389647,-4.42503,3.83621,-0.029278,-0.138296,0.0784196,,,,,,
échantillon entier,RE-1,"RE-1 — F2b sans stop, F3 SL-B extremum",20,réouverture,5,6,1452,1182,0.18595,16.4167,0.429259,5181.79,1.07975,0.447547,4.38391,0.1808,-0.449747,-0.438794,-5080.84,20,11091.8,5910,0.532827,631,551,6.24569,2.25182,4.24876,1.99694,0.272272,0.0760459,0.174159,0.0981132,-5.68331,13.8029,-5.92557,13.6634,-0.0233058,0.396782,-0.0319746,0.392018,0.566752,-0.141542,-0.132809,0.599929,0.15736,1.15464,8436.89,0.420247,0.0777054,0.548991,0.21489,629,0.272475,9.08106,553,0.0765253,-0.958771,4,4,27,-0.937965,5,0.823971,,,,,,,,,,,,
échantillon entier,RE-1,"RE-1 — F2b sans stop, F3 SL-B extremum",20,réouverture,10,6,1452,1182,0.18595,16.4167,-0.208553,-728.214,0.989345,0.419628,-0.616086,0.0443606,-0.57705,-0.562726,-7454.79,20,11091.8,11820,1.06565,631,551,1.24569,-2.74818,-0.751243,1.99694,0.13577,-0.0603205,0.0377247,0.0980452,-10.6833,8.80287,-10.9256,8.66339,-0.161831,0.26644,-0.168882,0.260334,0.0991699,-0.224338,-0.21678,0.599929,0.15736,1.03996,8436.89,0.840494,0.015884,0.0708041,0.21489,629,0.140106,4.08106,553,-0.0645438,-5.95877,4,4,27,-1.07738,5,0.685094,,,,,,,,,,,,
échantillon entier,RE-2,"RE-2 — F2b sans stop, F3 SL-A 2 ATR",20,cooldown,5,6,1452,1160,0.201102,16.1111,0.424733,5112.25,1.07974,0.446552,4.40711,0.196629,-0.429057,-0.417693,-4737.02,20,10912.2,5800,0.531513,620,540,6.31404,2.21767,4.26586,2.04819,0.282027,0.0985808,0.190304,0.0917229,-4.69833,13.4325,-4.95704,13.4312,-0.00336725,0.407792,-0.00855198,0.40263,0.583771,-0.128259,-0.121391,0.599866,0.156897,1.15988,8475.02,0.410527,0.0796477,0.62099,0.223276,616,0.308245,10.0446,544,0.0702409,-1.97657,4,4,,,,,-1.26604,-5.1948,2.74922,-0.0422606,-0.149994,0.0682396,,,,,,
échantillon entier,RE-2,"RE-2 — F2b sans stop, F3 SL-A 2 ATR",20,cooldown,10,6,1452,1160,0.201102,16.1111,-0.202331,-687.752,0.989799,0.419828,-0.59289,0.0602493,-0.554868,-0.543353,-7046.52,20,10912.2,11600,1.06303,620,540,1.31404,-2.78233,-0.734144,2.04819,0.144955,-0.0370057,0.0539748,0.0909805,-9.69833,8.43253,-9.95704,8.43121,-0.139877,0.270618,-0.146705,0.268522,0.118515,-0.224131,-0.219212,0.599866,0.156897,1.04561,8475.02,0.821053,0.0188422,0.0840679,0.223276,616,0.17591,5.04465,544,-0.0707189,-6.97657,3,3,,,,,-1.26604,-5.1948,2.74922,-0.0422606,-0.149994,0.0682396,,,,,,
échantillon entier,RE-2,"RE-2 — F2b sans stop, F3 SL-A 2 ATR",20,réouverture,5,6,1452,1187,0.182507,16.4861,0.167969,3132.41,1.04747,0.441449,2.63893,0.15084,-0.462682,-0.451986,-5334.24,20,9067.41,5935,0.654542,634,553,3.48916,1.66417,2.57667,0.912491,0.235522,0.0537539,0.144638,0.0908842,-7.2335,11.8306,-7.29148,11.9302,-0.0476455,0.364692,-0.0516718,0.359202,0.429973,-0.139168,-0.12975,0.599672,0.156698,1.12355,7534.28,0.472381,0.0614217,0.441349,0.224937,630,0.251229,8.20136,557,0.0372943,-3.65251,4,4,35,-1.01232,8,1.70148,,,,,,,,,,,,
échantillon entier,RE-2,"RE-2 — F2b sans stop, F3 SL-A 2 ATR",20,réouverture,10,6,1452,1187,0.182507,16.4861,-0.354921,-2802.59,0.959616,0.415333,-2.36107,0.0146461,-0.595189,-0.586045,-7792.75,20,9067.41,11870,1.30908,634,553,-1.51084,-3.33583,-2.42333,0.912491,0.0993924,-0.0825133,0.00843956,0.0909529,-12.2335,6.83064,-12.2915,6.93022,-0.185905,0.232054,-0.192754,0.227136,0.00183218,-0.245213,-0.236774,0.599672,0.156698,1.01215,7534.28,0.944762,0.000305131,0.00124435,0.224937,630,0.118528,3.20136,557,-0.10285,-8.65251,3,3,35,-1.14569,8,1.55066,,,,,,,,,,,,
échantillon entier,RE-3,"RE-3 — F2b SL-A 5 ATR, F3 SL-B extremum",20,cooldown,5,6,1452,1160,0.201102,16.1111,0.16409,3092.2,1.0471,0.443103,2.66569,0.126476,-0.447638,-0.428714,-4982.29,20,8892.2,5800,0.652257,620,540,2.73873,2.58183,2.66028,0.0784523,0.152515,0.0965803,0.124547,0.0279672,-6.15239,11.6106,-6.36133,12.0525,-0.06839,0.334134,-0.0704103,0.332153,0.36085,-0.157326,-0.150687,0.599866,0.156897,1.10777,6941.75,0.501202,0.0526929,0.334927,0.291379,616,0.151691,5.115,544,0.0979244,-0.107791,3,3,,,,,-3.00746,-7.2612,1.35483,-0.112414,-0.23742,0.00695325,-2.61781,-4.88263,-0.442996,-0.0831359,-0.152401,-0.0226227
échantillon entier,RE-3,"RE-3 — F2b SL-A 5 ATR, F3 SL-B extremum",20,cooldown,10,6,1452,1160,0.201102,16.1111,-0.348324,-2707.8,0.960748,0.414655,-2.33431,-0.00990396,-0.633423,-0.619926,-8555.75,20,8892.2,11600,1.30451,620,540,-2.26127,-2.41817,-2.33972,0.0784523,0.0154432,-0.0390063,-0.0117815,0.0272247,-11.1524,6.61064,-11.3613,7.05251,-0.209079,0.197746,-0.210788,0.19826,-0.0389824,-0.312274,-0.302359,0.599866,0.156897,0.999511,6941.75,1.0024,-0.00660519,-0.0211519,0.291379,616,0.0193549,0.114998,544,-0.0430353,-5.10779,2,2,,,,,-3.00746,-7.2612,1.35483,-0.112414,-0.23742,0.00695325,-2.61781,-4.88263,-0.442996,-0.0831359,-0.152401,-0.0226227
échantillon entier,RE-3,"RE-3 — F2b SL-A 5 ATR, F3 SL-B extremum",20,réouverture,5,6,1452,1183,0.185262,16.4306,0.0918708,2467.47,1.03685,0.440406,2.08577,0.109254,-0.4825,-0.466368,-5672.02,20,8382.47,5915,0.705639,632,551,1.29142,2.9969,2.14416,-0.852738,0.133326,0.0816432,0.107485,0.0258413,-7.8904,11.5563,-8.04603,11.8481,-0.089181,0.320452,-0.0917194,0.320666,0.320398,-0.153489,-0.148035,0.599854,0.157227,1.09661,6711.95,0.528629,0.0474118,0.308894,0.292477,629,0.130196,4.37446,554,0.0854766,-0.512755,3,3,28,-0.476613,5,0.823971,,,,,,,,,,,,
échantillon entier,RE-3,"RE-3 — F2b SL-A 5 ATR, F3 SL-B extremum",20,réouverture,10,6,1452,1183,0.185262,16.4306,-0.395764,-3447.53,0.951007,0.412511,-2.91423,-0.0271563,-0.664609,-0.653609,-9469.74,20,8382.47,11830,1.41128,632,551,-3.70858,-2.0031,-2.85584,-0.852738,-0.00312244,-0.0547232,-0.0289228,0.0258004,-12.8904,6.55627,-13.046,6.84807,-0.232481,0.186923,-0.234072,0.186109,-0.0739652,-0.340211,-0.332266,0.599854,0.157227,0.988965,6711.95,1.05726,-0.0127256,-0.0374049,0.292477,629,-0.0021723,-0.62554,554,-0.0555225,-5.51275,2,2,28,-0.614707,5,0.685094,,,,,,,,,,,,
échantillon entier,C1,"C1 — F2b seul, sans stop",24,cooldown,5,6,741,649,0.124157,9.01389,0.782295,7092.7,1.17231,0.511556,10.9287,0.385388,-0.395045,-0.37135,-4295.13,24,10337.7,3245,0.3139,325,324,14.2318,7.61528,10.9236,3.30827,0.572645,0.197554,0.385099,0.187545,-3.25229,24.8739,-3.41367,24.9418,0.0772879,0.711098,0.0728161,0.707042,0.689406,-0.131555,-0.128022,0.595431,0.149461,1.27938,7501.43,0.257574,0.0913289,0.694227,0,649,0.385388,10.9287,0,,,5,5,,,,,,,,,,,,,,,,
échantillon entier,C1,"C1 — F2b seul, sans stop",24,cooldown,10,6,741,649,0.124157,9.01389,0.288585,3847.7,1.08994,0.488444,5.92865,0.251493,-0.428111,-0.406337,-4865.13,24,10337.7,6490,0.6278,325,324,9.23183,2.61528,5.92355,3.30827,0.436968,0.0654464,0.251207,0.185761,-8.25229,19.8739,-8.41367,19.9418,-0.0577918,0.577899,-0.0636267,0.575957,0.39281,-0.151919,-0.148645,0.595431,0.149461,1.17417,7501.43,0.515149,0.0567737,0.373711,0,649,0.251493,5.92865,0,,,5,4,,,,,,,,,,,,,,,,
échantillon entier,C1,"C1 — F2b seul, sans stop",24,réouverture,5,6,741,649,0.124157,9.01389,0.782295,7092.7,1.17231,0.511556,10.9287,0.385388,-0.395045,-0.37135,-4295.13,24,10337.7,3245,0.3139,325,324,14.2318,7.61528,10.9236,3.30827,0.572645,0.197554,0.385099,0.187545,-3.25229,24.8739,-3.41367,24.9418,0.0772879,0.711098,0.0728161,0.707042,0.689406,-0.131555,-0.128022,0.595431,0.149461,1.27938,7501.43,0.257574,0.0913289,0.694227,0,649,0.385388,10.9287,0,,,5,5,0,,0,,,,,,,,,,,,,
échantillon entier,C1,"C1 — F2b seul, sans stop",24,réouverture,10,6,741,649,0.124157,9.01389,0.288585,3847.7,1.08994,0.488444,5.92865,0.251493,-0.428111,-0.406337,-4865.13,24,10337.7,6490,0.6278,325,324,9.23183,2.61528,5.92355,3.30827,0.436968,0.0654464,0.251207,0.185761,-8.25229,19.8739,-8.41367,19.9418,-0.0577918,0.577899,-0.0636267,0.575957,0.39281,-0.151919,-0.148645,0.595431,0.149461,1.17417,7501.43,0.515149,0.0567737,0.373711,0,649,0.251493,5.92865,0,,,5,4,0,,0,,,,,,,,,,,,,
échantillon entier,C2,"C2 — R2 hors Q4 uniforme, sans stop",24,cooldown,5,6,1452,1109,0.236226,15.4028,1.43387,11375.1,1.15506,0.487827,10.2571,0.324331,-0.466644,-0.442456,-5185.05,24,16920.1,5545,0.327716,598,511,13.8043,6.10601,9.95516,3.84915,0.476463,0.146299,0.311381,0.165082,-2.22006,21.6163,-2.51081,21.2642,0.0493296,0.594175,0.0438595,0.575069,1.04308,-0.223607,-0.214763,0.596456,0.153291,1.21456,11051.5,0.299267,0.126456,0.565529,0,590,0.462278,12.2752,519,0.167514,7.96298,5,4,,,,,,,,,,,,,,,,
échantillon entier,C2,"C2 — R2 hors Q4 uniforme, sans stop",24,cooldown,10,6,1452,1109,0.236226,15.4028,0.398172,5830.15,1.07647,0.469793,5.25712,0.189616,-0.520689,-0.502816,-6241.66,24,16920.1,11090,0.655432,598,511,8.80431,1.10601,4.95516,3.84915,0.340952,0.0125141,0.176733,0.164219,-7.22006,16.6163,-7.51081,16.2642,-0.0856915,0.456153,-0.093677,0.443811,0.467992,-0.251993,-0.239547,0.596456,0.153291,1.11734,11051.5,0.598535,0.0660739,0.262205,0,590,0.331247,7.27519,519,0.0286088,2.96298,3,3,,,,,,,,,,,,,,,,
échantillon entier,C2,"C2 — R2 hors Q4 uniforme, sans stop",24,réouverture,5,6,1452,1109,0.236226,15.4028,1.43387,11375.1,1.15506,0.487827,10.2571,0.324331,-0.466644,-0.442456,-5185.05,24,16920.1,5545,0.327716,598,511,13.8043,6.10601,9.95516,3.84915,0.476463,0.146299,0.311381,0.165082,-2.22006,21.6163,-2.51081,21.2642,0.0493296,0.594175,0.0438595,0.575069,1.04308,-0.223607,-0.214763,0.596456,0.153291,1.21456,11051.5,0.299267,0.126456,0.565529,0,590,0.462278,12.2752,519,0.167514,7.96298,5,4,0,,0,,,,,,,,,,,,,
échantillon entier,C2,"C2 — R2 hors Q4 uniforme, sans stop",24,réouverture,10,6,1452,1109,0.236226,15.4028,0.398172,5830.15,1.07647,0.469793,5.25712,0.189616,-0.520689,-0.502816,-6241.66,24,16920.1,11090,0.655432,598,511,8.80431,1.10601,4.95516,3.84915,0.340952,0.0125141,0.176733,0.164219,-7.22006,16.6163,-7.51081,16.2642,-0.0856915,0.456153,-0.093677,0.443811,0.467992,-0.251993,-0.239547,0.596456,0.153291,1.11734,11051.5,0.598535,0.0660739,0.262205,0,590,0.331247,7.27519,519,0.0286088,2.96298,3,3,0,,0,,,,,,,,,,,,,
échantillon entier,RE-1,"RE-1 — F2b sans stop, F3 SL-B extremum",24,cooldown,5,6,1452,1109,0.236226,15.4028,1.29527,10331,1.15254,0.442741,9.31564,0.328308,-0.441731,-0.422443,-5082.97,24,15876,5545,0.349268,598,511,10.0946,8.40405,9.24933,0.845283,0.415412,0.226375,0.320894,0.0945187,-0.977886,19.614,-1.21025,19.5425,0.0780355,0.582707,0.0719767,0.56835,1.11912,-0.142281,-0.134364,0.596456,0.153291,1.2472,11289.9,0.292949,0.133338,0.937143,0.229035,590,0.462278,12.2752,519,0.176012,5.95122,5,5,,,,,-0.941481,-5.87521,4.09528,0.00397699,-0.104125,0.117421,,,,,,
échantillon entier,RE-1,"RE-1 — F2b sans stop, F3 SL-B extremum",24,cooldown,10,6,1452,1109,0.236226,15.4028,0.318543,4786.05,1.06755,0.425609,4.31564,0.193593,-0.49762,-0.483719,-5832.44,24,15876,11090,0.698537,598,511,5.09461,3.40405,4.24933,0.845283,0.279901,0.0925896,0.186245,0.0936559,-5.97789,14.614,-6.21025,14.5425,-0.057278,0.450705,-0.0622616,0.438249,0.522707,-0.167402,-0.159722,0.596456,0.153291,1.13685,11289.9,0.585898,0.0725958,0.433661,0.229035,590,0.331247,7.27519,519,0.0371069,0.951225,5,4,,,,,-0.941481,-5.87521,4.09528,0.00397699,-0.104125,0.117421,,,,,,
échantillon entier,RE-1,"RE-1 — F2b sans stop, F3 SL-B extremum",24,réouverture,5,6,1452,1134,0.219008,15.75,1.19971,9923.44,1.14357,0.442681,8.75083,0.28807,-0.493532,-0.476033,-6065.91,24,15593.4,5670,0.363614,610,524,8.59838,8.92831,8.76334,-0.164963,0.385649,0.174476,0.280062,0.105587,-2.39675,19.3591,-2.50833,19.4933,0.0436693,0.548425,0.0318598,0.535135,1.01571,-0.159716,-0.153936,0.59629,0.153439,1.2256,10869.6,0.311047,0.123927,0.775917,0.231041,604,0.411943,12.0632,530,0.1469,4.97598,5,5,35,-0.773296,10,1.03578,,,,,,,,,,,,
échantillon entier,RE-1,"RE-1 — F2b sans stop, F3 SL-B extremum",24,réouverture,10,6,1452,1134,0.219008,15.75,0.247919,4253.44,1.05881,0.425926,3.75083,0.153235,-0.529584,-0.51334,-6800.91,24,15593.4,11340,0.727229,610,524,3.59838,3.92831,3.76334,-0.164963,0.250243,0.0403068,0.145275,0.104968,-7.39675,14.3591,-7.50833,14.4933,-0.098613,0.414926,-0.110478,0.406686,0.437735,-0.183056,-0.177504,0.59629,0.153439,1.11699,10869.6,0.622093,0.0623798,0.340769,0.231041,604,0.280603,7.06321,530,0.00808365,-0.0240249,5,5,35,-0.923472,10,0.860401,,,,,,,,,,,,
échantillon entier,RE-2,"RE-2 — F2b sans stop, F3 SL-A 2 ATR",24,cooldown,5,6,1452,1109,0.236226,15.4028,1.14411,9625.48,1.14174,0.440036,8.67942,0.311045,-0.421199,-0.401202,-4729.03,24,15170.5,5545,0.365513,598,511,8.84418,8.48661,8.6654,0.178788,0.391954,0.216361,0.304158,0.0877963,-1.45832,19.0318,-1.74382,19.0436,0.066347,0.557722,0.0613782,0.555798,1.04658,-0.130029,-0.121998,0.596456,0.153291,1.23501,10939.9,0.302319,0.126777,0.974994,0.239856,590,0.462278,12.2752,519,0.139124,4.59175,5,5,,,,,-1.5777,-6.68432,3.56308,-0.0132861,-0.127266,0.109553,,,,,,
échantillon entier,RE-2,"RE-2 — F2b sans stop, F3 SL-A 2 ATR",24,cooldown,10,6,1452,1109,0.236226,15.4028,0.231667,4080.48,1.05743,0.422904,3.67942,0.17633,-0.504751,-0.487058,-5908.45,24,15170.5,11090,0.731025,598,511,3.84418,3.48661,3.6654,0.178788,0.256443,0.0825763,0.16951,0.0869335,-6.45832,14.0318,-6.74382,14.0436,-0.0713291,0.427644,-0.0708758,0.423768,0.470556,-0.160826,-0.148584,0.596456,0.153291,1.12589,10939.9,0.604638,0.0663839,0.41277,0.239856,590,0.331247,7.27519,519,0.000219076,-0.408249,5,4,,,,,-1.5777,-6.68432,3.56308,-0.0132861,-0.127266,0.109553,,,,,,
échantillon entier,RE-2,"RE-2 — F2b sans stop, F3 SL-A 2 ATR",24,réouverture,5,6,1452,1139,0.215565,15.8194,0.930185,8585.01,1.12346,0.438982,7.53732,0.262869,-0.474017,-0.455845,-5694.8,24,14280,5695,0.398809,614,525,6.67341,8.54768,7.61055,-0.937132,0.354209,0.156044,0.255127,0.0990828,-3.24575,18.0034,-3.2992,18.1546,0.0217906,0.514063,0.0107888,0.508887,0.892249,-0.147843,-0.14198,0.596613,0.152766,1.20468,10250.6,0.331465,0.112149,0.758572,0.240562,604,0.389186,11.1682,535,0.12026,3.43817,5,5,44,-0.544693,14,1.54109,,,,,,,,,,,,
échantillon entier,RE-2,"RE-2 — F2b sans stop, F3 SL-A 2 ATR",24,réouverture,10,6,1452,1139,0.215565,15.8194,0.0922093,2890.01,1.03971,0.4223,2.53732,0.127802,-0.530987,-0.514232,-6446.08,24,14280,11390,0.797619,614,525,1.67341,3.54768,2.61055,-0.937132,0.218119,0.0221745,0.120147,0.0979721,-8.24575,13.0034,-8.2992,13.1546,-0.118512,0.381478,-0.126574,0.376672,0.347388,-0.175325,-0.16944,0.596613,0.152766,1.09756,10250.6,0.66293,0.0509501,0.290605,0.240562,604,0.257645,6.16819,535,-0.0187864,-1.56183,5,4,44,-0.702941,14,1.36097,,,,,,,,,,,,
échantillon entier,RE-3,"RE-3 — F2b SL-A 5 ATR, F3 SL-B extremum",24,cooldown,5,6,1452,1109,0.236226,15.4028,0.657019,6997.95,1.10077,0.434626,6.31014,0.231369,-0.452366,-0.433445,-5282.34,24,12542.9,5545,0.442081,598,511,4.77007,8.11242,6.44124,-1.67117,0.253158,0.205871,0.229514,0.0236432,-3.86799,16.3692,-3.78276,16.8874,0.00704299,0.473706,0.0041205,0.469083,0.712445,-0.14203,-0.136127,0.596456,0.153291,1.17461,9129.77,0.36226,0.0937954,0.660393,0.318305,590,0.280065,6.62587,519,0.176012,5.95122,4,4,,,,,-3.94698,-9.65044,1.88636,-0.0929623,-0.222351,0.0374951,-3.0055,-6.33238,0.0471241,-0.0969393,-0.199178,-0.012404
échantillon entier,RE-3,"RE-3 — F2b SL-A 5 ATR, F3 SL-B extremum",24,cooldown,10,6,1452,1109,0.236226,15.4028,-0.048259,1452.95,1.02001,0.418395,1.31014,0.0966534,-0.571923,-0.560727,-7181.08,24,12542.9,11090,0.884162,598,511,-0.229929,3.11242,1.44124,-1.67117,0.117647,0.0720859,0.0948663,0.0227804,-8.86799,11.3692,-8.78276,11.8874,-0.13075,0.343775,-0.134267,0.338252,0.230383,-0.201921,-0.195847,0.596456,0.153291,1.07135,9129.77,0.724519,0.0351581,0.174118,0.318305,590,0.149034,1.62587,519,0.0371069,0.951225,4,3,,,,,-3.94698,-9.65044,1.88636,-0.0929623,-0.222351,0.0374951,-3.0055,-6.33238,0.0471241,-0.0969393,-0.199178,-0.012404
échantillon entier,RE-3,"RE-3 — F2b SL-A 5 ATR, F3 SL-B extremum",24,réouverture,5,6,1452,1137,0.216942,15.7917,0.628181,6849.07,1.09659,0.435356,6.02381,0.202145,-0.493542,-0.476044,-6061.06,24,12534.1,5685,0.453564,612,525,3.66248,8.77645,6.21946,-2.55699,0.223255,0.177536,0.200396,0.0228595,-4.93049,16.5429,-4.78965,16.9959,-0.02833,0.444652,-0.0310385,0.444453,0.647628,-0.159638,-0.153857,0.596182,0.153034,1.15914,8830.02,0.383838,0.0867839,0.543629,0.32102,605,0.253764,7.04056,532,0.143443,4.86754,4,4,38,-0.573791,10,0.494557,,,,,,,,,,,,
échantillon entier,RE-3,"RE-3 — F2b SL-A 5 ATR, F3 SL-B extremum",24,réouverture,10,6,1452,1137,0.216942,15.7917,-0.0778367,1164.07,1.0157,0.418646,1.02381,0.0673732,-0.582397,-0.571475,-7408.07,24,12534.1,11370,0.907127,612,525,-1.33752,3.77645,1.21946,-2.55699,0.0879927,0.0433368,0.0656647,0.0223279,-9.93049,11.5429,-9.78965,11.9959,-0.167887,0.314079,-0.167612,0.312674,0.174123,-0.218517,-0.214069,0.596182,0.153034,1.05676,8830.02,0.767675,0.0271146,0.124085,0.32102,605,0.122556,2.04056,532,0.0046183,-0.132461,4,3,38,-0.720881,10,0.319182,,,,,,,,,,,,
échantillon entier,C1,"C1 — F2b seul, sans stop",26,cooldown,5,6,741,639,0.137652,8.875,0.775109,7344.68,1.16889,0.496088,11.494,0.388997,-0.447062,-0.443615,-5463.21,26,10539.7,3195,0.30314,321,318,9.77107,13.2332,11.5021,-1.73108,0.530513,0.246146,0.388329,0.142183,-2.92958,25.9552,-3.25415,26.0024,0.0790254,0.699719,0.0755605,0.699873,0.721899,-0.131851,-0.131137,0.597073,0.1518,1.27891,7702.25,0.247674,0.0947996,0.718993,0,639,0.388997,11.494,0,,,5,5,,,,,,,,,,,,,,,,
échantillon entier,C1,"C1 — F2b seul, sans stop",26,cooldown,10,6,741,639,0.137652,8.875,0.289803,4149.68,1.09197,0.482003,6.49402,0.254542,-0.477082,-0.474351,-6028.21,26,10539.7,6390,0.60628,321,318,4.77107,8.23323,6.50215,-1.73108,0.394117,0.11365,0.253884,0.140234,-7.92958,20.9552,-8.25415,21.0024,-0.0564828,0.569251,-0.0595595,0.56778,0.423095,-0.166866,-0.160671,0.597073,0.1518,1.17884,7702.25,0.495348,0.0605691,0.362981,0,639,0.254542,6.49402,0,,,5,4,,,,,,,,,,,,,,,,
échantillon entier,C1,"C1 — F2b seul, sans stop",26,réouverture,5,6,741,639,0.137652,8.875,0.775109,7344.68,1.16889,0.496088,11.494,0.388997,-0.447062,-0.443615,-5463.21,26,10539.7,3195,0.30314,321,318,9.77107,13.2332,11.5021,-1.73108,0.530513,0.246146,0.388329,0.142183,-2.92958,25.9552,-3.25415,26.0024,0.0790254,0.699719,0.0755605,0.699873,0.721899,-0.131851,-0.131137,0.597073,0.1518,1.27891,7702.25,0.247674,0.0947996,0.718993,0,639,0.388997,11.494,0,,,5,5,0,,0,,,,,,,,,,,,,
échantillon entier,C1,"C1 — F2b seul, sans stop",26,réouverture,10,6,741,639,0.137652,8.875,0.289803,4149.68,1.09197,0.482003,6.49402,0.254542,-0.477082,-0.474351,-6028.21,26,10539.7,6390,0.60628,321,318,4.77107,8.23323,6.50215,-1.73108,0.394117,0.11365,0.253884,0.140234,-7.92958,20.9552,-8.25415,21.0024,-0.0564828,0.569251,-0.0595595,0.56778,0.423095,-0.166866,-0.160671,0.597073,0.1518,1.17884,7702.25,0.495348,0.0605691,0.362981,0,639,0.254542,6.49402,0,,,5,4,0,,0,,,,,,,,,,,,,
échantillon entier,C2,"C2 — R2 hors Q4 uniforme, sans stop",26,cooldown,5,6,1452,1080,0.256198,15,1.87391,13308.6,1.17801,0.493519,12.3228,0.353872,-0.476126,-0.459874,-5852.04,26,18708.6,5400,0.288637,580,500,14.2382,10.1009,12.1696,2.06863,0.481809,0.205465,0.343637,0.138172,-1.53777,25.8023,-1.70445,25.5988,0.0506798,0.642866,0.0453673,0.625706,1.21692,-0.204728,-0.196093,0.600229,0.156481,1.23423,11854.7,0.273414,0.141892,0.693076,0,573,0.458814,11.8072,507,0.235269,12.9055,5,5,,,,,,,,,,,,,,,,
échantillon entier,C2,"C2 — R2 hors Q4 uniforme, sans stop",26,cooldown,10,6,1452,1080,0.256198,15,0.675196,7908.63,1.10197,0.475,7.3228,0.218052,-0.511208,-0.498015,-6278.48,26,18708.6,10800,0.577274,580,500,9.23821,5.10094,7.16957,2.06863,0.345409,0.0703171,0.207863,0.137546,-6.53777,20.8023,-6.70445,20.5988,-0.0884483,0.509706,-0.0929959,0.491838,0.603498,-0.222392,-0.215096,0.600229,0.156481,1.13976,11854.7,0.546828,0.0818774,0.368167,0,573,0.326093,6.80724,507,0.0959459,7.90549,4,4,,,,,,,,,,,,,,,,
échantillon entier,C2,"C2 — R2 hors Q4 uniforme, sans stop",26,réouverture,5,6,1452,1080,0.256198,15,1.87391,13308.6,1.17801,0.493519,12.3228,0.353872,-0.476126,-0.459874,-5852.04,26,18708.6,5400,0.288637,580,500,14.2382,10.1009,12.1696,2.06863,0.481809,0.205465,0.343637,0.138172,-1.53777,25.8023,-1.70445,25.5988,0.0506798,0.642866,0.0453673,0.625706,1.21692,-0.204728,-0.196093,0.600229,0.156481,1.23423,11854.7,0.273414,0.141892,0.693076,0,573,0.458814,11.8072,507,0.235269,12.9055,5,5,0,,0,,,,,,,,,,,,,
échantillon entier,C2,"C2 — R2 hors Q4 uniforme, sans stop",26,réouverture,10,6,1452,1080,0.256198,15,0.675196,7908.63,1.10197,0.475,7.3228,0.218052,-0.511208,-0.498015,-6278.48,26,18708.6,10800,0.577274,580,500,9.23821,5.10094,7.16957,2.06863,0.345409,0.0703171,0.207863,0.137546,-6.53777,20.8023,-6.70445,20.5988,-0.0884483,0.509706,-0.0929959,0.491838,0.603498,-0.222392,-0.215096,0.600229,0.156481,1.13976,11854.7,0.546828,0.0818774,0.368167,0,573,0.326093,6.80724,507,0.0959459,7.90549,4,4,0,,0,,,,,,,,,,,,,
échantillon entier,RE-1,"RE-1 — F2b sans stop, F3 SL-B extremum",26,cooldown,5,6,1452,1080,0.256198,15,2.03518,13319.6,1.19607,0.442593,12.333,0.368619,-0.439451,-0.424312,-5012.7,26,18719.6,5400,0.288468,580,500,12.5826,12.0434,12.313,0.269578,0.456755,0.266381,0.361568,0.0951868,0.168395,24.4135,0.17048,24.4831,0.098448,0.644959,0.0894729,0.637593,1.38147,-0.134662,-0.128538,0.600229,0.156481,1.28232,12430,0.26076,0.1556,1.15549,0.237963,573,0.458814,11.8072,507,0.266683,12.9271,6,6,,,,,0.0101579,-5.56932,5.72835,0.0147469,-0.108188,0.141351,,,,,,
échantillon entier,RE-1,"RE-1 — F2b sans stop, F3 SL-B extremum",26,cooldown,10,6,1452,1080,0.256198,15,0.769294,7919.6,1.11157,0.427778,7.33296,0.232798,-0.480113,-0.46608,-5762.7,26,18719.6,10800,0.576935,580,500,7.58257,7.04342,7.31299,0.269578,0.320354,0.131234,0.225794,0.0945605,-4.83161,19.4135,-4.82952,19.4831,-0.041333,0.510934,-0.0503889,0.50655,0.722614,-0.15896,-0.153013,0.600229,0.156481,1.17299,12430,0.521519,0.0948753,0.59685,0.237963,573,0.326093,6.80724,507,0.12736,7.92712,5,5,,,,,0.0101579,-5.56932,5.72835,0.0147469,-0.108188,0.141351,,,,,,
échantillon entier,RE-1,"RE-1 — F2b sans stop, F3 SL-B extremum",26,réouverture,5,6,1452,1108,0.236915,15.3889,2.35179,14523.1,1.20846,0.441336,13.1075,0.338394,-0.478198,-0.457003,-5660.97,26,20063.1,5540,0.276129,595,513,10.4165,16.2287,13.3226,-2.90608,0.415996,0.248388,0.332192,0.0838035,0.500042,25.5863,0.65488,26.1081,0.0610256,0.616123,0.0554107,0.613501,1.33107,-0.139238,-0.132908,0.5992,0.156137,1.26821,12308,0.269708,0.151487,1.08798,0.23917,590,0.432802,14.8999,518,0.230864,11.066,6,6,37,-0.404408,9,0.911638,,,,,,,,,,,,
échantillon entier,RE-1,"RE-1 — F2b sans stop, F3 SL-B extremum",26,réouverture,10,6,1452,1108,0.236915,15.3889,0.926765,8983.12,1.12338,0.426895,8.10751,0.202674,-0.513877,-0.494141,-6365.97,26,20063.1,11080,0.552257,595,513,5.4165,11.2287,8.32258,-2.90608,0.279844,0.11317,0.196507,0.0833373,-4.49996,20.5863,-4.34512,21.1081,-0.0790697,0.486062,-0.0830633,0.482444,0.672959,-0.162403,-0.156301,0.5992,0.156137,1.16014,12308,0.539417,0.089551,0.551411,0.23917,590,0.299994,9.89992,518,0.0918275,6.06596,5,5,37,-0.550425,9,0.721483,,,,,,,,,,,,
échantillon entier,RE-2,"RE-2 — F2b sans stop, F3 SL-A 2 ATR",26,cooldown,5,6,1452,1080,0.256198,15,1.84663,12648.6,1.18612,0.438889,11.7117,0.352912,-0.424031,-0.408475,-4748.56,26,18048.6,5400,0.299192,580,500,11.1452,12.3688,11.757,-0.61181,0.43171,0.261506,0.346608,0.0851019,-0.366901,24.2403,-0.45778,24.107,0.0841857,0.624639,0.0803464,0.617405,1.31677,-0.131419,-0.122955,0.600229,0.156481,1.27302,12152.8,0.266706,0.150307,1.14372,0.246296,573,0.458814,11.8072,507,0.233224,11.6037,6,6,,,,,-0.611112,-6.44421,5.32467,-0.000960145,-0.128923,0.13225,,,,,,
échantillon entier,RE-2,"RE-2 — F2b sans stop, F3 SL-A 2 ATR",26,cooldown,10,6,1452,1080,0.256198,15,0.659333,7248.63,1.10205,0.425,6.71169,0.217091,-0.465804,-0.451384,-5498.56,26,18048.6,10800,0.598383,580,500,6.1452,7.36882,6.75701,-0.61181,0.29531,0.126358,0.210834,0.0844756,-5.3669,19.2403,-5.45778,19.107,-0.0538001,0.494534,-0.0568131,0.489303,0.675789,-0.150671,-0.144666,0.600229,0.156481,1.16443,12152.8,0.533412,0.089858,0.596384,0.246296,573,0.326093,6.80724,507,0.0939007,6.60371,5,5,,,,,-0.611112,-6.44421,5.32467,-0.000960145,-0.128923,0.13225,,,,,,
échantillon entier,RE-2,"RE-2 — F2b sans stop, F3 SL-A 2 ATR",26,réouverture,5,6,1452,1111,0.234848,15.4306,2.03865,13506.4,1.19345,0.437444,12.157,0.319758,-0.451445,-0.429163,-5165.97,26,19061.4,5555,0.291427,596,515,9.14526,15.6424,12.3938,-3.24855,0.40122,0.225484,0.313352,0.0878676,-0.394506,24.2758,-0.493599,24.861,0.0503342,0.589656,0.0416344,0.588075,1.24613,-0.132859,-0.124409,0.599284,0.155716,1.25615,11942.8,0.278748,0.144386,1.08677,0.246625,588,0.418136,14.2244,523,0.209154,9.83259,6,6,44,-0.146572,13,1.49572,,,,,,,,,,,,
échantillon entier,RE-2,"RE-2 — F2b sans stop, F3 SL-A 2 ATR",26,réouverture,10,6,1452,1111,0.234848,15.4306,0.744054,7951.39,1.10894,0.423942,7.15697,0.183823,-0.489196,-0.468457,-5875.97,26,19061.4,11110,0.582854,596,515,4.14526,10.6424,7.39381,-3.24855,0.264372,0.0906047,0.177488,0.0868835,-5.39451,19.2758,-5.4936,19.861,-0.0861712,0.461017,-0.0975888,0.45635,0.610463,-0.152579,-0.144321,0.599284,0.155716,1.14875,11942.8,0.557495,0.0826592,0.541748,0.246625,588,0.285153,9.2244,523,0.069899,4.83259,6,5,44,-0.302154,13,1.30284,,,,,,,,,,,,
échantillon entier,RE-3,"RE-3 — F2b SL-A 5 ATR, F3 SL-B extremum",26,cooldown,5,6,1452,1080,0.256198,15,1.43517,10946.8,1.15993,0.436111,10.1359,0.288473,-0.421385,-0.405757,-4739.42,26,16346.8,5400,0.330339,580,500,8.27409,12.2957,10.2849,-2.0108,0.303703,0.270806,0.287255,0.0164489,-1.34783,22.1026,-1.42707,22.4273,0.0447013,0.54498,0.0448216,0.54635,0.962268,-0.154303,-0.146061,0.600229,0.156481,1.21644,10447,0.310254,0.118905,0.770594,0.331481,573,0.307753,7.66626,507,0.266683,12.9271,6,6,,,,,-2.18686,-8.35157,3.96985,-0.065399,-0.210516,0.0719572,-2.19702,-5.87123,1.30982,-0.0801459,-0.181222,0.017809
échantillon entier,RE-3,"RE-3 — F2b SL-A 5 ATR, F3 SL-B extremum",26,cooldown,10,6,1452,1080,0.256198,15,0.419389,5546.82,1.07754,0.421296,5.13594,0.152653,-0.463347,-0.448861,-5489.42,26,16346.8,10800,0.660679,580,500,3.27409,7.29569,5.28489,-2.0108,0.167303,0.135658,0.15148,0.0158226,-6.34783,17.1026,-6.42707,17.4273,-0.0943789,0.413116,-0.0936135,0.41257,0.419273,-0.176488,-0.164781,0.600229,0.156481,1.11279,10447,0.620509,0.0600938,0.340498,0.331481,573,0.175032,2.66626,507,0.12736,7.92712,5,5,,,,,-2.18686,-8.35157,3.96985,-0.065399,-0.210516,0.0719572,-2.19702,-5.87123,1.30982,-0.0801459,-0.181222,0.017809
échantillon entier,RE-3,"RE-3 — F2b SL-A 5 ATR, F3 SL-B extremum",26,réouverture,5,6,1452,1112,0.23416,15.4444,1.70815,12229.4,1.17392,0.433453,10.9977,0.260986,-0.472699,-0.45128,-5569.02,26,17789.4,5560,0.312545,597,515,6.38207,16.3482,11.3652,-4.98309,0.257245,0.265323,0.261284,-0.00403926,-1.4196,23.3794,-1.1937,23.9154,0.0115064,0.521842,0.01295,0.522965,0.913244,-0.168443,-0.160339,0.59902,0.155576,1.20336,10293.6,0.323555,0.114196,0.677953,0.332734,591,0.291817,11.0964,521,0.226013,10.8858,6,6,41,-0.421917,9,0.448394,,,,,,,,,,,,
échantillon entier,RE-3,"RE-3 — F2b SL-A 5 ATR, F3 SL-B extremum",26,réouverture,10,6,1452,1112,0.23416,15.4444,0.553508,6669.44,1.09073,0.419065,5.9977,0.12536,-0.508996,-0.489062,-6279.02,26,17789.4,11120,0.62509,597,515,1.38207,11.3482,6.36515,-4.98309,0.121243,0.130132,0.125687,-0.00444417,-6.4196,18.3794,-6.1937,18.9154,-0.123153,0.390158,-0.124928,0.393451,0.371474,-0.18931,-0.179861,0.59902,0.155576,1.10044,10293.6,0.647111,0.0540582,0.285555,0.332734,591,0.159147,6.09637,521,0.0870328,5.88576,5,5,41,-0.564405,9,0.258239,,,,,,,,,,,,
échantillon entier,C1,"C1 — F2b seul, sans stop",28,cooldown,5,6,741,628,0.152497,8.72222,0.911866,8119.9,1.18383,0.507962,12.9298,0.461018,-0.459809,-0.431176,-5212.79,28,11259.9,3140,0.278866,315,313,13.5934,12.2619,12.9277,0.665733,0.636738,0.284174,0.460456,0.176282,-2.21812,27.8912,-2.4519,27.8226,0.12057,0.80833,0.117315,0.805508,0.832545,-0.14923,-0.142479,0.597995,0.151274,1.30202,8327.23,0.22549,0.106222,0.711801,0,628,0.461018,12.9298,0,,,5,5,,,,,,,,,,,,,,,,
échantillon entier,C1,"C1 — F2b seul, sans stop",28,cooldown,10,6,741,628,0.152497,8.72222,0.396884,4979.9,1.10887,0.493631,7.92978,0.326491,-0.488844,-0.468214,-5757.79,28,11259.9,6280,0.557731,315,313,8.5934,7.26193,7.92766,0.665733,0.500272,0.151599,0.325935,0.174337,-7.21812,22.8912,-7.4519,22.8226,-0.0114213,0.673879,-0.0175835,0.673017,0.519109,-0.171064,-0.163479,0.597995,0.151274,1.20522,8327.23,0.450979,0.0721729,0.421906,0,628,0.326491,7.92978,0,,,5,4,,,,,,,,,,,,,,,,
échantillon entier,C1,"C1 — F2b seul, sans stop",28,réouverture,5,6,741,628,0.152497,8.72222,0.911866,8119.9,1.18383,0.507962,12.9298,0.461018,-0.459809,-0.431176,-5212.79,28,11259.9,3140,0.278866,315,313,13.5934,12.2619,12.9277,0.665733,0.636738,0.284174,0.460456,0.176282,-2.21812,27.8912,-2.4519,27.8226,0.12057,0.80833,0.117315,0.805508,0.832545,-0.14923,-0.142479,0.597995,0.151274,1.30202,8327.23,0.22549,0.106222,0.711801,0,628,0.461018,12.9298,0,,,5,5,0,,0,,,,,,,,,,,,,
échantillon entier,C1,"C1 — F2b seul, sans stop",28,réouverture,10,6,741,628,0.152497,8.72222,0.396884,4979.9,1.10887,0.493631,7.92978,0.326491,-0.488844,-0.468214,-5757.79,28,11259.9,6280,0.557731,315,313,8.5934,7.26193,7.92766,0.665733,0.500272,0.151599,0.325935,0.174337,-7.21812,22.8912,-7.4519,22.8226,-0.0114213,0.673879,-0.0175835,0.673017,0.519109,-0.171064,-0.163479,0.597995,0.151274,1.20522,8327.23,0.450979,0.0721729,0.421906,0,628,0.326491,7.92978,0,,,5,4,0,,0,,,,,,,,,,,,,
échantillon entier,C2,"C2 — R2 hors Q4 uniforme, sans stop",28,cooldown,5,6,1452,1051,0.276171,14.5972,1.75485,13073,1.17295,0.50333,12.4386,0.365551,-0.490055,-0.466934,-5950.06,28,18328,5255,0.28672,563,488,13.6439,11.0481,12.346,1.29794,0.455542,0.26173,0.358636,0.0969059,-2.82786,27.3421,-3.00784,27.3949,0.0412789,0.676424,0.0376562,0.667238,1.16831,-0.238755,-0.230173,0.600574,0.15509,1.22498,11589.1,0.272327,0.13768,0.576658,0,556,0.56858,16.306,495,0.137502,8.09472,4,4,,,,,,,,,,,,,,,,
échantillon entier,C2,"C2 — R2 hors Q4 uniforme, sans stop",28,cooldown,10,6,1452,1051,0.276171,14.5972,0.629205,7818,1.09992,0.487155,7.43863,0.229797,-0.512123,-0.488585,-6210.06,28,18328,10510,0.57344,563,488,8.64395,6.04807,7.34601,1.29794,0.318767,0.127154,0.222961,0.0958065,-7.82786,22.3421,-8.00784,22.3949,-0.0905014,0.544428,-0.0956954,0.534694,0.581732,-0.255535,-0.247149,0.600574,0.15509,1.13503,11589.1,0.544653,0.079416,0.310783,0,556,0.436127,11.306,495,-0.00195851,3.09472,4,4,,,,,,,,,,,,,,,,
échantillon entier,C2,"C2 — R2 hors Q4 uniforme, sans stop",28,réouverture,5,6,1452,1051,0.276171,14.5972,1.75485,13073,1.17295,0.50333,12.4386,0.365551,-0.490055,-0.466934,-5950.06,28,18328,5255,0.28672,563,488,13.6439,11.0481,12.346,1.29794,0.455542,0.26173,0.358636,0.0969059,-2.82786,27.3421,-3.00784,27.3949,0.0412789,0.676424,0.0376562,0.667238,1.16831,-0.238755,-0.230173,0.600574,0.15509,1.22498,11589.1,0.272327,0.13768,0.576658,0,556,0.56858,16.306,495,0.137502,8.09472,4,4,0,,0,,,,,,,,,,,,,
échantillon entier,C2,"C2 — R2 hors Q4 uniforme, sans stop",28,réouverture,10,6,1452,1051,0.276171,14.5972,0.629205,7818,1.09992,0.487155,7.43863,0.229797,-0.512123,-0.488585,-6210.06,28,18328,10510,0.57344,563,488,8.64395,6.04807,7.34601,1.29794,0.318767,0.127154,0.222961,0.0958065,-7.82786,22.3421,-8.00784,22.3949,-0.0905014,0.544428,-0.0956954,0.534694,0.581732,-0.255535,-0.247149,0.600574,0.15509,1.13503,11589.1,0.544653,0.079416,0.310783,0,556,0.436127,11.306,495,-0.00195851,3.09472,4,4,0,,0,,,,,,,,,,,,,
échantillon entier,RE-1,"RE-1 — F2b sans stop, F3 SL-B extremum",28,cooldown,5,6,1452,1051,0.276171,14.5972,1.88771,12890.8,1.18893,0.444339,12.2652,0.370522,-0.413887,-0.406152,-4675.43,28,18145.8,5255,0.289599,563,488,11.3627,13.3065,12.3346,-0.971896,0.424296,0.308484,0.36639,0.0579059,-0.309784,24.7202,-0.363512,24.8779,0.0783618,0.657224,0.0790368,0.653252,1.29049,-0.161561,-0.152391,0.600574,0.15509,1.26707,11984.5,0.263341,0.148122,0.91682,0.254995,556,0.56858,16.306,495,0.148057,7.72654,6,6,,,,,-0.173404,-6.64215,6.24639,0.00497136,-0.124456,0.136039,,,,,,
échantillon entier,RE-1,"RE-1 — F2b sans stop, F3 SL-B extremum",28,cooldown,10,6,1452,1051,0.276171,14.5972,0.707877,7635.75,1.10726,0.431018,7.26523,0.234769,-0.462626,-0.456077,-5430.91,28,18145.8,10510,0.579199,563,488,6.36268,8.30648,7.33458,-0.971896,0.287521,0.173908,0.230715,0.0568065,-5.30978,19.7202,-5.36351,19.8779,-0.0582494,0.52374,-0.0611969,0.522218,0.67095,-0.18438,-0.175177,0.600574,0.15509,1.16281,11984.5,0.526683,0.0893328,0.484504,0.254995,556,0.436127,11.306,495,0.00859685,2.72654,5,5,,,,,-0.173404,-6.64215,6.24639,0.00497136,-0.124456,0.136039,,,,,,
échantillon entier,RE-1,"RE-1 — F2b sans stop, F3 SL-B extremum",28,réouverture,5,6,1452,1087,0.251377,15.0972,1.81274,12802.5,1.18011,0.440662,11.7778,0.321632,-0.460566,-0.440658,-5330.41,28,18237.5,5435,0.298013,584,503,9.77602,14.1019,11.939,-2.16294,0.393139,0.23861,0.315875,0.0772646,-1.3082,24.6732,-1.40626,25.06,0.032218,0.616881,0.0247867,0.614072,1.14391,-0.151397,-0.143128,0.600585,0.157314,1.23704,11447.4,0.285146,0.135537,0.895241,0.25391,578,0.502162,16.0292,509,0.11663,6.95004,5,5,47,-0.733541,11,0.48438,,,,,,,,,,,,
échantillon entier,RE-1,"RE-1 — F2b sans stop, F3 SL-B extremum",28,réouverture,10,6,1452,1087,0.251377,15.0972,0.633814,7367.45,1.09934,0.426863,6.77778,0.185476,-0.498048,-0.478907,-6035.41,28,18237.5,10870,0.596026,584,503,4.77602,9.1019,6.93896,-2.16294,0.256408,0.103121,0.179765,0.0766432,-6.3082,19.6732,-6.40626,20.06,-0.104498,0.481828,-0.115194,0.477771,0.547143,-0.172663,-0.165772,0.600585,0.157314,1.13518,11447.4,0.570292,0.0754455,0.436952,0.25391,578,0.369276,11.0292,509,-0.0232399,1.95004,5,5,47,-0.881217,11,0.337509,,,,,,,,,,,,
échantillon entier,RE-2,"RE-2 — F2b sans stop, F3 SL-A 2 ATR",28,cooldown,5,6,1452,1051,0.276171,14.5972,1.9421,13047.5,1.19227,0.443387,12.4144,0.368935,-0.398697,-0.380226,-4424.97,28,18302.5,5255,0.287119,563,488,11.0463,13.9927,12.5195,-1.47322,0.420785,0.309118,0.364951,0.0558335,-0.445064,24.9416,-0.591307,25.3201,0.0822303,0.659597,0.0785165,0.654464,1.31091,-0.160263,-0.151079,0.600574,0.15509,1.27054,12071.3,0.261447,0.149821,0.934847,0.261656,556,0.56858,16.306,495,0.144688,8.04318,6,6,,,,,-0.0242764,-6.43324,6.41482,0.00338442,-0.133976,0.148564,,,,,,
échantillon entier,RE-2,"RE-2 — F2b sans stop, F3 SL-A 2 ATR",28,cooldown,10,6,1452,1051,0.276171,14.5972,0.74006,7792.49,1.11004,0.430067,7.41435,0.233182,-0.43735,-0.428838,-4914.16,28,18302.5,10510,0.574239,563,488,6.04626,8.9927,7.51948,-1.47322,0.28401,0.174542,0.229276,0.054734,-5.44506,19.9416,-5.59131,20.3201,-0.0564471,0.525015,-0.0606338,0.521538,0.685837,-0.183116,-0.173899,0.600574,0.15509,1.16576,12071.3,0.522895,0.0909443,0.496648,0.261656,556,0.436127,11.306,495,0.00522741,3.04318,5,5,,,,,-0.0242764,-6.43324,6.41482,0.00338442,-0.133976,0.148564,,,,,,
échantillon entier,RE-2,"RE-2 — F2b sans stop, F3 SL-A 2 ATR",28,réouverture,5,6,1452,1091,0.248623,15.1528,1.7444,12524.6,1.17625,0.43813,11.4799,0.316327,-0.432506,-0.411562,-4829.28,28,17979.6,5455,0.303399,586,505,9.75126,13.4859,11.6186,-1.86732,0.402448,0.216392,0.30942,0.0930278,-2.13422,24.2413,-1.95068,24.6348,0.0244378,0.599847,0.014905,0.596408,1.1402,-0.147969,-0.140488,0.600574,0.156737,1.23624,11440,0.286374,0.135209,0.913764,0.261228,576,0.490039,15.4288,515,0.122039,7.06341,6,6,55,-0.459336,15,1.15835,,,,,,,,,,,,
échantillon entier,RE-2,"RE-2 — F2b sans stop, F3 SL-A 2 ATR",28,réouverture,10,6,1452,1091,0.248623,15.1528,0.590918,7069.62,1.09532,0.424381,6.47995,0.179985,-0.48011,-0.459149,-5581.64,28,17979.6,10910,0.606798,586,505,4.75126,8.4859,6.61858,-1.86732,0.265072,0.0812502,0.173161,0.0919107,-7.13422,19.2413,-6.95068,19.6348,-0.114373,0.468364,-0.124517,0.463077,0.542618,-0.171633,-0.164733,0.600574,0.156737,1.13414,11440,0.572748,0.0749206,0.436516,0.261228,576,0.356973,10.4288,515,-0.0179676,2.06341,5,5,55,-0.613584,15,0.997575,,,,,,,,,,,,
échantillon entier,RE-3,"RE-3 — F2b SL-A 5 ATR, F3 SL-B extremum",28,cooldown,5,6,1452,1051,0.276171,14.5972,1.46611,11146.4,1.16335,0.434824,10.6055,0.301393,-0.396155,-0.38873,-4313.96,28,16401.4,5255,0.3204,563,488,9.16732,12.2647,10.716,-1.54868,0.306603,0.295383,0.300993,0.00561009,-1.19931,23.0374,-1.29639,23.4091,0.0507798,0.566968,0.0445874,0.569838,0.977496,-0.152822,-0.143269,0.600574,0.15509,1.2193,10461.5,0.30168,0.120347,0.7875,0.352046,556,0.437906,13.1686,495,0.148057,7.72654,6,6,,,,,-1.83314,-9.20488,5.44468,-0.0641578,-0.222559,0.096041,-1.65973,-5.36876,1.8036,-0.0691292,-0.179948,0.0373449
échantillon entier,RE-3,"RE-3 — F2b SL-A 5 ATR, F3 SL-B extremum",28,cooldown,10,6,1452,1051,0.276171,14.5972,0.458424,5891.37,1.0827,0.421503,5.60549,0.16564,-0.446851,-0.44011,-5188.96,28,16401.4,10510,0.6408,563,488,4.16732,7.26469,5.71601,-1.54868,0.169828,0.160807,0.165318,0.00451063,-6.19931,18.0374,-6.29639,18.4091,-0.089411,0.438765,-0.0930664,0.441942,0.44253,-0.178105,-0.167779,0.600574,0.15509,1.1181,10461.5,0.603359,0.0629695,0.353553,0.352046,556,0.305453,8.16858,495,0.00859685,2.72654,5,6,,,,,-1.83314,-9.20488,5.44468,-0.0641578,-0.222559,0.096041,-1.65973,-5.36876,1.8036,-0.0691292,-0.179948,0.0373449
échantillon entier,RE-3,"RE-3 — F2b SL-A 5 ATR, F3 SL-B extremum",28,réouverture,5,6,1452,1092,0.247934,15.1667,1.52342,11544.3,1.16245,0.430403,10.5717,0.259424,-0.463601,-0.443805,-5395.61,28,17004.3,5460,0.321095,586,506,7.49745,14.132,10.8147,-3.31727,0.264667,0.253351,0.259009,0.00565785,-2.32389,23.3255,-2.187,23.7394,-0.00194032,0.527992,-0.00258993,0.528978,0.866926,-0.168214,-0.160109,0.600217,0.156593,1.19397,10019.4,0.327083,0.109655,0.651876,0.352564,580,0.389663,13.9288,512,0.111887,6.76874,6,6,52,-0.635092,11,0.0407913,,,,,,,,,,,,
échantillon entier,RE-3,"RE-3 — F2b SL-A 5 ATR, F3 SL-B extremum",28,réouverture,10,6,1452,1092,0.247934,15.1667,0.462036,6084.29,1.08199,0.417582,5.57169,0.123414,-0.500725,-0.482099,-6105.61,28,17004.3,10920,0.642191,586,506,2.49745,9.13198,5.81472,-3.31727,0.12809,0.117999,0.123045,0.00504542,-7.32389,18.3255,-7.187,18.7394,-0.139616,0.394198,-0.14327,0.398693,0.345424,-0.194848,-0.187836,0.600217,0.156593,1.09448,10019.4,0.654165,0.0506946,0.260175,0.352564,580,0.257007,8.92878,512,-0.0279219,1.76874,5,5,52,-0.778572,11,-0.10608,,,,,,,,,,,,
échantillon entier,C1,"C1 — F2b seul, sans stop",32,cooldown,5,6,741,610,0.176788,8.47222,0.141525,3284.33,1.06609,0.509836,5.38415,0.326012,-0.54824,-0.520584,-6482.73,32,6334.33,3050,0.481503,305,305,0.933822,9.83447,5.38415,-4.45032,0.436506,0.215519,0.326012,0.110493,-11.2586,22.8973,-11.3151,22.8055,-0.050683,0.71527,-0.051293,0.71782,0.485609,-0.233226,-0.220207,0.597653,0.152459,1.18669,6229.59,0.29261,0.0681955,0.292401,0,610,0.326012,5.38415,0,,,4,4,,,,,,,,,,,,,,,,
échantillon entier,C1,"C1 — F2b seul, sans stop",32,cooldown,10,6,741,610,0.176788,8.47222,-0.158647,234.328,1.00458,0.496721,0.384145,0.191956,-0.584115,-0.573145,-7444.22,32,6334.33,6100,0.963007,305,305,-4.06618,4.83447,0.384145,-4.45032,0.301194,0.0827193,0.191956,0.109237,-16.2586,17.8973,-16.3151,17.8055,-0.183961,0.577912,-0.191035,0.577961,0.238218,-0.262971,-0.253842,0.597653,0.152459,1.10543,6229.59,0.58522,0.0362539,0.137863,0,610,0.191956,0.384145,0,,,3,3,,,,,,,,,,,,,,,,
échantillon entier,C1,"C1 — F2b seul, sans stop",32,réouverture,5,6,741,610,0.176788,8.47222,0.141525,3284.33,1.06609,0.509836,5.38415,0.326012,-0.54824,-0.520584,-6482.73,32,6334.33,3050,0.481503,305,305,0.933822,9.83447,5.38415,-4.45032,0.436506,0.215519,0.326012,0.110493,-11.2586,22.8973,-11.3151,22.8055,-0.050683,0.71527,-0.051293,0.71782,0.485609,-0.233226,-0.220207,0.597653,0.152459,1.18669,6229.59,0.29261,0.0681955,0.292401,0,610,0.326012,5.38415,0,,,4,4,0,,0,,,,,,,,,,,,,
échantillon entier,C1,"C1 — F2b seul, sans stop",32,réouverture,10,6,741,610,0.176788,8.47222,-0.158647,234.328,1.00458,0.496721,0.384145,0.191956,-0.584115,-0.573145,-7444.22,32,6334.33,6100,0.963007,305,305,-4.06618,4.83447,0.384145,-4.45032,0.301194,0.0827193,0.191956,0.109237,-16.2586,17.8973,-16.3151,17.8055,-0.183961,0.577912,-0.191035,0.577961,0.238218,-0.262971,-0.253842,0.597653,0.152459,1.10543,6229.59,0.58522,0.0362539,0.137863,0,610,0.191956,0.384145,0,,,3,3,0,,0,,,,,,,,,,,,,
échantillon entier,C2,"C2 — R2 hors Q4 uniforme, sans stop",32,cooldown,5,6,1452,1012,0.30303,14.0556,0.981143,10096.1,1.12582,0.500988,9.97637,0.34029,-0.46425,-0.456412,-5899.16,32,15156.1,5060,0.333859,544,468,11.8767,7.76745,9.82207,2.05462,0.457394,0.20417,0.330782,0.126612,-6.48183,25.3948,-6.75298,25.2618,-0.0207349,0.681505,-0.0261687,0.662156,0.897457,-0.292334,-0.285756,0.599315,0.152174,1.18019,10217.2,0.296807,0.112659,0.385377,0,532,0.421298,9.41664,480,0.250506,10.5967,4,4,,,,,,,,,,,,,,,,
échantillon entier,C2,"C2 — R2 hors Q4 uniforme, sans stop",32,cooldown,10,6,1452,1012,0.30303,14.0556,0.194497,5036.08,1.06083,0.493083,4.97637,0.204949,-0.47921,-0.471856,-6184.16,32,15156.1,10120,0.667719,544,468,6.87669,2.76745,4.82207,2.05462,0.320827,0.0702533,0.19554,0.125287,-11.4818,20.3948,-11.753,20.2618,-0.150746,0.54273,-0.157311,0.524848,0.401297,-0.307032,-0.299776,0.599315,0.152174,1.10027,10217.2,0.593615,0.0578442,0.188398,0,532,0.28915,4.41664,480,0.111626,5.59672,4,4,,,,,,,,,,,,,,,,
échantillon entier,C2,"C2 — R2 hors Q4 uniforme, sans stop",32,réouverture,5,6,1452,1012,0.30303,14.0556,0.981143,10096.1,1.12582,0.500988,9.97637,0.34029,-0.46425,-0.456412,-5899.16,32,15156.1,5060,0.333859,544,468,11.8767,7.76745,9.82207,2.05462,0.457394,0.20417,0.330782,0.126612,-6.48183,25.3948,-6.75298,25.2618,-0.0207349,0.681505,-0.0261687,0.662156,0.897457,-0.292334,-0.285756,0.599315,0.152174,1.18019,10217.2,0.296807,0.112659,0.385377,0,532,0.421298,9.41664,480,0.250506,10.5967,4,4,0,,0,,,,,,,,,,,,,
échantillon entier,C2,"C2 — R2 hors Q4 uniforme, sans stop",32,réouverture,10,6,1452,1012,0.30303,14.0556,0.194497,5036.08,1.06083,0.493083,4.97637,0.204949,-0.47921,-0.471856,-6184.16,32,15156.1,10120,0.667719,544,468,6.87669,2.76745,4.82207,2.05462,0.320827,0.0702533,0.19554,0.125287,-11.4818,20.3948,-11.753,20.2618,-0.150746,0.54273,-0.157311,0.524848,0.401297,-0.307032,-0.299776,0.599315,0.152174,1.10027,10217.2,0.593615,0.0578442,0.188398,0,532,0.28915,4.41664,480,0.111626,5.59672,4,4,0,,0,,,,,,,,,,,,,
échantillon entier,RE-1,"RE-1 — F2b sans stop, F3 SL-B extremum",32,cooldown,5,6,1452,1012,0.30303,14.0556,0.771254,8246.01,1.11393,0.435771,8.14823,0.315539,-0.430963,-0.422826,-4440.81,32,13306,5060,0.380279,544,468,7.36121,9.06305,8.21213,-0.850924,0.37914,0.241611,0.310375,0.0687645,-5.22558,21.9393,-5.32215,22.0657,0.000935988,0.628171,-0.00362133,0.619828,0.892801,-0.181708,-0.172512,0.599315,0.152174,1.19993,10010.9,0.302924,0.112203,0.617493,0.271739,532,0.421298,9.41664,480,0.198323,6.7424,5,5,,,,,-1.82814,-8.67888,5.2965,-0.0247506,-0.178011,0.126981,,,,,,
échantillon entier,RE-1,"RE-1 — F2b sans stop, F3 SL-B extremum",32,cooldown,10,6,1452,1012,0.30303,14.0556,0.067929,3186.01,1.04234,0.428854,3.14823,0.180198,-0.518172,-0.511043,-6064.77,32,13306,10120,0.760559,544,468,2.36121,4.06305,3.21213,-0.850924,0.242573,0.107694,0.175134,0.0674393,-10.2256,16.9393,-10.3221,17.0657,-0.137849,0.490827,-0.140772,0.487178,0.397919,-0.208571,-0.203237,0.599315,0.152174,1.10771,10010.9,0.605848,0.0574188,0.275295,0.271739,532,0.28915,4.41664,480,0.0594435,1.7424,4,3,,,,,-1.82814,-8.67888,5.2965,-0.0247506,-0.178011,0.126981,,,,,,
échantillon entier,RE-1,"RE-1 — F2b sans stop, F3 SL-B extremum",32,réouverture,5,6,1452,1051,0.276171,14.5972,0.547895,7035.8,1.09289,0.43197,6.69439,0.24898,-0.462832,-0.43754,-4842.43,32,12290.8,5255,0.427556,565,486,5.25488,8.36789,6.81138,-1.5565,0.329386,0.155504,0.242445,0.086941,-7.02023,20.2564,-7.03642,20.2967,-0.0680185,0.548559,-0.0691144,0.537492,0.691793,-0.168565,-0.16299,0.599929,0.15509,1.16021,9024.32,0.349348,0.0915858,0.543328,0.269267,554,0.318712,6.23407,497,0.17125,7.20749,5,4,53,-0.649421,14,1.65918,,,,,,,,,,,,
échantillon entier,RE-1,"RE-1 — F2b sans stop, F3 SL-B extremum",32,réouverture,10,6,1452,1051,0.276171,14.5972,-0.0848338,1780.8,1.02261,0.425309,1.69439,0.112993,-0.5458,-0.545101,-6362.43,32,12290.8,10510,0.855111,565,486,0.254879,3.36789,1.81138,-1.5565,0.193284,0.0196513,0.106468,0.0868163,-12.0202,15.2564,-12.0364,15.2967,-0.202733,0.419397,-0.210435,0.407911,0.234498,-0.215242,-0.210567,0.599929,0.15509,1.07069,9024.32,0.698695,0.0357344,0.166019,0.269267,554,0.186887,1.23407,497,0.0306251,2.20749,3,4,53,-0.791878,14,1.54538,,,,,,,,,,,,
échantillon entier,RE-2,"RE-2 — F2b sans stop, F3 SL-A 2 ATR",32,cooldown,5,6,1452,1012,0.30303,14.0556,0.879454,8813.61,1.12266,0.435771,8.70911,0.320143,-0.395923,-0.387285,-4151.3,32,13873.6,5060,0.364721,544,468,7.32373,10.3195,8.82159,-1.49786,0.383921,0.246008,0.314964,0.0689565,-5.45368,22.7938,-5.24588,22.7327,0.00171356,0.628236,0.000389724,0.616665,0.933449,-0.179415,-0.170557,0.599315,0.152174,1.20671,10221.9,0.296671,0.116149,0.647376,0.27668,532,0.421298,9.41664,480,0.208029,7.92492,5,5,,,,,-1.26726,-8.26993,6.26282,-0.0201472,-0.180433,0.14355,,,,,,
échantillon entier,RE-2,"RE-2 — F2b sans stop, F3 SL-A 2 ATR",32,cooldown,10,6,1452,1012,0.30303,14.0556,0.1332,3753.61,1.05023,0.428854,3.70911,0.184802,-0.504216,-0.503813,-5479.43,32,13873.6,10120,0.729442,544,468,2.32373,5.31945,3.82159,-1.49786,0.247354,0.112092,0.179723,0.0676313,-10.4537,17.7938,-10.2459,17.7327,-0.136287,0.490798,-0.138305,0.476491,0.427937,-0.204875,-0.197043,0.599315,0.152174,1.11385,10221.9,0.593343,0.0611697,0.29857,0.27668,532,0.28915,4.41664,480,0.0691491,2.92492,5,5,,,,,-1.26726,-8.26993,6.26282,-0.0201472,-0.180433,0.14355,,,,,,
échantillon entier,RE-2,"RE-2 — F2b sans stop, F3 SL-A 2 ATR",32,réouverture,5,6,1452,1056,0.272727,14.6667,0.559841,7081.08,1.09358,0.430871,6.70557,0.255636,-0.443486,-0.417283,-4592.06,32,12361.1,5280,0.427147,565,491,4.27565,9.50171,6.88868,-2.61303,0.33785,0.161032,0.249441,0.0884087,-7.4525,20.6311,-7.42915,20.6659,-0.0586415,0.559122,-0.0650833,0.548817,0.738128,-0.162826,-0.156063,0.599871,0.154356,1.16753,9310.26,0.340196,0.0965126,0.592735,0.278409,554,0.338172,7.13451,502,0.16455,6.2322,6,4,59,-0.553245,15,1.42608,,,,,,,,,,,,
échantillon entier,RE-2,"RE-2 — F2b sans stop, F3 SL-A 2 ATR",32,réouverture,10,6,1452,1056,0.272727,14.6667,-0.0800693,1801.08,1.02289,0.424242,1.70557,0.119836,-0.548185,-0.54749,-6032.92,32,12361.1,10560,0.854294,565,491,-0.724345,4.50171,1.88868,-2.61303,0.201933,0.0253665,0.11365,0.0882832,-12.4525,15.6311,-12.4291,15.6659,-0.198298,0.426776,-0.205533,0.416524,0.266458,-0.207038,-0.201722,0.599871,0.154356,1.07731,9310.26,0.680393,0.040156,0.193954,0.278409,554,0.206264,2.13451,502,0.0244553,1.2322,4,4,59,-0.694552,15,1.29959,,,,,,,,,,,,
échantillon entier,RE-3,"RE-3 — F2b SL-A 5 ATR, F3 SL-B extremum",32,cooldown,5,6,1452,1012,0.30303,14.0556,1.00366,9175.95,1.13061,0.424901,9.06714,0.283177,-0.32659,-0.312737,-3488.84,32,14235.9,5060,0.355438,544,468,6.59814,11.9371,9.26762,-2.66948,0.254957,0.315979,0.285468,-0.0305111,-3.76009,22.3228,-3.63411,22.7376,-0.00759723,0.558854,-0.00308309,0.566894,0.842496,-0.174689,-0.168392,0.599315,0.152174,1.19375,9659.31,0.313949,0.107221,0.613783,0.382411,532,0.359737,11.1647,480,0.198323,6.7424,5,4,,,,,-0.909223,-8.51911,7.22591,-0.0571129,-0.244411,0.125129,0.918916,-2.83527,4.88772,-0.0323623,-0.153492,0.0832014
échantillon entier,RE-3,"RE-3 — F2b SL-A 5 ATR, F3 SL-B extremum",32,cooldown,10,6,1452,1012,0.30303,14.0556,0.208145,4115.95,1.05625,0.41996,4.06714,0.147836,-0.434354,-0.41961,-4425.68,32,14235.9,10120,0.710876,544,468,1.59814,6.93709,4.26762,-2.66948,0.118391,0.182063,0.150227,-0.0318362,-8.76009,17.3228,-8.63411,17.7376,-0.144423,0.428234,-0.143116,0.435143,0.360724,-0.194121,-0.186398,0.599315,0.152174,1.09992,9659.31,0.627899,0.0526767,0.27136,0.382411,532,0.227589,6.16466,480,0.0594435,1.7424,4,4,,,,,-0.909223,-8.51911,7.22591,-0.0571129,-0.244411,0.125129,0.918916,-2.83527,4.88772,-0.0323623,-0.153492,0.0832014
échantillon entier,RE-3,"RE-3 — F2b SL-A 5 ATR, F3 SL-B extremum",32,réouverture,5,6,1452,1058,0.27135,14.6944,0.71457,7748.48,1.10468,0.420605,7.3237,0.216677,-0.453199,-0.425208,-5039.79,32,13038.5,5290,0.405722,570,488,2.92696,12.4592,7.6931,-4.76614,0.177473,0.262468,0.21997,-0.0424976,-5.06518,19.6565,-4.96316,20.2496,-0.0600941,0.48144,-0.0561018,0.480644,0.621523,-0.16738,-0.161028,0.599672,0.154064,1.14854,8533.76,0.371731,0.083895,0.501223,0.382798,558,0.265089,7.74476,500,0.162649,6.85379,5,5,60,-0.786227,14,0.72554,,,,,,,,,,,,
échantillon entier,RE-3,"RE-3 — F2b SL-A 5 ATR, F3 SL-B extremum",32,réouverture,10,6,1452,1058,0.27135,14.6944,0.0102357,2458.48,1.03189,0.415879,2.3237,0.0808472,-0.508491,-0.481699,-5730.51,32,13038.5,10580,0.811445,570,488,-2.07304,7.45924,2.6931,-4.76614,0.0416677,0.12661,0.0841389,-0.0424712,-10.0652,14.6565,-9.96316,15.2496,-0.198327,0.344725,-0.19331,0.347472,0.180858,-0.187452,-0.184473,0.599672,0.154064,1.05767,8533.76,0.743462,0.0280942,0.149874,0.382798,558,0.133484,2.74476,500,0.022104,1.85379,3,3,60,-0.92535,14,0.610916,,,,,,,,,,,,
échantillon entier,C1,"C1 — F2b seul, sans stop",48,cooldown,5,6,741,564,0.238866,7.83333,-0.0574996,1911.81,1.03353,0.48227,3.38973,0.219301,-0.60791,-0.593584,-8084.83,48,4731.81,2820,0.595967,281,283,8.8787,-2.06044,3.40913,5.46957,0.561711,-0.12069,0.220511,0.341201,-18.6945,24.6657,-18.626,24.9183,-0.312708,0.768009,-0.310626,0.77342,0.179046,-0.314303,-0.305223,0.595157,0.148936,1.07957,3956.76,0.424171,0.0278312,0.088549,0,564,0.219301,3.38973,0,,,3,3,,,,,,,,,,,,,,,,
échantillon entier,C1,"C1 — F2b seul, sans stop",48,cooldown,10,6,741,564,0.238866,7.83333,-0.289258,-908.191,0.98448,0.464539,-1.61027,0.0856037,-0.630003,-0.62127,-8684.83,48,4731.81,5640,1.19193,281,283,3.8787,-7.06044,-1.59087,5.46957,0.428767,-0.255134,0.0868163,0.34195,-23.6945,19.6657,-23.626,19.9183,-0.436931,0.633274,-0.443905,0.639186,-0.0030848,-0.33758,-0.329109,0.595157,0.148936,1.02033,3956.76,0.848342,-0.000514795,-0.00152496,0,564,0.0856037,-1.61027,0,,,3,3,,,,,,,,,,,,,,,,
échantillon entier,C1,"C1 — F2b seul, sans stop",48,réouverture,5,6,741,564,0.238866,7.83333,-0.0574996,1911.81,1.03353,0.48227,3.38973,0.219301,-0.60791,-0.593584,-8084.83,48,4731.81,2820,0.595967,281,283,8.8787,-2.06044,3.40913,5.46957,0.561711,-0.12069,0.220511,0.341201,-18.6945,24.6657,-18.626,24.9183,-0.312708,0.768009,-0.310626,0.77342,0.179046,-0.314303,-0.305223,0.595157,0.148936,1.07957,3956.76,0.424171,0.0278312,0.088549,0,564,0.219301,3.38973,0,,,3,3,0,,0,,,,,,,,,,,,,
échantillon entier,C1,"C1 — F2b seul, sans stop",48,réouverture,10,6,741,564,0.238866,7.83333,-0.289258,-908.191,0.98448,0.464539,-1.61027,0.0856037,-0.630003,-0.62127,-8684.83,48,4731.81,5640,1.19193,281,283,3.8787,-7.06044,-1.59087,5.46957,0.428767,-0.255134,0.0868163,0.34195,-23.6945,19.6657,-23.626,19.9183,-0.436931,0.633274,-0.443905,0.639186,-0.0030848,-0.33758,-0.329109,0.595157,0.148936,1.02033,3956.76,0.848342,-0.000514795,-0.00152496,0,564,0.0856037,-1.61027,0,,,3,3,0,,0,,,,,,,,,,,,,
échantillon entier,C2,"C2 — R2 hors Q4 uniforme, sans stop",48,cooldown,5,6,1452,864,0.404959,12,-0.478342,-2501.96,0.972215,0.46875,-2.89579,0.0710028,-0.708904,-0.672732,-9830.35,48,1818.04,4320,2.37618,469,395,-1.49003,-4.5649,-3.02746,1.53744,0.239406,-0.12895,0.0552283,0.184178,-21.5068,16.3336,-21.2823,15.9909,-0.380528,0.507687,-0.379326,0.478988,-0.0539082,-0.369128,-0.359332,0.595289,0.146991,1.00975,3014.62,0.853059,-0.00919343,-0.0249058,0,459,0.17255,1.88151,405,-0.0440836,-8.31006,3,3,,,,,,,,,,,,,,,,
échantillon entier,C2,"C2 — R2 hors Q4 uniforme, sans stop",48,cooldown,10,6,1452,864,0.404959,12,-0.66155,-6821.96,0.926148,0.456019,-7.89579,-0.063711,-0.784641,-0.75801,-10971.4,48,1818.04,8640,4.75237,469,395,-6.49003,-9.5649,-8.02746,1.53744,0.103785,-0.262586,-0.0794005,0.183186,-26.5068,11.3336,-26.2823,10.9909,-0.512396,0.372071,-0.514881,0.347795,-0.268501,-0.453827,-0.443886,0.595289,0.146991,0.954512,3014.62,1.70612,-0.0507754,-0.111883,0,459,0.0395397,-3.11849,405,-0.180728,-13.3101,3,3,,,,,,,,,,,,,,,,
échantillon entier,C2,"C2 — R2 hors Q4 uniforme, sans stop",48,réouverture,5,6,1452,864,0.404959,12,-0.478342,-2501.96,0.972215,0.46875,-2.89579,0.0710028,-0.708904,-0.672732,-9830.35,48,1818.04,4320,2.37618,469,395,-1.49003,-4.5649,-3.02746,1.53744,0.239406,-0.12895,0.0552283,0.184178,-21.5068,16.3336,-21.2823,15.9909,-0.380528,0.507687,-0.379326,0.478988,-0.0539082,-0.369128,-0.359332,0.595289,0.146991,1.00975,3014.62,0.853059,-0.00919343,-0.0249058,0,459,0.17255,1.88151,405,-0.0440836,-8.31006,3,3,0,,0,,,,,,,,,,,,,
échantillon entier,C2,"C2 — R2 hors Q4 uniforme, sans stop",48,réouverture,10,6,1452,864,0.404959,12,-0.66155,-6821.96,0.926148,0.456019,-7.89579,-0.063711,-0.784641,-0.75801,-10971.4,48,1818.04,8640,4.75237,469,395,-6.49003,-9.5649,-8.02746,1.53744,0.103785,-0.262586,-0.0794005,0.183186,-26.5068,11.3336,-26.2823,10.9909,-0.512396,0.372071,-0.514881,0.347795,-0.268501,-0.453827,-0.443886,0.595289,0.146991,0.954512,3014.62,1.70612,-0.0507754,-0.111883,0,459,0.0395397,-3.11849,405,-0.180728,-13.3101,3,3,0,,0,,,,,,,,,,,,,
échantillon entier,RE-1,"RE-1 — F2b sans stop, F3 SL-B extremum",48,cooldown,5,6,1452,864,0.404959,12,-0.356817,-1811.19,0.976022,0.388889,-2.09628,0.165021,-0.688741,-0.684526,-9679.46,48,2508.81,4320,1.72193,469,395,2.50795,-7.56308,-2.52756,5.03552,0.401314,-0.115541,0.142887,0.258428,-17.6507,14.1596,-18.3443,13.8934,-0.223659,0.562196,-0.238677,0.533647,0.142884,-0.298112,-0.291923,0.595289,0.146991,1.05404,4572.21,0.562452,0.0225088,0.0755045,0.304398,459,0.17255,1.88151,405,0.156488,-6.60445,4,4,,,,,0.799505,-7.95442,9.79624,0.0940177,-0.113343,0.320166,,,,,,
échantillon entier,RE-1,"RE-1 — F2b sans stop, F3 SL-B extremum",48,cooldown,10,6,1452,864,0.404959,12,-0.582631,-6131.19,0.921597,0.380787,-7.09628,0.0303067,-0.751505,-0.74802,-11919.5,48,2508.81,8640,3.44386,469,395,-2.49205,-12.5631,-7.52756,5.03552,0.265693,-0.249177,0.0082579,0.257435,-22.6507,9.15963,-23.3443,8.89344,-0.358178,0.427629,-0.371416,0.398823,-0.116242,-0.346582,-0.343473,0.595289,0.146991,0.985205,4572.21,1.1249,-0.0203847,-0.0588164,0.304398,459,0.0395397,-3.11849,405,0.0198428,-11.6044,4,3,,,,,0.799505,-7.95442,9.79624,0.0940177,-0.113343,0.320166,,,,,,
échantillon entier,RE-1,"RE-1 — F2b sans stop, F3 SL-B extremum",48,réouverture,5,6,1452,935,0.356061,12.9861,-0.392326,-1886.62,0.977236,0.391444,-2.01778,0.175848,-0.740823,-0.737314,-11096.8,48,2788.38,4675,1.6766,501,434,-2.81847,-1.09347,-1.95597,-0.8625,0.361057,-0.0379529,0.161552,0.199505,-19.7084,15.0867,-19.6892,14.8216,-0.23137,0.592735,-0.2396,0.563446,0.191582,-0.364955,-0.358703,0.596422,0.152941,1.06282,5335.66,0.522574,0.0296445,0.0812279,0.302674,499,0.209084,2.16345,436,0.13781,-6.80318,4,4,91,0.363796,20,0.56325,,,,,,,,,,,,
échantillon entier,RE-1,"RE-1 — F2b sans stop, F3 SL-B extremum",48,réouverture,10,6,1452,935,0.356061,12.9861,-0.61945,-6561.62,0.923477,0.383957,-7.01778,0.0401612,-0.7968,-0.793951,-13516.8,48,2788.38,9350,3.3532,501,434,-7.81847,-6.09347,-6.95597,-0.8625,0.2264,-0.174828,0.0257857,0.200614,-24.7084,10.0867,-24.6892,9.82164,-0.367804,0.454466,-0.378884,0.430605,-0.0983003,-0.410998,-0.406297,0.596422,0.152941,0.994299,5335.66,1.04515,-0.0170978,-0.0416007,0.302674,499,0.076192,-2.83655,436,-0.00107577,-11.8032,4,3,91,0.220788,20,0.4363,,,,,,,,,,,,
échantillon entier,RE-2,"RE-2 — F2b sans stop, F3 SL-A 2 ATR",48,cooldown,5,6,1452,864,0.404959,12,-0.330691,-1461.77,0.980407,0.383102,-1.69186,0.159878,-0.660424,-0.654834,-9118.68,48,2858.23,4320,1.51142,469,395,2.67784,-6.8802,-2.10118,4.77902,0.397475,-0.122231,0.137622,0.259853,-17.3629,15.0474,-17.5534,14.2988,-0.222326,0.554705,-0.234465,0.519141,0.130997,-0.281819,-0.275775,0.595289,0.146991,1.05132,4462.79,0.576242,0.0207285,0.0735527,0.310185,459,0.17255,1.88151,405,0.145517,-5.74168,4,4,,,,,1.20392,-7.95959,10.3292,0.0888752,-0.127084,0.323521,,,,,,
échantillon entier,RE-2,"RE-2 — F2b sans stop, F3 SL-A 2 ATR",48,cooldown,10,6,1452,864,0.404959,12,-0.565667,-5781.77,0.925197,0.375,-6.69186,0.0251642,-0.729291,-0.724429,-11034.3,48,2858.23,8640,3.02285,469,395,-2.32216,-11.8802,-7.10118,4.77902,0.261854,-0.255867,0.00299324,0.258861,-22.3629,10.0474,-22.5534,9.29878,-0.353801,0.419183,-0.371316,0.387229,-0.125444,-0.333547,-0.326537,0.595289,0.146991,0.9823,4462.79,1.15248,-0.0220921,-0.066234,0.310185,459,0.0395397,-3.11849,405,0.00887192,-10.7417,4,3,,,,,1.20392,-7.95959,10.3292,0.0888752,-0.127084,0.323521,,,,,,
échantillon entier,RE-2,"RE-2 — F2b sans stop, F3 SL-A 2 ATR",48,réouverture,5,6,1452,941,0.351928,13.0694,-0.368684,-1545.76,0.981224,0.38576,-1.64268,0.177353,-0.727504,-0.723019,-10650.3,48,3159.24,4705,1.48928,501,440,-3.72102,0.723782,-1.49862,-2.2224,0.345395,-0.0139853,0.165705,0.17969,-18.7153,15.4512,-18.4651,15.3625,-0.219363,0.597265,-0.228856,0.572317,0.192485,-0.353436,-0.34707,0.596985,0.151966,1.06301,5361.3,0.523905,0.0297746,0.0842433,0.311371,500,0.227001,2.69454,441,0.121063,-6.56017,4,4,96,0.448707,19,0.753732,,,,,,,,,,,,
échantillon entier,RE-2,"RE-2 — F2b sans stop, F3 SL-A 2 ATR",48,réouverture,10,6,1452,941,0.351928,13.0694,-0.605821,-6250.76,0.926673,0.377258,-6.64268,0.0417166,-0.786991,-0.783166,-13016.7,48,3159.24,9410,2.97857,501,440,-8.72102,-4.27622,-6.49862,-2.2224,0.210949,-0.150977,0.0299857,0.180963,-23.7153,10.4512,-23.4651,10.3625,-0.355469,0.462983,-0.360604,0.435711,-0.0994727,-0.399197,-0.394402,0.596985,0.151966,0.993933,5361.3,1.04781,-0.0173109,-0.0433642,0.311371,500,0.0937873,-2.30546,441,-0.0173204,-11.5602,4,3,96,0.307099,19,0.629895,,,,,,,,,,,,
échantillon entier,RE-3,"RE-3 — F2b SL-A 5 ATR, F3 SL-B extremum",48,cooldown,5,6,1452,864,0.404959,12,-0.398878,-2776.19,0.962828,0.37037,-3.21318,0.101488,-0.650339,-0.624888,-8816.75,48,1543.81,4320,2.79827,469,395,-1.05433,-5.77648,-3.41541,2.36108,0.274234,-0.103621,0.0853066,0.188928,-17.6723,12.442,-18.0402,12.2244,-0.235756,0.458315,-0.240972,0.447369,0.106232,-0.253062,-0.235736,0.595289,0.146991,1.04341,4143,0.620722,0.0169689,0.0670543,0.474537,459,0.0529587,-0.220894,405,0.156488,-6.60445,4,3,,,,,-0.317399,-9.35178,8.8951,0.0304851,-0.221063,0.309874,-1.1169,-6.70215,4.08281,-0.0635327,-0.265995,0.113144
échantillon entier,RE-3,"RE-3 — F2b SL-A 5 ATR, F3 SL-B extremum",48,cooldown,10,6,1452,864,0.404959,12,-0.609932,-7096.19,0.908352,0.363426,-8.21318,-0.0332259,-0.727422,-0.710293,-10809.6,48,1543.81,8640,5.59655,469,395,-6.05433,-10.7765,-8.41541,2.36108,0.138613,-0.237257,-0.0493222,0.187935,-22.6723,7.44199,-23.0402,7.22444,-0.371186,0.322123,-0.3774,0.306741,-0.144592,-0.347151,-0.332955,0.595289,0.146991,0.973559,4143,1.24144,-0.0256937,-0.074013,0.474537,459,-0.0800513,-5.22089,405,0.0198428,-11.6044,2,2,,,,,-0.317399,-9.35178,8.8951,0.0304851,-0.221063,0.309874,-1.1169,-6.70215,4.08281,-0.0635327,-0.265995,0.113144
échantillon entier,RE-3,"RE-3 — F2b SL-A 5 ATR, F3 SL-B extremum",48,réouverture,5,6,1452,950,0.34573,13.1944,-0.323884,-1340.11,0.983426,0.376842,-1.41064,0.133501,-0.635265,-0.616665,-8742.61,48,3409.89,4750,1.39301,515,435,-4.40916,2.13932,-1.13492,-3.27424,0.208435,0.0447849,0.12661,0.0818252,-16.6085,13.7055,-16.3088,14.2376,-0.201866,0.475462,-0.209849,0.467541,0.193501,-0.25628,-0.241922,0.596835,0.153684,1.06076,5219.03,0.543198,0.0299207,0.11675,0.467368,508,0.10818,2.35055,442,0.162602,-5.73346,5,5,113,0.284145,27,-0.260432,,,,,,,,,,,,
échantillon entier,RE-3,"RE-3 — F2b SL-A 5 ATR, F3 SL-B extremum",48,réouverture,10,6,1452,950,0.34573,13.1944,-0.579719,-6090.11,0.927361,0.370526,-6.41064,-0.00209198,-0.712023,-0.698933,-10160.5,48,3409.89,9500,2.78602,515,435,-9.40916,-2.86068,-6.13492,-3.27424,0.0739061,-0.0920668,-0.00908031,0.0829865,-21.6085,8.70553,-21.3088,9.23765,-0.340878,0.337519,-0.348829,0.332335,-0.101073,-0.326096,-0.311701,0.596835,0.153684,0.989007,5219.03,1.0864,-0.0176021,-0.0539782,0.467368,508,-0.0244706,-2.64945,442,0.0236283,-10.7335,3,2,113,0.144597,27,-0.38446,,,,,,,,,,,,
"échantillon entier, après 500",C1,"C1 — F2b seul, sans stop",13,cooldown,5,5.55961,679,637,0.0618557,9.54804,-0.00975683,627.124,1.02005,0.459969,0.984496,-0.0316976,-0.348803,-0.340149,-3748.32,13,3812.12,3185,0.835492,320,317,0.85065,1.11961,0.985129,-0.13448,-0.0198371,-0.0436704,-0.0317538,0.0119166,-10.0491,12.2385,-10.0435,12.2496,-0.266792,0.197734,-0.266267,0.195617,-0.0619245,-0.200441,-0.198466,0.61352,0.169545,0.970342,1477.62,1.32244,-0.0114322,-0.0570355,0,637,-0.0316976,0.984496,0,,,2,2,,,,,,,,,,,,,,,,
"échantillon entier, après 500",C1,"C1 — F2b seul, sans stop",13,cooldown,10,5.55961,679,637,0.0618557,9.54804,-0.279944,-2557.88,0.922577,0.434851,-4.0155,-0.170914,-0.474786,-0.467301,-5857.93,13,3812.12,6370,1.67098,320,317,-4.14935,-3.88039,-4.01487,-0.13448,-0.158232,-0.183716,-0.170974,0.012742,-15.0491,7.23849,-15.0435,7.24955,-0.404523,0.057246,-0.406692,0.0576628,-0.228498,-0.316354,-0.308972,0.61352,0.169545,0.858525,1477.62,2.64488,-0.0455891,-0.144108,0,637,-0.170914,-4.0155,0,,,1,1,,,,,,,,,,,,,,,,
"échantillon entier, après 500",C1,"C1 — F2b seul, sans stop",13,réouverture,5,5.55961,679,637,0.0618557,9.54804,-0.00975683,627.124,1.02005,0.459969,0.984496,-0.0316976,-0.348803,-0.340149,-3748.32,13,3812.12,3185,0.835492,320,317,0.85065,1.11961,0.985129,-0.13448,-0.0198371,-0.0436704,-0.0317538,0.0119166,-10.0491,12.2385,-10.0435,12.2496,-0.266792,0.197734,-0.266267,0.195617,-0.0619245,-0.200441,-0.198466,0.61352,0.169545,0.970342,1477.62,1.32244,-0.0114322,-0.0570355,0,637,-0.0316976,0.984496,0,,,2,2,0,,0,,,,,,,,,,,,,
"échantillon entier, après 500",C1,"C1 — F2b seul, sans stop",13,réouverture,10,5.55961,679,637,0.0618557,9.54804,-0.279944,-2557.88,0.922577,0.434851,-4.0155,-0.170914,-0.474786,-0.467301,-5857.93,13,3812.12,6370,1.67098,320,317,-4.14935,-3.88039,-4.01487,-0.13448,-0.158232,-0.183716,-0.170974,0.012742,-15.0491,7.23849,-15.0435,7.24955,-0.404523,0.057246,-0.406692,0.0576628,-0.228498,-0.316354,-0.308972,0.61352,0.169545,0.858525,1477.62,2.64488,-0.0455891,-0.144108,0,637,-0.170914,-4.0155,0,,,1,1,0,,0,,,,,,,,,,,,,
"échantillon entier, après 500",C2,"C2 — R2 hors Q4 uniforme, sans stop",13,cooldown,5,5.55961,1348,1155,0.143175,17.3124,-0.210689,-971.89,0.983954,0.464935,-0.841463,0.00821024,-0.559821,-0.550162,-7139.08,13,4803.11,5775,1.20235,623,532,-1.08674,-0.554225,-0.820485,-0.26626,-0.0212655,0.0427279,0.0107312,-0.0319967,-10.8425,8.28049,-10.8629,8.30095,-0.204843,0.200534,-0.200051,0.200816,-0.0596135,-0.311301,-0.303789,0.61358,0.167965,0.990792,3261.47,1.08645,-0.0109946,-0.0353183,0,598,-0.0291621,-0.472641,557,0.0483335,-1.23743,3,3,,,,,,,,,,,,,,,,
"échantillon entier, après 500",C2,"C2 — R2 hors Q4 uniforme, sans stop",13,cooldown,10,5.55961,1348,1155,0.143175,17.3124,-0.557107,-6746.89,0.894138,0.437229,-5.84146,-0.132343,-0.697174,-0.689968,-10826.6,13,4803.11,11550,2.40469,623,532,-6.08674,-5.55422,-5.82048,-0.26626,-0.161767,-0.0978869,-0.129827,-0.0319399,-15.8425,3.28049,-15.8629,3.30095,-0.33804,0.0568878,-0.336483,0.0574608,-0.340259,-0.460061,-0.453379,0.61358,0.167965,0.882638,3261.47,2.1729,-0.0720792,-0.156673,0,598,-0.166578,-5.47264,557,-0.0955886,-6.23743,2,2,,,,,,,,,,,,,,,,
"échantillon entier, après 500",C2,"C2 — R2 hors Q4 uniforme, sans stop",13,réouverture,5,5.55961,1348,1155,0.143175,17.3124,-0.210689,-971.89,0.983954,0.464935,-0.841463,0.00821024,-0.559821,-0.550162,-7139.08,13,4803.11,5775,1.20235,623,532,-1.08674,-0.554225,-0.820485,-0.26626,-0.0212655,0.0427279,0.0107312,-0.0319967,-10.8425,8.28049,-10.8629,8.30095,-0.204843,0.200534,-0.200051,0.200816,-0.0596135,-0.311301,-0.303789,0.61358,0.167965,0.990792,3261.47,1.08645,-0.0109946,-0.0353183,0,598,-0.0291621,-0.472641,557,0.0483335,-1.23743,3,3,0,,0,,,,,,,,,,,,,
"échantillon entier, après 500",C2,"C2 — R2 hors Q4 uniforme, sans stop",13,réouverture,10,5.55961,1348,1155,0.143175,17.3124,-0.557107,-6746.89,0.894138,0.437229,-5.84146,-0.132343,-0.697174,-0.689968,-10826.6,13,4803.11,11550,2.40469,623,532,-6.08674,-5.55422,-5.82048,-0.26626,-0.161767,-0.0978869,-0.129827,-0.0319399,-15.8425,3.28049,-15.8629,3.30095,-0.33804,0.0568878,-0.336483,0.0574608,-0.340259,-0.460061,-0.453379,0.61358,0.167965,0.882638,3261.47,2.1729,-0.0720792,-0.156673,0,598,-0.166578,-5.47264,557,-0.0955886,-6.23743,2,2,0,,0,,,,,,,,,,,,,
"échantillon entier, après 500",RE-1,"RE-1 — F2b sans stop, F3 SL-B extremum",13,cooldown,5,5.55961,1348,1155,0.143175,17.3124,0.0472774,1657.72,1.02988,0.440693,1.43525,0.0465087,-0.439734,-0.42755,-5082.82,13,7432.72,5775,0.77697,623,532,2.25619,0.473887,1.36504,0.891153,0.0431748,0.0504128,0.0467938,-0.003619,-7.38736,9.77759,-7.63415,9.67615,-0.141992,0.232588,-0.140962,0.233185,0.0799311,-0.189686,-0.185557,0.61358,0.167965,1.03766,4589.54,0.772065,0.0139275,0.073424,0.170563,598,-0.0291621,-0.472641,557,0.12775,3.48358,3,3,,,,,2.27672,-0.505079,5.1845,0.0382985,-0.0337849,0.107931,,,,,,
"échantillon entier, après 500",RE-1,"RE-1 — F2b sans stop, F3 SL-B extremum",13,cooldown,10,5.55961,1348,1155,0.143175,17.3124,-0.41227,-4117.28,0.929958,0.414719,-3.56475,-0.0940448,-0.612212,-0.607217,-8518.27,13,7432.72,11550,1.55394,623,532,-2.74381,-4.52611,-3.63496,0.891153,-0.0973264,-0.090202,-0.0937642,-0.00356218,-12.3874,4.77759,-12.6342,4.67615,-0.281813,0.0944371,-0.281761,0.0915263,-0.242326,-0.372617,-0.370309,0.61358,0.167965,0.916339,4589.54,1.54413,-0.0486888,-0.130667,0.170563,598,-0.166578,-5.47264,557,-0.0161725,-1.51642,2,2,,,,,2.27672,-0.505079,5.1845,0.0382985,-0.0337849,0.107931,,,,,,
"échantillon entier, après 500",RE-1,"RE-1 — F2b sans stop, F3 SL-B extremum",13,réouverture,5,5.55961,1348,1161,0.138724,17.4023,0.0253861,1449.3,1.02595,0.439276,1.24832,0.0373702,-0.450663,-0.438151,-5257.66,13,7254.3,5805,0.800216,626,535,2.15472,0.187735,1.17123,0.983495,0.0389522,0.0355192,0.0372357,0.00171652,-7.61416,9.59581,-7.66317,9.47584,-0.1502,0.223866,-0.150522,0.225452,0.0623291,-0.196127,-0.192031,0.613677,0.16882,1.03152,4445.11,0.801419,0.0109349,0.0557542,0.171404,601,-0.0368351,-0.395502,560,0.117008,3.01249,3,3,6,-1.72179,0,,,,,,,,,,,,,
"échantillon entier, après 500",RE-1,"RE-1 — F2b sans stop, F3 SL-B extremum",13,réouverture,10,5.55961,1348,1161,0.138724,17.4023,-0.426285,-4355.7,0.926382,0.413437,-3.75168,-0.103336,-0.62686,-0.622053,-8901.41,13,7254.3,11610,1.60043,626,535,-2.84528,-4.81227,-3.82877,0.983495,-0.101509,-0.105474,-0.103491,0.00198244,-12.6142,4.59581,-12.6632,4.47584,-0.293465,0.0836704,-0.292272,0.0830778,-0.256094,-0.388027,-0.385776,0.613677,0.16882,0.910969,4445.11,1.60284,-0.0518215,-0.133551,0.171404,601,-0.174682,-5.3955,560,-0.0267662,-1.98751,2,2,6,-1.89187,0,,,,,,,,,,,,,
"échantillon entier, après 500",RE-2,"RE-2 — F2b sans stop, F3 SL-A 2 ATR",13,cooldown,5,5.55961,1348,1155,0.143175,17.3124,0.0591297,1748.63,1.03165,0.440693,1.51397,0.0441532,-0.448864,-0.439034,-5247.93,13,7523.63,5775,0.767581,623,532,1.91023,1.04992,1.48008,0.430154,0.0424235,0.0461788,0.0443012,-0.00187763,-6.95656,9.724,-7.09698,9.65634,-0.134544,0.226286,-0.135515,0.22893,0.0728664,-0.201763,-0.197696,0.61358,0.167965,1.0352,4522.91,0.783439,0.0127313,0.0631,0.181818,598,-0.0291621,-0.472641,557,0.122865,3.64681,3,3,,,,,2.35543,-0.689139,5.52901,0.035943,-0.0363,0.107071,,,,,,
"échantillon entier, après 500",RE-2,"RE-2 — F2b sans stop, F3 SL-A 2 ATR",13,cooldown,10,5.55961,1348,1155,0.143175,17.3124,-0.405614,-4026.37,0.931229,0.414719,-3.48603,-0.0964003,-0.618599,-0.610889,-8707.17,13,7523.63,11550,1.53516,623,532,-3.08977,-3.95008,-3.51992,0.430154,-0.0980777,-0.094436,-0.0962568,-0.00182081,-11.9566,4.724,-12.097,4.65634,-0.277406,0.0825124,-0.278445,0.0856417,-0.247286,-0.380175,-0.377895,0.61358,0.167965,0.914246,4522.91,1.56688,-0.0498119,-0.131024,0.181818,598,-0.166578,-5.47264,557,-0.0210569,-1.35319,2,2,,,,,2.35543,-0.689139,5.52901,0.035943,-0.0363,0.107071,,,,,,
"échantillon entier, après 500",RE-2,"RE-2 — F2b sans stop, F3 SL-A 2 ATR",13,réouverture,5,5.55961,1348,1168,0.133531,17.5072,-0.00886218,1090.38,1.01945,0.436644,0.933544,0.0254144,-0.476544,-0.467208,-5584.12,13,6930.38,5840,0.842667,630,538,1.36864,0.424039,0.896342,0.472303,0.0316853,0.0180712,0.0248782,0.00680704,-7.3996,9.11247,-7.49405,9.07419,-0.153604,0.207654,-0.155631,0.208738,0.0284961,-0.222668,-0.218707,0.613973,0.169521,1.01972,4144.19,0.865211,0.00506668,0.0227544,0.183219,602,-0.0468818,-0.648907,566,0.102309,2.61665,3,3,16,-1.37634,3,-0.236181,,,,,,,,,,,,
"échantillon entier, après 500",RE-2,"RE-2 — F2b sans stop, F3 SL-A 2 ATR",13,réouverture,10,5.55961,1348,1168,0.133531,17.5072,-0.447395,-4749.62,0.920082,0.410959,-4.06646,-0.115297,-0.646503,-0.64195,-9464.38,13,6930.38,11680,1.68533,630,538,-3.63136,-4.57596,-4.10366,0.472303,-0.108343,-0.123441,-0.115892,0.00754878,-12.3996,4.11247,-12.4941,4.07419,-0.29726,0.0657092,-0.296828,0.0686349,-0.281465,-0.41066,-0.408492,0.613973,0.169521,0.900527,4144.19,1.73042,-0.0577212,-0.140557,0.183219,602,-0.185088,-5.64891,566,-0.0410676,-2.38335,2,2,16,-1.53408,3,-0.406828,,,,,,,,,,,,
"échantillon entier, après 500",C1,"C1 — F2b seul, sans stop",26,cooldown,5,5.55961,679,592,0.12813,8.87353,0.588689,6020.21,1.15352,0.491554,10.1693,0.372188,-0.447062,-0.443615,-5463.21,26,8980.21,2960,0.329614,298,294,10.2085,10.1295,10.169,0.039493,0.52846,0.21379,0.371125,0.157335,-3.91572,24.9831,-4.13913,24.9947,0.040328,0.715832,0.0372645,0.714427,0.609836,-0.131851,-0.131137,0.610893,0.163851,1.26523,6897,0.262178,0.0894156,0.678159,0,592,0.372188,10.1693,0,,,5,5,,,,,,,,,,,,,,,,
"échantillon entier, après 500",C1,"C1 — F2b seul, sans stop",26,cooldown,10,5.55961,679,592,0.12813,8.87353,0.181752,3060.21,1.07511,0.476351,5.16928,0.233775,-0.477082,-0.474351,-6028.21,26,8980.21,5920,0.659227,298,294,5.2085,5.12952,5.16901,0.039493,0.388286,0.0771609,0.232724,0.155563,-8.91572,19.9831,-9.13913,19.9947,-0.0954534,0.574854,-0.0993148,0.574865,0.343752,-0.166866,-0.160671,0.610893,0.163851,1.1632,6897,0.524357,0.0545826,0.327105,0,592,0.233775,5.16928,0,,,5,4,,,,,,,,,,,,,,,,
"échantillon entier, après 500",C1,"C1 — F2b seul, sans stop",26,réouverture,5,5.55961,679,592,0.12813,8.87353,0.588689,6020.21,1.15352,0.491554,10.1693,0.372188,-0.447062,-0.443615,-5463.21,26,8980.21,2960,0.329614,298,294,10.2085,10.1295,10.169,0.039493,0.52846,0.21379,0.371125,0.157335,-3.91572,24.9831,-4.13913,24.9947,0.040328,0.715832,0.0372645,0.714427,0.609836,-0.131851,-0.131137,0.610893,0.163851,1.26523,6897,0.262178,0.0894156,0.678159,0,592,0.372188,10.1693,0,,,5,5,0,,0,,,,,,,,,,,,,
"échantillon entier, après 500",C1,"C1 — F2b seul, sans stop",26,réouverture,10,5.55961,679,592,0.12813,8.87353,0.181752,3060.21,1.07511,0.476351,5.16928,0.233775,-0.477082,-0.474351,-6028.21,26,8980.21,5920,0.659227,298,294,5.2085,5.12952,5.16901,0.039493,0.388286,0.0771609,0.232724,0.155563,-8.91572,19.9831,-9.13913,19.9947,-0.0954534,0.574854,-0.0993148,0.574865,0.343752,-0.166866,-0.160671,0.610893,0.163851,1.1632,6897,0.524357,0.0545826,0.327105,0,592,0.233775,5.16928,0,,,5,4,0,,0,,,,,,,,,,,,,
"échantillon entier, après 500",C2,"C2 — R2 hors Q4 uniforme, sans stop",26,cooldown,5,5.55961,1348,1008,0.252226,15.109,1.53656,11706.9,1.17194,0.493056,11.614,0.334408,-0.476126,-0.459874,-5852.04,26,16746.9,5040,0.300952,545,463,13.6598,9.20583,11.4328,2.22697,0.469598,0.175276,0.322437,0.147161,-3.53102,26.1757,-3.74325,25.7252,0.00360693,0.662051,-0.00152741,0.636747,0.989691,-0.204728,-0.196093,0.612662,0.167659,1.21708,10573.8,0.292025,0.131728,0.643433,0,529,0.427216,9.52569,479,0.231913,13.9202,5,5,,,,,,,,,,,,,,,,
"échantillon entier, après 500",C2,"C2 — R2 hors Q4 uniforme, sans stop",26,cooldown,10,5.55961,1348,1008,0.252226,15.109,0.532699,6666.88,1.09431,0.475198,6.61397,0.194974,-0.511208,-0.498015,-6278.48,26,16746.9,10080,0.601903,545,463,8.65977,4.20583,6.4328,2.22697,0.330306,0.0356749,0.18299,0.147316,-8.53102,21.1757,-8.74325,20.7252,-0.13495,0.522101,-0.142655,0.498278,0.461354,-0.222392,-0.215096,0.612662,0.167659,1.12191,10573.8,0.58405,0.0706176,0.317537,0,529,0.29038,4.52569,479,0.0896102,8.92022,4,4,,,,,,,,,,,,,,,,
"échantillon entier, après 500",C2,"C2 — R2 hors Q4 uniforme, sans stop",26,réouverture,5,5.55961,1348,1008,0.252226,15.109,1.53656,11706.9,1.17194,0.493056,11.614,0.334408,-0.476126,-0.459874,-5852.04,26,16746.9,5040,0.300952,545,463,13.6598,9.20583,11.4328,2.22697,0.469598,0.175276,0.322437,0.147161,-3.53102,26.1757,-3.74325,25.7252,0.00360693,0.662051,-0.00152741,0.636747,0.989691,-0.204728,-0.196093,0.612662,0.167659,1.21708,10573.8,0.292025,0.131728,0.643433,0,529,0.427216,9.52569,479,0.231913,13.9202,5,5,0,,0,,,,,,,,,,,,,
"échantillon entier, après 500",C2,"C2 — R2 hors Q4 uniforme, sans stop",26,réouverture,10,5.55961,1348,1008,0.252226,15.109,0.532699,6666.88,1.09431,0.475198,6.61397,0.194974,-0.511208,-0.498015,-6278.48,26,16746.9,10080,0.601903,545,463,8.65977,4.20583,6.4328,2.22697,0.330306,0.0356749,0.18299,0.147316,-8.53102,21.1757,-8.74325,20.7252,-0.13495,0.522101,-0.142655,0.498278,0.461354,-0.222392,-0.215096,0.612662,0.167659,1.12191,10573.8,0.58405,0.0706176,0.317537,0,529,0.29038,4.52569,479,0.0896102,8.92022,4,4,0,,0,,,,,,,,,,,,,
"échantillon entier, après 500",RE-1,"RE-1 — F2b sans stop, F3 SL-B extremum",26,cooldown,5,5.55961,1348,1008,0.252226,15.109,1.70041,11871.8,1.19301,0.44246,11.7776,0.364004,-0.439451,-0.424312,-5012.7,26,16911.8,5040,0.298017,545,463,13.495,9.75597,11.6255,1.86953,0.478407,0.229339,0.353873,0.124534,-1.07343,24.4648,-1.13548,24.4275,0.071051,0.653704,0.0618342,0.644955,1.21253,-0.134662,-0.128538,0.612662,0.167659,1.27942,11496.7,0.268582,0.153545,1.14023,0.236111,529,0.427216,9.52569,479,0.294193,14.2645,6,6,,,,,0.163618,-5.65845,5.98218,0.0295952,-0.10217,0.163563,,,,,,
"échantillon entier, après 500",RE-1,"RE-1 — F2b sans stop, F3 SL-B extremum",26,cooldown,10,5.55961,1348,1008,0.252226,15.109,0.63179,6831.8,1.10615,0.427579,6.77758,0.22457,-0.480113,-0.46608,-5762.7,26,16911.8,10080,0.596033,545,463,8.49503,4.75597,6.6255,1.86953,0.339115,0.0897379,0.214426,0.124688,-6.07343,19.4648,-6.13548,19.4275,-0.0697776,0.514981,-0.0770643,0.510624,0.625123,-0.15896,-0.153013,0.612662,0.167659,1.16711,11496.7,0.537164,0.0912691,0.574165,0.236111,529,0.29038,4.52569,479,0.15189,9.26454,5,5,,,,,0.163618,-5.65845,5.98218,0.0295952,-0.10217,0.163563,,,,,,
"échantillon entier, après 500",RE-1,"RE-1 — F2b sans stop, F3 SL-B extremum",26,réouverture,5,5.55961,1348,1035,0.232196,15.5137,1.94641,12954.2,1.20483,0.44058,12.5161,0.330215,-0.478198,-0.457003,-5660.97,26,18129.2,5175,0.285451,559,476,10.9724,14.329,12.6507,-1.67831,0.431763,0.210959,0.321361,0.110402,-0.593332,25.7507,-0.789127,26.0767,0.030668,0.626413,0.0241504,0.617317,1.15505,-0.139238,-0.132908,0.611423,0.16715,1.2627,11323.3,0.279433,0.148097,1.06363,0.237681,546,0.400092,12.9386,489,0.252192,12.0443,6,6,36,-0.470517,9,0.911638,,,,,,,,,,,,
"échantillon entier, après 500",RE-1,"RE-1 — F2b sans stop, F3 SL-B extremum",26,réouverture,10,5.55961,1348,1035,0.232196,15.5137,0.75662,7779.18,1.11754,0.426087,7.51611,0.190931,-0.513877,-0.494141,-6365.97,26,18129.2,10350,0.570903,559,476,5.97239,9.32902,7.6507,-1.67831,0.292711,0.0714032,0.182057,0.110654,-5.59333,20.7507,-5.78913,21.0767,-0.111736,0.489311,-0.117386,0.47956,0.570841,-0.162403,-0.156301,0.611423,0.16715,1.15201,11323.3,0.558866,0.0846211,0.521056,0.237681,546,0.26329,7.93864,489,0.110136,7.04434,5,5,36,-0.618325,9,0.721483,,,,,,,,,,,,
"échantillon entier, après 500",RE-2,"RE-2 — F2b sans stop, F3 SL-A 2 ATR",26,cooldown,5,5.55961,1348,1008,0.252226,15.109,1.81093,12249.8,1.20075,0.440476,12.1526,0.355542,-0.424031,-0.408475,-4748.56,26,17289.8,5040,0.291501,545,463,13.7507,10.2714,12.0111,1.73966,0.464523,0.227259,0.345891,0.118632,-0.421262,25.0914,-0.369336,24.9398,0.0704673,0.640073,0.0608574,0.630946,1.19828,-0.131419,-0.122955,0.612662,0.167659,1.27756,11430.5,0.27014,0.152206,1.15817,0.243056,529,0.427216,9.52569,479,0.276386,15.0537,6,6,,,,,0.538631,-5.45672,6.53929,0.0211332,-0.120025,0.164429,,,,,,
"échantillon entier, après 500",RE-2,"RE-2 — F2b sans stop, F3 SL-A 2 ATR",26,cooldown,10,5.55961,1348,1008,0.252226,15.109,0.698612,7209.82,1.11286,0.425595,7.1526,0.216108,-0.465804,-0.451384,-5498.56,26,17289.8,10080,0.583002,545,463,8.75073,5.27142,7.01108,1.73966,0.325231,0.0876584,0.206445,0.118786,-5.42126,20.0914,-5.36934,19.9398,-0.0690731,0.504296,-0.0798564,0.493237,0.614647,-0.150671,-0.144666,0.612662,0.167659,1.16518,11430.5,0.540279,0.0900005,0.59733,0.243056,529,0.29038,4.52569,479,0.134083,10.0537,5,5,,,,,0.538631,-5.45672,6.53929,0.0211332,-0.120025,0.164429,,,,,,
"échantillon entier, après 500",RE-2,"RE-2 — F2b sans stop, F3 SL-A 2 ATR",26,réouverture,5,5.55961,1348,1039,0.229228,15.5736,2.08291,13386.1,1.21288,0.438884,12.8837,0.326117,-0.451445,-0.429163,-5165.97,26,18581.1,5195,0.279585,561,478,11.5517,14.4469,12.9993,-1.44761,0.431194,0.202794,0.316994,0.1142,0.0793599,26.0849,0.054954,26.5045,0.0340341,0.619498,0.0256741,0.612363,1.16482,-0.132859,-0.124409,0.61134,0.166506,1.26425,11379.3,0.279096,0.149032,1.12173,0.243503,544,0.395779,12.7133,495,0.249559,13.0709,6,6,43,-0.215133,12,0.858303,,,,,,,,,,,,
"échantillon entier, après 500",RE-2,"RE-2 — F2b sans stop, F3 SL-A 2 ATR",26,réouverture,10,5.55961,1348,1039,0.229228,15.5736,0.834373,8191.14,1.12442,0.424447,7.88367,0.186656,-0.489196,-0.468457,-5875.97,26,18581.1,10390,0.559169,561,478,6.55171,9.44692,7.99931,-1.44761,0.291509,0.0635963,0.177553,0.113957,-4.92064,21.0849,-4.94505,21.5045,-0.10885,0.485369,-0.114482,0.474821,0.576098,-0.152579,-0.144321,0.61134,0.166506,1.15302,11379.3,0.558192,0.0852732,0.55888,0.243503,544,0.258751,7.71332,495,0.107424,8.07089,6,5,43,-0.372118,12,0.658307,,,,,,,,,,,,
"échantillon entier, après 500",C1,"C1 — F2b seul, sans stop",48,cooldown,5,5.55961,679,521,0.232695,7.80931,-0.124103,854.188,1.01682,0.477927,1.63952,0.197567,-0.60791,-0.593584,-8084.83,48,3459.19,2605,0.753067,260,261,9.23227,-5.92415,1.65406,7.57821,0.592494,-0.195846,0.198324,0.39417,-22.6898,24.4812,-23.0174,24.4371,-0.364244,0.787809,-0.376008,0.800164,0.126566,-0.314303,-0.305223,0.610401,0.161228,1.06742,3349.68,0.4747,0.0216672,0.0689373,0,521,0.197567,1.63952,0,,,3,3,,,,,,,,,,,,,,,,
"échantillon entier, après 500",C1,"C1 — F2b seul, sans stop",48,cooldown,10,5.55961,679,521,0.232695,7.80931,-0.325139,-1750.81,0.96644,0.460653,-3.36048,0.0596108,-0.630003,-0.62127,-8684.83,48,3459.19,5210,1.50613,260,261,4.23227,-10.9241,-3.34594,7.57821,0.455661,-0.334922,0.0603695,0.395291,-27.6898,19.4812,-28.0174,19.4371,-0.495786,0.647401,-0.512809,0.657531,-0.03902,-0.33758,-0.329109,0.610401,0.161228,1.00629,3349.68,0.949401,-0.00713352,-0.0211314,0,521,0.0596108,-3.36048,0,,,3,3,,,,,,,,,,,,,,,,
"échantillon entier, après 500",C1,"C1 — F2b seul, sans stop",48,réouverture,5,5.55961,679,521,0.232695,7.80931,-0.124103,854.188,1.01682,0.477927,1.63952,0.197567,-0.60791,-0.593584,-8084.83,48,3459.19,2605,0.753067,260,261,9.23227,-5.92415,1.65406,7.57821,0.592494,-0.195846,0.198324,0.39417,-22.6898,24.4812,-23.0174,24.4371,-0.364244,0.787809,-0.376008,0.800164,0.126566,-0.314303,-0.305223,0.610401,0.161228,1.06742,3349.68,0.4747,0.0216672,0.0689373,0,521,0.197567,1.63952,0,,,3,3,0,,0,,,,,,,,,,,,,
"échantillon entier, après 500",C1,"C1 — F2b seul, sans stop",48,réouverture,10,5.55961,679,521,0.232695,7.80931,-0.325139,-1750.81,0.96644,0.460653,-3.36048,0.0596108,-0.630003,-0.62127,-8684.83,48,3459.19,5210,1.50613,260,261,4.23227,-10.9241,-3.34594,7.57821,0.455661,-0.334922,0.0603695,0.395291,-27.6898,19.4812,-28.0174,19.4371,-0.495786,0.647401,-0.512809,0.657531,-0.03902,-0.33758,-0.329109,0.610401,0.161228,1.00629,3349.68,0.949401,-0.00713352,-0.0211314,0,521,0.0596108,-3.36048,0,,,3,3,0,,0,,,,,,,,,,,,,
"échantillon entier, après 500",C2,"C2 — R2 hors Q4 uniforme, sans stop",48,cooldown,5,5.55961,1348,807,0.401335,12.0962,-0.465326,-3018.64,0.962579,0.469641,-3.74057,0.0321474,-0.681358,-0.666383,-9830.35,48,1016.36,4035,3.97006,440,367,-4.32466,-3.04031,-3.68248,-0.642173,0.189203,-0.156148,0.0165274,0.172675,-22.0598,15.3175,-21.8443,15.4166,-0.402951,0.479717,-0.413791,0.44747,-0.125465,-0.369128,-0.359332,0.607916,0.157373,0.989529,2010.82,1.21987,-0.0238253,-0.0645447,0,426,0.135464,-0.686573,381,-0.0833717,-7.15528,3,3,,,,,,,,,,,,,,,,
"échantillon entier, après 500",C2,"C2 — R2 hors Q4 uniforme, sans stop",48,cooldown,10,5.55961,1348,807,0.401335,12.0962,-0.643056,-7053.64,0.914853,0.45601,-8.74057,-0.106198,-0.745999,-0.734348,-10971.4,48,1016.36,8070,7.94012,440,367,-9.32466,-8.04031,-8.68248,-0.642173,0.0507191,-0.294327,-0.121804,0.172523,-27.0598,10.3175,-26.8443,10.4166,-0.541017,0.337085,-0.542752,0.314894,-0.315765,-0.453827,-0.443886,0.607916,0.157373,0.933498,2010.82,2.43974,-0.0659748,-0.145374,0,426,-0.00186777,-5.68657,381,-0.22285,-12.1553,3,3,,,,,,,,,,,,,,,,
"échantillon entier, après 500",C2,"C2 — R2 hors Q4 uniforme, sans stop",48,réouverture,5,5.55961,1348,807,0.401335,12.0962,-0.465326,-3018.64,0.962579,0.469641,-3.74057,0.0321474,-0.681358,-0.666383,-9830.35,48,1016.36,4035,3.97006,440,367,-4.32466,-3.04031,-3.68248,-0.642173,0.189203,-0.156148,0.0165274,0.172675,-22.0598,15.3175,-21.8443,15.4166,-0.402951,0.479717,-0.413791,0.44747,-0.125465,-0.369128,-0.359332,0.607916,0.157373,0.989529,2010.82,1.21987,-0.0238253,-0.0645447,0,426,0.135464,-0.686573,381,-0.0833717,-7.15528,3,3,0,,0,,,,,,,,,,,,,
"échantillon entier, après 500",C2,"C2 — R2 hors Q4 uniforme, sans stop",48,réouverture,10,5.55961,1348,807,0.401335,12.0962,-0.643056,-7053.64,0.914853,0.45601,-8.74057,-0.106198,-0.745999,-0.734348,-10971.4,48,1016.36,8070,7.94012,440,367,-9.32466,-8.04031,-8.68248,-0.642173,0.0507191,-0.294327,-0.121804,0.172523,-27.0598,10.3175,-26.8443,10.4166,-0.541017,0.337085,-0.542752,0.314894,-0.315765,-0.453827,-0.443886,0.607916,0.157373,0.933498,2010.82,2.43974,-0.0659748,-0.145374,0,426,-0.00186777,-5.68657,381,-0.22285,-12.1553,3,3,0,,0,,,,,,,,,,,,,
"échantillon entier, après 500",RE-1,"RE-1 — F2b sans stop, F3 SL-B extremum",48,cooldown,5,5.55961,1348,807,0.401335,12.0962,-0.327458,-1648.74,0.975966,0.389095,-2.04305,0.169608,-0.666106,-0.650788,-9426.42,48,2386.26,4035,1.69093,440,367,2.29484,-7.24379,-2.47447,4.76931,0.411293,-0.120151,0.145571,0.265722,-18.0567,14.4288,-18.4509,13.8333,-0.216673,0.594142,-0.232812,0.555846,0.132888,-0.298112,-0.291923,0.607916,0.157373,1.05417,4310.9,0.569008,0.0226959,0.0761323,0.304833,426,0.135464,-0.686573,381,0.207785,-3.55973,4,4,,,,,1.69753,-7.25223,10.6955,0.137461,-0.0718535,0.355115,,,,,,
"échantillon entier, après 500",RE-1,"RE-1 — F2b sans stop, F3 SL-B extremum",48,cooldown,10,5.55961,1348,807,0.401335,12.0962,-0.550943,-5683.74,0.920051,0.380421,-7.04305,0.031263,-0.712063,-0.704704,-10906.4,48,2386.26,8070,3.38186,440,367,-2.70516,-12.2438,-7.47447,4.76931,0.27281,-0.25833,0.00724002,0.26557,-23.0567,9.4288,-23.4509,8.8333,-0.3531,0.454909,-0.374569,0.415548,-0.113511,-0.340698,-0.336442,0.607916,0.157373,0.983386,4310.9,1.13802,-0.0214385,-0.0629253,0.304833,426,-0.00186777,-5.68657,381,0.0683069,-8.55973,4,3,,,,,1.69753,-7.25223,10.6955,0.137461,-0.0718535,0.355115,,,,,,
"échantillon entier, après 500",RE-1,"RE-1 — F2b sans stop, F3 SL-B extremum",48,réouverture,5,5.55961,1348,873,0.352374,13.0855,-0.297782,-758.846,0.989855,0.391753,-0.86924,0.197929,-0.702595,-0.693878,-10079.5,48,3606.15,4365,1.21043,470,403,-2.64276,1.19913,-0.721813,-1.92094,0.380523,-0.0150223,0.18275,0.197773,-18.2856,16.9799,-17.8911,17.0881,-0.228265,0.643818,-0.232568,0.611625,0.224083,-0.364955,-0.358703,0.60895,0.163803,1.07374,5414.79,0.49089,0.0370375,0.101485,0.303551,463,0.207217,1.84702,410,0.18744,-3.93663,4,4,86,0.54864,20,0.56325,,,,,,,,,,,,
"échantillon entier, après 500",RE-1,"RE-1 — F2b sans stop, F3 SL-B extremum",48,réouverture,10,5.55961,1348,873,0.352374,13.0855,-0.546353,-5123.85,0.933867,0.383734,-5.86924,0.0585711,-0.750144,-0.742567,-11804.5,48,3606.15,8730,2.42086,470,403,-7.64276,-3.80087,-5.72181,-1.92094,0.243011,-0.156532,0.0432393,0.199772,-23.2856,11.9799,-22.8911,12.0881,-0.367627,0.49731,-0.371904,0.471823,-0.061559,-0.40278,-0.396996,0.60895,0.163803,1.00253,5414.79,0.98178,-0.011363,-0.0282114,0.303551,463,0.0700704,-3.15298,410,0.0455853,-8.93663,4,3,86,0.402666,20,0.4363,,,,,,,,,,,,
"échantillon entier, après 500",RE-2,"RE-2 — F2b sans stop, F3 SL-A 2 ATR",48,cooldown,5,5.55961,1348,807,0.401335,12.0962,-0.29454,-1220.86,0.981938,0.3829,-1.51284,0.165071,-0.649768,-0.632645,-9118.68,48,2814.14,4035,1.43383,440,367,2.45454,-6.26938,-1.90742,4.36196,0.406173,-0.123987,0.141093,0.26508,-17.0025,15.3338,-17.4018,14.8896,-0.222286,0.582177,-0.236409,0.547059,0.123302,-0.281819,-0.275775,0.607916,0.157373,1.05183,4221.03,0.581123,0.0211341,0.0749918,0.309789,426,0.135464,-0.686573,381,0.198176,-2.4367,4,4,,,,,2.22773,-6.88316,11.7236,0.132924,-0.0890201,0.361065,,,,,,
"échantillon entier, après 500",RE-2,"RE-2 — F2b sans stop, F3 SL-A 2 ATR",48,cooldown,10,5.55961,1348,807,0.401335,12.0962,-0.528951,-5255.86,0.925029,0.374226,-6.51284,0.0267263,-0.698419,-0.683528,-10424.2,48,2814.14,8070,2.86767,440,367,-2.54546,-11.2694,-6.90742,4.36196,0.267689,-0.262166,0.00276131,0.264928,-22.0025,10.3338,-22.4018,9.88961,-0.360081,0.441858,-0.376039,0.408063,-0.121021,-0.333547,-0.326537,0.607916,0.157373,0.980783,4221.03,1.16225,-0.0229349,-0.0687608,0.309789,426,-0.00186777,-5.68657,381,0.0586975,-7.4367,4,3,,,,,2.22773,-6.88316,11.7236,0.132924,-0.0890201,0.361065,,,,,,
"échantillon entier, après 500",RE-2,"RE-2 — F2b sans stop, F3 SL-A 2 ATR",48,réouverture,5,5.55961,1348,878,0.348665,13.1604,-0.313053,-1034.86,0.986043,0.384966,-1.17865,0.184928,-0.690083,-0.680081,-9755.32,48,3355.14,4390,1.30844,471,407,-3.54185,1.55615,-0.992849,-2.549,0.363323,-0.02152,0.170901,0.192421,-18.5625,17.0654,-18.116,17.1361,-0.233042,0.625572,-0.235125,0.592358,0.186559,-0.353436,-0.34707,0.609511,0.16287,1.06538,5115.16,0.523102,0.0312462,0.088407,0.312073,462,0.195442,0.795019,416,0.17325,-3.37057,4,4,90,0.483053,19,0.753732,,,,,,,,,,,,
"échantillon entier, après 500",RE-2,"RE-2 — F2b sans stop, F3 SL-A 2 ATR",48,réouverture,10,5.55961,1348,878,0.348665,13.1604,-0.557331,-5424.86,0.929431,0.375854,-6.17865,0.0456203,-0.740277,-0.731362,-11398.1,48,3355.14,8780,2.61688,471,407,-8.54185,-3.44385,-5.99285,-2.549,0.226154,-0.163302,0.031426,0.194728,-23.5625,12.0654,-23.116,12.1361,-0.373225,0.486232,-0.375967,0.451304,-0.0919458,-0.392245,-0.386359,0.609511,0.16287,0.993935,5115.16,1.0462,-0.0171989,-0.0438475,0.312073,462,0.0577863,-4.20498,416,0.032109,-8.37057,4,3,90,0.338384,19,0.629895,,,,,,,,,,,,
glissante 500 signaux,C1,"C1 — F2b seul, sans stop",13,cooldown,5,5.55961,678,633,0.0663717,9.48808,-0.085847,-176.362,0.994355,0.454976,-0.278613,-0.0452043,-0.381453,-0.368854,-4151.07,13,2988.64,3165,1.05901,314,319,-0.69179,0.128087,-0.281851,-0.409938,-0.0464122,-0.0440154,-0.0452138,-0.00119843,-11.1236,11.1858,-11.2119,11.2092,-0.293324,0.188563,-0.296214,0.184332,-0.0845777,-0.226744,-0.224569,0.618455,0.172196,0.95545,1239.27,1.57949,-0.0157693,-0.0695466,0,633,-0.0452043,-0.278613,0,,,3,2,,,,,,,,,,,,,,,,
glissante 500 signaux,C1,"C1 — F2b seul, sans stop",13,cooldown,10,5.55961,678,633,0.0663717,9.48808,-0.333968,-3341.36,0.898778,0.42654,-5.27861,-0.186863,-0.503191,-0.498438,-6446.07,13,2988.64,6330,2.11802,314,319,-5.69179,-4.87191,-5.28185,-0.409938,-0.188282,-0.185467,-0.186875,-0.00140718,-16.1236,6.18583,-16.2119,6.20923,-0.43405,0.0471517,-0.436798,0.0464391,-0.247384,-0.33289,-0.331013,0.618455,0.172196,0.844859,1239.27,3.15899,-0.0498342,-0.149702,0,633,-0.186863,-5.27861,0,,,1,1,,,,,,,,,,,,,,,,
glissante 500 signaux,C1,"C1 — F2b seul, sans stop",13,réouverture,5,5.55961,678,633,0.0663717,9.48808,-0.085847,-176.362,0.994355,0.454976,-0.278613,-0.0452043,-0.381453,-0.368854,-4151.07,13,2988.64,3165,1.05901,314,319,-0.69179,0.128087,-0.281851,-0.409938,-0.0464122,-0.0440154,-0.0452138,-0.00119843,-11.1236,11.1858,-11.2119,11.2092,-0.293324,0.188563,-0.296214,0.184332,-0.0845777,-0.226744,-0.224569,0.618455,0.172196,0.95545,1239.27,1.57949,-0.0157693,-0.0695466,0,633,-0.0452043,-0.278613,0,,,3,2,0,,0,,,,,,,,,,,,,
glissante 500 signaux,C1,"C1 — F2b seul, sans stop",13,réouverture,10,5.55961,678,633,0.0663717,9.48808,-0.333968,-3341.36,0.898778,0.42654,-5.27861,-0.186863,-0.503191,-0.498438,-6446.07,13,2988.64,6330,2.11802,314,319,-5.69179,-4.87191,-5.28185,-0.409938,-0.188282,-0.185467,-0.186875,-0.00140718,-16.1236,6.18583,-16.2119,6.20923,-0.43405,0.0471517,-0.436798,0.0464391,-0.247384,-0.33289,-0.331013,0.618455,0.172196,0.844859,1239.27,3.15899,-0.0498342,-0.149702,0,633,-0.186863,-5.27861,0,,,1,1,0,,0,,,,,,,,,,,,,
glissante 500 signaux,C2,"C2 — R2 hors Q4 uniforme, sans stop",13,cooldown,5,5.55961,1347,1149,0.146993,17.2224,-0.241321,-1373.83,0.977147,0.461271,-1.19568,0.00756627,-0.567627,-0.556976,-7293.96,13,4371.17,5745,1.31429,617,532,-2.2145,-0.0140696,-1.11428,-1.10021,-0.0331794,0.0548221,0.0108213,-0.0440008,-11.5452,8.55021,-11.4667,8.59599,-0.219126,0.21932,-0.212479,0.222765,-0.0639426,-0.328516,-0.318824,0.615469,0.170583,0.989389,3212.46,1.10067,-0.0118151,-0.0359651,0,594,-0.0409105,-1.693,555,0.0594495,-0.663404,3,3,,,,,,,,,,,,,,,,
glissante 500 signaux,C2,"C2 — R2 hors Q4 uniforme, sans stop",13,cooldown,10,5.55961,1347,1149,0.146993,17.2224,-0.573024,-7118.83,0.887523,0.43168,-6.19568,-0.134238,-0.696643,-0.691982,-10817.6,13,4371.17,11490,2.62859,617,532,-7.2145,-5.01407,-6.11428,-1.10021,-0.174922,-0.0870531,-0.130987,-0.0439343,-16.5452,3.55021,-16.4667,3.59599,-0.359173,0.0769724,-0.353728,0.0757208,-0.342798,-0.470893,-0.466852,0.615469,0.170583,0.881112,3212.46,2.20135,-0.0727225,-0.154435,0,594,-0.181029,-6.693,555,-0.0841576,-5.6634,2,2,,,,,,,,,,,,,,,,
glissante 500 signaux,C2,"C2 — R2 hors Q4 uniforme, sans stop",13,réouverture,5,5.55961,1347,1149,0.146993,17.2224,-0.241321,-1373.83,0.977147,0.461271,-1.19568,0.00756627,-0.567627,-0.556976,-7293.96,13,4371.17,5745,1.31429,617,532,-2.2145,-0.0140696,-1.11428,-1.10021,-0.0331794,0.0548221,0.0108213,-0.0440008,-11.5452,8.55021,-11.4667,8.59599,-0.219126,0.21932,-0.212479,0.222765,-0.0639426,-0.328516,-0.318824,0.615469,0.170583,0.989389,3212.46,1.10067,-0.0118151,-0.0359651,0,594,-0.0409105,-1.693,555,0.0594495,-0.663404,3,3,0,,0,,,,,,,,,,,,,
glissante 500 signaux,C2,"C2 — R2 hors Q4 uniforme, sans stop",13,réouverture,10,5.55961,1347,1149,0.146993,17.2224,-0.573024,-7118.83,0.887523,0.43168,-6.19568,-0.134238,-0.696643,-0.691982,-10817.6,13,4371.17,11490,2.62859,617,532,-7.2145,-5.01407,-6.11428,-1.10021,-0.174922,-0.0870531,-0.130987,-0.0439343,-16.5452,3.55021,-16.4667,3.59599,-0.359173,0.0769724,-0.353728,0.0757208,-0.342798,-0.470893,-0.466852,0.615469,0.170583,0.881112,3212.46,2.20135,-0.0727225,-0.154435,0,594,-0.181029,-6.693,555,-0.0841576,-5.6634,2,2,0,,0,,,,,,,,,,,,,
glissante 500 signaux,RE-1,"RE-1 — F2b sans stop, F3 SL-B extremum",13,cooldown,5,5.55961,1347,1149,0.146993,17.2224,-0.0298422,891.477,1.01609,0.436902,0.775872,0.0412156,-0.44588,-0.431517,-4938.76,13,6636.48,5745,0.86567,617,532,0.935588,0.590639,0.763113,0.172474,0.0270692,0.0576222,0.0423457,-0.0152765,-8.38319,9.60948,-8.46639,9.54324,-0.158781,0.238561,-0.154459,0.239231,0.0599966,-0.208355,-0.202033,0.615469,0.170583,1.03116,4401.24,0.80338,0.0105353,0.0505641,0.169713,594,-0.0409105,-1.693,555,0.129113,3.41823,3,3,,,,,1.97155,-0.91179,4.99507,0.0336493,-0.0374789,0.1037,,,,,,
glissante 500 signaux,RE-1,"RE-1 — F2b sans stop, F3 SL-B extremum",13,cooldown,10,5.55961,1347,1149,0.146993,17.2224,-0.453934,-4853.52,0.917325,0.409051,-4.22413,-0.100588,-0.61706,-0.611175,-8627.21,13,6636.48,11490,1.73134,617,532,-4.06441,-4.40936,-4.23689,0.172474,-0.114673,-0.084253,-0.099463,-0.01521,-13.3832,4.60948,-13.4664,4.54324,-0.298787,0.0956576,-0.29592,0.0973278,-0.25575,-0.388893,-0.386193,0.615469,0.170583,0.910555,4401.24,1.60676,-0.0517428,-0.133051,0.169713,594,-0.181029,-6.693,555,-0.0144944,-1.58177,2,2,,,,,1.97155,-0.91179,4.99507,0.0336493,-0.0374789,0.1037,,,,,,
glissante 500 signaux,RE-1,"RE-1 — F2b sans stop, F3 SL-B extremum",13,réouverture,5,5.55961,1347,1155,0.142539,17.3124,-0.0501215,683.056,1.01225,0.435498,0.591391,0.0320571,-0.456688,-0.442606,-5119.52,13,6458.06,5775,0.894232,620,535,0.839527,0.303832,0.571679,0.267847,0.0228836,0.0426881,0.0327859,-0.00990224,-8.49525,9.49163,-8.68729,9.24219,-0.16696,0.234057,-0.165193,0.233918,0.0427196,-0.214648,-0.208376,0.615557,0.171429,1.02507,4256.81,0.835094,0.0075527,0.0351865,0.170563,597,-0.0485758,-1.60921,558,0.118326,2.9458,3,3,6,-1.72179,0,,,,,,,,,,,,,
glissante 500 signaux,RE-1,"RE-1 — F2b sans stop, F3 SL-B extremum",13,réouverture,10,5.55961,1347,1155,0.142539,17.3124,-0.466956,-5091.94,0.913826,0.407792,-4.40861,-0.109894,-0.627257,-0.621529,-8895.58,13,6458.06,11550,1.78846,620,535,-4.16047,-4.69617,-4.42832,0.267847,-0.118812,-0.0995581,-0.109185,-0.00962701,-13.4952,4.49163,-13.6873,4.24219,-0.305994,0.0909362,-0.304752,0.090826,-0.269274,-0.397571,-0.391764,0.615557,0.171429,0.905234,4256.81,1.67019,-0.0548654,-0.138002,0.170563,597,-0.189115,-6.60921,558,-0.0251351,-2.0542,2,2,6,-1.89187,0,,,,,,,,,,,,,
glissante 500 signaux,RE-2,"RE-2 — F2b sans stop, F3 SL-A 2 ATR",13,cooldown,5,5.55961,1347,1149,0.146993,17.2224,-0.0176888,994.471,1.01803,0.436902,0.86551,0.0402785,-0.460917,-0.446945,-5257.11,13,6739.47,5745,0.852441,617,532,0.589262,1.1859,0.887578,-0.298317,0.0275373,0.0550554,0.0412964,-0.0137591,-7.89788,9.58676,-7.82577,9.60689,-0.150595,0.236703,-0.149121,0.23578,0.0574394,-0.224805,-0.217912,0.615469,0.170583,1.03023,4375.71,0.808067,0.0100964,0.0449117,0.181897,594,-0.0409105,-1.693,555,0.127173,3.60381,3,3,,,,,2.06118,-0.982625,5.31857,0.0327122,-0.0402373,0.104775,,,,,,
glissante 500 signaux,RE-2,"RE-2 — F2b sans stop, F3 SL-A 2 ATR",13,cooldown,10,5.55961,1347,1149,0.146993,17.2224,-0.447089,-4750.53,0.918736,0.409051,-4.13449,-0.101525,-0.619606,-0.611918,-8732.31,13,6739.47,11490,1.70488,617,532,-4.41074,-3.8141,-4.11242,-0.298317,-0.114205,-0.0868198,-0.100512,-0.0136926,-12.8979,4.58676,-12.8258,4.60689,-0.291519,0.0902582,-0.290877,0.0930942,-0.257547,-0.392318,-0.38646,0.615469,0.170583,0.909723,4375.71,1.61613,-0.052155,-0.132941,0.181897,594,-0.181029,-6.693,555,-0.0164345,-1.39619,2,2,,,,,2.06118,-0.982625,5.31857,0.0327122,-0.0402373,0.104775,,,,,,
glissante 500 signaux,RE-2,"RE-2 — F2b sans stop, F3 SL-A 2 ATR",13,réouverture,5,5.55961,1347,1161,0.138085,17.4023,-0.0509463,657.877,1.01177,0.434109,0.566647,0.0317898,-0.485492,-0.472157,-5684.25,13,6462.88,5805,0.898207,625,536,0.431977,0.723678,0.577828,-0.145851,0.0286653,0.0354331,0.0320492,-0.00338392,-8.05424,9.36154,-8.05695,9.19862,-0.158285,0.224855,-0.157493,0.223708,0.0433854,-0.240162,-0.233645,0.615763,0.171404,1.02517,4284.25,0.834335,0.0076684,0.0319301,0.183463,597,-0.0549766,-1.78636,564,0.123633,3.05733,3,3,14,-0.556072,2,0.793511,,,,,,,,,,,,
glissante 500 signaux,RE-2,"RE-2 — F2b sans stop, F3 SL-A 2 ATR",13,réouverture,10,5.55961,1347,1161,0.138085,17.4023,-0.469014,-5147.12,0.913126,0.406546,-4.43335,-0.110135,-0.642311,-0.636815,-9330.46,13,6462.88,11610,1.79641,625,536,-4.56802,-4.27632,-4.42217,-0.145851,-0.112926,-0.106881,-0.109903,-0.0030226,-13.0542,4.36154,-13.0569,4.19862,-0.298228,0.082435,-0.297495,0.0849242,-0.270243,-0.413099,-0.407442,0.615763,0.171404,0.905505,4284.25,1.66867,-0.0550909,-0.13336,0.183463,597,-0.195707,-6.78636,564,-0.019556,-1.94267,2,2,14,-0.703105,2,0.685283,,,,,,,,,,,,
glissante 500 signaux,C1,"C1 — F2b seul, sans stop",26,cooldown,5,5.55961,678,584,0.138643,8.75362,0.714109,6705.81,1.17901,0.486301,11.4826,0.371431,-0.411234,-0.391227,-4634.63,26,9625.81,2920,0.303351,290,294,11.2812,11.6812,11.4812,-0.200003,0.486306,0.258119,0.372213,0.114094,-4.24487,27.5487,-4.13331,27.5231,0.0429554,0.733422,0.0437081,0.734543,0.579112,-0.143533,-0.136543,0.615066,0.164384,1.2585,6688.58,0.268516,0.0856462,0.5967,0,584,0.371431,11.4826,0,,,5,5,,,,,,,,,,,,,,,,
glissante 500 signaux,C1,"C1 — F2b seul, sans stop",26,cooldown,10,5.55961,678,584,0.138643,8.75362,0.280211,3785.81,1.09712,0.47089,6.48255,0.230583,-0.440939,-0.421657,-5144.63,26,9625.81,5840,0.606702,290,294,6.28118,6.68119,6.48118,-0.200003,0.343271,0.119429,0.23135,0.111921,-9.24487,22.5487,-9.13331,22.5231,-0.0952102,0.588757,-0.0950637,0.593067,0.319708,-0.162753,-0.153644,0.615066,0.164384,1.15602,6688.58,0.537033,0.0511633,0.314361,0,584,0.230583,6.48255,0,,,5,5,,,,,,,,,,,,,,,,
glissante 500 signaux,C1,"C1 — F2b seul, sans stop",26,réouverture,5,5.55961,678,584,0.138643,8.75362,0.714109,6705.81,1.17901,0.486301,11.4826,0.371431,-0.411234,-0.391227,-4634.63,26,9625.81,2920,0.303351,290,294,11.2812,11.6812,11.4812,-0.200003,0.486306,0.258119,0.372213,0.114094,-4.24487,27.5487,-4.13331,27.5231,0.0429554,0.733422,0.0437081,0.734543,0.579112,-0.143533,-0.136543,0.615066,0.164384,1.2585,6688.58,0.268516,0.0856462,0.5967,0,584,0.371431,11.4826,0,,,5,5,0,,0,,,,,,,,,,,,,
glissante 500 signaux,C1,"C1 — F2b seul, sans stop",26,réouverture,10,5.55961,678,584,0.138643,8.75362,0.280211,3785.81,1.09712,0.47089,6.48255,0.230583,-0.440939,-0.421657,-5144.63,26,9625.81,5840,0.606702,290,294,6.28118,6.68119,6.48118,-0.200003,0.343271,0.119429,0.23135,0.111921,-9.24487,22.5487,-9.13331,22.5231,-0.0952102,0.588757,-0.0950637,0.593067,0.319708,-0.162753,-0.153644,0.615066,0.164384,1.15602,6688.58,0.537033,0.0511633,0.314361,0,584,0.230583,6.48255,0,,,5,5,0,,0,,,,,,,,,,,,,
glissante 500 signaux,C2,"C2 — R2 hors Q4 uniforme, sans stop",26,cooldown,5,5.55961,1347,1005,0.253898,15.064,1.89925,13012.9,1.19465,0.493532,12.9481,0.357014,-0.409094,-0.377788,-4526.7,26,18037.9,5025,0.278581,542,463,14.0308,11.6807,12.8558,1.17506,0.469311,0.225557,0.347434,0.121877,-1.8437,27.8284,-2.06521,27.77,0.0260994,0.693604,0.018534,0.680676,1.04425,-0.203901,-0.195258,0.614685,0.170149,1.2262,10847.4,0.284749,0.137249,0.673114,0,524,0.428167,9.96134,481,0.2795,16.2019,5,4,,,,,,,,,,,,,,,,
glissante 500 signaux,C2,"C2 — R2 hors Q4 uniforme, sans stop",26,cooldown,10,5.55961,1347,1005,0.253898,15.064,0.754599,7987.86,1.11502,0.476617,7.94812,0.216074,-0.433759,-0.405747,-4721.7,26,18037.9,10050,0.557161,542,463,9.03081,6.68069,7.85575,1.17506,0.328585,0.0843658,0.206475,0.12211,-6.8437,22.8284,-7.06521,22.77,-0.111918,0.548789,-0.124765,0.540365,0.501286,-0.221809,-0.214508,0.614685,0.170149,1.1301,10847.4,0.569499,0.0758217,0.341833,0,524,0.288411,4.96134,481,0.13727,11.2019,4,4,,,,,,,,,,,,,,,,
glissante 500 signaux,C2,"C2 — R2 hors Q4 uniforme, sans stop",26,réouverture,5,5.55961,1347,1005,0.253898,15.064,1.89925,13012.9,1.19465,0.493532,12.9481,0.357014,-0.409094,-0.377788,-4526.7,26,18037.9,5025,0.278581,542,463,14.0308,11.6807,12.8558,1.17506,0.469311,0.225557,0.347434,0.121877,-1.8437,27.8284,-2.06521,27.77,0.0260994,0.693604,0.018534,0.680676,1.04425,-0.203901,-0.195258,0.614685,0.170149,1.2262,10847.4,0.284749,0.137249,0.673114,0,524,0.428167,9.96134,481,0.2795,16.2019,5,4,0,,0,,,,,,,,,,,,,
glissante 500 signaux,C2,"C2 — R2 hors Q4 uniforme, sans stop",26,réouverture,10,5.55961,1347,1005,0.253898,15.064,0.754599,7987.86,1.11502,0.476617,7.94812,0.216074,-0.433759,-0.405747,-4721.7,26,18037.9,10050,0.557161,542,463,9.03081,6.68069,7.85575,1.17506,0.328585,0.0843658,0.206475,0.12211,-6.8437,22.8284,-7.06521,22.77,-0.111918,0.548789,-0.124765,0.540365,0.501286,-0.221809,-0.214508,0.614685,0.170149,1.1301,10847.4,0.569499,0.0758217,0.341833,0,524,0.288411,4.96134,481,0.13727,11.2019,4,4,0,,0,,,,,,,,,,,,,
glissante 500 signaux,RE-1,"RE-1 — F2b sans stop, F3 SL-B extremum",26,cooldown,5,5.55961,1347,1005,0.253898,15.064,1.85115,12383.8,1.20403,0.439801,12.3222,0.365711,-0.373809,-0.343202,-3778.53,26,17408.8,5025,0.288647,542,463,12.8398,11.7164,12.2781,0.561694,0.441519,0.276968,0.359244,0.0822753,-0.648269,25.9391,-0.827032,25.8384,0.0720793,0.672073,0.0626791,0.664112,1.18485,-0.124258,-0.117765,0.614685,0.170149,1.27553,11371.6,0.271623,0.150936,1.2147,0.236816,524,0.428167,9.96134,481,0.297671,14.8942,6,6,,,,,-0.625903,-6.43943,5.3016,0.00869687,-0.126627,0.147263,,,,,,
glissante 500 signaux,RE-1,"RE-1 — F2b sans stop, F3 SL-B extremum",26,cooldown,10,5.55961,1347,1005,0.253898,15.064,0.725514,7358.83,1.1158,0.425871,7.32222,0.224771,-0.413944,-0.385611,-4443.53,26,17408.8,10050,0.577293,542,463,7.83976,6.71637,7.27807,0.561694,0.300793,0.135777,0.218285,0.0825081,-5.64827,20.9391,-5.82703,20.8384,-0.0697074,0.536204,-0.0773175,0.521503,0.604622,-0.137508,-0.129103,0.614685,0.170149,1.16323,11371.6,0.543246,0.0887801,0.645636,0.236816,524,0.288411,4.96134,481,0.155442,9.89415,6,6,,,,,-0.625903,-6.43943,5.3016,0.00869687,-0.126627,0.147263,,,,,,
glissante 500 signaux,RE-1,"RE-1 — F2b sans stop, F3 SL-B extremum",26,réouverture,5,5.55961,1347,1028,0.236823,15.4088,2.10421,13438.3,1.21629,0.437743,13.0722,0.331832,-0.430825,-0.403004,-4743.87,26,18578.3,5140,0.276667,555,473,10.6227,15.9464,13.2846,-2.66184,0.397878,0.254337,0.326107,0.0717702,-0.753408,27.1491,-0.564094,27.4979,0.0361323,0.641845,0.0301914,0.638648,1.12148,-0.125694,-0.117765,0.614018,0.170233,1.25863,11157.4,0.282868,0.14486,1.15248,0.238327,539,0.393202,12.8327,489,0.264187,13.3363,6,6,32,-0.569103,9,0.911638,,,,,,,,,,,,
glissante 500 signaux,RE-1,"RE-1 — F2b sans stop, F3 SL-B extremum",26,réouverture,10,5.55961,1347,1028,0.236823,15.4088,0.857245,8298.27,1.12755,0.424125,8.07225,0.190886,-0.468129,-0.442416,-5423.87,26,18578.3,10280,0.553335,555,473,5.62274,10.9464,8.28457,-2.66184,0.257227,0.113044,0.185135,0.0720916,-5.75341,22.1491,-5.56409,22.4979,-0.107066,0.498263,-0.11474,0.495578,0.547601,-0.145251,-0.137491,0.614018,0.170233,1.14797,11157.4,0.565735,0.0817173,0.562593,0.238327,539,0.253496,7.83269,489,0.121873,8.3363,6,6,32,-0.724092,9,0.721483,,,,,,,,,,,,
glissante 500 signaux,RE-2,"RE-2 — F2b sans stop, F3 SL-A 2 ATR",26,cooldown,5,5.55961,1347,1005,0.253898,15.064,1.86316,12395.3,1.20576,0.436816,12.3336,0.355864,-0.358877,-0.327539,-3549.79,26,17420.3,5025,0.288457,542,463,12.2794,12.3971,12.3382,-0.0588716,0.420295,0.280439,0.350367,0.0699278,-0.268572,26.1482,-0.435828,26.4168,0.0627878,0.655307,0.0561279,0.652579,1.16419,-0.1238,-0.117304,0.614685,0.170149,1.273,11273.6,0.273985,0.148971,1.20332,0.244776,524,0.428167,9.96134,481,0.277097,14.9179,6,6,,,,,-0.614518,-7.22628,5.59523,-0.00115031,-0.144435,0.139368,,,,,,
glissante 500 signaux,RE-2,"RE-2 — F2b sans stop, F3 SL-A 2 ATR",26,cooldown,10,5.55961,1347,1005,0.253898,15.064,0.732791,7370.27,1.11679,0.422886,7.3336,0.214924,-0.399961,-0.370952,-4214.79,26,17420.3,10050,0.576914,542,463,7.27936,7.3971,7.33823,-0.0588716,0.279569,0.139248,0.209409,0.0701606,-5.26857,21.1482,-5.43583,21.4168,-0.0781222,0.515399,-0.0879526,0.511319,0.589441,-0.13994,-0.131559,0.614685,0.170149,1.16051,11273.6,0.547969,0.0869201,0.621125,0.244776,524,0.288411,4.96134,481,0.134867,9.91794,6,6,,,,,-0.614518,-7.22628,5.59523,-0.00115031,-0.144435,0.139368,,,,,,
glissante 500 signaux,RE-2,"RE-2 — F2b sans stop, F3 SL-A 2 ATR",26,réouverture,5,5.55961,1347,1033,0.233111,15.4837,2.12937,13491.8,1.21797,0.434656,13.0608,0.324971,-0.404954,-0.375869,-4303.6,26,18656.8,5165,0.276843,558,475,10.4743,16.0993,13.2868,-2.81251,0.39026,0.248273,0.319267,0.0709934,-0.599906,27.4106,-0.588432,27.8141,0.0315834,0.634572,0.0288855,0.632393,1.12367,-0.123874,-0.117304,0.614226,0.169409,1.25875,11182.5,0.2837,0.145072,1.17112,0.246854,536,0.392075,12.6805,497,0.252601,13.4709,6,6,41,-0.241759,13,0.925866,,,,,,,,,,,,
glissante 500 signaux,RE-2,"RE-2 — F2b sans stop, F3 SL-A 2 ATR",26,réouverture,10,5.55961,1347,1033,0.233111,15.4837,0.86763,8326.79,1.12839,0.421104,8.06078,0.183802,-0.444219,-0.41735,-4988.6,26,18656.8,10330,0.553686,558,475,5.47426,11.0993,8.28676,-2.81251,0.248828,0.107414,0.178121,0.0707067,-5.59991,22.4106,-5.58843,22.8141,-0.111541,0.493934,-0.116835,0.490337,0.546655,-0.143043,-0.134693,0.614226,0.169409,1.14757,11182.5,0.567401,0.0815983,0.570445,0.246854,536,0.252315,7.68053,497,0.109913,8.47088,6,6,41,-0.40853,13,0.721624,,,,,,,,,,,,
glissante 500 signaux,C1,"C1 — F2b seul, sans stop",48,cooldown,5,5.55961,678,517,0.237463,7.74935,0.108382,3192.89,1.06464,0.483559,6.1758,0.254681,-0.564272,-0.551877,-7592.54,48,5777.89,2585,0.447395,254,263,11.0681,1.45092,6.2595,4.80859,0.582093,-0.0615257,0.260284,0.321809,-19.5889,29.7684,-19.5157,30.2949,-0.317028,0.863016,-0.318896,0.869245,0.174243,-0.314501,-0.305424,0.614609,0.16441,1.0843,3752.85,0.423349,0.0293127,0.0932037,0,517,0.254681,6.1758,0,,,3,3,,,,,,,,,,,,,,,,
glissante 500 signaux,C1,"C1 — F2b seul, sans stop",48,cooldown,10,5.55961,678,517,0.237463,7.74935,-0.144203,607.886,1.01198,0.464217,1.1758,0.114056,-0.574782,-0.563784,-7857.54,48,5777.89,5170,0.894791,254,263,6.06809,-3.54908,1.2595,4.80859,0.44066,-0.201371,0.119645,0.321015,-24.5889,24.7684,-24.5157,25.2949,-0.454355,0.717562,-0.453651,0.730538,0.00180055,-0.337594,-0.329123,0.614609,0.16441,1.02171,3752.85,0.846698,0.000323625,0.00095862,0,517,0.114056,1.1758,0,,,3,3,,,,,,,,,,,,,,,,
glissante 500 signaux,C1,"C1 — F2b seul, sans stop",48,réouverture,5,5.55961,678,517,0.237463,7.74935,0.108382,3192.89,1.06464,0.483559,6.1758,0.254681,-0.564272,-0.551877,-7592.54,48,5777.89,2585,0.447395,254,263,11.0681,1.45092,6.2595,4.80859,0.582093,-0.0615257,0.260284,0.321809,-19.5889,29.7684,-19.5157,30.2949,-0.317028,0.863016,-0.318896,0.869245,0.174243,-0.314501,-0.305424,0.614609,0.16441,1.0843,3752.85,0.423349,0.0293127,0.0932037,0,517,0.254681,6.1758,0,,,3,3,0,,0,,,,,,,,,,,,,
glissante 500 signaux,C1,"C1 — F2b seul, sans stop",48,réouverture,10,5.55961,678,517,0.237463,7.74935,-0.144203,607.886,1.01198,0.464217,1.1758,0.114056,-0.574782,-0.563784,-7857.54,48,5777.89,5170,0.894791,254,263,6.06809,-3.54908,1.2595,4.80859,0.44066,-0.201371,0.119645,0.321015,-24.5889,24.7684,-24.5157,25.2949,-0.454355,0.717562,-0.453651,0.730538,0.00180055,-0.337594,-0.329123,0.614609,0.16441,1.02171,3752.85,0.846698,0.000323625,0.00095862,0,517,0.114056,1.1758,0,,,3,3,0,,0,,,,,,,,,,,,,
glissante 500 signaux,C2,"C2 — R2 hors Q4 uniforme, sans stop",48,cooldown,5,5.55961,1347,806,0.401633,12.0812,-0.287054,-176.023,0.997759,0.477667,-0.21839,0.101911,-0.599354,-0.575907,-7548.22,48,3853.98,4030,1.04567,435,371,-4.07258,4.30067,0.114046,-4.18662,0.211111,-0.026126,0.0924926,0.118619,-19.2181,19.4003,-18.391,19.5034,-0.326067,0.548529,-0.326439,0.520799,-0.032764,-0.34894,-0.335735,0.608376,0.156328,1.01317,2994.14,0.818852,-0.00597401,-0.0171205,0,422,0.270015,5.83152,384,-0.0828273,-6.86699,3,3,,,,,,,,,,,,,,,,
glissante 500 signaux,C2,"C2 — R2 hors Q4 uniforme, sans stop",48,cooldown,10,5.55961,1347,806,0.401633,12.0812,-0.523735,-4206.02,0.947877,0.462779,-5.21839,-0.0361313,-0.698435,-0.684602,-9043.74,48,3853.98,8060,2.09135,435,371,-9.07258,-0.69933,-4.88595,-4.18662,0.0747917,-0.166189,-0.0456988,0.120491,-24.2181,14.4003,-23.391,14.5034,-0.468005,0.412067,-0.46266,0.382416,-0.243127,-0.440258,-0.429219,0.608376,0.156328,0.955044,2994.14,1.6377,-0.0488697,-0.111002,0,422,0.131464,0.831521,384,-0.220311,-11.867,3,3,,,,,,,,,,,,,,,,
glissante 500 signaux,C2,"C2 — R2 hors Q4 uniforme, sans stop",48,réouverture,5,5.55961,1347,806,0.401633,12.0812,-0.287054,-176.023,0.997759,0.477667,-0.21839,0.101911,-0.599354,-0.575907,-7548.22,48,3853.98,4030,1.04567,435,371,-4.07258,4.30067,0.114046,-4.18662,0.211111,-0.026126,0.0924926,0.118619,-19.2181,19.4003,-18.391,19.5034,-0.326067,0.548529,-0.326439,0.520799,-0.032764,-0.34894,-0.335735,0.608376,0.156328,1.01317,2994.14,0.818852,-0.00597401,-0.0171205,0,422,0.270015,5.83152,384,-0.0828273,-6.86699,3,3,0,,0,,,,,,,,,,,,,
glissante 500 signaux,C2,"C2 — R2 hors Q4 uniforme, sans stop",48,réouverture,10,5.55961,1347,806,0.401633,12.0812,-0.523735,-4206.02,0.947877,0.462779,-5.21839,-0.0361313,-0.698435,-0.684602,-9043.74,48,3853.98,8060,2.09135,435,371,-9.07258,-0.69933,-4.88595,-4.18662,0.0747917,-0.166189,-0.0456988,0.120491,-24.2181,14.4003,-23.391,14.5034,-0.468005,0.412067,-0.46266,0.382416,-0.243127,-0.440258,-0.429219,0.608376,0.156328,0.955044,2994.14,1.6377,-0.0488697,-0.111002,0,422,0.131464,0.831521,384,-0.220311,-11.867,3,3,0,,0,,,,,,,,,,,,,
glissante 500 signaux,RE-1,"RE-1 — F2b sans stop, F3 SL-B extremum",48,cooldown,5,5.55961,1347,806,0.401633,12.0812,-0.186823,221.949,1.0033,0.39206,0.275371,0.204196,-0.604147,-0.593694,-8075.87,48,4251.95,4030,0.947801,435,371,0.0119946,0.584182,0.298088,-0.286094,0.36513,0.0154991,0.190314,0.174815,-16.2526,17.6608,-16.1923,17.9062,-0.17916,0.624723,-0.185872,0.60074,0.186085,-0.294051,-0.287721,0.608376,0.156328,1.06818,4745.34,0.516666,0.031172,0.106009,0.308933,422,0.270015,5.83152,384,0.131863,-5.83061,4,4,,,,,0.493762,-8.91578,10.0901,0.102284,-0.122487,0.322142,,,,,,
glissante 500 signaux,RE-1,"RE-1 — F2b sans stop, F3 SL-B extremum",48,cooldown,10,5.55961,1347,806,0.401633,12.0812,-0.456717,-3808.05,0.945407,0.382134,-4.72463,0.0661529,-0.662328,-0.656013,-9081.27,48,4251.95,8060,1.8956,435,371,-4.98801,-4.41582,-4.70191,-0.286094,0.22881,-0.124564,0.0521231,0.176687,-21.2526,12.6608,-21.1923,12.9062,-0.316135,0.484298,-0.320318,0.461877,-0.071767,-0.333164,-0.327369,0.608376,0.156328,0.9955,4745.34,1.03333,-0.013306,-0.0399382,0.308933,422,0.131464,0.831521,384,-0.00562085,-10.8306,4,4,,,,,0.493762,-8.91578,10.0901,0.102284,-0.122487,0.322142,,,,,,
glissante 500 signaux,RE-1,"RE-1 — F2b sans stop, F3 SL-B extremum",48,réouverture,5,5.55961,1347,871,0.353378,13.0555,-0.218381,318.746,1.00428,0.394948,0.365954,0.217989,-0.661644,-0.654253,-9353.41,48,4673.75,4355,0.931801,469,402,-3.80441,5.23137,0.713484,-4.51789,0.337071,0.0790598,0.208065,0.129005,-17.9635,18.8897,-17.1682,19.6166,-0.211556,0.682272,-0.210129,0.646693,0.245605,-0.366342,-0.36066,0.60932,0.164179,1.07849,5573.74,0.476088,0.0402937,0.109989,0.306544,457,0.262671,3.93601,414,0.168666,-3.57491,4,4,90,0.425755,25,0.521258,,,,,,,,,,,,
glissante 500 signaux,RE-1,"RE-1 — F2b sans stop, F3 SL-B extremum",48,réouverture,10,5.55961,1347,871,0.353378,13.0555,-0.494526,-4036.25,0.947638,0.385763,-4.63405,0.078176,-0.707429,-0.701394,-10314.6,48,4673.75,8710,1.8636,469,402,-8.80441,0.231374,-4.28652,-4.51789,0.200044,-0.0640029,0.0680204,0.132023,-22.9635,13.8897,-22.1682,14.6166,-0.349424,0.532139,-0.345793,0.500962,-0.0446261,-0.403869,-0.398689,0.60932,0.164179,1.00687,5573.74,0.952176,-0.00817784,-0.0202487,0.306544,457,0.124047,-1.06399,414,0.0275402,-8.57491,4,4,90,0.274841,25,0.398544,,,,,,,,,,,,
glissante 500 signaux,RE-2,"RE-2 — F2b sans stop, F3 SL-A 2 ATR",48,cooldown,5,5.55961,1347,806,0.401633,12.0812,-0.144888,674.604,1.01018,0.385856,0.836978,0.201124,-0.595286,-0.575509,-7863.49,48,4704.6,4030,0.856608,435,371,0.144417,1.64901,0.896714,-0.752297,0.359478,0.0154528,0.187465,0.172013,-15.4739,18.2203,-15.2449,18.6326,-0.181824,0.607589,-0.186122,0.594462,0.180041,-0.28028,-0.273826,0.608376,0.156328,1.06694,4688.96,0.522879,0.0302249,0.107838,0.315136,422,0.270015,5.83152,384,0.125416,-4.65182,4,4,,,,,1.05537,-8.51698,11.0153,0.0992125,-0.134802,0.328968,,,,,,
glissante 500 signaux,RE-2,"RE-2 — F2b sans stop, F3 SL-A 2 ATR",48,cooldown,10,5.55961,1347,806,0.401633,12.0812,-0.428684,-3355.4,0.951189,0.375931,-4.16302,0.0630812,-0.635912,-0.61934,-8723.49,48,4704.6,8060,1.71322,435,371,-4.85558,-3.35099,-4.10329,-0.752297,0.223159,-0.124611,0.049274,0.173885,-20.4739,13.2203,-20.2449,13.6326,-0.315604,0.468361,-0.322679,0.453587,-0.0765063,-0.323981,-0.317543,0.608376,0.156328,0.993859,4688.96,1.04576,-0.014214,-0.043873,0.315136,422,0.131464,0.831521,384,-0.0120682,-9.65182,4,4,,,,,1.05537,-8.51698,11.0153,0.0992125,-0.134802,0.328968,,,,,,
glissante 500 signaux,RE-2,"RE-2 — F2b sans stop, F3 SL-A 2 ATR",48,réouverture,5,5.55961,1347,876,0.349666,13.1304,-0.260921,-301.553,0.995916,0.388128,-0.344239,0.200508,-0.667749,-0.660264,-9472.96,48,4078.45,4380,1.07394,471,405,-5.50497,5.6575,0.0762654,-5.58124,0.307984,0.0755184,0.191751,0.116233,-18.3043,19.0935,-17.7451,19.4024,-0.218998,0.639754,-0.214293,0.615675,0.198631,-0.367436,-0.361764,0.610213,0.163242,1.06811,5201.61,0.513828,0.0331255,0.0901531,0.317352,455,0.252588,2.90554,421,0.144223,-3.85647,4,4,94,0.285207,24,0.552913,,,,,,,,,,,,
glissante 500 signaux,RE-2,"RE-2 — F2b sans stop, F3 SL-A 2 ATR",48,réouverture,10,5.55961,1347,876,0.349666,13.1304,-0.523243,-4681.55,0.938838,0.377854,-5.34424,0.0606188,-0.708497,-0.701329,-10499.3,48,4078.45,8760,2.14788,471,405,-10.505,0.6575,-4.92373,-5.58124,0.170839,-0.0675635,0.0516379,0.119201,-23.3043,14.0935,-22.7451,14.4024,-0.357732,0.498807,-0.351717,0.476141,-0.0824248,-0.405193,-0.400024,0.610213,0.163242,0.99629,5201.61,1.02766,-0.0153534,-0.0378916,0.317352,455,0.113667,-2.09446,421,0.00328638,-8.85647,4,4,94,0.13454,24,0.43284,,,,,,,,,,,,
expansive,C1,"C1 — F2b seul, sans stop",13,cooldown,5,5.55961,646,605,0.0634675,9.06839,-0.081642,-156.715,0.994774,0.45124,-0.259033,-0.0536536,-0.354809,-0.346235,-3851.95,13,2868.28,3025,1.05464,298,307,-0.810001,0.275782,-0.267109,-0.542891,-0.0555121,-0.0518496,-0.0536808,-0.00183125,-11.3634,11.3771,-11.4669,11.3429,-0.293589,0.181889,-0.29781,0.181615,-0.0907949,-0.206662,-0.204291,0.617526,0.175207,0.948521,1073.05,1.74085,-0.016975,-0.0821389,0,605,-0.0536536,-0.259033,0,,,2,2,,,,,,,,,,,,,,,,
expansive,C1,"C1 — F2b seul, sans stop",13,cooldown,10,5.55961,646,605,0.0634675,9.06839,-0.321466,-3181.72,0.899581,0.426446,-5.25903,-0.194439,-0.476812,-0.46788,-5872.72,13,2868.28,6050,2.10927,298,307,-5.81,-4.72422,-5.26711,-0.542891,-0.195853,-0.193066,-0.194459,-0.00139319,-16.3634,6.37712,-16.4669,6.34287,-0.433203,0.040493,-0.436362,0.0413203,-0.245785,-0.319294,-0.311943,0.617526,0.175207,0.838826,1073.05,3.4817,-0.0494713,-0.15494,0,605,-0.194439,-5.25903,0,,,1,1,,,,,,,,,,,,,,,,
expansive,C1,"C1 — F2b seul, sans stop",13,réouverture,5,5.55961,646,605,0.0634675,9.06839,-0.081642,-156.715,0.994774,0.45124,-0.259033,-0.0536536,-0.354809,-0.346235,-3851.95,13,2868.28,3025,1.05464,298,307,-0.810001,0.275782,-0.267109,-0.542891,-0.0555121,-0.0518496,-0.0536808,-0.00183125,-11.3634,11.3771,-11.4669,11.3429,-0.293589,0.181889,-0.29781,0.181615,-0.0907949,-0.206662,-0.204291,0.617526,0.175207,0.948521,1073.05,1.74085,-0.016975,-0.0821389,0,605,-0.0536536,-0.259033,0,,,2,2,0,,0,,,,,,,,,,,,,
expansive,C1,"C1 — F2b seul, sans stop",13,réouverture,10,5.55961,646,605,0.0634675,9.06839,-0.321466,-3181.72,0.899581,0.426446,-5.25903,-0.194439,-0.476812,-0.46788,-5872.72,13,2868.28,6050,2.10927,298,307,-5.81,-4.72422,-5.26711,-0.542891,-0.195853,-0.193066,-0.194459,-0.00139319,-16.3634,6.37712,-16.4669,6.34287,-0.433203,0.040493,-0.436362,0.0413203,-0.245785,-0.319294,-0.311943,0.617526,0.175207,0.838826,1073.05,3.4817,-0.0494713,-0.15494,0,605,-0.194439,-5.25903,0,,,1,1,0,,0,,,,,,,,,,,,,
expansive,C2,"C2 — R2 hors Q4 uniforme, sans stop",13,cooldown,5,5.55961,1299,1114,0.142417,16.6978,-0.260895,-1677.85,0.971337,0.458707,-1.50615,-0.0120959,-0.542345,-0.529613,-6719.64,13,3892.15,5570,1.43108,596,518,-3.62573,0.932606,-1.34656,-2.27917,-0.0749769,0.0602536,-0.00736161,-0.0676153,-11.9383,7.97285,-11.8759,8.17401,-0.224623,0.184114,-0.220981,0.190941,-0.111284,-0.319844,-0.311791,0.616858,0.17325,0.971199,2577.61,1.33298,-0.0209969,-0.0656474,0,567,-0.0565478,-1.93191,547,0.0339814,-1.06481,3,3,,,,,,,,,,,,,,,,
expansive,C2,"C2 — R2 hors Q4 uniforme, sans stop",13,cooldown,10,5.55961,1299,1114,0.142417,16.6978,-0.5767,-7247.85,0.882384,0.43088,-6.50615,-0.15394,-0.681024,-0.672048,-10292.2,13,3892.15,11140,2.86217,596,518,-8.62573,-4.06739,-6.34656,-2.27917,-0.216655,-0.0817811,-0.149218,-0.0674371,-16.9383,2.97285,-16.8759,3.17401,-0.364735,0.0417674,-0.362026,0.0467823,-0.369782,-0.463243,-0.457536,0.616858,0.17325,0.864694,2577.61,2.66596,-0.079689,-0.172024,0,567,-0.195727,-6.93191,547,-0.110625,-6.06481,2,2,,,,,,,,,,,,,,,,
expansive,C2,"C2 — R2 hors Q4 uniforme, sans stop",13,réouverture,5,5.55961,1299,1114,0.142417,16.6978,-0.260895,-1677.85,0.971337,0.458707,-1.50615,-0.0120959,-0.542345,-0.529613,-6719.64,13,3892.15,5570,1.43108,596,518,-3.62573,0.932606,-1.34656,-2.27917,-0.0749769,0.0602536,-0.00736161,-0.0676153,-11.9383,7.97285,-11.8759,8.17401,-0.224623,0.184114,-0.220981,0.190941,-0.111284,-0.319844,-0.311791,0.616858,0.17325,0.971199,2577.61,1.33298,-0.0209969,-0.0656474,0,567,-0.0565478,-1.93191,547,0.0339814,-1.06481,3,3,0,,0,,,,,,,,,,,,,
expansive,C2,"C2 — R2 hors Q4 uniforme, sans stop",13,réouverture,10,5.55961,1299,1114,0.142417,16.6978,-0.5767,-7247.85,0.882384,0.43088,-6.50615,-0.15394,-0.681024,-0.672048,-10292.2,13,3892.15,11140,2.86217,596,518,-8.62573,-4.06739,-6.34656,-2.27917,-0.216655,-0.0817811,-0.149218,-0.0674371,-16.9383,2.97285,-16.8759,3.17401,-0.364735,0.0417674,-0.362026,0.0467823,-0.369782,-0.463243,-0.457536,0.616858,0.17325,0.864694,2577.61,2.66596,-0.079689,-0.172024,0,567,-0.195727,-6.93191,547,-0.110625,-6.06481,2,2,0,,0,,,,,,,,,,,,,
expansive,RE-1,"RE-1 — F2b sans stop, F3 SL-B extremum",13,cooldown,5,5.55961,1299,1114,0.142417,16.6978,-0.0328527,817.15,1.01525,0.433573,0.733528,0.0260622,-0.430221,-0.414483,-4879.31,13,6387.15,5570,0.872063,596,518,-0.131355,1.72865,0.798645,-0.93,-0.00761722,0.064813,0.0285979,-0.0362151,-8.72435,9.28624,-8.72845,9.45848,-0.169001,0.214446,-0.166313,0.218645,0.0161583,-0.1982,-0.192631,0.616858,0.17325,1.0158,3862.52,0.889549,0.0028873,0.0145676,0.174147,567,-0.0565478,-1.93191,547,0.111693,3.49643,3,3,,,,,2.23968,-0.681612,5.26531,0.0381581,-0.0368373,0.110687,,,,,,
expansive,RE-1,"RE-1 — F2b sans stop, F3 SL-B extremum",13,cooldown,10,5.55961,1299,1114,0.142417,16.6978,-0.446015,-4752.85,0.916334,0.40754,-4.26647,-0.115782,-0.598609,-0.591713,-8154.47,13,6387.15,11140,1.74413,596,518,-5.13136,-3.27135,-4.20136,-0.93,-0.149296,-0.0772218,-0.113259,-0.0360369,-13.7244,4.28624,-13.7285,4.45848,-0.311057,0.0724036,-0.3082,0.0760057,-0.279378,-0.377303,-0.373636,0.616858,0.17325,0.896358,3862.52,1.7791,-0.0572294,-0.15168,0.174147,567,-0.195727,-6.93191,547,-0.0329141,-1.50357,2,2,,,,,2.23968,-0.681612,5.26531,0.0381581,-0.0368373,0.110687,,,,,,
expansive,RE-1,"RE-1 — F2b sans stop, F3 SL-B extremum",13,réouverture,5,5.55961,1299,1119,0.138568,16.7728,-0.0486077,655.622,1.01216,0.432529,0.5859,0.0170771,-0.438703,-0.423199,-5028.18,13,6250.62,5595,0.895111,599,520,-0.22544,1.5205,0.647531,-0.872971,-0.0117758,0.0503134,0.0192688,-0.0310446,-8.72366,9.30529,-8.83636,9.26401,-0.176809,0.210515,-0.173883,0.216238,0.000613191,-0.203764,-0.198233,0.617298,0.174263,1.01004,3727.17,0.926651,0.000110266,0.000541147,0.175156,570,-0.064494,-1.8429,549,0.101768,3.1076,3,3,5,-1.9848,0,,,,,,,,,,,,,
expansive,RE-1,"RE-1 — F2b sans stop, F3 SL-B extremum",13,réouverture,10,5.55961,1299,1119,0.138568,16.7728,-0.456405,-4939.38,0.913555,0.406613,-4.4141,-0.125006,-0.611756,-0.605086,-8485.72,13,6250.62,11190,1.79022,599,520,-5.22544,-3.4795,-4.35247,-0.872971,-0.153406,-0.0922919,-0.122849,-0.0305572,-13.7237,4.30529,-13.8364,4.26401,-0.318953,0.0663051,-0.318252,0.0684775,-0.291675,-0.39173,-0.3871,0.617298,0.174263,0.89135,3727.17,1.8533,-0.0601437,-0.153534,0.175156,570,-0.204118,-6.8429,549,-0.0428688,-1.8924,2,2,5,-2.18023,0,,,,,,,,,,,,,
expansive,RE-2,"RE-2 — F2b sans stop, F3 SL-A 2 ATR",13,cooldown,5,5.55961,1299,1114,0.142417,16.6978,-0.0338472,787.83,1.01473,0.433573,0.707209,0.0222655,-0.441779,-0.431148,-5164.66,13,6357.83,5570,0.876085,596,518,-0.492988,2.08813,0.797571,-1.29056,-0.00840256,0.0575516,0.0245745,-0.0329771,-8.14127,9.32743,-8.20371,9.43013,-0.163298,0.208285,-0.163429,0.212503,0.0056875,-0.216773,-0.211332,0.616858,0.17325,1.0119,3758.16,0.914249,0.00102063,0.00470828,0.185817,567,-0.0565478,-1.93191,547,0.103961,3.44283,3,3,,,,,2.21336,-0.952142,5.50417,0.0343614,-0.0419652,0.107249,,,,,,
expansive,RE-2,"RE-2 — F2b sans stop, F3 SL-A 2 ATR",13,cooldown,10,5.55961,1299,1114,0.142417,16.6978,-0.446585,-4782.17,0.915646,0.40754,-4.29279,-0.119579,-0.608637,-0.60047,-8427.58,13,6357.83,11140,1.75217,596,518,-5.49299,-2.91187,-4.20243,-1.29056,-0.150081,-0.0844832,-0.117282,-0.0327989,-13.1413,4.32743,-13.2037,4.43013,-0.308865,0.0702169,-0.309979,0.0703684,-0.286807,-0.387354,-0.382284,0.616858,0.17325,0.893082,3758.16,1.8285,-0.058985,-0.152277,0.185817,567,-0.195727,-6.93191,547,-0.0406463,-1.55717,2,2,,,,,2.21336,-0.952142,5.50417,0.0343614,-0.0419652,0.107249,,,,,,
expansive,RE-2,"RE-2 — F2b sans stop, F3 SL-A 2 ATR",13,réouverture,5,5.55961,1299,1123,0.135489,16.8327,-0.0850862,247.847,1.00458,0.430098,0.2207,0.00605055,-0.465397,-0.452733,-5341.5,13,5862.85,5615,0.957726,602,521,-1.05929,1.69969,0.320201,-1.37949,-0.0218046,0.0382363,0.00821586,-0.0300204,-8.55894,8.81168,-8.53701,8.87917,-0.177541,0.194993,-0.17584,0.198062,-0.0286439,-0.236023,-0.230716,0.617333,0.174533,0.999136,3442.57,1.0069,-0.00521374,-0.02209,0.18789,570,-0.0711979,-2.02844,553,0.0856738,2.53898,3,3,11,-1.49291,2,0.793511,,,,,,,,,,,,
expansive,RE-2,"RE-2 — F2b sans stop, F3 SL-A 2 ATR",13,réouverture,10,5.55961,1299,1123,0.135489,16.8327,-0.478302,-5367.15,0.906545,0.404274,-4.7793,-0.136005,-0.635012,-0.628741,-9123.08,13,5862.85,11230,1.91545,602,521,-6.05929,-3.30031,-4.6798,-1.37949,-0.163324,-0.104438,-0.133881,-0.0294432,-13.5589,3.81168,-13.537,3.87917,-0.324481,0.0512301,-0.323862,0.0551154,-0.313256,-0.413914,-0.409064,0.617333,0.174533,0.881944,3442.57,2.0138,-0.0653597,-0.157907,0.18789,570,-0.211022,-7.02844,553,-0.0586812,-2.46102,2,2,11,-1.6502,2,0.685283,,,,,,,,,,,,
expansive,C1,"C1 — F2b seul, sans stop",26,cooldown,5,5.55961,646,563,0.128483,8.43885,0.789683,7097.83,1.19879,0.484902,12.6072,0.400513,-0.404071,-0.383821,-4516.59,26,9912.83,2815,0.283975,280,283,15.2396,10.0027,12.6211,2.61845,0.599138,0.203994,0.401566,0.197572,-3.40567,29.4867,-3.335,29.5424,0.0611656,0.767353,0.0638419,0.766079,0.627595,-0.14699,-0.135746,0.615821,0.170515,1.28914,6915.15,0.250687,0.0915676,0.622951,0,563,0.400513,12.6072,0,,,5,5,,,,,,,,,,,,,,,,
expansive,C1,"C1 — F2b seul, sans stop",26,cooldown,10,5.55961,646,563,0.128483,8.43885,0.350799,4282.83,1.11521,0.470693,7.60716,0.260181,-0.434762,-0.414031,-5016.59,26,9912.83,5630,0.567951,280,283,10.2396,5.00266,7.62111,2.61845,0.456669,0.0657751,0.261222,0.195447,-8.40567,24.4867,-8.335,24.5424,-0.0786316,0.628442,-0.0782088,0.627789,0.368765,-0.18067,-0.16841,0.615821,0.170515,1.18335,6915.15,0.501373,0.0580868,0.321507,0,563,0.260181,7.60716,0,,,4,4,,,,,,,,,,,,,,,,
expansive,C1,"C1 — F2b seul, sans stop",26,réouverture,5,5.55961,646,563,0.128483,8.43885,0.789683,7097.83,1.19879,0.484902,12.6072,0.400513,-0.404071,-0.383821,-4516.59,26,9912.83,2815,0.283975,280,283,15.2396,10.0027,12.6211,2.61845,0.599138,0.203994,0.401566,0.197572,-3.40567,29.4867,-3.335,29.5424,0.0611656,0.767353,0.0638419,0.766079,0.627595,-0.14699,-0.135746,0.615821,0.170515,1.28914,6915.15,0.250687,0.0915676,0.622951,0,563,0.400513,12.6072,0,,,5,5,0,,0,,,,,,,,,,,,,
expansive,C1,"C1 — F2b seul, sans stop",26,réouverture,10,5.55961,646,563,0.128483,8.43885,0.350799,4282.83,1.11521,0.470693,7.60716,0.260181,-0.434762,-0.414031,-5016.59,26,9912.83,5630,0.567951,280,283,10.2396,5.00266,7.62111,2.61845,0.456669,0.0657751,0.261222,0.195447,-8.40567,24.4867,-8.335,24.5424,-0.0786316,0.628442,-0.0782088,0.627789,0.368765,-0.18067,-0.16841,0.615821,0.170515,1.18335,6915.15,0.501373,0.0580868,0.321507,0,563,0.260181,7.60716,0,,,4,4,0,,0,,,,,,,,,,,,,
expansive,C2,"C2 — R2 hors Q4 uniforme, sans stop",26,cooldown,5,5.55961,1299,972,0.251732,14.5694,1.4225,11124.4,1.1713,0.481481,11.4448,0.320668,-0.401028,-0.373853,-4198.33,26,15984.4,4860,0.304047,523,449,11.4419,11.4483,11.4451,-0.00319615,0.425814,0.198193,0.312003,0.11381,-4.22485,26.4121,-4.07787,26.4198,-0.0150124,0.648848,-0.0235583,0.642323,0.870964,-0.176396,-0.167627,0.615658,0.173868,1.20609,9833.12,0.304288,0.119273,0.676168,0,500,0.448683,10.1718,472,0.185059,12.7934,5,5,,,,,,,,,,,,,,,,
expansive,C2,"C2 — R2 hors Q4 uniforme, sans stop",26,cooldown,10,5.55961,1299,972,0.251732,14.5694,0.490343,6264.38,1.0928,0.465021,6.44483,0.179939,-0.456282,-0.430656,-4976.33,26,15984.4,9720,0.608094,523,449,6.44188,6.44827,6.44508,-0.00319615,0.284957,0.0576134,0.171285,0.113672,-9.22485,21.4121,-9.07787,21.4198,-0.159428,0.509588,-0.164205,0.498071,0.387335,-0.200284,-0.188955,0.615658,0.173868,1.11071,9833.12,0.608575,0.0606546,0.302843,0,500,0.309842,5.17179,472,0.0423297,7.7934,4,4,,,,,,,,,,,,,,,,
expansive,C2,"C2 — R2 hors Q4 uniforme, sans stop",26,réouverture,5,5.55961,1299,972,0.251732,14.5694,1.4225,11124.4,1.1713,0.481481,11.4448,0.320668,-0.401028,-0.373853,-4198.33,26,15984.4,4860,0.304047,523,449,11.4419,11.4483,11.4451,-0.00319615,0.425814,0.198193,0.312003,0.11381,-4.22485,26.4121,-4.07787,26.4198,-0.0150124,0.648848,-0.0235583,0.642323,0.870964,-0.176396,-0.167627,0.615658,0.173868,1.20609,9833.12,0.304288,0.119273,0.676168,0,500,0.448683,10.1718,472,0.185059,12.7934,5,5,0,,0,,,,,,,,,,,,,
expansive,C2,"C2 — R2 hors Q4 uniforme, sans stop",26,réouverture,10,5.55961,1299,972,0.251732,14.5694,0.490343,6264.38,1.0928,0.465021,6.44483,0.179939,-0.456282,-0.430656,-4976.33,26,15984.4,9720,0.608094,523,449,6.44188,6.44827,6.44508,-0.00319615,0.284957,0.0576134,0.171285,0.113672,-9.22485,21.4121,-9.07787,21.4198,-0.159428,0.509588,-0.164205,0.498071,0.387335,-0.200284,-0.188955,0.615658,0.173868,1.11071,9833.12,0.608575,0.0606546,0.302843,0,500,0.309842,5.17179,472,0.0423297,7.7934,4,4,0,,0,,,,,,,,,,,,,
expansive,RE-1,"RE-1 — F2b sans stop, F3 SL-B extremum",26,cooldown,5,5.55961,1299,972,0.251732,14.5694,1.42412,10691.8,1.18135,0.429012,10.9998,0.342275,-0.38048,-0.355992,-3980.08,26,15551.8,4860,0.312505,523,449,10.6229,11.4387,11.0308,-0.407891,0.419913,0.251842,0.335877,0.0840354,-2.1627,24.1798,-2.16561,24.3419,0.0377941,0.64459,0.0342743,0.636261,1.03363,-0.135974,-0.13228,0.615658,0.173868,1.25966,10531.2,0.284118,0.136183,1.00154,0.245885,500,0.448683,10.1718,472,0.229555,11.8769,6,6,,,,,-0.445066,-6.46546,5.63749,0.0216073,-0.11494,0.162758,,,,,,
expansive,RE-1,"RE-1 — F2b sans stop, F3 SL-B extremum",26,cooldown,10,5.55961,1299,972,0.251732,14.5694,0.491379,5831.77,1.09442,0.415638,5.99977,0.201546,-0.436114,-0.416915,-4640.08,26,15551.8,9720,0.625009,523,449,5.62293,6.43871,6.03082,-0.407891,0.279056,0.111262,0.195159,0.0838967,-7.1627,19.1798,-7.16561,19.3419,-0.100034,0.508072,-0.108201,0.501081,0.508041,-0.169014,-0.16343,0.615658,0.173868,1.14782,10531.2,0.568237,0.0766907,0.453754,0.245885,500,0.309842,5.17179,472,0.0868261,6.87686,5,5,,,,,-0.445066,-6.46546,5.63749,0.0216073,-0.11494,0.162758,,,,,,
expansive,RE-1,"RE-1 — F2b sans stop, F3 SL-B extremum",26,réouverture,5,5.55961,1299,997,0.232487,14.9441,1.53084,11328.5,1.18656,0.427282,11.3626,0.304146,-0.43172,-0.409257,-4853.62,26,16313.5,4985,0.305575,536,461,7.68261,15.6413,11.662,-3.97934,0.367484,0.230502,0.298993,0.0684908,-2.20925,25.4392,-2.2306,25.5748,0.00198178,0.609155,-0.00753886,0.605302,0.959674,-0.13211,-0.128258,0.614939,0.173521,1.23951,10247,0.299159,0.128638,0.973721,0.24674,518,0.410394,12.9101,479,0.189246,9.68913,6,6,35,-0.513905,10,1.14717,,,,,,,,,,,,
expansive,RE-1,"RE-1 — F2b sans stop, F3 SL-B extremum",26,réouverture,10,5.55961,1299,997,0.232487,14.9441,0.537705,6343.52,1.09972,0.414243,6.36261,0.163442,-0.485582,-0.461128,-5533.62,26,16313.5,9970,0.61115,536,461,2.68261,10.6413,6.66195,-3.97934,0.226795,0.0897822,0.158289,0.0685065,-7.20925,20.4392,-7.2306,20.5748,-0.139044,0.474052,-0.152133,0.466344,0.442542,-0.166224,-0.161418,0.614939,0.173521,1.12959,10247,0.598318,0.0681255,0.409842,0.24674,518,0.271737,7.91008,479,0.0463299,4.68913,5,5,35,-0.664747,10,0.968497,,,,,,,,,,,,
expansive,RE-2,"RE-2 — F2b sans stop, F3 SL-A 2 ATR",26,cooldown,5,5.55961,1299,972,0.251732,14.5694,1.53608,11120.3,1.19036,0.426955,11.4407,0.334986,-0.367496,-0.342496,-3778.72,26,15980.3,4860,0.304124,523,449,11.0489,11.897,11.473,-0.424058,0.408481,0.249379,0.32893,0.0795509,-1.47125,24.6119,-1.38763,25.0677,0.0426146,0.629325,0.0373072,0.628381,1.02848,-0.134753,-0.131054,0.615658,0.173868,1.2594,10503.9,0.284855,0.135666,1.00677,0.252058,500,0.448683,10.1718,472,0.214545,12.7848,6,6,,,,,-0.00415344,-6.23633,6.30997,0.0143186,-0.134602,0.162581,,,,,,
expansive,RE-2,"RE-2 — F2b sans stop, F3 SL-A 2 ATR",26,cooldown,10,5.55961,1299,972,0.251732,14.5694,0.560293,6260.34,1.10224,0.41358,6.44068,0.194258,-0.430345,-0.401603,-4438.72,26,15980.3,9720,0.608247,523,449,6.04891,6.89702,6.47296,-0.424058,0.267624,0.1088,0.188212,0.0794122,-6.47125,19.6119,-6.38763,20.0677,-0.0999716,0.493398,-0.108239,0.490968,0.504211,-0.166166,-0.160667,0.615658,0.173868,1.14725,10503.9,0.56971,0.0761984,0.458568,0.252058,500,0.309842,5.17179,472,0.0718163,7.78485,5,5,,,,,-0.00415344,-6.23633,6.30997,0.0143186,-0.134602,0.162581,,,,,,
expansive,RE-2,"RE-2 — F2b sans stop, F3 SL-A 2 ATR",26,réouverture,5,5.55961,1299,1002,0.228637,15.0191,1.62416,11670.8,1.19307,0.42515,11.6475,0.297019,-0.407566,-0.384149,-4440.73,26,16680.8,5010,0.300345,540,462,8.1704,15.7117,11.941,-3.77064,0.359682,0.223778,0.29173,0.0679522,-1.93994,25.9018,-1.58465,26.2688,0.00249252,0.602409,-0.00672063,0.60252,0.958463,-0.130743,-0.127026,0.614866,0.172655,1.23899,10254.9,0.300393,0.128513,0.982944,0.253493,515,0.408463,12.7131,487,0.179168,10.5207,6,6,42,-0.276204,12,1.36606,,,,,,,,,,,,
expansive,RE-2,"RE-2 — F2b sans stop, F3 SL-A 2 ATR",26,réouverture,10,5.55961,1299,1002,0.228637,15.0191,0.590455,6660.82,1.10513,0.412176,6.64752,0.156095,-0.485185,-0.456485,-5271.11,26,16680.8,10020,0.60069,540,462,3.1704,10.7117,6.94104,-3.77064,0.218078,0.0836475,0.150863,0.0672154,-6.93994,20.9018,-6.58465,21.2688,-0.137962,0.465984,-0.148032,0.463279,0.439481,-0.165757,-0.158872,0.614866,0.172655,1.12869,10254.9,0.600785,0.0677175,0.408535,0.253493,515,0.269775,7.7131,487,0.0358794,5.52067,5,5,42,-0.436826,12,1.17202,,,,,,,,,,,,
expansive,C1,"C1 — F2b seul, sans stop",48,cooldown,5,5.55961,646,499,0.227554,7.47955,0.155258,3552.1,1.07439,0.480962,7.11843,0.235341,-0.546775,-0.533882,-7215.76,48,6047.1,2495,0.412595,243,256,17.1659,-2.41885,7.37354,9.79239,0.727931,-0.232233,0.247849,0.480082,-18.711,31.7528,-18.4578,31.9948,-0.326188,0.845407,-0.326986,0.869779,0.163907,-0.311134,-0.303814,0.613479,0.166333,1.08277,3593.48,0.425947,0.027677,0.0889553,0,499,0.235341,7.11843,0,,,3,3,,,,,,,,,,,,,,,,
expansive,C1,"C1 — F2b seul, sans stop",48,cooldown,10,5.55961,646,499,0.227554,7.47955,-0.0999213,1057.1,1.02154,0.462926,2.11843,0.095941,-0.561147,-0.554344,-7527.18,48,6047.1,4990,0.825189,243,256,12.1659,-7.41885,2.37354,9.79239,0.588931,-0.372014,0.108458,0.480473,-23.711,26.7528,-23.4578,26.9948,-0.457338,0.703421,-0.457822,0.732972,-0.00124404,-0.32984,-0.32127,0.613479,0.166333,1.02068,3593.48,0.851894,-0.000223878,-0.000678749,0,499,0.095941,2.11843,0,,,3,3,,,,,,,,,,,,,,,,
expansive,C1,"C1 — F2b seul, sans stop",48,réouverture,5,5.55961,646,499,0.227554,7.47955,0.155258,3552.1,1.07439,0.480962,7.11843,0.235341,-0.546775,-0.533882,-7215.76,48,6047.1,2495,0.412595,243,256,17.1659,-2.41885,7.37354,9.79239,0.727931,-0.232233,0.247849,0.480082,-18.711,31.7528,-18.4578,31.9948,-0.326188,0.845407,-0.326986,0.869779,0.163907,-0.311134,-0.303814,0.613479,0.166333,1.08277,3593.48,0.425947,0.027677,0.0889553,0,499,0.235341,7.11843,0,,,3,3,0,,0,,,,,,,,,,,,,
expansive,C1,"C1 — F2b seul, sans stop",48,réouverture,10,5.55961,646,499,0.227554,7.47955,-0.0999213,1057.1,1.02154,0.462926,2.11843,0.095941,-0.561147,-0.554344,-7527.18,48,6047.1,4990,0.825189,243,256,12.1659,-7.41885,2.37354,9.79239,0.588931,-0.372014,0.108458,0.480473,-23.711,26.7528,-23.4578,26.9948,-0.457338,0.703421,-0.457822,0.732972,-0.00124404,-0.32984,-0.32127,0.613479,0.166333,1.02068,3593.48,0.851894,-0.000223878,-0.000678749,0,499,0.095941,2.11843,0,,,3,3,0,,0,,,,,,,,,,,,,
expansive,C2,"C2 — R2 hors Q4 uniforme, sans stop",48,cooldown,5,5.55961,1299,790,0.39184,11.8414,-0.298527,-390.865,0.994957,0.475949,-0.494766,0.0525782,-0.598319,-0.579441,-7562.04,48,3559.13,3950,1.10982,426,364,-5.3166,5.14837,-0.0841152,-5.23249,0.150716,-0.0622752,0.0442203,0.106495,-19.23,19.2303,-18.9173,19.0743,-0.392404,0.500318,-0.384838,0.484551,-0.093069,-0.361893,-0.35462,0.60951,0.162025,0.997277,2295.92,1.04863,-0.0174177,-0.0481294,0,409,0.225884,5.04055,381,-0.133464,-6.43688,3,3,,,,,,,,,,,,,,,,
expansive,C2,"C2 — R2 hors Q4 uniforme, sans stop",48,cooldown,10,5.55961,1299,790,0.39184,11.8414,-0.527637,-4340.87,0.94548,0.460759,-5.49477,-0.086572,-0.660078,-0.644485,-8472.04,48,3559.13,7900,2.21964,426,364,-10.3166,0.148372,-5.08412,-5.23249,0.0105386,-0.200223,-0.0948424,0.105381,-24.23,14.2303,-23.9173,14.0743,-0.534419,0.356377,-0.528566,0.345144,-0.287199,-0.433575,-0.422405,0.60951,0.162025,0.940419,2295.92,2.09726,-0.0590782,-0.136258,0,409,0.087313,0.0405506,381,-0.273236,-11.4369,3,3,,,,,,,,,,,,,,,,
expansive,C2,"C2 — R2 hors Q4 uniforme, sans stop",48,réouverture,5,5.55961,1299,790,0.39184,11.8414,-0.298527,-390.865,0.994957,0.475949,-0.494766,0.0525782,-0.598319,-0.579441,-7562.04,48,3559.13,3950,1.10982,426,364,-5.3166,5.14837,-0.0841152,-5.23249,0.150716,-0.0622752,0.0442203,0.106495,-19.23,19.2303,-18.9173,19.0743,-0.392404,0.500318,-0.384838,0.484551,-0.093069,-0.361893,-0.35462,0.60951,0.162025,0.997277,2295.92,1.04863,-0.0174177,-0.0481294,0,409,0.225884,5.04055,381,-0.133464,-6.43688,3,3,0,,0,,,,,,,,,,,,,
expansive,C2,"C2 — R2 hors Q4 uniforme, sans stop",48,réouverture,10,5.55961,1299,790,0.39184,11.8414,-0.527637,-4340.87,0.94548,0.460759,-5.49477,-0.086572,-0.660078,-0.644485,-8472.04,48,3559.13,7900,2.21964,426,364,-10.3166,0.148372,-5.08412,-5.23249,0.0105386,-0.200223,-0.0948424,0.105381,-24.23,14.2303,-23.9173,14.0743,-0.534419,0.356377,-0.528566,0.345144,-0.287199,-0.433575,-0.422405,0.60951,0.162025,0.940419,2295.92,2.09726,-0.0590782,-0.136258,0,409,0.087313,0.0405506,381,-0.273236,-11.4369,3,3,0,,0,,,,,,,,,,,,,
expansive,RE-1,"RE-1 — F2b sans stop, F3 SL-B extremum",48,cooldown,5,5.55961,1299,790,0.39184,11.8414,-0.254458,-697.905,0.989496,0.387342,-0.883424,0.160688,-0.622813,-0.613698,-8238.76,48,3252.1,3950,1.2146,426,364,-0.897848,-0.866542,-0.882195,-0.0156532,0.330111,-0.0375922,0.14626,0.183852,-17.1534,16.0037,-17.1112,16.2108,-0.23538,0.583237,-0.24298,0.561322,0.103893,-0.305818,-0.300307,0.60951,0.162025,1.04683,3967.23,0.606864,0.0179377,0.0586549,0.317722,409,0.225884,5.04055,381,0.0907015,-7.24276,4,4,,,,,-0.388658,-9.58178,9.28643,0.10811,-0.113312,0.333246,,,,,,
expansive,RE-1,"RE-1 — F2b sans stop, F3 SL-B extremum",48,cooldown,10,5.55961,1299,790,0.39184,11.8414,-0.497923,-4647.9,0.932532,0.378481,-5.88342,0.0215383,-0.685498,-0.679616,-9819.16,48,3252.1,7900,2.4292,426,364,-5.89785,-5.86654,-5.8822,-0.0156532,0.189934,-0.17554,0.00719693,0.182737,-22.1534,11.0037,-22.1112,11.2108,-0.372605,0.443916,-0.376848,0.41789,-0.132293,-0.346697,-0.343127,0.60951,0.162025,0.97563,3967.23,1.21373,-0.0252007,-0.072688,0.317722,409,0.087313,0.0405506,381,-0.0490702,-12.2428,4,3,,,,,-0.388658,-9.58178,9.28643,0.10811,-0.113312,0.333246,,,,,,
expansive,RE-1,"RE-1 — F2b sans stop, F3 SL-B extremum",48,réouverture,5,5.55961,1299,854,0.342571,12.8007,-0.285177,-662.739,0.990907,0.38993,-0.776041,0.183115,-0.688779,-0.68176,-9713.24,48,3607.26,4270,1.18372,456,398,-4.62434,3.63307,-0.495637,-4.1287,0.335974,0.0079808,0.171977,0.163997,-18.6752,17.3672,-18.1052,17.669,-0.24153,0.637468,-0.236823,0.61796,0.175577,-0.386037,-0.380531,0.612147,0.169789,1.06348,4930.65,0.530126,0.0295229,0.0764769,0.312646,447,0.252673,4.74594,407,0.106722,-6.84072,4,4,85,0.689644,21,1.38967,,,,,,,,,,,,
expansive,RE-1,"RE-1 — F2b sans stop, F3 SL-B extremum",48,réouverture,10,5.55961,1299,854,0.342571,12.8007,-0.533795,-4932.74,0.93468,0.381733,-5.77604,0.0425218,-0.737484,-0.731029,-11388.2,48,3607.26,8540,2.36745,456,398,-9.62434,-1.36693,-5.49564,-4.1287,0.196751,-0.134183,0.031284,0.165467,-23.6752,12.3672,-23.1052,12.669,-0.382733,0.494868,-0.381886,0.473337,-0.0947748,-0.421189,-0.41616,0.612147,0.169789,0.992203,4930.65,1.06025,-0.0177504,-0.0421435,0.312646,447,0.114177,-0.254058,407,-0.0361752,-11.8407,4,3,85,0.539116,21,1.26317,,,,,,,,,,,,
expansive,RE-2,"RE-2 — F2b sans stop, F3 SL-A 2 ATR",48,cooldown,5,5.55961,1299,790,0.39184,11.8414,-0.227419,-389.708,0.994055,0.381013,-0.493301,0.153179,-0.607856,-0.588683,-7838.74,48,3560.29,3950,1.10946,426,364,-0.725821,-0.221177,-0.473499,-0.252322,0.324484,-0.0473052,0.13859,0.185895,-16.926,16.9623,-17.033,17.0652,-0.243869,0.564256,-0.243782,0.544461,0.0886706,-0.292032,-0.286695,0.60951,0.162025,1.0427,3823.77,0.629632,0.0153985,0.0527289,0.322785,409,0.225884,5.04055,381,0.0751302,-6.43384,4,4,,,,,0.00146476,-9.31261,10.2189,0.100601,-0.124735,0.335491,,,,,,
expansive,RE-2,"RE-2 — F2b sans stop, F3 SL-A 2 ATR",48,cooldown,10,5.55961,1299,790,0.39184,11.8414,-0.479703,-4339.71,0.936203,0.372152,-5.4933,0.0140286,-0.661124,-0.645699,-9288.74,48,3560.29,7900,2.21892,426,364,-5.72582,-5.22118,-5.4735,-0.252322,0.184307,-0.185253,-0.000473103,0.18478,-21.926,11.9623,-22.033,12.0652,-0.378243,0.42642,-0.381776,0.404115,-0.144269,-0.341775,-0.335507,0.60951,0.162025,0.971409,3823.77,1.25926,-0.0276345,-0.0808558,0.322785,409,0.087313,0.0405506,381,-0.0646415,-11.4338,4,3,,,,,0.00146476,-9.31261,10.2189,0.100601,-0.124735,0.335491,,,,,,
expansive,RE-2,"RE-2 — F2b sans stop, F3 SL-A 2 ATR",48,réouverture,5,5.55961,1299,858,0.339492,12.8606,-0.253947,-267.376,0.996297,0.38345,-0.311628,0.178158,-0.67654,-0.669246,-9370.39,48,4022.62,4290,1.06647,457,401,-3.90004,3.77791,-0.0610651,-3.83897,0.336411,-0.00219656,0.167107,0.169304,-17.905,17.9617,-17.624,18.2272,-0.239033,0.619204,-0.240538,0.594847,0.161307,-0.381779,-0.376236,0.612844,0.168998,1.06014,4820.7,0.545377,0.0272638,0.0714123,0.320513,445,0.243059,3.69649,413,0.108228,-4.63031,4,4,88,0.595893,20,1.02953,,,,,,,,,,,,
expansive,RE-2,"RE-2 — F2b sans stop, F3 SL-A 2 ATR",48,réouverture,10,5.55961,1299,858,0.339492,12.8606,-0.514388,-4557.38,0.939136,0.374126,-5.31163,0.0375082,-0.727428,-0.720726,-11031.8,48,4022.62,8580,2.13294,457,401,-8.90004,-1.22209,-5.06107,-3.83897,0.197114,-0.144387,0.0263637,0.170751,-22.905,12.9617,-22.624,13.2272,-0.378158,0.47606,-0.382184,0.45272,-0.107135,-0.417505,-0.412443,0.612844,0.168998,0.98851,4820.7,1.09075,-0.0201763,-0.048326,0.320513,445,0.104281,-1.30351,413,-0.0344379,-9.63031,3,3,88,0.445678,20,0.906008,,,,,,,,,,,,
