,atr,indice,atr_court,atr_long,atr_mediane_an,indice_moyenne,V,T
2021-10-01 00:00:00+02:00,92.9918,5.55447,110.35,124.456,113.615,5.90674,False,False
2021-10-02 00:00:00+02:00,114.209,5.6495,107.361,123.573,114.209,5.90789,False,False
2021-10-03 00:00:00+02:00,105.865,5.68164,105.687,123.577,114.209,5.90796,False,False
2021-10-04 00:00:00+02:00,107.979,5.66073,105.199,123.422,114.209,5.90688,False,False
2021-10-05 00:00:00+02:00,108.319,5.65321,105.242,123.879,114.209,5.90461,False,False
2021-10-06 00:00:00+02:00,97.7204,5.6775,103.677,124.602,114.209,5.9024,False,False
2021-10-07 00:00:00+02:00,108.075,5.66504,105.023,125.386,114.209,5.90072,False,False
2021-10-08 00:00:00+02:00,114.803,5.67081,108.139,122.431,114.803,5.89866,False,False
2021-10-09 00:00:00+02:00,97.1042,5.66424,105.695,117.305,114.803,5.89537,False,False
2021-10-10 00:00:00+02:00,80.7011,5.68605,102.1,114.278,114.803,5.89148,False,False
2021-10-11 00:00:00+02:00,81.5853,5.65299,98.3296,111.827,114.803,5.88753,False,False
2021-10-12 00:00:00+02:00,98.7555,5.64107,96.9634,110.775,114.803,5.88375,False,False
2021-10-13 00:00:00+02:00,112.325,5.63584,99.0498,111.606,114.803,5.87921,False,False
2021-10-14 00:00:00+02:00,103.461,5.64604,98.3907,110.451,114.803,5.87577,False,False
2021-10-15 00:00:00+02:00,84.6784,5.6744,94.0872,109.438,114.803,5.87277,False,False
2021-10-16 00:00:00+02:00,96.2342,5.69921,93.9629,109.08,114.803,5.87053,False,False
2021-10-17 00:00:00+02:00,86.4687,5.7004,94.7869,108.906,114.803,5.86697,False,False
2021-10-18 00:00:00+02:00,75.7025,5.68196,93.9465,108.01,114.803,5.86268,False,False
2021-10-19 00:00:00+02:00,91.0304,5.68203,92.8429,108.048,114.803,5.85849,False,False
2021-10-20 00:00:00+02:00,73.7208,5.6925,87.328,107.844,114.803,5.85348,False,False
2021-10-21 00:00:00+02:00,68.0838,5.75639,82.2741,105.108,114.803,5.84996,False,False
2021-10-22 00:00:00+02:00,132.681,5.76103,89.1317,103.604,114.809,5.84545,False,False
2021-10-23 00:00:00+02:00,124.834,5.76117,93.2173,102.065,114.852,5.83982,False,False
2021-10-24 00:00:00+02:00,100.587,5.77667,95.2342,101.246,114.852,5.83354,False,False
2021-10-25 00:00:00+02:00,80.3769,5.77497,95.902,99.4206,114.852,5.82767,False,False
2021-10-26 00:00:00+02:00,80.4726,5.80722,94.3938,98.1835,114.852,5.82211,False,False
2021-10-27 00:00:00+02:00,82.3153,5.80549,95.6215,97.2142,114.852,5.81528,False,False
2021-10-28 00:00:00+02:00,141.785,5.73561,106.15,98.3397,115.078,5.80955,True,False
2021-10-29 00:00:00+02:00,121.817,5.77019,104.598,98.7778,115.531,5.80379,True,False
2021-10-30 00:00:00+02:00,96.3613,5.79851,100.531,98.7014,115.531,5.79838,True,True
2021-10-31 00:00:00+02:00,71.0672,5.76974,96.3136,97.9706,115.531,5.79392,False,False
2021-11-01 00:00:00+01:00,87.7341,5.79356,97.3646,97.0881,115.531,5.78922,True,True
2021-11-02 00:00:00+01:00,95.1521,5.7924,99.4617,96.731,115.531,5.78466,True,True
2021-11-03 00:00:00+01:00,78.7382,5.83569,98.9507,95.7563,115.531,5.78123,True,True
2021-11-04 00:00:00+01:00,118.709,5.89819,95.6542,96.1026,115.532,5.77949,False,True
2021-11-05 00:00:00+01:00,126.475,5.89944,96.3196,97.0612,117.218,5.77677,False,True
2021-11-06 00:00:00+01:00,91.967,5.87046,95.6919,96.5242,117.218,5.77393,False,True
2021-11-07 00:00:00+01:00,80.6863,5.89541,97.066,95.387,117.218,5.7722,True,True
2021-11-08 00:00:00+01:00,78.1715,5.93234,95.6999,94.7559,117.218,5.77055,True,True
2021-11-09 00:00:00+01:00,107.042,5.96861,97.3985,95.634,117.218,5.76997,True,True
2021-11-10 00:00:00+01:00,89.3766,5.9622,98.9183,95.8937,117.218,5.77148,True,True
2021-11-11 00:00:00+01:00,108.882,5.92359,97.5145,96.2312,117.218,5.77336,True,True
2021-11-12 00:00:00+01:00,128.475,5.94386,97.8001,96.7696,117.333,5.77388,True,True
2021-11-13 00:00:00+01:00,101.002,5.91168,99.0908,96.6876,117.333,5.77333,True,True
2021-11-14 00:00:00+01:00,78.5683,5.9485,98.7882,96.4839,117.333,5.77446,True,True
2021-11-15 00:00:00+01:00,74.5153,5.93984,98.2659,95.76,117.333,5.77581,True,True
2021-11-16 00:00:00+01:00,81.5775,5.93932,94.6281,95.5969,117.333,5.77668,False,True
2021-11-17 00:00:00+01:00,135.285,5.89992,101.186,97.583,117.586,5.77688,True,True
2021-11-18 00:00:00+01:00,140.104,5.90079,105.647,99.2188,117.662,5.77779,True,True
2021-11-19 00:00:00+01:00,137.248,5.8221,106.9,101.336,118.161,5.77729,True,True
2021-11-20 00:00:00+01:00,138.015,5.89442,112.188,103.667,118.588,5.78409,True,True
2021-11-21 00:00:00+01:00,96.2166,5.94344,114.709,102.452,118.588,5.78997,True,True
2021-11-22 00:00:00+01:00,98.291,5.94945,118.105,101.567,118.161,5.79532,True,True
2021-11-23 00:00:00+01:00,134.325,5.92677,125.641,102.692,118.161,5.80064,True,True
2021-11-24 00:00:00+01:00,119.085,5.92459,123.327,103.982,118.161,5.80607,True,True
2021-11-25 00:00:00+01:00,99.5232,5.88244,117.529,104.617,117.662,5.81017,True,True
2021-11-26 00:00:00+01:00,101.58,5.91642,112.434,105.259,117.586,5.8152,True,True
2021-11-27 00:00:00+01:00,129.449,5.81552,111.21,104.848,117.586,5.81809,True,False
2021-11-28 00:00:00+01:00,103.66,5.83639,112.273,104.243,117.333,5.82154,True,True
2021-11-29 00:00:00+01:00,106.653,5.8388,113.468,104.586,117.218,5.82459,True,True
2021-11-30 00:00:00+01:00,100.043,5.89116,108.571,105.552,115.532,5.82935,True,True
2021-12-01 00:00:00+01:00,113.115,5.90998,107.718,106.398,115.531,5.83473,True,True
2021-12-02 00:00:00+01:00,110.584,5.91417,109.298,106.912,115.078,5.8403,True,True
2021-12-03 00:00:00+01:00,112.53,5.90566,110.862,108.039,114.852,5.84549,True,True
2021-12-04 00:00:00+01:00,106.806,5.83165,107.627,107.642,114.852,5.84864,False,False
2021-12-05 00:00:00+01:00,251.735,5.76088,128.781,111.817,115.078,5.84987,True,False
2021-12-06 00:00:00+01:00,158.561,5.72335,136.196,114.037,115.531,5.85033,True,False
2021-12-07 00:00:00+01:00,163.609,5.76811,145.277,116.801,115.532,5.85205,False,False
2021-12-08 00:00:00+01:00,117.275,5.73968,145.872,118.104,117.218,5.85321,False,False
2021-12-09 00:00:00+01:00,112.415,5.76622,146.133,118.284,117.218,5.85468,False,False
2021-12-10 00:00:00+01:00,115.813,5.73046,146.602,119.165,115.813,5.85416,False,False
2021-12-11 00:00:00+01:00,133.545,5.68442,150.422,119.987,117.218,5.85263,False,False
2021-12-12 00:00:00+01:00,116.59,5.70066,131.115,119.591,117.218,5.85142,False,False
2021-12-13 00:00:00+01:00,77.4108,5.72506,119.523,118.804,117.218,5.85039,False,False
2021-12-14 00:00:00+01:00,106.535,5.64048,111.369,119.737,117.218,5.8477,False,False
2021-12-15 00:00:00+01:00,128.173,5.67092,112.926,121.525,117.275,5.84497,False,False
2021-12-16 00:00:00+01:00,118.317,5.73488,113.769,122.75,117.333,5.84356,False,False
2021-12-17 00:00:00+01:00,116.47,5.73625,113.863,122.123,117.333,5.84357,False,False
2021-12-18 00:00:00+01:00,120.566,5.74143,112.009,121.471,117.333,5.843,False,False
2021-12-19 00:00:00+01:00,113.396,5.7609,111.552,120.676,117.275,5.84224,False,False
2021-12-20 00:00:00+01:00,81.3863,5.75819,112.12,118.789,117.275,5.84201,False,False
2021-12-21 00:00:00+01:00,110.964,5.75138,112.753,119.28,117.275,5.84117,False,False
2021-12-22 00:00:00+01:00,101.377,5.81546,108.925,119.383,117.218,5.84163,False,False
2021-12-23 00:00:00+01:00,87.5294,5.80942,104.527,117.823,116.59,5.84111,False,False
2021-12-24 00:00:00+01:00,95.2498,5.84059,101.495,117.029,116.47,5.83995,False,True
2021-12-25 00:00:00+01:00,86.2482,5.8099,96.5928,116.586,115.813,5.83816,False,False
2021-12-26 00:00:00+01:00,77.405,5.81418,91.4513,115.78,115.532,5.83704,False,False
2021-12-27 00:00:00+01:00,67.1227,5.82452,89.4136,113.703,115.531,5.83562,False,False
2021-12-28 00:00:00+01:00,62.0237,5.82359,82.4222,112.315,115.078,5.83344,False,False
2021-12-29 00:00:00+01:00,102.259,5.75018,82.5482,112.168,114.852,5.82908,False,False
2021-12-30 00:00:00+01:00,99.5793,5.72443,84.2696,112.153,114.809,5.82432,False,False
2021-12-31 00:00:00+01:00,91.9396,5.71204,83.7967,111.447,114.803,5.82009,False,False
2022-01-01 00:00:00+01:00,81.1,5.72288,83.0613,110.464,114.209,5.81567,False,False
2022-01-02 00:00:00+01:00,74.4293,5.74886,82.6362,109.194,113.615,5.81241,False,False
2022-01-03 00:00:00+01:00,58.3314,5.75369,81.3803,107.578,113.595,5.80852,False,False
2022-01-04 00:00:00+01:00,60.7592,5.72216,81.1996,101.213,113.396,5.80416,False,False
2022-01-05 00:00:00+01:00,71.4284,5.71618,76.7953,98.3082,113.32,5.7997,False,False
2022-01-06 00:00:00+01:00,71.9308,5.63193,72.8455,95.2522,113.115,5.79434,False,False
2022-01-07 00:00:00+01:00,129.143,5.63092,78.1604,95.6478,113.115,5.78894,False,False
2022-01-08 00:00:00+01:00,130.572,5.5613,85.2278,96.2531,113.115,5.78373,False,False
2022-01-09 00:00:00+01:00,102.831,5.56402,89.2852,95.8204,112.621,5.77712,False,False
2022-01-10 00:00:00+01:00,100.663,5.57704,95.3325,94.7243,112.53,5.76979,True,False
2022-01-11 00:00:00+01:00,107.808,5.53801,102.054,94.4315,112.415,5.76156,True,False
2022-01-12 00:00:00+01:00,96.3606,5.5827,105.615,95.0632,112.325,5.75468,True,False
2022-01-13 00:00:00+01:00,79.1886,5.63199,106.652,94.1516,112.205,5.74883,True,False
2022-01-14 00:00:00+01:00,77.5148,5.59411,99.2768,92.463,112.122,5.74306,True,False
2022-01-15 00:00:00+01:00,85.2908,5.60544,92.808,91.3622,111.393,5.73684,True,False
2022-01-16 00:00:00+01:00,58.8496,5.61676,86.525,89.4415,110.964,5.73287,False,False
2022-01-17 00:00:00+01:00,56.6715,5.61357,80.2405,87.3117,110.903,5.72841,False,False
2022-01-18 00:00:00+01:00,62.6366,5.56778,73.7875,85.6197,110.584,5.72299,False,False
2022-01-19 00:00:00+01:00,71.973,5.57041,70.3036,85.3059,110.528,5.71658,False,False
2022-01-20 00:00:00+01:00,74.77,5.54919,69.6723,84.0995,110.435,5.70936,False,False
2022-01-21 00:00:00+01:00,63.8611,5.52456,67.7218,82.849,110.235,5.70157,False,False
2022-01-22 00:00:00+01:00,149.042,5.35414,76.8291,84.8994,110.235,5.69054,False,False
2022-01-23 00:00:00+01:00,247.534,5.26388,103.784,89.9755,110.235,5.67918,True,False
2022-01-24 00:00:00+01:00,165.054,5.29555,119.267,92.6024,110.235,5.66988,True,False
2022-01-25 00:00:00+01:00,191.41,5.29224,137.663,96.4025,110.435,5.66125,True,False
2022-01-26 00:00:00+01:00,152.091,5.31637,149.109,99.2348,110.435,5.65222,True,False
2022-01-27 00:00:00+01:00,135.65,5.30448,157.806,101.689,110.435,5.64351,True,False
2022-01-28 00:00:00+01:00,148.202,5.28377,169.855,103.22,110.435,5.63387,True,False
2022-01-29 00:00:00+01:00,130.837,5.31388,167.254,104.262,110.435,5.62553,True,False
2022-01-30 00:00:00+01:00,94.9328,5.35269,145.454,104.362,110.235,5.6189,True,False
2022-01-31 00:00:00+01:00,78.7008,5.32764,133.118,104.282,109.838,5.61144,True,False
2022-02-01 00:00:00+01:00,90.9555,5.36151,118.767,104.833,109.815,5.60417,True,False
2022-02-02 00:00:00+01:00,97.8187,5.40349,111.014,106.149,109.788,5.59943,True,False
2022-02-03 00:00:00+01:00,95.5804,5.35173,105.29,107.31,108.882,5.59304,False,False
2022-02-04 00:00:00+01:00,113.409,5.34663,100.319,108.709,108.882,5.58528,False,False
2022-02-05 00:00:00+01:00,101.018,5.43824,96.0593,109.679,108.73,5.57932,False,False
2022-02-06 00:00:00+01:00,97.305,5.46827,96.3982,108.618,108.675,5.57386,False,False
2022-02-07 00:00:00+01:00,71.535,5.4594,95.3745,106.65,108.533,5.56783,False,False
2022-02-08 00:00:00+01:00,97.6674,5.55207,96.3333,106.478,108.319,5.5637,False,False
2022-02-09 00:00:00+01:00,135.472,5.55506,101.712,107.638,108.319,5.55978,False,False
2022-02-10 00:00:00+01:00,117.554,5.58646,104.851,107.963,108.319,5.5552,False,True
2022-02-11 00:00:00+01:00,105.891,5.55435,103.778,108.281,108.259,5.5501,False,True
2022-02-12 00:00:00+01:00,120.561,5.45716,106.569,109.66,108.259,5.54243,False,False
2022-02-13 00:00:00+01:00,115.253,5.48192,109.133,110.918,108.259,5.53587,False,False
2022-02-14 00:00:00+01:00,87.037,5.46619,111.348,110.976,108.113,5.52891,False,False
2022-02-15 00:00:00+01:00,90.9771,5.48102,110.392,112.047,108.075,5.52204,False,False
2022-02-16 00:00:00+01:00,82.5351,5.53896,102.83,112.909,108.021,5.51634,False,True
2022-02-17 00:00:00+01:00,84.3275,5.55331,98.0832,113.632,107.979,5.51241,False,True
2022-02-18 00:00:00+01:00,101.851,5.47414,97.5061,114.628,107.808,5.5074,False,False
2022-02-19 00:00:00+01:00,105.355,5.44051,95.3338,115.647,107.808,5.50197,False,False
2022-02-20 00:00:00+01:00,87.4756,5.4511,91.3656,116.434,107.808,5.49654,False,False
2022-02-21 00:00:00+01:00,96.5949,5.42326,92.731,114.686,107.042,5.49002,False,False
2022-02-22 00:00:00+01:00,124.147,5.36202,97.4696,110.573,107.042,5.48219,False,False
2022-02-23 00:00:00+01:00,152.141,5.35935,107.413,110.143,107.042,5.47493,False,False
2022-02-24 00:00:00+01:00,107.882,5.37026,110.778,107.359,107.042,5.46802,False,False
2022-02-25 00:00:00+01:00,190.238,5.35657,123.405,108.63,107.042,5.46251,False,False
2022-02-26 00:00:00+01:00,155.141,5.43541,130.517,109.28,107.042,5.4586,False,False
2022-02-27 00:00:00+01:00,118.817,5.42773,134.994,108.3,107.042,5.45593,False,False
2022-02-28 00:00:00+01:00,111.178,5.37153,137.078,107.645,107.042,5.45208,False,False
2022-03-01 00:00:00+01:00,130.467,5.47899,137.981,108.83,107.042,5.45012,False,True
2022-03-02 00:00:00+01:00,127.799,5.49922,134.503,110.466,107.042,5.44934,False,True
2022-03-03 00:00:00+01:00,119.908,5.49405,136.221,111.431,107.042,5.44757,False,True
2022-03-04 00:00:00+01:00,98.5017,5.45125,123.116,111.454,107.039,5.44395,False,True
2022-03-05 00:00:00+01:00,108.277,5.38287,116.421,111.877,107.039,5.43973,False,False
2022-03-06 00:00:00+01:00,89.7469,5.40808,112.268,111.088,106.966,5.43578,False,False
2022-03-07 00:00:00+01:00,73.3862,5.37914,106.869,110.167,106.966,5.43103,False,False
2022-03-08 00:00:00+01:00,99.6625,5.34763,102.469,110.246,106.966,5.42571,False,False
2022-03-09 00:00:00+01:00,106.599,5.35386,99.4401,111.415,106.966,5.42143,False,False
2022-03-10 00:00:00+01:00,94.9321,5.41923,95.8721,111.324,106.966,5.41841,False,True
2022-03-11 00:00:00+01:00,96.3753,5.37629,95.5683,110.02,106.966,5.41495,False,False
2022-03-12 00:00:00+01:00,93.807,5.37488,93.5012,109.229,106.966,5.41196,False,False
2022-03-13 00:00:00+01:00,77.5864,5.37482,91.764,108.285,106.966,5.41237,False,False
2022-03-14 00:00:00+01:00,55.7601,5.33304,89.246,106.125,106.966,5.41375,False,False
2022-03-15 00:00:00+01:00,79.4876,5.35589,86.3639,104.933,106.966,5.41496,False,False
2022-03-16 00:00:00+01:00,78.046,5.37274,82.2849,104.633,106.966,5.41657,False,False
2022-03-17 00:00:00+01:00,98.0925,5.40786,82.7364,104.871,106.959,5.4184,False,False
2022-03-18 00:00:00+01:00,87.1722,5.44004,81.4217,105.025,106.959,5.42111,False,True
2022-03-19 00:00:00+01:00,76.1547,5.46721,78.8999,104.753,106.959,5.42478,False,True
2022-03-20 00:00:00+01:00,70.6057,5.49069,77.9027,103.711,106.959,5.42832,False,True
2022-03-21 00:00:00+01:00,69.6825,5.46793,79.8916,102.522,106.959,5.43062,False,True
2022-03-22 00:00:00+01:00,78.8433,5.4742,79.7996,102.234,106.959,5.43355,False,True
2022-03-23 00:00:00+01:00,81.7496,5.49114,80.3286,101.74,106.806,5.43614,False,True
2022-03-24 00:00:00+01:00,72.7965,5.4967,76.7149,100.028,106.666,5.43801,False,True
2022-03-25 00:00:00+01:00,77.1579,5.53231,75.2843,97.5284,106.653,5.44162,False,True
2022-03-26 00:00:00+01:00,72.1009,5.51014,74.7052,96.3357,106.599,5.44489,False,True
2022-03-27 00:00:00+01:00,57.1081,5.52754,72.777,91.898,106.535,5.44668,False,True
2022-03-28 00:00:00+02:00,47.3917,5.564,69.5926,88.3064,106.535,5.44859,False,True
2022-03-29 00:00:00+02:00,78.4095,5.60229,69.5306,86.9595,106.535,5.45145,False,True
2022-03-30 00:00:00+02:00,94.0757,5.59178,71.2915,86.3894,106.535,5.45224,False,True
2022-03-31 00:00:00+02:00,90.2203,5.61733,73.7806,85.0478,106.535,5.45349,False,True
2022-04-01 00:00:00+02:00,97.5805,5.60386,76.6981,84.0406,106.535,5.45384,False,True
2022-04-02 00:00:00+02:00,103.704,5.64316,81.2128,83.5004,106.535,5.45561,False,True
2022-04-03 00:00:00+02:00,86.689,5.64278,85.4386,83.1067,106.535,5.45932,True,True
2022-04-04 00:00:00+02:00,78.3602,5.65375,89.8627,82.1094,106.535,5.46276,True,True
2022-04-05 00:00:00+02:00,77.4515,5.63001,89.7259,81.6996,106.535,5.46604,True,True
2022-04-06 00:00:00+02:00,73.8582,5.61626,86.8376,81.7153,106.112,5.46874,True,True
2022-04-07 00:00:00+02:00,103.705,5.54505,88.764,81.8501,105.891,5.46886,True,True
2022-04-08 00:00:00+02:00,107.615,5.54881,90.1975,81.884,105.891,5.46877,True,True
2022-04-09 00:00:00+02:00,87.272,5.52447,87.8501,81.6286,105.865,5.46978,True,True
2022-04-10 00:00:00+02:00,75.1394,5.51973,86.2002,80.9208,105.865,5.47136,True,True
2022-04-11 00:00:00+02:00,49.0797,5.52667,82.0173,79.4299,105.832,5.47288,True,True
2022-04-12 00:00:00+02:00,90.385,5.41611,83.8649,79.8565,105.749,5.47273,True,False
2022-04-13 00:00:00+02:00,98.2156,5.44256,87.3445,81.2717,105.616,5.47434,True,False
2022-04-14 00:00:00+02:00,84.7991,5.47455,84.6437,81.4487,105.355,5.47665,True,False
2022-04-15 00:00:00+02:00,73.4462,5.44911,79.7624,81.2954,105.136,5.47823,False,False
2022-04-16 00:00:00+02:00,72.9336,5.46803,77.7141,80.4567,105.133,5.48045,False,False
2022-04-17 00:00:00+02:00,48.4474,5.47268,73.9009,79.1659,105.028,5.4812,False,False
2022-04-18 00:00:00+02:00,42.749,5.46972,72.9966,78.0524,104.891,5.48204,False,False
2022-04-19 00:00:00+02:00,76.7237,5.46694,71.045,78.2563,104.252,5.48395,False,False
2022-04-20 00:00:00+02:00,66.7146,5.4919,66.5448,78.1574,103.705,5.48421,False,True
2022-04-21 00:00:00+02:00,64.1132,5.48498,63.5897,77.6664,103.704,5.48392,False,True
2022-04-22 00:00:00+02:00,66.152,5.45235,62.5476,77.1465,103.66,5.48309,False,False
2022-04-23 00:00:00+02:00,77.6455,5.43504,63.2208,77.3081,103.461,5.48276,False,False
2022-04-24 00:00:00+02:00,54.8835,5.43578,64.1402,76.5656,102.831,5.48382,False,False
2022-04-25 00:00:00+02:00,44.6648,5.4219,64.4139,75.6511,102.558,5.4841,False,False
2022-04-26 00:00:00+02:00,78.0085,5.42549,64.5974,76.3478,102.259,5.48502,False,False
2022-04-27 00:00:00+02:00,74.3867,5.37942,65.6935,77.2476,101.909,5.48566,False,False
2022-04-28 00:00:00+02:00,86.4458,5.38954,68.8838,77.5155,101.851,5.48637,False,False
2022-04-29 00:00:00+02:00,72.1718,5.3862,69.7438,76.7854,101.682,5.48571,False,False
2022-04-30 00:00:00+02:00,72.8576,5.33855,69.0598,76.2066,101.58,5.48496,False,False
2022-05-01 00:00:00+02:00,64.2966,5.31162,70.4045,75.0971,101.377,5.48369,False,False
2022-05-02 00:00:00+02:00,96.3832,5.30934,77.7929,74.8531,101.377,5.48238,True,False
2022-05-03 00:00:00+02:00,95.1384,5.32523,80.24,75.1348,101.377,5.48223,True,False
2022-05-04 00:00:00+02:00,76.8184,5.301,80.5874,75.0834,101.377,5.48113,True,False
2022-05-05 00:00:00+02:00,74.9313,5.37083,78.9425,74.9994,101.27,5.48109,True,False
2022-05-06 00:00:00+02:00,90.9162,5.28395,81.6203,75.568,101.018,5.47861,True,False
2022-05-07 00:00:00+02:00,109.315,5.26364,86.8285,75.755,101.018,5.47509,True,False
2022-05-08 00:00:00+02:00,70.5179,5.23022,87.7172,74.5184,101.002,5.47035,True,False
2022-05-09 00:00:00+02:00,95.4493,5.20776,87.5838,74.791,101.002,5.46469,True,False
2022-05-10 00:00:00+02:00,138.367,5.07138,93.7593,76.8986,101.002,5.45676,True,False
2022-05-11 00:00:00+02:00,221.782,5.04874,114.468,82.6553,101.002,5.44825,True,False
2022-05-12 00:00:00+02:00,326.482,4.85665,150.404,90.5252,101.002,5.43556,True,False
2022-05-13 00:00:00+02:00,465.921,4.78842,203.976,102.782,101.002,5.42139,False,False
2022-05-14 00:00:00+02:00,268.839,4.91399,226.765,108.917,101.002,5.40903,False,False
2022-05-15 00:00:00+02:00,178.73,4.89401,242.224,112.426,101.002,5.3967,False,False
2022-05-16 00:00:00+02:00,139.817,4.96678,248.563,114.656,101.002,5.38549,False,False
2022-05-17 00:00:00+02:00,151.435,4.92325,250.429,118.089,101.002,5.37267,False,False
2022-05-18 00:00:00+02:00,128.881,4.94034,237.158,120.96,101.002,5.35943,False,False
2022-05-19 00:00:00+02:00,120.358,4.86606,207.712,122.414,101.002,5.34492,False,False
2022-05-20 00:00:00+02:00,141.58,4.87713,161.377,124.91,101.002,5.33011,False,False
2022-05-21 00:00:00+02:00,130.009,4.84837,141.544,127.106,101.002,5.31501,False,False
2022-05-22 00:00:00+02:00,97.4165,4.85169,129.928,128.148,100.921,5.29918,False,False
2022-05-23 00:00:00+02:00,74.2719,4.88437,120.565,128.036,100.902,5.28401,False,False
2022-05-24 00:00:00+02:00,93.5319,4.86353,112.293,129.324,100.663,5.2682,False,False
2022-05-25 00:00:00+02:00,104.407,4.8531,108.796,131.316,100.663,5.25266,False,False
2022-05-26 00:00:00+02:00,95.6807,4.83899,105.271,131.905,100.587,5.23712,False,False
2022-05-27 00:00:00+02:00,122.209,4.77381,102.504,133.499,100.587,5.22169,False,False
2022-05-28 00:00:00+02:00,160.042,4.72266,106.794,135.952,100.587,5.20517,False,False
2022-05-29 00:00:00+02:00,118.869,4.76062,109.859,137.508,100.587,5.18989,False,False
2022-05-30 00:00:00+02:00,88.2904,4.77659,111.861,138.023,100.353,5.17503,False,False
2022-05-31 00:00:00+02:00,98.0376,4.85348,112.505,139.148,100.043,5.16157,False,False
2022-06-01 00:00:00+02:00,118.106,4.83149,114.462,139.872,100.043,5.14988,False,False
2022-06-02 00:00:00+02:00,105.911,4.74453,115.924,140.231,100.043,5.13591,False,False
2022-06-03 00:00:00+02:00,113.701,4.76544,114.708,141.46,100.043,5.12173,False,False
2022-06-04 00:00:00+02:00,92.3251,4.73152,105.034,142.04,100.043,5.10738,False,False
2022-06-05 00:00:00+02:00,75.3136,4.73846,98.8121,141.52,99.6625,5.09279,False,False
2022-06-06 00:00:00+02:00,69.6401,4.75424,96.1478,140.197,99.5793,5.07842,False,False
2022-06-07 00:00:00+02:00,93.3065,4.80232,95.4719,140.957,99.5793,5.06507,False,False
2022-06-08 00:00:00+02:00,111.494,4.77999,94.5273,141.492,99.6625,5.05133,False,False
2022-06-09 00:00:00+02:00,116.732,4.75534,96.0731,140.771,99.6625,5.0366,False,False
2022-06-10 00:00:00+02:00,82.9479,4.75426,91.6798,136.143,99.5793,5.02199,False,False
2022-06-11 00:00:00+02:00,91.3376,4.69946,91.5387,128.305,99.5232,5.00693,False,False
2022-06-12 00:00:00+02:00,102.059,4.62735,95.3594,116.176,99.5232,4.99078,False,False
2022-06-13 00:00:00+02:00,146.466,4.56845,106.335,112.097,99.5232,4.97343,False,False
2022-06-14 00:00:00+02:00,250.766,4.42214,128.829,114.498,99.5793,4.95343,False,False
2022-06-15 00:00:00+02:00,269.5,4.39277,151.401,118.821,99.6625,4.93278,False,False
2022-06-16 00:00:00+02:00,235.508,4.47798,168.369,121.623,100.043,4.91475,False,False
2022-06-17 00:00:00+02:00,219.315,4.39984,187.85,124.638,100.353,4.89496,False,False
2022-06-18 00:00:00+02:00,168.741,4.40019,198.908,126.25,100.587,4.87524,False,False
2022-06-19 00:00:00+02:00,139.667,4.30731,204.281,126.187,100.587,4.85461,False,False
2022-06-20 00:00:00+02:00,202.008,4.42994,212.215,128.587,100.587,4.83698,False,False
2022-06-21 00:00:00+02:00,180.31,4.42955,202.15,131.35,100.587,4.81938,False,False
2022-06-22 00:00:00+02:00,150.761,4.45855,185.187,133.899,100.587,4.80205,False,False
2022-06-23 00:00:00+02:00,143.472,4.41585,172.039,135.564,100.587,4.78435,False,False
2022-06-24 00:00:00+02:00,125.59,4.47176,158.65,136.27,100.587,4.76636,False,False
2022-06-25 00:00:00+02:00,134.177,4.56853,153.712,137.553,100.587,4.75206,False,False
2022-06-26 00:00:00+02:00,117.13,4.58208,150.493,137.384,100.587,4.73842,False,False
2022-06-27 00:00:00+02:00,98.3941,4.56466,135.691,135.329,100.353,4.72511,False,False
2022-06-28 00:00:00+02:00,104.279,4.52049,124.829,134.843,100.353,4.71137,False,False
2022-06-29 00:00:00+02:00,107.502,4.48642,118.649,135.483,100.353,4.69967,False,False
2022-06-30 00:00:00+02:00,118.52,4.44743,115.085,136.166,100.353,4.68764,False,False
2022-07-01 00:00:00+02:00,125.217,4.37491,115.031,136.403,100.353,4.67801,False,False
2022-07-02 00:00:00+02:00,151.027,4.39494,117.439,137.907,100.353,4.67014,False,False
2022-07-03 00:00:00+02:00,98.3463,4.40533,114.755,137.395,100.043,4.65997,False,False
2022-07-04 00:00:00+02:00,73.3121,4.40297,111.172,136.761,100.043,4.65014,False,False
2022-07-05 00:00:00+02:00,84.6868,4.45362,108.373,137.074,100.043,4.63988,False,False
2022-07-06 00:00:00+02:00,104.728,4.4679,107.977,138.243,100.353,4.63077,False,False
2022-07-07 00:00:00+02:00,115.799,4.47888,107.588,138.993,100.587,4.62155,False,False
2022-07-08 00:00:00+02:00,92.061,4.53973,102.852,138.345,100.587,4.61502,False,False
2022-07-09 00:00:00+02:00,110.647,4.53176,97.0829,138.143,100.587,4.60811,False,False
2022-07-10 00:00:00+02:00,86.6203,4.5356,95.4078,138.265,100.587,4.60186,False,False
2022-07-11 00:00:00+02:00,67.1268,4.49621,94.5242,137.458,100.587,4.59475,False,False
2022-07-12 00:00:00+02:00,82.409,4.44374,94.1988,136.803,100.587,4.58593,False,False
2022-07-13 00:00:00+02:00,86.6805,4.39495,91.6205,134.81,100.587,4.57656,False,False
2022-07-14 00:00:00+02:00,101.449,4.43652,89.5705,129.833,100.663,4.56823,False,False
2022-07-15 00:00:00+02:00,105.46,4.49012,91.4846,124.365,100.663,4.56125,False,False
2022-07-16 00:00:00+02:00,106.896,4.52467,90.9488,120.078,100.902,4.55627,False,False
2022-07-17 00:00:00+02:00,94.6016,4.56776,92.089,115.921,100.902,4.55317,False,True
2022-07-18 00:00:00+02:00,104.631,4.56888,97.4468,113.784,101.002,4.54934,False,True
2022-07-19 00:00:00+02:00,120.236,4.61539,102.851,113.136,101.018,4.54611,False,True
2022-07-20 00:00:00+02:00,151.154,4.70226,112.061,111.441,101.377,4.54309,False,True
2022-07-21 00:00:00+02:00,132.806,4.67457,116.541,109.857,101.449,4.53995,False,True
2022-07-22 00:00:00+02:00,131.522,4.68248,120.264,109.216,101.58,4.53871,False,True
2022-07-23 00:00:00+02:00,103.401,4.64572,119.764,107.88,101.58,4.53632,False,True
2022-07-24 00:00:00+02:00,90.642,4.62182,119.199,106.715,101.58,4.53412,False,True
2022-07-25 00:00:00+02:00,83.8655,4.66591,116.232,105.038,101.58,4.53267,False,True
2022-07-26 00:00:00+02:00,96.8916,4.59863,112.897,104.364,101.58,4.52956,False,True
2022-07-27 00:00:00+02:00,101.539,4.52733,105.81,104.469,101.539,4.52406,False,True
2022-07-28 00:00:00+02:00,92.0118,4.63794,99.9819,104.06,101.449,4.52122,False,True
2022-07-29 00:00:00+02:00,114.619,4.70502,97.5672,104.297,101.449,4.52021,False,True
2022-07-30 00:00:00+02:00,122.001,4.69208,100.224,104.413,101.449,4.51897,False,True
2022-07-31 00:00:00+02:00,108.417,4.71486,102.764,103.853,101.449,4.51928,False,True
2022-08-01 00:00:00+02:00,93.0671,4.70384,104.078,101.921,101.449,4.52081,False,True
2022-08-02 00:00:00+02:00,91.4892,4.66662,103.306,101.692,101.449,4.52277,False,True
2022-08-03 00:00:00+02:00,99.3919,4.66884,103,102.562,101.377,4.5277,False,True
2022-08-04 00:00:00+02:00,96.1387,4.66384,103.589,102.943,101.018,4.53312,False,True
2022-08-05 00:00:00+02:00,83.1059,4.63512,99.0873,102.223,101.018,4.53627,False,True
2022-08-06 00:00:00+02:00,76.136,4.67933,92.5351,100.901,101.002,4.54186,False,True
2022-08-07 00:00:00+02:00,61.9546,4.7016,85.8976,99.897,101.002,4.54788,False,True
2022-08-08 00:00:00+02:00,55.7392,4.71737,80.5651,98.0668,100.902,4.55609,False,True
2022-08-09 00:00:00+02:00,66.7503,4.73726,77.0309,97.4044,100.663,4.56223,False,True
2022-08-10 00:00:00+02:00,78.1991,4.70434,74.0034,97.7735,100.587,4.56773,False,True
2022-08-11 00:00:00+02:00,82.0557,4.75217,71.9915,97.7617,100.043,4.5736,False,True
2022-08-12 00:00:00+02:00,88.1077,4.7631,72.7061,97.8093,99.6625,4.58055,False,True
2022-08-13 00:00:00+02:00,74.2327,4.76784,72.4342,96.9021,99.5793,4.58647,False,True
2022-08-14 00:00:00+02:00,71.5447,4.78941,73.8042,95.7716,99.5232,4.59088,False,True
2022-08-15 00:00:00+02:00,64.7976,4.7724,75.0983,94.3683,99.3919,4.59469,False,True
2022-08-16 00:00:00+02:00,84.5649,4.75053,77.6432,94.0338,98.7555,4.59841,False,True
2022-08-17 00:00:00+02:00,79.6117,4.74459,77.845,93.1998,98.6517,4.60289,False,True
2022-08-18 00:00:00+02:00,80.5657,4.70932,77.6322,91.8774,98.5017,4.60735,False,True
2022-08-19 00:00:00+02:00,72.5221,4.71422,75.4056,89.2564,98.3941,4.61268,False,True
2022-08-20 00:00:00+02:00,107.072,4.59337,80.097,88.3986,98.3941,4.61705,False,False
2022-08-21 00:00:00+02:00,95.8677,4.5776,83.5717,87.2101,98.3463,4.62071,False,False
2022-08-22 00:00:00+02:00,83.2082,4.61301,86.2018,86.537,98.291,4.62486,False,False
2022-08-23 00:00:00+02:00,87.0856,4.57369,86.5619,86.4185,98.291,4.62827,True,False
2022-08-24 00:00:00+02:00,84.8433,4.60751,87.3092,86.4511,98.291,4.63135,True,False
2022-08-25 00:00:00+02:00,74.2801,4.61409,86.4113,85.6973,98.2156,4.63428,True,False
2022-08-26 00:00:00+02:00,64.464,4.61592,85.2601,84.4615,98.0925,4.63702,True,False
2022-08-27 00:00:00+02:00,83.3386,4.55386,81.8696,84.1724,98.0376,4.6373,False,False
2022-08-28 00:00:00+02:00,91.7954,4.50505,81.2879,83.4116,97.8187,4.63677,False,False
2022-08-29 00:00:00+02:00,67.519,4.50319,79.0466,81.5955,97.8187,4.63612,False,False
2022-08-30 00:00:00+02:00,88.9863,4.51438,79.3181,80.9478,97.8187,4.63648,False,False
2022-08-31 00:00:00+02:00,85.2609,4.50725,79.3778,80.6876,97.8187,4.63775,False,False
2022-09-01 00:00:00+02:00,93.8971,4.52386,82.1802,80.7679,97.7204,4.64033,True,False
2022-09-02 00:00:00+02:00,84.8667,4.51467,85.0949,80.2837,97.6674,4.64189,True,False
2022-09-03 00:00:00+02:00,72.7766,4.5077,83.586,79.505,97.5805,4.64224,True,False
2022-09-04 00:00:00+02:00,57.1101,4.49933,78.631,78.6385,97.4165,4.64174,False,False
2022-09-05 00:00:00+02:00,44.2261,4.51127,75.3034,77.5748,97.4165,4.64061,False,False
2022-09-06 00:00:00+02:00,49.5628,4.51414,69.6715,77.1617,97.4165,4.63951,False,False
2022-09-07 00:00:00+02:00,84.7112,4.48888,69.5929,78.1275,97.4165,4.63698,False,False
2022-09-08 00:00:00+02:00,82.8391,4.52346,68.0132,78.6638,97.305,4.63341,False,False
2022-09-09 00:00:00+02:00,79.3297,4.53128,67.2222,78.7014,97.1042,4.63054,False,False
2022-09-10 00:00:00+02:00,81.7644,4.58317,68.5062,78.6917,96.8916,4.62855,False,False
2022-09-11 00:00:00+02:00,74.3007,4.59715,70.962,78.2315,96.5949,4.62758,False,False
2022-09-12 00:00:00+02:00,59.2007,4.58853,73.1012,77.7304,96.3832,4.62692,False,False
2022-09-13 00:00:00+02:00,89.2647,4.62153,78.7729,78.3211,96.3832,4.62603,True,False
2022-09-14 00:00:00+02:00,104.796,4.53371,81.6421,79.6544,96.3832,4.62473,True,False
2022-09-15 00:00:00+02:00,90.4094,4.54366,82.7236,79.8492,96.3753,4.62506,True,False
2022-09-16 00:00:00+02:00,98.1565,4.50059,85.4131,80.4673,96.3753,4.62231,True,False
2022-09-17 00:00:00+02:00,82.832,4.49229,85.5656,80.5429,96.3753,4.61806,True,False
2022-09-18 00:00:00+02:00,66.0446,4.52387,84.3862,80.327,96.3613,4.61469,True,False
2022-09-19 00:00:00+02:00,71.3819,4.47346,86.1264,79.1373,96.3613,4.60986,True,False
2022-09-20 00:00:00+02:00,116.662,4.49803,90.0403,79.8305,96.3753,4.60575,True,False
2022-09-21 00:00:00+02:00,101.982,4.48033,89.6383,80.4562,96.3753,4.60202,True,False
2022-09-22 00:00:00+02:00,106.621,4.44795,91.9543,81.1074,96.3753,4.5976,True,False
2022-09-23 00:00:00+02:00,124.847,4.52867,95.7673,82.4409,96.3753,4.5949,True,False
2022-09-24 00:00:00+02:00,125.235,4.55497,101.825,84.1394,96.3753,4.5933,True,False
2022-09-25 00:00:00+02:00,102.934,4.54302,107.095,85.4217,96.3753,4.59057,True,False
2022-09-26 00:00:00+02:00,76.8272,4.52202,107.873,85.2047,96.3613,4.58698,True,False
2022-09-27 00:00:00+02:00,96.8759,4.52917,105.046,85.374,96.3613,4.58322,True,False
2022-09-28 00:00:00+02:00,91.8067,4.51226,103.592,86.1836,96.3606,4.57872,True,False
2022-09-29 00:00:00+02:00,95.607,4.52915,102.019,86.4043,96.2342,4.57521,True,False
2022-09-30 00:00:00+02:00,85.7462,4.54804,96.4331,86.4205,96.2166,4.57113,True,False
2022-10-01 00:00:00+02:00,92.886,4.53569,91.8119,86.3868,96.2166,4.56658,True,False
2022-10-02 00:00:00+02:00,64.7982,4.52472,86.3639,85.7178,96.1387,4.56172,True,False
2022-10-03 00:00:00+02:00,48.036,4.51148,82.2508,84.8931,95.8677,4.55616,False,False
2022-10-04 00:00:00+02:00,61.2863,4.52461,77.1666,85.0323,95.6807,4.5512,False,False
2022-10-05 00:00:00+02:00,59.2614,4.55601,72.5173,85.5335,95.607,4.54731,False,True
2022-10-06 00:00:00+02:00,61.0056,4.55479,67.5742,85.9149,95.5804,4.54352,False,True
2022-10-07 00:00:00+02:00,61.1282,4.54928,64.0574,85.1288,95.4493,4.54032,False,True
2022-10-08 00:00:00+02:00,55.5682,4.5467,58.7263,84.2198,95.2498,4.53697,False,True
2022-10-09 00:00:00+02:00,41.4518,4.53567,55.3911,82.9572,95.1521,4.53581,False,False
2022-10-10 00:00:00+02:00,33.3643,4.55356,53.2951,81.3439,95.1521,4.53533,False,True
2022-10-11 00:00:00+02:00,49.7948,4.53324,51.6535,80.527,95.1521,4.53374,False,False
2022-10-12 00:00:00+02:00,62.537,4.49988,52.1214,80.6382,95.1384,4.53226,False,False
2022-10-13 00:00:00+02:00,52.6768,4.50548,50.9316,79.4186,94.9328,4.53022,False,False
2022-10-14 00:00:00+02:00,83.3934,4.50109,54.1123,78.7052,94.9321,4.52796,False,False
2022-10-15 00:00:00+02:00,79.968,4.48566,57.598,78.3572,94.9321,4.52535,False,False
2022-10-16 00:00:00+02:00,50.1205,4.48275,58.8364,76.756,94.6016,4.52393,False,False
2022-10-17 00:00:00+02:00,35.3026,4.48474,59.1133,75.1717,94.6016,4.52353,False,False
2022-10-18 00:00:00+02:00,52.03,4.50763,59.4326,74.7045,94.6016,4.52362,False,False
2022-10-19 00:00:00+02:00,54.164,4.49013,58.2365,74.1306,94.6016,4.52313,False,False
2022-10-20 00:00:00+02:00,54.7432,4.47796,58.5317,72.0666,94.6016,4.52254,False,False
2022-10-21 00:00:00+02:00,60.4611,4.45396,55.2556,70.6826,94.6016,4.52115,False,False
2022-10-22 00:00:00+02:00,69.7004,4.4626,53.7888,69.4519,94.0757,4.5201,False,False
2022-10-23 00:00:00+02:00,44.2649,4.47344,52.9523,66.7658,93.8971,4.51942,False,False
2022-10-24 00:00:00+02:00,38.1532,4.48835,53.3595,63.8631,93.807,4.5192,False,False
2022-10-25 00:00:00+02:00,56.3823,4.47941,53.9813,62.3114,93.807,4.51856,False,False
2022-10-26 00:00:00+02:00,58.377,4.53947,54.5831,61.6964,93.807,4.51907,False,True
2022-10-27 00:00:00+02:00,86.2064,4.5612,59.0779,61.3407,93.807,4.52052,False,True
2022-10-28 00:00:00+02:00,82.3495,4.55094,62.2048,61.0255,93.5319,4.52107,True,True
2022-10-29 00:00:00+02:00,74.6466,4.58023,62.9114,60.3268,93.3065,4.52204,True,True
2022-10-30 00:00:00+02:00,71.1401,4.59931,66.7507,59.8399,93.0671,4.52237,True,True
2022-10-31 00:00:00+01:00,65.3814,4.58372,70.6405,58.9231,93.0671,4.5221,True,True
2022-11-01 00:00:00+01:00,78.0011,4.59078,73.7289,59.3632,93.0671,4.52214,True,True
2022-11-02 00:00:00+01:00,63.704,4.58674,74.4899,59.8855,92.886,4.52145,True,True
2022-11-03 00:00:00+01:00,65.9241,4.54666,71.5924,60.0401,92.886,4.52171,True,True
2022-11-04 00:00:00+01:00,76.2135,4.55643,70.7158,60.6051,92.3251,4.52196,True,True
2022-11-05 00:00:00+01:00,77.7372,4.63242,71.1574,61.1629,92.061,4.5246,True,True
2022-11-06 00:00:00+01:00,75.2997,4.65276,71.7516,61.6352,92.061,4.52781,True,True
2022-11-07 00:00:00+01:00,65.8387,4.60687,71.8169,61.9776,92.061,4.52947,True,True
2022-11-08 00:00:00+01:00,83.5305,4.5552,72.6068,63.3802,92.061,4.5311,True,True
2022-11-09 00:00:00+01:00,199.662,4.40188,92.0294,68.9235,92.061,4.52918,True,False
2022-11-10 00:00:00+01:00,349.544,4.15892,132.547,78.9151,92.3251,4.52275,True,False
2022-11-11 00:00:00+01:00,332.624,4.33456,169.177,87.918,92.3251,4.52048,True,False
2022-11-12 00:00:00+01:00,219.008,4.26471,189.358,93.4624,92.3251,4.5152,False,False
2022-11-13 00:00:00+01:00,134.571,4.22877,197.825,95.1683,92.3251,4.50868,False,False
2022-11-14 00:00:00+01:00,101.131,4.18283,202.867,95.8737,92.886,4.50148,False,False
2022-11-15 00:00:00+01:00,159.507,4.20021,213.721,99.52,93.0671,4.49504,False,False
2022-11-16 00:00:00+01:00,122.907,4.23292,202.756,102.44,93.3065,4.48912,False,False
2022-11-17 00:00:00+01:00,91.288,4.21574,165.862,103.749,93.0671,4.48319,False,False
2022-11-18 00:00:00+01:00,87.3002,4.20823,130.816,104.853,92.886,4.47677,False,False
2022-11-19 00:00:00+01:00,65.6284,4.19802,108.905,105.216,92.3251,4.46977,False,False
2022-11-20 00:00:00+01:00,47.2366,4.1977,96.4283,104.775,92.061,4.46301,False,False
2022-11-21 00:00:00+01:00,58.473,4.14722,90.3343,104.401,92.0118,4.45546,False,False
2022-11-22 00:00:00+01:00,106.19,4.11779,82.7175,106.465,92.0118,4.44758,False,False
2022-11-23 00:00:00+01:00,102.002,4.15338,79.7312,108.593,92.0118,4.44016,False,False
2022-11-24 00:00:00+01:00,88.4788,4.20103,79.3298,109.663,91.9396,4.43306,False,False
2022-11-25 00:00:00+01:00,82.9399,4.22685,78.7069,110.482,91.8067,4.4265,False,False
2022-11-26 00:00:00+01:00,69.7152,4.22156,79.2908,109.932,91.7954,4.41995,False,False
2022-11-27 00:00:00+01:00,54.7516,4.20995,80.3643,109.012,91.4892,4.41321,False,False
2022-11-28 00:00:00+01:00,44.6079,4.23092,78.3836,108.011,91.3376,4.40712,False,False
2022-11-29 00:00:00+01:00,75.0614,4.18689,73.9367,108.142,91.288,4.39978,False,False
2022-11-30 00:00:00+01:00,61.6774,4.2048,68.176,108.018,90.9771,4.39321,False,False
2022-12-01 00:00:00+01:00,67.4929,4.24756,65.178,107.668,90.9555,4.38817,False,False
2022-12-02 00:00:00+01:00,61.2112,4.22581,62.0739,107.585,90.9162,4.38257,False,False
2022-12-03 00:00:00+01:00,52.7329,4.24095,59.6479,107.145,90.642,4.37737,False,False
2022-12-04 00:00:00+01:00,41.2693,4.22099,57.7218,105.981,90.4094,4.37208,False,False
2022-12-05 00:00:00+01:00,39.8704,4.23851,57.0451,104.718,90.385,4.36719,False,False
2022-12-06 00:00:00+01:00,51.4579,4.23409,53.6731,103.924,90.2203,4.36218,False,False
2022-12-07 00:00:00+01:00,48.6038,4.23562,51.8055,103.349,89.7469,4.35674,False,False
2022-12-08 00:00:00+01:00,47.625,4.21542,48.9672,102.152,89.2647,4.35125,False,False
2022-12-09 00:00:00+01:00,42.7861,4.23802,46.3351,96.9231,88.9863,4.34645,False,False
2022-12-10 00:00:00+01:00,42.526,4.23019,44.8769,86.6891,88.4788,4.34197,False,False
2022-12-11 00:00:00+01:00,26.4257,4.23089,42.7564,76.4825,88.2904,4.33734,False,False
2022-12-12 00:00:00+01:00,21.1494,4.21949,40.082,69.8872,88.1077,4.33226,False,False
2022-12-13 00:00:00+01:00,41.8926,4.2204,38.7155,66.7979,88.1077,4.3269,False,False
2022-12-14 00:00:00+01:00,60.3558,4.25591,40.3944,65.4388,87.5294,4.32243,False,False
2022-12-15 00:00:00+01:00,55.7057,4.25813,41.5487,61.9787,87.4756,4.3168,False,False
2022-12-16 00:00:00+01:00,61.5339,4.22858,44.227,59.933,87.3002,4.31015,False,False
2022-12-17 00:00:00+01:00,61.7561,4.15309,46.9742,58.9486,87.272,4.30219,False,False
2022-12-18 00:00:00+01:00,70.6958,4.15179,53.2985,58.3951,87.1722,4.29362,False,False
2022-12-19 00:00:00+01:00,36.9409,4.15244,55.5544,57.4388,87.0856,4.28469,False,False
2022-12-20 00:00:00+01:00,54.0707,4.11568,57.2941,57.6666,87.0856,4.27533,False,False
2022-12-21 00:00:00+01:00,63.6207,4.15635,57.7605,57.8382,87.037,4.26664,False,False
2022-12-22 00:00:00+01:00,45.6673,4.14137,56.3265,55.8208,86.689,4.25773,True,False
2022-12-23 00:00:00+01:00,39.7671,4.14272,53.2169,53.7463,86.6805,4.24965,False,False
2022-12-24 00:00:00+01:00,42.214,4.14449,50.4252,52.2041,86.6203,4.24141,False,False
2022-12-25 00:00:00+01:00,28.9574,4.13648,44.4626,50.4047,86.6203,4.23149,False,False
2022-12-26 00:00:00+01:00,24.2842,4.13181,42.6545,48.8904,86.6203,4.22107,False,False
2022-12-27 00:00:00+01:00,30.4193,4.13989,39.2757,48.0793,86.6203,4.21174,False,False
2022-12-28 00:00:00+01:00,42.1536,4.13641,36.209,47.9975,86.6203,4.20336,False,False
2022-12-29 00:00:00+01:00,58.956,4.0893,38.1074,47.4606,86.4458,4.19711,False,False
2022-12-30 00:00:00+01:00,62.7091,4.06717,41.3848,47.495,86.2064,4.19527,False,False
2022-12-31 00:00:00+01:00,92.248,4.07998,48.5325,48.3202,86.2064,4.19018,True,False
2023-01-01 00:00:00+01:00,45.0778,4.08109,50.8354,47.7824,86.2064,4.18651,True,False
2023-01-02 00:00:00+01:00,34.5592,4.08258,52.3033,47.1766,86.2064,4.18359,True,False
2023-01-03 00:00:00+01:00,58.2173,4.12081,56.2744,47.7416,86.2064,4.18234,True,False
2023-01-04 00:00:00+01:00,63.7984,4.15556,59.3665,48.5392,86.2064,4.18145,True,False
2023-01-05 00:00:00+01:00,75.0664,4.17954,61.668,49.3261,86.2064,4.18038,True,False
2023-01-06 00:00:00+01:00,58.9855,4.16871,61.1361,49.6722,86.2064,4.17944,True,False
2023-01-07 00:00:00+01:00,52.8542,4.17653,55.5084,49.8465,85.7462,4.17881,True,False
2023-01-08 00:00:00+01:00,35.5556,4.16759,54.1481,49.6054,85.2908,4.1782,True,False
2023-01-09 00:00:00+01:00,35.194,4.18321,54.2388,49.361,85.2609,4.17791,True,True
2023-01-10 00:00:00+01:00,86.5752,4.23685,58.2899,51.366,85.2609,4.1797,True,True
2023-01-11 00:00:00+01:00,73.4169,4.25011,59.664,53.1083,84.8667,4.18235,True,True
2023-01-12 00:00:00+01:00,67.2295,4.30434,58.5444,53.9529,84.8433,4.18537,True,True
2023-01-13 00:00:00+01:00,106.857,4.33051,65.3831,55.5029,84.8667,4.18796,True,True
2023-01-14 00:00:00+01:00,87.3511,4.37614,70.3113,56.5577,85.2609,4.19094,True,True
2023-01-15 00:00:00+01:00,155.552,4.47146,87.4536,59.6917,85.2609,4.19594,True,True
2023-01-16 00:00:00+01:00,104.984,4.46337,97.4237,61.1326,85.7462,4.20101,True,True
2023-01-17 00:00:00+01:00,102.457,4.47155,99.6925,62.1913,86.2064,4.20582,True,True
2023-01-18 00:00:00+01:00,87.1879,4.4729,101.66,63.8662,86.4458,4.21154,True,True
2023-01-19 00:00:00+01:00,99.3306,4.42863,106.246,65.3749,86.5752,4.21602,True,True
2023-01-20 00:00:00+01:00,92.0737,4.44286,104.134,66.3233,86.6203,4.21993,True,True
2023-01-21 00:00:00+01:00,67.7777,4.52478,101.338,67.0603,86.6203,4.22591,True,True
2023-01-22 00:00:00+01:00,98.428,4.51488,93.177,69.0157,86.6203,4.23138,True,True
2023-01-23 00:00:00+01:00,80.5746,4.50944,89.6899,70.2944,86.5752,4.23715,True,True
2023-01-24 00:00:00+01:00,88.1959,4.5342,87.6526,72.269,86.5752,4.24307,True,True
2023-01-25 00:00:00+01:00,77.6246,4.49333,86.2864,74.047,86.4458,4.24825,True,True
2023-01-26 00:00:00+01:00,92.0549,4.51658,85.2471,76.1015,86.4458,4.25387,True,True
2023-01-27 00:00:00+01:00,92.0647,4.52325,85.2458,77.7652,86.4458,4.26003,True,True
2023-01-28 00:00:00+01:00,73.9714,4.54444,86.1306,78.2657,86.2064,4.26616,True,True
2023-01-29 00:00:00+01:00,74.5898,4.53916,82.7251,78.6618,85.7462,4.27234,True,True
2023-01-30 00:00:00+01:00,63.0791,4.58023,80.2258,77.6895,85.2609,4.27932,True,True
2023-01-31 00:00:00+01:00,84.2844,4.51946,79.667,78.9963,85.2609,4.28532,True,True
2023-02-01 00:00:00+01:00,74.2572,4.53944,79.1859,80.3196,84.8667,4.2917,False,True
2023-02-02 00:00:00+01:00,73.569,4.56913,76.5451,80.8313,84.8433,4.29797,False,True
2023-02-03 00:00:00+01:00,86.9023,4.5715,75.8076,81.6015,84.8433,4.30423,False,True
2023-02-04 00:00:00+01:00,75.691,4.57275,76.0532,81.6223,84.7991,4.31112,False,True
2023-02-05 00:00:00+01:00,47.2408,4.57399,72.1463,81.2308,84.7112,4.31954,False,True
2023-02-06 00:00:00+01:00,49.9106,4.53798,70.265,81.1327,84.6868,4.32726,False,True
2023-02-07 00:00:00+01:00,59.0685,4.52795,66.6628,81.9164,84.6868,4.33477,False,True
2023-02-08 00:00:00+01:00,58.9052,4.55144,64.4696,82.7068,84.5649,4.34348,False,True
2023-02-09 00:00:00+01:00,60.1523,4.53356,62.553,81.8261,84.3275,4.35103,False,True
2023-02-10 00:00:00+01:00,69.9889,4.44669,60.1368,81.7118,84.2844,4.35714,False,True
2023-02-11 00:00:00+01:00,83.3304,4.44048,61.2281,82.2485,83.8655,4.36309,False,True
2023-02-12 00:00:00+01:00,48.0429,4.45912,61.3427,80.288,83.5305,4.36938,False,True
2023-02-13 00:00:00+01:00,39.6858,4.45709,59.882,78.6992,83.3934,4.3758,False,True
2023-02-14 00:00:00+01:00,77.3639,4.43585,62.4956,76.0929,83.3386,4.38188,False,True
2023-02-15 00:00:00+01:00,72.1353,4.47234,64.3856,74.9979,83.3304,4.38853,False,True
2023-02-16 00:00:00+01:00,58.7105,4.54824,64.1797,73.5397,83.3304,4.39676,False,True
2023-02-17 00:00:00+01:00,74.5298,4.51652,64.8284,73.1178,83.2082,4.40531,False,True
2023-02-18 00:00:00+01:00,76.0261,4.54776,63.7849,72.341,83.1059,4.41492,False,True
2023-02-19 00:00:00+01:00,57.1241,4.55036,65.0822,71.176,82.9479,4.42433,False,True
2023-02-20 00:00:00+01:00,54.9009,4.56148,67.2558,70.7468,82.9399,4.43393,False,True
2023-02-21 00:00:00+01:00,87.9884,4.58553,68.7736,70.3988,82.9399,4.44399,False,True
2023-02-22 00:00:00+01:00,79.9031,4.5651,69.8833,70.3764,82.8391,4.45288,False,True
2023-02-23 00:00:00+01:00,90.818,4.55028,74.4701,70.4638,82.8391,4.46077,True,True
2023-02-24 00:00:00+01:00,68.6288,4.5383,73.6271,70.1639,82.832,4.46795,True,True
2023-02-25 00:00:00+01:00,61.9722,4.49691,71.6194,69.1612,82.409,4.47451,True,True
2023-02-26 00:00:00+01:00,56.8276,4.48598,71.577,67.9866,82.3495,4.4807,True,True
2023-02-27 00:00:00+01:00,45.3845,4.50625,70.2175,67.0337,82.0557,4.48747,True,True
2023-02-28 00:00:00+01:00,54.1124,4.50046,65.3781,66.3511,81.7644,4.49382,False,True
2023-03-01 00:00:00+01:00,53.5707,4.48098,61.6163,66.0342,81.7496,4.4987,False,False
2023-03-02 00:00:00+01:00,56.7251,4.49996,56.7459,65.1155,80.5746,4.5037,False,False
2023-03-03 00:00:00+01:00,49.7346,4.49075,54.0467,64.2981,80.5657,4.50743,False,False
2023-03-04 00:00:00+01:00,60.9523,4.45244,53.901,63.8776,79.968,4.50987,False,False
2023-03-05 00:00:00+01:00,36.6313,4.43693,51.0158,62.2019,79.9031,4.51108,False,False
2023-03-06 00:00:00+01:00,42.3568,4.44207,50.5833,61.0907,79.6117,4.51049,False,False
2023-03-07 00:00:00+01:00,46.9497,4.44424,49.5601,61.081,79.6117,4.51011,False,False
2023-03-08 00:00:00+01:00,51.6286,4.43206,49.2826,61.1383,79.4876,4.50932,False,False
2023-03-09 00:00:00+01:00,66.9145,4.40266,50.7383,61.3998,79.3297,4.50792,False,False
2023-03-10 00:00:00+01:00,74.816,4.34101,54.3213,61.9302,78.8433,4.50616,False,False
2023-03-11 00:00:00+01:00,109.693,4.35771,61.2842,63.5815,78.8433,4.50446,False,False
2023-03-12 00:00:00+01:00,99.3365,4.35593,70.2421,64.5598,78.8433,4.50108,True,False
2023-03-13 00:00:00+01:00,72.2172,4.42756,74.5079,64.1893,78.8433,4.49934,True,False
2023-03-14 00:00:00+01:00,115.13,4.4763,84.2479,66.4256,79.3297,4.49867,True,False
2023-03-15 00:00:00+01:00,106.633,4.49291,92.1057,68.6571,79.3297,4.49785,True,False
2023-03-16 00:00:00+01:00,111.653,4.44084,98.4969,69.8001,79.6117,4.4968,True,False
2023-03-17 00:00:00+01:00,88.7753,4.45811,100.491,70.3548,79.6117,4.49563,True,False
2023-03-18 00:00:00+01:00,82.9885,4.53041,96.6762,71.164,79.6117,4.49577,True,True
2023-03-19 00:00:00+01:00,95.8699,4.52433,96.181,71.8754,79.9031,4.49537,True,True
2023-03-20 00:00:00+01:00,81.2552,4.55663,97.4721,72.0497,79.968,4.49572,True,True
2023-03-21 00:00:00+01:00,104.214,4.53487,95.9127,73.6193,80.5657,4.49481,True,True
2023-03-22 00:00:00+01:00,101.23,4.58839,95.1408,75.1636,80.5746,4.49619,True,True
2023-03-23 00:00:00+01:00,104.005,4.53941,94.0483,75.6975,80.5746,4.49619,True,True
2023-03-24 00:00:00+01:00,98.1562,4.58068,95.3884,76.306,81.2552,4.49642,True,True
2023-03-25 00:00:00+01:00,82.545,4.53562,95.325,76.0302,81.7644,4.4957,True,True
2023-03-26 00:00:00+01:00,70.7836,4.54053,91.7413,76.102,81.7644,4.49506,True,True
2023-03-27 00:00:00+02:00,57.9606,4.55583,88.4135,75.9683,81.7644,4.4947,True,True
2023-03-28 00:00:00+02:00,66.8048,4.54062,83.0693,76.3009,81.7644,4.49475,True,True
2023-03-29 00:00:00+02:00,77.8144,4.57556,79.7243,77.3819,81.7644,4.4957,True,True
2023-03-30 00:00:00+02:00,79.6273,4.6087,76.2417,78.2324,81.2552,4.49685,False,True
2023-03-31 00:00:00+02:00,81.9348,4.59778,73.9244,79.1779,81.2552,4.49813,False,True
2023-04-01 00:00:00+02:00,65.8703,4.61457,71.5423,79.4827,80.5746,4.50149,False,True
2023-04-02 00:00:00+02:00,56.5672,4.60391,69.5114,79.7104,80.5657,4.50476,False,True
2023-04-03 00:00:00+02:00,44.9641,4.58873,67.6547,79.1775,79.968,4.50735,False,True
2023-04-04 00:00:00+02:00,58.7555,4.57388,66.5048,79.915,79.968,4.50969,False,True
2023-04-05 00:00:00+02:00,65.4613,4.60209,64.7401,80.6851,79.968,4.51301,False,True
2023-04-06 00:00:00+02:00,58.468,4.6107,61.7173,81.0691,79.968,4.51578,False,True
2023-04-07 00:00:00+02:00,52.9744,4.59951,57.5801,81.1139,79.9031,4.5168,False,True
2023-04-08 00:00:00+02:00,46.385,4.59592,54.7965,80.4296,79.6273,4.51839,False,True
2023-04-09 00:00:00+02:00,30.5499,4.5899,51.0798,78.9541,79.6117,4.51923,False,True
2023-04-10 00:00:00+02:00,30.2975,4.59923,48.9845,76.3076,79.6117,4.52021,False,True
2023-04-11 00:00:00+02:00,34.9341,4.6142,45.5815,74.1608,79.6117,4.52127,False,True
2023-04-12 00:00:00+02:00,59.3235,4.65065,44.7046,73.731,79.3297,4.52257,False,True
2023-04-13 00:00:00+02:00,68.6473,4.65292,46.1588,72.1816,78.1991,4.52432,False,True
2023-04-14 00:00:00+02:00,61.2405,4.6788,47.3397,70.6685,78.0085,4.5269,False,True
2023-04-15 00:00:00+02:00,65.5033,4.69587,50.0709,69.1302,78.0085,4.53005,False,True
2023-04-16 00:00:00+02:00,49.7991,4.68679,52.8207,67.831,78.0085,4.53384,False,True
2023-04-17 00:00:00+02:00,39.829,4.71788,54.1824,66.3924,78.0085,4.53848,False,True
2023-04-18 00:00:00+02:00,68.4959,4.6979,58.9769,65.4799,78.0085,4.54232,False,True
2023-04-19 00:00:00+02:00,53.8607,4.71657,58.1965,64.5667,78.0085,4.54664,False,True
2023-04-20 00:00:00+02:00,73.8063,4.65218,58.9335,63.5532,78.0085,4.55006,False,True
2023-04-21 00:00:00+02:00,83.6699,4.61585,62.1377,62.9678,78.1991,4.55238,False,True
2023-04-22 00:00:00+02:00,78.5717,4.55797,64.0047,62.12,78.5717,4.55372,True,True
2023-04-23 00:00:00+02:00,59.3103,4.58784,65.3634,60.8252,78.5717,4.55643,True,True
2023-04-24 00:00:00+02:00,49.2053,4.57126,66.7029,59.7139,78.5717,4.55912,True,True
2023-04-25 00:00:00+02:00,68.929,4.56932,66.7647,59.652,78.5717,4.56166,True,True
2023-04-26 00:00:00+02:00,60.0113,4.59628,67.6434,59.7204,78.5717,4.5647,True,True
2023-04-27 00:00:00+02:00,67.9047,4.5879,66.8003,59.7571,78.5717,4.56782,True,True
2023-04-28 00:00:00+02:00,97.2764,4.61596,68.7441,60.4058,78.5717,4.57209,True,True
2023-04-29 00:00:00+02:00,63.8446,4.62139,66.6402,59.8797,78.5717,4.57769,True,True
2023-04-30 00:00:00+02:00,44.056,4.62021,64.461,58.6171,78.5717,4.58294,True,True
2023-05-01 00:00:00+02:00,39.4584,4.61565,63.0686,57.7367,78.5717,4.58814,True,True
2023-05-02 00:00:00+02:00,56.5627,4.57476,61.302,57.7365,78.1991,4.59108,True,False
2023-05-03 00:00:00+02:00,51.4978,4.59194,60.0858,57.9543,78.0011,4.5934,True,False
2023-05-04 00:00:00+02:00,48.6218,4.59725,57.3311,57.6165,78.0011,4.59548,False,True
2023-05-05 00:00:00+02:00,51.4469,4.58712,50.7841,57.1494,78.0011,4.59841,False,False
2023-05-06 00:00:00+02:00,48.2258,4.62165,48.5528,56.808,77.8144,4.60168,False,True
2023-05-07 00:00:00+02:00,50.9682,4.58965,49.5402,56.7411,77.7372,4.60286,False,False
2023-05-08 00:00:00+02:00,41.2864,4.59115,49.8014,56.5711,77.7372,4.6042,False,False
2023-05-09 00:00:00+02:00,68.9599,4.5286,51.5724,57.8515,77.6246,4.60364,False,False
2023-05-10 00:00:00+02:00,58.5946,4.52816,52.5862,58.7947,77.3639,4.6035,False,False
2023-05-11 00:00:00+02:00,55.986,4.53538,53.6383,59.4964,76.8272,4.60244,False,False
2023-05-12 00:00:00+02:00,65.5508,4.50808,55.6531,59.704,76.2135,4.60182,False,False
2023-05-13 00:00:00+02:00,65.5749,4.51973,58.1316,59.6016,76.136,4.6006,False,False
2023-05-14 00:00:00+02:00,47.6392,4.51661,57.656,59.1482,76.0261,4.60022,False,False
2023-05-15 00:00:00+02:00,35.6902,4.51849,56.8565,58.1545,75.691,4.59978,False,False
2023-05-16 00:00:00+02:00,42.332,4.53074,53.0526,57.9056,75.3136,4.59928,False,False
2023-05-17 00:00:00+02:00,41.7054,4.52223,50.6398,57.9681,75.2997,4.59891,False,False
2023-05-18 00:00:00+02:00,49.9599,4.53726,49.7789,57.3502,75.0664,4.59814,False,False
2023-05-19 00:00:00+02:00,49.8274,4.52879,47.5327,57.2158,75.0614,4.59654,False,False
2023-05-20 00:00:00+02:00,46.2448,4.5294,44.7713,56.2971,74.816,4.59518,False,False
2023-05-21 00:00:00+02:00,27.9505,4.52879,41.9586,54.4398,74.6466,4.59346,False,False
2023-05-22 00:00:00+02:00,26.5159,4.51091,40.648,52.7046,74.5898,4.5916,False,False
2023-05-23 00:00:00+02:00,40.7581,4.52018,40.4231,52.0862,74.5898,4.59023,False,False
2023-05-24 00:00:00+02:00,38.847,4.53007,40.0148,51.7409,74.5298,4.58935,False,False
2023-05-25 00:00:00+02:00,43.2295,4.49784,39.0533,50.8842,74.3007,4.58727,False,False
2023-05-26 00:00:00+02:00,44.8257,4.49867,38.3388,50.3781,74.2801,4.58503,False,False
2023-05-27 00:00:00+02:00,36.5783,4.51596,36.9579,49.3338,74.2572,4.58336,False,False
2023-05-28 00:00:00+02:00,30.3088,4.52387,37.2948,47.1016,74.2327,4.58192,False,False
2023-05-29 00:00:00+02:00,36.1043,4.55373,38.6645,46.1769,73.9714,4.58119,False,False
2023-05-30 00:00:00+02:00,45.4702,4.55026,39.3377,46.2241,73.8063,4.58021,False,False
2023-05-31 00:00:00+02:00,49.7108,4.57243,40.8897,46.5658,73.569,4.57938,False,False
2023-06-01 00:00:00+02:00,55.8216,4.54865,42.6885,46.5411,73.4169,4.57734,False,False
2023-06-02 00:00:00+02:00,45.6781,4.54607,42.8103,46.3471,73.3121,4.5752,False,False
2023-06-03 00:00:00+02:00,41.85,4.56996,43.5634,46.1214,72.7766,4.57302,False,False
2023-06-04 00:00:00+02:00,30.9434,4.56358,43.6541,45.4379,72.5221,4.57038,False,False
2023-06-05 00:00:00+02:00,29.9975,4.5872,42.7817,44.8303,72.2172,4.56839,False,True
2023-06-06 00:00:00+02:00,62.5199,4.51821,45.2173,45.2154,72.2172,4.56439,True,False
2023-06-07 00:00:00+02:00,65.5526,4.56095,47.4804,46.0242,72.1353,4.56165,True,False
2023-06-08 00:00:00+02:00,65.1768,4.51444,48.8169,45.8981,71.5447,4.55761,True,False
2023-06-09 00:00:00+02:00,57.0957,4.52915,50.448,45.8482,71.3819,4.55515,True,False
2023-06-10 00:00:00+02:00,47.2166,4.51585,51.2146,45.5559,71.1401,4.55315,True,False
2023-06-11 00:00:00+02:00,133.221,4.42889,65.8258,47.8115,71.1401,4.55057,True,False
2023-06-12 00:00:00+02:00,73.7121,4.44163,72.0707,48.0828,71.1401,4.54765,True,False
2023-06-13 00:00:00+02:00,71.8178,4.43168,73.399,48.8887,71.1401,4.54485,True,False
2023-06-14 00:00:00+02:00,74.6648,4.42856,74.7007,50.1879,71.1401,4.54204,True,False
2023-06-15 00:00:00+02:00,58.7505,4.3833,73.7827,50.7352,70.7836,4.53778,True,False
2023-06-16 00:00:00+02:00,79.4938,4.39389,76.9824,51.9948,70.7836,4.5339,True,False
2023-06-17 00:00:00+02:00,60.9152,4.40887,78.9393,52.36,70.6958,4.52976,True,False
2023-06-18 00:00:00+02:00,52.4355,4.42284,67.3985,52.4469,69.9889,4.52579,True,False
2023-06-19 00:00:00+02:00,39.8038,4.41703,62.5545,52.2322,69.7152,4.52172,True,False
2023-06-20 00:00:00+02:00,45.6189,4.42924,58.8118,52.8211,69.7004,4.51799,True,False
2023-06-21 00:00:00+02:00,54.2879,4.46012,55.9008,53.7469,68.9599,4.5157,True,False
2023-06-22 00:00:00+02:00,71.6173,4.50613,57.7389,54.7755,68.9599,4.51398,True,False
2023-06-23 00:00:00+02:00,78.2271,4.50282,57.558,56.0882,68.9599,4.5121,True,False
2023-06-24 00:00:00+02:00,62.6167,4.51803,57.801,56.7344,68.929,4.51071,True,True
2023-06-25 00:00:00+02:00,60.9826,4.50232,59.0221,57.273,68.6473,4.50833,True,False
2023-06-26 00:00:00+02:00,56.4402,4.5181,61.3987,57.9351,68.6288,4.5069,True,True
2023-06-27 00:00:00+02:00,59.5718,4.4877,63.392,58.9105,68.4959,4.50483,True,False
2023-06-28 00:00:00+02:00,55.4944,4.51365,63.5643,59.5568,67.9047,4.50453,True,True
2023-06-29 00:00:00+02:00,56.832,4.46961,61.4521,59.9356,67.7777,4.50336,True,False
2023-06-30 00:00:00+02:00,62.6645,4.50176,59.2289,60.3673,67.519,4.50269,False,False
2023-07-01 00:00:00+02:00,89.7872,4.53324,63.1104,61.4995,67.519,4.50319,True,True
2023-07-02 00:00:00+02:00,63.5921,4.52284,63.4832,62.0967,67.4929,4.50325,True,True
2023-07-03 00:00:00+02:00,51.5133,4.53973,62.7793,62.4188,67.2295,4.50371,True,True
2023-07-04 00:00:00+02:00,55.3602,4.54765,62.1777,63.2327,67.1268,4.5043,False,True
2023-07-05 00:00:00+02:00,49.6524,4.54679,61.3431,63.8878,66.9145,4.50462,False,True
2023-07-06 00:00:00+02:00,49.1948,4.52244,60.2521,63.4437,66.8048,4.50462,False,True
2023-07-07 00:00:00+02:00,66.8595,4.52925,60.8514,63.4872,66.8048,4.50446,False,True
2023-07-08 00:00:00+02:00,72.5407,4.53846,58.3876,63.7327,66.8048,4.50465,False,True
2023-07-09 00:00:00+02:00,53.969,4.55625,57.0129,63.6285,66.7503,4.50519,False,True
2023-07-10 00:00:00+02:00,44.1863,4.5498,55.9661,63.5275,66.0446,4.50561,False,True
2023-07-11 00:00:00+02:00,49.6149,4.55561,55.1454,60.7406,65.9241,4.50651,False,True
2023-07-12 00:00:00+02:00,50.4602,4.55818,55.2608,59.9655,65.8703,4.50727,False,True
2023-07-13 00:00:00+02:00,41.6114,4.55136,54.1774,58.9586,65.8387,4.50769,False,True
2023-07-14 00:00:00+02:00,78.6715,4.71638,55.8649,59.0922,65.8387,4.51206,False,True
2023-07-15 00:00:00+02:00,170.292,4.7023,69.8293,62.8102,65.8387,4.51613,True,True
2023-07-16 00:00:00+02:00,108.678,4.71202,77.6449,63.7831,65.8387,4.52006,True,True
2023-07-17 00:00:00+02:00,71.8683,4.71877,81.5995,64.1482,65.8387,4.52395,True,True
2023-07-18 00:00:00+02:00,78.8741,4.70659,85.7794,65.0294,65.8387,4.52701,True,True
2023-07-19 00:00:00+02:00,79.1212,4.6873,89.8738,66.34,65.8387,4.52975,False,True
2023-07-20 00:00:00+02:00,74.1133,4.71973,94.5169,67.2898,65.8387,4.5327,False,True
2023-07-21 00:00:00+02:00,70.6232,4.70192,93.3672,67.8343,65.8387,4.53576,False,True
2023-07-22 00:00:00+02:00,56.058,4.69584,77.048,67.3157,65.6284,4.53876,False,True
2023-07-23 00:00:00+02:00,41.0055,4.68242,67.3805,66.075,65.5749,4.54101,False,True
2023-07-24 00:00:00+02:00,45.4716,4.66766,63.6096,65.5035,65.5526,4.54309,False,True
2023-07-25 00:00:00+02:00,59.3106,4.63721,60.8148,65.4477,65.5508,4.54409,False,True
2023-07-26 00:00:00+02:00,50.3466,4.64206,56.7041,65.2446,65.5033,4.54657,False,True
2023-07-27 00:00:00+02:00,49.6536,4.66237,53.2099,64.914,65.4613,4.5486,False,True
2023-07-28 00:00:00+02:00,53.3381,4.65387,50.7406,64.8421,65.3814,4.55138,False,True
2023-07-29 00:00:00+02:00,40.0576,4.65659,48.4548,64.283,65.1768,4.55393,False,True
2023-07-30 00:00:00+02:00,27.9007,4.65935,46.5827,63.1242,64.7982,4.5568,False,True
2023-07-31 00:00:00+02:00,27.6032,4.64413,44.0301,61.0514,64.7976,4.56111,False,True
2023-08-01 00:00:00+02:00,42.5111,4.63399,41.6301,60.3487,64.464,4.56495,False,True
2023-08-02 00:00:00+02:00,50.7855,4.63188,41.6928,60.3244,63.8446,4.56896,False,True
2023-08-03 00:00:00+02:00,44.2444,4.61995,40.9201,59.9539,63.7984,4.57279,False,True
2023-08-04 00:00:00+02:00,42.0156,4.6095,39.3026,59.6994,63.704,4.57731,False,True
2023-08-05 00:00:00+02:00,41.7086,4.59335,39.5384,59.4498,63.6207,4.5813,False,True
2023-08-06 00:00:00+02:00,39.9773,4.59091,41.2636,58.5537,63.5921,4.58494,False,True
2023-08-07 00:00:00+02:00,30.637,4.59656,41.6971,57.1569,63.5921,4.58841,False,True
2023-08-08 00:00:00+02:00,43.313,4.59271,41.8116,56.8017,63.5921,4.59193,False,True
2023-08-09 00:00:00+02:00,44.195,4.62437,40.8701,56.802,63.0791,4.59583,False,True
2023-08-10 00:00:00+02:00,48.9427,4.61718,41.5413,56.7796,62.7091,4.59897,False,True
2023-08-11 00:00:00+02:00,41.1084,4.61701,41.4117,56.4679,62.6645,4.60119,False,True
2023-08-12 00:00:00+02:00,31.0924,4.61296,39.8951,56.1173,62.6167,4.60339,False,True
2023-08-13 00:00:00+02:00,20.487,4.61395,37.1108,54.1778,62.537,4.60531,False,True
2023-08-14 00:00:00+02:00,18.8285,4.61089,35.4239,49.129,62.5199,4.60748,False,True
2023-08-15 00:00:00+02:00,29.6088,4.61525,33.4661,46.4934,61.9722,4.60942,False,True
2023-08-16 00:00:00+02:00,32.365,4.58906,31.7761,45.1766,61.7561,4.61145,False,False
2023-08-17 00:00:00+02:00,47.2707,4.55674,31.5373,44.1231,61.6774,4.61231,False,False
2023-08-18 00:00:00+02:00,59.9232,4.45525,34.2251,43.4832,61.5339,4.61203,False,False
2023-08-19 00:00:00+02:00,114.639,4.46864,46.1603,44.8341,61.5339,4.61136,True,False
2023-08-20 00:00:00+02:00,53.3608,4.47952,50.8565,44.2586,61.2863,4.61029,True,False
2023-08-21 00:00:00+02:00,41.7844,4.49105,54.136,43.7829,61.2405,4.60965,True,False
2023-08-22 00:00:00+02:00,49.9231,4.47065,57.038,44.0801,61.2112,4.60827,True,False
2023-08-23 00:00:00+02:00,47.6145,4.43062,59.2165,44.1515,61.1282,4.60593,True,False
2023-08-24 00:00:00+02:00,60.955,4.46962,61.1714,44.2064,61.0056,4.60439,True,False
2023-08-25 00:00:00+02:00,47.0048,4.45408,59.3259,44.095,60.9826,4.60302,True,False
2023-08-26 00:00:00+02:00,50.6568,4.45027,50.1856,44.1284,60.955,4.60144,True,False
2023-08-27 00:00:00+02:00,32.2571,4.45099,47.1708,43.4257,60.9523,4.59969,True,False
2023-08-28 00:00:00+02:00,24.3413,4.45521,44.6789,42.9018,60.9152,4.59767,True,False
2023-08-29 00:00:00+02:00,37.0159,4.45275,42.835,43.2057,60.4611,4.59573,False,False
2023-08-30 00:00:00+02:00,53.0155,4.50791,43.6066,44.0527,60.3558,4.59478,False,False
2023-08-31 00:00:00+02:00,53.111,4.47867,42.4861,44.4061,60.1523,4.59319,False,False
2023-09-01 00:00:00+02:00,42.738,4.43492,41.8765,44.1378,60.0113,4.59086,False,False
2023-09-02 00:00:00+02:00,48.9031,4.4208,41.626,44.2931,59.9232,4.58495,False,False
2023-09-03 00:00:00+02:00,37.068,4.42489,42.3133,44.1282,59.5718,4.5794,False,False
2023-09-04 00:00:00+02:00,27.9615,4.42704,42.8304,43.67,59.5718,4.5737,False,False
2023-09-05 00:00:00+02:00,34.3214,4.41769,42.4455,43.4814,59.5718,4.56768,False,False
2023-09-06 00:00:00+02:00,41.33,4.43455,40.7762,43.8379,59.5718,4.56224,False,False
2023-09-07 00:00:00+02:00,39.3644,4.42699,38.8123,43.7062,59.3235,4.55703,False,False
2023-09-08 00:00:00+02:00,35.7012,4.43732,37.8071,43.4231,59.3106,4.55138,False,False
2023-09-09 00:00:00+02:00,38.5885,4.42829,36.3336,43.078,59.3103,4.54591,False,False
2023-09-10 00:00:00+02:00,21.5819,4.42671,34.1213,42.4271,59.2614,4.54053,False,False
2023-09-11 00:00:00+02:00,37.6236,4.40548,35.5016,42.6448,59.2007,4.53499,False,False
2023-09-12 00:00:00+02:00,61.1056,4.35994,39.3279,43.9988,59.2614,4.52883,False,False
2023-09-13 00:00:00+02:00,69.2593,4.38746,43.3178,45.6798,59.2614,4.52384,False,False
2023-09-14 00:00:00+02:00,54.6158,4.39516,45.4966,46.5133,59.0685,4.5189,False,False
2023-09-15 00:00:00+02:00,52.3096,4.40896,47.8692,47.1782,58.9855,4.51383,True,False
2023-09-16 00:00:00+02:00,43.3934,4.41057,48.5556,47.0489,58.956,4.50897,True,False
2023-09-17 00:00:00+02:00,39.6392,4.41714,51.1352,46.3728,58.9052,4.50418,True,False
2023-09-18 00:00:00+02:00,29.1553,4.40058,49.9255,43.5233,58.7555,4.499,True,False
2023-09-19 00:00:00+02:00,47.3931,4.42423,47.9665,43.3244,58.7505,4.4946,True,False
2023-09-20 00:00:00+02:00,48.4384,4.43228,44.9921,43.5462,58.7105,4.49057,True,False
2023-09-21 00:00:00+02:00,47.5875,4.43412,43.9881,43.4684,58.5946,4.48661,True,False
2023-09-22 00:00:00+02:00,49.7588,4.4082,43.6237,43.5398,58.473,4.48238,True,False
2023-09-23 00:00:00+02:00,38.4748,4.40871,42.921,42.7905,58.468,4.47836,True,False
2023-09-24 00:00:00+02:00,27.66,4.40826,41.2097,42.1457,58.377,4.47466,False,False
2023-09-25 00:00:00+02:00,23.4057,4.40702,40.3883,41.2373,58.2173,4.47098,False,False
2023-09-26 00:00:00+02:00,42.7386,4.40347,39.7234,41.5867,57.9606,4.46712,False,False
2023-09-27 00:00:00+02:00,31.9675,4.3971,37.3704,41.8409,57.1241,4.46321,False,False
2023-09-28 00:00:00+02:00,38.8231,4.39697,36.1184,41.9011,57.0957,4.45866,False,False
2023-09-29 00:00:00+02:00,40.2822,4.42826,34.7645,41.4767,56.832,4.45488,False,False
2023-09-30 00:00:00+02:00,46.8744,4.43675,35.9645,41.2688,56.8276,4.45128,False,False
2023-10-01 00:00:00+02:00,37.4689,4.44947,37.3658,41.0932,56.7251,4.44801,False,True
2023-10-02 00:00:00+02:00,39.5964,4.47429,39.6787,40.7829,56.5672,4.44522,False,True
2023-10-03 00:00:00+02:00,63.4411,4.46709,42.6362,41.662,56.7251,4.44234,True,True
2023-10-04 00:00:00+02:00,59.495,4.47338,46.5687,42.7132,56.7251,4.4395,True,True
2023-10-05 00:00:00+02:00,69.2907,4.48961,50.9212,43.8788,56.7251,4.43751,True,True
2023-10-06 00:00:00+02:00,60.1726,4.48004,53.7627,44.5069,56.7251,4.43598,True,True
2023-10-07 00:00:00+02:00,54.1248,4.50885,54.7985,44.9989,56.5672,4.43705,True,True
2023-10-08 00:00:00+02:00,54.1383,4.49534,57.1798,45.6135,56.5672,4.43759,True,True
2023-10-09 00:00:00+02:00,38.1006,4.48843,56.9662,45.5972,56.5672,4.43776,True,True
2023-10-10 00:00:00+02:00,49.7699,4.45087,55.0131,46.5368,56.5672,4.43696,True,True
2023-10-11 00:00:00+02:00,49.6648,4.44549,53.6088,46.9382,56.5672,4.43646,True,True
2023-10-12 00:00:00+02:00,50.8693,4.42775,50.9772,46.597,56.5627,4.4364,True,False
2023-10-13 00:00:00+02:00,46.1364,4.41493,48.972,45.8262,56.5627,4.43531,True,False
2023-10-14 00:00:00+02:00,36.693,4.43087,46.4817,45.2288,56.4402,4.43484,True,False
2023-10-15 00:00:00+02:00,33.6077,4.42617,43.5488,44.6054,56.3823,4.43436,False,False
2023-10-16 00:00:00+02:00,24.0635,4.43084,41.5435,43.9611,56.3823,4.43396,False,False
2023-10-17 00:00:00+02:00,57.3177,4.46992,42.6218,44.5503,56.4402,4.43425,False,True
2023-10-18 00:00:00+02:00,56.2623,4.45951,43.5643,45.4539,56.4402,4.43439,False,True
2023-10-19 00:00:00+02:00,43.9007,4.44536,42.5688,45.3375,56.4402,4.43313,False,True
2023-10-20 00:00:00+02:00,46.1127,4.47052,42.5654,45.26,56.4402,4.43297,False,True
2023-10-21 00:00:00+02:00,68.8695,4.50879,47.162,45.9694,56.4402,4.43445,True,True
2023-10-22 00:00:00+02:00,55.0191,4.54645,50.2208,46.1447,56.3823,4.43696,True,True
2023-10-23 00:00:00+02:00,62.5854,4.53993,55.7239,46.9484,56.4402,4.43926,True,True
2023-10-24 00:00:00+02:00,76.6069,4.58284,58.4795,48.58,56.5627,4.44238,True,True
2023-10-25 00:00:00+02:00,124.918,4.62032,68.2874,51.9637,56.5672,4.44643,True,True
2023-10-26 00:00:00+02:00,98.4792,4.63298,76.0843,53.8217,56.5672,4.4504,True,True
2023-10-27 00:00:00+02:00,88.6762,4.63927,82.1648,55.712,56.5672,4.45465,True,True
2023-10-28 00:00:00+02:00,75.9279,4.62704,83.1732,56.9488,56.5672,4.45844,False,True
2023-10-29 00:00:00+02:00,50.1742,4.63761,82.481,57.2786,56.5627,4.46263,False,True
2023-10-30 00:00:00+01:00,43.62,4.65888,79.7717,57.1701,56.4402,4.46727,False,True
2023-10-31 00:00:00+01:00,60.4295,4.67817,77.4607,57.9354,56.4402,4.47272,False,True
2023-11-01 00:00:00+01:00,72.5047,4.69865,69.9731,59.0324,56.4402,4.4795,False,True
2023-11-02 00:00:00+01:00,85.1133,4.74781,68.0637,59.7548,56.4402,4.4867,False,True
2023-11-03 00:00:00+01:00,107.083,4.72098,70.6932,61.341,56.4402,4.49322,False,True
2023-11-04 00:00:00+01:00,88.053,4.73077,72.4253,61.9664,56.4402,4.49966,False,True
2023-11-05 00:00:00+01:00,60.411,4.75267,73.8877,61.9744,56.4402,4.5065,False,True
2023-11-06 00:00:00+01:00,62.6352,4.76092,76.6042,62.2581,56.4402,4.51338,False,True
2023-11-07 00:00:00+01:00,77.7533,4.79707,79.079,63.0452,56.4402,4.52131,False,True
2023-11-08 00:00:00+01:00,85.1158,4.78849,80.8806,64.6124,56.4402,4.52859,False,True
2023-11-09 00:00:00+01:00,65.6737,4.79928,78.1035,65.1425,56.4402,4.53593,False,True
2023-11-10 00:00:00+01:00,101.165,4.82259,77.2581,66.8592,56.4402,4.5437,False,True
2023-11-11 00:00:00+01:00,115.98,4.89642,81.2477,69.0296,56.4402,4.55346,False,True
2023-11-12 00:00:00+01:00,109.888,4.92417,88.3158,71.1546,56.4402,4.56377,False,True
2023-11-13 00:00:00+01:00,117.483,4.95057,96.1512,73.8476,56.4402,4.57462,False,True
2023-11-14 00:00:00+01:00,120.734,4.89052,102.291,76.7518,56.4402,4.58429,False,True
2023-11-15 00:00:00+01:00,129.245,4.90043,108.596,80.2579,56.4402,4.59423,False,True
2023-11-16 00:00:00+01:00,111.692,4.98684,115.17,82.0704,56.4402,4.60602,False,True
2023-11-17 00:00:00+01:00,129.085,4.95097,119.158,84.4978,56.4402,4.6171,False,True
2023-11-18 00:00:00+01:00,140.117,4.95486,122.606,87.705,56.4402,4.62764,False,True
2023-11-19 00:00:00+01:00,93.2924,4.95014,120.236,89.2776,56.4402,4.6379,False,True
2023-11-20 00:00:00+01:00,72.9196,4.96778,113.869,89.4126,56.5627,4.64827,False,True
2023-11-21 00:00:00+01:00,81.844,4.94663,108.314,90.3068,56.5627,4.65772,False,True
2023-11-22 00:00:00+01:00,99.5803,4.88641,104.076,91.54,56.5627,4.6661,False,True
2023-11-23 00:00:00+01:00,101.695,4.95577,102.648,92.3762,56.5627,4.67575,False,True
2023-11-24 00:00:00+01:00,73.9209,4.9518,94.7669,90.6763,56.5627,4.68499,False,True
2023-11-25 00:00:00+01:00,63.2473,4.95583,83.7856,89.5019,56.5627,4.69451,False,True
2023-11-26 00:00:00+01:00,48.1041,4.96594,77.3301,88.1495,56.4402,4.70365,False,True
2023-11-27 00:00:00+01:00,45.1078,4.96099,73.357,87.1222,56.4402,4.71297,False,True
2023-11-28 00:00:00+01:00,67.5277,4.92659,71.3118,87.7007,56.5627,4.72173,False,True
2023-11-29 00:00:00+01:00,60.8456,4.95162,65.7783,88.2748,56.5627,4.73174,False,True
2023-11-30 00:00:00+01:00,62.123,4.95717,60.1252,88.3313,56.5627,4.74198,False,True
2023-12-01 00:00:00+01:00,55.7191,4.96083,57.5249,87.7718,56.4402,4.75264,False,True
2023-12-02 00:00:00+01:00,54.5117,4.97896,56.277,86.7517,56.2623,4.76392,False,True
2023-12-03 00:00:00+01:00,42.0765,5.00291,55.4159,84.5848,56.2623,4.77536,False,True
2023-12-04 00:00:00+01:00,48.3957,5.01672,55.8856,83.2629,56.2623,4.78717,False,True
2023-12-05 00:00:00+01:00,79.8958,5.0179,57.6525,83.9124,56.4402,4.79891,False,True
2023-12-06 00:00:00+01:00,76.5255,5.05136,59.8925,84.3754,56.5627,4.81054,False,True
2023-12-07 00:00:00+01:00,101.787,5.0702,65.5588,85.1766,56.5672,4.82276,False,True
2023-12-08 00:00:00+01:00,93.1012,5.09575,70.8991,85.4428,56.7251,4.83576,False,True
2023-12-09 00:00:00+01:00,85.9729,5.15258,75.3936,86.1194,56.8276,4.8494,False,True
2023-12-10 00:00:00+01:00,93.5277,5.16345,82.7437,85.8648,56.832,4.8625,False,True
2023-12-11 00:00:00+01:00,78.922,5.19331,87.1046,84.6296,57.0957,4.87543,False,True
2023-12-12 00:00:00+01:00,131.085,5.15274,94.4173,85.3361,57.1241,4.88769,False,True
2023-12-13 00:00:00+01:00,111.605,5.13128,99.4286,85.1402,57.3177,4.89866,False,True
2023-12-14 00:00:00+01:00,105.386,5.17546,99.9427,84.6286,57.3177,4.90976,False,True
2023-12-15 00:00:00+01:00,95.207,5.19273,100.244,83.494,57.9606,4.92096,False,True
2023-12-16 00:00:00+01:00,92.9678,5.17989,101.243,82.8698,57.9606,4.93177,False,True
2023-12-17 00:00:00+01:00,82.4981,5.18709,99.6672,81.3169,57.9606,4.94297,False,True
2023-12-18 00:00:00+01:00,71.7091,5.16779,98.6368,79.0367,57.9606,4.95357,False,True
2023-12-19 00:00:00+01:00,88.3615,5.17828,92.5334,78.8723,58.2173,4.96396,False,True
2023-12-20 00:00:00+01:00,81.5089,5.1613,88.2341,79.1586,58.468,4.97362,False,True
2023-12-21 00:00:00+01:00,85.6942,5.21153,85.421,79.287,58.468,4.98388,False,True
2023-12-22 00:00:00+01:00,95.226,5.26411,85.4237,79.1418,58.5946,4.99421,False,True
2023-12-23 00:00:00+01:00,100.377,5.26835,86.4821,79.0979,58.7105,5.00516,False,True
2023-12-24 00:00:00+01:00,69.6934,5.29816,84.6529,78.957,58.7505,5.0165,False,True
2023-12-25 00:00:00+01:00,89.8303,5.29497,87.2416,79.8431,58.7555,5.02735,False,True
2023-12-26 00:00:00+01:00,88.5299,5.32854,87.2657,81.1906,58.9052,5.0387,False,True
2023-12-27 00:00:00+01:00,94.8452,5.2792,89.1708,82.8485,58.956,5.04834,False,True
2023-12-28 00:00:00+01:00,92.0049,5.28145,90.0724,83.6644,58.9855,5.0582,False,True
2023-12-29 00:00:00+01:00,102.377,5.26287,91.094,85.0488,59.0685,5.06747,False,True
2023-12-30 00:00:00+01:00,95.7748,5.24823,90.4365,86.1705,59.0685,5.07599,False,True
2023-12-31 00:00:00+01:00,69.803,5.24058,90.4522,86.64,59.0685,5.08287,False,True
2024-01-01 00:00:00+01:00,57.7042,5.22865,85.8627,86.7464,59.0685,5.08896,False,True
2024-01-02 00:00:00+01:00,61.7559,5.2748,82.0379,87.4024,59.3103,5.09545,False,True
2024-01-03 00:00:00+01:00,74.1943,5.28105,79.0878,88.2623,59.3106,5.10326,False,True
2024-01-04 00:00:00+01:00,124.253,5.20446,83.6947,89.7409,59.3106,5.10934,False,True
2024-01-05 00:00:00+01:00,105.026,5.24122,84.073,90.6909,59.3106,5.11442,False,True
2024-01-06 00:00:00+01:00,98.8131,5.20832,84.5071,90.5918,59.3235,5.11957,False,True
2024-01-07 00:00:00+01:00,76.9357,5.18106,85.526,90.0529,59.495,5.12409,False,True
2024-01-08 00:00:00+01:00,68.257,5.15985,87.0336,89.4624,59.5718,5.12829,False,True
2024-01-09 00:00:00+01:00,110.253,5.22934,93.9617,90.0199,59.9232,5.13352,False,True
2024-01-10 00:00:00+01:00,103.972,5.21826,98.2156,90.8549,59.9232,5.13895,False,True
2024-01-11 00:00:00+01:00,120.664,5.28153,97.703,90.5076,59.9232,5.14686,False,True
2024-01-12 00:00:00+01:00,135.909,5.27805,102.115,91.3177,59.9232,5.1533,False,True
2024-01-13 00:00:00+01:00,108.608,5.1982,103.514,91.4251,59.9232,5.15823,False,True
2024-01-14 00:00:00+01:00,89.5064,5.22746,105.31,91.2351,59.9232,5.16366,False,True
2024-01-15 00:00:00+01:00,64.0622,5.21978,104.711,90.2716,59.9232,5.16874,False,True
2024-01-16 00:00:00+01:00,72.8453,5.2101,99.3666,89.9498,59.9232,5.17372,False,True
2024-01-17 00:00:00+01:00,60.3183,5.23119,93.1304,89.5701,59.9232,5.17981,False,True
2024-01-18 00:00:00+01:00,65.1425,5.22637,85.1987,88.7961,59.9232,5.18531,False,True
2024-01-19 00:00:00+01:00,66.6291,5.18295,75.3016,88.3001,59.9232,5.18982,False,False
2024-01-20 00:00:00+01:00,76.1772,5.17477,70.6687,87.9829,59.9232,5.1941,False,False
2024-01-21 00:00:00+01:00,57.7306,5.17601,66.1293,86.7331,59.5718,5.19804,False,False
2024-01-22 00:00:00+01:00,38.5423,5.16919,62.4836,84.6719,59.495,5.20137,False,False
2024-01-23 00:00:00+01:00,75.8689,5.10538,62.9155,84.8778,59.495,5.20314,False,False
2024-01-24 00:00:00+01:00,103.837,5.08778,69.1325,85.3446,59.495,5.20454,False,False
2024-01-25 00:00:00+01:00,87.5424,5.1053,72.3325,85.3117,59.495,5.20562,False,False
2024-01-26 00:00:00+01:00,68.3966,5.10422,72.585,84.4301,59.495,5.2063,False,False
2024-01-27 00:00:00+01:00,64.909,5.14741,70.9753,83.5269,59.495,5.20733,False,False
2024-01-28 00:00:00+01:00,46.5884,5.1558,69.3835,81.6673,59.3235,5.2074,False,False
2024-01-29 00:00:00+01:00,58.9711,5.16141,72.3019,80.4405,59.3106,5.20736,False,False
2024-01-30 00:00:00+01:00,67.1486,5.1988,71.0562,80.352,59.3106,5.20747,False,False
2024-01-31 00:00:00+01:00,64.0311,5.19627,65.3696,80.5629,59.3106,5.20834,False,False
2024-02-01 00:00:00+01:00,75.7122,5.15976,63.6796,81.0281,59.3106,5.20891,False,False
2024-02-02 00:00:00+01:00,76.2885,5.16355,64.807,81.0979,59.3106,5.20867,False,False
2024-02-03 00:00:00+01:00,60.3875,5.19123,64.1611,78.9691,59.3106,5.20864,False,False
2024-02-04 00:00:00+01:00,49.5071,5.18499,64.578,77.1185,59.3103,5.20874,False,False
2024-02-05 00:00:00+01:00,42.0348,5.16481,62.1585,75.2258,59.3103,5.20829,False,False
2024-02-06 00:00:00+01:00,53.2018,5.15969,60.1661,74.4347,59.3103,5.20813,False,False
2024-02-07 00:00:00+01:00,52.4391,5.17705,58.5101,73.9075,59.3103,5.20811,False,False
2024-02-08 00:00:00+01:00,47.7147,5.19955,54.5105,71.8228,59.3103,5.20887,False,False
2024-02-09 00:00:00+01:00,51.9209,5.20956,51.0294,70.0878,58.9711,5.20883,False,True
2024-02-10 00:00:00+01:00,59.1367,5.25424,50.8507,68.0369,58.9711,5.20864,False,True
2024-02-11 00:00:00+01:00,53.5448,5.27098,51.4275,65.2914,58.7555,5.20869,False,True
2024-02-12 00:00:00+01:00,50.406,5.26389,52.6234,63.3514,58.7555,5.208,False,True
2024-02-13 00:00:00+01:00,59.2424,5.30065,53.4864,62.3426,58.9711,5.20812,False,True
2024-02-14 00:00:00+01:00,69.6984,5.2891,55.952,62.5304,58.9711,5.20733,False,True
2024-02-15 00:00:00+01:00,64.0513,5.33524,58.2858,62.2373,58.9711,5.20845,False,True
2024-02-16 00:00:00+01:00,72.3064,5.3322,61.198,62.6369,59.1367,5.20946,False,True
2024-02-17 00:00:00+01:00,71.9305,5.32223,63.0257,62.8632,59.1367,5.21065,False,True
2024-02-18 00:00:00+01:00,51.9396,5.31351,62.7964,62.3735,58.9711,5.21196,False,True
2024-02-19 00:00:00+01:00,49.4519,5.3363,62.6601,61.4827,58.9711,5.21387,False,True
2024-02-20 00:00:00+01:00,57.991,5.33702,62.4813,61.4914,58.9711,5.21604,False,True
2024-02-21 00:00:00+01:00,74.3809,5.32792,63.1503,62.686,58.9711,5.2171,False,True
2024-02-22 00:00:00+01:00,74.2757,5.30057,64.6109,62.6329,58.9711,5.21749,False,True
2024-02-23 00:00:00+01:00,68.4272,5.29747,64.0567,61.4526,58.9711,5.21935,False,True
2024-02-24 00:00:00+01:00,63.9389,5.27419,62.915,60.6658,58.9711,5.22001,False,True
2024-02-25 00:00:00+01:00,47.848,5.29933,62.3305,59.9808,58.7555,5.22183,False,True
2024-02-26 00:00:00+01:00,41.7749,5.30905,61.2338,59.2097,58.7555,5.22439,False,True
2024-02-27 00:00:00+01:00,55.5288,5.3495,60.8821,59.5077,58.7555,5.22818,False,True
2024-02-28 00:00:00+01:00,78.8644,5.37184,61.5226,60.1708,58.9711,5.23103,False,True
2024-02-29 00:00:00+01:00,103.174,5.40402,65.6508,61.3716,59.1367,5.23475,False,True
2024-03-01 00:00:00+01:00,138.787,5.42116,75.7023,63.8635,59.2424,5.23754,False,True
2024-03-02 00:00:00+01:00,107.959,5.46002,81.9909,64.9384,59.3103,5.24118,False,True
2024-03-03 00:00:00+01:00,81.1556,5.46808,86.7491,65.1006,59.3103,5.24658,False,True
2024-03-04 00:00:00+01:00,75.3702,5.47362,91.5484,65.6001,59.3106,5.2515,False,True
2024-03-05 00:00:00+01:00,92.4809,5.50539,96.8273,67.0325,59.3235,5.25721,False,True
2024-03-06 00:00:00+01:00,149.349,5.43102,106.896,70.6097,59.495,5.26163,False,True
2024-03-07 00:00:00+01:00,166.423,5.48964,115.932,74.3837,59.5718,5.2668,False,True
2024-03-08 00:00:00+01:00,110.734,5.53264,111.924,76.3268,59.5718,5.27293,False,True
2024-03-09 00:00:00+01:00,88.1755,5.52904,109.098,77.6755,59.5718,5.27985,False,True
2024-03-10 00:00:00+01:00,64.2495,5.53512,106.683,78.0865,59.5718,5.28705,False,True
2024-03-11 00:00:00+01:00,54.7522,5.51078,103.738,77.9403,59.495,5.29375,False,True
2024-03-12 00:00:00+01:00,101.953,5.61396,105.091,79.554,59.495,5.30265,False,True
2024-03-13 00:00:00+01:00,129.114,5.61708,102.2,82.1776,59.495,5.31288,False,True
2024-03-14 00:00:00+01:00,98.8323,5.64061,92.5443,83.4972,59.495,5.32394,False,True
2024-03-15 00:00:00+01:00,117.465,5.63589,93.506,85.0894,59.495,5.33455,False,True
2024-03-16 00:00:00+01:00,186.342,5.63317,107.53,89.1658,59.495,5.34513,False,True
2024-03-17 00:00:00+01:00,135.851,5.58969,117.759,91.284,59.495,5.35397,False,True
2024-03-18 00:00:00+01:00,132.87,5.64017,128.918,93.3153,59.495,5.36366,False,True
2024-03-19 00:00:00+01:00,121.489,5.64644,131.709,95.6336,59.495,5.37336,False,True
2024-03-20 00:00:00+01:00,187.468,5.54005,140.045,100.234,59.495,5.38019,False,True
2024-03-21 00:00:00+01:00,173.627,5.61893,150.73,104.089,59.495,5.38864,False,True
2024-03-22 00:00:00+01:00,128.532,5.59208,152.311,105.894,59.495,5.39729,False,True
2024-03-23 00:00:00+01:00,114.286,5.54912,142.017,107.227,59.495,5.405,False,True
2024-03-24 00:00:00+01:00,88.0398,5.57635,135.187,107.881,59.495,5.4127,False,True
2024-03-25 00:00:00+01:00,67.3136,5.60652,125.822,107.994,59.495,5.42113,False,True
2024-03-26 00:00:00+01:00,77.0627,5.64541,119.475,108.967,59.5718,5.43074,False,True
2024-03-27 00:00:00+01:00,78.443,5.63567,103.901,110.19,59.5718,5.44026,False,True
2024-03-28 00:00:00+01:00,78.3828,5.60983,90.2942,110.951,59.5718,5.44892,False,True
2024-03-29 00:00:00+01:00,70.9254,5.6256,82.0647,110.687,59.5718,5.45744,False,True
2024-03-30 00:00:00+01:00,62.864,5.61944,74.7188,109.343,59.5718,5.46564,False,True
2024-03-31 00:00:00+01:00,52.1708,5.61755,69.5946,106.456,59.495,5.4729,False,True
2024-04-01 00:00:00+02:00,42.7401,5.6355,66.0841,104.282,59.495,5.48019,False,True
2024-04-02 00:00:00+02:00,67.3312,5.60407,64.6939,103.821,59.5718,5.487,False,True
2024-04-03 00:00:00+02:00,97.2379,5.5432,67.3789,104.55,59.9232,5.49185,False,True
2024-04-04 00:00:00+02:00,85.6641,5.53788,68.4191,104.323,59.9232,5.49682,False,True
2024-04-05 00:00:00+02:00,73.1945,5.54846,68.7432,101.784,60.0113,5.50109,False,True
2024-04-06 00:00:00+02:00,88.4999,5.5352,72.4055,99.187,60.1726,5.50515,False,True
2024-04-07 00:00:00+02:00,56.4947,5.55436,73.0232,97.379,60.1726,5.50979,False,True
2024-04-08 00:00:00+02:00,47.4068,5.56052,73.6899,96.0201,60.1726,5.51473,False,True
2024-04-09 00:00:00+02:00,63.5955,5.60571,73.1562,95.9983,60.3183,5.52012,False,True
2024-04-10 00:00:00+02:00,69.86,5.56904,69.2451,96.5019,60.3875,5.52476,False,True
2024-04-11 00:00:00+02:00,80.2828,5.569,68.4763,95.7795,60.411,5.52958,False,True
2024-04-12 00:00:00+02:00,70.63,5.561,68.1099,93.83,60.411,5.53479,False,True
2024-04-13 00:00:00+02:00,76.6531,5.45555,66.4176,93.0907,60.411,5.53795,False,False
2024-04-14 00:00:00+02:00,133.42,5.32632,77.4069,93.6226,60.411,5.53899,False,False
2024-04-15 00:00:00+02:00,204.198,5.37944,99.8056,94.2178,60.4295,5.54059,False,False
2024-04-16 00:00:00+02:00,131.62,5.37778,109.523,94.0767,60.8456,5.54197,False,False
2024-04-17 00:00:00+02:00,138.832,5.37642,119.376,94.2754,60.8456,5.54251,False,False
2024-04-18 00:00:00+02:00,114.92,5.35297,124.325,94.0565,60.9152,5.54213,False,False
2024-04-19 00:00:00+02:00,117.615,5.38084,131.037,91.7281,60.9152,5.54167,False,False
2024-04-20 00:00:00+02:00,120.514,5.39429,137.303,89.9576,60.9152,5.54113,False,False
2024-04-21 00:00:00+02:00,82.5366,5.43096,130.034,88.4245,60.9152,5.54055,False,False
2024-04-22 00:00:00+02:00,67.1727,5.42134,110.459,86.854,60.955,5.53961,False,False
2024-04-23 00:00:00+02:00,71.8327,5.46301,101.918,86.3138,60.9826,5.5394,False,False
2024-04-24 00:00:00+02:00,62.8947,5.45631,91.0694,86.1665,60.9826,5.53842,False,False
2024-04-25 00:00:00+02:00,69.2953,5.4227,84.5516,85.9076,61.1056,5.53825,False,False
2024-04-26 00:00:00+02:00,82.643,5.41596,79.5556,86.0476,61.1056,5.53678,False,False
2024-04-27 00:00:00+02:00,70.7067,5.40016,72.4402,85.7917,61.1056,5.53413,False,False
2024-04-28 00:00:00+02:00,66.9773,5.39232,70.2175,85.6601,61.1056,5.5314,False,False
2024-04-29 00:00:00+02:00,49.1488,5.4016,67.6426,85.2029,61.1056,5.52873,False,False
2024-04-30 00:00:00+02:00,64.9697,5.37767,66.6622,85.6296,61.7559,5.52606,False,False
2024-05-01 00:00:00+02:00,83.1813,5.32348,69.5603,86.9776,62.123,5.52025,False,False
2024-05-02 00:00:00+02:00,104.083,5.33663,74.5299,88.2026,62.5199,5.51464,False,False
2024-05-03 00:00:00+02:00,93.4528,5.35717,76.0742,88.0765,62.5854,5.50898,False,False
2024-05-04 00:00:00+02:00,71.3928,5.39913,76.1722,87.6008,62.6167,5.50424,False,False
2024-05-05 00:00:00+02:00,59.8124,5.41637,75.1487,87.1547,62.6167,5.4999,False,False
2024-05-06 00:00:00+02:00,55.3526,5.41624,76.0349,86.0498,62.6167,5.49644,False,False
2024-05-07 00:00:00+02:00,70.2522,5.43296,76.7896,86.5084,62.6352,5.49229,False,False
2024-05-08 00:00:00+02:00,76.4429,5.4087,75.8269,87.4762,62.6352,5.48754,False,False
2024-05-09 00:00:00+02:00,71.9534,5.36809,71.237,87.7548,62.6645,5.4841,False,False
2024-05-10 00:00:00+02:00,65.7652,5.39126,67.2816,87.6183,62.864,5.47954,False,False
2024-05-11 00:00:00+02:00,64.8666,5.36158,66.3493,87.1045,62.864,5.47493,False,False
2024-05-12 00:00:00+02:00,54.8952,5.36191,65.6469,86.58,62.6645,5.47119,False,False
2024-05-13 00:00:00+02:00,37.4459,5.35651,63.0888,85.2731,62.6645,5.46679,False,False
2024-05-14 00:00:00+02:00,62.9831,5.36725,62.0503,82.9252,62.864,5.46201,False,False
2024-05-15 00:00:00+02:00,67.4904,5.34689,60.7714,78.3683,62.8947,5.45604,False,False
2024-05-16 00:00:00+02:00,61.9505,5.40763,59.3424,76.0459,62.8947,5.45148,False,False
2024-05-17 00:00:00+02:00,62.0485,5.40374,58.8114,73.4865,62.8947,5.44735,False,False
2024-05-18 00:00:00+02:00,62.0473,5.44336,58.4087,71.7241,62.8947,5.44371,False,False
2024-05-19 00:00:00+02:00,46.3867,5.45392,57.1932,69.3498,62.8947,5.4404,False,True
2024-05-20 00:00:00+02:00,42.4942,5.43282,57.9144,66.7491,62.8947,5.4367,False,False
2024-05-21 00:00:00+02:00,63.6037,5.52228,58.003,66.118,62.9831,5.43444,False,True
2024-05-22 00:00:00+02:00,90.1912,5.52908,61.246,66.8853,63.2473,5.43294,False,True
2024-05-23 00:00:00+02:00,74.5122,5.52704,63.0406,66.9746,63.4411,5.43262,False,True
2024-05-24 00:00:00+02:00,81.3862,5.51703,65.8031,67.591,63.5921,5.4322,False,True
2024-05-25 00:00:00+02:00,92.0462,5.49902,70.0886,68.3494,63.5955,5.43121,False,True
2024-05-26 00:00:00+02:00,46.7663,5.50343,70.1429,67.1535,63.5955,5.43058,False,True
2024-05-27 00:00:00+02:00,39.3189,5.49113,69.6893,66.1072,63.5955,5.42931,False,True
2024-05-28 00:00:00+02:00,52.0009,5.51424,68.0317,65.608,63.5955,5.42839,False,True
2024-05-29 00:00:00+02:00,66.2878,5.49688,64.6169,66.1793,63.6037,5.42621,False,True
2024-05-30 00:00:00+02:00,59.7183,5.48824,62.5035,66.0043,63.6037,5.42459,False,True
2024-05-31 00:00:00+02:00,58.6837,5.48207,59.2603,65.1877,63.6037,5.42286,False,True
2024-06-01 00:00:00+02:00,50.495,5.48086,53.3244,63.4014,63.6037,5.42125,False,True
2024-06-02 00:00:00+02:00,32.5139,5.48294,51.2884,61.3701,63.6037,5.4218,False,True
2024-06-03 00:00:00+02:00,31.8459,5.46813,50.2208,60.0519,63.6037,5.42464,False,True
2024-06-04 00:00:00+02:00,47.8734,5.48197,49.6311,59.6539,63.6037,5.42669,False,True
2024-06-05 00:00:00+02:00,45.8835,5.49641,46.7162,59.3383,63.6037,5.42906,False,True
2024-06-06 00:00:00+02:00,46.832,5.5076,44.8753,58.5576,63.5955,5.43168,False,True
2024-06-07 00:00:00+02:00,38.7755,5.49565,42.0313,57.3021,63.5921,5.43454,False,True
2024-06-08 00:00:00+02:00,49.7698,5.45369,41.9277,56.5626,63.5921,5.43599,False,True
2024-06-09 00:00:00+02:00,51.8083,5.439,44.684,56.0974,63.5921,5.43689,False,True
2024-06-10 00:00:00+02:00,31.9997,5.45159,44.706,55.0018,63.4411,5.4373,False,True
2024-06-11 00:00:00+02:00,37.7941,5.44167,43.2661,54.4318,63.2473,5.43771,False,True
2024-06-12 00:00:00+02:00,70.4968,5.40073,46.7823,55.5335,63.2473,5.43646,False,False
2024-06-13 00:00:00+02:00,66.0282,5.42995,49.5246,55.635,63.2473,5.43593,False,False
2024-06-14 00:00:00+02:00,69.2219,5.39487,53.8741,55.6927,63.4411,5.43538,False,False
2024-06-15 00:00:00+02:00,61.329,5.38075,55.5254,55.672,63.2473,5.43467,False,False
2024-06-16 00:00:00+02:00,51.655,5.3887,55.5035,55.3255,63.2473,5.43444,True,False
2024-06-17 00:00:00+02:00,38.0967,5.39483,56.3745,54.5272,63.2473,5.43449,True,False
2024-06-18 00:00:00+02:00,65.6216,5.38317,60.3499,55.1683,63.4411,5.43413,True,False
2024-06-19 00:00:00+02:00,104.226,5.34548,65.1683,57.226,63.5921,5.43348,True,False
2024-06-20 00:00:00+02:00,73.7077,5.3533,66.2654,57.5628,63.5955,5.43408,True,False
2024-06-21 00:00:00+02:00,66.2344,5.34895,65.8386,56.7643,63.5955,5.43432,True,False
2024-06-22 00:00:00+02:00,65.8901,5.34395,66.4902,56.4769,63.5955,5.43406,True,False
2024-06-23 00:00:00+02:00,56.9742,5.33183,67.2501,55.6631,63.5955,5.43271,True,False
2024-06-24 00:00:00+02:00,34.3134,5.31358,66.7096,53.7387,63.5955,5.43066,True,False
2024-06-25 00:00:00+02:00,81.963,5.28953,69.0441,54.9119,63.6037,5.42812,True,False
2024-06-26 00:00:00+02:00,73.8937,5.31621,64.7109,56.0644,63.9389,5.42579,True,False
2024-06-27 00:00:00+02:00,56.6505,5.31674,62.2742,56.2194,63.9389,5.42395,True,False
2024-06-28 00:00:00+02:00,57.9549,5.35253,61.0914,55.9417,63.9389,5.42364,True,False
2024-06-29 00:00:00+02:00,58.8386,5.33008,60.084,55.9123,63.9389,5.42241,True,False
2024-06-30 00:00:00+02:00,39.29,5.33291,57.5577,55.2659,63.6037,5.42184,True,False
2024-07-01 00:00:00+02:00,37.11,5.34765,57.9572,54.8197,63.6037,5.42156,True,False
2024-07-02 00:00:00+02:00,50.059,5.36628,53.3995,55.4045,63.6037,5.42175,False,False
2024-07-03 00:00:00+02:00,44.6347,5.36481,49.2197,55.8308,63.6037,5.4217,False,False
2024-07-04 00:00:00+02:00,59.7971,5.3166,49.6692,56.2283,63.6037,5.4211,False,False
2024-07-05 00:00:00+02:00,87.681,5.27308,53.9158,57.6215,63.9389,5.41841,False,False
2024-07-06 00:00:00+02:00,138.4,5.243,65.2816,60.6738,63.9389,5.41519,True,False
2024-07-07 00:00:00+02:00,74.8475,5.29127,70.3612,61.8762,63.9389,5.41215,True,False
2024-07-08 00:00:00+02:00,64.2376,5.2469,74.2366,62.3585,64.0311,5.40801,True,False
2024-07-09 00:00:00+02:00,112.137,5.25786,83.105,64.3694,64.0513,5.40451,False,False
2024-07-10 00:00:00+02:00,86.8209,5.27723,89.1316,66.1968,64.0622,5.39961,False,False
2024-07-11 00:00:00+02:00,68.0245,5.27365,90.3069,67.2045,64.2376,5.3945,False,False
2024-07-12 00:00:00+02:00,65.9274,5.26823,87.1992,67.0522,64.2495,5.38932,False,False
2024-07-13 00:00:00+02:00,73.1328,5.28566,77.8754,67.289,64.2495,5.3847,False,False
2024-07-14 00:00:00+02:00,60.6945,5.32164,75.8536,67.0047,64.2376,5.38115,False,False
2024-07-15 00:00:00+02:00,66.1723,5.34944,76.1299,67.1662,64.2376,5.37807,False,False
2024-07-16 00:00:00+02:00,67.2192,5.38515,69.7131,67.685,64.2376,5.37595,False,True
2024-07-17 00:00:00+02:00,89.3414,5.41858,70.0732,69.3931,64.2376,5.37404,False,True
2024-07-18 00:00:00+02:00,84.8518,5.42276,72.4771,70.0342,64.2376,5.37255,False,True
2024-07-19 00:00:00+02:00,78.827,5.40065,74.3199,69.1875,64.2376,5.3708,False,True
2024-07-20 00:00:00+02:00,78.0664,5.43733,75.0247,69.3328,64.2376,5.36991,False,True
2024-07-21 00:00:00+02:00,59.5003,5.45665,74.8541,69.1083,64.2376,5.36942,False,True
2024-07-22 00:00:00+02:00,61.8995,5.49756,74.2437,68.9753,64.2376,5.36972,False,True
2024-07-23 00:00:00+02:00,79.3146,5.49007,75.9716,69.72,64.2495,5.37015,False,True
2024-07-24 00:00:00+02:00,81.2973,5.45615,74.8224,71.2861,64.8666,5.36964,False,True
2024-07-25 00:00:00+02:00,76.974,5.45158,73.697,71.1198,64.909,5.36874,False,True
2024-07-26 00:00:00+02:00,95.7274,5.42079,76.1113,71.8476,64.9697,5.367,False,True
2024-07-27 00:00:00+02:00,74.917,5.45398,75.6614,72.4565,65.1425,5.36617,False,True
2024-07-28 00:00:00+02:00,55.0718,5.45998,75.0288,72.3604,65.1425,5.3663,False,True
2024-07-29 00:00:00+02:00,60.615,5.4464,74.8453,72.4196,65.1425,5.36645,False,True
2024-07-30 00:00:00+02:00,58.2493,5.45056,71.836,73.0516,65.1425,5.36642,False,True
2024-07-31 00:00:00+02:00,68.5888,5.43825,70.0205,74.1009,65.6216,5.36636,False,True
2024-08-01 00:00:00+02:00,71.0611,5.42287,69.1758,74.801,65.6737,5.3668,False,True
2024-08-02 00:00:00+02:00,85.9315,5.39368,67.7764,76.1775,65.7652,5.36607,False,True
2024-08-03 00:00:00+02:00,99.2569,5.33487,71.2535,77.4929,65.8901,5.36487,False,False
2024-08-04 00:00:00+02:00,96.5048,5.29613,77.1725,77.787,65.9274,5.36318,False,False
2024-08-05 00:00:00+02:00,87.4092,5.25382,81.0002,76.0873,66.0282,5.36048,False,False
2024-08-06 00:00:00+02:00,261.1,5.16842,109.979,82.2957,66.1723,5.35596,False,False
2024-08-07 00:00:00+02:00,161.137,5.22661,123.2,85.5257,66.2344,5.35282,False,False
2024-08-08 00:00:00+02:00,122.737,5.24208,130.582,85.8791,66.2878,5.35076,False,False
2024-08-09 00:00:00+02:00,134.575,5.31788,137.532,87.4709,66.6291,5.35005,False,False
2024-08-10 00:00:00+02:00,103.181,5.29008,138.092,88.6427,66.9773,5.34887,False,False
2024-08-11 00:00:00+02:00,72.8666,5.29671,134.715,88.8741,67.1486,5.34793,False,False
2024-08-12 00:00:00+02:00,62.2395,5.24971,131.12,88.5109,67.1486,5.34628,False,False
2024-08-13 00:00:00+02:00,101.78,5.26379,108.36,89.8805,67.1727,5.34529,False,False
2024-08-14 00:00:00+02:00,89.1811,5.28994,98.08,90.6474,67.2192,5.3453,False,False
2024-08-15 00:00:00+02:00,73.9757,5.26348,91.1141,90.8726,67.3136,5.34424,False,False
2024-08-16 00:00:00+02:00,71.4771,5.23685,82.1001,90.2772,67.3312,5.34264,False,False
2024-08-17 00:00:00+02:00,79.5331,5.24719,78.7219,90.0999,67.4904,5.34054,False,False
2024-08-18 00:00:00+02:00,48.8707,5.2524,75.2939,89.1013,67.3312,5.33898,False,False
2024-08-19 00:00:00+02:00,44.5446,5.2694,72.766,87.9839,67.3312,5.33771,False,False
2024-08-20 00:00:00+02:00,59.9575,5.26893,66.7914,87.9992,67.3312,5.33614,False,False
2024-08-21 00:00:00+02:00,63.0975,5.28083,63.0652,88.0391,67.3312,5.33443,False,False
2024-08-22 00:00:00+02:00,60.5045,5.30446,61.1407,87.4121,67.3312,5.33322,False,False
2024-08-23 00:00:00+02:00,57.8694,5.30781,59.1968,86.6312,67.3312,5.33305,False,False
2024-08-24 00:00:00+02:00,58.8929,5.36487,56.2481,86.0285,67.3312,5.33488,False,True
2024-08-25 00:00:00+02:00,61.474,5.36636,58.0486,84.8867,67.3312,5.33735,False,True
2024-08-26 00:00:00+02:00,54.1915,5.37891,59.4268,84.1958,67.3312,5.3391,False,True
2024-08-27 00:00:00+02:00,60.2606,5.34781,59.4701,84.3688,67.3312,5.34112,False,True
2024-08-28 00:00:00+02:00,63.9608,5.2965,59.5934,84.4803,67.3312,5.34189,False,False
2024-08-29 00:00:00+02:00,96.7736,5.27715,64.7747,85.7645,67.4904,5.34189,False,False
2024-08-30 00:00:00+02:00,73.7553,5.26647,67.0441,85.9367,67.5277,5.34175,False,False
2024-08-31 00:00:00+02:00,70.6755,5.26115,68.7273,85.9238,68.0245,5.34161,False,False
2024-09-01 00:00:00+02:00,46.0557,5.25779,66.5247,84.5946,68.0245,5.34105,False,False
2024-09-02 00:00:00+02:00,52.648,5.23883,66.3042,83.041,68.0245,5.33939,False,False
2024-09-03 00:00:00+02:00,72.657,5.25412,68.0751,82.2461,68.257,5.33749,False,False
2024-09-04 00:00:00+02:00,54.6401,5.23016,66.7436,81.1538,68.257,5.33439,False,False
2024-09-05 00:00:00+02:00,72.5489,5.23803,63.2829,74.8687,68.3966,5.33078,False,False
2024-09-06 00:00:00+02:00,62.2413,5.20479,61.6381,71.5722,68.3966,5.32642,False,False
2024-09-07 00:00:00+02:00,78.5824,5.16217,62.7676,70.1004,68.4272,5.32165,False,False
2024-09-08 00:00:00+02:00,64.2982,5.17882,65.3737,67.7578,68.4272,5.31648,False,False
2024-09-09 00:00:00+02:00,46.1388,5.20052,64.4438,65.8564,68.4272,5.31135,False,False
2024-09-10 00:00:00+02:00,65.2793,5.24023,63.3899,65.6035,68.4272,5.30621,False,False
2024-09-11 00:00:00+02:00,58.6444,5.24291,63.9619,65.4836,68.4272,5.30126,False,False
2024-09-12 00:00:00+02:00,62.4675,5.22591,62.5217,64.1732,68.3966,5.29666,False,False
2024-09-13 00:00:00+02:00,58.5042,5.24733,61.9878,63.1507,68.3966,5.29257,False,False
2024-09-14 00:00:00+02:00,54.0879,5.28111,58.4886,62.4877,68.3966,5.28978,False,False
2024-09-15 00:00:00+02:00,44.7963,5.28597,55.7026,61.5984,68.3966,5.28642,False,False
2024-09-16 00:00:00+02:00,37.1438,5.25476,54.4176,60.1854,68.3966,5.28232,False,False
2024-09-17 00:00:00+02:00,59.3438,5.24058,53.5697,60.5345,68.3966,5.2782,False,False
2024-09-18 00:00:00+02:00,58.6646,5.25954,53.5726,61.0052,68.3966,5.27438,False,False
2024-09-19 00:00:00+02:00,57.0552,5.25141,52.7994,60.9084,68.3966,5.27064,False,False
2024-09-20 00:00:00+02:00,67.6479,5.30895,54.1056,61.0601,68.3966,5.26836,False,True
2024-09-21 00:00:00+02:00,66.5468,5.33386,55.8855,61.2615,68.3966,5.26717,False,True
2024-09-22 00:00:00+02:00,45.3618,5.33804,55.9663,60.8446,68.3966,5.26723,False,True
2024-09-23 00:00:00+02:00,42.8034,5.31849,56.7748,60.3083,68.3966,5.26768,False,True
2024-09-24 00:00:00+02:00,65.8205,5.33709,57.7,60.4532,68.3966,5.26934,False,True
2024-09-25 00:00:00+02:00,53.6707,5.34846,56.9866,60.4358,68.3966,5.27294,False,True
2024-09-26 00:00:00+02:00,52.1684,5.34009,56.2885,60.1661,68.3966,5.27521,False,True
2024-09-27 00:00:00+02:00,52.3158,5.37085,54.0982,59.7779,68.3966,5.27779,False,True
2024-09-28 00:00:00+02:00,57.3193,5.38703,52.78,58.4628,68.3966,5.27917,False,True
2024-09-29 00:00:00+02:00,46.7814,5.38657,52.9828,57.5636,68.3966,5.2811,False,True
2024-09-30 00:00:00+02:00,45.5274,5.39903,53.3719,56.7254,68.3966,5.28315,False,True
2024-10-01 00:00:00+02:00,64.4283,5.36847,53.173,57.3378,68.3966,5.28552,False,True
2024-10-02 00:00:00+02:00,73.597,5.31573,56.0197,58.0361,68.4272,5.28656,False,True
2024-10-03 00:00:00+02:00,95.6708,5.27181,62.2343,58.8032,68.5888,5.2862,True,False
2024-10-04 00:00:00+02:00,99.5178,5.25267,68.9774,60.2991,68.5888,5.28598,True,False
2024-10-05 00:00:00+02:00,71.4491,5.28832,70.996,60.2625,68.8695,5.28701,True,True
2024-10-06 00:00:00+02:00,44.6982,5.2736,70.6984,59.6777,68.8695,5.28754,True,False
2024-10-07 00:00:00+02:00,39.2361,5.28997,69.7996,58.3662,68.8695,5.28829,True,True
2024-10-08 00:00:00+02:00,58.6305,5.30646,68.9714,58.1772,68.8695,5.28903,True,True
2024-10-09 00:00:00+02:00,66.6538,5.29363,67.9795,58.8611,68.8695,5.28953,True,True
2024-10-10 00:00:00+02:00,52.2725,5.26862,61.7797,58.4275,68.8695,5.28928,True,False
2024-10-11 00:00:00+02:00,58.8144,5.26558,55.9649,58.4332,68.8695,5.28851,False,False
2024-10-12 00:00:00+02:00,50.2287,5.30463,52.9335,58.0252,68.8695,5.28844,False,True
2024-10-13 00:00:00+02:00,40.9371,5.319,52.3962,57.4396,68.8695,5.28753,False,True
2024-10-14 00:00:00+02:00,38.3131,5.31603,52.2643,56.9138,68.8695,5.28652,False,True
2024-10-15 00:00:00+02:00,56.8641,5.35416,52.012,57.3161,68.8695,5.28602,False,True
2024-10-16 00:00:00+02:00,67.7934,5.34293,52.1748,58.3377,68.8695,5.28593,False,True
2024-10-17 00:00:00+02:00,65.8392,5.35076,54.1129,58.5542,68.8695,5.28701,False,True
2024-10-18 00:00:00+02:00,56.171,5.33667,53.7352,58.4711,68.8695,5.2882,False,True
2024-10-19 00:00:00+02:00,50.6407,5.35489,53.7941,58.2573,68.8695,5.28997,False,True
2024-10-20 00:00:00+02:00,33.2844,5.35684,52.7009,57.1119,68.5888,5.29188,False,True
2024-10-21 00:00:00+02:00,32.836,5.37657,51.9184,55.9882,68.5888,5.29426,False,True
2024-10-22 00:00:00+02:00,55.7831,5.37262,51.764,56.3355,68.5888,5.29694,False,True
2024-10-23 00:00:00+02:00,58.7606,5.36175,50.4736,56.8675,68.4272,5.29909,False,True
2024-10-24 00:00:00+02:00,56.7742,5.34035,49.1786,56.5659,68.3966,5.30129,False,True
2024-10-25 00:00:00+02:00,55.261,5.36319,49.0486,56.6189,68.257,5.30379,False,True
2024-10-26 00:00:00+02:00,58.1781,5.33161,50.1253,56.8192,68.0245,5.30633,False,True
2024-10-27 00:00:00+02:00,67.9785,5.32715,55.0816,57.3413,67.9785,5.30963,False,True
2024-10-28 00:00:00+01:00,35.9559,5.34464,55.5273,56.6292,67.9785,5.31295,False,True
2024-10-29 00:00:00+01:00,50.9464,5.3608,54.8364,56.768,67.9785,5.31615,False,True
2024-10-30 00:00:00+01:00,57.3781,5.38166,54.6389,57.1631,67.9785,5.31898,False,True
2024-10-31 00:00:00+01:00,55.3329,5.37254,54.433,56.8599,67.7934,5.32157,False,True
2024-11-01 00:00:00+01:00,52.8165,5.33399,54.0838,56.1672,67.6479,5.32374,False,True
2024-11-02 00:00:00+01:00,66.7551,5.32504,55.3091,55.2034,67.5277,5.32529,True,False
2024-11-03 00:00:00+01:00,45.9927,5.31781,52.1682,53.4192,67.4904,5.32602,False,False
2024-11-04 00:00:00+01:00,52.2869,5.30289,54.5012,52.7804,67.4904,5.32636,True,False
2024-11-05 00:00:00+01:00,58.3154,5.28279,55.5539,53.2343,67.4904,5.32692,True,False
2024-11-06 00:00:00+01:00,64.0934,5.31621,56.5133,54.0629,67.3312,5.32844,True,False
2024-11-07 00:00:00+01:00,96.7725,5.41836,62.4332,55.3343,67.3312,5.33161,True,True
2024-11-08 00:00:00+01:00,80.7021,5.43851,66.4169,55.8026,67.4904,5.33535,True,True
2024-11-09 00:00:00+01:00,74.0269,5.45888,67.4557,56.5277,67.4904,5.33835,True,True
2024-11-10 00:00:00+01:00,61.233,5.48005,69.6329,56.6084,67.3312,5.34128,True,True
2024-11-11 00:00:00+01:00,87.2971,5.53168,74.6343,57.844,67.3312,5.34515,True,True
2024-11-12 00:00:00+01:00,113.41,5.59519,82.5049,60.2597,67.3312,5.35068,True,True
2024-11-13 00:00:00+01:00,168.431,5.61773,97.4103,64.597,67.3312,5.3563,True,True
2024-11-14 00:00:00+01:00,160.497,5.5919,106.514,68.0514,67.3312,5.36116,False,True
2024-11-15 00:00:00+01:00,136.702,5.60008,114.514,70.3484,67.3312,5.36636,False,True
2024-11-16 00:00:00+01:00,134.795,5.64842,123.195,72.6469,67.3312,5.37192,False,True
2024-11-17 00:00:00+01:00,119.845,5.69619,131.568,74.7694,67.3312,5.3781,False,True
2024-11-18 00:00:00+01:00,135.912,5.7003,138.513,77.6117,67.3312,5.38437,False,True
2024-11-19 00:00:00+01:00,119.355,5.72745,139.362,80.4808,67.3312,5.39094,False,True
2024-11-20 00:00:00+01:00,104.978,5.70816,130.298,82.8855,67.3312,5.39774,False,True
2024-11-21 00:00:00+01:00,103.334,5.7164,122.132,84.4705,67.3312,5.40575,False,True
2024-11-22 00:00:00+01:00,114.371,5.7864,118.941,86.3242,67.3312,5.41604,False,True
2024-11-23 00:00:00+01:00,126.561,5.85348,117.765,88.6504,67.3312,5.42806,False,True
2024-11-24 00:00:00+01:00,120.791,5.85932,117.9,90.8348,67.4904,5.43948,False,True
2024-11-25 00:00:00+01:00,111.916,5.85084,114.472,92.626,67.5277,5.45102,False,True
2024-11-26 00:00:00+01:00,126.304,5.83173,115.465,94.5702,67.6479,5.46186,False,True
2024-11-27 00:00:00+01:00,145.034,5.81098,121.187,98.2062,67.7934,5.47195,False,True
2024-11-28 00:00:00+01:00,114.789,5.86838,122.824,100.334,67.9785,5.48344,False,True
2024-11-29 00:00:00+01:00,90.2267,5.8606,119.375,101.429,68.0245,5.49528,False,True
2024-11-30 00:00:00+01:00,82.1344,5.90655,113.028,102.323,68.257,5.5081,False,True
2024-12-01 00:00:00+01:00,87.5587,5.92579,108.281,103.481,68.3966,5.52053,False,True
2024-12-02 00:00:00+01:00,75.2844,5.95301,103.047,103.765,68.4272,5.53321,False,True
2024-12-03 00:00:00+01:00,152.57,6.00534,106.8,107.318,68.5888,5.54699,False,True
2024-12-04 00:00:00+01:00,157.726,6.00756,108.613,110.832,68.5888,5.56006,False,True
2024-12-05 00:00:00+01:00,129.331,6.00453,110.69,113.199,68.5888,5.57329,False,True
2024-12-06 00:00:00+01:00,140.599,5.98954,117.886,115.75,68.5888,5.58607,False,True
2024-12-07 00:00:00+01:00,120.622,6.03083,123.384,116.545,68.5888,5.59995,False,True
2024-12-08 00:00:00+01:00,72.9786,6.03156,121.301,116.287,68.5888,5.61348,False,True
2024-12-09 00:00:00+01:00,66.8427,6.04507,120.096,116.048,68.4272,5.62725,False,True
2024-12-10 00:00:00+01:00,105.197,5.93692,113.328,117.513,68.4272,5.63846,False,True
2024-12-11 00:00:00+01:00,179.018,5.94004,116.37,120.57,68.4272,5.6498,False,True
2024-12-12 00:00:00+01:00,116.24,5.99486,114.5,120.665,68.4272,5.66247,False,True
2024-12-13 00:00:00+01:00,90.2681,6.00795,107.309,118.059,68.4272,5.67582,False,True
2024-12-14 00:00:00+01:00,86.282,6.00755,102.404,115.586,68.4272,5.68871,False,True
2024-12-15 00:00:00+01:00,64.7541,5.99007,101.229,113.187,68.3966,5.70187,False,True
2024-12-16 00:00:00+01:00,60.4713,5.99448,100.319,110.71,68.257,5.71522,False,True
2024-12-17 00:00:00+01:00,81.3583,6.01606,96.9131,109.427,68.257,5.72865,False,True
2024-12-18 00:00:00+01:00,89.773,6.01133,84.1638,107.889,68.257,5.74166,False,True
2024-12-19 00:00:00+01:00,101.89,5.93716,82.1138,107.307,68.257,5.75277,False,True
2024-12-20 00:00:00+01:00,137.27,5.88507,88.8284,108.383,68.257,5.76302,False,True
2024-12-21 00:00:00+01:00,174.229,5.88199,101.392,110.746,68.257,5.77398,False,True
2024-12-22 00:00:00+01:00,114.588,5.84333,108.511,110.754,68.257,5.78435,False,True
2024-12-23 00:00:00+01:00,99.7043,5.83113,114.116,109.858,68.257,5.79461,False,True
2024-12-24 00:00:00+01:00,111.714,5.87157,118.453,109.556,68.257,5.80599,False,True
2024-12-25 00:00:00+01:00,90.1556,5.90015,118.507,108.83,68.257,5.81833,False,True
2024-12-26 00:00:00+01:00,70.6822,5.89111,114.049,106.976,68.257,5.82983,False,True
2024-12-27 00:00:00+01:00,71.9156,5.84369,104.713,104.539,68.257,5.83834,False,True
2024-12-28 00:00:00+01:00,83.7044,5.8268,91.7807,103.503,68.257,5.8461,False,False
2024-12-29 00:00:00+01:00,55.4337,5.85788,83.33,102.343,68.0245,5.85408,False,True
2024-12-30 00:00:00+01:00,45.8322,5.82,75.634,101.133,67.9785,5.86088,False,False
2024-12-31 00:00:00+01:00,78.583,5.82182,70.901,100.834,68.0245,5.86669,False,False
2025-01-01 00:00:00+01:00,77.9153,5.82165,69.1523,100.922,68.257,5.87121,False,False
2025-01-02 00:00:00+01:00,62.4627,5.86591,67.9781,97.918,68.0245,5.87618,False,False
2025-01-03 00:00:00+01:00,72.5157,5.89911,68.0639,95.0777,68.0245,5.88232,False,True
2025-01-04 00:00:00+01:00,63.8731,5.94056,65.2308,92.8958,67.9785,5.88913,False,True
2025-01-05 00:00:00+01:00,50.233,5.94524,64.4879,89.8836,67.7934,5.89507,False,True
2025-01-06 00:00:00+01:00,47.1509,5.94122,64.6762,87.4346,67.6479,5.89997,False,True
2025-01-07 00:00:00+01:00,62.2251,5.96031,62.3394,87.0761,67.4904,5.90517,False,True
2025-01-08 00:00:00+01:00,66.7304,5.88914,60.7416,87.0724,67.3312,5.9084,False,False
2025-01-09 00:00:00+01:00,99.5488,5.87188,66.0396,86.8841,67.3312,5.91168,False,False
2025-01-10 00:00:00+01:00,95.4556,5.83229,69.3167,84.0987,67.3312,5.914,False,False
2025-01-11 00:00:00+01:00,86.1969,5.84858,72.5058,83.0972,67.3312,5.91524,False,False
2025-01-12 00:00:00+01:00,61.0263,5.86832,74.0477,82.1225,67.3136,5.91554,False,False
2025-01-13 00:00:00+01:00,53.7333,5.85303,74.988,81.0376,67.2192,5.91541,False,False
2025-01-14 00:00:00+01:00,98.0469,5.84134,80.1055,82.1473,67.3136,5.91522,False,False
2025-01-15 00:00:00+01:00,81.6273,5.87638,82.2336,82.8525,67.3136,5.91611,False,False
2025-01-16 00:00:00+01:00,84.4834,5.9545,80.0814,82.9567,67.3312,5.91898,False,True
2025-01-17 00:00:00+01:00,102.589,5.96234,81.1004,83.3839,67.4904,5.92086,False,True
2025-01-18 00:00:00+01:00,85.2436,6.00138,80.9642,82.829,67.6479,5.92368,False,True
2025-01-19 00:00:00+01:00,110.247,6.00287,87.9957,81.9282,67.6479,5.92561,False,True
2025-01-20 00:00:00+01:00,132.187,5.97648,99.2035,80.5268,67.7934,5.92662,False,True
2025-01-21 00:00:00+01:00,209.555,5.98218,115.133,83.6924,67.9785,5.9272,False,True
2025-01-22 00:00:00+01:00,144.914,5.99351,124.174,85.1994,67.9785,5.92697,False,True
2025-01-23 00:00:00+01:00,87.4863,5.99028,124.603,84.3918,67.9785,5.92662,False,True
2025-01-24 00:00:00+01:00,100.64,5.97975,124.325,84.7413,67.9785,5.92612,False,True
2025-01-25 00:00:00+01:00,95.4234,5.98017,125.779,85.566,67.9785,5.92594,False,True
2025-01-26 00:00:00+01:00,59.7531,5.99562,118.566,85.1605,67.9785,5.92523,False,True
2025-01-27 00:00:00+01:00,46.4234,5.98001,106.314,83.9178,67.9785,5.9242,False,True
2025-01-28 00:00:00+01:00,118.212,5.93759,93.2645,86.0104,68.0245,5.92205,False,True
2025-01-29 00:00:00+01:00,92.4243,5.91571,85.7661,87.5635,68.4272,5.92163,False,False
2025-01-30 00:00:00+01:00,83.7676,5.93332,85.2348,87.7363,68.5888,5.92149,False,True
2025-01-31 00:00:00+01:00,79.7258,5.96293,82.247,87.7967,68.5888,5.92086,False,True
2025-02-01 00:00:00+01:00,63.6017,5.94583,77.7011,87.8347,68.4272,5.91961,False,True
2025-02-02 00:00:00+01:00,63.5893,5.896,78.2491,87.5371,68.4272,5.91738,False,False
2025-02-03 00:00:00+01:00,108.65,5.80504,87.1387,89.0297,68.5888,5.91368,False,False
2025-02-04 00:00:00+01:00,270.203,5.84456,108.852,96.362,69.2219,5.91068,False,False
2025-02-05 00:00:00+01:00,157.292,5.7801,118.119,100.033,69.2953,5.90596,False,False
2025-02-06 00:00:00+01:00,122.821,5.75839,123.698,102.053,69.6984,5.90091,False,False
2025-02-07 00:00:00+01:00,100.402,5.73779,126.651,103.176,69.86,5.89692,False,False
2025-02-08 00:00:00+01:00,108.704,5.72451,133.094,103.481,70.2522,5.89371,False,False
2025-02-09 00:00:00+01:00,80.5093,5.74445,135.512,102.983,70.4968,5.89096,False,False
2025-02-10 00:00:00+01:00,64.1302,5.73888,129.152,102.247,70.4968,5.88887,False,False
2025-02-11 00:00:00+01:00,93.3815,5.75896,103.891,103.326,70.63,5.88742,False,False
2025-02-12 00:00:00+01:00,72.5868,5.74285,91.7906,103.954,70.6755,5.88485,False,False
2025-02-13 00:00:00+01:00,88.8597,5.7765,86.939,103.648,70.6822,5.88238,False,False
2025-02-14 00:00:00+01:00,79.228,5.75873,83.9143,103.568,70.7067,5.87973,False,False
2025-02-15 00:00:00+01:00,77.5267,5.78969,79.4603,103.336,70.7067,5.87865,False,False
2025-02-16 00:00:00+01:00,64.5385,5.78133,77.1788,102.068,70.6822,5.87774,False,False
2025-02-17 00:00:00+01:00,49.2407,5.76951,75.0517,100.867,70.6822,5.87597,False,False
2025-02-18 00:00:00+01:00,70.8455,5.75351,71.8323,99.5541,70.7067,5.87464,False,False
2025-02-19 00:00:00+01:00,89.3179,5.71096,74.2224,98.1251,70.8455,5.87242,False,False
2025-02-20 00:00:00+01:00,80.1273,5.73421,72.9749,93.8108,70.8455,5.87068,False,False
2025-02-21 00:00:00+01:00,68.0393,5.75486,71.3766,91.2483,70.7067,5.86845,False,False
2025-02-22 00:00:00+01:00,77.6506,5.72457,71.3943,90.9205,70.8455,5.86496,False,False
2025-02-23 00:00:00+01:00,68.7884,5.75142,72.0014,89.8588,70.8455,5.86118,False,False
2025-02-24 00:00:00+01:00,45.8791,5.73533,71.5212,88.2073,70.8455,5.85698,False,False
2025-02-25 00:00:00+01:00,84.3528,5.6207,73.4508,89.0273,70.9254,5.85057,False,False
2025-02-26 00:00:00+01:00,184.117,5.62704,86.9935,93.6171,71.0611,5.84391,False,False
2025-02-27 00:00:00+01:00,122.352,5.57876,93.0256,93.7551,71.0611,5.8377,False,False
2025-02-28 00:00:00+01:00,114.192,5.58188,99.6188,94.4806,71.0611,5.8319,False,False
2025-03-01 00:00:00+01:00,141.921,5.57667,108.8,96.4191,71.0611,5.82679,False,False
2025-03-02 00:00:00+01:00,90.0343,5.57907,111.835,96.7627,71.0611,5.8214,False,False
2025-03-03 00:00:00+01:00,106.812,5.74838,120.54,98.203,71.0611,5.819,False,False
2025-03-04 00:00:00+01:00,163.68,5.5872,131.873,101.539,71.0611,5.81368,False,False
2025-03-05 00:00:00+01:00,185.581,5.58392,132.082,104.104,71.0611,5.80853,False,False
2025-03-06 00:00:00+01:00,130.755,5.62032,133.282,99.4555,71.0611,5.80341,False,False
2025-03-07 00:00:00+01:00,110.626,5.61729,132.773,97.8999,71.0611,5.79667,False,False
2025-03-08 00:00:00+01:00,137.643,5.57467,132.161,98.394,71.0611,5.78891,False,False
2025-03-09 00:00:00+01:00,102.056,5.57223,133.879,98.4492,71.0611,5.78033,False,False
2025-03-10 00:00:00+01:00,80.9318,5.47697,130.182,97.5234,71.3928,5.76981,False,False
2025-03-11 00:00:00+01:00,144.05,5.42385,127.377,99.6414,71.4491,5.75876,False,False
2025-03-12 00:00:00+01:00,159.525,5.48054,123.655,102.821,71.4491,5.74873,False,False
2025-03-13 00:00:00+01:00,119.571,5.49204,122.058,103.694,71.4491,5.7387,False,False
2025-03-14 00:00:00+01:00,102.881,5.48071,120.951,104.704,71.4491,5.72851,False,False
2025-03-15 00:00:00+01:00,82.2353,5.52362,113.036,104.483,71.4491,5.71938,False,False
2025-03-16 00:00:00+01:00,64.5943,5.5325,107.684,103.995,71.3928,5.71043,False,False
2025-03-17 00:00:00+01:00,67.3284,5.48306,105.741,103.656,71.0611,5.70018,False,False
2025-03-18 00:00:00+01:00,72.7659,5.51101,95.5574,103.93,71.0611,5.6908,False,False
2025-03-19 00:00:00+01:00,71.0027,5.49261,82.9113,104.655,71.0027,5.6819,False,False
2025-03-20 00:00:00+01:00,78.4544,5.55938,77.0375,104.909,71.0027,5.67477,False,False
2025-03-21 00:00:00+01:00,80.5634,5.5173,73.8492,104.617,71.0027,5.66645,False,False
2025-03-22 00:00:00+01:00,64.3191,5.51955,71.2897,104.09,70.9254,5.65759,False,False
2025-03-23 00:00:00+01:00,44.9725,5.52379,68.4866,103.321,70.8455,5.64914,False,False
2025-03-24 00:00:00+01:00,38.9325,5.5367,64.4301,102.031,70.7067,5.64196,False,False
2025-03-25 00:00:00+01:00,63.3766,5.58367,63.0887,101.85,70.7067,5.63753,False,False
2025-03-26 00:00:00+01:00,62.934,5.60071,61.9361,102.419,70.6822,5.63265,False,False
2025-03-27 00:00:00+01:00,61.6077,5.56706,59.5294,101.66,70.6755,5.62839,False,False
2025-03-28 00:00:00+01:00,59.7303,5.57249,56.5533,97.5143,70.63,5.62468,False,False
2025-03-29 00:00:00+01:00,72.5787,5.51492,57.7332,95.8552,70.63,5.62022,False,False
2025-03-30 00:00:00+01:00,73.4416,5.47192,61.8002,94.4968,70.6755,5.61517,False,False
2025-03-31 00:00:00+02:00,65.3411,5.46809,65.5729,91.9442,70.6755,5.60964,False,False
2025-04-01 00:00:00+02:00,87.8086,5.46601,69.0631,91.87,70.6822,5.60418,False,False
2025-04-02 00:00:00+02:00,75.4197,5.49706,70.8468,90.8236,70.7067,5.59894,False,False
2025-04-03 00:00:00+02:00,80.9279,5.47885,73.6069,88.0652,70.7067,5.59366,False,False
2025-04-04 00:00:00+02:00,109.649,5.44288,80.7382,85.5341,70.7067,5.58699,False,False
2025-04-05 00:00:00+02:00,98.5354,5.46474,84.4463,84.4601,70.7067,5.58111,False,False
2025-04-06 00:00:00+02:00,65.7273,5.44517,83.3442,82.9635,70.6822,5.57422,False,False
2025-04-07 00:00:00+02:00,63.0558,5.35358,83.0177,80.4773,70.6822,5.56567,False,False
2025-04-08 00:00:00+02:00,192.777,5.35688,98.0133,83.5013,70.7067,5.55741,False,False
2025-04-09 00:00:00+02:00,133.99,5.31897,106.38,85.2699,70.8455,5.54872,False,False
2025-04-10 00:00:00+02:00,147.358,5.43849,115.87,85.3802,71.0027,5.54327,False,False
2025-04-11 00:00:00+02:00,115.999,5.38386,116.777,83.9293,71.0027,5.53627,False,False
2025-04-12 00:00:00+02:00,90.628,5.43097,115.648,82.9645,71.0611,5.52979,False,False
2025-04-13 00:00:00+02:00,72.8239,5.48882,116.662,81.9626,71.0611,5.52507,False,False
2025-04-14 00:00:00+02:00,82.8372,5.45382,119.488,81.9827,71.0611,5.51912,False,False
2025-04-15 00:00:00+02:00,97.7491,5.47371,105.912,83.0878,71.0611,5.51389,False,False
2025-04-16 00:00:00+02:00,73.7097,5.45772,97.3006,83.3005,71.0611,5.51063,False,False
2025-04-17 00:00:00+02:00,82.7517,5.45941,88.0712,83.6334,71.0611,5.50728,False,False
2025-04-18 00:00:00+02:00,76.9165,5.46127,82.488,83.8305,71.0611,5.50493,False,False
2025-04-19 00:00:00+02:00,52.3084,5.46196,77.0138,82.959,71.0027,5.50253,False,False
2025-04-20 00:00:00+02:00,38.9744,5.48463,72.1781,81.5727,70.8455,5.50069,False,False
2025-04-21 00:00:00+02:00,41.4936,5.4695,66.2719,80.8118,70.7067,5.4985,False,False
2025-04-22 00:00:00+02:00,64.2419,5.47678,61.4852,81.4542,70.7067,5.49306,False,False
2025-04-23 00:00:00+02:00,71.802,5.56061,61.2126,82.5498,70.7067,5.49253,False,True
2025-04-24 00:00:00+02:00,92.2055,5.57124,62.5632,83.5108,70.8455,5.49228,False,True
2025-04-25 00:00:00+02:00,74.463,5.56484,62.2127,83.8951,71.0027,5.49117,False,True
2025-04-26 00:00:00+02:00,69.2526,5.56895,64.6333,84.1499,70.8455,5.4902,False,True
2025-04-27 00:00:00+02:00,56.9302,5.56832,67.1984,84.0566,70.8455,5.49008,False,True
2025-04-28 00:00:00+02:00,53.298,5.5742,68.8847,83.4139,70.8455,5.49012,False,True
2025-04-29 00:00:00+02:00,67.093,5.57188,69.292,83.2022,70.8455,5.49201,False,True
2025-04-30 00:00:00+02:00,59.4922,5.56794,67.5335,83.0073,70.8455,5.4949,False,True
2025-05-01 00:00:00+02:00,65.6555,5.5536,63.7407,82.2688,70.6822,5.49636,False,True
2025-05-02 00:00:00+02:00,59.9297,5.577,61.6645,81.7525,70.6755,5.49806,False,True
2025-05-03 00:00:00+02:00,52.3711,5.5665,59.2528,80.8006,70.4968,5.49977,False,True
2025-05-04 00:00:00+02:00,38.7598,5.56091,56.657,78.4376,70.2522,5.50052,False,True
2025-05-05 00:00:00+02:00,41.1628,5.55246,54.9234,76.5252,70.2522,5.50092,False,True
2025-05-06 00:00:00+02:00,51.6219,5.53795,52.7133,76.055,70.2522,5.50201,False,True
2025-05-07 00:00:00+02:00,56.5845,5.52758,52.2979,75.8393,69.2526,5.50235,False,True
2025-05-08 00:00:00+02:00,57.6807,5.53922,51.1586,71.3361,69.2219,5.50328,False,True
2025-05-09 00:00:00+02:00,68.1081,5.64522,52.327,69.14,68.7884,5.50499,False,True
2025-05-10 00:00:00+02:00,108.525,5.68886,60.349,67.8456,69.2219,5.50843,False,True
2025-05-11 00:00:00+02:00,80.824,5.73593,66.3582,66.6731,69.2526,5.51275,False,True
2025-05-12 00:00:00+02:00,89.7975,5.72281,73.306,66.6455,70.4968,5.51673,True,True
2025-05-13 00:00:00+02:00,102.527,5.72946,80.5781,67.6356,70.6755,5.52059,True,True
2025-05-14 00:00:00+02:00,94.5321,5.77187,85.9992,68.0254,70.6822,5.52435,True,True
2025-05-15 00:00:00+02:00,86.4476,5.75212,90.1088,67.6487,70.8455,5.52738,True,True
2025-05-16 00:00:00+02:00,83.6611,5.71045,92.3306,67.9804,71.0027,5.53025,True,True
2025-05-17 00:00:00+02:00,81.0655,5.71004,88.4078,67.9242,71.0611,5.533,True,True
2025-05-18 00:00:00+02:00,70.0577,5.69036,86.8698,67.6956,71.0611,5.53651,True,True
2025-05-19 00:00:00+02:00,62.5602,5.68689,82.9788,68.0373,71.0611,5.54081,True,True
2025-05-20 00:00:00+02:00,95.6186,5.69701,81.9918,69.9254,71.4491,5.54539,True,True
2025-05-21 00:00:00+02:00,73.7794,5.70202,79.0272,71.0016,71.4771,5.55011,True,True
2025-05-22 00:00:00+02:00,83.5132,5.70949,78.608,71.644,71.4771,5.55436,False,True
2025-05-23 00:00:00+02:00,87.1471,5.75408,79.106,72.1555,71.4771,5.55986,False,True
2025-05-24 00:00:00+02:00,83.9661,5.72322,79.5203,71.8808,71.4771,5.56547,False,True
2025-05-25 00:00:00+02:00,68.4046,5.72054,79.2842,71.6789,71.4491,5.57058,False,True
2025-05-26 00:00:00+02:00,54.6375,5.70143,78.1523,71.1917,71.4491,5.57571,True,True
2025-05-27 00:00:00+02:00,57.7293,5.71932,72.7396,71.2184,71.4491,5.58302,True,True
2025-05-28 00:00:00+02:00,62.2281,5.72968,71.0894,71.516,71.4491,5.59048,False,True
2025-05-29 00:00:00+02:00,56.9152,5.71544,67.2897,71.1768,71.4491,5.59841,False,True
2025-05-30 00:00:00+02:00,65.4713,5.70773,64.1931,71.3761,71.4491,5.60379,False,True
2025-05-31 00:00:00+02:00,77.3215,5.66254,63.2439,71.7649,71.4771,5.60937,False,True
2025-06-01 00:00:00+02:00,73.0871,5.65877,63.9129,72.2035,71.802,5.61392,False,True
2025-06-02 00:00:00+02:00,50.0617,5.65554,63.2592,72.1265,71.802,5.61726,False,True
2025-06-03 00:00:00+02:00,55.8483,5.65584,62.9905,72.6962,71.802,5.6213,False,True
2025-06-04 00:00:00+02:00,59.2831,5.66459,62.5697,73.3002,71.802,5.62512,False,True
2025-06-05 00:00:00+02:00,56.2077,5.65695,62.4687,73.453,71.802,5.6291,False,True
2025-06-06 00:00:00+02:00,61.3843,5.5959,61.8848,73.613,71.802,5.63183,False,False
2025-06-07 00:00:00+02:00,71.03,5.62903,60.986,74.058,71.802,5.63518,False,False
2025-06-08 00:00:00+02:00,46.3626,5.6481,57.1683,73.3332,71.802,5.63891,False,True
2025-06-09 00:00:00+02:00,39.943,5.66814,55.7227,71.0471,71.802,5.64258,False,True
2025-06-10 00:00:00+02:00,52.6012,5.69606,55.2588,70.1063,71.802,5.64711,False,True
2025-06-11 00:00:00+02:00,65.7194,5.71375,56.1783,69.3037,71.802,5.65185,False,True
2025-06-12 00:00:00+02:00,68.831,5.69899,57.9816,68.1805,71.802,5.65462,False,True
2025-06-13 00:00:00+02:00,65.0399,5.65382,58.5039,67.1974,71.802,5.65627,False,False
2025-06-14 00:00:00+02:00,95.2432,5.62447,61.9629,67.4906,71.9156,5.65746,False,False
2025-06-15 00:00:00+02:00,53.6371,5.61677,63.0021,66.4898,71.9156,5.65842,False,False
2025-06-16 00:00:00+02:00,45.0066,5.62352,63.7255,65.2879,71.9156,5.65952,False,False
2025-06-17 00:00:00+02:00,58.3563,5.67021,64.5476,64.8978,71.9156,5.66144,False,True
2025-06-18 00:00:00+02:00,76.8207,5.61494,66.1336,65.3732,72.5157,5.6623,True,False
2025-06-19 00:00:00+02:00,69.1411,5.61658,66.1779,64.4906,71.9156,5.66327,True,False
2025-06-20 00:00:00+02:00,59.1685,5.60557,65.3391,64.0036,71.802,5.66431,True,False
2025-06-21 00:00:00+02:00,54.5161,5.57752,59.5209,63.037,71.802,5.66432,False,False
2025-06-22 00:00:00+02:00,53.3331,5.53418,59.4775,61.9099,71.802,5.66368,False,False
2025-06-23 00:00:00+02:00,101.213,5.49877,67.507,62.4847,71.9156,5.66244,True,False
2025-06-24 00:00:00+02:00,91.7826,5.57016,72.2821,63.264,72.5157,5.66279,True,False
2025-06-25 00:00:00+02:00,86.7727,5.60943,73.7039,64.3352,72.5157,5.66422,True,False
2025-06-26 00:00:00+02:00,61.9915,5.60171,72.6825,64.4773,71.9156,5.6657,True,False
2025-06-27 00:00:00+02:00,57.4755,5.58328,72.4406,64.3188,71.9156,5.66658,True,False
2025-06-28 00:00:00+02:00,58.4231,5.59169,72.9988,64.3691,71.9156,5.66551,True,False
2025-06-29 00:00:00+02:00,41.5864,5.61462,71.3207,63.5729,71.9156,5.66403,True,False
2025-06-30 00:00:00+02:00,30.3279,5.61743,61.1943,62.0065,71.9156,5.66166,False,False
2025-07-01 00:00:00+02:00,51.5803,5.6321,55.4511,61.2896,71.9156,5.65984,False,False
2025-07-02 00:00:00+02:00,55.9925,5.59132,51.0539,61.4873,71.9156,5.65708,False,False
2025-07-03 00:00:00+02:00,51.8615,5.64877,49.6067,61.3544,71.9156,5.65462,False,False
2025-07-04 00:00:00+02:00,58.8357,5.64911,49.8011,61.3395,71.9156,5.65256,False,False
2025-07-05 00:00:00+02:00,48.7314,5.61568,48.4165,61.0903,71.802,5.65066,False,False
2025-07-06 00:00:00+02:00,35.9377,5.61922,47.6096,60.2421,71.4771,5.64885,False,False
2025-07-07 00:00:00+02:00,33.1004,5.64373,48.0056,58.9777,71.4491,5.64791,False,False
2025-07-08 00:00:00+02:00,49.2925,5.62877,47.6788,59.0754,71.4491,5.64675,False,False
2025-07-09 00:00:00+02:00,48.2205,5.64657,46.5685,59.3513,71.0611,5.64574,False,True
2025-07-10 00:00:00+02:00,47.4609,5.68813,45.9399,59.18,71.03,5.64546,False,True
2025-07-11 00:00:00+02:00,55.5541,5.74348,45.4711,58.8411,71.03,5.64614,False,True
2025-07-12 00:00:00+02:00,84.792,5.76101,50.6226,59.3732,71.0611,5.64628,False,True
2025-07-13 00:00:00+02:00,78.8166,5.75454,56.7481,59.8324,71.0611,5.64691,False,True
2025-07-14 00:00:00+02:00,58.4346,5.76867,60.3673,58.6054,71.0611,5.64787,True,True
2025-07-15 00:00:00+02:00,79.5914,5.78747,64.6957,59.4706,71.4491,5.64959,True,True
2025-07-16 00:00:00+02:00,84.2063,5.79006,69.8365,60.7772,71.4771,5.65101,True,True
2025-07-17 00:00:00+02:00,71.099,5.84576,73.2134,61.202,71.4491,5.65333,True,True
2025-07-18 00:00:00+02:00,88.6729,5.88031,77.9447,61.5971,71.4491,5.65663,True,True
2025-07-19 00:00:00+02:00,108.739,5.88228,81.3657,62.917,71.4491,5.66012,True,True
2025-07-20 00:00:00+02:00,76.3206,5.88923,81.0091,63.4887,71.4491,5.66465,True,True
2025-07-21 00:00:00+02:00,63.4668,5.92087,81.728,63.7871,71.4491,5.66989,True,True
2025-07-22 00:00:00+02:00,79.5643,5.93661,81.7241,64.6615,71.4771,5.67551,True,True
2025-07-23 00:00:00+02:00,100.881,5.94181,84.1062,64.6504,71.4771,5.68123,True,True
2025-07-24 00:00:00+02:00,83.8035,5.88279,85.9211,64.3844,71.4771,5.6856,True,True
2025-07-25 00:00:00+02:00,105.442,5.89311,88.3167,65.0067,71.4771,5.69032,True,True
2025-07-26 00:00:00+02:00,91.6945,5.88674,85.8818,65.9968,71.4771,5.69614,True,True
2025-07-27 00:00:00+02:00,52.8186,5.9051,82.5244,65.8416,71.4491,5.70166,True,True
2025-07-28 00:00:00+02:00,48.182,5.9177,80.3408,65.5002,71.4491,5.70705,True,True
2025-07-29 00:00:00+02:00,72.9793,5.90249,79.4001,66.5467,71.4771,5.71174,True,True
2025-07-30 00:00:00+02:00,78.2468,5.889,76.1667,68.1439,71.802,5.7156,True,True
2025-07-31 00:00:00+02:00,71.8587,5.86838,74.4603,68.8199,71.8587,5.71869,True,True
2025-08-01 00:00:00+02:00,61.4081,5.85697,68.1697,69.0004,71.8587,5.72185,False,True
2025-08-02 00:00:00+02:00,89.8767,5.81716,67.91,70.2676,71.8587,5.72512,False,True
2025-08-03 00:00:00+02:00,80.9607,5.78178,71.9303,71.0051,71.8587,5.72826,True,True
2025-08-04 00:00:00+02:00,65.4049,5.8075,74.3907,71.5609,71.802,5.73208,True,True
2025-08-05 00:00:00+02:00,57.3862,5.84974,72.1631,72.2758,71.4771,5.7366,False,True
2025-08-06 00:00:00+02:00,62.7284,5.81207,69.9462,73.2634,71.4491,5.73944,False,True
2025-08-07 00:00:00+02:00,64.9586,5.83655,68.9605,73.7856,71.099,5.74387,False,True
2025-08-08 00:00:00+02:00,51.1547,5.88152,67.4957,73.8834,71.03,5.74917,False,True
2025-08-09 00:00:00+02:00,67.0641,5.90311,64.2368,74.5369,71.0027,5.75512,False,True
2025-08-10 00:00:00+02:00,54.4415,5.92196,60.4484,74.4998,70.8455,5.76201,False,True
2025-08-11 00:00:00+02:00,62.2346,5.91409,59.9954,73.7479,70.6822,5.76961,False,True
2025-08-12 00:00:00+02:00,69.2434,5.89444,61.6893,73.4288,70.6822,5.77752,False,True
2025-08-13 00:00:00+02:00,68.2076,5.95477,62.4721,73.7545,70.6755,5.78521,False,True
2025-08-14 00:00:00+02:00,74.9502,5.97899,63.8995,73.5998,70.6755,5.7926,False,True
2025-08-15 00:00:00+02:00,96.1174,5.92109,70.3227,73.9969,70.6755,5.79899,False,True
2025-08-16 00:00:00+02:00,84.1597,5.91777,72.7649,74.4322,70.6755,5.80568,False,True
2025-08-17 00:00:00+02:00,61.6924,5.92442,73.8008,73.5329,70.0577,5.81234,False,True
2025-08-18 00:00:00+02:00,44.7569,5.93842,71.3039,71.4001,70.0577,5.81881,False,True
2025-08-19 00:00:00+02:00,71.1864,5.91212,71.5815,71.229,70.6755,5.82471,False,True
2025-08-20 00:00:00+02:00,74.339,5.86845,72.4574,71.5914,70.6822,5.82943,False,True
2025-08-21 00:00:00+02:00,74.1066,5.89965,72.3369,71.4095,70.8455,5.8356,False,True
2025-08-22 00:00:00+02:00,70.3163,5.87549,68.651,70.3907,70.8455,5.84013,False,True
2025-08-23 00:00:00+02:00,77.8556,5.96206,67.7505,70.1924,71.0027,5.84639,False,True
2025-08-24 00:00:00+02:00,70.702,5.95847,69.0376,69.0344,71.0027,5.85325,True,True
2025-08-25 00:00:00+02:00,57.0212,5.95621,70.7896,67.8786,71.0027,5.85999,True,True
2025-08-26 00:00:00+02:00,90.4293,5.88057,73.5386,69.1323,71.03,5.86472,True,True
2025-08-27 00:00:00+02:00,79.6066,5.92717,74.2911,70.1798,71.099,5.87069,True,True
2025-08-28 00:00:00+02:00,68.8147,5.93263,73.5351,70.041,71.099,5.87641,True,True
2025-08-29 00:00:00+02:00,72.535,5.93696,73.8521,69.8506,71.099,5.88139,True,True
2025-08-30 00:00:00+02:00,78.3232,5.89714,73.9189,70.0661,71.099,5.88446,True,True
2025-08-31 00:00:00+02:00,59.9346,5.89434,72.3807,70.017,71.099,5.88713,True,True
2025-09-01 00:00:00+02:00,40.7017,5.90724,70.0493,68.3778,71.099,5.89018,True,True
2025-09-02 00:00:00+02:00,61.2731,5.86978,65.8841,67.7215,71.099,5.89221,False,False
2025-09-03 00:00:00+02:00,69.6364,5.91223,64.4598,67.8626,71.03,5.8947,False,True
2025-09-04 00:00:00+02:00,61.6788,5.92927,63.4404,68.0057,71.03,5.89749,False,True
2025-09-05 00:00:00+02:00,48.9903,5.90635,60.0769,67.5477,71.0027,5.8987,False,True
2025-09-06 00:00:00+02:00,58.5177,5.90418,57.2475,67.333,71.0027,5.89917,False,True
2025-09-07 00:00:00+02:00,38.4344,5.90064,54.1761,66.909,70.8455,5.89954,False,True
2025-09-08 00:00:00+02:00,29.7324,5.91054,52.609,65.6646,70.8455,5.89997,False,True
2025-09-09 00:00:00+02:00,48.5087,5.93957,50.7855,65.4669,70.8455,5.90034,False,True
2025-09-10 00:00:00+02:00,54.2372,5.93888,48.5856,65.2003,70.8455,5.90039,False,True
2025-09-11 00:00:00+02:00,55.4402,5.98021,47.6944,64.7402,70.8455,5.90116,False,True
2025-09-12 00:00:00+02:00,57.1202,5.98713,48.8558,64.3706,70.8455,5.90324,False,True
2025-09-13 00:00:00+02:00,49.8183,6.01424,47.6131,63.5329,70.8455,5.90567,False,True
2025-09-14 00:00:00+02:00,54.5428,6.02566,49.9143,62.1471,70.8455,5.90844,False,True
2025-09-15 00:00:00+02:00,48.1517,6.02008,52.5456,60.9468,70.8455,5.91074,False,True
2025-09-16 00:00:00+02:00,63.5863,6.00894,54.6995,61.0099,70.8455,5.91257,False,True
2025-09-17 00:00:00+02:00,56.7495,6.01617,55.0584,61.4097,70.8455,5.91484,False,True
2025-09-18 00:00:00+02:00,48.9007,6.01538,54.1242,60.6668,70.8455,5.91737,False,True
2025-09-19 00:00:00+02:00,63.589,6.06102,55.0483,60.3085,70.8455,5.92122,False,True
2025-09-20 00:00:00+02:00,54.6081,6.03133,55.7326,59.6585,70.8455,5.92471,False,True
2025-09-21 00:00:00+02:00,37.3458,6.03027,53.2759,58.5595,70.8455,5.92897,False,True
2025-09-22 00:00:00+02:00,32.7231,6.02483,51.0718,57.0551,70.8455,5.93383,False,True
2025-09-23 00:00:00+02:00,70.3165,5.98377,52.0332,57.0423,70.8455,5.93736,False,True
2025-09-24 00:00:00+02:00,73.7583,5.98119,54.4631,57.6002,71.0027,5.93999,False,True
2025-09-25 00:00:00+02:00,63.3642,5.97972,56.5293,56.698,71.0027,5.94334,False,True
2025-09-26 00:00:00+02:00,82.1132,5.90792,59.1756,56.7815,71.03,5.94477,True,False
2025-09-27 00:00:00+02:00,89.5999,5.91947,64.1744,57.4744,71.099,5.94553,True,False
2025-09-28 00:00:00+02:00,48.7506,5.92173,65.8037,56.6816,71.099,5.9459,True,False
2025-09-29 00:00:00+02:00,40.3079,5.93377,66.8872,55.4144,71.099,5.94614,True,False
2025-09-30 00:00:00+02:00,54.6945,5.96917,64.6555,55.2397,71.099,5.94724,True,True
2025-10-01 00:00:00+02:00,54.9583,5.95392,61.9698,55.7149,71.099,5.94843,True,True
2025-10-02 00:00:00+02:00,57.9255,5.98575,61.1928,55.6034,71.03,5.94905,True,True
2025-10-03 00:00:00+02:00,58.4302,6.01931,57.8096,55.2298,71.0027,5.94985,True,True
2025-10-04 00:00:00+02:00,62.175,6.02802,53.8917,55.2464,70.8455,5.95199,False,True
2025-10-05 00:00:00+02:00,47.6862,6.00816,53.7396,55.2029,70.702,5.9538,False,True
2025-10-06 00:00:00+02:00,49.1949,6.01039,55.0092,54.8921,70.702,5.95552,True,True
2025-10-07 00:00:00+02:00,54.1364,6.03463,54.9295,55.4155,70.702,5.95744,False,True
2025-10-08 00:00:00+02:00,58.9594,5.98587,55.5011,56.3898,70.702,5.95892,False,True
2025-10-09 00:00:00+02:00,61.4499,5.99978,56.0046,56.8211,70.702,5.96154,False,True
2025-10-10 00:00:00+02:00,61.1562,5.96998,56.394,57.0518,70.702,5.96295,False,True
2025-10-11 00:00:00+02:00,76.0983,5.86242,58.383,57.7404,70.8455,5.96269,True,False
2025-10-12 00:00:00+02:00,243.636,5.79156,86.3759,63.9576,71.0027,5.95928,True,False
2025-10-13 00:00:00+02:00,116.34,5.86293,95.968,66.1749,71.03,5.95737,True,False
2025-10-14 00:00:00+02:00,107.903,5.89752,103.649,67.9536,71.099,5.95619,True,False
2025-10-15 00:00:00+02:00,105.089,5.86043,110.239,69.8515,71.1864,5.95579,True,False
2025-10-16 00:00:00+02:00,94.0878,5.82411,114.901,70.8682,71.802,5.95373,True,False
2025-10-17 00:00:00+02:00,94.825,5.7938,119.711,72.1374,71.8587,5.95095,False,False
2025-10-18 00:00:00+02:00,108.699,5.7849,124.368,74.1307,71.9156,5.94791,False,False
2025-10-19 00:00:00+02:00,66.601,5.79022,99.0777,74.2311,71.9156,5.94577,False,False
2025-10-20 00:00:00+02:00,54.3553,5.80782,90.2228,74.2227,71.9156,5.94404,False,False
2025-10-21 00:00:00+02:00,63.4668,5.81441,83.8748,75.0934,71.9156,5.94219,False,False
2025-10-22 00:00:00+02:00,73.7155,5.81195,79.3929,76.4598,72.5157,5.94103,False,False
2025-10-23 00:00:00+02:00,85.7258,5.75475,78.1983,76.9734,72.535,5.93788,False,False
2025-10-24 00:00:00+02:00,67.9998,5.78314,74.3662,76.7815,72.535,5.93496,False,False
2025-10-25 00:00:00+02:00,59.7916,5.8121,67.3794,76.6624,72.535,5.93307,False,False
2025-10-26 00:00:00+02:00,43.9552,5.82186,64.1443,75.3904,72.535,5.93143,False,False
2025-10-27 00:00:00+01:00,42.2607,5.85784,62.4165,73.8125,72.535,5.93057,False,False
2025-10-28 00:00:00+01:00,59.9026,5.8484,61.9073,74.1842,72.535,5.92933,False,False
2025-10-29 00:00:00+01:00,65.9227,5.82731,60.7941,75.038,72.535,5.92708,False,False
2025-10-30 00:00:00+01:00,66.0438,5.82394,57.9823,75.4163,72.535,5.92478,False,False
2025-10-31 00:00:00+01:00,90.8081,5.76547,61.2407,76.6113,72.5787,5.92049,False,False
2025-11-01 00:00:00+01:00,74.5385,5.78251,63.3474,77.1651,72.5868,5.9164,False,False
2025-11-02 00:00:00+01:00,47.2987,5.78746,63.825,76.7941,72.5868,5.91186,False,False
2025-11-03 00:00:00+01:00,41.5477,5.7817,63.7232,76.1065,72.5868,5.90698,False,False
2025-11-04 00:00:00+01:00,84.162,5.70289,67.1888,77.3223,72.7659,5.90064,False,False
2025-11-05 00:00:00+01:00,121.992,5.64609,75.1987,79.7489,72.8239,5.89338,False,False
2025-11-06 00:00:00+01:00,123.757,5.69032,83.4433,82.0696,72.9786,5.88686,False,False
2025-11-07 00:00:00+01:00,84.986,5.6516,82.6116,82.9371,72.9786,5.87959,False,False
2025-11-08 00:00:00+01:00,94.8047,5.70458,85.5068,84.049,72.9786,5.87246,False,False
2025-11-09 00:00:00+01:00,77.3126,5.68372,89.7945,84.5875,72.9786,5.86551,False,False
2025-11-10 00:00:00+01:00,62.468,5.71697,92.7831,84.1332,72.9786,5.85924,False,False
2025-11-11 00:00:00+01:00,77.1781,5.74225,91.7854,78.5846,72.9786,5.85359,False,False
2025-11-12 00:00:00+01:00,78.6717,5.69091,85.5968,77.329,72.9786,5.84773,False,False
2025-11-13 00:00:00+01:00,72.4232,5.68051,78.2635,76.1463,72.8239,5.84172,False,False
2025-11-14 00:00:00+01:00,94.5094,5.63768,79.624,75.7937,72.8239,5.83488,False,False
2025-11-15 00:00:00+01:00,121.749,5.60072,83.4732,76.7157,72.8239,5.82873,False,False
2025-11-16 00:00:00+01:00,84.706,5.60429,84.5294,76.3784,72.8239,5.82243,False,False
2025-11-17 00:00:00+01:00,71.3345,5.58178,85.796,75.1329,72.7659,5.81563,False,False
2025-11-18 00:00:00+01:00,100.321,5.55363,89.1022,76.2569,72.7659,5.80803,False,False
2025-11-19 00:00:00+01:00,110.758,5.58485,93.6859,78.137,72.7659,5.80034,False,False
2025-11-20 00:00:00+01:00,89.6403,5.54237,96.1455,79.0095,72.7659,5.79211,False,False
2025-11-21 00:00:00+01:00,91.0728,5.52251,95.6546,79.5881,72.7659,5.78285,False,False
2025-11-22 00:00:00+01:00,138.481,5.46181,98.0448,81.3465,72.7659,5.7717,False,False
2025-11-23 00:00:00+01:00,90.6933,5.47941,98.9001,82.103,72.7659,5.76072,False,False
2025-11-24 00:00:00+01:00,64.4731,5.50988,97.9199,82.259,72.5868,5.75076,False,False
2025-11-25 00:00:00+01:00,84.0458,5.55191,95.5948,83.5954,72.5868,5.74159,False,False
2025-11-26 00:00:00+01:00,70.3854,5.5502,89.8273,84.5329,72.5787,5.7319,False,False
2025-11-27 00:00:00+01:00,67.5503,5.57544,86.6716,84.7878,72.535,5.72369,False,False
2025-11-28 00:00:00+01:00,53.9925,5.57623,81.3744,84.3901,72.5157,5.71522,False,False
2025-11-29 00:00:00+01:00,55.9516,5.56953,69.5846,84.0537,72.4232,5.70721,False,False
2025-11-30 00:00:00+01:00,43.7343,5.55726,62.8761,82.4846,71.9156,5.70111,False,False
2025-12-01 00:00:00+01:00,41.7668,5.5566,59.6324,81.3922,71.8587,5.69641,False,False
2025-12-02 00:00:00+01:00,76.6834,5.48152,58.5806,82.3717,71.8587,5.68878,False,False
2025-12-03 00:00:00+01:00,75.2724,5.55545,59.2788,83.4959,71.8587,5.68194,False,False
2025-12-04 00:00:00+01:00,69.8413,5.59582,59.606,83.0185,71.802,5.67665,False,False
2025-12-05 00:00:00+01:00,67.7167,5.56729,61.5666,81.2093,71.3345,5.67151,False,False
2025-12-06 00:00:00+01:00,67.9587,5.51954,63.2819,79.3494,71.1864,5.66603,False,False
2025-12-07 00:00:00+01:00,50.5776,5.52124,64.2595,78.2025,71.099,5.66075,False,False
2025-12-08 00:00:00+01:00,52.6241,5.51974,65.8106,76.7964,71.03,5.65534,False,False
2025-12-09 00:00:00+01:00,72.7798,5.54181,65.2529,76.6453,71.099,5.65002,False,False
2025-12-10 00:00:00+01:00,65.5399,5.58214,63.8626,76.7477,71.03,5.64538,False,False
2025-12-11 00:00:00+01:00,65.9892,5.57093,63.3123,76.3748,71.0027,5.64056,False,False
2025-12-12 00:00:00+01:00,78.3217,5.54774,64.8273,76.3631,71.0027,5.63642,False,False
2025-12-13 00:00:00+01:00,70.6645,5.52231,65.2138,76.3045,70.8455,5.6312,False,False
2025-12-14 00:00:00+01:00,41.292,5.52724,63.8873,74.5306,70.702,5.6255,False,False
2025-12-15 00:00:00+01:00,38.5209,5.50741,61.8726,71.7563,70.702,5.61921,False,False
2025-12-16 00:00:00+01:00,65.7879,5.46896,60.8737,71.1257,70.702,5.61144,False,False
2025-12-17 00:00:00+01:00,76.4083,5.47905,62.4264,71.2948,70.702,5.60405,False,False
2025-12-18 00:00:00+01:00,75.4412,5.4459,63.7766,70.4655,70.702,5.59642,False,False
2025-12-19 00:00:00+01:00,82.9288,5.42509,64.4348,69.5378,70.702,5.58844,False,False
2025-12-20 00:00:00+01:00,86.2287,5.47734,66.6583,69.4241,70.702,5.58268,False,False
2025-12-21 00:00:00+01:00,41.6038,5.47592,66.7028,67.7752,70.6822,5.57655,False,False
2025-12-22 00:00:00+01:00,35.6267,5.4755,66.2894,64.3467,70.6645,5.57031,True,False
2025-12-23 00:00:00+01:00,57.2575,5.48013,65.0707,63.2322,70.3854,5.56428,True,False
2025-12-24 00:00:00+01:00,56.8252,5.4638,62.2731,62.9772,70.3165,5.5595,False,False
2025-12-25 00:00:00+01:00,49.9271,5.46197,58.6283,61.84,70.3163,5.55582,False,False
2025-12-26 00:00:00+01:00,36.1757,5.45679,51.9493,60.6996,70.0577,5.55115,False,False
2025-12-27 00:00:00+01:00,50.8101,5.45885,46.8895,60.1416,69.8413,5.54729,False,False
2025-12-28 00:00:00+01:00,26.5827,5.46659,44.7436,59.228,69.6364,5.54253,False,False
2025-12-29 00:00:00+01:00,26.6944,5.47086,43.4675,58.2527,69.6364,5.53827,False,False
2025-12-30 00:00:00+01:00,51.7747,5.46188,42.6843,58.5207,69.6364,5.53317,False,False
2025-12-31 00:00:00+01:00,42.1159,5.47256,40.5829,58.5324,69.2526,5.52778,False,False
2026-01-01 00:00:00+01:00,36.7367,5.46477,38.6986,57.2008,69.2434,5.52326,False,False
2026-01-02 00:00:00+01:00,31.664,5.49428,38.0541,55.7472,69.2434,5.51953,False,False
2026-01-03 00:00:00+01:00,53.359,5.5345,38.4182,55.1978,69.1411,5.51747,False,True
2026-01-04 00:00:00+01:00,51.5275,5.53788,41.9817,54.6582,69.1411,5.51621,False,True
2026-01-05 00:00:00+01:00,43.3103,5.55293,44.3555,53.8365,69.1411,5.51518,False,True
2026-01-06 00:00:00+01:00,62.7762,5.59901,45.9271,54.2432,69.1411,5.51553,False,True
2026-01-07 00:00:00+01:00,73.6343,5.59682,50.4297,54.9435,69.2434,5.51639,False,True
2026-01-08 00:00:00+01:00,65.4268,5.56125,54.5283,54.6984,69.2434,5.51592,False,True
2026-01-09 00:00:00+01:00,69.0815,5.55767,59.8737,54.8165,69.1411,5.51623,True,True
2026-01-10 00:00:00+01:00,70.211,5.54474,62.2811,54.9572,69.1411,5.51667,True,True
2026-01-11 00:00:00+01:00,36.9201,5.54004,60.1943,53.5771,69.0815,5.51823,True,True
2026-01-12 00:00:00+01:00,27.5325,5.54261,57.9403,52.1394,69.0815,5.5195,True,True
2026-01-13 00:00:00+01:00,61.7541,5.54301,57.7943,52.8215,69.0815,5.52016,True,True
2026-01-14 00:00:00+01:00,54.135,5.60747,55.0087,53.3419,68.831,5.52127,True,True
2026-01-15 00:00:00+01:00,63.9833,5.60431,54.8025,53.2818,68.8147,5.52235,True,True
2026-01-16 00:00:00+01:00,61.0695,5.57688,53.6579,52.7705,68.7884,5.52238,True,True
2026-01-17 00:00:00+01:00,45.4364,5.57616,50.1187,51.7703,68.4046,5.52238,False,True
2026-01-18 00:00:00+01:00,30.0349,5.57561,49.1351,50.0072,68.2076,5.5225,False,True
2026-01-19 00:00:00+01:00,25.9714,5.57727,48.9121,47.9986,68.1081,5.5229,True,True
2026-01-20 00:00:00+01:00,54.9859,5.52203,47.9452,48.4447,68.0393,5.52221,False,False
2026-01-21 00:00:00+01:00,56.6846,5.46895,48.3094,49.1466,67.9998,5.52196,False,False
2026-01-22 00:00:00+01:00,71.5114,5.49717,49.3849,49.6217,67.9998,5.52079,False,False
2026-01-23 00:00:00+01:00,65.9928,5.47934,50.0882,49.9273,67.9587,5.51847,True,False
2026-01-24 00:00:00+01:00,53.0084,5.47855,51.1699,50.03,67.7167,5.51669,True,False
2026-01-25 00:00:00+01:00,31.0318,5.47677,51.3123,49.8586,67.5503,5.51583,True,False
2026-01-26 00:00:00+01:00,36.944,5.42259,52.8798,49.3964,67.5503,5.51386,True,False
2026-01-27 00:00:00+01:00,66.4449,5.45867,54.5168,50.7251,67.5503,5.51264,True,False
2026-01-28 00:00:00+01:00,52.7139,5.47979,53.9496,51.5924,67.3284,5.5114,True,False
2026-01-29 00:00:00+01:00,54.8762,5.47742,51.5731,51.6958,67.093,5.50931,False,False
2026-01-30 00:00:00+01:00,63.0847,5.40854,51.1577,52.3948,67.0641,5.50606,False,False
2026-01-31 00:00:00+01:00,92.0755,5.38786,56.7387,54.2394,67.0641,5.50286,True,False
2026-02-01 00:00:00+01:00,98.4007,5.29528,66.3628,56.4639,67.093,5.49832,True,False
2026-02-02 00:00:00+01:00,112.597,5.27839,77.1704,58.4386,67.3284,5.49334,True,False
2026-02-03 00:00:00+01:00,137.983,5.29868,87.3901,61.3204,67.3284,5.48917,True,False
2026-02-04 00:00:00+01:00,93.3491,5.25864,93.1951,62.9884,67.3284,5.48496,True,False
2026-02-05 00:00:00+01:00,111.863,5.20571,101.336,64.6246,67.3284,5.47949,True,False
2026-02-06 00:00:00+01:00,176.681,5.05986,117.564,68.0595,67.3284,5.47177,False,False
2026-02-07 00:00:00+01:00,216.26,5.18604,135.305,73.0872,67.3284,5.46699,False,False
2026-02-08 00:00:00+01:00,122.406,5.16936,138.734,74.8647,67.3284,5.46083,False,False
2026-02-09 00:00:00+01:00,78.1279,5.17165,133.81,75.1286,67.3284,5.45475,False,False
2026-02-10 00:00:00+01:00,91.4424,5.17147,127.161,76.946,67.5503,5.44867,False,False
2026-02-11 00:00:00+01:00,79.234,5.13211,125.145,78.6694,67.5503,5.44171,False,False
2026-02-12 00:00:00+01:00,84.6405,5.10889,121.256,79.4323,67.5503,5.43461,False,False
2026-02-13 00:00:00+01:00,84.2282,5.1031,108.048,80.4354,67.5503,5.42743,False,False
2026-02-14 00:00:00+01:00,72.9246,5.15248,87.5719,80.7334,67.5503,5.42134,False,False
2026-02-15 00:00:00+01:00,53.1848,5.19049,77.6832,80.4706,67.3284,5.41598,False,False
2026-02-16 00:00:00+01:00,77.73,5.16134,77.6264,81.5471,67.5503,5.40987,False,False
2026-02-17 00:00:00+01:00,77.5317,5.16029,75.6391,83.1303,67.7167,5.40366,False,False
2026-02-18 00:00:00+01:00,70.5928,5.15229,74.4046,84.6177,67.7167,5.39747,False,False
2026-02-19 00:00:00+01:00,64.1995,5.12132,71.4845,84.9248,67.5503,5.39045,False,False
2026-02-20 00:00:00+01:00,64.2795,5.12317,68.6347,85.1779,67.3284,5.38361,False,False
2026-02-21 00:00:00+01:00,67.7924,5.14466,67.9015,85.054,67.3284,5.37662,False,False
2026-02-22 00:00:00+01:00,47.0925,5.14762,67.0312,84.424,67.093,5.36888,False,False
2026-02-23 00:00:00+01:00,36.5552,5.12921,61.1491,83.8755,67.0641,5.36071,False,False
2026-02-24 00:00:00+01:00,71.7329,5.07975,60.3207,85.2322,67.093,5.35125,False,False
2026-02-25 00:00:00+01:00,74.8363,5.07744,60.9269,86.4953,67.093,5.34081,False,False
2026-02-26 00:00:00+01:00,79.8163,5.18024,63.1579,86.941,67.093,5.33248,False,False
2026-02-27 00:00:00+01:00,87.8441,5.15307,66.5242,88.112,67.093,5.32432,False,False
2026-02-28 00:00:00+01:00,71.1816,5.10839,67.0084,88.6555,67.093,5.31533,False,False
2026-03-01 00:00:00+01:00,84.1829,5.1347,72.307,89.3588,67.093,5.30713,False,False
2026-03-02 00:00:00+01:00,92.4171,5.11009,80.2873,89.3702,67.093,5.29853,False,False
2026-03-03 00:00:00+01:00,92.6444,5.16325,83.2747,89.1783,67.093,5.29095,False,False
2026-03-04 00:00:00+01:00,85.8488,5.14158,84.8479,88.2867,67.093,5.28292,False,False
2026-03-05 00:00:00+01:00,92.2881,5.19618,86.6296,86.7636,67.093,5.27469,False,False
2026-03-06 00:00:00+01:00,83.0059,5.17757,85.9384,86.4188,67.093,5.26616,False,False
2026-03-07 00:00:00+01:00,68.2933,5.13726,85.5258,84.9665,67.093,5.25737,False,False
2026-03-08 00:00:00+01:00,43.7089,5.12118,79.7438,80.5341,67.0641,5.24827,False,False
2026-03-09 00:00:00+01:00,48.7136,5.11115,73.5004,74.9492,66.601,5.23898,False,False
2026-03-10 00:00:00+01:00,78.1994,5.14511,71.4368,73.4756,66.601,5.23033,False,False
2026-03-11 00:00:00+01:00,76.6593,5.15865,70.1241,73.4267,66.601,5.22307,False,False
2026-03-12 00:00:00+01:00,69.0051,5.17023,66.7979,72.6788,66.601,5.21709,False,False
2026-03-13 00:00:00+01:00,59.8774,5.16778,63.4939,72.0336,66.4449,5.2105,False,False
2026-03-14 00:00:00+01:00,74.7777,5.17924,64.4202,71.7048,66.4449,5.2045,False,False
2026-03-15 00:00:00+01:00,42.7317,5.17558,64.2806,70.3216,66.0438,5.19844,False,False
2026-03-16 00:00:00+01:00,38.4474,5.21796,62.814,69.1724,66.0438,5.19327,False,True
2026-03-17 00:00:00+01:00,77.2138,5.2691,62.6732,69.9733,66.0438,5.1902,False,True
2026-03-18 00:00:00+01:00,76.4103,5.25602,62.6376,69.9293,66.0438,5.18614,False,True
2026-03-19 00:00:00+01:00,61.8905,5.2038,61.6213,69.408,65.9928,5.18062,False,True
2026-03-20 00:00:00+01:00,67.4428,5.18676,62.702,69.303,65.9928,5.17481,False,True
2026-03-21 00:00:00+01:00,57.6795,5.19472,60.2594,69.0856,65.9892,5.17053,False,True
2026-03-22 00:00:00+01:00,36.4243,5.18922,59.3584,68.1571,65.9892,5.16656,False,True
2026-03-23 00:00:00+01:00,49.2992,5.15162,60.9086,67.5407,65.9892,5.16369,False,False
2026-03-24 00:00:00+01:00,79.8445,5.19435,61.2845,68.6324,65.9928,5.16201,False,True
2026-03-25 00:00:00+01:00,63.1699,5.18733,59.393,69.5196,65.9928,5.15978,False,True
2026-03-26 00:00:00+01:00,55.2401,5.19954,58.4429,68.9698,65.9928,5.1586,False,True
2026-03-27 00:00:00+01:00,52.5746,5.15098,56.3189,68.2278,65.9928,5.1575,False,False
2026-03-28 00:00:00+01:00,59.4336,5.1108,56.5695,67.5483,65.9928,5.15852,False,False
2026-03-29 00:00:00+01:00,40.6175,5.12013,57.1685,65.9741,65.9892,5.1572,False,False
2026-03-30 00:00:00+02:00,37.0088,5.11176,55.4127,64.835,65.9227,5.15605,False,False
2026-03-31 00:00:00+02:00,61.8663,5.12219,52.8444,64.0911,65.9227,5.15506,False,False
2026-04-01 00:00:00+02:00,67.6138,5.13504,53.4792,63.2644,65.9227,5.15433,False,False
2026-04-02 00:00:00+02:00,63.4376,5.14693,54.6503,62.2908,65.7879,5.15463,False,False
2026-04-03 00:00:00+02:00,64.7518,5.11031,56.3899,61.5876,65.7273,5.15466,False,False
2026-04-04 00:00:00+02:00,48.7498,5.11939,54.8637,60.1363,65.7194,5.15499,False,False
2026-04-05 00:00:00+02:00,28.2606,5.12354,53.0984,58.3114,65.6555,5.15441,False,False
2026-04-06 00:00:00+02:00,31.0384,5.11461,52.2455,57.0696,65.5399,5.15289,False,False
2026-04-07 00:00:00+02:00,55.5644,5.14696,51.3452,57.4648,65.5399,5.1526,False,False
2026-04-08 00:00:00+02:00,55.42,5.14701,49.6032,57.6883,65.4713,5.15234,False,False
2026-04-09 00:00:00+02:00,69.5154,5.16497,50.4715,57.3989,65.4713,5.15259,False,True
2026-04-10 00:00:00+02:00,53.0503,5.17376,48.7998,56.6119,65.4268,5.15364,False,True
2026-04-11 00:00:00+02:00,57.0401,5.18445,49.9842,56.2131,65.4049,5.15486,False,True
2026-04-12 00:00:00+02:00,37.0324,5.19006,51.2373,55.4516,65.0399,5.15577,False,True
2026-04-13 00:00:00+02:00,43.097,5.15986,52.9599,54.3956,64.9586,5.15602,False,True
2026-04-14 00:00:00+02:00,49.7523,5.17775,52.1296,54.6296,64.7518,5.15699,False,True
2026-04-15 00:00:00+02:00,60.2049,5.18821,52.8132,55.3548,64.4731,5.15916,False,True
2026-04-16 00:00:00+02:00,51.7762,5.20197,50.279,54.5069,64.2795,5.16165,False,True
2026-04-17 00:00:00+02:00,60.5941,5.2232,51.3567,53.9797,64.2419,5.16251,False,True
2026-04-18 00:00:00+02:00,67.0843,5.24374,52.7916,54.1528,64.2419,5.16432,False,True
2026-04-19 00:00:00+02:00,49.7608,5.21238,54.6099,53.5634,64.2419,5.1664,True,True
2026-04-20 00:00:00+02:00,45.7411,5.18879,54.9877,53.1655,64.2419,5.16748,True,True
2026-04-21 00:00:00+02:00,58.0396,5.20822,56.1716,53.886,64.2419,5.16944,True,True
2026-04-22 00:00:00+02:00,52.2495,5.20132,55.0351,53.9843,64.1995,5.17021,True,True
2026-04-23 00:00:00+02:00,52.4065,5.22955,55.1251,53.0697,63.9833,5.17196,True,True
2026-04-24 00:00:00+02:00,46.5074,5.21226,53.1127,52.5143,63.589,5.17229,True,True
2026-04-25 00:00:00+02:00,42.9147,5.21524,49.6599,52.1035,63.5863,5.17304,False,True
2026-04-26 00:00:00+02:00,26.1285,5.20903,46.2839,51.2219,63.4668,5.17448,False,True
2026-04-27 00:00:00+02:00,23.6119,5.22132,43.1226,50.0279,63.4668,5.17648,False,True
2026-04-28 00:00:00+02:00,45.6042,5.19257,41.3461,50.1941,63.4668,5.17811,False,True
2026-04-29 00:00:00+02:00,37.3893,5.18925,39.2232,50.2068,63.4668,5.17899,False,True
2026-04-30 00:00:00+02:00,42.3979,5.17948,37.7934,49.5578,63.4668,5.17941,False,True
2026-05-01 00:00:00+02:00,45.1115,5.17943,37.594,48.8077,63.4376,5.17959,False,False
2026-05-02 00:00:00+02:00,36.3682,5.19389,36.6588,47.9054,63.4376,5.18011,False,True
2026-05-03 00:00:00+02:00,25.9735,5.20291,36.6366,46.6128,63.4376,5.18059,False,True
2026-05-04 00:00:00+02:00,25.2942,5.19916,36.877,45.831,63.4376,5.18106,False,True
2026-05-05 00:00:00+02:00,54.5903,5.21053,38.1607,46.7086,63.4376,5.18091,False,True
2026-05-06 00:00:00+02:00,41.3736,5.22773,38.7299,47.0531,63.4376,5.18008,False,True
2026-05-07 00:00:00+02:00,46.9874,5.23777,39.3855,46.7672,63.4376,5.17972,False,True
2026-05-08 00:00:00+02:00,46.4772,5.21393,39.5806,46.4691,63.4376,5.17992,False,True
2026-05-09 00:00:00+02:00,44.7842,5.24366,40.7829,45.6448,63.3642,5.18106,False,True
2026-05-10 00:00:00+02:00,36.3618,5.24845,42.267,45.0885,63.1699,5.18213,False,True
2026-05-11 00:00:00+02:00,34.6168,5.25954,43.5988,44.341,63.0847,5.18354,False,True
2026-05-12 00:00:00+02:00,60.9171,5.27042,44.5026,45.1372,62.7762,5.18591,False,True
2026-05-13 00:00:00+02:00,48.0247,5.24716,45.4528,45.3015,62.7284,5.18697,True,True
2026-05-14 00:00:00+02:00,43.4668,5.22689,44.9498,45.0919,62.5602,5.18776,False,True
2026-05-15 00:00:00+02:00,49.3151,5.2561,45.3552,44.7289,62.468,5.18889,True,True
2026-05-16 00:00:00+02:00,56.0691,5.2155,46.9673,44.872,62.2346,5.19018,True,True
2026-05-17 00:00:00+02:00,38.1759,5.19904,47.2265,44.1248,62.2281,5.19195,True,True
2026-05-18 00:00:00+02:00,28.3684,5.20213,46.3339,42.8342,62.175,5.19359,True,True
2026-05-19 00:00:00+02:00,54.7872,5.18471,45.4582,43.0018,61.9915,5.19505,True,False
2026-05-20 00:00:00+02:00,48.7525,5.17189,45.5621,43.1022,61.8905,5.19604,True,False
2026-05-21 00:00:00+02:00,41.2108,5.18216,45.2398,42.5412,61.8663,5.19698,True,False
2026-05-22 00:00:00+02:00,44.1587,5.19172,44.5032,42.2715,61.7541,5.19788,True,False
2026-05-23 00:00:00+02:00,41.5792,5.16724,42.4332,41.9106,61.6924,5.19902,True,False
2026-05-24 00:00:00+02:00,44.9798,5.18284,43.4052,41.8597,61.6788,5.20029,True,False
2026-05-25 00:00:00+02:00,41.7309,5.15914,45.3141,41.8202,61.4499,5.201,True,False
2026-05-26 00:00:00+02:00,38.3485,5.17838,42.9657,42.2276,61.4499,5.20227,True,False
2026-05-27 00:00:00+02:00,43.733,5.15861,42.2487,42.8983,61.4499,5.20251,False,False
2026-05-28 00:00:00+02:00,44.9865,5.14217,42.7881,42.8777,61.4081,5.20241,False,False
2026-05-29 00:00:00+02:00,58.3445,5.13972,44.8146,43.5762,61.4081,5.2019,True,False
2026-05-30 00:00:00+02:00,50.6798,5.13096,46.1147,43.8522,61.3843,5.20105,True,False
2026-05-31 00:00:00+02:00,39.5559,5.14701,45.3399,43.6671,61.2731,5.2003,True,False
2026-06-01 00:00:00+02:00,29.1465,5.13996,43.5421,43.4263,61.1562,5.1993,True,False
2026-06-02 00:00:00+02:00,50.6874,5.1186,45.3048,44.2501,61.1562,5.19847,True,False
2026-06-03 00:00:00+02:00,66.8092,5.06238,48.6014,45.634,61.2731,5.19616,True,False
2026-06-04 00:00:00+02:00,89.8783,5.03899,55.0145,46.8102,61.3843,5.19318,True,False
2026-06-05 00:00:00+02:00,118.142,4.98325,63.557,49.3692,61.4081,5.18881,True,False
2026-06-06 00:00:00+02:00,134.293,4.92625,75.5017,52.2793,61.4499,5.18287,True,False
2026-06-07 00:00:00+02:00,130.631,4.89251,88.5124,55.0845,61.4499,5.17584,True,False
2026-06-08 00:00:00+02:00,79.1318,4.92129,95.6531,56.2294,61.6788,5.17002,True,False
2026-06-09 00:00:00+02:00,88.536,4.95999,101.06,57.9685,61.6924,5.16544,True,False
2026-06-10 00:00:00+02:00,72.5778,4.92577,101.884,59.2339,61.7541,5.1598,True,False
2026-06-11 00:00:00+02:00,71.6105,4.89487,99.2745,59.5903,61.7541,5.15367,True,False
2026-06-12 00:00:00+02:00,69.9295,4.94159,92.387,60.3205,61.7541,5.14791,True,False
2026-06-13 00:00:00+02:00,57.3424,4.93498,81.3941,60.783,61.6924,5.14236,True,False
2026-06-14 00:00:00+02:00,39.6335,4.95842,68.3945,60.4603,61.6788,5.13723,True,False
2026-06-15 00:00:00+02:00,35.6496,4.9688,62.1828,59.7796,61.6788,5.13242,True,False
2026-06-16 00:00:00+02:00,65.4586,5.01287,58.886,60.6891,61.6924,5.12825,False,False
2026-06-17 00:00:00+02:00,66.5338,5.00371,58.0226,61.9612,61.7541,5.12447,False,False
2026-06-18 00:00:00+02:00,63.709,4.97493,56.8938,62.2586,61.7541,5.12019,False,False
2026-06-19 00:00:00+02:00,69.9967,4.94117,56.9034,62.9668,61.7541,5.11542,False,False
2026-06-20 00:00:00+02:00,62.323,4.92518,57.6149,63.6705,61.8663,5.11034,False,False
2026-06-21 00:00:00+02:00,57.5138,4.95213,60.1692,64.1157,61.8663,5.1055,False,False
2026-06-22 00:00:00+02:00,43.3868,4.94867,61.2745,64.1759,61.8663,5.10042,False,False
2026-06-23 00:00:00+02:00,58.7056,4.95343,60.3098,64.6335,61.7541,5.0955,False,False
2026-06-24 00:00:00+02:00,62.3188,4.93099,59.7077,65.3197,61.7541,5.08991,False,False
2026-06-25 00:00:00+02:00,65.2439,4.91061,59.927,66.2163,61.7541,5.08357,False,False
2026-06-26 00:00:00+02:00,86.8695,4.88954,62.3374,67.6541,61.7541,5.0766,False,False
2026-06-27 00:00:00+02:00,96.3926,4.90461,67.2044,69.3677,61.8663,5.07042,False,False
2026-06-28 00:00:00+02:00,59.4775,4.90578,67.485,69.4054,61.8663,5.06366,False,False
2026-06-29 00:00:00+02:00,47.5885,4.89594,68.0852,69.3024,61.8663,5.05661,False,False
2026-06-30 00:00:00+02:00,82.6592,4.93641,71.5072,70.7392,61.8905,5.05015,False,False
2026-07-01 00:00:00+02:00,60.565,4.91,71.2566,71.7865,61.8905,5.04294,False,False
2026-07-02 00:00:00+02:00,62.6915,4.94969,70.892,72.1866,62.175,5.03699,False,False
2026-07-03 00:00:00+02:00,63.7416,4.9693,67.588,72.0843,62.2346,5.03184,False,False
2026-07-04 00:00:00+02:00,49.9786,5.00075,60.9574,70.7544,62.2346,5.02673,False,False
2026-07-05 00:00:00+02:00,47.5517,5.01009,59.2537,68.4013,62.2346,5.02262,False,False
2026-07-06 00:00:00+02:00,40.8294,5.00306,58.2881,65.2859,62.2346,5.0187,False,False
2026-07-07 00:00:00+02:00,57.1626,5.01643,54.6458,62.837,62.2346,5.01499,False,True
2026-07-08 00:00:00+02:00,56.8025,4.98701,54.1083,62.0927,62.2346,5.01104,False,False
2026-07-09 00:00:00+02:00,59.3069,4.95866,53.6248,61.1184,62.2346,5.00677,False,False
2026-07-10 00:00:00+02:00,52.0527,4.97488,51.9549,60.4342,62.2346,5.00263,False,False
2026-07-11 00:00:00+02:00,44.666,4.98464,51.196,59.536,62.2346,4.99848,False,False
2026-07-12 00:00:00+02:00,30.0808,4.99064,48.7001,58.2077,62.175,4.99495,False,False
2026-07-13 00:00:00+02:00,36.5077,4.97134,48.0827,57.5132,61.8905,4.99072,False,False
2026-07-14 00:00:00+02:00,53.0481,4.94599,47.4949,57.9604,61.8905,4.98646,False,False
2026-07-15 00:00:00+02:00,50.4681,4.99042,46.59,58.4544,61.8663,4.9827,False,True
2026-07-16 00:00:00+02:00,48.504,4.99918,45.0468,57.8892,61.7541,4.97951,False,True
2026-07-17 00:00:00+02:00,45.6696,4.98293,44.1349,57.1937,61.6924,4.97633,False,True
2026-07-18 00:00:00+02:00,48.9924,4.97377,44.7529,56.7032,61.6788,4.97301,False,True
2026-07-19 00:00:00+02:00,30.2409,4.98045,44.7758,55.378,61.4499,4.97,False,True
2026-07-20 00:00:00+02:00,28.1115,4.97478,43.5764,54.2376,61.4081,4.96655,False,True
2026-07-21 00:00:00+02:00,53.0098,4.99591,43.5709,54.0875,61.2731,4.96367,False,True
2026-07-22 00:00:00+02:00,42.2813,5.00766,42.4014,54.0506,61.1562,4.96145,False,True
2026-07-23 00:00:00+02:00,42.0033,5.00946,41.4727,53.4939,61.0695,4.96039,False,True
2026-07-24 00:00:00+02:00,41.2808,4.97969,40.8457,52.7926,60.9171,4.95921,False,True
2026-07-25 00:00:00+02:00,41.8211,4.96144,39.8212,52.0118,60.5941,4.95877,False,True
2026-07-26 00:00:00+02:00,28.7367,4.98366,39.6064,50.0741,60.565,4.95992,False,True
2026-07-27 00:00:00+02:00,28.1719,4.99305,39.615,47.8001,60.565,4.96193,False,True
2026-07-28 00:00:00+02:00,39.6766,4.98773,37.7102,47.14,60.565,4.96326,False,True
2026-07-29 00:00:00+02:00,47.9385,4.97661,38.5184,47.1517,60.2049,4.96359,False,True
2026-07-30 00:00:00+02:00,50.2732,4.96551,39.6998,46.0722,59.9346,4.96439,False,True
2026-07-31 00:00:00+02:00,45.8508,4.97763,40.3527,45.5817,59.9026,4.96604,False,True
2026-08-01 00:00:00+02:00,41.9147,4.95518,40.366,44.8891,59.8774,4.96631,False,False
2026-08-02 00:00:00+02:00,26.8182,4.94428,40.092,43.6583,59.7916,4.9665,False,False
2026-08-03 00:00:00+02:00,34.2356,4.97637,40.9582,43.1336,59.4775,4.96686,False,True
2026-08-04 00:00:00+02:00,38.7064,4.96943,40.8196,42.8387,59.4336,4.96687,False,True
2026-08-05 00:00:00+02:00,43.9372,4.97661,40.248,42.9423,59.4336,4.96615,False,True
2026-08-06 00:00:00+02:00,39.0993,4.97828,38.6517,42.3402,59.3069,4.96564,False,True
2026-08-07 00:00:00+02:00,38.0483,4.96244,37.5371,41.7151,58.9594,4.96539,False,False
2026-08-08 00:00:00+02:00,37.2446,4.96451,36.8699,40.9797,58.9594,4.96586,False,False
2026-08-09 00:00:00+02:00,26.4338,4.97785,36.815,40.1257,58.7056,4.96691,False,True
2026-08-10 00:00:00+02:00,20.5008,4.98331,34.8529,39.3202,58.7056,4.96753,False,True
2026-08-11 00:00:00+02:00,38.3601,4.962,34.8034,39.5962,58.5177,4.9678,False,False
2026-08-12 00:00:00+02:00,35.7955,4.9605,33.6403,39.5724,58.4302,4.96794,False,False
2026-08-13 00:00:00+02:00,36.9561,4.9531,33.3342,39.036,58.3445,4.96838,False,False
2026-08-14 00:00:00+02:00,37.0676,4.95967,33.1941,38.5893,58.0396,4.96936,False,False
2026-08-15 00:00:00+02:00,29.9745,4.95121,32.1555,37.9717,57.9255,4.9706,False,False
2026-08-16 00:00:00+02:00,25.8428,4.9582,32.0711,37.3108,57.6795,4.97167,False,False
2026-08-17 00:00:00+02:00,17.6242,4.94526,31.6601,36.2652,57.5138,4.97246,False,False
2026-08-18 00:00:00+02:00,30.1943,4.95997,30.4936,36.2636,57.5138,4.97374,False,False
2026-08-19 00:00:00+02:00,31.6151,4.96311,29.8964,36.3804,57.3424,4.97427,False,False
2026-08-20 00:00:00+02:00,44.4375,5.0784,30.9652,36.0947,57.2575,4.97764,False,True
2026-08-21 00:00:00+02:00,91.7369,5.12365,38.775,37.7432,57.2575,4.98112,True,True
2026-08-22 00:00:00+02:00,109.676,5.20655,50.161,39.999,57.2575,4.98587,True,True
2026-08-23 00:00:00+02:00,150.463,5.19019,67.9639,43.6384,57.2575,4.98965,True,True
2026-08-24 00:00:00+02:00,91.3517,5.21723,78.4964,45.2894,57.2575,4.9938,True,True
2026-08-25 00:00:00+02:00,89.95,5.21811,87.0329,47.3298,57.3424,4.9981,True,True
2026-08-26 00:00:00+02:00,86.3351,5.20135,94.8501,49.2686,57.3424,5.0018,True,True
2026-08-27 00:00:00+02:00,68.7107,5.20301,98.3177,50.2364,57.3424,5.00612,True,True
2026-08-28 00:00:00+02:00,73.301,5.23938,95.684,51.0818,57.3424,5.01173,True,True
2026-08-29 00:00:00+02:00,70.2518,5.19752,90.0519,51.7478,57.3424,5.01618,True,True
2026-08-30 00:00:00+02:00,43.604,5.20902,74.7863,51.6729,57.2575,5.02067,True,True
2026-08-31 00:00:00+02:00,34.2788,5.21248,66.6331,51.4184,57.1626,5.02511,True,True
2026-09-01 00:00:00+02:00,65.6483,5.20781,63.1614,52.7127,57.2575,5.02984,True,True
2026-09-02 00:00:00+02:00,53.0169,5.18321,58.4016,53.3388,57.1626,5.03458,True,True
2026-09-03 00:00:00+02:00,57.816,5.18088,56.8453,53.9757,57.1626,5.03839,True,True
2026-09-04 00:00:00+02:00,59.6521,5.23971,54.8954,54.4996,57.1626,5.0432,True,True
2026-09-05 00:00:00+02:00,60.2022,5.20819,53.4598,55.203,57.2575,5.04771,False,True
2026-09-06 00:00:00+02:00,32.1502,5.22636,51.8235,55.0064,57.1626,5.05276,False,True
2026-09-07 00:00:00+02:00,39.7116,5.23718,52.5996,55.0886,57.1626,5.05789,False,True
2026-09-08 00:00:00+02:00,52.2713,5.23389,50.6886,55.9499,57.1626,5.06308,False,True
2026-09-09 00:00:00+02:00,49.2927,5.22884,50.1566,56.9096,57.1626,5.06773,False,True
2026-09-10 00:00:00+02:00,50.4681,5.21803,49.1069,57.3132,57.1626,5.07194,False,True
2026-09-11 00:00:00+02:00,55.3526,5.19756,48.4927,57.9651,57.1626,5.0757,False,True
2026-09-12 00:00:00+02:00,67.6292,5.20317,49.5537,58.9876,57.2575,5.08017,False,True
2026-09-13 00:00:00+02:00,42.0733,5.20357,50.9713,59.1544,57.2575,5.08502,False,True
2026-09-14 00:00:00+02:00,28.2999,5.20199,49.341,59.0986,57.2575,5.08938,False,True
2026-09-15 00:00:00+02:00,53.3703,5.23033,49.498,60.0162,57.2575,5.09413,False,True
2026-09-16 00:00:00+02:00,66.9862,5.16046,52.0257,61.6616,57.2575,5.09758,False,True
2026-09-17 00:00:00+02:00,70.7413,5.17293,54.9218,63.0131,57.3424,5.10151,False,True
2026-09-18 00:00:00+02:00,61.7758,5.1885,55.8394,64.0185,57.5138,5.10597,False,True
2026-09-19 00:00:00+02:00,60.5344,5.27106,54.8259,64.5551,57.5138,5.11184,False,True
2026-09-20 00:00:00+02:00,71.9034,5.29915,59.0873,63.8939,57.6795,5.11872,False,True
2026-09-21 00:00:00+02:00,81.5628,5.32738,66.6963,62.9568,57.816,5.12638,False,True
2026-09-22 00:00:00+02:00,95.8202,5.38786,72.7606,61.1354,57.9255,5.13461,False,True
2026-09-23 00:00:00+02:00,83.1288,5.382,75.0667,60.8613,57.9255,5.14286,False,True
2026-09-24 00:00:00+02:00,84.1631,5.34356,76.984,60.6684,57.9255,5.1502,False,True
2026-09-25 00:00:00+02:00,74.9547,5.35689,78.8667,60.2891,57.9255,5.15777,False,True
2026-09-26 00:00:00+02:00,77.0045,5.36266,81.2196,60.5655,57.9255,5.16578,False,True
2026-09-27 00:00:00+02:00,54.3518,5.36565,78.7123,59.9339,57.816,5.1738,False,True
2026-09-28 00:00:00+02:00,48.8858,5.37346,74.0441,59.2217,57.816,5.18171,False,True
2026-09-29 00:00:00+02:00,75.2411,5.34412,71.1043,60.2762,57.9255,5.18893,False,True
2026-09-30 00:00:00+02:00,78.6011,5.36841,70.4574,61.7537,58.0396,5.19705,False,True
