bar_index,entry_time,side,run_rank,duration_bars,ret_sans_stop_bps,sortie_stop,stop,gap,ret_stop_bps
602,2020-01-13 13:30:00+00:00,-1,1,9,10.94044619,612,False,False,10.94044619
611,2020-01-13 18:00:00+00:00,1,1,12,19.13584596,624,False,False,19.13584596
623,2020-01-14 00:00:00+00:00,-1,1,29,-722.4790592,625,True,False,-250
641,2020-01-14 09:00:00+00:00,-1,2,11,-217.3601232,653,False,False,-217.3601232
652,2020-01-14 14:30:00+00:00,1,1,14,48.73092475,667,False,False,48.73092475
666,2020-01-14 21:30:00+00:00,-1,1,24,107.2721297,691,False,False,107.2721297
690,2020-01-15 09:30:00+00:00,1,1,14,145.5566166,705,False,False,145.5566166
704,2020-01-15 16:30:00+00:00,-1,1,10,-62.12207644,715,False,False,-62.12207644
714,2020-01-15 21:30:00+00:00,1,1,8,-159.8058836,723,False,False,-159.8058836
722,2020-01-16 01:30:00+00:00,-1,1,10,-12.99762286,733,False,False,-12.99762286
732,2020-01-16 06:30:00+00:00,1,1,9,-54.99557527,742,False,False,-54.99557527
741,2020-01-16 11:00:00+00:00,-1,1,18,-57.70654941,760,False,False,-57.70654941
759,2020-01-16 20:00:00+00:00,1,1,10,-8.502198031,770,False,False,-8.502198031
769,2020-01-17 01:00:00+00:00,-1,1,32,-200.4034784,780,True,False,-250
789,2020-01-17 11:00:00+00:00,-1,2,12,64.969803,802,False,False,64.969803
801,2020-01-17 17:00:00+00:00,1,1,12,80.39717696,814,False,False,80.39717696
813,2020-01-17 23:00:00+00:00,-1,1,21,61.36796816,835,False,False,61.36796816
834,2020-01-18 09:30:00+00:00,1,1,14,-29.7917507,849,False,False,-29.7917507
848,2020-01-18 16:30:00+00:00,-1,1,9,-52.28004747,858,False,False,-52.28004747
857,2020-01-18 21:00:00+00:00,1,1,20,183.6137231,878,False,False,183.6137231
877,2020-01-19 07:00:00+00:00,-1,1,21,449.9518662,899,False,False,449.9518662
898,2020-01-19 17:30:00+00:00,1,1,13,56.01981848,912,False,False,56.01981848
911,2020-01-20 00:00:00+00:00,-1,1,12,47.09752994,924,False,False,47.09752994
923,2020-01-20 06:00:00+00:00,1,1,8,-11.97736198,932,False,False,-11.97736198
931,2020-01-20 10:00:00+00:00,-1,1,11,17.9586777,943,False,False,17.9586777
942,2020-01-20 15:30:00+00:00,1,1,11,29.286037,954,False,False,29.286037
953,2020-01-20 21:00:00+00:00,-1,1,13,13.606888,967,False,False,13.606888
966,2020-01-21 03:30:00+00:00,1,1,25,-13.41722957,992,False,False,-13.41722957
982,2020-01-21 11:30:00+00:00,1,2,9,-21.30037458,992,False,False,-21.30037458
991,2020-01-21 16:00:00+00:00,-1,1,11,-127.2411397,1003,False,False,-127.2411397
1002,2020-01-21 21:30:00+00:00,1,1,12,-48.86857749,1015,False,False,-48.86857749
1014,2020-01-22 03:30:00+00:00,-1,1,9,-20.85935965,1024,False,False,-20.85935965
1023,2020-01-22 08:00:00+00:00,1,1,25,-97.11811067,1049,False,False,-97.11811067
1038,2020-01-22 15:30:00+00:00,1,2,10,-7.626264438,1049,False,False,-7.626264438
1048,2020-01-22 20:30:00+00:00,-1,1,24,48.23616612,1073,False,False,48.23616612
1072,2020-01-23 08:30:00+00:00,1,1,33,-230.9451353,1074,True,False,-250
1091,2020-01-23 18:00:00+00:00,1,2,14,120.0859806,1106,False,False,120.0859806
1105,2020-01-24 01:00:00+00:00,-1,1,13,129.0011317,1119,False,False,129.0011317
1118,2020-01-24 07:30:00+00:00,1,1,22,230.4551779,1141,False,False,230.4551779
1140,2020-01-24 18:30:00+00:00,-1,1,22,226.6322369,1163,False,False,226.6322369
1162,2020-01-25 05:30:00+00:00,1,1,12,22.5104254,1175,False,False,22.5104254
1174,2020-01-25 11:30:00+00:00,-1,1,9,-20.46075846,1184,False,False,-20.46075846
1183,2020-01-25 16:00:00+00:00,1,1,16,-0.8292581505,1200,False,False,-0.8292581505
1199,2020-01-26 00:00:00+00:00,-1,1,9,-13.82211538,1209,False,False,-13.82211538
1208,2020-01-26 04:30:00+00:00,1,1,20,119.9423873,1229,False,False,119.9423873
1228,2020-01-26 14:30:00+00:00,-1,1,35,-251.7840983,1248,True,False,-250
1246,2020-01-26 23:30:00+00:00,-1,2,17,-97.54422199,1264,False,False,-97.54422199
1256,2020-01-27 04:30:00+00:00,-1,3,7,-35.91170805,1264,False,False,-35.91170805
1263,2020-01-27 08:00:00+00:00,1,1,33,333.4559657,1297,False,False,333.4559657
1296,2020-01-28 00:30:00+00:00,-1,1,22,-165.6301256,1319,False,False,-165.6301256
1307,2020-01-28 06:00:00+00:00,-1,2,11,-38.38512709,1319,False,False,-38.38512709
1318,2020-01-28 11:30:00+00:00,1,1,10,-99.60473089,1329,False,False,-99.60473089
1328,2020-01-28 16:30:00+00:00,-1,1,9,-59.58095323,1338,False,False,-59.58095323
1337,2020-01-28 21:00:00+00:00,1,1,16,307.088016,1354,False,False,307.088016
1353,2020-01-29 05:00:00+00:00,-1,1,12,-74.1359832,1366,False,False,-74.1359832
1365,2020-01-29 11:00:00+00:00,1,1,22,-38.61632983,1388,False,False,-38.61632983
1387,2020-01-29 22:00:00+00:00,-1,1,13,30.52317035,1401,False,False,30.52317035
1400,2020-01-30 04:30:00+00:00,1,1,12,7.013404826,1413,False,False,7.013404826
1412,2020-01-30 10:30:00+00:00,-1,1,9,-7.062071212,1422,False,False,-7.062071212
1421,2020-01-30 15:00:00+00:00,1,1,19,174.960083,1441,False,False,174.960083
1440,2020-01-31 00:30:00+00:00,-1,1,17,143.8613441,1458,False,False,143.8613441
1457,2020-01-31 09:00:00+00:00,1,1,41,31.19120282,1499,False,False,31.19120282
1473,2020-01-31 17:00:00+00:00,1,2,25,130.1145107,1499,False,False,130.1145107
1498,2020-02-01 05:30:00+00:00,-1,1,21,76.67635722,1520,False,False,76.67635722
1519,2020-02-01 16:00:00+00:00,1,1,10,41.60051491,1530,False,False,41.60051491
1529,2020-02-01 21:00:00+00:00,-1,1,19,56.81150502,1549,False,False,56.81150502
1548,2020-02-02 06:30:00+00:00,1,1,16,96.44806395,1565,False,False,96.44806395
1564,2020-02-02 14:30:00+00:00,-1,1,11,-31.26406644,1576,False,False,-31.26406644
1575,2020-02-02 20:00:00+00:00,1,1,97,-301.3339698,1650,True,False,-250
1588,2020-02-03 02:30:00+00:00,1,2,84,-270.0490824,1650,True,False,-250
1610,2020-02-03 13:30:00+00:00,1,3,62,-193.981906,1654,True,False,-250
1623,2020-02-03 20:00:00+00:00,1,4,49,-170.4294388,1673,False,False,-170.4294388
1648,2020-02-04 08:30:00+00:00,1,5,24,-111.1251721,1673,False,False,-111.1251721
1663,2020-02-04 16:00:00+00:00,1,6,9,-43.43010726,1673,False,False,-43.43010726
1672,2020-02-04 20:30:00+00:00,-1,1,10,-43.58673432,1683,False,False,-43.58673432
1682,2020-02-05 01:30:00+00:00,1,1,16,63.66430203,1699,False,False,63.66430203
1698,2020-02-05 09:30:00+00:00,-1,1,39,-424.2073369,1711,True,False,-250
1725,2020-02-05 23:00:00+00:00,-1,2,12,-1.661231325,1738,False,False,-1.661231325
1737,2020-02-06 05:00:00+00:00,1,1,10,0.4982866207,1748,False,False,0.4982866207
1747,2020-02-06 10:00:00+00:00,-1,1,29,-142.6481991,1777,False,False,-142.6481991
1763,2020-02-06 18:00:00+00:00,-1,2,13,-14.4925011,1777,False,False,-14.4925011
1776,2020-02-07 00:30:00+00:00,1,1,10,-5.475436781,1787,False,False,-5.475436781
1786,2020-02-07 05:30:00+00:00,-1,1,10,-45.72190432,1797,False,False,-45.72190432
1796,2020-02-07 10:30:00+00:00,1,1,33,-96.5830497,1830,False,False,-96.5830497
1822,2020-02-07 23:30:00+00:00,1,2,7,-81.58948402,1830,False,False,-81.58948402
1829,2020-02-08 03:00:00+00:00,-1,1,8,-43.80646928,1838,False,False,-43.80646928
1837,2020-02-08 07:00:00+00:00,1,1,15,60.2786221,1853,False,False,60.2786221
1852,2020-02-08 14:30:00+00:00,-1,1,54,-296.8266774,1878,True,False,-250
1891,2020-02-09 10:00:00+00:00,-1,2,15,-27.4886613,1907,False,False,-27.4886613
1906,2020-02-09 17:30:00+00:00,1,1,20,-29.63921478,1927,False,False,-29.63921478
1926,2020-02-10 03:30:00+00:00,-1,1,20,251.2931287,1947,False,False,251.2931287
1946,2020-02-10 13:30:00+00:00,1,1,11,14.49362393,1958,False,False,14.49362393
1957,2020-02-10 19:00:00+00:00,-1,1,10,-12.94814137,1968,False,False,-12.94814137
1967,2020-02-11 00:00:00+00:00,1,1,44,402.6699174,2012,False,False,402.6699174
1981,2020-02-11 07:00:00+00:00,1,2,30,490.9894002,2012,False,False,490.9894002
2011,2020-02-11 22:00:00+00:00,-1,1,10,-50.05512894,2022,False,False,-50.05512894
2021,2020-02-12 03:00:00+00:00,1,1,13,-31.50485437,2035,False,False,-31.50485437
2034,2020-02-12 09:30:00+00:00,-1,1,7,-79.39576627,2042,False,False,-79.39576627
2041,2020-02-12 13:00:00+00:00,1,1,8,15.39268746,2050,False,False,15.39268746
2049,2020-02-12 17:00:00+00:00,-1,1,42,141.051616,2092,False,False,141.051616
2091,2020-02-13 14:00:00+00:00,1,1,10,-27.10690101,2102,False,False,-27.10690101
2101,2020-02-13 19:00:00+00:00,-1,1,12,-46.85460843,2114,False,False,-46.85460843
2113,2020-02-14 01:00:00+00:00,1,1,9,-51.60735825,2123,False,False,-51.60735825
2122,2020-02-14 05:30:00+00:00,-1,1,10,-45.44468344,2133,False,False,-45.44468344
2132,2020-02-14 10:30:00+00:00,1,1,13,61.02244852,2146,False,False,61.02244852
2145,2020-02-14 17:00:00+00:00,-1,1,29,71.68709457,2175,False,False,71.68709457
2161,2020-02-15 01:00:00+00:00,-1,2,13,118.1554942,2175,False,False,118.1554942
2174,2020-02-15 07:30:00+00:00,1,1,11,18.29577319,2186,False,False,18.29577319
2185,2020-02-15 13:00:00+00:00,-1,1,19,303.5262958,2205,False,False,303.5262958
2204,2020-02-15 22:30:00+00:00,1,1,15,24.33315473,2220,False,False,24.33315473
2219,2020-02-16 06:00:00+00:00,-1,1,18,52.41635688,2238,False,False,52.41635688
2237,2020-02-16 15:00:00+00:00,1,1,25,-81.6699206,2241,True,False,-250
2251,2020-02-16 22:00:00+00:00,1,2,11,55.4278997,2263,False,False,55.4278997
2262,2020-02-17 03:30:00+00:00,-1,1,11,17.02652859,2274,False,False,17.02652859
2273,2020-02-17 09:00:00+00:00,1,1,28,-176.9107184,2283,True,False,-250
2289,2020-02-17 17:00:00+00:00,1,2,12,-56.98496956,2302,False,False,-56.98496956
2301,2020-02-17 23:00:00+00:00,-1,1,33,-227.0551267,2334,True,False,-250
2322,2020-02-18 09:30:00+00:00,-1,2,12,-162.354648,2335,False,False,-162.354648
2334,2020-02-18 15:30:00+00:00,1,1,18,307.8955411,2353,False,False,307.8955411
2352,2020-02-19 00:30:00+00:00,-1,1,12,34.34892678,2365,False,False,34.34892678
2364,2020-02-19 06:30:00+00:00,1,1,14,23.02104513,2379,False,False,23.02104513
2378,2020-02-19 13:30:00+00:00,-1,1,8,-138.6374126,2387,False,False,-138.6374126
2386,2020-02-19 17:30:00+00:00,1,1,7,-110.2745922,2394,False,False,-110.2745922
2393,2020-02-19 21:00:00+00:00,-1,1,16,591.1286444,2410,False,False,591.1286444
2409,2020-02-20 05:00:00+00:00,1,1,11,51.92179639,2421,False,False,51.92179639
2420,2020-02-20 10:30:00+00:00,-1,1,10,14.44470558,2431,False,False,14.44470558
2430,2020-02-20 15:30:00+00:00,1,1,32,86.15832595,2463,False,False,86.15832595
2462,2020-02-21 07:30:00+00:00,-1,1,8,-38.69973835,2471,False,False,-38.69973835
2470,2020-02-21 11:30:00+00:00,1,1,9,19.82041287,2480,False,False,19.82041287
2479,2020-02-21 16:00:00+00:00,-1,1,16,46.64545859,2496,False,False,46.64545859
2495,2020-02-22 00:00:00+00:00,1,1,31,-61.98349238,2527,False,False,-61.98349238
2514,2020-02-22 09:30:00+00:00,1,2,12,15.28896243,2527,False,False,15.28896243
2526,2020-02-22 15:30:00+00:00,-1,1,8,-59.0180811,2535,False,False,-59.0180811
2534,2020-02-22 19:30:00+00:00,1,1,9,-29.73310361,2544,False,False,-29.73310361
2543,2020-02-23 00:00:00+00:00,-1,1,33,-225.5569076,2552,True,False,-250
2565,2020-02-23 11:00:00+00:00,-1,2,11,-3.887340027,2577,False,False,-3.887340027
2576,2020-02-23 16:30:00+00:00,1,1,10,9.937199329,2587,False,False,9.937199329
2586,2020-02-23 21:30:00+00:00,-1,1,24,132.5329462,2611,False,False,132.5329462
2610,2020-02-24 09:30:00+00:00,1,1,11,-7.735037569,2622,False,False,-7.735037569
2621,2020-02-24 15:00:00+00:00,-1,1,14,149.7145048,2636,False,False,149.7145048
2635,2020-02-24 22:00:00+00:00,1,1,10,-2.30035567,2646,False,False,-2.30035567
2645,2020-02-25 03:00:00+00:00,-1,1,13,19.23997918,2659,False,False,19.23997918
2658,2020-02-25 09:30:00+00:00,1,1,10,-132.0812975,2669,False,False,-132.0812975
2668,2020-02-25 14:30:00+00:00,-1,1,14,113.447288,2683,False,False,113.447288
2682,2020-02-25 21:30:00+00:00,1,1,8,-160.6829345,2691,False,False,-160.6829345
2690,2020-02-26 01:30:00+00:00,-1,1,12,55.74693283,2703,False,False,55.74693283
2702,2020-02-26 07:30:00+00:00,1,1,14,-158.3214949,2717,False,False,-158.3214949
2716,2020-02-26 14:30:00+00:00,-1,1,14,230.9096481,2731,False,False,230.9096481
2730,2020-02-26 21:30:00+00:00,1,1,9,-122.0368804,2738,True,False,-250
2739,2020-02-27 02:00:00+00:00,-1,1,8,-81.39651286,2748,False,False,-81.39651286
2747,2020-02-27 06:00:00+00:00,1,1,10,65.62780702,2758,False,False,65.62780702
2757,2020-02-27 11:00:00+00:00,-1,1,29,-23.23384771,2787,False,False,-23.23384771
2776,2020-02-27 20:30:00+00:00,-1,2,10,42.63650158,2787,False,False,42.63650158
2786,2020-02-28 01:30:00+00:00,1,1,9,-61.0101001,2796,False,False,-61.0101001
2795,2020-02-28 06:00:00+00:00,-1,1,17,245.1969646,2813,False,False,245.1969646
2812,2020-02-28 14:30:00+00:00,1,1,9,-31.92468761,2822,False,False,-31.92468761
2821,2020-02-28 19:00:00+00:00,-1,1,28,-251.6151009,2829,True,False,-250
2838,2020-02-29 03:30:00+00:00,-1,2,11,-49.01870789,2850,False,False,-49.01870789
2849,2020-02-29 09:00:00+00:00,1,1,26,-135.6739623,2876,False,False,-135.6739623
2864,2020-02-29 16:30:00+00:00,1,2,11,-6.443395866,2876,False,False,-6.443395866
2875,2020-02-29 22:00:00+00:00,-1,1,10,6.760088622,2886,False,False,6.760088622
2885,2020-03-01 03:00:00+00:00,1,1,25,-47.65379759,2911,False,False,-47.65379759
2901,2020-03-01 11:00:00+00:00,1,2,9,27.96451914,2911,False,False,27.96451914
2910,2020-03-01 15:30:00+00:00,-1,1,13,84.41612857,2924,False,False,84.41612857
2923,2020-03-01 22:00:00+00:00,1,1,19,102.8824698,2943,False,False,102.8824698
2942,2020-03-02 07:30:00+00:00,-1,1,43,-274.948066,2954,True,False,-250
2966,2020-03-02 19:30:00+00:00,-1,2,19,23.12665624,2986,False,False,23.12665624
2985,2020-03-03 05:00:00+00:00,1,1,19,-77.96484063,3005,False,False,-77.96484063
2996,2020-03-03 10:30:00+00:00,1,2,8,-99.53740269,3005,False,False,-99.53740269
3004,2020-03-03 14:30:00+00:00,-1,1,13,82.19009479,3018,False,False,82.19009479
3017,2020-03-03 21:00:00+00:00,1,1,15,122.2959417,3033,False,False,122.2959417
3032,2020-03-04 04:30:00+00:00,-1,1,20,42.71723867,3053,False,False,42.71723867
3052,2020-03-04 14:30:00+00:00,1,1,34,166.5515205,3087,False,False,166.5515205
3086,2020-03-05 07:30:00+00:00,-1,1,25,-275.2774024,3097,True,False,-250
3102,2020-03-05 15:30:00+00:00,-1,2,9,-122.1771392,3112,False,False,-122.1771392
3111,2020-03-05 20:00:00+00:00,1,1,31,-9.93121271,3143,False,False,-9.93121271
3128,2020-03-06 04:30:00+00:00,1,2,14,123.6434336,3143,False,False,123.6434336
3142,2020-03-06 11:30:00+00:00,-1,1,14,79.26650084,3157,False,False,79.26650084
3156,2020-03-06 18:30:00+00:00,1,1,14,42.85696982,3171,False,False,42.85696982
3170,2020-03-07 01:30:00+00:00,-1,1,12,20.29540727,3183,False,False,20.29540727
3182,2020-03-07 07:30:00+00:00,1,1,10,58.70280319,3193,False,False,58.70280319
3192,2020-03-07 12:30:00+00:00,-1,1,23,277.5359604,3216,False,False,277.5359604
3215,2020-03-08 00:00:00+00:00,1,1,25,-198.7390351,3236,True,False,-250
3231,2020-03-08 08:00:00+00:00,1,2,9,-30.05535671,3241,False,False,-30.05535671
3240,2020-03-08 12:30:00+00:00,-1,1,19,539.5553986,3260,False,False,539.5553986
3259,2020-03-08 22:00:00+00:00,1,1,57,-413.8850185,3263,True,False,-250
3281,2020-03-09 09:00:00+00:00,1,2,35,-88.26963454,3286,True,False,-250
3301,2020-03-09 19:00:00+00:00,1,3,15,214.1750581,3317,False,False,214.1750581
3316,2020-03-10 02:30:00+00:00,-1,1,7,-31.40838484,3324,False,False,-31.40838484
3323,2020-03-10 06:00:00+00:00,1,1,20,-219.0947176,3344,False,False,-219.0947176
3343,2020-03-10 16:00:00+00:00,-1,1,10,-308.893887,3351,True,False,-250
3353,2020-03-10 21:00:00+00:00,1,1,10,-93.66897215,3364,False,False,-93.66897215
3363,2020-03-11 02:00:00+00:00,-1,1,18,95.26104073,3382,False,False,95.26104073
3381,2020-03-11 11:00:00+00:00,1,1,9,-78.01665017,3391,False,False,-78.01665017
3390,2020-03-11 15:30:00+00:00,-1,1,10,-52.61259596,3401,False,False,-52.61259596
3400,2020-03-11 20:30:00+00:00,1,1,12,-220.5084335,3412,True,False,-250
3412,2020-03-12 02:30:00+00:00,-1,1,30,1970.440777,3443,False,False,1970.440777
3442,2020-03-12 17:30:00+00:00,1,1,9,-592.5853659,3445,True,False,-250
3451,2020-03-12 22:00:00+00:00,-1,1,13,1049.198349,3465,False,False,1049.198349
3464,2020-03-13 04:30:00+00:00,1,1,16,900.6978801,3465,True,False,-250
3480,2020-03-13 12:30:00+00:00,-1,1,15,329.1957265,3483,True,False,-250
3495,2020-03-13 20:00:00+00:00,1,1,11,-100.2355682,3496,True,False,-250
3506,2020-03-14 01:30:00+00:00,-1,1,13,-228.2206046,3507,True,False,-250
3519,2020-03-14 08:00:00+00:00,1,1,50,-538.3555002,3520,True,False,-250
3557,2020-03-15 03:00:00+00:00,1,2,12,85.5800177,3570,False,False,85.5800177
3569,2020-03-15 09:00:00+00:00,-1,1,21,-248.232849,3572,True,False,-250
3590,2020-03-15 19:30:00+00:00,1,1,11,-231.1567164,3593,True,False,-250
3601,2020-03-16 01:00:00+00:00,-1,1,26,758.7708409,3628,False,False,758.7708409
3627,2020-03-16 14:00:00+00:00,1,1,13,149.5618748,3641,False,False,149.5618748
3640,2020-03-16 20:30:00+00:00,-1,1,10,-720.4596868,3644,True,False,-250
3650,2020-03-17 01:30:00+00:00,1,1,12,242.0702754,3663,False,False,242.0702754
3662,2020-03-17 07:30:00+00:00,-1,1,16,127.1963579,3679,False,False,127.1963579
3678,2020-03-17 15:30:00+00:00,1,1,11,280.5107572,3690,False,False,280.5107572
3689,2020-03-17 21:00:00+00:00,-1,1,14,102.6821603,3704,False,False,102.6821603
3703,2020-03-18 04:00:00+00:00,1,1,28,-323.7031567,3707,True,False,-250
3721,2020-03-18 13:00:00+00:00,1,2,10,206.8177216,3731,True,False,-250
3731,2020-03-18 18:00:00+00:00,-1,1,25,-327.8547786,3736,True,False,-250
3749,2020-03-19 03:00:00+00:00,-1,2,7,-206.8905703,3757,False,False,-206.8905703
3756,2020-03-19 06:30:00+00:00,1,1,30,1487.669715,3787,False,False,1487.669715
3786,2020-03-19 21:30:00+00:00,-1,1,14,79.59671,3789,True,False,-250
3800,2020-03-20 04:30:00+00:00,1,1,19,649.403908,3820,False,False,649.403908
3819,2020-03-20 14:00:00+00:00,-1,1,18,625.5869491,3838,False,False,625.5869491
3837,2020-03-20 23:00:00+00:00,1,1,13,-2.321813027,3851,False,False,-2.321813027
3850,2020-03-21 05:30:00+00:00,-1,1,14,-38.16452972,3865,False,False,-38.16452972
3864,2020-03-21 12:30:00+00:00,1,1,10,-55.54072528,3875,False,False,-55.54072528
3874,2020-03-21 17:30:00+00:00,-1,1,47,142.9868287,3881,True,False,-250
3903,2020-03-22 08:00:00+00:00,-1,2,18,378.0290843,3922,False,False,378.0290843
3921,2020-03-22 17:00:00+00:00,1,1,30,-318.1967476,3925,True,False,-250
3942,2020-03-23 03:30:00+00:00,1,2,9,-143.5609294,3952,False,False,-143.5609294
3951,2020-03-23 08:00:00+00:00,-1,1,30,-1034.053638,3960,True,False,-250
3973,2020-03-23 19:00:00+00:00,-1,2,8,-323.1578947,3977,True,False,-250
3981,2020-03-23 23:00:00+00:00,1,1,12,-39.31947187,3994,False,False,-39.31947187
3993,2020-03-24 05:00:00+00:00,-1,1,28,-349.4246313,3997,True,False,-250
4010,2020-03-24 13:30:00+00:00,-1,2,11,100.2225519,4022,False,False,100.2225519
4021,2020-03-24 19:00:00+00:00,1,1,12,63.51490082,4034,False,False,63.51490082
4033,2020-03-25 01:00:00+00:00,-1,1,11,46.15157793,4045,False,False,46.15157793
4044,2020-03-25 06:30:00+00:00,1,1,11,-216.0733949,4055,True,False,-250
4055,2020-03-25 12:00:00+00:00,-1,1,10,-208.5658973,4059,True,False,-250
4065,2020-03-25 17:00:00+00:00,1,1,9,-114.3831235,4075,False,False,-114.3831235
4074,2020-03-25 21:30:00+00:00,-1,1,27,-43.76122253,4080,True,False,-250
4086,2020-03-26 03:30:00+00:00,-1,2,15,112.6074387,4102,False,False,112.6074387
4101,2020-03-26 11:00:00+00:00,1,1,10,5.370885276,4112,False,False,5.370885276
4111,2020-03-26 16:00:00+00:00,-1,1,38,-44.04475949,4128,True,False,-250
4136,2020-03-27 04:30:00+00:00,-1,2,13,231.9742964,4150,False,False,231.9742964
4149,2020-03-27 11:00:00+00:00,1,1,25,-36.91582471,4175,False,False,-36.91582471
4174,2020-03-27 23:30:00+00:00,-1,1,16,679.9808936,4191,False,False,679.9808936
4190,2020-03-28 07:30:00+00:00,1,1,12,60.6928753,4203,False,False,60.6928753
4202,2020-03-28 13:30:00+00:00,-1,1,14,-103.6996326,4217,False,False,-103.6996326
4216,2020-03-28 20:30:00+00:00,1,1,10,-116.9816662,4227,False,False,-116.9816662
4226,2020-03-29 01:30:00+00:00,-1,1,20,95.83569369,4247,False,False,95.83569369
4246,2020-03-29 11:30:00+00:00,1,1,10,-104.8875485,4257,False,False,-104.8875485
4256,2020-03-29 16:30:00+00:00,-1,1,18,264.4646828,4275,False,False,264.4646828
4274,2020-03-30 01:30:00+00:00,1,1,19,621.6128232,4294,False,False,621.6128232
4293,2020-03-30 11:00:00+00:00,-1,1,11,-107.636165,4303,True,False,-250
4304,2020-03-30 16:30:00+00:00,1,1,17,137.0009364,4322,False,False,137.0009364
4321,2020-03-31 01:00:00+00:00,-1,1,13,-13.46844138,4335,False,False,-13.46844138
4334,2020-03-31 07:30:00+00:00,1,1,8,-132.073223,4343,False,False,-132.073223
4342,2020-03-31 11:30:00+00:00,-1,1,34,23.65312102,4377,False,False,23.65312102
4363,2020-03-31 22:00:00+00:00,-1,2,13,145.4080645,4377,False,False,145.4080645
4376,2020-04-01 04:30:00+00:00,1,1,11,-79.97924659,4388,False,False,-79.97924659
4387,2020-04-01 10:00:00+00:00,-1,1,17,133.0051525,4405,False,False,133.0051525
4404,2020-04-01 18:30:00+00:00,1,1,20,635.0702983,4425,False,False,635.0702983
4424,2020-04-02 04:30:00+00:00,-1,1,10,-41.82160345,4435,False,False,-41.82160345
4434,2020-04-02 09:30:00+00:00,1,1,22,40.0380828,4457,False,False,40.0380828
4456,2020-04-02 20:30:00+00:00,-1,1,13,-208.7849367,4459,True,False,-250
4469,2020-04-03 03:00:00+00:00,1,1,21,125.2300188,4491,False,False,125.2300188
4490,2020-04-03 13:30:00+00:00,-1,1,12,188.3043478,4503,False,False,188.3043478
4502,2020-04-03 19:30:00+00:00,1,1,12,-21.24054847,4515,False,False,-21.24054847
4514,2020-04-04 01:30:00+00:00,-1,1,10,54.50220481,4525,False,False,54.50220481
4524,2020-04-04 06:30:00+00:00,1,1,13,7.278009546,4538,False,False,7.278009546
4537,2020-04-04 13:00:00+00:00,-1,1,9,-78.94392423,4547,False,False,-78.94392423
4546,2020-04-04 17:30:00+00:00,1,1,16,157.2119159,4563,False,False,157.2119159
4562,2020-04-05 01:30:00+00:00,-1,1,14,139.5099501,4577,False,False,139.5099501
4576,2020-04-05 08:30:00+00:00,1,1,13,-18.96174501,4590,False,False,-18.96174501
4589,2020-04-05 15:00:00+00:00,-1,1,9,-58.70561283,4599,False,False,-58.70561283
4598,2020-04-05 19:30:00+00:00,1,1,34,461.8116447,4633,False,False,461.8116447
4632,2020-04-06 12:30:00+00:00,-1,1,10,-98.90670983,4643,False,False,-98.90670983
4642,2020-04-06 17:30:00+00:00,1,1,19,168.2906333,4662,False,False,168.2906333
4661,2020-04-07 03:00:00+00:00,-1,1,10,-93.35287633,4672,False,False,-93.35287633
4671,2020-04-07 08:00:00+00:00,1,1,11,-13.5607901,4683,False,False,-13.5607901
4682,2020-04-07 13:30:00+00:00,-1,1,11,94.17354549,4694,False,False,94.17354549
4693,2020-04-07 19:00:00+00:00,1,1,27,6.881512127,4696,True,False,-250
4706,2020-04-08 01:30:00+00:00,1,2,14,184.0927286,4721,False,False,184.0927286
4720,2020-04-08 08:30:00+00:00,-1,1,13,60.79729632,4734,False,False,60.79729632
4733,2020-04-08 15:00:00+00:00,1,1,12,64.2778542,4746,False,False,64.2778542
4745,2020-04-08 21:00:00+00:00,-1,1,20,-11.71288267,4766,False,False,-11.71288267
4765,2020-04-09 07:00:00+00:00,1,1,9,-29.18651796,4775,False,False,-29.18651796
4774,2020-04-09 11:30:00+00:00,-1,1,48,519.5703129,4823,False,False,519.5703129
4789,2020-04-09 19:00:00+00:00,-1,2,33,463.3867198,4823,False,False,463.3867198
4802,2020-04-10 01:30:00+00:00,-1,3,20,477.3410823,4823,False,False,477.3410823
4822,2020-04-10 11:30:00+00:00,1,1,9,-212.9128318,4831,True,False,-250
4831,2020-04-10 16:00:00+00:00,-1,1,22,-209.5322414,4838,True,False,-250
4846,2020-04-10 23:30:00+00:00,-1,2,7,-100.2433459,4854,False,False,-100.2433459
4853,2020-04-11 03:00:00+00:00,1,1,10,-47.00101171,4864,False,False,-47.00101171
4863,2020-04-11 08:00:00+00:00,-1,1,10,4.951731509,4874,False,False,4.951731509
4873,2020-04-11 13:00:00+00:00,1,1,28,-75.7801388,4902,False,False,-75.7801388
4892,2020-04-11 22:30:00+00:00,1,2,9,-65.18580573,4902,False,False,-65.18580573
4901,2020-04-12 03:00:00+00:00,-1,1,10,-10.65743803,4912,False,False,-10.65743803
4911,2020-04-12 08:00:00+00:00,1,1,28,423.8402267,4940,False,False,423.8402267
4939,2020-04-12 22:00:00+00:00,-1,1,16,598.0482659,4956,False,False,598.0482659
4955,2020-04-13 06:00:00+00:00,1,1,11,48.15174589,4967,False,False,48.15174589
4966,2020-04-13 11:30:00+00:00,-1,1,10,-52.16810217,4977,False,False,-52.16810217
4976,2020-04-13 16:30:00+00:00,1,1,18,102.7163018,4995,False,False,102.7163018
4994,2020-04-14 01:30:00+00:00,-1,1,21,-9.285444809,5016,False,False,-9.285444809
5007,2020-04-14 08:00:00+00:00,-1,2,8,-24.72126336,5016,False,False,-24.72126336
5015,2020-04-14 12:00:00+00:00,1,1,14,107.3190543,5030,False,False,107.3190543
5029,2020-04-14 19:00:00+00:00,-1,1,14,53.48003243,5044,False,False,53.48003243
5043,2020-04-15 02:00:00+00:00,1,1,11,-2.441338842,5055,False,False,-2.441338842
5054,2020-04-15 07:30:00+00:00,-1,1,19,213.1751114,5074,False,False,213.1751114
5073,2020-04-15 17:00:00+00:00,1,1,10,7.322003288,5084,False,False,7.322003288
5083,2020-04-15 22:00:00+00:00,-1,1,13,137.7102608,5097,False,False,137.7102608
5096,2020-04-16 04:30:00+00:00,1,1,18,609.0497452,5115,False,False,609.0497452
5114,2020-04-16 13:30:00+00:00,-1,1,12,26.82269504,5127,False,False,26.82269504
5126,2020-04-16 19:30:00+00:00,1,1,13,126.4526553,5140,False,False,126.4526553
5139,2020-04-17 02:00:00+00:00,-1,1,12,85.4494382,5152,False,False,85.4494382
5151,2020-04-17 08:00:00+00:00,1,1,11,-10.68115753,5163,False,False,-10.68115753
5162,2020-04-17 13:30:00+00:00,-1,1,10,36.1902655,5173,False,False,36.1902655
5172,2020-04-17 18:30:00+00:00,1,1,13,70.40890394,5186,False,False,70.40890394
5185,2020-04-18 01:00:00+00:00,-1,1,23,-39.00745806,5209,False,False,-39.00745806
5198,2020-04-18 07:30:00+00:00,-1,2,10,-25.560828,5209,False,False,-25.560828
5208,2020-04-18 12:30:00+00:00,1,1,12,133.588243,5221,False,False,133.588243
5220,2020-04-18 18:30:00+00:00,-1,1,10,-111.0160238,5231,False,False,-111.0160238
5230,2020-04-18 23:30:00+00:00,1,1,50,-189.970555,5259,True,False,-250
5253,2020-04-19 11:00:00+00:00,1,2,27,-50.57134894,5281,False,False,-50.57134894
5267,2020-04-19 18:00:00+00:00,1,3,13,-38.53596807,5281,False,False,-38.53596807
5280,2020-04-20 00:30:00+00:00,-1,1,31,84.47121802,5312,False,False,84.47121802
5297,2020-04-20 09:00:00+00:00,-1,2,14,116.2417314,5312,False,False,116.2417314
5311,2020-04-20 16:00:00+00:00,1,1,30,-270.418397,5315,True,False,-250
5328,2020-04-21 00:30:00+00:00,1,2,13,11.55521576,5342,False,False,11.55521576
5341,2020-04-21 07:00:00+00:00,-1,1,15,51.98926823,5357,False,False,51.98926823
5356,2020-04-21 14:30:00+00:00,1,1,14,50.81616719,5371,False,False,50.81616719
5370,2020-04-21 21:30:00+00:00,-1,1,13,19.16662916,5384,False,False,19.16662916
5383,2020-04-22 04:00:00+00:00,1,1,15,136.8972194,5399,False,False,136.8972194
5398,2020-04-22 11:30:00+00:00,-1,1,27,-227.3722099,5405,True,False,-250
5414,2020-04-22 19:30:00+00:00,-1,2,11,-28.32749568,5426,False,False,-28.32749568
5425,2020-04-23 01:00:00+00:00,1,1,8,12.4468518,5434,False,False,12.4468518
5433,2020-04-23 05:00:00+00:00,-1,1,11,48.56226271,5445,False,False,48.56226271
5444,2020-04-23 10:30:00+00:00,1,1,20,639.1926225,5465,False,False,639.1926225
5464,2020-04-23 20:30:00+00:00,-1,1,13,40.02975757,5478,False,False,40.02975757
5477,2020-04-24 03:00:00+00:00,1,1,15,12.78551436,5493,False,False,12.78551436
5492,2020-04-24 10:30:00+00:00,-1,1,12,50.17414943,5505,False,False,50.17414943
5504,2020-04-24 16:30:00+00:00,1,1,12,24.74666354,5517,False,False,24.74666354
5516,2020-04-24 22:30:00+00:00,-1,1,10,3.340204484,5527,False,False,3.340204484
5526,2020-04-25 03:30:00+00:00,1,1,12,54.16666667,5539,False,False,54.16666667
5538,2020-04-25 09:30:00+00:00,-1,1,9,-73.23218615,5548,False,False,-73.23218615
5547,2020-04-25 14:00:00+00:00,1,1,30,-55.82281809,5578,False,False,-55.82281809
5564,2020-04-25 22:30:00+00:00,1,2,13,23.80901907,5578,False,False,23.80901907
5577,2020-04-26 05:00:00+00:00,-1,1,10,-29.07925816,5588,False,False,-29.07925816
5587,2020-04-26 10:00:00+00:00,1,1,12,-55.80208579,5600,False,False,-55.80208579
5599,2020-04-26 16:00:00+00:00,-1,1,9,-142.5013817,5609,False,False,-142.5013817
5608,2020-04-26 20:30:00+00:00,1,1,17,121.9045279,5626,False,False,121.9045279
5625,2020-04-27 05:00:00+00:00,-1,1,11,43.02865995,5637,False,False,43.02865995
5636,2020-04-27 10:30:00+00:00,1,1,31,-14.00293284,5668,False,False,-14.00293284
5654,2020-04-27 19:30:00+00:00,1,2,13,-19.82592064,5668,False,False,-19.82592064
5667,2020-04-28 02:00:00+00:00,-1,1,11,-9.569104646,5679,False,False,-9.569104646
5678,2020-04-28 07:30:00+00:00,1,1,14,38.14902636,5693,False,False,38.14902636
5692,2020-04-28 14:30:00+00:00,-1,1,9,-13.50364728,5702,False,False,-13.50364728
5701,2020-04-28 19:00:00+00:00,1,1,57,1286.330025,5759,False,False,1286.330025
5758,2020-04-29 23:30:00+00:00,-1,1,8,-347.1916523,5765,True,False,-250
5766,2020-04-30 03:30:00+00:00,1,1,12,-124.6140688,5779,False,False,-124.6140688
5778,2020-04-30 09:30:00+00:00,-1,1,12,118.6782249,5791,False,False,118.6782249
5790,2020-04-30 15:30:00+00:00,1,1,15,-69.45081426,5794,True,False,-250
5805,2020-04-30 23:00:00+00:00,-1,1,11,50.80176706,5817,False,False,50.80176706
5816,2020-05-01 04:30:00+00:00,1,1,9,89.09056108,5826,False,False,89.09056108
5825,2020-05-01 09:00:00+00:00,-1,1,21,57.74456522,5831,True,False,-250
5835,2020-05-01 14:00:00+00:00,-1,2,11,54.51322204,5847,False,False,54.51322204
5846,2020-05-01 19:30:00+00:00,1,1,13,47.94480634,5860,False,False,47.94480634
5859,2020-05-02 02:00:00+00:00,-1,1,10,-36.74225496,5870,False,False,-36.74225496
5869,2020-05-02 07:00:00+00:00,1,1,24,44.25560843,5894,False,False,44.25560843
5893,2020-05-02 19:00:00+00:00,-1,1,8,-77.32604179,5902,False,False,-77.32604179
5901,2020-05-02 23:00:00+00:00,1,1,14,186.0054334,5916,False,False,186.0054334
5915,2020-05-03 06:00:00+00:00,-1,1,10,67.35327667,5926,False,False,67.35327667
5925,2020-05-03 11:00:00+00:00,1,1,29,-373.5247812,5933,True,False,-250
5942,2020-05-03 19:30:00+00:00,1,2,12,-195.3740368,5954,True,False,-250
5954,2020-05-04 01:30:00+00:00,-1,1,14,2.631917691,5969,False,False,2.631917691
5968,2020-05-04 08:30:00+00:00,1,1,19,133.0215587,5988,False,False,133.0215587
5987,2020-05-04 18:00:00+00:00,-1,1,22,-287.4760333,6009,True,False,-250
6009,2020-05-05 05:00:00+00:00,1,1,11,-233.2347048,6020,True,False,-250
6020,2020-05-05 10:30:00+00:00,-1,1,12,-33.52453648,6033,False,False,-33.52453648
6032,2020-05-05 16:30:00+00:00,1,1,17,79.33926709,6050,False,False,79.33926709
6049,2020-05-06 01:00:00+00:00,-1,1,8,-59.30961023,6058,False,False,-59.30961023
6057,2020-05-06 05:00:00+00:00,1,1,21,315.4000606,6079,False,False,315.4000606
6078,2020-05-06 15:30:00+00:00,-1,1,13,-6.961727714,6092,False,False,-6.961727714
6091,2020-05-06 22:00:00+00:00,1,1,27,-8.720298834,6096,True,False,-250
6118,2020-05-07 11:30:00+00:00,-1,1,44,-625.7620778,6122,True,False,-250
6141,2020-05-07 23:00:00+00:00,-1,2,21,31.67132095,6163,False,False,31.67132095
6162,2020-05-08 09:30:00+00:00,1,1,9,22.69714154,6172,False,False,22.69714154
6171,2020-05-08 14:00:00+00:00,-1,1,29,43.47254924,6201,False,False,43.47254924
6181,2020-05-08 19:00:00+00:00,-1,2,19,57.42805852,6201,False,False,57.42805852
6200,2020-05-09 04:30:00+00:00,1,1,31,-108.5164947,6206,True,False,-250
6218,2020-05-09 13:30:00+00:00,1,2,13,92.56910062,6232,False,False,92.56910062
6231,2020-05-09 20:00:00+00:00,-1,1,23,980.7961453,6255,False,False,980.7961453
6254,2020-05-10 07:30:00+00:00,1,1,11,-84.08342131,6266,False,False,-84.08342131
6265,2020-05-10 13:00:00+00:00,-1,1,15,-21.37406682,6281,False,False,-21.37406682
6280,2020-05-10 20:30:00+00:00,1,1,12,13.49773321,6293,False,False,13.49773321
6292,2020-05-11 02:30:00+00:00,-1,1,10,73.84592167,6303,False,False,73.84592167
6302,2020-05-11 07:30:00+00:00,1,1,18,232.3888505,6307,True,False,-250
6320,2020-05-11 16:30:00+00:00,-1,1,11,328.2956766,6332,False,False,328.2956766
6331,2020-05-11 22:00:00+00:00,1,1,18,136.5322371,6350,False,False,136.5322371
6349,2020-05-12 07:00:00+00:00,-1,1,35,-233.7698722,6364,True,False,-250
6363,2020-05-12 14:00:00+00:00,-1,2,21,-202.4809612,6368,True,False,-250
6374,2020-05-12 19:30:00+00:00,-1,3,10,15.86167188,6385,False,False,15.86167188
6384,2020-05-13 00:30:00+00:00,1,1,11,-31.57179048,6396,False,False,-31.57179048
6395,2020-05-13 06:00:00+00:00,-1,1,9,-23.43306831,6405,False,False,-23.43306831
6404,2020-05-13 10:30:00+00:00,1,1,14,204.7003604,6419,False,False,204.7003604
6418,2020-05-13 17:30:00+00:00,-1,1,53,-633.8798415,6425,True,False,-250
6436,2020-05-14 02:30:00+00:00,-1,2,35,-379.7205959,6447,True,False,-250
6458,2020-05-14 13:30:00+00:00,-1,3,13,-30.0567404,6472,False,False,-30.0567404
6471,2020-05-14 20:00:00+00:00,1,1,13,-37.95502309,6485,False,False,-37.95502309
6484,2020-05-15 02:30:00+00:00,-1,1,11,-43.68785309,6496,False,False,-43.68785309
6495,2020-05-15 08:00:00+00:00,1,1,10,-166.0073737,6506,False,False,-166.0073737
6505,2020-05-15 13:00:00+00:00,-1,1,19,39.56281096,6525,False,False,39.56281096
6524,2020-05-15 22:30:00+00:00,1,1,19,-98.72974277,6528,True,False,-250
6543,2020-05-16 08:00:00+00:00,-1,1,9,-119.0151208,6553,False,False,-119.0151208
6552,2020-05-16 12:30:00+00:00,1,1,34,17.48264644,6587,False,False,17.48264644
6570,2020-05-16 21:30:00+00:00,1,2,16,160.2923462,6587,False,False,160.2923462
6586,2020-05-17 05:30:00+00:00,-1,1,12,-10.41447507,6599,False,False,-10.41447507
6598,2020-05-17 11:30:00+00:00,1,1,14,230.2462195,6613,False,False,230.2462195
6612,2020-05-17 18:30:00+00:00,-1,1,13,-35.79866461,6626,False,False,-35.79866461
6625,2020-05-18 01:00:00+00:00,1,1,11,39.36600869,6637,False,False,39.36600869
6636,2020-05-18 06:30:00+00:00,-1,1,14,153.9510884,6651,False,False,153.9510884
6650,2020-05-18 13:30:00+00:00,1,1,10,-44.59834053,6661,False,False,-44.59834053
6660,2020-05-18 18:30:00+00:00,-1,1,26,33.8768327,6687,False,False,33.8768327
6686,2020-05-19 07:30:00+00:00,1,1,11,33.91893062,6698,False,False,33.91893062
6697,2020-05-19 13:00:00+00:00,-1,1,12,-87.35023408,6710,False,False,-87.35023408
6709,2020-05-19 19:00:00+00:00,1,1,15,26.30398581,6725,False,False,26.30398581
6724,2020-05-20 02:30:00+00:00,-1,1,10,-40.9825107,6735,False,False,-40.9825107
6734,2020-05-20 07:30:00+00:00,1,1,9,-43.93911616,6744,False,False,-43.93911616
6743,2020-05-20 12:00:00+00:00,-1,1,19,153.4883099,6763,False,False,153.4883099
6762,2020-05-20 21:30:00+00:00,1,1,11,-108.092747,6774,False,False,-108.092747
6773,2020-05-21 03:00:00+00:00,-1,1,9,11.61814332,6783,False,False,11.61814332
6782,2020-05-21 07:30:00+00:00,1,1,39,-444.1918377,6788,True,False,-250
6809,2020-05-21 21:00:00+00:00,1,2,12,-16.12995886,6822,False,False,-16.12995886
6821,2020-05-22 03:00:00+00:00,-1,1,9,-35.66496401,6831,False,False,-35.66496401
6830,2020-05-22 07:30:00+00:00,1,1,14,73.06119344,6845,False,False,73.06119344
6844,2020-05-22 14:30:00+00:00,-1,1,46,-16.01467702,6891,False,False,-16.01467702
6856,2020-05-22 20:30:00+00:00,-1,2,34,24.42108936,6891,False,False,24.42108936
6876,2020-05-23 06:30:00+00:00,-1,3,14,77.65455273,6891,False,False,77.65455273
6890,2020-05-23 13:30:00+00:00,1,1,10,9.540983607,6901,False,False,9.540983607
6900,2020-05-23 18:30:00+00:00,-1,1,22,-65.2164656,6923,False,False,-65.2164656
6922,2020-05-24 05:30:00+00:00,1,1,12,-17.15037002,6935,False,False,-17.15037002
6934,2020-05-24 11:30:00+00:00,-1,1,17,203.0284755,6952,False,False,203.0284755
6951,2020-05-24 20:00:00+00:00,1,1,9,-274.3181145,6959,True,False,-250
6960,2020-05-25 00:30:00+00:00,-1,1,12,-9.271835858,6973,False,False,-9.271835858
6972,2020-05-25 06:30:00+00:00,1,1,9,-99.66251245,6982,False,False,-99.66251245
6981,2020-05-25 11:00:00+00:00,-1,1,9,-93.02405874,6991,False,False,-93.02405874
6990,2020-05-25 15:30:00+00:00,1,1,15,154.8350167,7006,False,False,154.8350167
7005,2020-05-25 23:00:00+00:00,-1,1,10,11.10515991,7016,False,False,11.10515991
7015,2020-05-26 04:00:00+00:00,1,1,13,-7.126894697,7029,False,False,-7.126894697
7028,2020-05-26 10:30:00+00:00,-1,1,15,83.85135789,7044,False,False,83.85135789
7043,2020-05-26 18:00:00+00:00,1,1,12,23.58479864,7056,False,False,23.58479864
7055,2020-05-27 00:00:00+00:00,-1,1,12,-40.34726946,7068,False,False,-40.34726946
7067,2020-05-27 06:00:00+00:00,1,1,21,333.7000532,7089,False,False,333.7000532
7088,2020-05-27 16:30:00+00:00,-1,1,16,-40.74183963,7105,False,False,-40.74183963
7104,2020-05-28 00:30:00+00:00,1,1,9,-31.71161227,7114,False,False,-31.71161227
7113,2020-05-28 05:00:00+00:00,-1,1,10,-30.23222358,7124,False,False,-30.23222358
7123,2020-05-28 10:00:00+00:00,1,1,17,268.2492736,7141,False,False,268.2492736
7140,2020-05-28 18:30:00+00:00,-1,1,10,-164.2600309,7151,False,False,-164.2600309
7150,2020-05-28 23:30:00+00:00,1,1,10,-104.3049339,7161,False,False,-104.3049339
7160,2020-05-29 04:30:00+00:00,-1,1,19,77.33580213,7180,False,False,77.33580213
7179,2020-05-29 14:00:00+00:00,1,1,11,-25.82754705,7191,False,False,-25.82754705
7190,2020-05-29 19:30:00+00:00,-1,1,9,-22.4184501,7200,False,False,-22.4184501
7199,2020-05-30 00:00:00+00:00,1,1,21,99.8141808,7221,False,False,99.8141808
7208,2020-05-30 04:30:00+00:00,1,2,12,25.24569281,7221,False,False,25.24569281
7220,2020-05-30 10:30:00+00:00,-1,1,13,-23.78544583,7234,False,False,-23.78544583
7233,2020-05-30 17:00:00+00:00,1,1,23,-14.32121425,7257,False,False,-14.32121425
7256,2020-05-31 04:30:00+00:00,-1,1,12,-42.23840463,7269,False,False,-42.23840463
7268,2020-05-31 10:30:00+00:00,1,1,9,-103.4594076,7278,False,False,-103.4594076
7277,2020-05-31 15:00:00+00:00,-1,1,11,-17.4710013,7289,False,False,-17.4710013
7288,2020-05-31 20:30:00+00:00,1,1,21,44.99762366,7310,False,False,44.99762366
7309,2020-06-01 07:00:00+00:00,-1,1,12,-32.92037738,7322,False,False,-32.92037738
7321,2020-06-01 13:00:00+00:00,1,1,33,558.2074289,7355,False,False,558.2074289
7354,2020-06-02 05:30:00+00:00,-1,1,11,-46.07167652,7366,False,False,-46.07167652
7365,2020-06-02 11:00:00+00:00,1,1,33,-652.4754457,7373,True,False,-250
7387,2020-06-02 22:00:00+00:00,1,2,11,-41.05635297,7399,False,False,-41.05635297
7398,2020-06-03 03:30:00+00:00,-1,1,8,-19.17323088,7407,False,False,-19.17323088
7406,2020-06-03 07:30:00+00:00,1,1,14,60.92535381,7421,False,False,60.92535381
7420,2020-06-03 14:30:00+00:00,-1,1,10,-54.84393751,7431,False,False,-54.84393751
7430,2020-06-03 19:30:00+00:00,1,1,20,46.28295241,7451,False,False,46.28295241
7450,2020-06-04 05:30:00+00:00,-1,1,15,4.184390772,7466,False,False,4.184390772
7465,2020-06-04 13:00:00+00:00,1,1,13,139.1374267,7479,False,False,139.1374267
7478,2020-06-04 19:30:00+00:00,-1,1,10,7.031048004,7489,False,False,7.031048004
7488,2020-06-05 00:30:00+00:00,1,1,9,14.58332694,7498,False,False,14.58332694
7497,2020-06-05 05:00:00+00:00,-1,1,9,-27.67409919,7507,False,False,-27.67409919
7506,2020-06-05 09:30:00+00:00,1,1,25,-157.225563,7532,False,False,-157.225563
7520,2020-06-05 16:30:00+00:00,1,2,11,-28.18650968,7532,False,False,-28.18650968
7531,2020-06-05 22:00:00+00:00,-1,1,13,46.69300153,7545,False,False,46.69300153
7544,2020-06-06 04:30:00+00:00,1,1,19,26.69402596,7564,False,False,26.69402596
7563,2020-06-06 14:00:00+00:00,-1,1,12,-18.51581153,7576,False,False,-18.51581153
7575,2020-06-06 20:00:00+00:00,1,1,9,-8.174948027,7585,False,False,-8.174948027
7584,2020-06-07 00:30:00+00:00,-1,1,9,-26.08802819,7594,False,False,-26.08802819
7593,2020-06-07 05:00:00+00:00,1,1,42,75.48838132,7610,True,False,-250
7619,2020-06-07 18:00:00+00:00,1,2,16,263.7155887,7636,False,False,263.7155887
7635,2020-06-08 02:00:00+00:00,-1,1,11,19.00750868,7647,False,False,19.00750868
7646,2020-06-08 07:30:00+00:00,1,1,13,-48.06121925,7660,False,False,-48.06121925
7659,2020-06-08 14:00:00+00:00,-1,1,8,-35.28849558,7668,False,False,-35.28849558
7667,2020-06-08 18:00:00+00:00,1,1,8,-12.31114174,7676,False,False,-12.31114174
7675,2020-06-08 22:00:00+00:00,-1,1,18,22.05761961,7694,False,False,22.05761961
7693,2020-06-09 07:00:00+00:00,1,1,20,17.19385191,7714,False,False,17.19385191
7713,2020-06-09 17:00:00+00:00,-1,1,8,-42.06602604,7722,False,False,-42.06602604
7721,2020-06-09 21:00:00+00:00,1,1,11,22.00677131,7733,False,False,22.00677131
7732,2020-06-10 02:30:00+00:00,-1,1,19,39.36141353,7752,False,False,39.36141353
7751,2020-06-10 12:00:00+00:00,1,1,29,193.4429599,7781,False,False,193.4429599
7780,2020-06-11 02:30:00+00:00,-1,1,19,140.9627937,7800,False,False,140.9627937
7799,2020-06-11 12:00:00+00:00,1,1,35,-440.9408074,7806,True,False,-250
7820,2020-06-11 22:30:00+00:00,1,2,14,14.22761615,7835,False,False,14.22761615
7834,2020-06-12 05:30:00+00:00,-1,1,30,-92.33741725,7865,False,False,-92.33741725
7853,2020-06-12 15:00:00+00:00,-1,2,11,-16.87255645,7865,False,False,-16.87255645
7864,2020-06-12 20:30:00+00:00,1,1,10,-7.801940945,7875,False,False,-7.801940945
7874,2020-06-13 01:30:00+00:00,-1,1,12,4.338974708,7887,False,False,4.338974708
7886,2020-06-13 07:30:00+00:00,1,1,9,-21.39650396,7896,False,False,-21.39650396
7895,2020-06-13 12:00:00+00:00,-1,1,23,-60.88105221,7919,False,False,-60.88105221
7911,2020-06-13 20:00:00+00:00,-1,2,7,-60.28183994,7919,False,False,-60.28183994
7918,2020-06-13 23:30:00+00:00,1,1,8,-28.75513522,7927,False,False,-28.75513522
7926,2020-06-14 03:30:00+00:00,-1,1,13,25.36052875,7940,False,False,25.36052875
7939,2020-06-14 10:00:00+00:00,1,1,8,-5.612209106,7948,False,False,-5.612209106
7947,2020-06-14 14:00:00+00:00,-1,1,9,32.00117412,7957,False,False,32.00117412
7956,2020-06-14 18:30:00+00:00,1,1,57,59.71604737,7975,True,False,-250
7986,2020-06-15 09:30:00+00:00,1,2,27,349.8596039,8014,False,False,349.8596039
8013,2020-06-15 23:00:00+00:00,-1,1,10,-155.5045998,8024,False,False,-155.5045998
8023,2020-06-16 04:00:00+00:00,1,1,9,-104.4564754,8033,False,False,-104.4564754
8032,2020-06-16 08:30:00+00:00,-1,1,10,-53.06450694,8043,False,False,-53.06450694
8042,2020-06-16 13:30:00+00:00,1,1,23,-52.12302925,8066,False,False,-52.12302925
8053,2020-06-16 19:00:00+00:00,1,2,12,-21.96540922,8066,False,False,-21.96540922
8065,2020-06-17 01:00:00+00:00,-1,1,11,6.036372309,8077,False,False,6.036372309
8076,2020-06-17 06:30:00+00:00,1,1,10,33.99094208,8087,False,False,33.99094208
8086,2020-06-17 11:30:00+00:00,-1,1,16,134.524476,8103,False,False,134.524476
8102,2020-06-17 19:30:00+00:00,1,1,14,28.85477992,8117,False,False,28.85477992
8116,2020-06-18 02:30:00+00:00,-1,1,10,-41.62066376,8127,False,False,-41.62066376
8126,2020-06-18 07:30:00+00:00,1,1,11,-23.12326086,8138,False,False,-23.12326086
8137,2020-06-18 13:00:00+00:00,-1,1,13,26.42564721,8151,False,False,26.42564721
8150,2020-06-18 19:30:00+00:00,1,1,39,-35.59722759,8190,False,False,-35.59722759
8159,2020-06-19 00:00:00+00:00,1,2,30,-15.23227621,8190,False,False,-15.23227621
8173,2020-06-19 07:00:00+00:00,1,3,16,69.38430839,8190,False,False,69.38430839
8189,2020-06-19 15:00:00+00:00,-1,1,14,35.52141701,8204,False,False,35.52141701
8203,2020-06-19 22:00:00+00:00,1,1,14,-19.11592851,8218,False,False,-19.11592851
8217,2020-06-20 05:00:00+00:00,-1,1,14,-16.68193785,8232,False,False,-16.68193785
8231,2020-06-20 12:00:00+00:00,1,1,7,-81.78016086,8239,False,False,-81.78016086
8238,2020-06-20 15:30:00+00:00,-1,1,8,-50.45011537,8247,False,False,-50.45011537
8246,2020-06-20 19:30:00+00:00,1,1,15,82.79363986,8262,False,False,82.79363986
8261,2020-06-21 03:00:00+00:00,-1,1,10,3.446303812,8272,False,False,3.446303812
8271,2020-06-21 08:00:00+00:00,1,1,51,52.70500036,8323,False,False,52.70500036
8286,2020-06-21 15:30:00+00:00,1,2,36,80.83065485,8323,False,False,80.83065485
8306,2020-06-22 01:30:00+00:00,1,3,16,101.0154092,8323,False,False,101.0154092
8322,2020-06-22 09:30:00+00:00,-1,1,44,-231.9793683,8345,True,False,-250
8354,2020-06-23 01:30:00+00:00,-1,2,12,-11.43778458,8367,False,False,-11.43778458
8366,2020-06-23 07:30:00+00:00,1,1,22,28.28681125,8389,False,False,28.28681125
8388,2020-06-23 18:30:00+00:00,-1,1,15,18.42872605,8404,False,False,18.42872605
8403,2020-06-24 02:00:00+00:00,1,1,10,8.998128845,8414,False,False,8.998128845
8413,2020-06-24 07:00:00+00:00,-1,1,21,376.6287973,8435,False,False,376.6287973
8434,2020-06-24 17:30:00+00:00,1,1,10,-26.04533826,8445,False,False,-26.04533826
8444,2020-06-24 22:30:00+00:00,-1,1,18,133.1241388,8463,False,False,133.1241388
8462,2020-06-25 07:30:00+00:00,1,1,12,92.08304535,8475,False,False,92.08304535
8474,2020-06-25 13:30:00+00:00,-1,1,8,-57.58486019,8483,False,False,-57.58486019
8482,2020-06-25 17:30:00+00:00,1,1,12,-39.17571537,8495,False,False,-39.17571537
8494,2020-06-25 23:30:00+00:00,-1,1,12,16.27924585,8507,False,False,16.27924585
8506,2020-06-26 05:30:00+00:00,1,1,19,-159.73174,8526,False,False,-159.73174
8517,2020-06-26 11:00:00+00:00,1,2,8,-134.8922133,8526,False,False,-134.8922133
8525,2020-06-26 15:00:00+00:00,-1,1,8,-58.67378958,8534,False,False,-58.67378958
8533,2020-06-26 19:00:00+00:00,1,1,11,-23.20564028,8545,False,False,-23.20564028
8544,2020-06-27 00:30:00+00:00,-1,1,8,-28.02125402,8553,False,False,-28.02125402
8552,2020-06-27 04:30:00+00:00,1,1,11,-9.091853983,8564,False,False,-9.091853983
8563,2020-06-27 10:00:00+00:00,-1,1,9,-14.25796179,8573,False,False,-14.25796179
8572,2020-06-27 14:30:00+00:00,1,1,45,-103.6221836,8583,True,False,-250
8593,2020-06-28 01:00:00+00:00,1,2,24,90.08607234,8618,False,False,90.08607234
8617,2020-06-28 13:00:00+00:00,-1,1,26,-95.40331492,8644,False,False,-95.40331492
8632,2020-06-28 20:30:00+00:00,-1,2,11,-0.7443359319,8644,False,False,-0.7443359319
8643,2020-06-29 02:00:00+00:00,1,1,9,-40.05980513,8653,False,False,-40.05980513
8652,2020-06-29 06:30:00+00:00,-1,1,8,-8.9782785,8661,False,False,-8.9782785
8660,2020-06-29 10:30:00+00:00,1,1,27,87.76986158,8688,False,False,87.76986158
8687,2020-06-30 00:00:00+00:00,-1,1,18,61.30922904,8706,False,False,61.30922904
8705,2020-06-30 09:00:00+00:00,1,1,9,-20.76324643,8715,False,False,-20.76324643
8714,2020-06-30 13:30:00+00:00,-1,1,18,-26.91888997,8733,False,False,-26.91888997
8724,2020-06-30 18:30:00+00:00,-1,2,8,10.83415327,8733,False,False,10.83415327
8732,2020-06-30 22:30:00+00:00,1,1,26,14.5998343,8759,False,False,14.5998343
8742,2020-07-01 03:30:00+00:00,1,2,16,20.20372362,8759,False,False,20.20372362
8758,2020-07-01 11:30:00+00:00,-1,1,30,-117.6447446,8789,False,False,-117.6447446
8776,2020-07-01 20:30:00+00:00,-1,2,12,2.04104333,8789,False,False,2.04104333
8788,2020-07-02 02:30:00+00:00,1,1,8,-58.78108636,8797,False,False,-58.78108636
8796,2020-07-02 06:30:00+00:00,-1,1,13,-49.32820204,8810,False,False,-49.32820204
8809,2020-07-02 13:00:00+00:00,1,1,30,-173.1094836,8817,True,False,-250
8827,2020-07-02 22:00:00+00:00,1,2,12,-47.12012072,8840,False,False,-47.12012072
8839,2020-07-03 04:00:00+00:00,-1,1,9,-28.59516226,8849,False,False,-28.59516226
8848,2020-07-03 08:30:00+00:00,1,1,47,-48.52472973,8896,False,False,-48.52472973
8875,2020-07-03 22:00:00+00:00,1,2,20,-31.94582726,8896,False,False,-31.94582726
8886,2020-07-04 03:30:00+00:00,1,3,9,-12.07926287,8896,False,False,-12.07926287
8895,2020-07-04 08:00:00+00:00,-1,1,11,-6.482403252,8907,False,False,-6.482403252
8906,2020-07-04 13:30:00+00:00,1,1,19,55.5274613,8926,False,False,55.5274613
8925,2020-07-04 23:00:00+00:00,-1,1,13,0.6902604254,8939,False,False,0.6902604254
8938,2020-07-05 05:30:00+00:00,1,1,29,-109.5946248,8968,False,False,-109.5946248
8954,2020-07-05 13:30:00+00:00,1,2,13,-9.916660211,8968,False,False,-9.916660211
8967,2020-07-05 20:00:00+00:00,-1,1,56,-355.138406,9001,True,False,-250
8987,2020-07-06 06:00:00+00:00,-1,2,36,-257.1840563,9008,True,False,-250
9016,2020-07-06 20:30:00+00:00,-1,3,7,-87.38464461,9024,False,False,-87.38464461
9023,2020-07-07 00:00:00+00:00,1,1,7,-43.42616268,9031,False,False,-43.42616268
9030,2020-07-07 03:30:00+00:00,-1,1,17,35.59950184,9048,False,False,35.59950184
9047,2020-07-07 12:00:00+00:00,1,1,12,11.33376037,9060,False,False,11.33376037
9059,2020-07-07 18:00:00+00:00,-1,1,12,28.52314112,9072,False,False,28.52314112
9071,2020-07-08 00:00:00+00:00,1,1,12,19.06621974,9084,False,False,19.06621974
9083,2020-07-08 06:00:00+00:00,-1,1,10,-26.65269341,9094,False,False,-26.65269341
9093,2020-07-08 11:00:00+00:00,1,1,18,145.3506502,9112,False,False,145.3506502
9111,2020-07-08 20:00:00+00:00,-1,1,19,36.83192453,9131,False,False,36.83192453
9130,2020-07-09 05:30:00+00:00,1,1,10,-22.64893617,9141,False,False,-22.64893617
9140,2020-07-09 10:30:00+00:00,-1,1,22,149.8073829,9163,False,False,149.8073829
9162,2020-07-09 21:30:00+00:00,1,1,10,-27.86254047,9173,False,False,-27.86254047
9172,2020-07-10 02:30:00+00:00,-1,1,14,41.50895471,9187,False,False,41.50895471
9186,2020-07-10 09:30:00+00:00,1,1,19,49.46464172,9206,False,False,49.46464172
9205,2020-07-10 19:00:00+00:00,-1,1,38,-2.592300542,9244,False,False,-2.592300542
9225,2020-07-11 05:00:00+00:00,-1,2,18,42.30562412,9244,False,False,42.30562412
9243,2020-07-11 14:00:00+00:00,1,1,10,5.649533724,9254,False,False,5.649533724
9253,2020-07-11 19:00:00+00:00,-1,1,9,-14.30551597,9263,False,False,-14.30551597
9262,2020-07-11 23:30:00+00:00,1,1,13,31.38388881,9276,False,False,31.38388881
9275,2020-07-12 06:00:00+00:00,-1,1,10,7.735120142,9286,False,False,7.735120142
9285,2020-07-12 11:00:00+00:00,1,1,32,21.31233913,9318,False,False,21.31233913
9303,2020-07-12 20:00:00+00:00,1,2,14,67.60560325,9318,False,False,67.60560325
9317,2020-07-13 03:00:00+00:00,-1,1,12,-0.4632632262,9330,False,False,-0.4632632262
9329,2020-07-13 09:00:00+00:00,1,1,15,10.21286498,9345,False,False,10.21286498
9344,2020-07-13 16:30:00+00:00,-1,1,17,80.59716592,9362,False,False,80.59716592
9361,2020-07-14 01:00:00+00:00,1,1,8,-34.72930455,9370,False,False,-34.72930455
9369,2020-07-14 05:00:00+00:00,-1,1,10,-14.0882026,9380,False,False,-14.0882026
9379,2020-07-14 10:00:00+00:00,1,1,11,23.80970501,9391,False,False,23.80970501
9390,2020-07-14 15:30:00+00:00,-1,1,30,-12.11519084,9421,False,False,-12.11519084
9405,2020-07-14 23:00:00+00:00,-1,2,15,21.69478774,9421,False,False,21.69478774
9420,2020-07-15 06:30:00+00:00,1,1,19,-39.24818546,9440,False,False,-39.24818546
9439,2020-07-15 16:00:00+00:00,-1,1,11,-16.10698256,9451,False,False,-16.10698256
9450,2020-07-15 21:30:00+00:00,1,1,12,-21.26047008,9463,False,False,-21.26047008
9462,2020-07-16 03:30:00+00:00,-1,1,21,126.7138194,9484,False,False,126.7138194
9483,2020-07-16 14:00:00+00:00,1,1,13,24.67611905,9497,False,False,24.67611905
9496,2020-07-16 20:30:00+00:00,-1,1,11,-22.74641214,9508,False,False,-22.74641214
9507,2020-07-17 02:00:00+00:00,1,1,30,30.65825859,9538,False,False,30.65825859
9525,2020-07-17 11:00:00+00:00,1,2,12,32.29791314,9538,False,False,32.29791314
9537,2020-07-17 17:00:00+00:00,-1,1,12,-18.69960129,9550,False,False,-18.69960129
9549,2020-07-17 23:00:00+00:00,1,1,31,-2.23758088,9581,False,False,-2.23758088
9564,2020-07-18 06:30:00+00:00,1,2,16,16.32639671,9581,False,False,16.32639671
9580,2020-07-18 14:30:00+00:00,-1,1,8,-42.38162459,9589,False,False,-42.38162459
9588,2020-07-18 18:30:00+00:00,1,1,64,-11.34973827,9653,False,False,-11.34973827
9615,2020-07-19 08:00:00+00:00,1,2,37,35.20180695,9653,False,False,35.20180695
9630,2020-07-19 15:30:00+00:00,1,3,22,58.7232617,9653,False,False,58.7232617
9652,2020-07-20 02:30:00+00:00,-1,1,12,-0.8162812187,9665,False,False,-0.8162812187
9664,2020-07-20 08:30:00+00:00,1,1,24,-13.85388235,9689,False,False,-13.85388235
9678,2020-07-20 15:30:00+00:00,1,2,10,-0.94803256,9689,False,False,-0.94803256
9688,2020-07-20 20:30:00+00:00,-1,1,11,-3.214897946,9700,False,False,-3.214897946
9699,2020-07-21 02:00:00+00:00,1,1,28,175.4225415,9728,False,False,175.4225415
9727,2020-07-21 16:00:00+00:00,-1,1,11,-39.85010707,9739,False,False,-39.85010707
9738,2020-07-21 21:30:00+00:00,1,1,10,-1.37567424,9749,False,False,-1.37567424
9748,2020-07-22 02:30:00+00:00,-1,1,17,34.24726934,9766,False,False,34.24726934
9765,2020-07-22 11:00:00+00:00,1,1,12,-4.591269952,9778,False,False,-4.591269952
9777,2020-07-22 17:00:00+00:00,-1,1,33,-190.8768428,9811,False,False,-190.8768428
9800,2020-07-23 04:30:00+00:00,-1,2,10,-8.201892744,9811,False,False,-8.201892744
9810,2020-07-23 09:30:00+00:00,1,1,26,93.4459644,9837,False,False,93.4459644
9836,2020-07-23 22:30:00+00:00,-1,1,23,69.98211672,9860,False,False,69.98211672
9859,2020-07-24 10:00:00+00:00,1,1,9,-2.568266085,9869,False,False,-2.568266085
9868,2020-07-24 14:30:00+00:00,-1,1,26,-60.81538755,9895,False,False,-60.81538755
9885,2020-07-24 23:00:00+00:00,-1,2,9,-47.18324607,9895,False,False,-47.18324607
9894,2020-07-25 03:30:00+00:00,1,1,12,-1.198533412,9907,False,False,-1.198533412
9906,2020-07-25 09:30:00+00:00,-1,1,8,-8.557512005,9915,False,False,-8.557512005
9914,2020-07-25 13:30:00+00:00,1,1,20,99.98833591,9935,False,False,99.98833591
9934,2020-07-25 23:30:00+00:00,-1,1,13,12.98188414,9948,False,False,12.98188414
9947,2020-07-26 06:00:00+00:00,1,1,19,252.5414174,9967,False,False,252.5414174
9966,2020-07-26 15:30:00+00:00,-1,1,14,1.409849207,9981,False,False,1.409849207
9980,2020-07-26 22:30:00+00:00,1,1,20,250.6662477,10001,False,False,250.6662477
10000,2020-07-27 08:30:00+00:00,-1,1,9,-121.5706619,10010,False,False,-121.5706619
10009,2020-07-27 13:00:00+00:00,1,1,26,882.0785625,10036,False,False,882.0785625
10035,2020-07-28 02:00:00+00:00,-1,1,19,201.302229,10055,False,False,201.302229
10054,2020-07-28 11:30:00+00:00,1,1,12,20.77501172,10067,False,False,20.77501172
10066,2020-07-28 17:30:00+00:00,-1,1,11,37.71178241,10078,False,False,37.71178241
10077,2020-07-28 23:00:00+00:00,1,1,23,37.97309054,10101,False,False,37.97309054
10100,2020-07-29 10:30:00+00:00,-1,1,39,9.675397236,10109,True,False,-250
10120,2020-07-29 20:30:00+00:00,-1,2,19,222.9838763,10140,False,False,222.9838763
10139,2020-07-30 06:00:00+00:00,1,1,10,-48.91489681,10150,False,False,-48.91489681
10149,2020-07-30 11:00:00+00:00,-1,1,38,-96.21799054,10188,False,False,-96.21799054
10174,2020-07-30 23:30:00+00:00,-1,2,13,82.35269828,10188,False,False,82.35269828
10187,2020-07-31 06:00:00+00:00,1,1,15,90.39522454,10203,False,False,90.39522454
10202,2020-07-31 13:30:00+00:00,-1,1,29,-197.2457889,10208,True,False,-250
10222,2020-07-31 23:30:00+00:00,-1,2,9,-37.78326411,10232,False,False,-37.78326411
10231,2020-08-01 04:00:00+00:00,1,1,15,234.0447804,10247,False,False,234.0447804
10246,2020-08-01 11:30:00+00:00,-1,1,11,-19.21957853,10258,False,False,-19.21957853
10257,2020-08-01 17:00:00+00:00,1,1,13,98.37573233,10271,False,False,98.37573233
10270,2020-08-01 23:30:00+00:00,-1,1,25,562.7304392,10280,True,False,-250
10295,2020-08-02 12:00:00+00:00,1,1,17,19.82246204,10313,False,False,19.82246204
10312,2020-08-02 20:30:00+00:00,-1,1,11,14.05131605,10324,False,False,14.05131605
10323,2020-08-03 02:00:00+00:00,1,1,14,67.34149109,10338,False,False,67.34149109
10337,2020-08-03 09:00:00+00:00,-1,1,33,-146.6151437,10352,True,False,-250
10359,2020-08-03 20:00:00+00:00,-1,2,11,53.36050272,10371,False,False,53.36050272
10370,2020-08-04 01:30:00+00:00,1,1,10,-86.55175755,10381,False,False,-86.55175755
10380,2020-08-04 06:30:00+00:00,-1,1,19,37.63449936,10400,False,False,37.63449936
10399,2020-08-04 16:00:00+00:00,1,1,13,28.04712631,10413,False,False,28.04712631
10412,2020-08-04 22:30:00+00:00,-1,1,11,4.126381093,10424,False,False,4.126381093
10423,2020-08-05 04:00:00+00:00,1,1,31,404.7302154,10455,False,False,404.7302154
10454,2020-08-05 19:30:00+00:00,-1,1,11,-27.20820864,10466,False,False,-27.20820864
10465,2020-08-06 01:00:00+00:00,1,1,35,94.67187183,10501,False,False,94.67187183
10478,2020-08-06 07:30:00+00:00,1,2,22,129.2744952,10501,False,False,129.2744952
10500,2020-08-06 18:30:00+00:00,-1,1,14,-13.92990613,10515,False,False,-13.92990613
10514,2020-08-07 01:30:00+00:00,1,1,9,-54.43580531,10524,False,False,-54.43580531
10523,2020-08-07 06:00:00+00:00,-1,1,9,-18.80439024,10533,False,False,-18.80439024
10532,2020-08-07 10:30:00+00:00,1,1,35,-222.8671424,10540,True,False,-250
10554,2020-08-07 21:30:00+00:00,1,2,13,-40.07696295,10568,False,False,-40.07696295
10567,2020-08-08 04:00:00+00:00,-1,1,7,-64.24088557,10575,False,False,-64.24088557
10574,2020-08-08 07:30:00+00:00,1,1,16,136.824599,10591,False,False,136.824599
10590,2020-08-08 15:30:00+00:00,-1,1,12,27.07533734,10603,False,False,27.07533734
10602,2020-08-08 21:30:00+00:00,1,1,10,-13.4127203,10613,False,False,-13.4127203
10612,2020-08-09 02:30:00+00:00,-1,1,13,35.31533251,10626,False,False,35.31533251
10625,2020-08-09 09:00:00+00:00,1,1,9,-23.2107854,10635,False,False,-23.2107854
10634,2020-08-09 13:30:00+00:00,-1,1,12,6.214800655,10647,False,False,6.214800655
10646,2020-08-09 19:30:00+00:00,1,1,25,283.5454113,10672,False,False,283.5454113
10671,2020-08-10 08:00:00+00:00,-1,1,13,7.531891681,10685,False,False,7.531891681
10684,2020-08-10 14:30:00+00:00,1,1,11,-90.6177718,10696,False,False,-90.6177718
10695,2020-08-10 20:00:00+00:00,-1,1,10,-13.66305491,10706,False,False,-13.66305491
10705,2020-08-11 01:00:00+00:00,1,1,8,-48.87425185,10714,False,False,-48.87425185
10713,2020-08-11 05:00:00+00:00,-1,1,14,64.54176194,10728,False,False,64.54176194
10727,2020-08-11 12:00:00+00:00,1,1,31,-391.2721642,10734,True,False,-250
10750,2020-08-11 23:30:00+00:00,1,2,8,-82.0427251,10759,False,False,-82.0427251
10758,2020-08-12 03:30:00+00:00,-1,1,9,-142.2343985,10768,False,False,-142.2343985
10767,2020-08-12 08:00:00+00:00,1,1,12,98.75187271,10780,False,False,98.75187271
10779,2020-08-12 14:00:00+00:00,-1,1,14,3.544544988,10794,False,False,3.544544988
10793,2020-08-12 21:00:00+00:00,1,1,14,-1.634528153,10808,False,False,-1.634528153
10807,2020-08-13 04:00:00+00:00,-1,1,16,4.212409221,10824,False,False,4.212409221
10823,2020-08-13 12:00:00+00:00,1,1,11,-25.72642761,10835,False,False,-25.72642761
10834,2020-08-13 17:30:00+00:00,-1,1,33,-158.4698885,10848,True,False,-250
10855,2020-08-14 04:00:00+00:00,-1,2,12,27.22061817,10868,False,False,27.22061817
10867,2020-08-14 10:00:00+00:00,1,1,9,-19.7367185,10877,False,False,-19.7367185
10876,2020-08-14 14:30:00+00:00,-1,1,51,-149.0240912,10897,True,False,-250
10890,2020-08-14 21:30:00+00:00,-1,2,37,-76.61852167,10928,False,False,-76.61852167
10906,2020-08-15 05:30:00+00:00,-1,3,21,12.82482036,10928,False,False,12.82482036
10927,2020-08-15 16:00:00+00:00,1,1,15,-0.2023578057,10943,False,False,-0.2023578057
10942,2020-08-15 23:30:00+00:00,-1,1,8,-43.82821498,10951,False,False,-43.82821498
10950,2020-08-16 03:30:00+00:00,1,1,10,-40.13626687,10961,False,False,-40.13626687
10960,2020-08-16 08:30:00+00:00,-1,1,13,47.27703974,10974,False,False,47.27703974
10973,2020-08-16 15:00:00+00:00,1,1,11,12.1951013,10985,False,False,12.1951013
10984,2020-08-16 20:30:00+00:00,-1,1,22,-15.7159025,11007,False,False,-15.7159025
11006,2020-08-17 07:30:00+00:00,1,1,27,405.6836416,11034,False,False,405.6836416
11033,2020-08-17 21:00:00+00:00,-1,1,12,-32.228559,11046,False,False,-32.228559
11045,2020-08-18 03:00:00+00:00,1,1,44,-298.2829979,11067,True,False,-250
11062,2020-08-18 11:30:00+00:00,1,2,27,-206.2887863,11068,True,False,-250
11079,2020-08-18 20:00:00+00:00,1,3,10,7.193073954,11090,False,False,7.193073954
11089,2020-08-19 01:00:00+00:00,-1,1,15,137.42071,11105,False,False,137.42071
11104,2020-08-19 08:30:00+00:00,1,1,13,-62.92078593,11118,False,False,-62.92078593
11117,2020-08-19 15:00:00+00:00,-1,1,12,28.20520456,11130,False,False,28.20520456
11129,2020-08-19 21:00:00+00:00,1,1,12,17.16723549,11142,False,False,17.16723549
11141,2020-08-20 03:00:00+00:00,-1,1,9,-8.628531906,11151,False,False,-8.628531906
11150,2020-08-20 07:30:00+00:00,1,1,25,93.55545627,11176,False,False,93.55545627
11175,2020-08-20 20:00:00+00:00,-1,1,17,8.718248796,11193,False,False,8.718248796
11192,2020-08-21 04:30:00+00:00,1,1,8,-26.9961451,11201,False,False,-26.9961451
11200,2020-08-21 08:30:00+00:00,-1,1,15,89.80482914,11216,False,False,89.80482914
11215,2020-08-21 16:00:00+00:00,1,1,39,-134.1818281,11232,True,False,-250
11240,2020-08-22 04:30:00+00:00,1,2,14,102.223796,11255,False,False,102.223796
11254,2020-08-22 11:30:00+00:00,-1,1,11,-31.81425185,11266,False,False,-31.81425185
11265,2020-08-22 17:00:00+00:00,1,1,18,49.31271908,11284,False,False,49.31271908
11283,2020-08-23 02:00:00+00:00,-1,1,12,21.53927247,11296,False,False,21.53927247
11295,2020-08-23 08:00:00+00:00,1,1,27,16.72488256,11323,False,False,16.72488256
11322,2020-08-23 21:30:00+00:00,-1,1,12,-36.70066753,11335,False,False,-36.70066753
11334,2020-08-24 03:30:00+00:00,1,1,19,80.80906622,11354,False,False,80.80906622
11353,2020-08-24 13:00:00+00:00,-1,1,14,25.76400679,11368,False,False,25.76400679
11367,2020-08-24 20:00:00+00:00,1,1,13,-16.68985885,11381,False,False,-16.68985885
11380,2020-08-25 02:30:00+00:00,-1,1,17,78.43110509,11398,False,False,78.43110509
11397,2020-08-25 11:00:00+00:00,1,1,35,-223.2248729,11404,True,False,-250
11418,2020-08-25 21:30:00+00:00,1,2,14,55.98812186,11433,False,False,55.98812186
11432,2020-08-26 04:30:00+00:00,-1,1,11,7.233098236,11444,False,False,7.233098236
11443,2020-08-26 10:00:00+00:00,1,1,20,91.3366907,11464,False,False,91.3366907
11463,2020-08-26 20:00:00+00:00,-1,1,23,72.79148186,11487,False,False,72.79148186
11486,2020-08-27 07:30:00+00:00,1,1,9,-72.49118772,11496,False,False,-72.49118772
11495,2020-08-27 12:00:00+00:00,-1,1,19,13.57472466,11498,True,False,-250
11514,2020-08-27 21:30:00+00:00,1,1,16,77.61836912,11531,False,False,77.61836912
11530,2020-08-28 05:30:00+00:00,-1,1,37,-139.4190551,11568,False,False,-139.4190551
11557,2020-08-28 19:00:00+00:00,-1,2,10,-39.798138,11568,False,False,-39.798138
11567,2020-08-29 00:00:00+00:00,1,1,22,-66.73172287,11590,False,False,-66.73172287
11589,2020-08-29 11:00:00+00:00,-1,1,10,-42.38448962,11600,False,False,-42.38448962
11599,2020-08-29 16:00:00+00:00,1,1,12,2.006894682,11612,False,False,2.006894682
11611,2020-08-29 22:00:00+00:00,-1,1,9,-98.47445805,11621,False,False,-98.47445805
11620,2020-08-30 02:30:00+00:00,1,1,11,-28.84913126,11632,False,False,-28.84913126
11631,2020-08-30 08:00:00+00:00,-1,1,10,-7.366857423,11642,False,False,-7.366857423
11641,2020-08-30 13:00:00+00:00,1,1,13,32.90233601,11655,False,False,32.90233601
11654,2020-08-30 19:30:00+00:00,-1,1,9,-63.52686661,11664,False,False,-63.52686661
11663,2020-08-31 00:00:00+00:00,1,1,10,-44.28371287,11674,False,False,-44.28371287
11673,2020-08-31 05:00:00+00:00,-1,1,14,-17.56245476,11688,False,False,-17.56245476
11687,2020-08-31 12:00:00+00:00,1,1,12,30.39792085,11700,False,False,30.39792085
11699,2020-08-31 18:00:00+00:00,-1,1,18,72.47446709,11718,False,False,72.47446709
11717,2020-09-01 03:00:00+00:00,1,1,18,220.6698412,11736,False,False,220.6698412
11735,2020-09-01 12:00:00+00:00,-1,1,9,-99.31869796,11745,False,False,-99.31869796
11744,2020-09-01 16:30:00+00:00,1,1,13,-20.75442156,11758,False,False,-20.75442156
11757,2020-09-01 23:00:00+00:00,-1,1,14,95.78406564,11772,False,False,95.78406564
11771,2020-09-02 06:00:00+00:00,1,1,36,-397.9729325,11780,True,False,-250
11794,2020-09-02 17:30:00+00:00,1,2,13,47.07403028,11808,False,False,47.07403028
11807,2020-09-03 00:00:00+00:00,-1,1,17,25.8181148,11825,False,False,25.8181148
11824,2020-09-03 08:30:00+00:00,1,1,31,-1060.807624,11832,True,False,-250
11846,2020-09-03 19:30:00+00:00,1,2,9,-510.3312231,11854,True,False,-250
11855,2020-09-04 00:00:00+00:00,-1,1,12,-126.9586614,11868,False,False,-126.9586614
11867,2020-09-04 06:00:00+00:00,1,1,14,183.5554316,11882,False,False,183.5554316
11881,2020-09-04 13:00:00+00:00,-1,1,10,61.30074395,11892,False,False,61.30074395
11891,2020-09-04 18:00:00+00:00,1,1,11,49.61771219,11903,False,False,49.61771219
11902,2020-09-04 23:30:00+00:00,-1,1,13,57.94392702,11916,False,False,57.94392702
11915,2020-09-05 06:00:00+00:00,1,1,46,-337.4741101,11927,True,False,-250
11933,2020-09-05 15:00:00+00:00,1,2,28,-262.8214565,11937,True,False,-250
11951,2020-09-06 00:00:00+00:00,1,3,10,-110.1277167,11962,False,False,-110.1277167
11961,2020-09-06 05:00:00+00:00,-1,1,7,-142.6863427,11969,False,False,-142.6863427
11968,2020-09-06 08:30:00+00:00,1,1,12,7.276671403,11981,False,False,7.276671403
11980,2020-09-06 14:30:00+00:00,-1,1,9,-37.99345184,11990,False,False,-37.99345184
11989,2020-09-06 19:00:00+00:00,1,1,10,14.90750901,12000,False,False,14.90750901
11999,2020-09-07 00:00:00+00:00,-1,1,18,111.4498027,12018,False,False,111.4498027
12017,2020-09-07 09:00:00+00:00,1,1,24,12.63788803,12025,True,False,-250
12030,2020-09-07 15:30:00+00:00,1,2,11,27.87132393,12042,False,False,27.87132393
12041,2020-09-07 21:00:00+00:00,-1,1,36,55.76493661,12046,True,False,-250
12056,2020-09-08 04:30:00+00:00,-1,2,21,174.28965,12078,False,False,174.28965
12077,2020-09-08 15:00:00+00:00,1,1,10,-110.0365534,12088,False,False,-110.0365534
12087,2020-09-08 20:00:00+00:00,-1,1,9,-150.2131315,12097,False,False,-150.2131315
12096,2020-09-09 00:30:00+00:00,1,1,7,-104.3179978,12104,False,False,-104.3179978
12103,2020-09-09 04:00:00+00:00,-1,1,43,-257.6389706,12118,True,False,-250
12123,2020-09-09 14:00:00+00:00,-1,2,23,-75.03472742,12147,False,False,-75.03472742
12138,2020-09-09 21:30:00+00:00,-1,3,8,-30.66139335,12147,False,False,-30.66139335
12146,2020-09-10 01:30:00+00:00,1,1,12,43.86936548,12159,False,False,43.86936548
12158,2020-09-10 07:30:00+00:00,-1,1,10,-3.115002607,12169,False,False,-3.115002607
12168,2020-09-10 12:30:00+00:00,1,1,11,9.409794116,12180,False,False,9.409794116
12179,2020-09-10 18:00:00+00:00,-1,1,10,2.792265136,12190,False,False,2.792265136
12189,2020-09-10 23:00:00+00:00,1,1,9,-78.93976397,12199,False,False,-78.93976397
12198,2020-09-11 03:30:00+00:00,-1,1,9,5.309070718,12208,False,False,5.309070718
12207,2020-09-11 08:00:00+00:00,1,1,10,36.05263158,12218,False,False,36.05263158
12217,2020-09-11 13:00:00+00:00,-1,1,42,-55.95810038,12260,False,False,-55.95810038
12243,2020-09-12 02:00:00+00:00,-1,2,16,22.69188373,12260,False,False,22.69188373
12259,2020-09-12 10:00:00+00:00,1,1,27,58.99787631,12287,False,False,58.99787631
12286,2020-09-12 23:30:00+00:00,-1,1,9,-142.1699934,12296,False,False,-142.1699934
12295,2020-09-13 04:00:00+00:00,1,1,12,-59.32535513,12308,False,False,-59.32535513
12307,2020-09-13 10:00:00+00:00,-1,1,17,215.4058,12325,False,False,215.4058
12324,2020-09-13 18:30:00+00:00,1,1,13,0.4866222673,12338,False,False,0.4866222673
12337,2020-09-14 01:00:00+00:00,-1,1,49,-399.6726165,12362,True,False,-250
12374,2020-09-14 19:30:00+00:00,-1,2,12,-7.379513982,12387,False,False,-7.379513982
12386,2020-09-15 01:30:00+00:00,1,1,10,37.27275365,12397,False,False,37.27275365
12396,2020-09-15 06:30:00+00:00,-1,1,10,-107.1609708,12407,False,False,-107.1609708
12406,2020-09-15 11:30:00+00:00,1,1,9,-48.42789225,12416,False,False,-48.42789225
12415,2020-09-15 16:00:00+00:00,-1,1,11,-36.63207383,12427,False,False,-36.63207383
12426,2020-09-15 21:30:00+00:00,1,1,28,41.85491527,12455,False,False,41.85491527
12440,2020-09-16 04:30:00+00:00,1,2,14,55.41334359,12455,False,False,55.41334359
12454,2020-09-16 11:30:00+00:00,-1,1,42,-15.68075636,12497,False,False,-15.68075636
12473,2020-09-16 21:00:00+00:00,-1,2,23,96.55861039,12497,False,False,96.55861039
12496,2020-09-17 08:30:00+00:00,1,1,31,52.43222148,12528,False,False,52.43222148
12511,2020-09-17 16:00:00+00:00,1,2,16,93.90991656,12528,False,False,93.90991656
12527,2020-09-18 00:00:00+00:00,-1,1,10,41.6995894,12538,False,False,41.6995894
12537,2020-09-18 05:00:00+00:00,1,1,15,59.26598604,12553,False,False,59.26598604
12552,2020-09-18 12:30:00+00:00,-1,1,16,60.45789331,12569,False,False,60.45789331
12568,2020-09-18 20:30:00+00:00,1,1,14,52.66050215,12583,False,False,52.66050215
12582,2020-09-19 03:30:00+00:00,-1,1,14,0.9400031577,12597,False,False,0.9400031577
12596,2020-09-19 10:30:00+00:00,1,1,13,94.57503299,12610,False,False,94.57503299
12609,2020-09-19 17:00:00+00:00,-1,1,12,-2.160940325,12622,False,False,-2.160940325
12621,2020-09-19 23:00:00+00:00,1,1,27,-177.8187173,12649,False,False,-177.8187173
12638,2020-09-20 07:30:00+00:00,1,2,10,-101.3579376,12649,False,False,-101.3579376
12648,2020-09-20 12:30:00+00:00,-1,1,12,-1.325273706,12661,False,False,-1.325273706
12660,2020-09-20 18:30:00+00:00,1,1,22,73.66257113,12683,False,False,73.66257113
12682,2020-09-21 05:30:00+00:00,-1,1,26,492.5199846,12709,False,False,492.5199846
12708,2020-09-21 18:30:00+00:00,1,1,11,10.40545734,12720,False,False,10.40545734
12719,2020-09-22 00:00:00+00:00,-1,1,10,-44.69791714,12730,False,False,-44.69791714
12729,2020-09-22 05:00:00+00:00,1,1,21,5.073862442,12751,False,False,5.073862442
12750,2020-09-22 15:30:00+00:00,-1,1,36,16.78969239,12787,False,False,16.78969239
12770,2020-09-23 01:30:00+00:00,-1,2,16,64.76404464,12787,False,False,64.76404464
12786,2020-09-23 09:30:00+00:00,1,1,12,10.50403085,12799,False,False,10.50403085
12798,2020-09-23 15:30:00+00:00,-1,1,20,158.2074347,12819,False,False,158.2074347
12818,2020-09-24 01:30:00+00:00,1,1,11,-13.85630612,12830,False,False,-13.85630612
12829,2020-09-24 07:00:00+00:00,-1,1,49,-398.9969167,12847,True,False,-250
12859,2020-09-24 22:00:00+00:00,-1,2,19,-41.21783202,12879,False,False,-41.21783202
12878,2020-09-25 07:30:00+00:00,1,1,31,-1.028553582,12910,False,False,-1.028553582
12891,2020-09-25 14:00:00+00:00,1,2,18,75.109692,12910,False,False,75.109692
12909,2020-09-25 23:00:00+00:00,-1,1,9,-34.10473436,12919,False,False,-34.10473436
12918,2020-09-26 03:30:00+00:00,1,1,10,-32.33923579,12929,False,False,-32.33923579
12928,2020-09-26 08:30:00+00:00,-1,1,12,-31.03232261,12941,False,False,-31.03232261
12940,2020-09-26 14:30:00+00:00,1,1,11,-5.695116461,12952,False,False,-5.695116461
12951,2020-09-26 20:00:00+00:00,-1,1,9,-35.08549408,12961,False,False,-35.08549408
12960,2020-09-27 00:30:00+00:00,1,1,11,22.23977695,12972,False,False,22.23977695
12971,2020-09-27 06:00:00+00:00,-1,1,14,112.8160142,12986,False,False,112.8160142
12985,2020-09-27 13:00:00+00:00,1,1,14,71.21372841,13000,False,False,71.21372841
12999,2020-09-27 20:00:00+00:00,-1,1,9,-117.6174778,13009,False,False,-117.6174778
13008,2020-09-28 00:30:00+00:00,1,1,12,20.1113719,13021,False,False,20.1113719
13020,2020-09-28 06:30:00+00:00,-1,1,11,1.249270876,13032,False,False,1.249270876
13031,2020-09-28 12:00:00+00:00,1,1,10,2.765275852,13042,False,False,2.765275852
13041,2020-09-28 17:00:00+00:00,-1,1,12,22.47428361,13054,False,False,22.47428361
13053,2020-09-28 23:00:00+00:00,1,1,29,-112.5232774,13083,False,False,-112.5232774
13067,2020-09-29 06:00:00+00:00,1,2,15,66.04934396,13083,False,False,66.04934396
13082,2020-09-29 13:30:00+00:00,-1,1,13,-0.1675776373,13096,False,False,-0.1675776373
13095,2020-09-29 20:00:00+00:00,1,1,14,29.64212533,13110,False,False,29.64212533
13109,2020-09-30 03:00:00+00:00,-1,1,13,85.64684391,13123,False,False,85.64684391
13122,2020-09-30 09:30:00+00:00,1,1,18,26.87004262,13141,False,False,26.87004262
13140,2020-09-30 18:30:00+00:00,-1,1,10,-53.55872318,13151,False,False,-53.55872318
13150,2020-09-30 23:30:00+00:00,1,1,12,46.97643748,13163,False,False,46.97643748
13162,2020-10-01 05:30:00+00:00,-1,1,33,219.3353843,13196,False,False,219.3353843
13180,2020-10-01 14:30:00+00:00,-1,2,15,244.4059645,13196,False,False,244.4059645
13195,2020-10-01 22:00:00+00:00,1,1,13,68.22041868,13209,False,False,68.22041868
13208,2020-10-02 04:30:00+00:00,-1,1,14,176.67065,13223,False,False,176.67065
13222,2020-10-02 11:30:00+00:00,1,1,14,76.68865553,13237,False,False,76.68865553
13236,2020-10-02 18:30:00+00:00,-1,1,11,-25.56749211,13248,False,False,-25.56749211
13247,2020-10-03 00:00:00+00:00,1,1,11,-26.02255099,13259,False,False,-26.02255099
13258,2020-10-03 05:30:00+00:00,-1,1,11,-5.367935972,13270,False,False,-5.367935972
13269,2020-10-03 11:00:00+00:00,1,1,21,9.545249887,13291,False,False,9.545249887
13290,2020-10-03 21:30:00+00:00,-1,1,12,2.803078083,13303,False,False,2.803078083
13302,2020-10-04 03:30:00+00:00,1,1,14,27.498707,13317,False,False,27.498707
13316,2020-10-04 10:30:00+00:00,-1,1,10,-18.6096776,13327,False,False,-18.6096776
13326,2020-10-04 15:30:00+00:00,1,1,17,57.11139126,13344,False,False,57.11139126
13343,2020-10-05 00:00:00+00:00,-1,1,18,-8.072258432,13362,False,False,-8.072258432
13351,2020-10-05 04:00:00+00:00,-1,2,10,-6.299183075,13362,False,False,-6.299183075
13361,2020-10-05 09:00:00+00:00,1,1,18,20.19715647,13380,False,False,20.19715647
13379,2020-10-05 18:00:00+00:00,-1,1,44,-37.8728031,13424,False,False,-37.8728031
13400,2020-10-06 04:30:00+00:00,-1,2,23,41.09027431,13424,False,False,41.09027431
13423,2020-10-06 16:00:00+00:00,1,1,33,-127.0392406,13457,False,False,-127.0392406
13441,2020-10-07 01:00:00+00:00,1,2,15,-1.348818652,13457,False,False,-1.348818652
13456,2020-10-07 08:30:00+00:00,-1,1,9,-32.00810532,13466,False,False,-32.00810532
13465,2020-10-07 13:00:00+00:00,1,1,19,13.16486073,13485,False,False,13.16486073
13484,2020-10-07 22:30:00+00:00,-1,1,12,5.559536342,13497,False,False,5.559536342
13496,2020-10-08 04:30:00+00:00,1,1,32,220.691664,13529,False,False,220.691664
13510,2020-10-08 11:30:00+00:00,1,2,18,261.9711613,13529,False,False,261.9711613
13528,2020-10-08 20:30:00+00:00,-1,1,11,-21.36555696,13540,False,False,-21.36555696
13539,2020-10-09 02:00:00+00:00,1,1,9,-36.15410584,13549,False,False,-36.15410584
13548,2020-10-09 06:30:00+00:00,-1,1,33,-199.4632244,13582,False,False,-199.4632244
13570,2020-10-09 17:30:00+00:00,-1,2,11,-20.92330293,13582,False,False,-20.92330293
13581,2020-10-09 23:00:00+00:00,1,1,19,274.6576709,13601,False,False,274.6576709
13600,2020-10-10 08:30:00+00:00,-1,1,12,48.70827311,13613,False,False,48.70827311
13612,2020-10-10 14:30:00+00:00,1,1,11,25.34738991,13624,False,False,25.34738991
13623,2020-10-10 20:00:00+00:00,-1,1,13,-3.593029523,13637,False,False,-3.593029523
13636,2020-10-11 02:30:00+00:00,1,1,14,-6.954592672,13651,False,False,-6.954592672
13650,2020-10-11 09:30:00+00:00,-1,1,30,-2.845438929,13681,False,False,-2.845438929
13680,2020-10-12 00:30:00+00:00,1,1,11,40.91686901,13692,False,False,40.91686901
13691,2020-10-12 06:00:00+00:00,-1,1,17,-74.15892552,13709,False,False,-74.15892552
13708,2020-10-12 14:30:00+00:00,1,1,14,144.3877364,13723,False,False,144.3877364
13722,2020-10-12 21:30:00+00:00,-1,1,16,118.052659,13739,False,False,118.052659
13738,2020-10-13 05:30:00+00:00,1,1,14,-24.7437257,13753,False,False,-24.7437257
13752,2020-10-13 12:30:00+00:00,-1,1,12,79.06463257,13765,False,False,79.06463257
13764,2020-10-13 18:30:00+00:00,1,1,13,82.86286731,13778,False,False,82.86286731
13777,2020-10-14 01:00:00+00:00,-1,1,13,72.93838099,13791,False,False,72.93838099
13790,2020-10-14 07:30:00+00:00,1,1,8,12.63442157,13799,False,False,12.63442157
13798,2020-10-14 11:30:00+00:00,-1,1,19,23.43306689,13818,False,False,23.43306689
13817,2020-10-14 21:00:00+00:00,1,1,11,-5.398051435,13829,False,False,-5.398051435
13828,2020-10-15 02:30:00+00:00,-1,1,9,-17.14258114,13838,False,False,-17.14258114
13837,2020-10-15 07:00:00+00:00,1,1,32,68.94393221,13870,False,False,68.94393221
13850,2020-10-15 13:30:00+00:00,1,2,19,103.6402984,13870,False,False,103.6402984
13869,2020-10-15 23:00:00+00:00,-1,1,25,138.4064968,13895,False,False,138.4064968
13894,2020-10-16 11:30:00+00:00,1,1,10,15.84842023,13905,False,False,15.84842023
13904,2020-10-16 16:30:00+00:00,-1,1,13,-9.978843441,13918,False,False,-9.978843441
13917,2020-10-16 23:00:00+00:00,1,1,18,1.946224325,13936,False,False,1.946224325
13935,2020-10-17 08:00:00+00:00,-1,1,8,11.1908135,13944,False,False,11.1908135
13943,2020-10-17 12:00:00+00:00,1,1,34,29.06172156,13978,False,False,29.06172156
13977,2020-10-18 05:00:00+00:00,-1,1,54,-75.0057788,14032,False,False,-75.0057788
13989,2020-10-18 11:00:00+00:00,-1,2,42,-37.86376226,14032,False,False,-37.86376226
14007,2020-10-18 20:00:00+00:00,-1,3,24,-15.76221768,14032,False,False,-15.76221768
14021,2020-10-19 03:00:00+00:00,-1,4,10,2.877966377,14032,False,False,2.877966377
14031,2020-10-19 08:00:00+00:00,1,1,24,207.2383372,14056,False,False,207.2383372
14055,2020-10-19 20:00:00+00:00,-1,1,15,-20.17829718,14071,False,False,-20.17829718
14070,2020-10-20 03:30:00+00:00,1,1,12,34.21952697,14083,False,False,34.21952697
14082,2020-10-20 09:30:00+00:00,-1,1,30,-158.8263595,14099,True,False,-250
14102,2020-10-20 19:30:00+00:00,-1,2,10,8.184893312,14113,False,False,8.184893312
14112,2020-10-21 00:30:00+00:00,1,1,16,185.3024825,14129,False,False,185.3024825
14128,2020-10-21 08:30:00+00:00,-1,1,9,-210.9880035,14138,False,False,-210.9880035
14137,2020-10-21 13:00:00+00:00,1,1,14,219.3480702,14152,False,False,219.3480702
14151,2020-10-21 20:00:00+00:00,-1,1,22,-91.16530995,14156,True,False,-250
14173,2020-10-22 07:00:00+00:00,1,1,14,100.9049774,14188,False,False,100.9049774
14187,2020-10-22 14:00:00+00:00,-1,1,29,7.584569495,14217,False,False,7.584569495
14206,2020-10-22 23:30:00+00:00,-1,2,10,57.8430913,14217,False,False,57.8430913
14216,2020-10-23 04:30:00+00:00,1,1,18,59.88783013,14235,False,False,59.88783013
14234,2020-10-23 13:30:00+00:00,-1,1,14,67.41452171,14249,False,False,67.41452171
14248,2020-10-23 20:30:00+00:00,1,1,11,39.02605811,14260,False,False,39.02605811
14259,2020-10-24 02:00:00+00:00,-1,1,17,-14.13962864,14277,False,False,-14.13962864
14276,2020-10-24 10:30:00+00:00,1,1,21,93.7822694,14298,False,False,93.7822694
14297,2020-10-24 21:00:00+00:00,-1,1,9,-14.57545926,14307,False,False,-14.57545926
14306,2020-10-25 01:30:00+00:00,1,1,11,-83.56512035,14318,False,False,-83.56512035
14317,2020-10-25 07:00:00+00:00,-1,1,13,9.917649732,14331,False,False,9.917649732
14330,2020-10-25 13:30:00+00:00,1,1,12,12.14043564,14343,False,False,12.14043564
14342,2020-10-25 19:30:00+00:00,-1,1,12,-36.76086863,14355,False,False,-36.76086863
14354,2020-10-26 01:30:00+00:00,1,1,11,6.025358501,14366,False,False,6.025358501
14365,2020-10-26 07:00:00+00:00,-1,1,9,-67.29359908,14375,False,False,-67.29359908
14374,2020-10-26 11:30:00+00:00,1,1,10,-141.9690299,14385,False,False,-141.9690299
14384,2020-10-26 16:30:00+00:00,-1,1,10,-41.33373681,14395,False,False,-41.33373681
14394,2020-10-26 21:30:00+00:00,1,1,13,45.78759494,14408,False,False,45.78759494
14407,2020-10-27 04:00:00+00:00,-1,1,9,-41.68587733,14417,False,False,-41.68587733
14416,2020-10-27 08:30:00+00:00,1,1,25,348.6743033,14442,False,False,348.6743033
14441,2020-10-27 21:00:00+00:00,-1,1,10,-79.17788396,14452,False,False,-79.17788396
14451,2020-10-28 02:00:00+00:00,1,1,8,10.15199571,14460,False,False,10.15199571
14459,2020-10-28 06:00:00+00:00,-1,1,24,398.5840935,14484,False,False,398.5840935
14483,2020-10-28 18:00:00+00:00,1,1,15,14.2782399,14499,False,False,14.2782399
14498,2020-10-29 01:30:00+00:00,-1,1,9,-68.79068475,14508,False,False,-68.79068475
14507,2020-10-29 06:00:00+00:00,1,1,29,161.4053083,14537,False,False,161.4053083
14523,2020-10-29 14:00:00+00:00,1,2,13,206.6836423,14537,False,False,206.6836423
14536,2020-10-29 20:30:00+00:00,-1,1,11,-44.05644969,14548,False,False,-44.05644969
14547,2020-10-30 02:00:00+00:00,1,1,36,-20.24058816,14555,True,False,-250
14565,2020-10-30 11:00:00+00:00,1,2,18,172.5024954,14584,False,False,172.5024954
14583,2020-10-30 20:00:00+00:00,-1,1,12,-78.96328115,14596,False,False,-78.96328115
14595,2020-10-31 02:00:00+00:00,1,1,26,117.4473783,14622,False,False,117.4473783
14607,2020-10-31 08:00:00+00:00,1,2,14,165.6872588,14622,False,False,165.6872588
14621,2020-10-31 15:00:00+00:00,-1,1,12,-28.50512795,14634,False,False,-28.50512795
14633,2020-10-31 21:00:00+00:00,1,1,9,-75.72060195,14643,False,False,-75.72060195
14642,2020-11-01 01:30:00+00:00,-1,1,11,9.137176962,14654,False,False,9.137176962
14653,2020-11-01 07:00:00+00:00,1,1,9,-24.03615107,14663,False,False,-24.03615107
14662,2020-11-01 11:30:00+00:00,-1,1,28,-66.20210839,14691,False,False,-66.20210839
14679,2020-11-01 20:00:00+00:00,-1,2,11,6.384067223,14691,False,False,6.384067223
14690,2020-11-02 01:30:00+00:00,1,1,44,-133.2809327,14706,True,False,-250
14701,2020-11-02 07:00:00+00:00,1,2,33,-96.61494704,14710,True,False,-250
14719,2020-11-02 16:00:00+00:00,1,3,15,79.52592593,14735,False,False,79.52592593
14734,2020-11-02 23:30:00+00:00,-1,1,16,147.9126002,14751,False,False,147.9126002
14750,2020-11-03 07:30:00+00:00,1,1,23,263.9248282,14774,False,False,263.9248282
14773,2020-11-03 19:00:00+00:00,-1,1,34,23.31410598,14808,False,False,23.31410598
14788,2020-11-04 02:30:00+00:00,-1,2,19,42.89557459,14808,False,False,42.89557459
14807,2020-11-04 12:00:00+00:00,1,1,18,234.6911347,14826,False,False,234.6911347
14825,2020-11-04 21:00:00+00:00,-1,1,9,-91.21701693,14835,False,False,-91.21701693
14834,2020-11-05 01:30:00+00:00,1,1,35,548.0961224,14870,False,False,548.0961224
14869,2020-11-05 19:00:00+00:00,-1,1,34,-426.5118584,14876,True,False,-250
14888,2020-11-06 04:30:00+00:00,-1,2,15,-22.40609014,14904,False,False,-22.40609014
14903,2020-11-06 12:00:00+00:00,1,1,31,6.849170115,14920,True,False,-250
14923,2020-11-06 22:00:00+00:00,1,2,11,31.92717056,14935,False,False,31.92717056
14934,2020-11-07 03:30:00+00:00,-1,1,13,68.01543982,14948,False,False,68.01543982
14947,2020-11-07 10:00:00+00:00,1,1,8,11.17586632,14956,False,False,11.17586632
14955,2020-11-07 14:00:00+00:00,-1,1,20,441.9465034,14976,False,False,441.9465034
14975,2020-11-08 00:00:00+00:00,1,1,13,135.973868,14989,False,False,135.973868
14988,2020-11-08 06:30:00+00:00,-1,1,9,-96.30788719,14998,False,False,-96.30788719
14997,2020-11-08 11:00:00+00:00,1,1,18,119.928412,15016,False,False,119.928412
15015,2020-11-08 20:00:00+00:00,-1,1,9,-102.1766252,15025,False,False,-102.1766252
15024,2020-11-09 00:30:00+00:00,1,1,8,-59.60176968,15033,False,False,-59.60176968
15032,2020-11-09 04:30:00+00:00,-1,1,12,-21.0022325,15045,False,False,-21.0022325
15044,2020-11-09 10:30:00+00:00,1,1,8,-95.30520442,15053,False,False,-95.30520442
15052,2020-11-09 14:30:00+00:00,-1,1,10,-69.49638962,15063,False,False,-69.49638962
15062,2020-11-09 19:30:00+00:00,1,1,11,-66.4735478,15074,False,False,-66.4735478
15073,2020-11-10 01:00:00+00:00,-1,1,10,-47.08321169,15084,False,False,-47.08321169
15083,2020-11-10 06:00:00+00:00,1,1,12,-51.93950835,15096,False,False,-51.93950835
15095,2020-11-10 12:00:00+00:00,-1,1,12,-6.567176663,15108,False,False,-6.567176663
15107,2020-11-10 18:00:00+00:00,1,1,13,59.34006947,15121,False,False,59.34006947
15120,2020-11-11 00:30:00+00:00,-1,1,16,-3.245846939,15137,False,False,-3.245846939
15136,2020-11-11 08:30:00+00:00,1,1,24,159.4491638,15161,False,False,159.4491638
15160,2020-11-11 20:30:00+00:00,-1,1,16,3.813478122,15177,False,False,3.813478122
15176,2020-11-12 04:30:00+00:00,1,1,14,100.990285,15191,False,False,100.990285
15190,2020-11-12 11:30:00+00:00,-1,1,47,-258.7702844,15202,True,False,-250
15208,2020-11-12 20:30:00+00:00,-1,2,29,-62.96758724,15238,False,False,-62.96758724
15226,2020-11-13 05:30:00+00:00,-1,3,11,48.41362381,15238,False,False,48.41362381
15237,2020-11-13 11:00:00+00:00,1,1,28,52.13334147,15266,False,False,52.13334147
15265,2020-11-14 01:00:00+00:00,-1,1,13,142.9145464,15279,False,False,142.9145464
15278,2020-11-14 07:30:00+00:00,1,1,21,-90.03161002,15300,False,False,-90.03161002
15291,2020-11-14 14:00:00+00:00,1,2,8,-12.25649315,15300,False,False,-12.25649315
15299,2020-11-14 18:00:00+00:00,-1,1,26,-94.41042314,15326,False,False,-94.41042314
15316,2020-11-15 02:30:00+00:00,-1,2,9,-42.55478671,15326,False,False,-42.55478671
15325,2020-11-15 07:00:00+00:00,1,1,9,-1.306509653,15335,False,False,-1.306509653
15334,2020-11-15 11:30:00+00:00,-1,1,9,11.61078845,15344,False,False,11.61078845
15343,2020-11-15 16:00:00+00:00,1,1,42,167.6363954,15386,False,False,167.6363954
15358,2020-11-15 23:30:00+00:00,1,2,27,199.0418148,15386,False,False,199.0418148
15385,2020-11-16 13:00:00+00:00,-1,1,35,-211.785537,15394,True,False,-250
15405,2020-11-16 23:00:00+00:00,-1,2,15,40.47777397,15421,False,False,40.47777397
15420,2020-11-17 06:30:00+00:00,1,1,31,581.6994523,15452,False,False,581.6994523
15451,2020-11-17 22:00:00+00:00,-1,1,9,-42.49610618,15461,False,False,-42.49610618
15460,2020-11-18 02:30:00+00:00,1,1,10,43.73905394,15467,True,False,-250
15470,2020-11-18 07:30:00+00:00,-1,1,23,2.973692657,15472,True,False,-250
15493,2020-11-18 19:00:00+00:00,1,1,21,18.8877218,15515,False,False,18.8877218
15514,2020-11-19 05:30:00+00:00,-1,1,14,58.67783762,15529,False,False,58.67783762
15528,2020-11-19 12:30:00+00:00,1,1,12,163.8732507,15541,False,False,163.8732507
15540,2020-11-19 18:30:00+00:00,-1,1,15,17.90222375,15556,False,False,17.90222375
15555,2020-11-20 02:00:00+00:00,1,1,17,151.5876584,15573,False,False,151.5876584
15572,2020-11-20 10:30:00+00:00,-1,1,9,-227.8231089,15582,False,False,-227.8231089
15581,2020-11-20 15:00:00+00:00,1,1,11,-33.08828849,15593,False,False,-33.08828849
15592,2020-11-20 20:30:00+00:00,-1,1,9,-150.8649313,15602,False,False,-150.8649313
15601,2020-11-21 01:00:00+00:00,1,1,8,-155.6361903,15610,False,False,-155.6361903
15609,2020-11-21 05:00:00+00:00,-1,1,8,-115.0386431,15618,False,False,-115.0386431
15617,2020-11-21 09:00:00+00:00,1,1,19,-26.63052094,15637,False,False,-26.63052094
15636,2020-11-21 18:30:00+00:00,-1,1,12,29.24591101,15649,False,False,29.24591101
15648,2020-11-22 00:30:00+00:00,1,1,43,-55.29315913,15665,True,False,-250
15657,2020-11-22 05:00:00+00:00,1,2,34,-6.746484839,15666,True,False,-250
15676,2020-11-22 14:30:00+00:00,1,3,15,182.1921335,15692,False,False,182.1921335
15691,2020-11-22 22:00:00+00:00,-1,1,13,59.54362974,15705,False,False,59.54362974
15704,2020-11-23 04:30:00+00:00,1,1,15,59.90570939,15720,False,False,59.90570939
15719,2020-11-23 12:00:00+00:00,-1,1,15,106.779331,15735,False,False,106.779331
15734,2020-11-23 19:30:00+00:00,1,1,10,-77.90121819,15745,False,False,-77.90121819
15744,2020-11-24 00:30:00+00:00,-1,1,14,-110.7082048,15759,False,False,-110.7082048
15758,2020-11-24 07:30:00+00:00,1,1,20,418.894536,15779,False,False,418.894536
15778,2020-11-24 17:30:00+00:00,-1,1,13,24.82462278,15792,False,False,24.82462278
15791,2020-11-25 00:00:00+00:00,1,1,8,-196.1446937,15800,False,False,-196.1446937
15799,2020-11-25 04:00:00+00:00,-1,1,9,-213.2398391,15809,False,False,-213.2398391
15808,2020-11-25 08:30:00+00:00,1,1,12,-12.44798798,15821,False,False,-12.44798798
15820,2020-11-25 14:30:00+00:00,-1,1,14,96.33400935,15835,False,False,96.33400935
15834,2020-11-25 21:30:00+00:00,1,1,38,-1086.889443,15838,True,False,-250
15864,2020-11-26 12:30:00+00:00,1,2,8,-236.3966924,15868,True,False,-250
15872,2020-11-26 16:30:00+00:00,-1,1,10,-119.5537103,15883,False,False,-119.5537103
15882,2020-11-26 21:30:00+00:00,1,1,12,74.33379511,15895,False,False,74.33379511
15894,2020-11-27 03:30:00+00:00,-1,1,18,214.2920886,15913,False,False,214.2920886
15912,2020-11-27 12:30:00+00:00,1,1,29,68.15885811,15919,True,False,-250
15927,2020-11-27 20:00:00+00:00,1,2,14,110.614167,15942,False,False,110.614167
15941,2020-11-28 03:00:00+00:00,-1,1,9,-24.64986719,15951,False,False,-24.64986719
15950,2020-11-28 07:30:00+00:00,1,1,28,397.5878944,15979,False,False,397.5878944
15978,2020-11-28 21:30:00+00:00,-1,1,12,-29.4893035,15991,False,False,-29.4893035
15990,2020-11-29 03:30:00+00:00,1,1,19,145.4601512,16010,False,False,145.4601512
16009,2020-11-29 13:00:00+00:00,-1,1,11,-14.78997897,16021,False,False,-14.78997897
16020,2020-11-29 18:30:00+00:00,1,1,24,246.5509174,16045,False,False,246.5509174
16044,2020-11-30 06:30:00+00:00,-1,1,11,-61.10438598,16056,False,False,-61.10438598
16055,2020-11-30 12:00:00+00:00,1,1,14,296.608508,16070,False,False,296.608508
16069,2020-11-30 19:00:00+00:00,-1,1,10,-278.4866518,16079,True,False,-250
16079,2020-12-01 00:00:00+00:00,1,1,10,-172.7456958,16090,False,False,-172.7456958
16089,2020-12-01 05:00:00+00:00,-1,1,9,-54.51589513,16099,False,False,-54.51589513
16098,2020-12-01 09:30:00+00:00,1,1,29,-357.2448523,16102,True,False,-250
16113,2020-12-01 17:00:00+00:00,1,2,14,-151.7121917,16128,False,False,-151.7121917
16127,2020-12-02 00:00:00+00:00,-1,1,14,-97.61250207,16142,False,False,-97.61250207
16141,2020-12-02 07:00:00+00:00,1,1,11,-2.869734117,16153,False,False,-2.869734117
16152,2020-12-02 12:30:00+00:00,-1,1,12,-63.76437785,16165,False,False,-63.76437785
16164,2020-12-02 18:30:00+00:00,1,1,14,11.7135927,16179,False,False,11.7135927
16178,2020-12-03 01:30:00+00:00,-1,1,13,-60.8718878,16192,False,False,-60.8718878
16191,2020-12-03 08:00:00+00:00,1,1,11,76.85928946,16203,False,False,76.85928946
16202,2020-12-03 13:30:00+00:00,-1,1,13,-42.65918934,16216,False,False,-42.65918934
16215,2020-12-03 20:00:00+00:00,1,1,11,-24.84997937,16227,False,False,-24.84997937
16226,2020-12-04 01:30:00+00:00,-1,1,11,33.51321526,16238,False,False,33.51321526
16237,2020-12-04 07:00:00+00:00,1,1,8,-176.319994,16246,False,False,-176.319994
16245,2020-12-04 11:00:00+00:00,-1,1,11,28.0724596,16257,False,False,28.0724596
16256,2020-12-04 16:30:00+00:00,1,1,11,-58.45262944,16268,False,False,-58.45262944
16267,2020-12-04 22:00:00+00:00,-1,1,11,-18.82841965,16279,False,False,-18.82841965
16278,2020-12-05 03:30:00+00:00,1,1,16,71.87911794,16295,False,False,71.87911794
16294,2020-12-05 11:30:00+00:00,-1,1,10,-39.61334344,16305,False,False,-39.61334344
16304,2020-12-05 16:30:00+00:00,1,1,10,1.248109481,16315,False,False,1.248109481
16314,2020-12-05 21:30:00+00:00,-1,1,32,23.8264778,16347,False,False,23.8264778
16330,2020-12-06 05:30:00+00:00,-1,2,16,54.30830746,16347,False,False,54.30830746
16346,2020-12-06 13:30:00+00:00,1,1,13,64.38106611,16360,False,False,64.38106611
16359,2020-12-06 20:00:00+00:00,-1,1,23,-96.34812962,16383,False,False,-96.34812962
16374,2020-12-07 03:30:00+00:00,-1,2,8,-48.7917962,16383,False,False,-48.7917962
16382,2020-12-07 07:30:00+00:00,1,1,22,-175.6500365,16405,False,False,-175.6500365
16396,2020-12-07 14:30:00+00:00,1,2,8,-121.9287671,16405,False,False,-121.9287671
16404,2020-12-07 18:30:00+00:00,-1,1,9,-70.73591679,16414,False,False,-70.73591679
16413,2020-12-07 23:00:00+00:00,1,1,12,31.85460956,16426,False,False,31.85460956
16425,2020-12-08 05:00:00+00:00,-1,1,19,132.5640515,16445,False,False,132.5640515
16444,2020-12-08 14:30:00+00:00,1,1,12,-101.7001609,16457,False,False,-101.7001609
16456,2020-12-08 20:30:00+00:00,-1,1,17,313.2935251,16474,False,False,313.2935251
16473,2020-12-09 05:00:00+00:00,1,1,25,95.34343522,16481,True,False,-250
16498,2020-12-09 17:30:00+00:00,-1,1,9,-105.0772993,16508,False,False,-105.0772993
16507,2020-12-09 22:00:00+00:00,1,1,9,-50.35626273,16517,False,False,-50.35626273
16516,2020-12-10 02:30:00+00:00,-1,1,13,-8.617892003,16530,False,False,-8.617892003
16529,2020-12-10 09:00:00+00:00,1,1,29,-54.72095674,16542,True,False,-250
16546,2020-12-10 17:30:00+00:00,1,2,12,140.3088797,16559,False,False,140.3088797
16558,2020-12-10 23:30:00+00:00,-1,1,13,243.1612268,16572,False,False,243.1612268
16571,2020-12-11 06:00:00+00:00,1,1,11,-142.9055183,16583,False,False,-142.9055183
16582,2020-12-11 11:30:00+00:00,-1,1,84,-730.4705215,16590,True,False,-250
16597,2020-12-11 19:00:00+00:00,-1,2,69,-489.049934,16631,True,False,-250
16619,2020-12-12 06:00:00+00:00,-1,3,47,-334.1748351,16646,True,False,-250
16637,2020-12-12 15:00:00+00:00,-1,4,29,-301.2517007,16646,True,False,-250
16657,2020-12-13 01:00:00+00:00,-1,5,9,-90.36714585,16667,False,False,-90.36714585
16666,2020-12-13 05:30:00+00:00,1,1,17,207.4696688,16684,False,False,207.4696688
16683,2020-12-13 14:00:00+00:00,-1,1,16,72.3089488,16700,False,False,72.3089488
16699,2020-12-13 22:00:00+00:00,1,1,16,-53.86947353,16716,False,False,-53.86947353
16715,2020-12-14 06:00:00+00:00,-1,1,7,-37.62405507,16723,False,False,-37.62405507
16722,2020-12-14 09:30:00+00:00,1,1,17,-7.524804178,16740,False,False,-7.524804178
16732,2020-12-14 14:30:00+00:00,1,2,7,20.96823605,16740,False,False,20.96823605
16739,2020-12-14 18:00:00+00:00,-1,1,34,-95.91551658,16774,False,False,-95.91551658
16762,2020-12-15 05:30:00+00:00,-1,2,11,-103.4077003,16774,False,False,-103.4077003
16773,2020-12-15 11:00:00+00:00,1,1,14,48.4183294,16788,False,False,48.4183294
16787,2020-12-15 18:00:00+00:00,-1,1,18,-25.63789525,16806,False,False,-25.63789525
16805,2020-12-16 03:00:00+00:00,1,1,35,707.8300563,16841,False,False,707.8300563
16840,2020-12-16 20:30:00+00:00,-1,1,58,-1074.340033,16844,True,False,-250
16872,2020-12-17 12:30:00+00:00,-1,2,26,-129.2590962,16875,True,False,-250
16885,2020-12-17 19:00:00+00:00,-1,3,13,86.34879725,16899,False,False,86.34879725
16898,2020-12-18 01:30:00+00:00,1,1,11,-34.65491109,16910,False,False,-34.65491109
16909,2020-12-18 07:00:00+00:00,-1,1,22,101.1304839,16932,False,False,101.1304839
16931,2020-12-18 18:00:00+00:00,1,1,15,91.28799842,16947,False,False,91.28799842
16946,2020-12-19 01:30:00+00:00,-1,1,17,-9.11890883,16964,False,False,-9.11890883
16963,2020-12-19 10:00:00+00:00,1,1,22,408.0070658,16986,False,False,408.0070658
16985,2020-12-19 21:00:00+00:00,-1,1,17,203.0675946,17003,False,False,203.0675946
17002,2020-12-20 05:30:00+00:00,1,1,12,25.40580192,17015,False,False,25.40580192
17014,2020-12-20 11:30:00+00:00,-1,1,9,-161.2670625,17024,False,False,-161.2670625
17023,2020-12-20 16:00:00+00:00,1,1,13,-164.1794419,17036,True,False,-250
17036,2020-12-20 22:30:00+00:00,-1,1,9,-162.5358072,17046,False,False,-162.5358072
17045,2020-12-21 03:00:00+00:00,1,1,12,-96.67126827,17058,False,False,-96.67126827
17057,2020-12-21 09:00:00+00:00,-1,1,13,261.747223,17071,False,False,261.747223
17070,2020-12-21 15:30:00+00:00,1,1,11,-79.41005948,17082,False,False,-79.41005948
17081,2020-12-21 21:00:00+00:00,-1,1,14,-10.87851089,17096,False,False,-10.87851089
17095,2020-12-22 04:00:00+00:00,1,1,8,-97.71712061,17104,False,False,-97.71712061
17103,2020-12-22 08:00:00+00:00,-1,1,7,-121.5742921,17111,False,False,-121.5742921
17110,2020-12-22 11:30:00+00:00,1,1,13,184.647483,17124,False,False,184.647483
17123,2020-12-22 18:00:00+00:00,-1,1,10,-169.0006897,17134,False,False,-169.0006897
17133,2020-12-22 23:00:00+00:00,1,1,10,-17.72293745,17144,False,False,-17.72293745
17143,2020-12-23 04:00:00+00:00,-1,1,11,118.1151044,17155,False,False,118.1151044
17154,2020-12-23 09:30:00+00:00,1,1,16,39.02518188,17158,True,False,-250
17170,2020-12-23 17:30:00+00:00,-1,1,24,205.8745831,17195,False,False,205.8745831
17194,2020-12-24 05:30:00+00:00,1,1,13,89.16270108,17208,False,False,89.16270108
17207,2020-12-24 12:00:00+00:00,-1,1,11,-54.49803602,17219,False,False,-54.49803602
17218,2020-12-24 17:30:00+00:00,1,1,18,68.2253655,17237,False,False,68.2253655
17236,2020-12-25 02:30:00+00:00,-1,1,9,-42.01275054,17246,False,False,-42.01275054
17245,2020-12-25 07:00:00+00:00,1,1,18,167.0557166,17264,False,False,167.0557166
17263,2020-12-25 16:00:00+00:00,-1,1,9,-160.8410687,17273,False,False,-160.8410687
17272,2020-12-25 20:30:00+00:00,1,1,18,141.1389585,17291,False,False,141.1389585
17290,2020-12-26 05:30:00+00:00,-1,1,9,-49.1511433,17300,False,False,-49.1511433
17299,2020-12-26 10:00:00+00:00,1,1,35,707.2889837,17335,False,False,707.2889837
17334,2020-12-27 03:30:00+00:00,-1,1,33,-157.9616092,17340,True,False,-250
17352,2020-12-27 12:30:00+00:00,-1,2,15,-62.46259836,17355,True,False,-250
17367,2020-12-27 20:00:00+00:00,1,1,21,-39.3145728,17369,True,False,-250
17377,2020-12-28 01:00:00+00:00,1,2,11,31.03689603,17389,False,False,31.03689603
17388,2020-12-28 06:30:00+00:00,-1,1,13,-50.66459924,17402,False,False,-50.66459924
17401,2020-12-28 13:00:00+00:00,1,1,8,-13.7392324,17410,False,False,-13.7392324
17409,2020-12-28 17:00:00+00:00,-1,1,14,-2.449014623,17424,False,False,-2.449014623
17423,2020-12-29 00:00:00+00:00,1,1,30,-147.163796,17432,True,False,-250
17442,2020-12-29 09:30:00+00:00,1,2,11,5.013773794,17454,False,False,5.013773794
17453,2020-12-29 15:00:00+00:00,-1,1,10,-99.34309309,17464,False,False,-99.34309309
17463,2020-12-29 20:00:00+00:00,1,1,20,407.8848824,17484,False,False,407.8848824
17483,2020-12-30 06:00:00+00:00,-1,1,17,12.48837139,17501,False,False,12.48837139
17500,2020-12-30 14:30:00+00:00,1,1,19,331.1500521,17520,False,False,331.1500521
17519,2020-12-31 00:00:00+00:00,-1,1,10,-44.29414385,17530,False,False,-44.29414385
17529,2020-12-31 05:00:00+00:00,1,1,10,-11.13669012,17540,False,False,-11.13669012
17539,2020-12-31 10:00:00+00:00,-1,1,15,109.4178559,17555,False,False,109.4178559
17554,2020-12-31 17:30:00+00:00,1,1,14,79.67095057,17569,False,False,79.67095057
17568,2021-01-01 00:30:00+00:00,-1,1,20,-140.7226478,17589,False,False,-140.7226478
17588,2021-01-01 10:30:00+00:00,1,1,11,-15.30020337,17600,False,False,-15.30020337
17599,2021-01-01 16:00:00+00:00,-1,1,11,-18.97002115,17611,False,False,-18.97002115
17610,2021-01-01 21:30:00+00:00,1,1,15,44.95271932,17626,False,False,44.95271932
17625,2021-01-02 05:00:00+00:00,-1,1,43,-1142.993067,17640,True,False,-250
17638,2021-01-02 11:30:00+00:00,-1,2,30,-1032.945567,17640,True,False,-250
17658,2021-01-02 21:30:00+00:00,-1,3,10,-375.372375,17665,True,False,-250
17668,2021-01-03 02:30:00+00:00,1,1,16,280.5064347,17685,False,False,280.5064347
17684,2021-01-03 10:30:00+00:00,-1,1,20,6.046992244,17688,True,False,-250
17704,2021-01-03 20:30:00+00:00,1,1,9,-244.4433371,17711,True,False,-250
17713,2021-01-04 01:00:00+00:00,-1,1,8,-135.4555606,17722,False,False,-135.4555606
17721,2021-01-04 05:00:00+00:00,1,1,28,-647.1114769,17726,True,False,-250
17739,2021-01-04 14:00:00+00:00,1,2,10,-80.64772691,17747,True,False,-250
17749,2021-01-04 19:00:00+00:00,-1,1,10,-280.5465129,17759,True,False,-250
17759,2021-01-05 00:00:00+00:00,1,1,9,-247.7364142,17767,True,False,-250
17768,2021-01-05 04:30:00+00:00,-1,1,10,-66.67918528,17779,False,False,-66.67918528
17778,2021-01-05 09:30:00+00:00,1,1,30,711.9293949,17809,False,False,711.9293949
17808,2021-01-06 00:30:00+00:00,-1,1,8,-566.470408,17816,True,False,-250
17816,2021-01-06 04:30:00+00:00,1,1,9,-265.0229853,17819,True,False,-250
17825,2021-01-06 09:00:00+00:00,-1,1,8,-104.7457133,17834,False,False,-104.7457133
17833,2021-01-06 13:00:00+00:00,1,1,35,560.7453696,17869,False,False,560.7453696
17868,2021-01-07 06:30:00+00:00,-1,1,9,-28.24683932,17878,False,False,-28.24683932
17877,2021-01-07 11:00:00+00:00,1,1,17,431.2703113,17895,False,False,431.2703113
17894,2021-01-07 19:30:00+00:00,-1,1,21,185.1050967,17899,True,False,-250
17915,2021-01-08 06:00:00+00:00,1,1,20,771.907132,17936,False,False,771.907132
17935,2021-01-08 16:00:00+00:00,-1,1,14,50.88551151,17950,False,False,50.88551151
17949,2021-01-08 23:00:00+00:00,1,1,10,-113.6657252,17957,True,False,-250
17959,2021-01-09 04:00:00+00:00,-1,1,11,-80.69122167,17971,False,False,-80.69122167
17970,2021-01-09 09:30:00+00:00,1,1,13,11.4054732,17984,False,False,11.4054732
17983,2021-01-09 16:00:00+00:00,-1,1,9,10.49890346,17993,False,False,10.49890346
17992,2021-01-09 20:30:00+00:00,1,1,16,-21.47082944,18009,False,False,-21.47082944
18008,2021-01-10 04:30:00+00:00,-1,1,25,301.7174851,18034,False,False,301.7174851
18033,2021-01-10 17:00:00+00:00,1,1,20,-755.6271366,18034,True,False,-250
18045,2021-01-10 23:00:00+00:00,1,2,8,-559.6015632,18048,True,False,-250
18053,2021-01-11 03:00:00+00:00,-1,1,13,209.2205683,18067,False,False,209.2205683
18066,2021-01-11 09:30:00+00:00,1,1,9,-784.2207743,18070,True,False,-250
18075,2021-01-11 14:00:00+00:00,-1,1,12,170.3105453,18077,True,False,-250
18087,2021-01-11 20:00:00+00:00,1,1,14,691.6230866,18102,False,False,691.6230866
18101,2021-01-12 03:00:00+00:00,-1,1,8,-465.8907678,18105,True,False,-250
18109,2021-01-12 07:00:00+00:00,1,1,8,-268.3387825,18116,True,False,-250
18117,2021-01-12 11:00:00+00:00,-1,1,13,131.7671405,18131,False,False,131.7671405
18130,2021-01-12 17:30:00+00:00,1,1,9,30.86295766,18137,True,False,-250
18139,2021-01-12 22:00:00+00:00,-1,1,12,261.8866929,18152,False,False,261.8866929
18151,2021-01-13 04:00:00+00:00,1,1,15,315.8212714,18154,True,False,-250
18166,2021-01-13 11:30:00+00:00,-1,1,11,27.71417828,18178,False,False,27.71417828
18177,2021-01-13 17:00:00+00:00,1,1,19,722.0707506,18197,False,False,722.0707506
18196,2021-01-14 02:30:00+00:00,-1,1,9,-152.3230288,18206,False,False,-152.3230288
18205,2021-01-14 07:00:00+00:00,1,1,11,26.46603525,18217,False,False,26.46603525
18216,2021-01-14 12:30:00+00:00,-1,1,25,-391.6420808,18219,True,False,-250
18230,2021-01-14 19:30:00+00:00,-1,2,11,40.84437467,18242,False,False,40.84437467
18241,2021-01-15 01:00:00+00:00,1,1,53,-751.4712218,18247,True,False,-250
18259,2021-01-15 10:00:00+00:00,1,2,35,-567.6262191,18264,True,False,-250
18282,2021-01-15 21:30:00+00:00,1,3,12,152.8544863,18295,False,False,152.8544863
18294,2021-01-16 03:30:00+00:00,-1,1,11,-265.4731134,18305,True,False,-250
18305,2021-01-16 09:00:00+00:00,1,1,11,-188.0997476,18317,False,False,-188.0997476
18316,2021-01-16 14:30:00+00:00,-1,1,21,98.61313875,18319,True,False,-250
18337,2021-01-17 01:00:00+00:00,1,1,8,-142.5334745,18346,False,False,-142.5334745
18345,2021-01-17 05:00:00+00:00,-1,1,14,154.0520271,18360,False,False,154.0520271
18359,2021-01-17 12:00:00+00:00,1,1,15,186.0892256,18375,False,False,186.0892256
18374,2021-01-17 19:30:00+00:00,-1,1,24,-27.33641533,18399,False,False,-27.33641533
18398,2021-01-18 07:30:00+00:00,1,1,15,107.1644694,18414,False,False,107.1644694
18413,2021-01-18 15:00:00+00:00,-1,1,12,86.1758854,18426,False,False,86.1758854
18425,2021-01-18 21:00:00+00:00,1,1,14,109.8283671,18440,False,False,109.8283671
18439,2021-01-19 04:00:00+00:00,-1,1,9,-263.0587607,18448,True,False,-250
18448,2021-01-19 08:30:00+00:00,1,1,10,-128.6288912,18459,False,False,-128.6288912
18458,2021-01-19 13:30:00+00:00,-1,1,24,223.9154244,18483,False,False,223.9154244
18482,2021-01-20 01:30:00+00:00,1,1,42,-324.4668971,18487,True,False,-250
18495,2021-01-20 08:00:00+00:00,1,2,29,-195.2212885,18499,True,False,-250
18509,2021-01-20 15:00:00+00:00,1,3,15,30.03877274,18512,True,False,-250
18524,2021-01-20 22:30:00+00:00,-1,1,18,29.2003042,18543,False,False,29.2003042
18542,2021-01-21 07:30:00+00:00,1,1,30,-1336.781196,18545,True,False,-250
18562,2021-01-21 17:30:00+00:00,1,2,10,-448.8707314,18572,True,False,-250
18572,2021-01-21 22:30:00+00:00,-1,1,11,-246.8036607,18573,True,False,-250
18583,2021-01-22 04:00:00+00:00,1,1,12,138.2950326,18596,False,False,138.2950326
18595,2021-01-22 10:00:00+00:00,-1,1,9,-366.1917125,18602,True,False,-250
18604,2021-01-22 14:30:00+00:00,1,1,17,90.02999362,18622,False,False,90.02999362
18621,2021-01-22 23:00:00+00:00,-1,1,13,135.5110887,18635,False,False,135.5110887
18634,2021-01-23 05:30:00+00:00,1,1,9,25.92553736,18644,False,False,25.92553736
18643,2021-01-23 10:00:00+00:00,-1,1,12,188.7867311,18656,False,False,188.7867311
18655,2021-01-23 16:00:00+00:00,1,1,12,153.5220418,18668,False,False,153.5220418
18667,2021-01-23 22:00:00+00:00,-1,1,10,68.26139961,18678,False,False,68.26139961
18677,2021-01-24 03:00:00+00:00,1,1,12,164.8040409,18690,False,False,164.8040409
18689,2021-01-24 09:00:00+00:00,-1,1,26,230.9570595,18716,False,False,230.9570595
18715,2021-01-24 22:00:00+00:00,1,1,18,496.964981,18734,False,False,496.964981
18733,2021-01-25 07:00:00+00:00,-1,1,12,-204.131452,18746,False,False,-204.131452
18745,2021-01-25 13:00:00+00:00,1,1,10,-123.920753,18756,False,False,-123.920753
18755,2021-01-25 18:00:00+00:00,-1,1,16,300.230092,18772,False,False,300.230092
18771,2021-01-26 02:00:00+00:00,1,1,10,-352.2794056,18774,True,False,-250
18781,2021-01-26 07:00:00+00:00,-1,1,7,-229.626266,18788,True,False,-250
18788,2021-01-26 10:30:00+00:00,1,1,24,-17.69728091,18793,True,False,-250
18801,2021-01-26 17:00:00+00:00,1,2,11,77.66126783,18813,False,False,77.66126783
18812,2021-01-26 22:30:00+00:00,-1,1,19,145.9228585,18832,False,False,145.9228585
18831,2021-01-27 08:00:00+00:00,1,1,32,-431.3230961,18834,True,False,-250
18850,2021-01-27 17:30:00+00:00,1,2,13,-49.79787192,18853,True,False,-250
18863,2021-01-28 00:00:00+00:00,-1,1,8,-355.1871442,18868,True,False,-250
18871,2021-01-28 04:00:00+00:00,1,1,10,-134.5464402,18882,False,False,-134.5464402
18881,2021-01-28 09:00:00+00:00,-1,1,9,-72.35520354,18891,False,False,-72.35520354
18890,2021-01-28 13:30:00+00:00,1,1,30,557.9439306,18921,False,False,557.9439306
18920,2021-01-29 04:30:00+00:00,-1,1,10,-1387.339579,18929,True,False,-250
18930,2021-01-29 09:30:00+00:00,1,1,14,-159.2878789,18931,True,False,-250
18944,2021-01-29 16:30:00+00:00,-1,1,13,683.8178602,18958,False,False,683.8178602
18957,2021-01-29 23:00:00+00:00,1,1,10,-358.7786481,18959,True,False,-250
18967,2021-01-30 04:00:00+00:00,-1,1,9,-302.2435633,18975,True,False,-250
18976,2021-01-30 08:30:00+00:00,1,1,9,-147.3329759,18986,False,False,-147.3329759
18985,2021-01-30 13:00:00+00:00,-1,1,34,5.534208009,19003,True,False,-250
19008,2021-01-31 00:30:00+00:00,-1,2,11,114.8302966,19020,False,False,114.8302966
19019,2021-01-31 06:00:00+00:00,1,1,51,-37.85136053,19039,True,False,-250
19031,2021-01-31 12:00:00+00:00,1,2,39,15.640633,19039,True,False,-250
19049,2021-01-31 21:00:00+00:00,1,3,21,221.1734495,19071,False,False,221.1734495
19070,2021-02-01 07:30:00+00:00,-1,1,22,-63.9250422,19073,True,False,-250
19081,2021-02-01 13:00:00+00:00,-1,2,11,-16.6202346,19093,False,False,-16.6202346
19092,2021-02-01 18:30:00+00:00,1,1,10,-50.83588281,19103,False,False,-50.83588281
19102,2021-02-01 23:30:00+00:00,-1,1,11,-69.80762879,19114,False,False,-69.80762879
19113,2021-02-02 05:00:00+00:00,1,1,17,325.7974821,19131,False,False,325.7974821
19130,2021-02-02 13:30:00+00:00,-1,1,11,-87.44329483,19142,False,False,-87.44329483
19141,2021-02-02 19:00:00+00:00,1,1,13,195.3052547,19155,False,False,195.3052547
19154,2021-02-03 01:30:00+00:00,-1,1,24,-192.6943518,19179,False,False,-192.6943518
19169,2021-02-03 09:00:00+00:00,-1,2,9,-171.3649019,19179,False,False,-171.3649019
19178,2021-02-03 13:30:00+00:00,1,1,14,45.62173581,19193,False,False,45.62173581
19192,2021-02-03 20:30:00+00:00,-1,1,36,-185.550785,19200,True,False,-250
19208,2021-02-04 04:30:00+00:00,-1,2,20,29.61201411,19216,True,False,-250
19228,2021-02-04 14:30:00+00:00,1,1,19,-150.3613824,19230,True,False,-250
19237,2021-02-04 19:00:00+00:00,1,2,10,-57.98924731,19248,False,False,-57.98924731
19247,2021-02-05 00:00:00+00:00,-1,1,10,-85.97166147,19258,False,False,-85.97166147
19257,2021-02-05 05:00:00+00:00,1,1,12,33.51809436,19270,False,False,33.51809436
19269,2021-02-05 11:00:00+00:00,-1,1,23,-152.998068,19293,False,False,-152.998068
19282,2021-02-05 17:30:00+00:00,-1,2,10,-19.78913562,19293,False,False,-19.78913562
19292,2021-02-05 22:30:00+00:00,1,1,16,377.6536254,19309,False,False,377.6536254
19308,2021-02-06 06:30:00+00:00,-1,1,8,-95.50150653,19317,False,False,-95.50150653
19316,2021-02-06 10:30:00+00:00,1,1,15,109.8248023,19332,False,False,109.8248023
19331,2021-02-06 18:00:00+00:00,-1,1,27,340.7727233,19359,False,False,340.7727233
19358,2021-02-07 07:30:00+00:00,1,1,10,-46.95033728,19369,False,False,-46.95033728
19368,2021-02-07 12:30:00+00:00,-1,1,14,65.63686208,19383,False,False,65.63686208
19382,2021-02-07 19:30:00+00:00,1,1,13,40.88370827,19396,False,False,40.88370827
19395,2021-02-08 02:00:00+00:00,-1,1,9,-151.3165224,19405,False,False,-151.3165224
19404,2021-02-08 06:30:00+00:00,1,1,25,896.941066,19430,False,False,896.941066
19429,2021-02-08 19:00:00+00:00,-1,1,9,-824.9536143,19433,True,False,-250
19438,2021-02-08 23:30:00+00:00,1,1,13,152.477607,19452,False,False,152.477607
19451,2021-02-09 06:00:00+00:00,-1,1,18,47.72253967,19453,True,False,-250
19469,2021-02-09 15:00:00+00:00,1,1,15,55.82942304,19485,False,False,55.82942304
19484,2021-02-09 22:30:00+00:00,-1,1,14,146.7671179,19499,False,False,146.7671179
19498,2021-02-10 05:30:00+00:00,1,1,13,80.56901434,19512,False,False,80.56901434
19511,2021-02-10 12:00:00+00:00,-1,1,14,318.2145323,19526,False,False,318.2145323
19525,2021-02-10 19:00:00+00:00,1,1,12,-197.0928767,19538,False,False,-197.0928767
19537,2021-02-11 01:00:00+00:00,-1,1,7,-153.1239666,19543,True,False,-250
19544,2021-02-11 04:30:00+00:00,1,1,27,550.7124688,19572,False,False,550.7124688
19571,2021-02-11 18:00:00+00:00,-1,1,13,-215.7307929,19576,True,False,-250
19584,2021-02-12 00:30:00+00:00,1,1,9,-241.7516727,19592,True,False,-250
19593,2021-02-12 05:00:00+00:00,-1,1,11,-76.23153335,19605,False,False,-76.23153335
19604,2021-02-12 10:30:00+00:00,1,1,10,-116.3540589,19613,True,False,-250
19614,2021-02-12 15:30:00+00:00,-1,1,46,50.15236659,19661,False,False,50.15236659
19633,2021-02-13 01:00:00+00:00,-1,2,27,147.282576,19661,False,False,147.282576
19660,2021-02-13 14:30:00+00:00,1,1,10,46.17413262,19671,False,False,46.17413262
19670,2021-02-13 19:30:00+00:00,-1,1,8,-34.47249308,19679,False,False,-34.47249308
19678,2021-02-13 23:30:00+00:00,1,1,11,82.86862275,19690,False,False,82.86862275
19689,2021-02-14 05:00:00+00:00,-1,1,28,-244.8908699,19691,True,False,-250
19705,2021-02-14 13:00:00+00:00,-1,2,12,137.0672331,19718,False,False,137.0672331
19717,2021-02-14 19:00:00+00:00,1,1,12,-0.06150023678,19730,False,False,-0.06150023678
19729,2021-02-15 01:00:00+00:00,-1,1,14,299.5100451,19744,False,False,299.5100451
19743,2021-02-15 08:00:00+00:00,1,1,13,110.9871534,19757,False,False,110.9871534
19756,2021-02-15 14:30:00+00:00,-1,1,25,-128.3228448,19782,False,False,-128.3228448
19772,2021-02-15 22:30:00+00:00,-1,2,9,-117.1133666,19782,False,False,-117.1133666
19781,2021-02-16 03:00:00+00:00,1,1,10,147.149745,19792,False,False,147.149745
19791,2021-02-16 08:00:00+00:00,-1,1,10,-87.20962157,19801,True,False,-250
19801,2021-02-16 13:00:00+00:00,1,1,32,-52.20766129,19809,True,False,-250
19818,2021-02-16 21:30:00+00:00,1,2,15,171.3529343,19834,False,False,171.3529343
19833,2021-02-17 05:00:00+00:00,-1,1,27,-435.0941052,19837,True,False,-250
19850,2021-02-17 13:30:00+00:00,-1,2,10,-152.2466801,19861,False,False,-152.2466801
19860,2021-02-17 18:30:00+00:00,1,1,13,158.5811021,19874,False,False,158.5811021
19873,2021-02-18 01:00:00+00:00,-1,1,11,53.84255803,19885,False,False,53.84255803
19884,2021-02-18 06:30:00+00:00,1,1,27,-51.82157876,19912,False,False,-51.82157876
19900,2021-02-18 14:30:00+00:00,1,2,11,-24.75637789,19912,False,False,-24.75637789
19911,2021-02-18 20:00:00+00:00,-1,1,20,53.65664769,19932,False,False,53.65664769
19931,2021-02-19 06:00:00+00:00,1,1,16,255.8287494,19948,False,False,255.8287494
19947,2021-02-19 14:00:00+00:00,-1,1,42,-591.6028727,19952,True,False,-250
19968,2021-02-20 00:30:00+00:00,-1,2,21,-6.003722129,19990,False,False,-6.003722129
19989,2021-02-20 11:00:00+00:00,1,1,11,91.77411293,20001,False,False,91.77411293
20000,2021-02-20 16:30:00+00:00,-1,1,20,-10.56554367,20021,False,False,-10.56554367
20020,2021-02-21 02:30:00+00:00,1,1,11,-61.11350787,20032,False,False,-61.11350787
20031,2021-02-21 08:00:00+00:00,-1,1,47,-34.32478179,20036,True,False,-250
20048,2021-02-21 16:30:00+00:00,-1,2,30,202.466087,20079,False,False,202.466087
20059,2021-02-21 22:00:00+00:00,-1,3,19,178.8885875,20079,False,False,178.8885875
20078,2021-02-22 07:30:00+00:00,1,1,34,-520.3598705,20083,True,False,-250
20098,2021-02-22 17:30:00+00:00,1,2,14,84.60562475,20100,True,False,-250
20112,2021-02-23 00:30:00+00:00,-1,1,26,880.0765781,20139,False,False,880.0765781
20138,2021-02-23 13:30:00+00:00,1,1,9,-333.4158722,20141,True,False,-250
20147,2021-02-23 18:00:00+00:00,-1,1,9,-246.9155994,20154,True,False,-250
20156,2021-02-23 22:30:00+00:00,1,1,16,296.6319431,20160,True,False,-250
20172,2021-02-24 06:30:00+00:00,-1,1,9,-91.3898803,20177,True,False,-250
20181,2021-02-24 11:00:00+00:00,1,1,36,-85.4154049,20189,True,False,-250
20196,2021-02-24 18:30:00+00:00,1,2,21,2.374819348,20202,True,False,-250
20207,2021-02-25 00:00:00+00:00,1,3,10,-3.085579782,20218,False,False,-3.085579782
20217,2021-02-25 05:00:00+00:00,-1,1,15,-143.5619748,20233,False,False,-143.5619748
20232,2021-02-25 12:30:00+00:00,1,1,10,-133.6453146,20243,False,False,-133.6453146
20242,2021-02-25 17:30:00+00:00,-1,1,20,469.9661477,20263,False,False,469.9661477
20262,2021-02-26 03:30:00+00:00,1,1,32,-45.46437436,20267,True,False,-250
20277,2021-02-26 11:00:00+00:00,1,2,17,107.3464468,20295,False,False,107.3464468
20294,2021-02-26 19:30:00+00:00,-1,1,11,-77.92069077,20306,False,False,-77.92069077
20305,2021-02-27 01:00:00+00:00,1,1,12,-5.271888114,20318,False,False,-5.271888114
20317,2021-02-27 07:00:00+00:00,-1,1,11,103.2589543,20329,False,False,103.2589543
20328,2021-02-27 12:30:00+00:00,1,1,8,-12.31762988,20337,False,False,-12.31762988
20336,2021-02-27 16:30:00+00:00,-1,1,33,446.9083125,20370,False,False,446.9083125
20369,2021-02-28 09:00:00+00:00,1,1,9,-90.69814803,20379,False,False,-90.69814803
20378,2021-02-28 13:30:00+00:00,-1,1,13,-7.692190077,20392,False,False,-7.692190077
20391,2021-02-28 20:00:00+00:00,1,1,16,427.3264808,20408,False,False,427.3264808
20407,2021-03-01 04:00:00+00:00,-1,1,10,-143.4071187,20418,False,False,-143.4071187
20417,2021-03-01 09:00:00+00:00,1,1,19,302.5063207,20437,False,False,302.5063207
20436,2021-03-01 18:30:00+00:00,-1,1,9,-137.8758188,20446,False,False,-137.8758188
20445,2021-03-01 23:00:00+00:00,1,1,9,-32.59835182,20455,False,False,-32.59835182
20454,2021-03-02 03:30:00+00:00,-1,1,12,-4.77678576,20467,False,False,-4.77678576
20466,2021-03-02 09:30:00+00:00,1,1,13,-64.879018,20480,False,False,-64.879018
20479,2021-03-02 16:00:00+00:00,-1,1,13,213.1806299,20493,False,False,213.1806299
20492,2021-03-02 22:30:00+00:00,1,1,15,302.1457092,20508,False,False,302.1457092
20507,2021-03-03 06:00:00+00:00,-1,1,32,-368.324234,20512,True,False,-250
20525,2021-03-03 15:00:00+00:00,-1,2,14,-29.9040718,20540,False,False,-29.9040718
20539,2021-03-03 22:00:00+00:00,1,1,12,-267.9709325,20551,True,False,-250
20551,2021-03-04 04:00:00+00:00,-1,1,10,-139.2708087,20562,False,False,-139.2708087
20561,2021-03-04 09:00:00+00:00,1,1,17,-165.3877888,20562,True,False,-250
20578,2021-03-04 17:30:00+00:00,-1,1,12,177.8840443,20591,False,False,177.8840443
20590,2021-03-04 23:30:00+00:00,1,1,35,-178.1451569,20592,True,False,-250
20603,2021-03-05 06:00:00+00:00,1,2,22,113.2430568,20626,False,False,113.2430568
20625,2021-03-05 17:00:00+00:00,-1,1,27,-244.0129947,20630,True,False,-250
20639,2021-03-06 00:00:00+00:00,-1,2,13,-13.03545467,20653,False,False,-13.03545467
20652,2021-03-06 06:30:00+00:00,1,1,8,-103.9902126,20661,False,False,-103.9902126
20660,2021-03-06 10:30:00+00:00,-1,1,13,113.4338277,20674,False,False,113.4338277
20673,2021-03-06 17:00:00+00:00,1,1,14,240.8786545,20688,False,False,240.8786545
20687,2021-03-07 00:00:00+00:00,-1,1,36,-437.5564035,20703,True,False,-250
20699,2021-03-07 06:00:00+00:00,-1,2,24,-344.0557378,20704,True,False,-250
20715,2021-03-07 14:00:00+00:00,-1,3,8,-54.56815093,20724,False,False,-54.56815093
20723,2021-03-07 18:00:00+00:00,1,1,20,-91.07334385,20728,True,False,-250
20734,2021-03-07 23:30:00+00:00,1,2,9,-86.37218413,20744,False,False,-86.37218413
20743,2021-03-08 04:00:00+00:00,-1,1,15,113.5428887,20759,False,False,113.5428887
20758,2021-03-08 11:30:00+00:00,1,1,13,161.6566509,20772,False,False,161.6566509
20771,2021-03-08 18:00:00+00:00,-1,1,37,-651.1853681,20783,True,False,-250
20798,2021-03-09 07:30:00+00:00,-1,2,10,-74.04182967,20809,False,False,-74.04182967
20808,2021-03-09 12:30:00+00:00,1,1,10,-13.20859798,20819,False,False,-13.20859798
20818,2021-03-09 17:30:00+00:00,-1,1,7,-53.5902589,20826,False,False,-53.5902589
20825,2021-03-09 21:00:00+00:00,1,1,12,-77.32596783,20838,False,False,-77.32596783
20837,2021-03-10 03:00:00+00:00,-1,1,11,-102.1575112,20849,False,False,-102.1575112
20848,2021-03-10 08:30:00+00:00,1,1,23,409.6956616,20872,False,False,409.6956616
20871,2021-03-10 20:00:00+00:00,-1,1,15,127.7986806,20887,False,False,127.7986806
20886,2021-03-11 03:30:00+00:00,1,1,29,144.1091157,20896,True,False,-250
20903,2021-03-11 12:00:00+00:00,1,2,12,92.56966527,20916,False,False,92.56966527
20915,2021-03-11 18:00:00+00:00,-1,1,26,-41.17694682,20942,False,False,-41.17694682
20941,2021-03-12 07:00:00+00:00,1,1,28,-56.87076528,20954,True,False,-250
20959,2021-03-12 16:00:00+00:00,1,2,10,-41.45961291,20970,False,False,-41.45961291
20969,2021-03-12 21:00:00+00:00,-1,1,15,53.54526977,20985,False,False,53.54526977
20984,2021-03-13 04:30:00+00:00,1,1,24,547.9109492,21009,False,False,547.9109492
21008,2021-03-13 16:30:00+00:00,-1,1,8,-291.1057762,21016,True,False,-250
21016,2021-03-13 20:30:00+00:00,1,1,11,-27.53069038,21028,False,False,-27.53069038
21027,2021-03-14 02:00:00+00:00,-1,1,16,22.19079136,21044,False,False,22.19079136
21043,2021-03-14 10:00:00+00:00,1,1,29,-169.9334715,21046,True,False,-250
21061,2021-03-14 19:00:00+00:00,1,2,11,-38.77196719,21073,False,False,-38.77196719
21072,2021-03-15 00:30:00+00:00,-1,1,27,503.0696127,21100,False,False,503.0696127
21099,2021-03-15 14:00:00+00:00,1,1,11,-78.83727066,21111,False,False,-78.83727066
21110,2021-03-15 19:30:00+00:00,-1,1,21,425.6892488,21132,False,False,425.6892488
21131,2021-03-16 06:00:00+00:00,1,1,13,203.2621043,21145,False,False,203.2621043
21144,2021-03-16 12:30:00+00:00,-1,1,10,-38.43927407,21155,False,False,-38.43927407
21154,2021-03-16 17:30:00+00:00,1,1,16,197.5774604,21171,False,False,197.5774604
21170,2021-03-17 01:30:00+00:00,-1,1,11,19.86283096,21182,False,False,19.86283096
21181,2021-03-17 07:00:00+00:00,1,1,37,481.4323311,21187,True,False,-250
21199,2021-03-17 16:00:00+00:00,1,2,19,743.4398195,21219,False,False,743.4398195
21218,2021-03-18 01:30:00+00:00,-1,1,19,93.97910179,21238,False,False,93.97910179
21237,2021-03-18 11:00:00+00:00,1,1,17,-88.23391133,21255,False,False,-88.23391133
21247,2021-03-18 16:00:00+00:00,1,2,7,-268.7059541,21253,True,False,-250
21254,2021-03-18 19:30:00+00:00,-1,1,15,106.9543252,21270,False,False,106.9543252
21269,2021-03-19 03:00:00+00:00,1,1,12,166.3537966,21282,False,False,166.3537966
21281,2021-03-19 09:00:00+00:00,-1,1,34,-68.12014568,21316,False,False,-68.12014568
21303,2021-03-19 20:00:00+00:00,-1,2,12,29.27828741,21316,False,False,29.27828741
21315,2021-03-20 02:00:00+00:00,1,1,29,65.28476298,21345,False,False,65.28476298
21344,2021-03-20 16:30:00+00:00,-1,1,34,353.6834652,21379,False,False,353.6834652
21378,2021-03-21 09:30:00+00:00,1,1,24,126.9614873,21379,True,False,-250
21387,2021-03-21 14:00:00+00:00,1,2,15,120.2875119,21403,False,False,120.2875119
21402,2021-03-21 21:30:00+00:00,-1,1,14,-5.029065678,21417,False,False,-5.029065678
21416,2021-03-22 04:30:00+00:00,1,1,10,-78.23252871,21427,False,False,-78.23252871
21426,2021-03-22 09:30:00+00:00,-1,1,17,35.12289786,21444,False,False,35.12289786
21443,2021-03-22 18:00:00+00:00,1,1,50,-303.7439849,21446,True,False,-250
21459,2021-03-23 02:00:00+00:00,1,2,34,35.01179838,21466,True,False,-250
21475,2021-03-23 10:00:00+00:00,1,3,18,134.2421924,21494,False,False,134.2421924
21493,2021-03-23 19:00:00+00:00,-1,1,15,156.4136835,21509,False,False,156.4136835
21508,2021-03-24 02:30:00+00:00,1,1,8,-122.8954128,21517,False,False,-122.8954128
21516,2021-03-24 06:30:00+00:00,-1,1,42,338.6202026,21518,True,False,-250
21532,2021-03-24 14:30:00+00:00,-1,2,26,807.5932587,21559,False,False,807.5932587
21558,2021-03-25 03:30:00+00:00,1,1,11,112.7262225,21570,False,False,112.7262225
21569,2021-03-25 09:00:00+00:00,-1,1,18,181.6834266,21588,False,False,181.6834266
21587,2021-03-25 18:00:00+00:00,1,1,11,8.652519243,21599,False,False,8.652519243
21598,2021-03-25 23:30:00+00:00,-1,1,9,-148.2910569,21608,False,False,-148.2910569
21607,2021-03-26 04:00:00+00:00,1,1,15,118.2419647,21623,False,False,118.2419647
21622,2021-03-26 11:30:00+00:00,-1,1,9,-40.97276397,21632,False,False,-40.97276397
21631,2021-03-26 16:00:00+00:00,1,1,22,282.5331733,21654,False,False,282.5331733
21653,2021-03-27 03:00:00+00:00,-1,1,25,-26.7738008,21679,False,False,-26.7738008
21678,2021-03-27 15:30:00+00:00,1,1,13,276.5445429,21692,False,False,276.5445429
21691,2021-03-27 22:00:00+00:00,-1,1,13,10.98508317,21705,False,False,10.98508317
21704,2021-03-28 04:30:00+00:00,1,1,8,-58.87082074,21713,False,False,-58.87082074
21712,2021-03-28 08:30:00+00:00,-1,1,14,-28.57609158,21727,False,False,-28.57609158
21726,2021-03-28 15:30:00+00:00,1,1,8,-234.0365136,21734,True,False,-250
21734,2021-03-28 19:30:00+00:00,-1,1,9,-160.553792,21744,False,False,-160.553792
21743,2021-03-29 00:00:00+00:00,1,1,10,-81.59844331,21754,False,False,-81.59844331
21753,2021-03-29 05:00:00+00:00,-1,1,35,-436.0492014,21761,True,False,-250
21774,2021-03-29 15:30:00+00:00,-1,2,14,-40.82895897,21789,False,False,-40.82895897
21788,2021-03-29 22:30:00+00:00,1,1,8,-81.67913234,21797,False,False,-81.67913234
21796,2021-03-30 02:30:00+00:00,-1,1,35,-321.7162998,21811,True,False,-250
21821,2021-03-30 15:00:00+00:00,-1,2,10,-40.38135131,21832,False,False,-40.38135131
21831,2021-03-30 20:00:00+00:00,1,1,15,-88.64337993,21847,False,False,-88.64337993
21846,2021-03-31 03:30:00+00:00,-1,1,21,-1.631542425,21868,False,False,-1.631542425
21867,2021-03-31 14:00:00+00:00,1,1,13,67.67066375,21881,False,False,67.67066375
21880,2021-03-31 20:30:00+00:00,-1,1,10,-25.5504144,21891,False,False,-25.5504144
21890,2021-04-01 01:30:00+00:00,1,1,10,-35.93131226,21901,False,False,-35.93131226
21900,2021-04-01 06:30:00+00:00,-1,1,15,2.044479388,21916,False,False,2.044479388
21915,2021-04-01 14:00:00+00:00,1,1,8,-74.84833819,21924,False,False,-74.84833819
21923,2021-04-01 18:00:00+00:00,-1,1,9,-64.57602747,21933,False,False,-64.57602747
21932,2021-04-01 22:30:00+00:00,1,1,19,93.44625846,21952,False,False,93.44625846
21951,2021-04-02 08:00:00+00:00,-1,1,16,-10.34102492,21968,False,False,-10.34102492
21967,2021-04-02 16:00:00+00:00,1,1,29,-21.82587455,21997,False,False,-21.82587455
21983,2021-04-03 00:00:00+00:00,1,2,13,64.07924622,21997,False,False,64.07924622
21996,2021-04-03 06:30:00+00:00,-1,1,10,10.23498508,22007,False,False,10.23498508
22006,2021-04-03 11:30:00+00:00,1,1,44,-296.4692595,22020,True,False,-250
22038,2021-04-04 03:30:00+00:00,1,2,12,38.13040277,22051,False,False,38.13040277
22050,2021-04-04 09:30:00+00:00,-1,1,28,-117.7340357,22079,False,False,-117.7340357
22070,2021-04-04 19:30:00+00:00,-1,2,8,-61.33492044,22079,False,False,-61.33492044
22078,2021-04-04 23:30:00+00:00,1,1,39,120.118046,22118,False,False,120.118046
22098,2021-04-05 09:30:00+00:00,1,2,19,256.355118,22118,False,False,256.355118
22117,2021-04-05 19:00:00+00:00,-1,1,11,-49.11248982,22129,False,False,-49.11248982
22128,2021-04-06 00:30:00+00:00,1,1,7,-98.48319493,22136,False,False,-98.48319493
22135,2021-04-06 04:00:00+00:00,-1,1,17,-50.60749986,22153,False,False,-50.60749986
22152,2021-04-06 12:30:00+00:00,1,1,21,-167.4433212,22156,True,False,-250
22164,2021-04-06 18:30:00+00:00,1,2,9,-55.9779007,22174,False,False,-55.9779007
22173,2021-04-06 23:00:00+00:00,-1,1,34,252.7186135,22208,False,False,252.7186135
22194,2021-04-07 09:30:00+00:00,-1,2,13,143.7659884,22208,False,False,143.7659884
22207,2021-04-07 16:00:00+00:00,1,1,36,33.91289562,22244,False,False,33.91289562
22243,2021-04-08 10:00:00+00:00,-1,1,7,-141.029158,22251,False,False,-141.029158
22250,2021-04-08 13:30:00+00:00,1,1,13,49.13070815,22264,False,False,49.13070815
22263,2021-04-08 20:00:00+00:00,-1,1,9,-77.32682014,22273,False,False,-77.32682014
22272,2021-04-09 00:30:00+00:00,1,1,11,-38.74489905,22284,False,False,-38.74489905
22283,2021-04-09 06:00:00+00:00,-1,1,9,-105.0008628,22293,False,False,-105.0008628
22292,2021-04-09 10:30:00+00:00,1,1,10,-61.3660054,22303,False,False,-61.3660054
22302,2021-04-09 15:30:00+00:00,-1,1,10,-34.59845534,22313,False,False,-34.59845534
22312,2021-04-09 20:30:00+00:00,1,1,28,422.6454264,22341,False,False,422.6454264
22340,2021-04-10 10:30:00+00:00,-1,1,13,108.9475126,22354,False,False,108.9475126
22353,2021-04-10 17:00:00+00:00,1,1,25,-88.1828122,22361,True,False,-250
22368,2021-04-11 00:30:00+00:00,1,2,10,-94.14387077,22379,False,False,-94.14387077
22378,2021-04-11 05:30:00+00:00,-1,1,12,7.490611599,22391,False,False,7.490611599
22390,2021-04-11 11:30:00+00:00,1,1,19,9.609257085,22410,False,False,9.609257085
22409,2021-04-11 21:00:00+00:00,-1,1,45,-54.54259114,22431,True,False,-250
22436,2021-04-12 10:30:00+00:00,-1,2,18,-6.304289251,22455,False,False,-6.304289251
22454,2021-04-12 19:30:00+00:00,1,1,8,-13.81704085,22463,False,False,-13.81704085
22462,2021-04-12 23:30:00+00:00,-1,1,45,-536.4231195,22480,True,False,-250
22493,2021-04-13 15:00:00+00:00,-1,2,14,-27.80387943,22508,False,False,-27.80387943
22507,2021-04-13 22:00:00+00:00,1,1,25,125.1553772,22532,True,False,-250
22532,2021-04-14 10:30:00+00:00,-1,1,23,185.6745132,22556,False,False,185.6745132
22555,2021-04-14 22:00:00+00:00,1,1,10,9.88877873,22566,False,False,9.88877873
22565,2021-04-15 03:00:00+00:00,-1,1,21,-7.174023729,22587,False,False,-7.174023729
22586,2021-04-15 13:30:00+00:00,1,1,9,-36.92784981,22596,False,False,-36.92784981
22595,2021-04-15 18:00:00+00:00,-1,1,37,267.5044221,22633,False,False,267.5044221
22608,2021-04-16 00:30:00+00:00,-1,2,24,381.8524983,22633,False,False,381.8524983
22632,2021-04-16 12:30:00+00:00,1,1,14,108.4175449,22647,False,False,108.4175449
22646,2021-04-16 19:30:00+00:00,-1,1,14,-118.9884899,22661,False,False,-118.9884899
22660,2021-04-17 02:30:00+00:00,1,1,9,-38.33719245,22670,False,False,-38.33719245
22669,2021-04-17 07:00:00+00:00,-1,1,21,241.5150425,22691,False,False,241.5150425
22690,2021-04-17 17:30:00+00:00,1,1,13,-91.39199785,22704,False,False,-91.39199785
22703,2021-04-18 00:00:00+00:00,-1,1,18,821.1685092,22722,False,False,821.1685092
22721,2021-04-18 09:00:00+00:00,1,1,19,0.6749180845,22727,True,False,-250
22740,2021-04-18 18:30:00+00:00,-1,1,36,-354.7507398,22745,True,False,-250
22762,2021-04-19 05:30:00+00:00,-1,2,14,-61.42414105,22777,False,False,-61.42414105
22776,2021-04-19 12:30:00+00:00,1,1,24,-390.6707715,22781,True,False,-250
22790,2021-04-19 19:30:00+00:00,1,2,10,-148.6526657,22801,False,False,-148.6526657
22800,2021-04-20 00:30:00+00:00,-1,1,10,-42.67497679,22811,False,False,-42.67497679
22810,2021-04-20 05:30:00+00:00,1,1,19,50.81408009,22813,True,False,-250
22829,2021-04-20 15:00:00+00:00,-1,1,9,-202.6658439,22839,False,False,-202.6658439
22838,2021-04-20 19:30:00+00:00,1,1,10,38.60803575,22849,False,False,38.60803575
22848,2021-04-21 00:30:00+00:00,-1,1,13,196.8796742,22862,False,False,196.8796742
22861,2021-04-21 07:00:00+00:00,1,1,23,-19.26425929,22885,False,False,-19.26425929
22884,2021-04-21 18:30:00+00:00,-1,1,18,296.7984265,22903,False,False,296.7984265
22902,2021-04-22 03:30:00+00:00,1,1,11,-30.07923851,22914,False,False,-30.07923851
22913,2021-04-22 09:00:00+00:00,-1,1,32,402.2696059,22918,True,False,-250
22930,2021-04-22 17:30:00+00:00,-1,2,15,523.3454488,22946,False,False,523.3454488
22945,2021-04-23 01:00:00+00:00,1,1,31,-346.0124853,22947,True,False,-250
22965,2021-04-23 11:00:00+00:00,1,2,11,43.40066168,22977,False,False,43.40066168
22976,2021-04-23 16:30:00+00:00,-1,1,25,-156.8031345,22983,True,False,-250
22989,2021-04-23 23:00:00+00:00,-1,2,12,2.444573502,23002,False,False,2.444573502
23001,2021-04-24 05:00:00+00:00,1,1,35,23.77458808,23012,True,False,-250
23019,2021-04-24 14:00:00+00:00,1,2,17,206.2444864,23037,False,False,206.2444864
23036,2021-04-24 22:30:00+00:00,-1,1,16,186.786743,23053,False,False,186.786743
23052,2021-04-25 06:30:00+00:00,1,1,24,-1.044641202,23077,False,False,-1.044641202
23076,2021-04-25 18:30:00+00:00,-1,1,12,-103.5973633,23089,False,False,-103.5973633
23088,2021-04-26 00:30:00+00:00,1,1,15,539.6164058,23104,False,False,539.6164058
23103,2021-04-26 08:00:00+00:00,-1,1,10,-125.8563327,23114,False,False,-125.8563327
23113,2021-04-26 13:00:00+00:00,1,1,15,-58.89207625,23129,False,False,-58.89207625
23128,2021-04-26 20:30:00+00:00,-1,1,8,-66.71884789,23137,False,False,-66.71884789
23136,2021-04-27 00:30:00+00:00,1,1,9,-12.57331324,23146,False,False,-12.57331324
23145,2021-04-27 05:00:00+00:00,-1,1,28,-280.9956256,23150,True,False,-250
23158,2021-04-27 11:30:00+00:00,-1,2,15,-41.80726479,23174,False,False,-41.80726479
23173,2021-04-27 19:00:00+00:00,1,1,18,-36.05570958,23192,False,False,-36.05570958
23191,2021-04-28 04:00:00+00:00,-1,1,14,72.34865931,23206,False,False,72.34865931
23205,2021-04-28 11:00:00+00:00,1,1,10,-9.965590612,23216,False,False,-9.965590612
23215,2021-04-28 16:00:00+00:00,-1,1,8,-199.7183833,23224,False,False,-199.7183833
23223,2021-04-28 20:00:00+00:00,1,1,35,-264.9144494,23226,True,False,-250
23247,2021-04-29 08:00:00+00:00,1,2,11,-93.85489001,23259,False,False,-93.85489001
23258,2021-04-29 13:30:00+00:00,-1,1,16,206.5888547,23275,False,False,206.5888547
23274,2021-04-29 21:30:00+00:00,1,1,12,148.7297876,23287,False,False,148.7297876
23286,2021-04-30 03:30:00+00:00,-1,1,66,-790.8946621,23307,True,False,-250
23301,2021-04-30 11:00:00+00:00,-1,2,51,-678.4558371,23307,True,False,-250
23321,2021-04-30 21:00:00+00:00,-1,3,31,-194.1737492,23331,True,False,-250
23340,2021-05-01 06:30:00+00:00,-1,4,12,53.14270554,23353,False,False,53.14270554
23352,2021-05-01 12:30:00+00:00,1,1,20,-63.10101289,23373,False,False,-63.10101289
23372,2021-05-01 22:30:00+00:00,-1,1,25,116.6178631,23398,False,False,116.6178631
23397,2021-05-02 11:00:00+00:00,1,1,10,-47.42184791,23408,False,False,-47.42184791
23407,2021-05-02 16:00:00+00:00,-1,1,7,-25.66425307,23415,False,False,-25.66425307
23414,2021-05-02 19:30:00+00:00,1,1,23,215.5468553,23438,False,False,215.5468553
23437,2021-05-03 07:00:00+00:00,-1,1,24,32.50128862,23462,False,False,32.50128862
23461,2021-05-03 19:00:00+00:00,1,1,35,-346.0207612,23473,True,False,-250
23483,2021-05-04 06:00:00+00:00,1,2,13,-44.96002909,23497,False,False,-44.96002909
23496,2021-05-04 12:30:00+00:00,-1,1,15,214.4318996,23512,False,False,214.4318996
23511,2021-05-04 20:00:00+00:00,1,1,9,-99.29771862,23519,True,False,-250
23520,2021-05-05 00:30:00+00:00,-1,1,50,-542.2199663,23524,True,False,-250
23530,2021-05-05 05:30:00+00:00,-1,2,40,-428.3480133,23546,True,False,-250
23559,2021-05-05 20:00:00+00:00,-1,3,11,30.49317,23571,False,False,30.49317
23570,2021-05-06 01:30:00+00:00,1,1,11,-55.87394008,23582,False,False,-55.87394008
23581,2021-05-06 07:00:00+00:00,-1,1,31,65.42313655,23588,True,False,-250
23596,2021-05-06 14:30:00+00:00,-1,2,16,176.6406779,23613,False,False,176.6406779
23612,2021-05-06 22:30:00+00:00,1,1,9,-76.99540489,23622,False,False,-76.99540489
23621,2021-05-07 03:00:00+00:00,-1,1,9,-74.66281008,23631,False,False,-74.66281008
23630,2021-05-07 07:30:00+00:00,1,1,25,240.9935227,23656,False,False,240.9935227
23655,2021-05-07 20:00:00+00:00,-1,1,11,5.700558971,23667,False,False,5.700558971
23666,2021-05-08 01:30:00+00:00,1,1,11,36.63734857,23678,False,False,36.63734857
23677,2021-05-08 07:00:00+00:00,-1,1,23,-235.7800742,23680,True,False,-250
23687,2021-05-08 12:00:00+00:00,-1,2,13,-91.0728489,23701,False,False,-91.0728489
23700,2021-05-08 18:30:00+00:00,1,1,9,-96.77114134,23710,False,False,-96.77114134
23709,2021-05-08 23:00:00+00:00,-1,1,35,158.5811569,23745,False,False,158.5811569
23744,2021-05-09 16:30:00+00:00,1,1,28,232.5043973,23773,False,False,232.5043973
23772,2021-05-10 06:30:00+00:00,-1,1,16,286.3160755,23789,False,False,286.3160755
23788,2021-05-10 14:30:00+00:00,1,1,44,-407.9535382,23799,True,False,-250
23808,2021-05-11 00:30:00+00:00,1,2,24,-252.2364724,23813,True,False,-250
23832,2021-05-11 12:30:00+00:00,-1,1,51,-342.5146495,23840,True,False,-250
23852,2021-05-11 22:30:00+00:00,-1,2,31,-46.38968038,23884,False,False,-46.38968038
23869,2021-05-12 07:00:00+00:00,-1,3,14,36.59289814,23884,False,False,36.59289814
23883,2021-05-12 14:00:00+00:00,1,1,40,-1352.1446,23887,True,False,-250
23913,2021-05-13 05:00:00+00:00,1,2,10,-262.3711277,23923,True,False,-250
23923,2021-05-13 10:00:00+00:00,-1,1,9,-279.5994784,23930,True,False,-250
23932,2021-05-13 14:30:00+00:00,1,1,27,-255.6743399,23937,True,False,-250
23946,2021-05-13 21:30:00+00:00,1,2,13,-85.93398655,23950,True,False,-250
23959,2021-05-14 04:00:00+00:00,-1,1,9,-191.5329251,23969,False,False,-191.5329251
23968,2021-05-14 08:30:00+00:00,1,1,10,46.98483911,23979,False,False,46.98483911
23978,2021-05-14 13:30:00+00:00,-1,1,21,112.2120912,24000,False,False,112.2120912
23999,2021-05-15 00:00:00+00:00,1,1,10,-101.7723357,24010,False,False,-101.7723357
24009,2021-05-15 05:00:00+00:00,-1,1,14,78.12871826,24024,False,False,78.12871826
24023,2021-05-15 12:00:00+00:00,1,1,10,-212.367964,24033,True,False,-250
24033,2021-05-15 17:00:00+00:00,-1,1,10,-107.7308799,24044,False,False,-107.7308799
24043,2021-05-15 22:00:00+00:00,1,1,29,106.2731641,24047,True,False,-250
24072,2021-05-16 12:30:00+00:00,-1,1,22,617.6043778,24095,False,False,617.6043778
24094,2021-05-16 23:30:00+00:00,1,1,8,-585.215818,24098,True,False,-250
24102,2021-05-17 03:30:00+00:00,-1,1,9,-443.6927827,24108,True,False,-250
24111,2021-05-17 08:00:00+00:00,1,1,11,-130.405253,24123,False,False,-130.405253
24122,2021-05-17 13:30:00+00:00,-1,1,13,81.29590917,24136,False,False,81.29590917
24135,2021-05-17 20:00:00+00:00,1,1,23,184.1143474,24141,True,False,-250
24158,2021-05-18 07:30:00+00:00,-1,1,8,-113.0269322,24167,False,False,-113.0269322
24166,2021-05-18 11:30:00+00:00,1,1,25,-583.3736843,24169,True,False,-250
24180,2021-05-18 18:30:00+00:00,1,2,11,-25.50073203,24192,False,False,-25.50073203
24191,2021-05-19 00:00:00+00:00,-1,1,17,610.5683221,24209,False,False,610.5683221
24208,2021-05-19 08:30:00+00:00,1,1,29,-280.267895,24213,True,False,-250
24225,2021-05-19 17:00:00+00:00,1,2,12,-166.4168033,24228,True,False,-250
24237,2021-05-19 23:00:00+00:00,-1,1,10,189.3212439,24248,False,False,189.3212439
24247,2021-05-20 04:00:00+00:00,1,1,12,410.5592995,24260,False,False,410.5592995
24259,2021-05-20 10:00:00+00:00,-1,1,23,-165.1684356,24263,True,False,-250
24273,2021-05-20 17:00:00+00:00,-1,2,9,-320.8708899,24278,True,False,-250
24282,2021-05-20 21:30:00+00:00,1,1,12,4.329776438,24285,True,False,-250
24294,2021-05-21 03:30:00+00:00,-1,1,11,143.2609516,24306,False,False,143.2609516
24305,2021-05-21 09:00:00+00:00,1,1,11,-385.1335304,24316,True,False,-250
24316,2021-05-21 14:30:00+00:00,-1,1,15,486.3933576,24332,False,False,486.3933576
24331,2021-05-21 22:00:00+00:00,1,1,12,84.27827404,24344,False,False,84.27827404
24343,2021-05-22 04:00:00+00:00,-1,1,11,-43.04594118,24355,False,False,-43.04594118
24354,2021-05-22 09:30:00+00:00,1,1,12,113.1239327,24367,False,False,113.1239327
24366,2021-05-22 15:30:00+00:00,-1,1,12,-132.9696584,24367,True,False,-250
24378,2021-05-22 21:30:00+00:00,1,1,11,-148.742426,24384,True,False,-250
24389,2021-05-23 03:00:00+00:00,-1,1,19,648.771228,24409,False,False,648.771228
24408,2021-05-23 12:30:00+00:00,1,1,31,79.50085252,24409,True,False,-250
24423,2021-05-23 20:00:00+00:00,1,2,16,664.3185262,24440,False,False,664.3185262
24439,2021-05-24 04:00:00+00:00,-1,1,8,-393.3048544,24446,True,False,-250
24447,2021-05-24 08:00:00+00:00,1,1,16,234.0636135,24464,False,False,234.0636135
24463,2021-05-24 16:00:00+00:00,-1,1,8,-558.2537382,24471,True,False,-250
24471,2021-05-24 20:00:00+00:00,1,1,13,-318.2203871,24475,True,False,-250
24484,2021-05-25 02:30:00+00:00,-1,1,9,-135.7739783,24494,False,False,-135.7739783
24493,2021-05-25 07:00:00+00:00,1,1,27,-318.9018559,24498,True,False,-250
24509,2021-05-25 15:00:00+00:00,1,2,11,2.600277858,24521,False,False,2.600277858
24520,2021-05-25 20:30:00+00:00,-1,1,45,-257.9176446,24525,True,False,-250
24547,2021-05-26 10:00:00+00:00,-1,2,18,403.2958535,24566,False,False,403.2958535
24565,2021-05-26 19:00:00+00:00,1,1,13,-98.26901106,24579,False,False,-98.26901106
24578,2021-05-27 01:30:00+00:00,-1,1,11,2.825775776,24590,False,False,2.825775776
24589,2021-05-27 07:00:00+00:00,1,1,16,472.5447399,24606,False,False,472.5447399
24605,2021-05-27 15:00:00+00:00,-1,1,14,277.7060613,24620,False,False,277.7060613
24619,2021-05-27 22:00:00+00:00,1,1,8,-211.2884748,24625,True,False,-250
24627,2021-05-28 02:00:00+00:00,-1,1,22,399.6786509,24650,False,False,399.6786509
24649,2021-05-28 13:00:00+00:00,1,1,9,-146.1224715,24658,True,False,-250
24658,2021-05-28 17:30:00+00:00,-1,1,14,40.228186,24673,False,False,40.228186
24672,2021-05-29 00:30:00+00:00,1,1,13,165.3627816,24686,False,False,165.3627816
24685,2021-05-29 07:00:00+00:00,-1,1,16,518.3049979,24702,False,False,518.3049979
24701,2021-05-29 15:00:00+00:00,1,1,21,-244.2584346,24707,True,False,-250
24722,2021-05-30 01:30:00+00:00,-1,1,32,-629.1628292,24725,True,False,-250
24741,2021-05-30 11:00:00+00:00,-1,2,13,-53.88602892,24755,False,False,-53.88602892
24754,2021-05-30 17:30:00+00:00,1,1,10,-3.685226029,24765,False,False,-3.685226029
24764,2021-05-30 22:30:00+00:00,-1,1,16,287.6510553,24781,False,False,287.6510553
24780,2021-05-31 06:30:00+00:00,1,1,15,538.1163862,24796,False,False,538.1163862
24795,2021-05-31 14:00:00+00:00,-1,1,13,-5.753860459,24809,False,False,-5.753860459
24808,2021-05-31 20:30:00+00:00,1,1,13,15.54960048,24822,False,False,15.54960048
24821,2021-06-01 03:00:00+00:00,-1,1,10,4.416842422,24832,False,False,4.416842422
24831,2021-06-01 08:00:00+00:00,1,1,17,-145.0298751,24842,True,False,-250
24839,2021-06-01 12:00:00+00:00,1,2,9,-86.69971464,24849,False,False,-86.69971464
24848,2021-06-01 16:30:00+00:00,-1,1,10,-4.24406107,24859,False,False,-4.24406107
24858,2021-06-01 21:30:00+00:00,1,1,9,4.432335943,24868,False,False,4.432335943
24867,2021-06-02 02:00:00+00:00,-1,1,52,-367.7787204,24879,True,False,-250
24887,2021-06-02 12:00:00+00:00,-1,2,32,-117.821721,24894,True,False,-250
24903,2021-06-02 20:00:00+00:00,-1,3,16,49.88117678,24920,False,False,49.88117678
24919,2021-06-03 04:00:00+00:00,1,1,16,303.1165769,24936,False,False,303.1165769
24935,2021-06-03 12:00:00+00:00,-1,1,11,-44.82851951,24947,False,False,-44.82851951
24946,2021-06-03 17:30:00+00:00,1,1,54,-479.4524591,24962,True,False,-250
24979,2021-06-04 10:00:00+00:00,1,2,21,65.82113906,24984,True,False,-250
25000,2021-06-04 20:30:00+00:00,-1,1,9,-161.9431343,25010,False,False,-161.9431343
25009,2021-06-05 01:00:00+00:00,1,1,10,-18.31522721,25020,False,False,-18.31522721
25019,2021-06-05 06:00:00+00:00,-1,1,21,398.9708709,25041,False,False,398.9708709
25040,2021-06-05 16:30:00+00:00,1,1,10,-263.0110583,25050,True,False,-250
25050,2021-06-05 21:30:00+00:00,-1,1,8,-235.4452724,25058,True,False,-250
25058,2021-06-06 01:30:00+00:00,1,1,12,-15.74908112,25071,False,False,-15.74908112
25070,2021-06-06 07:30:00+00:00,-1,1,16,-59.76066805,25087,False,False,-59.76066805
25086,2021-06-06 15:30:00+00:00,1,1,8,-91.74212996,25095,False,False,-91.74212996
25094,2021-06-06 19:30:00+00:00,-1,1,11,-135.198225,25106,False,False,-135.198225
25105,2021-06-07 01:00:00+00:00,1,1,10,-3.44445249,25116,False,False,-3.44445249
25115,2021-06-07 06:00:00+00:00,-1,1,10,-62.59715822,25126,False,False,-62.59715822
25125,2021-06-07 11:00:00+00:00,1,1,8,-132.9089619,25134,False,False,-132.9089619
25133,2021-06-07 15:00:00+00:00,-1,1,31,923.5845304,25165,False,False,923.5845304
25164,2021-06-08 06:30:00+00:00,1,1,11,121.2472967,25176,False,False,121.2472967
25175,2021-06-08 12:00:00+00:00,-1,1,13,220.1940524,25189,False,False,220.1940524
25188,2021-06-08 18:30:00+00:00,1,1,13,164.2963448,25202,False,False,164.2963448
25201,2021-06-09 01:00:00+00:00,-1,1,10,-176.8143943,25210,True,False,-250
25211,2021-06-09 06:00:00+00:00,1,1,17,444.4975112,25229,False,False,444.4975112
25228,2021-06-09 14:30:00+00:00,-1,1,36,-533.9577049,25230,True,False,-250
25240,2021-06-09 20:30:00+00:00,-1,2,24,-165.8472813,25244,True,False,-250
25253,2021-06-10 03:00:00+00:00,-1,3,11,72.515197,25265,False,False,72.515197
25264,2021-06-10 08:30:00+00:00,1,1,13,38.48265893,25278,False,False,38.48265893
25277,2021-06-10 15:00:00+00:00,-1,1,13,92.24864865,25291,False,False,92.24864865
25290,2021-06-10 21:30:00+00:00,1,1,9,-94.4551195,25300,False,False,-94.4551195
25299,2021-06-11 02:00:00+00:00,-1,1,35,-272.504559,25306,True,False,-250
25322,2021-06-11 13:30:00+00:00,-1,2,12,35.60815007,25335,False,False,35.60815007
25334,2021-06-11 19:30:00+00:00,1,1,11,-84.31462698,25346,False,False,-84.31462698
25345,2021-06-12 01:00:00+00:00,-1,1,15,443.1828751,25361,False,False,443.1828751
25360,2021-06-12 08:30:00+00:00,1,1,14,43.51845722,25375,False,False,43.51845722
25374,2021-06-12 15:30:00+00:00,-1,1,9,-80.5953459,25384,False,False,-80.5953459
25383,2021-06-12 20:00:00+00:00,1,1,8,-62.73579713,25392,False,False,-62.73579713
25391,2021-06-13 00:00:00+00:00,-1,1,15,52.77578292,25407,False,False,52.77578292
25406,2021-06-13 07:30:00+00:00,1,1,14,113.0484903,25421,False,False,113.0484903
25420,2021-06-13 14:30:00+00:00,-1,1,32,-991.3268405,25424,True,False,-250
25442,2021-06-14 01:30:00+00:00,-1,2,10,-3.268921587,25453,False,False,-3.268921587
25452,2021-06-14 06:30:00+00:00,1,1,24,178.5366883,25477,False,False,178.5366883
25476,2021-06-14 18:30:00+00:00,-1,1,10,-118.6723132,25487,False,False,-118.6723132
25486,2021-06-14 23:30:00+00:00,1,1,10,-20.92125627,25497,False,False,-20.92125627
25496,2021-06-15 04:30:00+00:00,-1,1,17,1.073865359,25514,False,False,1.073865359
25513,2021-06-15 13:00:00+00:00,1,1,7,-85.01522256,25521,False,False,-85.01522256
25520,2021-06-15 16:30:00+00:00,-1,1,20,-21.68874726,25524,True,False,-250
25528,2021-06-15 20:30:00+00:00,-1,2,12,-32.03203953,25541,False,False,-32.03203953
25540,2021-06-16 02:30:00+00:00,1,1,13,-28.77439124,25554,False,False,-28.77439124
25553,2021-06-16 09:00:00+00:00,-1,1,18,219.1830706,25572,False,False,219.1830706
25571,2021-06-16 18:00:00+00:00,1,1,10,-162.4130345,25582,False,False,-162.4130345
25581,2021-06-16 23:00:00+00:00,-1,1,7,-82.36029781,25589,False,False,-82.36029781
25588,2021-06-17 02:30:00+00:00,1,1,18,83.68278396,25607,False,False,83.68278396
25606,2021-06-17 11:30:00+00:00,-1,1,23,307.1823803,25630,False,False,307.1823803
25629,2021-06-17 23:00:00+00:00,1,1,8,-46.68655578,25638,False,False,-46.68655578
25637,2021-06-18 03:00:00+00:00,-1,1,13,23.20400523,25651,False,False,23.20400523
25650,2021-06-18 09:30:00+00:00,1,1,37,-674.7252572,25660,True,False,-250
25677,2021-06-18 23:00:00+00:00,1,2,10,-133.2084195,25686,True,False,-250
25687,2021-06-19 04:00:00+00:00,-1,1,8,-186.0034601,25696,False,False,-186.0034601
25695,2021-06-19 08:00:00+00:00,1,1,13,74.12349242,25709,False,False,74.12349242
25708,2021-06-19 14:30:00+00:00,-1,1,13,-8.651518978,25722,False,False,-8.651518978
25721,2021-06-19 21:00:00+00:00,1,1,22,-128.1179201,25728,True,False,-250
25736,2021-06-20 04:30:00+00:00,1,2,7,-9.975108475,25744,False,False,-9.975108475
25743,2021-06-20 08:00:00+00:00,-1,1,15,312.7467159,25759,False,False,312.7467159
25758,2021-06-20 15:30:00+00:00,1,1,16,302.1099388,25775,False,False,302.1099388
25774,2021-06-20 23:30:00+00:00,-1,1,27,928.9200411,25802,False,False,928.9200411
25801,2021-06-21 13:00:00+00:00,1,1,9,10.97705387,25811,False,False,10.97705387
25810,2021-06-21 17:30:00+00:00,-1,1,17,-102.4990767,25828,False,False,-102.4990767
25827,2021-06-22 02:00:00+00:00,1,1,11,49.63867251,25839,False,False,49.63867251
25838,2021-06-22 07:30:00+00:00,-1,1,17,328.5327215,25856,False,False,328.5327215
25855,2021-06-22 16:00:00+00:00,1,1,12,238.5652226,25868,False,False,238.5652226
25867,2021-06-22 22:00:00+00:00,-1,1,31,-678.1788856,25873,True,False,-250
25888,2021-06-23 08:30:00+00:00,-1,2,10,-156.619085,25898,True,False,-250
25898,2021-06-23 13:30:00+00:00,1,1,54,-195.3575018,25900,True,False,-250
25916,2021-06-23 22:30:00+00:00,1,2,36,154.9829605,25923,True,False,-250
25933,2021-06-24 07:00:00+00:00,1,3,19,306.0034289,25953,False,False,306.0034289
25952,2021-06-24 16:30:00+00:00,-1,1,21,-336.7529412,25954,True,False,-250
25963,2021-06-24 22:00:00+00:00,-1,2,10,-117.6871594,25974,False,False,-117.6871594
25973,2021-06-25 03:00:00+00:00,1,1,57,-1114.230888,25981,True,False,-250
26008,2021-06-25 20:30:00+00:00,1,2,22,-334.2721842,26013,True,False,-250
26030,2021-06-26 07:30:00+00:00,-1,1,10,-181.6644785,26041,False,False,-181.6644785
26040,2021-06-26 12:30:00+00:00,1,1,16,-177.0393555,26043,True,False,-250
26056,2021-06-26 20:30:00+00:00,-1,1,32,-674.1501085,26063,True,False,-250
26076,2021-06-27 06:30:00+00:00,-1,2,12,-90.55439483,26089,False,False,-90.55439483
26088,2021-06-27 12:30:00+00:00,1,1,10,-101.6827139,26099,False,False,-101.6827139
26098,2021-06-27 17:30:00+00:00,-1,1,10,-349.9757576,26108,True,False,-250
26108,2021-06-27 22:30:00+00:00,1,1,12,62.93090424,26121,False,False,62.93090424
26120,2021-06-28 04:30:00+00:00,-1,1,9,-152.1798459,26127,True,False,-250
26129,2021-06-28 09:00:00+00:00,1,1,20,-210.360847,26132,True,False,-250
26139,2021-06-28 14:00:00+00:00,1,2,10,-40.42854373,26150,False,False,-40.42854373
26149,2021-06-28 19:00:00+00:00,-1,1,64,-470.7412917,26161,True,False,-250
26196,2021-06-29 18:30:00+00:00,-1,2,17,120.4924107,26214,False,False,120.4924107
26213,2021-06-30 03:00:00+00:00,1,1,24,-315.5600054,26217,True,False,-250
26225,2021-06-30 09:00:00+00:00,1,2,12,10.75691143,26238,False,False,10.75691143
26237,2021-06-30 15:00:00+00:00,-1,1,8,-61.13765051,26246,False,False,-61.13765051
26245,2021-06-30 19:00:00+00:00,1,1,12,-30.86657102,26258,False,False,-30.86657102
26257,2021-07-01 01:00:00+00:00,-1,1,22,295.2700775,26280,False,False,295.2700775
26279,2021-07-01 12:00:00+00:00,1,1,9,-119.9231595,26289,False,False,-119.9231595
26288,2021-07-01 16:30:00+00:00,-1,1,11,-71.68534098,26300,False,False,-71.68534098
26299,2021-07-01 22:00:00+00:00,1,1,9,-78.44463884,26309,False,False,-78.44463884
26308,2021-07-02 02:30:00+00:00,-1,1,11,-28.76123608,26320,False,False,-28.76123608
26319,2021-07-02 08:00:00+00:00,1,1,9,-137.9419835,26329,False,False,-137.9419835
26328,2021-07-02 12:30:00+00:00,-1,1,21,-239.0601128,26336,True,False,-250
26340,2021-07-02 18:30:00+00:00,-1,2,9,-107.1666397,26350,False,False,-107.1666397
26349,2021-07-02 23:00:00+00:00,1,1,10,-52.82383709,26360,False,False,-52.82383709
26359,2021-07-03 04:00:00+00:00,-1,1,31,-329.8154097,26367,True,False,-250
26379,2021-07-03 14:00:00+00:00,-1,2,11,21.01640461,26391,False,False,21.01640461
26390,2021-07-03 19:30:00+00:00,1,1,33,253.5565677,26424,False,False,253.5565677
26406,2021-07-04 03:30:00+00:00,1,2,17,234.663911,26424,False,False,234.663911
26423,2021-07-04 12:00:00+00:00,-1,1,10,10.16434707,26434,False,False,10.16434707
26433,2021-07-04 17:00:00+00:00,1,1,13,-18.28061849,26447,False,False,-18.28061849
26446,2021-07-04 23:30:00+00:00,-1,1,16,357.3677395,26463,False,False,357.3677395
26462,2021-07-05 07:30:00+00:00,1,1,9,-221.5831408,26472,False,False,-221.5831408
26471,2021-07-05 12:00:00+00:00,-1,1,12,-103.1682978,26484,False,False,-103.1682978
26483,2021-07-05 18:00:00+00:00,1,1,12,-2.003703888,26496,False,False,-2.003703888
26495,2021-07-06 00:00:00+00:00,-1,1,9,-283.524593,26504,True,False,-250
26504,2021-07-06 04:30:00+00:00,1,1,11,-139.8819331,26516,False,False,-139.8819331
26515,2021-07-06 10:00:00+00:00,-1,1,12,40.22875922,26528,False,False,40.22875922
26527,2021-07-06 16:00:00+00:00,1,1,12,-93.56713816,26540,False,False,-93.56713816
26539,2021-07-06 22:00:00+00:00,-1,1,31,-298.7206028,26552,True,False,-250
26562,2021-07-07 09:30:00+00:00,-1,2,8,2.821930166,26571,False,False,2.821930166
26570,2021-07-07 13:30:00+00:00,1,1,61,-495.4129971,26590,True,False,-250
26581,2021-07-07 19:00:00+00:00,1,2,50,-475.3241967,26591,True,False,-250
26603,2021-07-08 06:00:00+00:00,1,3,28,41.98360846,26632,False,False,41.98360846
26618,2021-07-08 13:30:00+00:00,1,4,13,145.5805978,26632,False,False,145.5805978
26631,2021-07-08 20:00:00+00:00,-1,1,14,22.32690894,26646,False,False,22.32690894
26645,2021-07-09 03:00:00+00:00,1,1,9,-20.42894411,26655,False,False,-20.42894411
26654,2021-07-09 07:30:00+00:00,-1,1,12,-131.7054825,26667,False,False,-131.7054825
26666,2021-07-09 13:30:00+00:00,1,1,11,20.30368503,26678,False,False,20.30368503
26677,2021-07-09 19:00:00+00:00,-1,1,27,-130.358898,26689,True,False,-250
26694,2021-07-10 03:30:00+00:00,-1,2,10,-18.12487506,26705,False,False,-18.12487506
26704,2021-07-10 08:30:00+00:00,1,1,12,-31.21475628,26717,False,False,-31.21475628
26716,2021-07-10 14:30:00+00:00,-1,1,18,30.30423447,26735,False,False,30.30423447
26734,2021-07-10 23:30:00+00:00,1,1,10,-72.64307834,26745,False,False,-72.64307834
26744,2021-07-11 04:30:00+00:00,-1,1,9,-97.94471602,26754,False,False,-97.94471602
26753,2021-07-11 09:00:00+00:00,1,1,19,67.55120789,26773,False,False,67.55120789
26772,2021-07-11 18:30:00+00:00,-1,1,49,269.5707275,26822,False,False,269.5707275
26788,2021-07-12 02:30:00+00:00,-1,2,33,354.2769461,26822,False,False,354.2769461
26821,2021-07-12 19:00:00+00:00,1,1,21,-43.97716665,26843,False,False,-43.97716665
26829,2021-07-12 23:00:00+00:00,1,2,13,-52.86529986,26843,False,False,-52.86529986
26842,2021-07-13 05:30:00+00:00,-1,1,24,34.20174282,26867,False,False,34.20174282
26856,2021-07-13 12:30:00+00:00,-1,2,10,37.17516214,26867,False,False,37.17516214
26866,2021-07-13 17:30:00+00:00,1,1,16,-123.4016897,26883,False,False,-123.4016897
26882,2021-07-14 01:30:00+00:00,-1,1,15,186.9995444,26898,False,False,186.9995444
26897,2021-07-14 09:00:00+00:00,1,1,16,354.5701433,26914,False,False,354.5701433
26913,2021-07-14 17:00:00+00:00,-1,1,11,-8.861184211,26925,False,False,-8.861184211
26924,2021-07-14 22:30:00+00:00,1,1,9,-43.53423595,26934,False,False,-43.53423595
26933,2021-07-15 03:00:00+00:00,-1,1,34,374.1254472,26968,False,False,374.1254472
26967,2021-07-15 20:00:00+00:00,1,1,11,83.42429341,26979,False,False,83.42429341
26978,2021-07-16 01:30:00+00:00,-1,1,24,-16.06123839,27003,False,False,-16.06123839
27002,2021-07-16 13:30:00+00:00,1,1,12,43.1705231,27015,False,False,43.1705231
27014,2021-07-16 19:30:00+00:00,-1,1,16,157.2457114,27031,False,False,157.2457114
27030,2021-07-17 03:30:00+00:00,1,1,14,-49.08735446,27045,False,False,-49.08735446
27044,2021-07-17 10:30:00+00:00,-1,1,8,-119.8508305,27053,False,False,-119.8508305
27052,2021-07-17 14:30:00+00:00,1,1,14,25.31259877,27067,False,False,25.31259877
27066,2021-07-17 21:30:00+00:00,-1,1,8,-133.5742105,27075,False,False,-133.5742105
27074,2021-07-18 01:30:00+00:00,1,1,11,-89.687839,27086,False,False,-89.687839
27085,2021-07-18 07:00:00+00:00,-1,1,12,50.64300799,27098,False,False,50.64300799
27097,2021-07-18 13:00:00+00:00,1,1,21,-48.41006289,27119,False,False,-48.41006289
27118,2021-07-18 23:30:00+00:00,-1,1,12,-24.33859889,27131,False,False,-24.33859889
27130,2021-07-19 05:30:00+00:00,1,1,7,-56.87313295,27138,False,False,-56.87313295
27137,2021-07-19 09:00:00+00:00,-1,1,18,240.4283566,27156,False,False,240.4283566
27155,2021-07-19 18:00:00+00:00,1,1,14,22.31041433,27170,False,False,22.31041433
27169,2021-07-20 01:00:00+00:00,-1,1,15,318.9203715,27185,False,False,318.9203715
27184,2021-07-20 08:30:00+00:00,1,1,12,-33.49042657,27197,False,False,-33.49042657
27196,2021-07-20 14:30:00+00:00,-1,1,24,-12.64063463,27221,False,False,-12.64063463
27220,2021-07-21 02:30:00+00:00,1,1,23,585.9724327,27244,False,False,585.9724327
27243,2021-07-21 14:00:00+00:00,-1,1,19,-180.2555712,27249,True,False,-250
27255,2021-07-21 20:00:00+00:00,-1,2,7,-140.5158739,27263,False,False,-140.5158739
27262,2021-07-21 23:30:00+00:00,1,1,8,-44.41794075,27271,False,False,-44.41794075
27270,2021-07-22 03:30:00+00:00,-1,1,21,-40.31075036,27292,False,False,-40.31075036
27291,2021-07-22 14:00:00+00:00,1,1,11,73.59281573,27303,False,False,73.59281573
27302,2021-07-22 19:30:00+00:00,-1,1,11,-27.61162679,27314,False,False,-27.61162679
27313,2021-07-23 01:00:00+00:00,1,1,12,62.75856107,27326,False,False,62.75856107
27325,2021-07-23 07:00:00+00:00,-1,1,12,49.86795148,27338,False,False,49.86795148
27337,2021-07-23 13:00:00+00:00,1,1,8,-76.54277287,27346,False,False,-76.54277287
27345,2021-07-23 17:00:00+00:00,-1,1,8,-98.83386725,27354,False,False,-98.83386725
27353,2021-07-23 21:00:00+00:00,1,1,17,363.993775,27371,False,False,363.993775
27370,2021-07-24 05:30:00+00:00,-1,1,11,-67.37835099,27382,False,False,-67.37835099
27381,2021-07-24 11:00:00+00:00,1,1,19,-34.09770823,27401,False,False,-34.09770823
27400,2021-07-24 20:30:00+00:00,-1,1,8,-141.7042503,27409,False,False,-141.7042503
27408,2021-07-25 00:30:00+00:00,1,1,20,85.58806161,27429,False,False,85.58806161
27428,2021-07-25 10:30:00+00:00,-1,1,13,90.76894549,27442,False,False,90.76894549
27441,2021-07-25 17:00:00+00:00,1,1,30,1150.377968,27472,False,False,1150.377968
27471,2021-07-26 08:00:00+00:00,-1,1,11,-40.97421766,27483,False,False,-40.97421766
27482,2021-07-26 13:30:00+00:00,1,1,15,-177.7073759,27497,True,False,-250
27497,2021-07-26 21:00:00+00:00,-1,1,14,216.8319807,27512,False,False,216.8319807
27511,2021-07-27 04:00:00+00:00,1,1,12,149.9474126,27524,False,False,149.9474126
27523,2021-07-27 10:00:00+00:00,-1,1,22,-172.2954259,27529,True,False,-250
27537,2021-07-27 17:00:00+00:00,-1,2,8,-105.5223692,27546,False,False,-105.5223692
27545,2021-07-27 21:00:00+00:00,1,1,17,524.7858081,27563,False,False,524.7858081
27562,2021-07-28 05:30:00+00:00,-1,1,11,-32.39708731,27574,False,False,-32.39708731
27573,2021-07-28 11:00:00+00:00,1,1,7,-118.6139676,27581,False,False,-118.6139676
27580,2021-07-28 14:30:00+00:00,-1,1,10,-105.559194,27591,False,False,-105.559194
27590,2021-07-28 19:30:00+00:00,1,1,10,-44.33801681,27601,False,False,-44.33801681
27600,2021-07-29 00:30:00+00:00,-1,1,9,-12.99911194,27610,False,False,-12.99911194
27609,2021-07-29 05:00:00+00:00,1,1,14,-48.69588787,27624,False,False,-48.69588787
27623,2021-07-29 12:00:00+00:00,-1,1,9,-24.08390698,27633,False,False,-24.08390698
27632,2021-07-29 16:30:00+00:00,1,1,23,21.93050069,27656,False,False,21.93050069
27641,2021-07-29 21:00:00+00:00,1,2,14,57.72000327,27656,False,False,57.72000327
27655,2021-07-30 04:00:00+00:00,-1,1,21,240.7951638,27677,False,False,240.7951638
27676,2021-07-30 14:30:00+00:00,1,1,27,725.4345067,27704,False,False,725.4345067
27703,2021-07-31 04:00:00+00:00,-1,1,11,28.4447639,27715,False,False,28.4447639
27714,2021-07-31 09:30:00+00:00,1,1,9,-80.33215043,27724,False,False,-80.33215043
27723,2021-07-31 14:00:00+00:00,-1,1,12,18.78959089,27736,False,False,18.78959089
27735,2021-07-31 20:00:00+00:00,1,1,11,106.0156621,27747,False,False,106.0156621
27746,2021-08-01 01:30:00+00:00,-1,1,38,104.2473197,27785,False,False,104.2473197
27784,2021-08-01 20:30:00+00:00,1,1,27,-414.9542282,27789,True,False,-250
27801,2021-08-02 05:00:00+00:00,1,2,10,-16.01496377,27812,False,False,-16.01496377
27811,2021-08-02 10:00:00+00:00,-1,1,11,-40.69876952,27823,False,False,-40.69876952
27822,2021-08-02 15:30:00+00:00,1,1,9,-150.1503389,27832,False,False,-150.1503389
27831,2021-08-02 20:00:00+00:00,-1,1,10,-36.80650176,27842,False,False,-36.80650176
27841,2021-08-03 01:00:00+00:00,1,1,24,-217.4906165,27849,True,False,-250
27857,2021-08-03 09:00:00+00:00,1,2,8,-20.16009226,27866,False,False,-20.16009226
27865,2021-08-03 13:00:00+00:00,-1,1,14,117.8844708,27880,False,False,117.8844708
27879,2021-08-03 20:00:00+00:00,1,1,13,37.88665158,27893,False,False,37.88665158
27892,2021-08-04 02:30:00+00:00,-1,1,15,86.95798053,27908,False,False,86.95798053
27907,2021-08-04 10:00:00+00:00,1,1,19,516.3743346,27927,False,False,516.3743346
27926,2021-08-04 19:30:00+00:00,-1,1,20,82.52341621,27947,False,False,82.52341621
27946,2021-08-05 05:30:00+00:00,1,1,34,370.330556,27953,True,False,-250
27965,2021-08-05 15:00:00+00:00,1,2,15,482.1324783,27981,False,False,482.1324783
27980,2021-08-05 22:30:00+00:00,-1,1,14,151.3678703,27995,False,False,151.3678703
27994,2021-08-06 05:30:00+00:00,1,1,11,97.40377412,28006,False,False,97.40377412
28005,2021-08-06 11:00:00+00:00,-1,1,9,-254.2467052,28014,True,False,-250
28014,2021-08-06 15:30:00+00:00,1,1,13,187.9122771,28028,False,False,187.9122771
28027,2021-08-06 22:00:00+00:00,-1,1,9,-209.3814663,28037,False,False,-209.3814663
28036,2021-08-07 02:30:00+00:00,1,1,10,-57.14784911,28047,False,False,-57.14784911
28046,2021-08-07 07:30:00+00:00,-1,1,23,-104.5993338,28056,True,False,-250
28059,2021-08-07 14:00:00+00:00,-1,2,10,-81.63427687,28070,False,False,-81.63427687
28069,2021-08-07 19:00:00+00:00,1,1,15,83.38451423,28085,False,False,83.38451423
28084,2021-08-08 02:30:00+00:00,-1,1,7,-196.3814894,28092,False,False,-196.3814894
28091,2021-08-08 06:00:00+00:00,1,1,9,-90.64397365,28101,False,False,-90.64397365
28100,2021-08-08 10:30:00+00:00,-1,1,7,-81.17533088,28108,False,False,-81.17533088
28107,2021-08-08 14:00:00+00:00,1,1,22,-347.8618461,28113,True,False,-250
28121,2021-08-08 21:00:00+00:00,1,2,8,-164.7361038,28130,False,False,-164.7361038
28129,2021-08-09 01:00:00+00:00,-1,1,10,-90.59782577,28140,False,False,-90.59782577
28139,2021-08-09 06:00:00+00:00,1,1,20,531.7709668,28160,False,False,531.7709668
28159,2021-08-09 16:00:00+00:00,-1,1,15,-88.60894839,28175,False,False,-88.60894839
28174,2021-08-09 23:30:00+00:00,1,1,9,-132.65046,28184,False,False,-132.65046
28183,2021-08-10 04:00:00+00:00,-1,1,10,-100.6973255,28194,False,False,-100.6973255
28193,2021-08-10 09:00:00+00:00,1,1,32,-84.32966493,28207,True,False,-250
28214,2021-08-10 19:30:00+00:00,1,2,11,76.42685209,28226,False,False,76.42685209
28225,2021-08-11 01:00:00+00:00,-1,1,11,-53.32410744,28237,False,False,-53.32410744
28236,2021-08-11 06:30:00+00:00,1,1,10,31.29378419,28247,False,False,31.29378419
28246,2021-08-11 11:30:00+00:00,-1,1,31,-12.8236921,28278,False,False,-12.8236921
28262,2021-08-11 19:30:00+00:00,-1,2,15,21.77092805,28278,False,False,21.77092805
28277,2021-08-12 03:00:00+00:00,1,1,41,-376.2711014,28282,True,False,-250
28293,2021-08-12 11:00:00+00:00,1,2,25,-190.2680545,28300,True,False,-250
28309,2021-08-12 19:00:00+00:00,1,3,9,7.848013512,28319,False,False,7.848013512
28318,2021-08-12 23:30:00+00:00,-1,1,38,-465.9242111,28332,True,False,-250
28345,2021-08-13 13:00:00+00:00,-1,2,11,-3.331938402,28357,False,False,-3.331938402
28356,2021-08-13 18:30:00+00:00,1,1,16,218.3765099,28373,False,False,218.3765099
28372,2021-08-14 02:30:00+00:00,-1,1,10,-29.74032541,28383,False,False,-29.74032541
28382,2021-08-14 07:30:00+00:00,1,1,27,-217.002697,28387,True,False,-250
28398,2021-08-14 15:30:00+00:00,1,2,11,-29.29635361,28410,False,False,-29.29635361
28409,2021-08-14 21:00:00+00:00,-1,1,30,159.2858599,28440,False,False,159.2858599
28424,2021-08-15 04:30:00+00:00,-1,2,15,180.6270375,28440,False,False,180.6270375
28439,2021-08-15 12:00:00+00:00,1,1,12,14.95948663,28452,False,False,14.95948663
28451,2021-08-15 18:00:00+00:00,-1,1,34,-313.8473147,28460,True,False,-250
28472,2021-08-16 04:30:00+00:00,-1,2,13,-3.802787924,28486,False,False,-3.802787924
28485,2021-08-16 11:00:00+00:00,1,1,39,-296.2075921,28492,True,False,-250
28502,2021-08-16 19:30:00+00:00,1,2,22,-44.82198426,28525,False,False,-44.82198426
28524,2021-08-17 06:30:00+00:00,-1,1,7,-185.2850338,28532,False,False,-185.2850338
28531,2021-08-17 10:00:00+00:00,1,1,9,-207.7648463,28541,False,False,-207.7648463
28540,2021-08-17 14:30:00+00:00,-1,1,21,245.2930505,28562,False,False,245.2930505
28561,2021-08-18 01:00:00+00:00,1,1,15,40.22468866,28577,False,False,40.22468866
28576,2021-08-18 08:30:00+00:00,-1,1,12,-81.03851297,28589,False,False,-81.03851297
28588,2021-08-18 14:30:00+00:00,1,1,11,-103.2215469,28600,False,False,-103.2215469
28599,2021-08-18 20:00:00+00:00,-1,1,11,-52.99242424,28611,False,False,-52.99242424
28610,2021-08-19 01:30:00+00:00,1,1,21,-203.2034785,28616,True,False,-250
28623,2021-08-19 08:00:00+00:00,1,2,8,-102.3221611,28632,False,False,-102.3221611
28631,2021-08-19 12:00:00+00:00,-1,1,87,-1067.873547,28636,True,False,-250
28653,2021-08-19 23:00:00+00:00,-1,2,65,-453.232906,28684,True,False,-250
28695,2021-08-20 20:00:00+00:00,-1,3,23,-49.38711863,28719,False,False,-49.38711863
28718,2021-08-21 07:30:00+00:00,1,1,9,-73.32414439,28728,False,False,-73.32414439
28727,2021-08-21 12:00:00+00:00,-1,1,30,-65.19032618,28739,True,False,-250
28743,2021-08-21 20:00:00+00:00,-1,2,14,21.85927104,28758,False,False,21.85927104
28757,2021-08-22 03:00:00+00:00,1,1,13,63.33190123,28771,False,False,63.33190123
28770,2021-08-22 09:30:00+00:00,-1,1,18,169.6044771,28789,False,False,169.6044771
28788,2021-08-22 18:30:00+00:00,1,1,25,379.7159715,28814,False,False,379.7159715
28813,2021-08-23 07:00:00+00:00,-1,1,10,-46.37740412,28824,False,False,-46.37740412
28823,2021-08-23 12:00:00+00:00,1,1,27,-287.3818301,28838,True,False,-250
28843,2021-08-23 22:00:00+00:00,1,2,7,-119.9507673,28851,False,False,-119.9507673
28850,2021-08-24 01:30:00+00:00,-1,1,8,-107.9877135,28859,False,False,-107.9877135
28858,2021-08-24 05:30:00+00:00,1,1,10,15.5061466,28869,False,False,15.5061466
28868,2021-08-24 10:30:00+00:00,-1,1,19,269.089916,28888,False,False,269.089916
28887,2021-08-24 20:00:00+00:00,1,1,9,-85.15807773,28897,False,False,-85.15807773
28896,2021-08-25 00:30:00+00:00,-1,1,10,-83.66726094,28907,False,False,-83.66726094
28906,2021-08-25 05:30:00+00:00,1,1,7,-197.3797417,28914,False,False,-197.3797417
28913,2021-08-25 09:00:00+00:00,-1,1,10,-83.22039605,28924,False,False,-83.22039605
28923,2021-08-25 14:00:00+00:00,1,1,14,216.2371003,28938,False,False,216.2371003
28937,2021-08-25 21:00:00+00:00,-1,1,9,-81.1726207,28947,False,False,-81.1726207
28946,2021-08-26 01:30:00+00:00,1,1,29,-466.1558188,28951,True,False,-250
28965,2021-08-26 11:00:00+00:00,1,2,10,-39.37760113,28976,False,False,-39.37760113
28975,2021-08-26 16:00:00+00:00,-1,1,10,-50.23098993,28986,False,False,-50.23098993
28985,2021-08-26 21:00:00+00:00,1,1,8,46.5494609,28994,False,False,46.5494609
28993,2021-08-27 01:00:00+00:00,-1,1,12,15.2175187,29006,False,False,15.2175187
29005,2021-08-27 07:00:00+00:00,1,1,13,-8.693540718,29019,False,False,-8.693540718
29018,2021-08-27 13:30:00+00:00,-1,1,36,-385.1050145,29022,True,False,-250
29045,2021-08-28 03:00:00+00:00,-1,2,9,0.7452852033,29055,False,False,0.7452852033
29054,2021-08-28 07:30:00+00:00,1,1,25,-56.52950151,29080,False,False,-56.52950151
29072,2021-08-28 16:30:00+00:00,1,2,7,-77.43802838,29080,False,False,-77.43802838
29079,2021-08-28 20:00:00+00:00,-1,1,9,-76.32553129,29089,False,False,-76.32553129
29088,2021-08-29 00:30:00+00:00,1,1,7,-176.2615529,29096,False,False,-176.2615529
29095,2021-08-29 04:00:00+00:00,-1,1,10,-70.16676874,29106,False,False,-70.16676874
29105,2021-08-29 09:00:00+00:00,1,1,10,-40.392187,29116,False,False,-40.392187
29115,2021-08-29 14:00:00+00:00,-1,1,36,81.08511196,29152,False,False,81.08511196
29136,2021-08-30 00:30:00+00:00,-1,2,15,146.6585157,29152,False,False,146.6585157
29151,2021-08-30 08:00:00+00:00,1,1,10,-73.62301214,29162,False,False,-73.62301214
29161,2021-08-30 13:00:00+00:00,-1,1,7,-116.6225227,29169,False,False,-116.6225227
29168,2021-08-30 16:30:00+00:00,1,1,12,-71.63815587,29181,False,False,-71.63815587
29180,2021-08-30 22:30:00+00:00,-1,1,13,157.7178786,29194,False,False,157.7178786
29193,2021-08-31 05:00:00+00:00,1,1,13,157.3761963,29207,False,False,157.3761963
29206,2021-08-31 11:30:00+00:00,-1,1,17,102.0700016,29224,False,False,102.0700016
29223,2021-08-31 20:00:00+00:00,1,1,36,40.6664495,29260,False,False,40.6664495
29240,2021-09-01 04:30:00+00:00,1,2,19,72.24146819,29260,False,False,72.24146819
29259,2021-09-01 14:00:00+00:00,-1,1,62,-436.7969222,29266,True,False,-250
29276,2021-09-01 22:30:00+00:00,-1,2,45,-197.5895941,29283,True,False,-250
29299,2021-09-02 10:00:00+00:00,-1,3,22,51.22499483,29322,False,False,51.22499483
29321,2021-09-02 21:00:00+00:00,1,1,41,201.5010306,29363,False,False,201.5010306
29337,2021-09-03 05:00:00+00:00,1,2,25,168.5670913,29363,False,False,168.5670913
29362,2021-09-03 17:30:00+00:00,-1,1,16,178.8449378,29379,False,False,178.8449378
29378,2021-09-04 01:30:00+00:00,1,1,14,92.20351213,29393,False,False,92.20351213
29392,2021-09-04 08:30:00+00:00,-1,1,11,-21.43184174,29404,False,False,-21.43184174
29403,2021-09-04 14:00:00+00:00,1,1,20,-53.442126,29424,False,False,-53.442126
29415,2021-09-04 20:00:00+00:00,1,2,8,-11.58261177,29424,False,False,-11.58261177
29423,2021-09-05 00:00:00+00:00,-1,1,16,13.7295228,29440,False,False,13.7295228
29439,2021-09-05 08:00:00+00:00,1,1,12,66.10454555,29452,False,False,66.10454555
29451,2021-09-05 14:00:00+00:00,-1,1,36,-319.9761242,29465,True,False,-250
29477,2021-09-06 03:00:00+00:00,-1,2,10,-24.73610789,29488,False,False,-24.73610789
29487,2021-09-06 08:00:00+00:00,1,1,40,156.8188566,29528,False,False,156.8188566
29503,2021-09-06 16:00:00+00:00,1,2,24,196.5161454,29528,False,False,196.5161454
29527,2021-09-07 04:00:00+00:00,-1,1,35,1224.669276,29563,False,False,1224.669276
29562,2021-09-07 21:30:00+00:00,1,1,13,61.61378105,29576,False,False,61.61378105
29575,2021-09-08 04:00:00+00:00,-1,1,13,82.70850898,29589,False,False,82.70850898
29588,2021-09-08 10:30:00+00:00,1,1,10,1.696339226,29599,False,False,1.696339226
29598,2021-09-08 15:30:00+00:00,-1,1,9,-77.95547279,29608,False,False,-77.95547279
29607,2021-09-08 20:00:00+00:00,1,1,29,-80.52894858,29637,False,False,-80.52894858
29626,2021-09-09 05:30:00+00:00,1,2,10,-27.00081701,29637,False,False,-27.00081701
29636,2021-09-09 10:30:00+00:00,-1,1,27,-59.83208052,29642,True,False,-250
29652,2021-09-09 18:30:00+00:00,-1,2,11,85.71703479,29664,False,False,85.71703479
29663,2021-09-10 00:00:00+00:00,1,1,11,18.49762693,29675,False,False,18.49762693
29674,2021-09-10 05:30:00+00:00,-1,1,13,21.78074253,29688,False,False,21.78074253
29687,2021-09-10 12:00:00+00:00,1,1,39,-301.0870996,29692,True,False,-250
29700,2021-09-10 18:30:00+00:00,1,2,26,-186.23141,29707,True,False,-250
29715,2021-09-11 02:00:00+00:00,1,3,11,-93.3742493,29727,False,False,-93.3742493
29726,2021-09-11 07:30:00+00:00,-1,1,39,-75.77449425,29766,False,False,-75.77449425
29744,2021-09-11 16:30:00+00:00,-1,2,21,76.2914938,29766,False,False,76.2914938
29765,2021-09-12 03:00:00+00:00,1,1,10,13.48411643,29776,False,False,13.48411643
29775,2021-09-12 08:00:00+00:00,-1,1,24,-118.6935639,29800,False,False,-118.6935639
29788,2021-09-12 14:30:00+00:00,-1,2,11,7.141301981,29800,False,False,7.141301981
29799,2021-09-12 20:00:00+00:00,1,1,39,-353.1696923,29815,True,False,-250
29807,2021-09-13 00:00:00+00:00,1,2,31,-382.9696378,29813,True,False,-250
29827,2021-09-13 10:00:00+00:00,1,3,11,-54.05588755,29836,True,False,-250
29838,2021-09-13 15:30:00+00:00,-1,1,9,-111.3779961,29848,False,False,-111.3779961
29847,2021-09-13 20:00:00+00:00,1,1,13,65.16729399,29861,False,False,65.16729399
29860,2021-09-14 02:30:00+00:00,-1,1,9,-129.3487027,29870,False,False,-129.3487027
29869,2021-09-14 07:00:00+00:00,1,1,23,179.0158619,29893,False,False,179.0158619
29892,2021-09-14 18:30:00+00:00,-1,1,8,-97.64727912,29901,False,False,-97.64727912
29900,2021-09-14 22:30:00+00:00,1,1,11,39.78277208,29912,False,False,39.78277208
29911,2021-09-15 04:00:00+00:00,-1,1,9,-18.93361177,29921,False,False,-18.93361177
29920,2021-09-15 08:30:00+00:00,1,1,21,183.0470475,29942,False,False,183.0470475
29941,2021-09-15 19:00:00+00:00,-1,1,9,-34.39642688,29951,False,False,-34.39642688
29950,2021-09-15 23:30:00+00:00,1,1,21,-65.53338158,29972,False,False,-65.53338158
29962,2021-09-16 05:30:00+00:00,1,2,9,-95.13518476,29972,False,False,-95.13518476
29971,2021-09-16 10:00:00+00:00,-1,1,13,-17.1594261,29985,False,False,-17.1594261
29984,2021-09-16 16:30:00+00:00,1,1,29,19.91835102,30014,False,False,19.91835102
29998,2021-09-16 23:30:00+00:00,1,2,15,56.41079592,30014,False,False,56.41079592
30013,2021-09-17 07:00:00+00:00,-1,1,17,115.6536779,30031,False,False,115.6536779
30030,2021-09-17 15:30:00+00:00,1,1,37,236.3031137,30068,False,False,236.3031137
30049,2021-09-18 01:00:00+00:00,1,2,18,269.0167602,30068,False,False,269.0167602
30067,2021-09-18 10:00:00+00:00,-1,1,12,43.42174179,30080,False,False,43.42174179
30079,2021-09-18 16:00:00+00:00,1,1,39,-117.6058897,30119,False,False,-117.6058897
30096,2021-09-19 00:30:00+00:00,1,2,22,-37.67023146,30119,False,False,-37.67023146
30107,2021-09-19 06:00:00+00:00,1,3,11,-39.56909308,30119,False,False,-39.56909308
30118,2021-09-19 11:30:00+00:00,-1,1,10,48.12863829,30129,False,False,48.12863829
30128,2021-09-19 16:30:00+00:00,1,1,12,-88.13915688,30141,False,False,-88.13915688
30140,2021-09-19 22:30:00+00:00,-1,1,35,710.2036753,30176,False,False,710.2036753
30175,2021-09-20 16:00:00+00:00,1,1,40,-128.340132,30190,True,False,-250
30199,2021-09-21 04:00:00+00:00,1,2,16,145.72975,30216,False,False,145.72975
30215,2021-09-21 12:00:00+00:00,-1,1,27,271.2965255,30243,False,False,271.2965255
30242,2021-09-22 01:30:00+00:00,1,1,12,34.05954771,30255,False,False,34.05954771
30254,2021-09-22 07:30:00+00:00,-1,1,13,-28.63280317,30268,False,False,-28.63280317
30267,2021-09-22 14:00:00+00:00,1,1,14,250.9062713,30282,False,False,250.9062713
30281,2021-09-22 21:00:00+00:00,-1,1,11,-63.81641051,30293,False,False,-63.81641051
30292,2021-09-23 02:30:00+00:00,1,1,13,38.61734007,30306,False,False,38.61734007
30305,2021-09-23 09:00:00+00:00,-1,1,11,-51.90370139,30317,False,False,-51.90370139
30316,2021-09-23 14:30:00+00:00,1,1,15,127.5006861,30332,False,False,127.5006861
30331,2021-09-23 22:00:00+00:00,-1,1,19,3.598037459,30351,False,False,3.598037459
30350,2021-09-24 07:30:00+00:00,1,1,33,-411.6557489,30354,True,False,-250
30367,2021-09-24 16:00:00+00:00,1,2,16,206.3797915,30384,False,False,206.3797915
30383,2021-09-25 00:00:00+00:00,-1,1,10,12.74632388,30394,False,False,12.74632388
30393,2021-09-25 05:00:00+00:00,1,1,32,-20.71700519,30401,True,False,-250
30416,2021-09-25 16:30:00+00:00,1,2,9,24.55381882,30426,False,False,24.55381882
30425,2021-09-25 21:00:00+00:00,-1,1,20,164.5833651,30446,False,False,164.5833651
30445,2021-09-26 07:00:00+00:00,1,1,19,324.6439628,30447,True,False,-250
30464,2021-09-26 16:30:00+00:00,-1,1,10,-18.70220362,30475,False,False,-18.70220362
30474,2021-09-26 21:30:00+00:00,1,1,19,71.47123031,30494,False,False,71.47123031
30493,2021-09-27 07:00:00+00:00,-1,1,15,30.28024659,30509,False,False,30.28024659
30508,2021-09-27 14:30:00+00:00,1,1,67,-593.4161129,30527,True,False,-250
30524,2021-09-27 22:30:00+00:00,1,2,51,-534.2544298,30527,True,False,-250
30536,2021-09-28 04:30:00+00:00,1,3,39,-405.3566388,30543,True,False,-250
30552,2021-09-28 12:30:00+00:00,1,4,23,-258.1861901,30575,True,False,-250
30567,2021-09-28 20:00:00+00:00,1,5,8,-143.7182863,30576,False,False,-143.7182863
30575,2021-09-29 00:00:00+00:00,-1,1,46,-79.93328817,30583,True,False,-250
30595,2021-09-29 10:00:00+00:00,-1,2,26,209.1812551,30622,False,False,209.1812551
30621,2021-09-29 23:00:00+00:00,1,1,17,490.9807548,30639,False,False,490.9807548
30638,2021-09-30 07:30:00+00:00,-1,1,11,-19.30043584,30650,False,False,-19.30043584
30649,2021-09-30 13:00:00+00:00,1,1,9,-101.6422657,30659,False,False,-101.6422657
30658,2021-09-30 17:30:00+00:00,-1,1,25,-199.7379625,30662,True,False,-250
30674,2021-10-01 01:30:00+00:00,-1,2,9,-65.20034881,30684,False,False,-65.20034881
30683,2021-10-01 06:00:00+00:00,1,1,20,801.0417528,30704,False,False,801.0417528
30703,2021-10-01 16:00:00+00:00,-1,1,10,-160.3662525,30714,False,False,-160.3662525
30713,2021-10-01 21:00:00+00:00,1,1,9,-70.72803656,30723,False,False,-70.72803656
30722,2021-10-02 01:30:00+00:00,-1,1,10,9.705448728,30733,False,False,9.705448728
30732,2021-10-02 06:30:00+00:00,1,1,10,-45.93058415,30743,False,False,-45.93058415
30742,2021-10-02 11:30:00+00:00,-1,1,34,-67.26436181,30777,False,False,-67.26436181
30757,2021-10-02 19:00:00+00:00,-1,2,19,6.679952814,30777,False,False,6.679952814
30766,2021-10-02 23:30:00+00:00,-1,3,10,-11.14404997,30777,False,False,-11.14404997
30776,2021-10-03 04:30:00+00:00,1,1,10,-23.33070761,30787,False,False,-23.33070761
30786,2021-10-03 09:30:00+00:00,-1,1,8,-65.35898447,30795,False,False,-65.35898447
30794,2021-10-03 13:30:00+00:00,1,1,17,-65.06978969,30812,False,False,-65.06978969
30811,2021-10-03 22:00:00+00:00,-1,1,16,-10.43546937,30828,False,False,-10.43546937
30827,2021-10-04 06:00:00+00:00,1,1,10,-33.6080107,30838,False,False,-33.6080107
30837,2021-10-04 11:00:00+00:00,-1,1,37,-357.4676255,30848,True,False,-250
30861,2021-10-04 23:00:00+00:00,-1,2,13,-83.18228103,30875,False,False,-83.18228103
30874,2021-10-05 05:30:00+00:00,1,1,16,120.3663592,30891,False,False,120.3663592
30890,2021-10-05 13:30:00+00:00,-1,1,10,-130.1046916,30901,False,False,-130.1046916
30900,2021-10-05 18:30:00+00:00,1,1,13,148.6327224,30914,False,False,148.6327224
30913,2021-10-06 01:00:00+00:00,-1,1,11,-56.20800272,30925,False,False,-56.20800272
30924,2021-10-06 06:30:00+00:00,1,1,27,666.8625204,30952,False,False,666.8625204
30951,2021-10-06 20:00:00+00:00,-1,1,14,-1.376163362,30966,False,False,-1.376163362
30965,2021-10-07 03:00:00+00:00,1,1,8,-98.97391912,30974,False,False,-98.97391912
30973,2021-10-07 07:00:00+00:00,-1,1,14,-8.921398192,30988,False,False,-8.921398192
30987,2021-10-07 14:00:00+00:00,1,1,11,-87.32466193,30999,False,False,-87.32466193
30998,2021-10-07 19:30:00+00:00,-1,1,13,-41.05519065,31012,False,False,-41.05519065
31011,2021-10-08 02:00:00+00:00,1,1,22,96.08715072,31034,False,False,96.08715072
31033,2021-10-08 13:00:00+00:00,-1,1,12,63.61371393,31046,False,False,63.61371393
31045,2021-10-08 19:00:00+00:00,1,1,9,-105.8222801,31055,False,False,-105.8222801
31054,2021-10-08 23:30:00+00:00,-1,1,9,-121.6481358,31064,False,False,-121.6481358
31063,2021-10-09 04:00:00+00:00,1,1,12,61.07217302,31076,False,False,61.07217302
31075,2021-10-09 10:00:00+00:00,-1,1,8,-58.43464202,31084,False,False,-58.43464202
31083,2021-10-09 14:00:00+00:00,1,1,25,-141.092654,31109,False,False,-141.092654
31101,2021-10-09 23:00:00+00:00,1,2,7,-78.11533635,31109,False,False,-78.11533635
31108,2021-10-10 02:30:00+00:00,-1,1,26,-136.5516074,31113,True,False,-250
31123,2021-10-10 10:00:00+00:00,-1,2,11,-46.27339828,31135,False,False,-46.27339828
31134,2021-10-10 15:30:00+00:00,1,1,13,-73.125126,31145,True,False,-250
31147,2021-10-10 22:00:00+00:00,-1,1,9,-108.6774055,31157,False,False,-108.6774055
31156,2021-10-11 02:30:00+00:00,1,1,14,216.9223827,31171,False,False,216.9223827
31170,2021-10-11 09:30:00+00:00,-1,1,9,-117.902715,31180,False,False,-117.902715
31179,2021-10-11 14:00:00+00:00,1,1,13,7.644611143,31193,False,False,7.644611143
31192,2021-10-11 20:30:00+00:00,-1,1,18,100.0542984,31211,False,False,100.0542984
31210,2021-10-12 05:30:00+00:00,1,1,10,38.37894769,31221,False,False,38.37894769
31220,2021-10-12 10:30:00+00:00,-1,1,23,152.3933761,31244,False,False,152.3933761
31243,2021-10-12 22:00:00+00:00,1,1,12,36.53287326,31256,False,False,36.53287326
31255,2021-10-13 04:00:00+00:00,-1,1,16,189.5739733,31272,False,False,189.5739733
31271,2021-10-13 12:00:00+00:00,1,1,18,320.5410839,31290,False,False,320.5410839
31289,2021-10-13 21:00:00+00:00,-1,1,10,-231.3096894,31299,True,False,-250
31299,2021-10-14 02:00:00+00:00,1,1,9,-65.05294126,31309,False,False,-65.05294126
31308,2021-10-14 06:30:00+00:00,-1,1,10,-13.05573612,31319,False,False,-13.05573612
31318,2021-10-14 11:30:00+00:00,1,1,9,-117.5673388,31328,False,False,-117.5673388
31327,2021-10-14 16:00:00+00:00,-1,1,8,-95.51572018,31336,False,False,-95.51572018
31335,2021-10-14 20:00:00+00:00,1,1,9,-129.2472954,31345,False,False,-129.2472954
31344,2021-10-15 00:30:00+00:00,-1,1,27,-497.4271552,31348,True,False,-250
31361,2021-10-15 09:00:00+00:00,-1,2,10,-172.0549094,31372,False,False,-172.0549094
31371,2021-10-15 14:00:00+00:00,1,1,17,222.4169826,31389,False,False,222.4169826
31388,2021-10-15 22:30:00+00:00,-1,1,11,-55.49792023,31400,False,False,-55.49792023
31399,2021-10-16 04:00:00+00:00,1,1,10,-16.34189701,31410,False,False,-16.34189701
31409,2021-10-16 09:00:00+00:00,-1,1,20,73.7986455,31430,False,False,73.7986455
31429,2021-10-16 19:00:00+00:00,1,1,8,-51.93950594,31438,False,False,-51.93950594
31437,2021-10-16 23:00:00+00:00,-1,1,22,-74.09704968,31460,False,False,-74.09704968
31450,2021-10-17 05:30:00+00:00,-1,2,9,-74.81984129,31460,False,False,-74.81984129
31459,2021-10-17 10:00:00+00:00,1,1,9,-72.88400447,31469,False,False,-72.88400447
31468,2021-10-17 14:30:00+00:00,-1,1,9,-28.90727411,31478,False,False,-28.90727411
31477,2021-10-17 19:00:00+00:00,1,1,23,209.5933934,31480,True,False,-250
31486,2021-10-17 23:30:00+00:00,1,2,14,156.3843648,31501,False,False,156.3843648
31500,2021-10-18 06:30:00+00:00,-1,1,16,26.22516263,31517,False,False,26.22516263
31516,2021-10-18 14:30:00+00:00,1,1,11,-105.2779806,31519,True,False,-250
31527,2021-10-18 20:00:00+00:00,-1,1,8,-97.91140997,31536,False,False,-97.91140997
31535,2021-10-19 00:00:00+00:00,1,1,15,16.56373725,31551,False,False,16.56373725
31550,2021-10-19 07:30:00+00:00,-1,1,11,-14.33729608,31562,False,False,-14.33729608
31561,2021-10-19 13:00:00+00:00,1,1,22,333.6341045,31584,False,False,333.6341045
31583,2021-10-20 00:00:00+00:00,-1,1,11,57.51514416,31595,False,False,57.51514416
31594,2021-10-20 05:30:00+00:00,1,1,12,-12.90514779,31607,False,False,-12.90514779
31606,2021-10-20 11:30:00+00:00,-1,1,36,-184.0576531,31611,True,False,-250
31624,2021-10-20 20:30:00+00:00,-1,2,18,102.0659866,31643,False,False,102.0659866
31642,2021-10-21 05:30:00+00:00,1,1,14,-24.9719867,31657,False,False,-24.9719867
31656,2021-10-21 12:30:00+00:00,-1,1,15,309.7011513,31672,False,False,309.7011513
31671,2021-10-21 20:00:00+00:00,1,1,11,23.24525462,31683,False,False,23.24525462
31682,2021-10-22 01:30:00+00:00,-1,1,38,335.9156715,31721,False,False,335.9156715
31707,2021-10-22 14:00:00+00:00,-1,2,13,243.2628737,31721,False,False,243.2628737
31720,2021-10-22 20:30:00+00:00,1,1,14,34.91510197,31735,False,False,34.91510197
31734,2021-10-23 03:30:00+00:00,-1,1,17,-78.40393704,31752,False,False,-78.40393704
31751,2021-10-23 12:00:00+00:00,1,1,10,-64.79286557,31762,False,False,-64.79286557
31761,2021-10-23 17:00:00+00:00,-1,1,12,20.52411715,31774,False,False,20.52411715
31773,2021-10-23 23:00:00+00:00,1,1,63,141.1673914,31837,False,False,141.1673914
31796,2021-10-24 10:30:00+00:00,1,2,40,151.4349582,31837,False,False,151.4349582
31812,2021-10-24 18:30:00+00:00,1,3,24,315.7078059,31837,False,False,315.7078059
31836,2021-10-25 06:30:00+00:00,-1,1,34,-198.5333809,31854,True,False,-250
31860,2021-10-25 18:30:00+00:00,-1,2,10,-25.01243952,31871,False,False,-25.01243952
31870,2021-10-25 23:30:00+00:00,1,1,8,-73.84569856,31879,False,False,-73.84569856
31878,2021-10-26 03:30:00+00:00,-1,1,11,-28.76818081,31890,False,False,-28.76818081
31889,2021-10-26 09:00:00+00:00,1,1,9,-58.46781509,31899,False,False,-58.46781509
31898,2021-10-26 13:30:00+00:00,-1,1,10,-5.679627091,31909,False,False,-5.679627091
31908,2021-10-26 18:30:00+00:00,1,1,28,-552.7997482,31915,True,False,-250
31927,2021-10-27 04:00:00+00:00,1,2,9,-271.7155642,31936,True,False,-250
31936,2021-10-27 08:30:00+00:00,-1,1,12,39.24020557,31949,False,False,39.24020557
31948,2021-10-27 14:30:00+00:00,1,1,11,54.78308977,31960,False,False,54.78308977
31959,2021-10-27 20:00:00+00:00,-1,1,13,73.72043523,31973,False,False,73.72043523
31972,2021-10-28 02:30:00+00:00,1,1,27,423.0639112,32000,False,False,423.0639112
31999,2021-10-28 16:00:00+00:00,-1,1,10,-36.32459076,32010,False,False,-36.32459076
32009,2021-10-28 21:00:00+00:00,1,1,18,-67.40655267,32028,False,False,-67.40655267
32027,2021-10-29 06:00:00+00:00,-1,1,11,-5.400396619,32039,False,False,-5.400396619
32038,2021-10-29 11:30:00+00:00,1,1,17,253.3522884,32056,False,False,253.3522884
32055,2021-10-29 20:00:00+00:00,-1,1,23,139.4319071,32079,False,False,139.4319071
32078,2021-10-30 07:30:00+00:00,1,1,31,-26.43668437,32110,False,False,-26.43668437
32101,2021-10-30 19:00:00+00:00,1,2,8,-9.816639716,32110,False,False,-9.816639716
32109,2021-10-30 23:00:00+00:00,-1,1,31,147.6867847,32141,False,False,147.6867847
32119,2021-10-31 04:00:00+00:00,-1,2,21,180.2549013,32141,False,False,180.2549013
32140,2021-10-31 14:30:00+00:00,1,1,24,-62.70310639,32165,False,False,-62.70310639
32164,2021-11-01 02:30:00+00:00,-1,1,10,-298.6373444,32174,True,False,-250
32174,2021-11-01 07:30:00+00:00,1,1,12,-19.32495924,32187,False,False,-19.32495924
32186,2021-11-01 13:30:00+00:00,-1,1,14,155.7887387,32201,False,False,155.7887387
32200,2021-11-01 20:30:00+00:00,1,1,14,16.64900888,32215,False,False,16.64900888
32214,2021-11-02 03:30:00+00:00,-1,1,42,-311.9996712,32227,True,False,-250
32241,2021-11-02 17:00:00+00:00,-1,2,15,114.9820976,32257,False,False,114.9820976
32256,2021-11-03 00:30:00+00:00,1,1,9,-21.9020237,32266,False,False,-21.9020237
32265,2021-11-03 05:00:00+00:00,-1,1,26,48.84183467,32292,False,False,48.84183467
32291,2021-11-03 18:00:00+00:00,1,1,12,66.98595508,32292,True,False,-250
32303,2021-11-04 00:00:00+00:00,-1,1,12,83.32779944,32316,False,False,83.32779944
32315,2021-11-04 06:00:00+00:00,1,1,39,-205.346385,32334,True,False,-250
32331,2021-11-04 14:00:00+00:00,1,2,23,-160.8533182,32355,False,False,-160.8533182
32345,2021-11-04 21:00:00+00:00,1,3,9,-38.98604671,32355,False,False,-38.98604671
32354,2021-11-05 01:30:00+00:00,-1,1,27,-25.17211577,32382,False,False,-25.17211577
32368,2021-11-05 08:30:00+00:00,-1,2,13,122.3772956,32382,False,False,122.3772956
32381,2021-11-05 15:00:00+00:00,1,1,18,-46.46372227,32400,False,False,-46.46372227
32399,2021-11-06 00:00:00+00:00,-1,1,31,57.2988643,32431,False,False,57.2988643
32430,2021-11-06 15:30:00+00:00,1,1,31,200.7711352,32462,False,False,200.7711352
32461,2021-11-07 07:00:00+00:00,-1,1,8,-16.3761766,32470,False,False,-16.3761766
32469,2021-11-07 11:00:00+00:00,1,1,10,3.619037784,32480,False,False,3.619037784
32479,2021-11-07 16:00:00+00:00,-1,1,48,-713.5715464,32496,True,False,-250
32511,2021-11-08 08:00:00+00:00,-1,2,16,-67.74895646,32528,False,False,-67.74895646
32527,2021-11-08 16:00:00+00:00,1,1,10,-51.85745778,32538,False,False,-51.85745778
32537,2021-11-08 21:00:00+00:00,-1,1,35,-259.1588702,32542,True,False,-250
32556,2021-11-09 06:30:00+00:00,-1,2,16,38.57909044,32573,False,False,38.57909044
32572,2021-11-09 14:30:00+00:00,1,1,22,-87.68233041,32595,False,False,-87.68233041
32585,2021-11-09 21:00:00+00:00,1,2,9,-25.80157354,32595,False,False,-25.80157354
32594,2021-11-10 01:30:00+00:00,-1,1,13,109.404993,32608,False,False,109.404993
32607,2021-11-10 08:00:00+00:00,1,1,10,-11.79154972,32618,False,False,-11.79154972
32617,2021-11-10 13:00:00+00:00,-1,1,28,280.1859712,32620,True,False,-250
32631,2021-11-10 20:00:00+00:00,-1,2,14,319.222915,32646,False,False,319.222915
32645,2021-11-11 03:00:00+00:00,1,1,14,138.5784124,32660,False,False,138.5784124
32659,2021-11-11 10:00:00+00:00,-1,1,13,76.86645934,32673,False,False,76.86645934
32672,2021-11-11 16:30:00+00:00,1,1,15,-20.43724332,32688,False,False,-20.43724332
32687,2021-11-12 00:00:00+00:00,-1,1,37,120.3260787,32725,False,False,120.3260787
32724,2021-11-12 18:30:00+00:00,1,1,11,21.34410522,32736,False,False,21.34410522
32735,2021-11-13 00:00:00+00:00,-1,1,15,46.30011461,32751,False,False,46.30011461
32750,2021-11-13 07:30:00+00:00,1,1,7,-15.44720617,32758,False,False,-15.44720617
32757,2021-11-13 11:00:00+00:00,-1,1,27,-237.3156394,32784,True,False,-250
32775,2021-11-13 20:00:00+00:00,-1,2,9,-204.1186502,32785,False,False,-204.1186502
32784,2021-11-14 00:30:00+00:00,1,1,10,-96.2342968,32795,False,False,-96.2342968
32794,2021-11-14 05:30:00+00:00,-1,1,14,32.53627606,32809,False,False,32.53627606
32808,2021-11-14 12:30:00+00:00,1,1,34,222.0505341,32843,False,False,222.0505341
32825,2021-11-14 21:00:00+00:00,1,2,17,252.5619514,32843,False,False,252.5619514
32842,2021-11-15 05:30:00+00:00,-1,1,10,13.213454,32853,False,False,13.213454
32852,2021-11-15 10:30:00+00:00,1,1,62,-784.1500648,32864,True,False,-250
32874,2021-11-15 21:30:00+00:00,1,2,40,-505.5040118,32882,True,False,-250
32896,2021-11-16 08:30:00+00:00,1,3,18,-26.50623268,32900,True,False,-250
32914,2021-11-16 17:30:00+00:00,-1,1,10,-45.38511762,32925,False,False,-45.38511762
32924,2021-11-16 22:30:00+00:00,1,1,34,-230.8017154,32931,True,False,-250
32941,2021-11-17 07:00:00+00:00,1,2,17,-26.23585201,32959,False,False,-26.23585201
32958,2021-11-17 15:30:00+00:00,-1,1,7,-170.6730935,32966,False,False,-170.6730935
32965,2021-11-17 19:00:00+00:00,1,1,19,-112.4733389,32985,False,False,-112.4733389
32984,2021-11-18 04:30:00+00:00,-1,1,14,1.787313983,32999,False,False,1.787313983
32998,2021-11-18 11:30:00+00:00,1,1,64,-311.9127795,33006,True,False,-250
33017,2021-11-18 21:00:00+00:00,1,2,45,-13.59686334,33021,True,False,-250
33037,2021-11-19 07:00:00+00:00,1,3,25,287.4308298,33063,False,False,287.4308298
33062,2021-11-19 19:30:00+00:00,-1,1,10,-95.87896676,33073,False,False,-95.87896676
33072,2021-11-20 00:30:00+00:00,1,1,10,-5.009405886,33083,False,False,-5.009405886
33082,2021-11-20 05:30:00+00:00,-1,1,11,-17.90434492,33094,False,False,-17.90434492
33093,2021-11-20 11:00:00+00:00,1,1,8,-22.21279685,33102,False,False,-22.21279685
33101,2021-11-20 15:00:00+00:00,-1,1,8,-180.5297316,33110,False,False,-180.5297316
33109,2021-11-20 19:00:00+00:00,1,1,13,-17.1288774,33123,False,False,-17.1288774
33122,2021-11-21 01:30:00+00:00,-1,1,12,41.42399814,33135,False,False,41.42399814
33134,2021-11-21 07:30:00+00:00,1,1,9,-63.64483473,33144,False,False,-63.64483473
33143,2021-11-21 12:00:00+00:00,-1,1,38,238.102531,33182,False,False,238.102531
33162,2021-11-21 21:30:00+00:00,-1,2,19,377.868233,33182,False,False,377.868233
33181,2021-11-22 07:00:00+00:00,1,1,12,-26.76294564,33194,False,False,-26.76294564
33193,2021-11-22 13:00:00+00:00,-1,1,22,162.4278356,33195,True,False,-250
33203,2021-11-22 18:00:00+00:00,-1,2,12,203.9027537,33216,False,False,203.9027537
33215,2021-11-23 00:00:00+00:00,1,1,12,52.51422256,33228,False,False,52.51422256
33227,2021-11-23 06:00:00+00:00,-1,1,10,29.27922315,33238,False,False,29.27922315
33237,2021-11-23 11:00:00+00:00,1,1,16,181.3158539,33254,False,False,181.3158539
33253,2021-11-23 19:00:00+00:00,-1,1,24,142.3500494,33278,False,False,142.3500494
33277,2021-11-24 07:00:00+00:00,1,1,10,6.072169805,33288,False,False,6.072169805
33287,2021-11-24 12:00:00+00:00,-1,1,10,2.566485477,33298,False,False,2.566485477
33297,2021-11-24 17:00:00+00:00,1,1,14,93.64250414,33312,False,False,93.64250414
33311,2021-11-25 00:00:00+00:00,-1,1,17,-97.73096313,33329,False,False,-97.73096313
33320,2021-11-25 04:30:00+00:00,-1,2,8,-59.42822809,33329,False,False,-59.42822809
33328,2021-11-25 08:30:00+00:00,1,1,21,249.9155088,33350,False,False,249.9155088
33349,2021-11-25 19:00:00+00:00,-1,1,10,28.01052279,33360,False,False,28.01052279
33359,2021-11-26 00:00:00+00:00,1,1,42,-750.3870866,33370,True,False,-250
33389,2021-11-26 15:00:00+00:00,1,2,12,-17.08230124,33402,False,False,-17.08230124
33401,2021-11-26 21:00:00+00:00,-1,1,10,72.01171624,33412,False,False,72.01171624
33411,2021-11-27 02:00:00+00:00,1,1,10,19.18271024,33422,False,False,19.18271024
33421,2021-11-27 07:00:00+00:00,-1,1,35,-49.70698025,33457,False,False,-49.70698025
33432,2021-11-27 12:30:00+00:00,-1,2,24,19.96993808,33457,False,False,19.96993808
33456,2021-11-28 00:30:00+00:00,1,1,20,-38.54246857,33477,False,False,-38.54246857
33468,2021-11-28 06:30:00+00:00,1,2,8,-17.31751221,33477,False,False,-17.31751221
33476,2021-11-28 10:30:00+00:00,-1,1,19,-63.48196392,33496,False,False,-63.48196392
33495,2021-11-28 20:00:00+00:00,1,1,17,486.759392,33513,False,False,486.759392
33512,2021-11-29 04:30:00+00:00,-1,1,13,21.98066601,33526,False,False,21.98066601
33525,2021-11-29 11:00:00+00:00,1,1,22,189.6105603,33548,False,False,189.6105603
33547,2021-11-29 22:00:00+00:00,-1,1,22,259.4574202,33570,False,False,259.4574202
33569,2021-11-30 09:00:00+00:00,1,1,16,3.51402264,33586,False,False,3.51402264
33585,2021-11-30 17:00:00+00:00,-1,1,12,-91.58592181,33589,True,False,-250
33597,2021-11-30 23:00:00+00:00,1,1,9,-32.44255107,33607,False,False,-32.44255107
33606,2021-12-01 03:30:00+00:00,-1,1,10,-86.3786457,33617,False,False,-86.3786457
33616,2021-12-01 08:30:00+00:00,1,1,21,-30.94414598,33638,False,False,-30.94414598
33637,2021-12-01 19:00:00+00:00,-1,1,12,69.75387781,33650,False,False,69.75387781
33649,2021-12-02 01:00:00+00:00,1,1,8,-93.0983414,33658,False,False,-93.0983414
33657,2021-12-02 05:00:00+00:00,-1,1,20,-109.1239678,33678,False,False,-109.1239678
33677,2021-12-02 15:00:00+00:00,1,1,17,-99.36240518,33695,False,False,-99.36240518
33694,2021-12-02 23:30:00+00:00,-1,1,12,15.4733792,33707,False,False,15.4733792
33706,2021-12-03 05:30:00+00:00,1,1,9,64.90625213,33716,False,False,64.90625213
33715,2021-12-03 10:00:00+00:00,-1,1,29,584.7696023,33745,False,False,584.7696023
33744,2021-12-04 00:30:00+00:00,1,1,36,-924.1560904,33751,True,False,-250
33767,2021-12-04 12:00:00+00:00,1,2,13,427.5773599,33781,False,False,427.5773599
33780,2021-12-04 18:30:00+00:00,-1,1,18,-126.8510037,33799,False,False,-126.8510037
33798,2021-12-05 03:30:00+00:00,1,1,12,-10.48778248,33811,False,False,-10.48778248
33810,2021-12-05 09:30:00+00:00,-1,1,8,-27.2834367,33819,False,False,-27.2834367
33818,2021-12-05 13:30:00+00:00,1,1,23,-91.85843993,33823,True,False,-250
33828,2021-12-05 18:30:00+00:00,1,2,13,-78.811912,33842,False,False,-78.811912
33841,2021-12-06 01:00:00+00:00,-1,1,7,-92.36198017,33849,False,False,-92.36198017
33848,2021-12-06 04:30:00+00:00,1,1,32,-18.23476962,33854,True,False,-250
33865,2021-12-06 13:00:00+00:00,1,2,15,135.718166,33881,False,False,135.718166
33880,2021-12-06 20:30:00+00:00,-1,1,57,-317.3601444,33883,True,False,-250
33899,2021-12-07 06:00:00+00:00,-1,2,38,39.6710003,33938,False,False,39.6710003
33937,2021-12-08 01:00:00+00:00,1,1,8,-84.85481266,33946,False,False,-84.85481266
33945,2021-12-08 05:00:00+00:00,-1,1,20,-91.14415177,33966,False,False,-91.14415177
33965,2021-12-08 15:00:00+00:00,1,1,13,-29.06477653,33979,False,False,-29.06477653
33978,2021-12-08 21:30:00+00:00,-1,1,18,176.4194337,33997,False,False,176.4194337
33996,2021-12-09 06:30:00+00:00,1,1,46,-304.5350706,34014,True,False,-250
34028,2021-12-09 22:30:00+00:00,1,2,14,11.51344636,34043,False,False,11.51344636
34042,2021-12-10 05:30:00+00:00,-1,1,10,-16.20021761,34053,False,False,-16.20021761
34052,2021-12-10 10:30:00+00:00,1,1,11,-67.8733219,34064,False,False,-67.8733219
34063,2021-12-10 16:00:00+00:00,-1,1,11,-75.46658636,34075,False,False,-75.46658636
34074,2021-12-10 21:30:00+00:00,1,1,19,-58.9600811,34079,True,False,-250
34093,2021-12-11 07:00:00+00:00,-1,1,8,-75.95937015,34102,False,False,-75.95937015
34101,2021-12-11 11:00:00+00:00,1,1,17,70.21805718,34119,False,False,70.21805718
34118,2021-12-11 19:30:00+00:00,-1,1,8,-129.7862685,34127,False,False,-129.7862685
34126,2021-12-11 23:30:00+00:00,1,1,10,-31.20290288,34137,False,False,-31.20290288
34136,2021-12-12 04:30:00+00:00,-1,1,9,49.8465736,34146,False,False,49.8465736
34145,2021-12-12 09:00:00+00:00,1,1,25,251.6794001,34171,False,False,251.6794001
34170,2021-12-12 21:30:00+00:00,-1,1,17,194.0940651,34188,False,False,194.0940651
34187,2021-12-13 06:00:00+00:00,1,1,11,-95.30659771,34199,False,False,-95.30659771
34198,2021-12-13 11:30:00+00:00,-1,1,22,349.1792415,34221,False,False,349.1792415
34220,2021-12-13 22:30:00+00:00,1,1,13,-15.61437423,34234,False,False,-15.61437423
34233,2021-12-14 05:00:00+00:00,-1,1,8,-108.8653154,34242,False,False,-108.8653154
34241,2021-12-14 09:00:00+00:00,1,1,12,-44.60568536,34254,False,False,-44.60568536
34253,2021-12-14 15:00:00+00:00,-1,1,12,-102.7285135,34266,False,False,-102.7285135
34265,2021-12-14 21:00:00+00:00,1,1,11,31.96217011,34277,False,False,31.96217011
34276,2021-12-15 02:30:00+00:00,-1,1,12,-127.3120486,34289,False,False,-127.3120486
34288,2021-12-15 08:30:00+00:00,1,1,8,-55.90568109,34297,False,False,-55.90568109
34296,2021-12-15 12:30:00+00:00,-1,1,13,95.17719193,34310,False,False,95.17719193
34309,2021-12-15 19:00:00+00:00,1,1,13,232.9430842,34323,False,False,232.9430842
34322,2021-12-16 01:30:00+00:00,-1,1,12,-10.06876715,34335,False,False,-10.06876715
34334,2021-12-16 07:30:00+00:00,1,1,12,-37.08306807,34347,False,False,-37.08306807
34346,2021-12-16 13:30:00+00:00,-1,1,16,142.125663,34363,False,False,142.125663
34362,2021-12-16 21:30:00+00:00,1,1,12,-71.75381827,34375,False,False,-71.75381827
34374,2021-12-17 03:30:00+00:00,-1,1,18,108.6807262,34393,False,False,108.6807262
34392,2021-12-17 12:30:00+00:00,1,1,51,-129.0927426,34397,True,False,-250
34424,2021-12-18 04:30:00+00:00,1,2,19,68.8738834,34444,False,False,68.8738834
34443,2021-12-18 14:00:00+00:00,-1,1,15,-50.94671531,34459,False,False,-50.94671531
34458,2021-12-18 21:30:00+00:00,1,1,8,-83.79180418,34467,False,False,-83.79180418
34466,2021-12-19 01:30:00+00:00,-1,1,26,-176.7350734,34470,True,False,-250
34480,2021-12-19 08:30:00+00:00,-1,2,12,48.15916463,34493,False,False,48.15916463
34492,2021-12-19 14:30:00+00:00,1,1,8,-69.15559449,34501,False,False,-69.15559449
34500,2021-12-19 18:30:00+00:00,-1,1,10,-11.40008884,34511,False,False,-11.40008884
34510,2021-12-19 23:30:00+00:00,1,1,51,-48.06779538,34531,True,False,-250
34541,2021-12-20 15:00:00+00:00,1,2,20,102.8554162,34562,False,False,102.8554162
34561,2021-12-21 01:00:00+00:00,-1,1,34,-392.7061053,34567,True,False,-250
34580,2021-12-21 10:30:00+00:00,-1,2,15,16.65949092,34596,False,False,16.65949092
34595,2021-12-21 18:00:00+00:00,1,1,15,44.40899691,34611,False,False,44.40899691
34610,2021-12-22 01:30:00+00:00,-1,1,30,-32.66832897,34641,False,False,-32.66832897
34640,2021-12-22 16:30:00+00:00,1,1,14,-42.10636252,34655,False,False,-42.10636252
34654,2021-12-22 23:30:00+00:00,-1,1,11,87.40593707,34666,False,False,87.40593707
34665,2021-12-23 05:00:00+00:00,1,1,39,505.1378002,34705,False,False,505.1378002
34704,2021-12-24 00:30:00+00:00,-1,1,14,-47.88654373,34719,False,False,-47.88654373
34718,2021-12-24 07:30:00+00:00,1,1,10,-23.32503298,34729,False,False,-23.32503298
34728,2021-12-24 12:30:00+00:00,-1,1,11,-40.61498031,34740,False,False,-40.61498031
34739,2021-12-24 18:00:00+00:00,1,1,8,-44.74651136,34748,False,False,-44.74651136
34747,2021-12-24 22:00:00+00:00,-1,1,9,-34.35220532,34757,False,False,-34.35220532
34756,2021-12-25 02:30:00+00:00,1,1,13,-35.823269,34770,False,False,-35.823269
34769,2021-12-25 09:00:00+00:00,-1,1,9,25.001507,34779,False,False,25.001507
34778,2021-12-25 13:30:00+00:00,1,1,19,-35.71934742,34798,False,False,-35.71934742
34797,2021-12-25 23:00:00+00:00,-1,1,17,140.6297968,34815,False,False,140.6297968
34814,2021-12-26 07:30:00+00:00,1,1,11,-0.9958269441,34826,False,False,-0.9958269441
34825,2021-12-26 13:00:00+00:00,-1,1,46,-178.7056167,34845,True,False,-250
34851,2021-12-27 02:00:00+00:00,-1,2,20,2.287099029,34872,False,False,2.287099029
34871,2021-12-27 12:00:00+00:00,1,1,16,81.68110704,34888,False,False,81.68110704
34887,2021-12-27 20:00:00+00:00,-1,1,24,383.4173013,34912,False,False,383.4173013
34911,2021-12-28 08:00:00+00:00,1,1,11,-17.44285688,34923,False,False,-17.44285688
34922,2021-12-28 13:30:00+00:00,-1,1,19,296.7863302,34942,False,False,296.7863302
34941,2021-12-28 23:00:00+00:00,1,1,13,27.48335486,34955,False,False,27.48335486
34954,2021-12-29 05:30:00+00:00,-1,1,11,30.80737654,34966,False,False,30.80737654
34965,2021-12-29 11:00:00+00:00,1,1,18,-109.916381,34984,False,False,-109.916381
34974,2021-12-29 15:30:00+00:00,1,2,9,-139.6059121,34984,False,False,-139.6059121
34983,2021-12-29 20:00:00+00:00,-1,1,16,139.0592267,35000,False,False,139.0592267
34999,2021-12-30 04:00:00+00:00,1,1,12,57.60408796,35012,False,False,57.60408796
35011,2021-12-30 10:00:00+00:00,-1,1,35,-81.72402742,35047,False,False,-81.72402742
35024,2021-12-30 16:30:00+00:00,-1,2,22,15.59206219,35047,False,False,15.59206219
35033,2021-12-30 21:00:00+00:00,-1,3,13,18.31419642,35047,False,False,18.31419642
35046,2021-12-31 03:30:00+00:00,1,1,20,176.5350059,35067,False,False,176.5350059
35066,2021-12-31 13:30:00+00:00,-1,1,20,336.7530786,35087,False,False,336.7530786
35086,2021-12-31 23:30:00+00:00,1,1,15,130.8549108,35102,False,False,130.8549108
35101,2022-01-01 07:00:00+00:00,-1,1,13,-13.94885392,35115,False,False,-13.94885392
35114,2022-01-01 13:30:00+00:00,1,1,15,84.93483801,35130,False,False,84.93483801
35129,2022-01-01 21:00:00+00:00,-1,1,8,-45.09117827,35138,False,False,-45.09117827
35137,2022-01-02 01:00:00+00:00,1,1,25,-86.92386136,35163,False,False,-86.92386136
35152,2022-01-02 08:30:00+00:00,1,2,10,14.12555721,35163,False,False,14.12555721
35162,2022-01-02 13:30:00+00:00,-1,1,20,-38.54706908,35183,False,False,-38.54706908
35182,2022-01-02 23:30:00+00:00,1,1,31,-118.8512967,35214,False,False,-118.8512967
35198,2022-01-03 07:30:00+00:00,1,2,15,-22.95092228,35214,False,False,-22.95092228
35213,2022-01-03 15:00:00+00:00,-1,1,17,94.40486842,35231,False,False,94.40486842
35230,2022-01-03 23:30:00+00:00,1,1,11,-68.27289944,35242,False,False,-68.27289944
35241,2022-01-04 05:00:00+00:00,-1,1,39,16.07932903,35261,True,False,-250
35266,2022-01-04 17:30:00+00:00,-1,2,14,166.913552,35281,False,False,166.913552
35280,2022-01-05 00:30:00+00:00,1,1,12,63.28682161,35293,False,False,63.28682161
35292,2022-01-05 06:30:00+00:00,-1,1,9,-109.9507252,35302,False,False,-109.9507252
35301,2022-01-05 11:00:00+00:00,1,1,45,-879.593535,35316,True,False,-250
35332,2022-01-06 02:30:00+00:00,1,2,14,-118.4259935,35347,False,False,-118.4259935
35346,2022-01-06 09:30:00+00:00,-1,1,9,-100.9925762,35356,False,False,-100.9925762
35355,2022-01-06 14:00:00+00:00,1,1,16,-2.260009582,35372,False,False,-2.260009582
35371,2022-01-06 22:00:00+00:00,-1,1,22,244.9778191,35394,False,False,244.9778191
35393,2022-01-07 09:00:00+00:00,1,1,11,-48.63692313,35405,False,False,-48.63692313
35404,2022-01-07 14:30:00+00:00,-1,1,10,38.06508609,35415,False,False,38.06508609
35414,2022-01-07 19:30:00+00:00,1,1,9,-32.19293899,35424,False,False,-32.19293899
35423,2022-01-08 00:00:00+00:00,-1,1,44,-51.0838635,35468,False,False,-51.0838635
35447,2022-01-08 12:00:00+00:00,-1,2,20,41.04491395,35468,False,False,41.04491395
35467,2022-01-08 22:00:00+00:00,1,1,13,48.235043,35481,False,False,48.235043
35480,2022-01-09 04:30:00+00:00,-1,1,14,38.17512882,35495,False,False,38.17512882
35494,2022-01-09 11:30:00+00:00,1,1,8,-74.98376181,35503,False,False,-74.98376181
35502,2022-01-09 15:30:00+00:00,-1,1,26,-151.6087611,35510,True,False,-250
35518,2022-01-09 23:30:00+00:00,-1,2,10,-66.54316612,35529,False,False,-66.54316612
35528,2022-01-10 04:30:00+00:00,1,1,10,-61.599918,35539,False,False,-61.599918
35538,2022-01-10 09:30:00+00:00,-1,1,15,-6.911528142,35554,False,False,-6.911528142
35553,2022-01-10 17:00:00+00:00,1,1,15,-54.03253069,35555,True,False,-250
35568,2022-01-11 00:30:00+00:00,-1,1,31,-14.79526619,35600,False,False,-14.79526619
35585,2022-01-11 09:00:00+00:00,-1,2,14,63.23249724,35600,False,False,63.23249724
35599,2022-01-11 16:00:00+00:00,1,1,13,217.0383292,35613,False,False,217.0383292
35612,2022-01-11 22:30:00+00:00,-1,1,13,2.398208587,35626,False,False,2.398208587
35625,2022-01-12 05:00:00+00:00,1,1,8,-8.160085878,35634,False,False,-8.160085878
35633,2022-01-12 09:00:00+00:00,-1,1,29,-308.7336586,35643,True,False,-250
35652,2022-01-12 18:30:00+00:00,-1,2,10,-21.24365736,35663,False,False,-21.24365736
35662,2022-01-12 23:30:00+00:00,1,1,25,-70.28190618,35688,False,False,-70.28190618
35675,2022-01-13 06:00:00+00:00,1,2,12,-21.53374825,35688,False,False,-21.53374825
35687,2022-01-13 12:00:00+00:00,-1,1,22,233.5354258,35710,False,False,233.5354258
35709,2022-01-13 23:00:00+00:00,1,1,18,17.83098592,35728,False,False,17.83098592
35727,2022-01-14 08:00:00+00:00,-1,1,14,-80.49496719,35742,False,False,-80.49496719
35741,2022-01-14 15:00:00+00:00,1,1,12,28.81252865,35754,False,False,28.81252865
35753,2022-01-14 21:00:00+00:00,-1,1,13,2.686388171,35767,False,False,2.686388171
35766,2022-01-15 03:30:00+00:00,1,1,13,-7.472437995,35780,False,False,-7.472437995
35779,2022-01-15 10:00:00+00:00,-1,1,38,7.661322225,35818,False,False,7.661322225
35803,2022-01-15 22:00:00+00:00,-1,2,14,64.44434345,35818,False,False,64.44434345
35817,2022-01-16 05:00:00+00:00,1,1,11,30.35996117,35829,False,False,30.35996117
35828,2022-01-16 10:30:00+00:00,-1,1,9,-33.60160602,35838,False,False,-33.60160602
35837,2022-01-16 15:00:00+00:00,1,1,9,-84.77131794,35847,False,False,-84.77131794
35846,2022-01-16 19:30:00+00:00,-1,1,9,-28.85626481,35856,False,False,-28.85626481
35855,2022-01-17 00:00:00+00:00,1,1,26,-118.872607,35882,False,False,-118.872607
35871,2022-01-17 08:00:00+00:00,1,2,10,-24.91969436,35882,False,False,-24.91969436
35881,2022-01-17 13:00:00+00:00,-1,1,21,90.19237204,35903,False,False,90.19237204
35902,2022-01-17 23:30:00+00:00,1,1,10,-55.39225617,35913,False,False,-55.39225617
35912,2022-01-18 04:30:00+00:00,-1,1,15,21.1037321,35928,False,False,21.1037321
35927,2022-01-18 12:00:00+00:00,1,1,30,112.9003104,35958,False,False,112.9003104
35937,2022-01-18 17:00:00+00:00,1,2,20,146.2241596,35958,False,False,146.2241596
35957,2022-01-19 03:00:00+00:00,-1,1,15,193.5889523,35973,False,False,193.5889523
35972,2022-01-19 10:30:00+00:00,1,1,13,98.19125553,35986,False,False,98.19125553
35985,2022-01-19 17:00:00+00:00,-1,1,13,29.10513685,35999,False,False,29.10513685
35998,2022-01-19 23:30:00+00:00,1,1,12,-1.822139134,36011,False,False,-1.822139134
36010,2022-01-20 05:30:00+00:00,-1,1,10,-75.85259126,36021,False,False,-75.85259126
36020,2022-01-20 10:30:00+00:00,1,1,19,194.6544039,36040,False,False,194.6544039
36039,2022-01-20 20:00:00+00:00,-1,1,22,994.545568,36062,False,False,994.545568
36061,2022-01-21 07:00:00+00:00,1,1,11,-45.53853918,36073,False,False,-45.53853918
36072,2022-01-21 12:30:00+00:00,-1,1,9,-53.38562635,36082,False,False,-53.38562635
36081,2022-01-21 17:00:00+00:00,1,1,68,-983.6787272,36088,True,False,-250
36103,2022-01-22 04:00:00+00:00,1,2,46,-396.8254187,36109,True,False,-250
36121,2022-01-22 13:00:00+00:00,1,3,28,-238.1589735,36127,True,False,-250
36138,2022-01-22 21:30:00+00:00,1,4,11,-81.36906941,36150,False,False,-81.36906941
36149,2022-01-23 03:00:00+00:00,-1,1,8,-106.1747795,36158,False,False,-106.1747795
36157,2022-01-23 07:00:00+00:00,1,1,12,158.7769637,36170,False,False,158.7769637
36169,2022-01-23 13:00:00+00:00,-1,1,16,148.3689463,36186,False,False,148.3689463
36185,2022-01-23 21:00:00+00:00,1,1,12,-29.80055527,36198,False,False,-29.80055527
36197,2022-01-24 03:00:00+00:00,-1,1,26,269.5408522,36214,True,False,-250
36223,2022-01-24 16:00:00+00:00,1,1,16,723.4417954,36240,False,False,723.4417954
36239,2022-01-25 00:00:00+00:00,-1,1,12,174.0011802,36252,False,False,174.0011802
36251,2022-01-25 06:00:00+00:00,1,1,15,69.80089866,36267,False,False,69.80089866
36266,2022-01-25 13:30:00+00:00,-1,1,26,-168.0909791,36274,True,False,-250
36282,2022-01-25 21:30:00+00:00,-1,2,10,-91.25362082,36293,False,False,-91.25362082
36292,2022-01-26 02:30:00+00:00,1,1,11,118.358955,36304,False,False,118.358955
36303,2022-01-26 08:00:00+00:00,-1,1,35,181.6437201,36316,True,False,-250
36323,2022-01-26 18:00:00+00:00,-1,2,15,362.4882792,36339,False,False,362.4882792
36338,2022-01-27 01:30:00+00:00,1,1,29,-9.999049137,36340,True,False,-250
36367,2022-01-27 16:00:00+00:00,-1,1,14,-13.48631827,36382,False,False,-13.48631827
36381,2022-01-27 23:00:00+00:00,1,1,13,157.4671045,36395,False,False,157.4671045
36394,2022-01-28 05:30:00+00:00,-1,1,15,263.8680338,36410,False,False,263.8680338
36409,2022-01-28 13:00:00+00:00,1,1,12,212.1462989,36422,False,False,212.1462989
36421,2022-01-28 19:00:00+00:00,-1,1,24,-185.5281315,36427,True,False,-250
36436,2022-01-29 02:30:00+00:00,-1,2,9,-44.06844478,36446,False,False,-44.06844478
36445,2022-01-29 07:00:00+00:00,1,1,7,-6.484225777,36453,False,False,-6.484225777
36452,2022-01-29 10:30:00+00:00,-1,1,18,-43.50614891,36471,False,False,-43.50614891
36470,2022-01-29 19:30:00+00:00,1,1,11,-20.39131272,36482,False,False,-20.39131272
36481,2022-01-30 01:00:00+00:00,-1,1,10,-86.22558219,36492,False,False,-86.22558219
36491,2022-01-30 06:00:00+00:00,1,1,8,-63.4166029,36500,False,False,-63.4166029
36499,2022-01-30 10:00:00+00:00,-1,1,15,-16.69777994,36515,False,False,-16.69777994
36514,2022-01-30 17:30:00+00:00,1,1,39,-227.0230048,36529,True,False,-250
36526,2022-01-30 23:30:00+00:00,1,2,27,-255.2244198,36529,True,False,-250
36541,2022-01-31 07:00:00+00:00,1,3,12,58.92587584,36554,False,False,58.92587584
36553,2022-01-31 13:00:00+00:00,-1,1,30,-406.5434271,36561,True,False,-250
36572,2022-01-31 22:30:00+00:00,-1,2,11,-7.754822214,36584,False,False,-7.754822214
36583,2022-02-01 04:00:00+00:00,1,1,31,-34.68195821,36615,False,False,-34.68195821
36614,2022-02-01 19:30:00+00:00,-1,1,8,-85.75961691,36623,False,False,-85.75961691
36622,2022-02-01 23:30:00+00:00,1,1,30,-121.8940786,36653,False,False,-121.8940786
36642,2022-02-02 09:30:00+00:00,1,2,10,-32.89947337,36653,False,False,-32.89947337
36652,2022-02-02 14:30:00+00:00,-1,1,13,194.3324589,36666,False,False,194.3324589
36665,2022-02-02 21:00:00+00:00,1,1,26,-249.1718074,36667,True,False,-250
36683,2022-02-03 06:00:00+00:00,1,2,8,-96.21251676,36692,False,False,-96.21251676
36691,2022-02-03 10:00:00+00:00,-1,1,11,-68.4639534,36703,False,False,-68.4639534
36702,2022-02-03 15:30:00+00:00,1,1,9,-94.86946949,36712,False,False,-94.86946949
36711,2022-02-03 20:00:00+00:00,-1,1,39,-814.2493152,36730,True,False,-250
36742,2022-02-04 11:30:00+00:00,-1,2,8,-433.8306767,36750,True,False,-250
36750,2022-02-04 15:30:00+00:00,1,1,15,286.5902662,36766,False,False,286.5902662
36765,2022-02-04 23:00:00+00:00,-1,1,11,-245.8579128,36767,True,False,-250
36776,2022-02-05 04:30:00+00:00,1,1,9,-47.51947387,36786,False,False,-47.51947387
36785,2022-02-05 09:00:00+00:00,-1,1,12,3.690970983,36798,False,False,3.690970983
36797,2022-02-05 15:00:00+00:00,1,1,42,20.06545874,36840,False,False,20.06545874
36821,2022-02-06 03:00:00+00:00,1,2,18,-4.436325616,36840,False,False,-4.436325616
36839,2022-02-06 12:00:00+00:00,-1,1,52,-305.3228968,36863,True,False,-250
36861,2022-02-06 23:00:00+00:00,-1,2,30,-289.5471146,36863,True,False,-250
36880,2022-02-07 08:30:00+00:00,-1,3,11,-47.6828111,36892,False,False,-47.6828111
36891,2022-02-07 14:00:00+00:00,1,1,16,303.6316071,36908,False,False,303.6316071
36907,2022-02-07 22:00:00+00:00,-1,1,11,22.55187793,36919,False,False,22.55187793
36918,2022-02-08 03:30:00+00:00,1,1,12,-19.94703358,36931,False,False,-19.94703358
36930,2022-02-08 09:30:00+00:00,-1,1,14,67.38636206,36945,False,False,67.38636206
36944,2022-02-08 16:30:00+00:00,1,1,19,63.51880182,36964,False,False,63.51880182
36963,2022-02-09 02:00:00+00:00,-1,1,11,75.54788328,36975,False,False,75.54788328
36974,2022-02-09 07:30:00+00:00,1,1,18,62.37756198,36993,False,False,62.37756198
36992,2022-02-09 16:30:00+00:00,-1,1,29,-13.50741163,37022,False,False,-13.50741163
37007,2022-02-10 00:00:00+00:00,-1,2,14,116.3749172,37022,False,False,116.3749172
37021,2022-02-10 07:00:00+00:00,1,1,14,-54.03647479,37036,False,False,-54.03647479
37035,2022-02-10 14:00:00+00:00,-1,1,28,68.67106491,37038,True,False,-250
37063,2022-02-11 04:00:00+00:00,1,1,15,12.2890174,37079,False,False,12.2890174
37078,2022-02-11 11:30:00+00:00,-1,1,27,255.820562,37106,False,False,255.820562
37089,2022-02-11 17:00:00+00:00,-1,2,16,297.6525815,37106,False,False,297.6525815
37105,2022-02-12 01:00:00+00:00,1,1,10,-3.882834351,37116,False,False,-3.882834351
37115,2022-02-12 06:00:00+00:00,-1,1,8,-26.83104316,37124,False,False,-26.83104316
37123,2022-02-12 10:00:00+00:00,1,1,9,-74.85467978,37133,False,False,-74.85467978
37132,2022-02-12 14:30:00+00:00,-1,1,25,-36.98623368,37158,False,False,-36.98623368
37147,2022-02-12 22:00:00+00:00,-1,2,10,-93.11525695,37158,False,False,-93.11525695
37157,2022-02-13 03:00:00+00:00,1,1,14,23.55281324,37172,False,False,23.55281324
37171,2022-02-13 10:00:00+00:00,-1,1,24,25.24012237,37196,False,False,25.24012237
37195,2022-02-13 22:00:00+00:00,1,1,29,-36.98657863,37225,False,False,-36.98657863
37212,2022-02-14 06:30:00+00:00,1,2,12,48.58098725,37225,False,False,48.58098725
37224,2022-02-14 12:30:00+00:00,-1,1,21,-146.8180357,37246,False,False,-146.8180357
37237,2022-02-14 19:00:00+00:00,-1,2,8,-109.0897986,37246,False,False,-109.0897986
37245,2022-02-14 23:00:00+00:00,1,1,17,216.5159665,37263,False,False,216.5159665
37262,2022-02-15 07:30:00+00:00,-1,1,27,-124.5214724,37290,False,False,-124.5214724
37280,2022-02-15 16:30:00+00:00,-1,2,9,-7.428787628,37290,False,False,-7.428787628
37289,2022-02-15 21:00:00+00:00,1,1,11,-35.79878515,37301,False,False,-35.79878515
37300,2022-02-16 02:30:00+00:00,-1,1,10,-0.3885148644,37311,False,False,-0.3885148644
37310,2022-02-16 07:30:00+00:00,1,1,10,22.57388141,37321,False,False,22.57388141
37320,2022-02-16 12:30:00+00:00,-1,1,13,51.10299643,37334,False,False,51.10299643
37333,2022-02-16 19:00:00+00:00,1,1,11,2.834398017,37345,False,False,2.834398017
37344,2022-02-17 00:30:00+00:00,-1,1,14,23.60266075,37359,False,False,23.60266075
37358,2022-02-17 07:30:00+00:00,1,1,45,-720.2851441,37370,True,False,-250
37392,2022-02-18 00:30:00+00:00,1,2,11,10.20391576,37404,False,False,10.20391576
37403,2022-02-18 06:00:00+00:00,-1,1,27,96.4607124,37431,False,False,96.4607124
37430,2022-02-18 19:30:00+00:00,1,1,50,-47.71009435,37481,False,False,-47.71009435
37468,2022-02-19 14:30:00+00:00,1,2,12,38.56862803,37481,False,False,38.56862803
37480,2022-02-19 20:30:00+00:00,-1,1,12,16.65027434,37493,False,False,16.65027434
37492,2022-02-20 02:30:00+00:00,1,1,34,-397.0199561,37500,True,False,-250
37514,2022-02-20 13:30:00+00:00,1,2,12,36.48999824,37527,False,False,36.48999824
37526,2022-02-20 19:30:00+00:00,-1,1,40,-96.08146458,37539,True,False,-250
37550,2022-02-21 07:30:00+00:00,-1,2,16,121.8530116,37567,False,False,121.8530116
37566,2022-02-21 15:30:00+00:00,1,1,9,-156.7677853,37572,True,False,-250
37575,2022-02-21 20:00:00+00:00,-1,1,17,375.721256,37593,False,False,375.721256
37592,2022-02-22 04:30:00+00:00,1,1,25,268.8140721,37618,False,False,268.8140721
37617,2022-02-22 17:00:00+00:00,-1,1,7,-75.79105656,37625,False,False,-75.79105656
37624,2022-02-22 20:30:00+00:00,1,1,12,-42.02564006,37637,False,False,-42.02564006
37636,2022-02-23 02:30:00+00:00,-1,1,8,-61.06117876,37645,False,False,-61.06117876
37644,2022-02-23 06:30:00+00:00,1,1,15,238.2084181,37660,False,False,238.2084181
37659,2022-02-23 14:00:00+00:00,-1,1,18,338.7461856,37678,False,False,338.7461856
37677,2022-02-23 23:00:00+00:00,1,1,33,-541.5047049,37682,True,False,-250
37697,2022-02-24 09:00:00+00:00,1,2,13,29.2964516,37711,False,False,29.2964516
37710,2022-02-24 15:30:00+00:00,-1,1,37,-864.7665095,37717,True,False,-250
37732,2022-02-25 02:30:00+00:00,-1,2,15,6.971098857,37748,False,False,6.971098857
37747,2022-02-25 10:00:00+00:00,1,1,15,120.7048098,37763,False,False,120.7048098
37762,2022-02-25 17:30:00+00:00,-1,1,10,57.58009901,37773,False,False,57.58009901
37772,2022-02-25 22:30:00+00:00,1,1,11,122.6262948,37784,False,False,122.6262948
37783,2022-02-26 04:00:00+00:00,-1,1,14,102.1090186,37798,False,False,102.1090186
37797,2022-02-26 11:00:00+00:00,1,1,14,67.91727531,37812,False,False,67.91727531
37811,2022-02-26 18:00:00+00:00,-1,1,23,159.6140306,37835,False,False,159.6140306
37834,2022-02-27 05:30:00+00:00,1,1,18,81.63696075,37853,False,False,81.63696075
37852,2022-02-27 14:30:00+00:00,-1,1,22,198.4781868,37875,False,False,198.4781868
37874,2022-02-28 01:30:00+00:00,1,1,11,-54.53260386,37886,False,False,-54.53260386
37885,2022-02-28 07:00:00+00:00,-1,1,50,-1449.573971,37900,True,False,-250
37894,2022-02-28 11:30:00+00:00,-1,2,41,-1372.5401,37901,True,False,-250
37916,2022-02-28 22:30:00+00:00,-1,3,19,-380.573294,37917,True,False,-250
37927,2022-03-01 04:00:00+00:00,-1,4,8,-76.007844,37936,False,False,-76.007844
37935,2022-03-01 08:00:00+00:00,1,1,17,33.69885057,37953,False,False,33.69885057
37952,2022-03-01 16:30:00+00:00,-1,1,9,-110.0131763,37962,False,False,-110.0131763
37961,2022-03-01 21:00:00+00:00,1,1,11,-6.866581639,37973,False,False,-6.866581639
37972,2022-03-02 02:30:00+00:00,-1,1,17,-19.35075968,37990,False,False,-19.35075968
37989,2022-03-02 11:00:00+00:00,1,1,15,-74.65745503,38005,False,False,-74.65745503
38004,2022-03-02 18:30:00+00:00,-1,1,8,-48.70936155,38013,False,False,-48.70936155
38012,2022-03-02 22:30:00+00:00,1,1,9,-55.56269139,38022,False,False,-55.56269139
38021,2022-03-03 03:00:00+00:00,-1,1,11,77.08685621,38033,False,False,77.08685621
38032,2022-03-03 08:30:00+00:00,1,1,15,-215.9032631,38047,True,False,-250
38047,2022-03-03 16:00:00+00:00,-1,1,13,-15.24536075,38061,False,False,-15.24536075
38060,2022-03-03 22:30:00+00:00,1,1,30,-250.1493231,38065,True,False,-250
38079,2022-03-04 08:00:00+00:00,1,2,11,21.54447676,38091,False,False,21.54447676
38090,2022-03-04 13:30:00+00:00,-1,1,26,629.3248769,38117,False,False,629.3248769
38116,2022-03-05 02:30:00+00:00,1,1,12,18.31811405,38129,False,False,18.31811405
38128,2022-03-05 08:30:00+00:00,-1,1,60,59.74616917,38189,False,False,59.74616917
38155,2022-03-05 22:00:00+00:00,-1,2,33,157.589846,38189,False,False,157.589846
38188,2022-03-06 14:30:00+00:00,1,1,12,14.51750949,38201,False,False,14.51750949
38200,2022-03-06 20:30:00+00:00,-1,1,20,171.2401277,38221,False,False,171.2401277
38220,2022-03-07 06:30:00+00:00,1,1,23,111.306932,38244,False,False,111.306932
38243,2022-03-07 18:00:00+00:00,-1,1,11,59.50261228,38255,False,False,59.50261228
38254,2022-03-07 23:30:00+00:00,1,1,13,2.450878144,38268,False,False,2.450878144
38267,2022-03-08 06:00:00+00:00,-1,1,8,-164.1503532,38276,False,False,-164.1503532
38275,2022-03-08 10:00:00+00:00,1,1,9,-59.8521827,38285,False,False,-59.8521827
38284,2022-03-08 14:30:00+00:00,-1,1,8,-55.78008919,38293,False,False,-55.78008919
38292,2022-03-08 18:30:00+00:00,1,1,32,801.443469,38325,False,False,801.443469
38324,2022-03-09 10:30:00+00:00,-1,1,11,-107.0494893,38336,False,False,-107.0494893
38335,2022-03-09 16:00:00+00:00,1,1,8,-77.49021208,38344,False,False,-77.49021208
38343,2022-03-09 20:00:00+00:00,-1,1,11,70.03998326,38355,False,False,70.03998326
38354,2022-03-10 01:30:00+00:00,1,1,29,-656.5976044,38355,True,False,-250
38372,2022-03-10 10:30:00+00:00,1,2,11,-17.80763725,38384,False,False,-17.80763725
38383,2022-03-10 16:00:00+00:00,-1,1,8,-77.13985425,38392,False,False,-77.13985425
38391,2022-03-10 20:00:00+00:00,1,1,9,-65.30647608,38401,False,False,-65.30647608
38400,2022-03-11 00:30:00+00:00,-1,1,12,75.93821822,38413,False,False,75.93821822
38412,2022-03-11 06:30:00+00:00,1,1,17,103.9459853,38430,False,False,103.9459853
38429,2022-03-11 15:00:00+00:00,-1,1,13,118.9614278,38443,False,False,118.9614278
38442,2022-03-11 21:30:00+00:00,1,1,13,61.01911103,38456,False,False,61.01911103
38455,2022-03-12 04:00:00+00:00,-1,1,12,-23.68763227,38468,False,False,-23.68763227
38467,2022-03-12 10:00:00+00:00,1,1,7,-3.970934596,38475,False,False,-3.970934596
38474,2022-03-12 13:30:00+00:00,-1,1,8,13.46722435,38483,False,False,13.46722435
38482,2022-03-12 17:30:00+00:00,1,1,12,-1.112064959,38495,False,False,-1.112064959
38494,2022-03-12 23:30:00+00:00,-1,1,7,-26.5544626,38502,False,False,-26.5544626
38501,2022-03-13 03:00:00+00:00,1,1,10,-29.21771841,38512,False,False,-29.21771841
38511,2022-03-13 08:00:00+00:00,-1,1,15,31.10378542,38527,False,False,31.10378542
38526,2022-03-13 15:30:00+00:00,1,1,11,-76.88098404,38538,False,False,-76.88098404
38537,2022-03-13 21:00:00+00:00,-1,1,14,133.1875217,38552,False,False,133.1875217
38551,2022-03-14 04:00:00+00:00,1,1,16,193.2745498,38568,False,False,193.2745498
38567,2022-03-14 12:00:00+00:00,-1,1,10,17.42818137,38578,False,False,17.42818137
38577,2022-03-14 17:00:00+00:00,1,1,20,37.23730652,38598,False,False,37.23730652
38597,2022-03-15 03:00:00+00:00,-1,1,15,86.91531817,38613,False,False,86.91531817
38612,2022-03-15 10:30:00+00:00,1,1,26,186.741745,38639,False,False,186.741745
38638,2022-03-15 23:30:00+00:00,-1,1,19,-244.483845,38644,True,False,-250
38657,2022-03-16 09:00:00+00:00,1,1,14,74.76109408,38672,False,False,74.76109408
38671,2022-03-16 16:00:00+00:00,-1,1,9,-147.6003497,38681,False,False,-147.6003497
38680,2022-03-16 20:30:00+00:00,1,1,11,2.018165429,38692,False,False,2.018165429
38691,2022-03-17 02:00:00+00:00,-1,1,17,135.0321629,38709,False,False,135.0321629
38708,2022-03-17 10:30:00+00:00,1,1,12,37.94273386,38721,False,False,37.94273386
38720,2022-03-17 16:30:00+00:00,-1,1,11,-44.75229009,38732,False,False,-44.75229009
38731,2022-03-17 22:00:00+00:00,1,1,7,-117.4228608,38739,False,False,-117.4228608
38738,2022-03-18 01:30:00+00:00,-1,1,9,-64.29152267,38748,False,False,-64.29152267
38747,2022-03-18 06:00:00+00:00,1,1,8,-62.96155114,38756,False,False,-62.96155114
38755,2022-03-18 10:00:00+00:00,-1,1,9,-55.80922388,38765,False,False,-55.80922388
38764,2022-03-18 14:30:00+00:00,1,1,16,229.4091585,38781,False,False,229.4091585
38780,2022-03-18 22:30:00+00:00,-1,1,12,-37.93737156,38793,False,False,-37.93737156
38792,2022-03-19 04:30:00+00:00,1,1,9,-28.50735835,38802,False,False,-28.50735835
38801,2022-03-19 09:00:00+00:00,-1,1,44,-48.12090317,38846,False,False,-48.12090317
38821,2022-03-19 19:00:00+00:00,-1,2,24,28.15782841,38846,False,False,28.15782841
38830,2022-03-19 23:30:00+00:00,-1,3,15,71.07179698,38846,False,False,71.07179698
38845,2022-03-20 07:00:00+00:00,1,1,35,-157.2940417,38881,False,False,-157.2940417
38872,2022-03-20 20:30:00+00:00,1,2,8,-84.06427744,38881,False,False,-84.06427744
38880,2022-03-21 00:30:00+00:00,-1,1,15,34.83718703,38896,False,False,34.83718703
38895,2022-03-21 08:00:00+00:00,1,1,12,1.922986692,38908,False,False,1.922986692
38907,2022-03-21 14:00:00+00:00,-1,1,12,-13.80589687,38920,False,False,-13.80589687
38919,2022-03-21 20:00:00+00:00,1,1,9,-55.61591354,38929,False,False,-55.61591354
38928,2022-03-22 00:30:00+00:00,-1,1,26,-460.7548394,38933,True,False,-250
38945,2022-03-22 09:00:00+00:00,-1,2,9,-63.69944252,38955,False,False,-63.69944252
38954,2022-03-22 13:30:00+00:00,1,1,46,-207.0970572,38985,True,False,-250
38970,2022-03-22 21:30:00+00:00,1,2,30,-185.9058391,39001,False,False,-185.9058391
38990,2022-03-23 07:30:00+00:00,1,3,10,-47.83813098,39001,False,False,-47.83813098
39000,2022-03-23 12:30:00+00:00,-1,1,21,-132.6006132,39022,False,False,-132.6006132
39012,2022-03-23 18:30:00+00:00,-1,2,9,-81.55823331,39022,False,False,-81.55823331
39021,2022-03-23 23:00:00+00:00,1,1,11,83.27815161,39033,False,False,83.27815161
39032,2022-03-24 04:30:00+00:00,-1,1,21,-169.6349677,39054,False,False,-169.6349677
39053,2022-03-24 15:00:00+00:00,1,1,13,81.17601222,39067,False,False,81.17601222
39066,2022-03-24 21:30:00+00:00,-1,1,10,-23.82755899,39077,False,False,-23.82755899
39076,2022-03-25 02:30:00+00:00,1,1,12,-20.87302245,39089,False,False,-20.87302245
39088,2022-03-25 08:30:00+00:00,-1,1,27,-132.2312696,39099,True,False,-250
39104,2022-03-25 16:30:00+00:00,-1,2,11,-19.77376101,39116,False,False,-19.77376101
39115,2022-03-25 22:00:00+00:00,1,1,22,-7.621877662,39138,False,False,-7.621877662
39137,2022-03-26 09:00:00+00:00,-1,1,16,41.77710835,39154,False,False,41.77710835
39153,2022-03-26 17:00:00+00:00,1,1,12,10.01443748,39166,False,False,10.01443748
39165,2022-03-26 23:00:00+00:00,-1,1,31,-78.6270693,39197,False,False,-78.6270693
39178,2022-03-27 05:30:00+00:00,-1,2,18,-1.735180197,39197,False,False,-1.735180197
39196,2022-03-27 14:30:00+00:00,1,1,12,11.54946619,39209,False,False,11.54946619
39208,2022-03-27 20:30:00+00:00,-1,1,28,-562.5153525,39209,True,False,-250
39224,2022-03-28 04:30:00+00:00,-1,2,12,-72.13394022,39237,False,False,-72.13394022
39236,2022-03-28 10:30:00+00:00,1,1,13,41.06553911,39250,False,False,41.06553911
39249,2022-03-28 17:00:00+00:00,-1,1,21,15.76401686,39271,False,False,15.76401686
39270,2022-03-29 03:30:00+00:00,1,1,10,18.60632058,39281,False,False,18.60632058
39280,2022-03-29 08:30:00+00:00,-1,1,23,-48.26806658,39304,False,False,-48.26806658
39295,2022-03-29 16:00:00+00:00,-1,2,8,-53.64537735,39304,False,False,-53.64537735
39303,2022-03-29 20:00:00+00:00,1,1,27,-79.76636946,39331,False,False,-79.76636946
39319,2022-03-30 04:00:00+00:00,1,2,11,-22.34620863,39331,False,False,-22.34620863
39330,2022-03-30 09:30:00+00:00,-1,1,15,16.70744632,39346,False,False,16.70744632
39345,2022-03-30 17:00:00+00:00,1,1,42,-69.23661204,39388,False,False,-69.23661204
39363,2022-03-31 02:00:00+00:00,1,2,24,-101.5676736,39388,False,False,-101.5676736
39377,2022-03-31 09:00:00+00:00,1,3,10,-67.59161043,39388,False,False,-67.59161043
39387,2022-03-31 14:00:00+00:00,-1,1,16,244.6491648,39404,False,False,244.6491648
39403,2022-03-31 22:00:00+00:00,1,1,8,-184.8690838,39412,False,False,-184.8690838
39411,2022-04-01 02:00:00+00:00,-1,1,11,-0.115672925,39423,False,False,-0.115672925
39422,2022-04-01 07:30:00+00:00,1,1,12,109.1695091,39435,False,False,109.1695091
39434,2022-04-01 13:30:00+00:00,-1,1,24,-256.5549207,39438,True,False,-250
39448,2022-04-01 20:30:00+00:00,-1,2,10,-62.3603681,39459,False,False,-62.3603681
39458,2022-04-02 01:30:00+00:00,1,1,8,-7.302909407,39467,False,False,-7.302909407
39466,2022-04-02 05:30:00+00:00,-1,1,10,1.406257783,39477,False,False,1.406257783
39476,2022-04-02 10:30:00+00:00,1,1,10,-17.538823,39487,False,False,-17.538823
39486,2022-04-02 15:30:00+00:00,-1,1,12,116.1235201,39499,False,False,116.1235201
39498,2022-04-02 21:30:00+00:00,1,1,25,102.2863391,39524,False,False,102.2863391
39523,2022-04-03 10:00:00+00:00,-1,1,8,-9.995812099,39532,False,False,-9.995812099
39531,2022-04-03 14:00:00+00:00,1,1,21,-91.2175482,39553,False,False,-91.2175482
39552,2022-04-04 00:30:00+00:00,-1,1,11,-42.42648939,39564,False,False,-42.42648939
39563,2022-04-04 06:00:00+00:00,1,1,10,-51.62927877,39574,False,False,-51.62927877
39573,2022-04-04 11:00:00+00:00,-1,1,19,-52.43419312,39593,False,False,-52.43419312
39592,2022-04-04 20:30:00+00:00,1,1,13,84.76680262,39606,False,False,84.76680262
39605,2022-04-05 03:00:00+00:00,-1,1,12,-6.759341702,39618,False,False,-6.759341702
39617,2022-04-05 09:00:00+00:00,1,1,31,-363.472092,39638,True,False,-250
39639,2022-04-05 20:00:00+00:00,1,2,9,-229.5259211,39648,True,False,-250
39648,2022-04-06 00:30:00+00:00,-1,1,10,-82.10651319,39659,False,False,-82.10651319
39658,2022-04-06 05:30:00+00:00,1,1,11,-51.13329441,39670,False,False,-51.13329441
39669,2022-04-06 11:00:00+00:00,-1,1,18,295.3446645,39688,False,False,295.3446645
39687,2022-04-06 20:00:00+00:00,1,1,8,-136.9857068,39696,False,False,-136.9857068
39695,2022-04-07 00:00:00+00:00,-1,1,10,-53.41553936,39706,False,False,-53.41553936
39705,2022-04-07 05:00:00+00:00,1,1,12,1.580519885,39718,False,False,1.580519885
39717,2022-04-07 11:00:00+00:00,-1,1,14,-60.68145118,39732,False,False,-60.68145118
39731,2022-04-07 18:00:00+00:00,1,1,7,-79.48487099,39739,False,False,-79.48487099
39738,2022-04-07 21:30:00+00:00,-1,1,36,-125.234902,39775,False,False,-125.234902
39757,2022-04-08 07:00:00+00:00,-1,2,17,-67.96173323,39775,False,False,-67.96173323
39774,2022-04-08 15:30:00+00:00,1,1,34,-334.3531837,39780,True,False,-250
39796,2022-04-09 02:30:00+00:00,1,2,12,4.223241987,39809,False,False,4.223241987
39808,2022-04-09 08:30:00+00:00,-1,1,9,-26.98668,39818,False,False,-26.98668
39817,2022-04-09 13:00:00+00:00,1,1,17,-5.477830779,39835,False,False,-5.477830779
39834,2022-04-09 21:30:00+00:00,-1,1,30,-25.98041961,39865,False,False,-25.98041961
39850,2022-04-10 05:30:00+00:00,-1,2,14,26.22205523,39865,False,False,26.22205523
39864,2022-04-10 12:30:00+00:00,1,1,20,-46.57785172,39885,False,False,-46.57785172
39884,2022-04-10 22:30:00+00:00,-1,1,13,39.25905838,39898,False,False,39.25905838
39897,2022-04-11 05:00:00+00:00,1,1,11,-181.2210605,39909,False,False,-181.2210605
39908,2022-04-11 10:30:00+00:00,-1,1,16,257.699122,39925,False,False,257.699122
39924,2022-04-11 18:30:00+00:00,1,1,32,-65.72488064,39931,True,False,-250
39943,2022-04-12 04:00:00+00:00,1,2,13,94.44548392,39957,False,False,94.44548392
39956,2022-04-12 10:30:00+00:00,-1,1,25,71.48866583,39982,False,False,71.48866583
39981,2022-04-12 23:00:00+00:00,1,1,13,61.69032236,39995,False,False,61.69032236
39994,2022-04-13 05:30:00+00:00,-1,1,42,-325.3692878,40014,True,False,-250
40025,2022-04-13 21:00:00+00:00,-1,2,11,-32.53568761,40037,False,False,-32.53568761
40036,2022-04-14 02:30:00+00:00,1,1,8,-34.86720705,40045,False,False,-34.86720705
40044,2022-04-14 06:30:00+00:00,-1,1,14,7.511190438,40059,False,False,7.511190438
40058,2022-04-14 13:30:00+00:00,1,1,28,-262.0390056,40063,True,False,-250
40074,2022-04-14 21:30:00+00:00,1,2,12,57.45559999,40087,False,False,57.45559999
40086,2022-04-15 03:30:00+00:00,-1,1,12,-0.5106218053,40099,False,False,-0.5106218053
40098,2022-04-15 09:30:00+00:00,1,1,9,-19.79367947,40108,False,False,-19.79367947
40107,2022-04-15 14:00:00+00:00,-1,1,42,-89.03982584,40150,False,False,-89.03982584
40120,2022-04-15 20:30:00+00:00,-1,2,29,-28.19449788,40150,False,False,-28.19449788
40135,2022-04-16 04:00:00+00:00,-1,3,14,6.521168955,40150,False,False,6.521168955
40149,2022-04-16 11:00:00+00:00,1,1,9,-49.1039415,40159,False,False,-49.1039415
40158,2022-04-16 15:30:00+00:00,-1,1,11,-21.53724845,40170,False,False,-21.53724845
40169,2022-04-16 21:00:00+00:00,1,1,11,-10.06086626,40181,False,False,-10.06086626
40180,2022-04-17 02:30:00+00:00,-1,1,10,-10.85313971,40191,False,False,-10.85313971
40190,2022-04-17 07:30:00+00:00,1,1,12,22.78151793,40203,False,False,22.78151793
40202,2022-04-17 13:30:00+00:00,-1,1,15,34.88525752,40218,False,False,34.88525752
40217,2022-04-17 21:00:00+00:00,1,1,40,-195.6757925,40232,True,False,-250
40244,2022-04-18 10:30:00+00:00,1,2,13,116.1725254,40258,False,False,116.1725254
40257,2022-04-18 17:00:00+00:00,-1,1,27,-328.5631533,40260,True,False,-250
40273,2022-04-19 01:00:00+00:00,-1,2,11,31.47655246,40285,False,False,31.47655246
40284,2022-04-19 06:30:00+00:00,1,1,24,166.526558,40309,False,False,166.526558
40308,2022-04-19 18:30:00+00:00,-1,1,11,-4.812222031,40320,False,False,-4.812222031
40319,2022-04-20 00:00:00+00:00,1,1,11,-13.28450614,40331,False,False,-13.28450614
40330,2022-04-20 05:30:00+00:00,-1,1,32,-44.25689957,40363,False,False,-44.25689957
40349,2022-04-20 15:00:00+00:00,-1,2,13,-9.30799429,40363,False,False,-9.30799429
40362,2022-04-20 21:30:00+00:00,1,1,13,21.85548842,40376,False,False,21.85548842
40375,2022-04-21 04:00:00+00:00,-1,1,9,-49.01424692,40385,False,False,-49.01424692
40384,2022-04-21 08:30:00+00:00,1,1,15,61.14498641,40400,False,False,61.14498641
40399,2022-04-21 16:00:00+00:00,-1,1,18,406.142714,40418,False,False,406.142714
40417,2022-04-22 01:00:00+00:00,1,1,13,0.576098822,40431,False,False,0.576098822
40430,2022-04-22 07:30:00+00:00,-1,1,10,-22.28360329,40441,False,False,-22.28360329
40440,2022-04-22 12:30:00+00:00,1,1,27,-228.3203135,40447,True,False,-250
40457,2022-04-22 21:00:00+00:00,1,2,10,-5.134775882,40468,False,False,-5.134775882
40467,2022-04-23 02:00:00+00:00,-1,1,9,-3.269263345,40477,False,False,-3.269263345
40476,2022-04-23 06:30:00+00:00,1,1,9,1.471318625,40486,False,False,1.471318625
40485,2022-04-23 11:00:00+00:00,-1,1,35,-32.24565135,40521,False,False,-32.24565135
40501,2022-04-23 19:00:00+00:00,-1,2,19,-17.78904809,40521,False,False,-17.78904809
40520,2022-04-24 04:30:00+00:00,1,1,11,0.518135497,40532,False,False,0.518135497
40531,2022-04-24 10:00:00+00:00,-1,1,11,15.9054326,40543,False,False,15.9054326
40542,2022-04-24 15:30:00+00:00,1,1,16,-30.26695378,40559,False,False,-30.26695378
40558,2022-04-24 23:30:00+00:00,-1,1,12,103.333762,40571,False,False,103.333762
40570,2022-04-25 05:30:00+00:00,1,1,41,336.7932465,40612,False,False,336.7932465
40583,2022-04-25 12:00:00+00:00,1,2,28,422.5844859,40612,False,False,422.5844859
40611,2022-04-26 02:00:00+00:00,-1,1,13,-31.09162272,40625,False,False,-31.09162272
40624,2022-04-26 08:30:00+00:00,1,1,40,-537.7976873,40636,True,False,-250
40651,2022-04-26 22:00:00+00:00,1,2,13,24.99954347,40665,False,False,24.99954347
40664,2022-04-27 04:30:00+00:00,-1,1,26,-169.9388449,40683,True,False,-250
40681,2022-04-27 13:00:00+00:00,-1,2,9,-44.94597461,40691,False,False,-44.94597461
40690,2022-04-27 17:30:00+00:00,1,1,22,61.14901189,40713,False,False,61.14901189
40712,2022-04-28 04:30:00+00:00,-1,1,25,-148.6296228,40738,False,False,-148.6296228
40730,2022-04-28 13:30:00+00:00,-1,2,7,-112.2035771,40738,False,False,-112.2035771
40737,2022-04-28 17:00:00+00:00,1,1,10,-15.87521157,40748,False,False,-15.87521157
40747,2022-04-28 22:00:00+00:00,-1,1,16,87.20526746,40764,False,False,87.20526746
40763,2022-04-29 06:00:00+00:00,1,1,45,-222.1314072,40785,True,False,-250
40781,2022-04-29 15:00:00+00:00,1,2,27,-86.32673541,40809,False,False,-86.32673541
40796,2022-04-29 22:30:00+00:00,1,3,12,4.844785508,40809,False,False,4.844785508
40808,2022-04-30 04:30:00+00:00,-1,1,18,-7.75049266,40827,False,False,-7.75049266
40826,2022-04-30 13:30:00+00:00,1,1,41,-167.5764869,40846,True,False,-250
40840,2022-04-30 20:30:00+00:00,1,2,27,-96.65864653,40851,True,False,-250
40855,2022-05-01 04:00:00+00:00,1,3,12,-16.9636376,40868,False,False,-16.9636376
40867,2022-05-01 10:00:00+00:00,-1,1,11,-87.38605023,40879,False,False,-87.38605023
40878,2022-05-01 15:30:00+00:00,1,1,8,-148.3958524,40887,False,False,-148.3958524
40886,2022-05-01 19:30:00+00:00,-1,1,8,-205.1615309,40895,False,False,-205.1615309
40894,2022-05-01 23:30:00+00:00,1,1,18,89.99880116,40913,False,False,89.99880116
40912,2022-05-02 08:30:00+00:00,-1,1,12,-29.29224635,40925,False,False,-29.29224635
40924,2022-05-02 14:30:00+00:00,1,1,24,-139.1895104,40949,False,False,-139.1895104
40940,2022-05-02 22:30:00+00:00,1,2,8,-48.76364846,40949,False,False,-48.76364846
40948,2022-05-03 02:30:00+00:00,-1,1,11,-25.07339729,40960,False,False,-25.07339729
40959,2022-05-03 08:00:00+00:00,1,1,60,39.30065533,40981,True,False,-250
40989,2022-05-03 23:00:00+00:00,1,2,30,254.7428447,41020,False,False,254.7428447
41019,2022-05-04 14:00:00+00:00,-1,1,8,-89.67514947,41028,False,False,-89.67514947
41027,2022-05-04 18:00:00+00:00,1,1,13,157.812656,41041,False,False,157.812656
41040,2022-05-05 00:30:00+00:00,-1,1,12,11.74546896,41053,False,False,11.74546896
41052,2022-05-05 06:30:00+00:00,1,1,43,-802.1424657,41068,True,False,-250
41084,2022-05-05 22:30:00+00:00,1,2,11,14.51542339,41096,False,False,14.51542339
41095,2022-05-06 04:00:00+00:00,-1,1,13,57.65098774,41109,False,False,57.65098774
41108,2022-05-06 10:30:00+00:00,1,1,18,-72.18558601,41115,True,False,-250
41118,2022-05-06 15:30:00+00:00,1,2,8,-90.67687956,41127,False,False,-90.67687956
41126,2022-05-06 19:30:00+00:00,-1,1,9,-13.64467737,41136,False,False,-13.64467737
41135,2022-05-07 00:00:00+00:00,1,1,27,-36.87482908,41163,False,False,-36.87482908
41151,2022-05-07 08:00:00+00:00,1,2,11,-9.220631162,41163,False,False,-9.220631162
41162,2022-05-07 13:30:00+00:00,-1,1,11,0.1114630557,41174,False,False,0.1114630557
41173,2022-05-07 19:00:00+00:00,1,1,37,-355.6825753,41179,True,False,-250
41198,2022-05-08 07:30:00+00:00,1,2,12,-32.91113504,41211,False,False,-32.91113504
41210,2022-05-08 13:30:00+00:00,-1,1,13,6.50398893,41224,False,False,6.50398893
41223,2022-05-08 20:00:00+00:00,1,1,8,-154.9193888,41232,False,False,-154.9193888
41231,2022-05-09 00:00:00+00:00,-1,1,16,152.2765718,41248,False,False,152.2765718
41247,2022-05-09 08:00:00+00:00,1,1,52,-645.773019,41253,True,False,-250
41277,2022-05-09 23:00:00+00:00,1,2,22,94.64444211,41279,True,False,-250
41299,2022-05-10 10:00:00+00:00,-1,1,8,-133.6299061,41305,True,False,-250
41307,2022-05-10 14:00:00+00:00,1,1,34,-404.698363,41309,True,False,-250
41316,2022-05-10 18:30:00+00:00,1,2,25,-349.9182907,41322,True,False,-250
41329,2022-05-11 01:00:00+00:00,1,3,12,-173.4403881,41342,False,False,-173.4403881
41341,2022-05-11 07:00:00+00:00,-1,1,7,-391.9508197,41346,True,False,-250
41348,2022-05-11 10:30:00+00:00,1,1,36,-1248.986842,41353,True,False,-250
41376,2022-05-12 00:30:00+00:00,1,2,8,-653.5218709,41380,True,False,-250
41384,2022-05-12 04:30:00+00:00,-1,1,11,60.85072033,41396,False,False,60.85072033
41395,2022-05-12 10:00:00+00:00,1,1,16,357.1030853,41412,False,False,357.1030853
41411,2022-05-12 18:00:00+00:00,-1,1,11,-134.3564344,41423,False,False,-134.3564344
41422,2022-05-12 23:30:00+00:00,1,1,15,473.7070013,41438,False,False,473.7070013
41437,2022-05-13 07:00:00+00:00,-1,1,10,-103.9306425,41448,False,False,-103.9306425
41447,2022-05-13 12:00:00+00:00,1,1,9,-142.7874911,41457,False,False,-142.7874911
41456,2022-05-13 16:30:00+00:00,-1,1,10,113.0878806,41467,False,False,113.0878806
41466,2022-05-13 21:30:00+00:00,1,1,50,-86.48218653,41494,True,False,-250
41487,2022-05-14 08:00:00+00:00,1,2,29,69.67241711,41500,True,False,-250
41505,2022-05-14 17:00:00+00:00,1,3,11,104.5081365,41517,False,False,104.5081365
41516,2022-05-14 22:30:00+00:00,-1,1,18,-92.66166527,41535,False,False,-92.66166527
41524,2022-05-15 02:30:00+00:00,-1,2,10,-33.06363843,41535,False,False,-33.06363843
41534,2022-05-15 07:30:00+00:00,1,1,16,36.94674906,41551,False,False,36.94674906
41550,2022-05-15 15:30:00+00:00,-1,1,9,-153.9631445,41560,False,False,-153.9631445
41559,2022-05-15 20:00:00+00:00,1,1,12,102.4089635,41572,False,False,102.4089635
41571,2022-05-16 02:00:00+00:00,-1,1,17,310.4782717,41589,False,False,310.4782717
41588,2022-05-16 10:30:00+00:00,1,1,9,-113.6394155,41598,False,False,-113.6394155
41597,2022-05-16 15:00:00+00:00,-1,1,9,-99.32912433,41607,False,False,-99.32912433
41606,2022-05-16 19:30:00+00:00,1,1,12,27.16016258,41619,False,False,27.16016258
41618,2022-05-17 01:30:00+00:00,-1,1,37,-83.74445518,41633,True,False,-250
41638,2022-05-17 11:30:00+00:00,-1,2,17,105.7477406,41656,False,False,105.7477406
41655,2022-05-17 20:00:00+00:00,1,1,13,30.81208089,41669,False,False,30.81208089
41668,2022-05-18 02:30:00+00:00,-1,1,12,122.1172156,41681,False,False,122.1172156
41680,2022-05-18 08:30:00+00:00,1,1,10,-116.4248239,41691,False,False,-116.4248239
41690,2022-05-18 13:30:00+00:00,-1,1,12,84.83531409,41703,False,False,84.83531409
41702,2022-05-18 19:30:00+00:00,1,1,9,-177.7421768,41712,False,False,-177.7421768
41711,2022-05-19 00:00:00+00:00,-1,1,8,-170.4429564,41720,False,False,-170.4429564
41719,2022-05-19 04:00:00+00:00,1,1,11,-103.5138841,41731,False,False,-103.5138841
41730,2022-05-19 09:30:00+00:00,-1,1,31,-470.2153419,41736,True,False,-250
41751,2022-05-19 20:00:00+00:00,-1,2,10,-100.3840593,41762,False,False,-100.3840593
41761,2022-05-20 01:00:00+00:00,1,1,8,-54.1496956,41770,False,False,-54.1496956
41769,2022-05-20 05:00:00+00:00,-1,1,8,-30.50382878,41778,False,False,-30.50382878
41777,2022-05-20 09:00:00+00:00,1,1,11,-85.81425042,41789,False,False,-85.81425042
41788,2022-05-20 14:30:00+00:00,-1,1,13,265.8460987,41802,False,False,265.8460987
41801,2022-05-20 21:00:00+00:00,1,1,11,38.23367698,41813,False,False,38.23367698
41812,2022-05-21 02:30:00+00:00,-1,1,10,-80.9585071,41823,False,False,-80.9585071
41822,2022-05-21 07:30:00+00:00,1,1,7,-61.67873607,41830,False,False,-61.67873607
41829,2022-05-21 11:00:00+00:00,-1,1,8,-36.49954282,41838,False,False,-36.49954282
41837,2022-05-21 15:00:00+00:00,1,1,10,23.21524505,41848,False,False,23.21524505
41847,2022-05-21 20:00:00+00:00,-1,1,10,-2.116087256,41858,False,False,-2.116087256
41857,2022-05-22 01:00:00+00:00,1,1,29,83.68831705,41887,False,False,83.68831705
41871,2022-05-22 08:00:00+00:00,1,2,15,100.1655821,41887,False,False,100.1655821
41886,2022-05-22 15:30:00+00:00,-1,1,10,-117.2635365,41897,False,False,-117.2635365
41896,2022-05-22 20:30:00+00:00,1,1,13,22.6349777,41910,False,False,22.6349777
41909,2022-05-23 03:00:00+00:00,-1,1,8,-119.4785785,41918,False,False,-119.4785785
41917,2022-05-23 07:00:00+00:00,1,1,12,-37.51917886,41930,False,False,-37.51917886
41929,2022-05-23 13:00:00+00:00,-1,1,25,409.6301716,41955,False,False,409.6301716
41954,2022-05-24 01:30:00+00:00,1,1,13,88.10118721,41968,False,False,88.10118721
41967,2022-05-24 08:00:00+00:00,-1,1,17,9.731528313,41985,False,False,9.731528313
41984,2022-05-24 16:30:00+00:00,1,1,18,82.27709179,42003,False,False,82.27709179
42002,2022-05-25 01:30:00+00:00,-1,1,26,-93.46113488,42029,False,False,-93.46113488
42013,2022-05-25 07:00:00+00:00,-1,2,15,-30.27112663,42029,False,False,-30.27112663
42028,2022-05-25 14:30:00+00:00,1,1,12,-86.0982492,42041,False,False,-86.0982492
42040,2022-05-25 20:30:00+00:00,-1,1,12,-37.23225277,42053,False,False,-37.23225277
42052,2022-05-26 02:30:00+00:00,1,1,38,-63.06441847,42065,True,False,-250
42078,2022-05-26 15:30:00+00:00,1,2,12,69.25882788,42091,False,False,69.25882788
42090,2022-05-26 21:30:00+00:00,-1,1,15,213.6466112,42106,False,False,213.6466112
42105,2022-05-27 05:00:00+00:00,1,1,12,-38.34178528,42118,False,False,-38.34178528
42117,2022-05-27 11:00:00+00:00,-1,1,20,17.23647921,42138,False,False,17.23647921
42137,2022-05-27 21:00:00+00:00,1,1,10,-47.00273594,42148,False,False,-47.00273594
42147,2022-05-28 02:00:00+00:00,-1,1,38,-142.583291,42186,False,False,-142.583291
42163,2022-05-28 10:00:00+00:00,-1,2,22,-79.34533238,42186,False,False,-79.34533238
42178,2022-05-28 17:30:00+00:00,-1,3,7,-41.27627931,42186,False,False,-41.27627931
42185,2022-05-28 21:00:00+00:00,1,1,10,-34.43191139,42196,False,False,-34.43191139
42195,2022-05-29 02:00:00+00:00,-1,1,8,-41.06181587,42204,False,False,-41.06181587
42203,2022-05-29 06:00:00+00:00,1,1,21,89.90180158,42225,False,False,89.90180158
42224,2022-05-29 16:30:00+00:00,-1,1,12,-39.96268374,42237,False,False,-39.96268374
42236,2022-05-29 22:30:00+00:00,1,1,23,438.4281941,42260,False,False,438.4281941
42259,2022-05-30 10:00:00+00:00,-1,1,12,14.08234555,42272,False,False,14.08234555
42271,2022-05-30 16:00:00+00:00,1,1,21,326.4650615,42293,False,False,326.4650615
42292,2022-05-31 02:30:00+00:00,-1,1,13,11.74473264,42306,False,False,11.74473264
42305,2022-05-31 09:00:00+00:00,1,1,11,-41.00463572,42317,False,False,-41.00463572
42316,2022-05-31 14:30:00+00:00,-1,1,20,-106.1037869,42321,True,False,-250
42327,2022-05-31 20:00:00+00:00,-1,2,9,-64.80735424,42337,False,False,-64.80735424
42336,2022-06-01 00:30:00+00:00,1,1,29,-209.2472624,42365,True,False,-250
42354,2022-06-01 09:30:00+00:00,1,2,11,-161.5291417,42366,False,False,-161.5291417
42365,2022-06-01 15:00:00+00:00,-1,1,17,406.1895862,42383,False,False,406.1895862
42382,2022-06-01 23:30:00+00:00,1,1,11,-33.56592906,42394,False,False,-33.56592906
42393,2022-06-02 05:00:00+00:00,-1,1,73,101.9568791,42428,True,False,-250
42411,2022-06-02 14:00:00+00:00,-1,2,55,121.0486527,42428,True,False,-250
42423,2022-06-02 20:00:00+00:00,-1,3,43,264.810583,42467,False,False,264.810583
42440,2022-06-03 04:30:00+00:00,-1,4,26,331.0034763,42467,False,False,331.0034763
42466,2022-06-03 17:30:00+00:00,1,1,14,88.03449332,42481,False,False,88.03449332
42480,2022-06-04 00:30:00+00:00,-1,1,10,30.7733485,42491,False,False,30.7733485
42490,2022-06-04 05:30:00+00:00,1,1,12,9.750914886,42503,False,False,9.750914886
42502,2022-06-04 11:30:00+00:00,-1,1,8,-59.65143185,42511,False,False,-59.65143185
42510,2022-06-04 15:30:00+00:00,1,1,8,-59.42834634,42519,False,False,-59.42834634
42518,2022-06-04 19:30:00+00:00,-1,1,22,-22.70106635,42541,False,False,-22.70106635
42531,2022-06-05 02:00:00+00:00,-1,2,9,-13.49973354,42541,False,False,-13.49973354
42540,2022-06-05 06:30:00+00:00,1,1,30,34.47708963,42571,False,False,34.47708963
42552,2022-06-05 12:30:00+00:00,1,2,18,33.88000333,42571,False,False,33.88000333
42570,2022-06-05 21:30:00+00:00,-1,1,8,-239.5756483,42578,True,False,-250
42578,2022-06-06 01:30:00+00:00,1,1,16,271.3860349,42595,False,False,271.3860349
42594,2022-06-06 09:30:00+00:00,-1,1,11,-29.1162455,42606,False,False,-29.1162455
42605,2022-06-06 15:00:00+00:00,1,1,18,-41.83552866,42624,False,False,-41.83552866
42623,2022-06-07 00:00:00+00:00,-1,1,15,575.5874595,42639,False,False,575.5874595
42638,2022-06-07 07:30:00+00:00,1,1,11,-21.65056722,42650,False,False,-21.65056722
42649,2022-06-07 13:00:00+00:00,-1,1,38,-363.2752878,42661,True,False,-250
42673,2022-06-08 01:00:00+00:00,-1,2,14,157.7948091,42688,False,False,157.7948091
42687,2022-06-08 08:00:00+00:00,1,1,10,-140.8408755,42698,False,False,-140.8408755
42697,2022-06-08 13:00:00+00:00,-1,1,18,-94.69410898,42716,False,False,-94.69410898
42715,2022-06-08 22:00:00+00:00,1,1,28,-42.18220133,42744,False,False,-42.18220133
42743,2022-06-09 12:00:00+00:00,-1,1,10,-19.42847971,42754,False,False,-19.42847971
42753,2022-06-09 17:00:00+00:00,1,1,31,-113.4937335,42768,True,False,-250
42774,2022-06-10 03:30:00+00:00,1,2,10,-71.18212847,42785,False,False,-71.18212847
42784,2022-06-10 08:30:00+00:00,-1,1,25,272.5006576,42810,False,False,272.5006576
42809,2022-06-10 21:00:00+00:00,1,1,13,24.04598349,42823,False,False,24.04598349
42822,2022-06-11 03:30:00+00:00,-1,1,29,261.1086931,42852,False,False,261.1086931
42851,2022-06-11 18:00:00+00:00,1,1,12,-30.37855407,42864,False,False,-30.37855407
42863,2022-06-12 00:00:00+00:00,-1,1,17,279.4905727,42881,False,False,279.4905727
42880,2022-06-12 08:30:00+00:00,1,1,11,-117.2234157,42892,False,False,-117.2234157
42891,2022-06-12 14:00:00+00:00,-1,1,34,726.2761308,42894,True,False,-250
42903,2022-06-12 20:00:00+00:00,-1,2,22,761.3611299,42926,False,False,761.3611299
42925,2022-06-13 07:00:00+00:00,1,1,29,-840.5171306,42927,True,False,-250
42945,2022-06-13 17:00:00+00:00,1,2,9,-232.5069697,42947,True,False,-250
42954,2022-06-13 21:30:00+00:00,-1,1,15,536.2193504,42970,False,False,536.2193504
42969,2022-06-14 05:00:00+00:00,1,1,11,244.0187744,42981,False,False,244.0187744
42980,2022-06-14 10:30:00+00:00,-1,1,10,9.899844202,42991,False,False,9.899844202
42990,2022-06-14 15:30:00+00:00,1,1,9,-126.089661,43000,False,False,-126.089661
42999,2022-06-14 20:00:00+00:00,-1,1,10,167.3121304,43010,False,False,167.3121304
43009,2022-06-15 01:00:00+00:00,1,1,32,-510.4451692,43016,True,False,-250
43031,2022-06-15 12:00:00+00:00,1,2,10,-211.3685889,43042,False,False,-211.3685889
43041,2022-06-15 17:00:00+00:00,-1,1,41,-269.7031118,43043,True,False,-250
43061,2022-06-16 03:00:00+00:00,-1,2,21,526.0610095,43083,False,False,526.0610095
43082,2022-06-16 13:30:00+00:00,1,1,11,-110.2970783,43084,True,False,-250
43093,2022-06-16 19:00:00+00:00,-1,1,15,135.2602301,43109,False,False,135.2602301
43108,2022-06-17 02:30:00+00:00,1,1,17,188.0894237,43126,False,False,188.0894237
43125,2022-06-17 11:00:00+00:00,-1,1,13,252.0674353,43139,False,False,252.0674353
43138,2022-06-17 17:30:00+00:00,1,1,11,-73.72465533,43150,False,False,-73.72465533
43149,2022-06-17 23:00:00+00:00,-1,1,14,14.93474983,43164,False,False,14.93474983
43163,2022-06-18 06:00:00+00:00,1,1,24,-884.1796675,43165,True,False,-250
43177,2022-06-18 13:00:00+00:00,1,2,10,-278.303964,43187,True,False,-250
43187,2022-06-18 18:00:00+00:00,-1,1,10,-317.6503119,43196,True,False,-250
43197,2022-06-18 23:00:00+00:00,1,1,9,-339.1495452,43203,True,False,-250
43206,2022-06-19 03:30:00+00:00,-1,1,11,-60.32806421,43218,False,False,-60.32806421
43217,2022-06-19 09:00:00+00:00,1,1,12,433.0041034,43230,False,False,433.0041034
43229,2022-06-19 15:00:00+00:00,-1,1,10,-337.8667096,43237,True,False,-250
43239,2022-06-19 20:00:00+00:00,1,1,11,-153.9939954,43251,False,False,-153.9939954
43250,2022-06-20 01:30:00+00:00,-1,1,10,-76.88779232,43261,False,False,-76.88779232
43260,2022-06-20 06:30:00+00:00,1,1,14,336.6975347,43275,False,False,336.6975347
43274,2022-06-20 13:30:00+00:00,-1,1,15,91.69742324,43290,False,False,91.69742324
43289,2022-06-20 21:00:00+00:00,1,1,12,-9.902187145,43302,False,False,-9.902187145
43301,2022-06-21 03:00:00+00:00,-1,1,53,-50.69673095,43307,True,False,-250
43319,2022-06-21 12:00:00+00:00,-1,2,35,200.3398554,43323,True,False,-250
43332,2022-06-21 18:30:00+00:00,-1,3,22,328.6767687,43355,False,False,328.6767687
43354,2022-06-22 05:30:00+00:00,1,1,21,-220.4935682,43356,True,False,-250
43363,2022-06-22 10:00:00+00:00,1,2,12,-173.3316613,43376,False,False,-173.3316613
43375,2022-06-22 16:00:00+00:00,-1,1,15,-6.036657616,43391,False,False,-6.036657616
43390,2022-06-22 23:30:00+00:00,1,1,11,133.055147,43402,False,False,133.055147
43401,2022-06-23 05:00:00+00:00,-1,1,29,-175.8656359,43431,False,False,-175.8656359
43419,2022-06-23 14:00:00+00:00,-1,2,11,-126.5620268,43431,False,False,-126.5620268
43430,2022-06-23 19:30:00+00:00,1,1,14,207.0233026,43445,False,False,207.0233026
43444,2022-06-24 02:30:00+00:00,-1,1,14,102.6263173,43459,False,False,102.6263173
43458,2022-06-24 09:30:00+00:00,1,1,13,-20.2875747,43472,False,False,-20.2875747
43471,2022-06-24 16:00:00+00:00,-1,1,9,-152.0683685,43481,False,False,-152.0683685
43480,2022-06-24 20:30:00+00:00,1,1,10,42.5976846,43491,False,False,42.5976846
43490,2022-06-25 01:30:00+00:00,-1,1,34,93.17262129,43525,False,False,93.17262129
43512,2022-06-25 12:30:00+00:00,-1,2,12,20.65824175,43525,False,False,20.65824175
43524,2022-06-25 18:30:00+00:00,1,1,15,158.1778939,43540,False,False,158.1778939
43539,2022-06-26 02:00:00+00:00,-1,1,10,-24.28811307,43550,False,False,-24.28811307
43549,2022-06-26 07:00:00+00:00,1,1,14,-28.09662817,43564,False,False,-28.09662817
43563,2022-06-26 14:00:00+00:00,-1,1,14,7.121046102,43578,False,False,7.121046102
43577,2022-06-26 21:00:00+00:00,1,1,30,-43.80880861,43608,False,False,-43.80880861
43592,2022-06-27 04:30:00+00:00,1,2,15,40.33596644,43608,False,False,40.33596644
43607,2022-06-27 12:00:00+00:00,-1,1,15,213.9634668,43623,False,False,213.9634668
43622,2022-06-27 19:30:00+00:00,1,1,10,-3.479414345,43633,False,False,-3.479414345
43632,2022-06-28 00:30:00+00:00,-1,1,10,24.75804853,43643,False,False,24.75804853
43642,2022-06-28 05:30:00+00:00,1,1,14,87.76582177,43657,False,False,87.76582177
43656,2022-06-28 12:30:00+00:00,-1,1,20,273.9978951,43677,False,False,273.9978951
43676,2022-06-28 22:30:00+00:00,1,1,12,-46.30122432,43689,False,False,-46.30122432
43688,2022-06-29 04:30:00+00:00,-1,1,13,106.2997248,43702,False,False,106.2997248
43701,2022-06-29 11:00:00+00:00,1,1,11,-35.68941591,43713,False,False,-35.68941591
43712,2022-06-29 16:30:00+00:00,-1,1,27,9.802877677,43740,False,False,9.802877677
43727,2022-06-30 00:00:00+00:00,-1,2,12,56.3638173,43740,False,False,56.3638173
43739,2022-06-30 06:00:00+00:00,1,1,27,-513.4022393,43741,True,False,-250
43754,2022-06-30 13:30:00+00:00,1,2,12,-133.3494319,43767,False,False,-133.3494319
43766,2022-06-30 19:30:00+00:00,-1,1,9,-528.469779,43775,True,False,-250
43775,2022-07-01 00:00:00+00:00,1,1,11,-261.3797875,43785,True,False,-250
43786,2022-07-01 05:30:00+00:00,-1,1,15,86.21895912,43802,False,False,86.21895912
43801,2022-07-01 13:00:00+00:00,1,1,11,103.7139204,43813,False,False,103.7139204
43812,2022-07-01 18:30:00+00:00,-1,1,22,121.6620487,43835,False,False,121.6620487
43834,2022-07-02 05:30:00+00:00,1,1,21,-15.39960466,43856,False,False,-15.39960466
43855,2022-07-02 16:00:00+00:00,-1,1,12,-65.68204351,43868,False,False,-65.68204351
43867,2022-07-02 22:00:00+00:00,1,1,51,-53.2518605,43881,True,False,-250
43879,2022-07-03 04:00:00+00:00,1,2,39,-11.04986153,43881,True,False,-250
43895,2022-07-03 12:00:00+00:00,1,3,23,88.0587618,43919,False,False,88.0587618
43918,2022-07-03 23:30:00+00:00,-1,1,15,82.79141079,43934,False,False,82.79141079
43933,2022-07-04 07:00:00+00:00,1,1,18,369.155656,43952,False,False,369.155656
43951,2022-07-04 16:00:00+00:00,-1,1,13,-86.39742512,43965,False,False,-86.39742512
43964,2022-07-04 22:30:00+00:00,1,1,12,133.9439945,43977,False,False,133.9439945
43976,2022-07-05 04:30:00+00:00,-1,1,23,349.500805,44000,False,False,349.500805
43999,2022-07-05 16:00:00+00:00,1,1,16,338.6299757,44016,False,False,338.6299757
44015,2022-07-06 00:00:00+00:00,-1,1,12,68.17375952,44028,False,False,68.17375952
44027,2022-07-06 06:00:00+00:00,1,1,12,28.53122606,44040,False,False,28.53122606
44039,2022-07-06 12:00:00+00:00,-1,1,10,-101.0738726,44050,False,False,-101.0738726
44049,2022-07-06 17:00:00+00:00,1,1,19,63.41892374,44069,False,False,63.41892374
44068,2022-07-07 02:30:00+00:00,-1,1,12,2.924179981,44081,False,False,2.924179981
44080,2022-07-07 08:30:00+00:00,1,1,9,0.1175893593,44090,False,False,0.1175893593
44089,2022-07-07 13:00:00+00:00,-1,1,52,-662.0105094,44093,True,False,-250
44112,2022-07-08 00:30:00+00:00,-1,2,29,-61.13959885,44114,True,False,-250
44123,2022-07-08 06:00:00+00:00,-1,3,18,41.41966343,44142,False,False,41.41966343
44141,2022-07-08 15:00:00+00:00,1,1,11,71.68187017,44153,False,False,71.68187017
44152,2022-07-08 20:30:00+00:00,-1,1,16,162.0674331,44169,False,False,162.0674331
44168,2022-07-09 04:30:00+00:00,1,1,15,-63.15679144,44184,False,False,-63.15679144
44183,2022-07-09 12:00:00+00:00,-1,1,8,-53.10829864,44192,False,False,-53.10829864
44191,2022-07-09 16:00:00+00:00,1,1,9,40.26031787,44201,False,False,40.26031787
44200,2022-07-09 20:30:00+00:00,-1,1,19,125.9748439,44220,False,False,125.9748439
44219,2022-07-10 06:00:00+00:00,1,1,11,-80.23751879,44231,False,False,-80.23751879
44230,2022-07-10 11:30:00+00:00,-1,1,17,128.6140239,44248,False,False,128.6140239
44247,2022-07-10 20:00:00+00:00,1,1,9,-98.29596104,44257,False,False,-98.29596104
44256,2022-07-11 00:30:00+00:00,-1,1,15,135.1861744,44272,False,False,135.1861744
44271,2022-07-11 08:00:00+00:00,1,1,11,62.03218819,44283,False,False,62.03218819
44282,2022-07-11 13:30:00+00:00,-1,1,9,-24.21711615,44292,False,False,-24.21711615
44291,2022-07-11 18:00:00+00:00,1,1,7,-127.1712776,44299,False,False,-127.1712776
44298,2022-07-11 21:30:00+00:00,-1,1,14,177.5867087,44313,False,False,177.5867087
44312,2022-07-12 04:30:00+00:00,1,1,8,-134.2465973,44321,False,False,-134.2465973
44320,2022-07-12 08:30:00+00:00,-1,1,9,-78.33602909,44330,False,False,-78.33602909
44329,2022-07-12 13:00:00+00:00,1,1,11,-31.51876023,44341,False,False,-31.51876023
44340,2022-07-12 18:30:00+00:00,-1,1,14,210.1278927,44355,False,False,210.1278927
44354,2022-07-13 01:30:00+00:00,1,1,12,59.5182212,44367,False,False,59.5182212
44366,2022-07-13 07:30:00+00:00,-1,1,20,-164.8988977,44376,True,False,-250
44377,2022-07-13 13:00:00+00:00,-1,2,9,-357.6416738,44381,True,False,-250
44386,2022-07-13 17:30:00+00:00,1,1,22,164.1912947,44409,False,False,164.1912947
44408,2022-07-14 04:30:00+00:00,-1,1,17,189.0601983,44426,False,False,189.0601983
44425,2022-07-14 13:00:00+00:00,1,1,18,354.8005885,44444,False,False,354.8005885
44443,2022-07-14 22:00:00+00:00,-1,1,11,-14.79834868,44455,False,False,-14.79834868
44454,2022-07-15 03:30:00+00:00,1,1,16,174.8834931,44471,False,False,174.8834931
44470,2022-07-15 11:30:00+00:00,-1,1,15,-83.29945228,44486,False,False,-83.29945228
44485,2022-07-15 19:00:00+00:00,1,1,8,-66.34485631,44494,False,False,-66.34485631
44493,2022-07-15 23:00:00+00:00,-1,1,12,68.53508295,44506,False,False,68.53508295
44505,2022-07-16 05:00:00+00:00,1,1,32,224.606245,44538,False,False,224.606245
44537,2022-07-16 21:00:00+00:00,-1,1,13,-86.46985316,44551,False,False,-86.46985316
44550,2022-07-17 03:30:00+00:00,1,1,13,-17.14664659,44564,False,False,-17.14664659
44563,2022-07-17 10:00:00+00:00,-1,1,24,158.2176557,44588,False,False,158.2176557
44587,2022-07-17 22:00:00+00:00,1,1,28,526.7726802,44616,False,False,526.7726802
44615,2022-07-18 12:00:00+00:00,-1,1,9,-75.29862566,44623,True,False,-250
44624,2022-07-18 16:30:00+00:00,1,1,24,-181.6776015,44630,True,False,-250
44638,2022-07-18 23:30:00+00:00,1,2,10,-115.0678152,44649,False,False,-115.0678152
44648,2022-07-19 04:30:00+00:00,-1,1,12,-0.5024643593,44661,False,False,-0.5024643593
44660,2022-07-19 10:30:00+00:00,1,1,22,717.9626551,44683,False,False,717.9626551
44682,2022-07-19 21:30:00+00:00,-1,1,12,-5.510322799,44695,False,False,-5.510322799
44694,2022-07-20 03:30:00+00:00,1,1,11,-49.2120702,44706,False,False,-49.2120702
44705,2022-07-20 09:00:00+00:00,-1,1,32,46.77593608,44714,True,False,-250
44722,2022-07-20 17:30:00+00:00,-1,2,15,163.5588442,44738,False,False,163.5588442
44737,2022-07-21 01:00:00+00:00,1,1,22,-279.0889496,44742,True,False,-250
44750,2022-07-21 07:30:00+00:00,1,2,9,-171.9460201,44760,False,False,-171.9460201
44759,2022-07-21 12:00:00+00:00,-1,1,10,-195.9680926,44769,True,False,-250
44769,2022-07-21 17:00:00+00:00,1,1,13,58.80984902,44783,False,False,58.80984902
44782,2022-07-21 23:30:00+00:00,-1,1,14,30.56589612,44797,False,False,30.56589612
44796,2022-07-22 06:30:00+00:00,1,1,15,156.2792058,44812,False,False,156.2792058
44811,2022-07-22 14:00:00+00:00,-1,1,19,315.0637135,44831,False,False,315.0637135
44830,2022-07-22 23:30:00+00:00,1,1,13,80.68716272,44844,False,False,80.68716272
44843,2022-07-23 06:00:00+00:00,-1,1,22,311.6825087,44866,False,False,311.6825087
44865,2022-07-23 17:00:00+00:00,1,1,20,124.3231095,44886,False,False,124.3231095
44885,2022-07-24 03:00:00+00:00,-1,1,7,-103.8407094,44893,False,False,-103.8407094
44892,2022-07-24 06:30:00+00:00,1,1,9,-77.44336934,44902,False,False,-77.44336934
44901,2022-07-24 11:00:00+00:00,-1,1,41,263.3896857,44943,False,False,263.3896857
44919,2022-07-24 20:00:00+00:00,-1,2,23,332.0591146,44943,False,False,332.0591146
44942,2022-07-25 07:30:00+00:00,1,1,11,15.3901473,44954,False,False,15.3901473
44953,2022-07-25 13:00:00+00:00,-1,1,10,44.22020369,44964,False,False,44.22020369
44963,2022-07-25 18:00:00+00:00,1,1,11,-106.4527039,44975,False,False,-106.4527039
44974,2022-07-25 23:30:00+00:00,-1,1,13,229.2725451,44988,False,False,229.2725451
44987,2022-07-26 06:00:00+00:00,1,1,11,-18.58628842,44999,False,False,-18.58628842
44998,2022-07-26 11:30:00+00:00,-1,1,13,85.4069668,45012,False,False,85.4069668
45011,2022-07-26 18:00:00+00:00,1,1,18,124.4362862,45030,False,False,124.4362862
45029,2022-07-27 03:00:00+00:00,-1,1,8,-36.03443752,45038,False,False,-36.03443752
45037,2022-07-27 07:00:00+00:00,1,1,10,-33.9630981,45048,False,False,-33.9630981
45047,2022-07-27 12:00:00+00:00,-1,1,36,-970.8341177,45059,True,False,-250
45074,2022-07-28 01:30:00+00:00,-1,2,9,-219.5300431,45077,True,False,-250
45083,2022-07-28 06:00:00+00:00,1,1,32,288.4101382,45097,True,False,-250
45095,2022-07-28 12:00:00+00:00,1,2,20,345.041115,45116,False,False,345.041115
45115,2022-07-28 22:00:00+00:00,-1,1,12,2.604157958,45128,False,False,2.604157958
45127,2022-07-29 04:00:00+00:00,1,1,9,11.02978837,45137,False,False,11.02978837
45136,2022-07-29 08:30:00+00:00,-1,1,13,-41.49363729,45150,False,False,-41.49363729
45149,2022-07-29 15:00:00+00:00,1,1,15,-61.02455706,45165,False,False,-61.02455706
45164,2022-07-29 22:30:00+00:00,-1,1,17,24.42662096,45182,False,False,24.42662096
45181,2022-07-30 07:00:00+00:00,1,1,24,283.001415,45206,False,False,283.001415
45205,2022-07-30 19:00:00+00:00,-1,1,15,297.5975327,45221,False,False,297.5975327
45220,2022-07-31 02:30:00+00:00,1,1,11,-24.96339795,45232,False,False,-24.96339795
45231,2022-07-31 08:00:00+00:00,-1,1,8,-39.4504172,45240,False,False,-39.4504172
45239,2022-07-31 12:00:00+00:00,1,1,11,-30.97782092,45251,False,False,-30.97782092
45250,2022-07-31 17:30:00+00:00,-1,1,20,169.7281671,45271,False,False,169.7281671
45270,2022-08-01 03:30:00+00:00,1,1,47,-178.3526926,45318,False,False,-178.3526926
45293,2022-08-01 15:00:00+00:00,1,2,24,-223.7943499,45301,True,False,-250
45308,2022-08-01 22:30:00+00:00,1,3,9,-32.62746298,45318,False,False,-32.62746298
45317,2022-08-02 03:00:00+00:00,-1,1,12,44.97908087,45330,False,False,44.97908087
45329,2022-08-02 09:00:00+00:00,1,1,22,58.72692026,45352,False,False,58.72692026
45351,2022-08-02 20:00:00+00:00,-1,1,17,35.50440211,45369,False,False,35.50440211
45368,2022-08-03 04:30:00+00:00,1,1,18,180.3929455,45387,False,False,180.3929455
45386,2022-08-03 13:30:00+00:00,-1,1,9,-75.82661185,45396,False,False,-75.82661185
45395,2022-08-03 18:00:00+00:00,1,1,27,-187.9715752,45406,True,False,-250
45413,2022-08-04 03:00:00+00:00,1,2,9,-53.36341605,45423,False,False,-53.36341605
45422,2022-08-04 07:30:00+00:00,-1,1,12,32.24803184,45435,False,False,32.24803184
45434,2022-08-04 13:30:00+00:00,1,1,7,-154.6542254,45442,False,False,-154.6542254
45441,2022-08-04 17:00:00+00:00,-1,1,12,-21.96310888,45454,False,False,-21.96310888
45453,2022-08-04 23:00:00+00:00,1,1,18,243.0080315,45472,False,False,243.0080315
45471,2022-08-05 08:00:00+00:00,-1,1,9,-91.49169098,45481,False,False,-91.49169098
45480,2022-08-05 12:30:00+00:00,1,1,30,-91.66201656,45492,True,False,-250
45498,2022-08-05 21:30:00+00:00,1,2,12,4.15007392,45511,False,False,4.15007392
45510,2022-08-06 03:30:00+00:00,-1,1,10,-12.10439186,45521,False,False,-12.10439186
45520,2022-08-06 08:30:00+00:00,1,1,15,-6.964424154,45536,False,False,-6.964424154
45535,2022-08-06 16:00:00+00:00,-1,1,9,25.79537907,45545,False,False,25.79537907
45544,2022-08-06 20:30:00+00:00,1,1,27,-70.43476833,45572,False,False,-70.43476833
45560,2022-08-07 04:30:00+00:00,1,2,11,-14.1103668,45572,False,False,-14.1103668
45571,2022-08-07 10:00:00+00:00,-1,1,35,-141.9297114,45607,False,False,-141.9297114
45584,2022-08-07 16:30:00+00:00,-1,2,22,-82.17111007,45607,False,False,-82.17111007
45599,2022-08-08 00:00:00+00:00,-1,3,7,-54.96657997,45607,False,False,-54.96657997
45606,2022-08-08 03:30:00+00:00,1,1,21,377.5307744,45628,False,False,377.5307744
45627,2022-08-08 14:00:00+00:00,-1,1,13,87.87692847,45641,False,False,87.87692847
45640,2022-08-08 20:30:00+00:00,1,1,8,-59.08871149,45649,False,False,-59.08871149
45648,2022-08-09 00:30:00+00:00,-1,1,9,-31.60618326,45658,False,False,-31.60618326
45657,2022-08-09 05:00:00+00:00,1,1,8,-48.91638536,45666,False,False,-48.91638536
45665,2022-08-09 09:00:00+00:00,-1,1,17,278.7025687,45683,False,False,278.7025687
45682,2022-08-09 17:30:00+00:00,1,1,14,-39.96774214,45697,False,False,-39.96774214
45696,2022-08-10 00:30:00+00:00,-1,1,11,59.71245635,45708,False,False,59.71245635
45707,2022-08-10 06:00:00+00:00,1,1,26,311.7637964,45734,False,False,311.7637964
45733,2022-08-10 19:00:00+00:00,-1,1,9,-123.252859,45739,True,False,-250
45742,2022-08-10 23:30:00+00:00,1,1,17,225.0951843,45760,False,False,225.0951843
45759,2022-08-11 08:00:00+00:00,-1,1,10,-175.5390973,45770,False,False,-175.5390973
45769,2022-08-11 13:00:00+00:00,1,1,36,-363.1172591,45780,True,False,-250
45796,2022-08-12 02:30:00+00:00,1,2,9,17.55632655,45806,False,False,17.55632655
45805,2022-08-12 07:00:00+00:00,-1,1,16,54.24577509,45822,False,False,54.24577509
45821,2022-08-12 15:00:00+00:00,1,1,14,124.6066709,45836,False,False,124.6066709
45835,2022-08-12 22:00:00+00:00,-1,1,32,-140.891762,45846,True,False,-250
45854,2022-08-13 07:30:00+00:00,-1,2,13,83.87698043,45868,False,False,83.87698043
45867,2022-08-13 14:00:00+00:00,1,1,11,-35.95946388,45879,False,False,-35.95946388
45878,2022-08-13 19:30:00+00:00,-1,1,11,-63.15616798,45890,False,False,-63.15616798
45889,2022-08-14 01:00:00+00:00,1,1,11,40.75311761,45901,False,False,40.75311761
45900,2022-08-14 06:30:00+00:00,-1,1,29,125.0101469,45930,False,False,125.0101469
45909,2022-08-14 11:00:00+00:00,-1,2,20,123.4066737,45930,False,False,123.4066737
45929,2022-08-14 21:00:00+00:00,1,1,20,-78.50390464,45950,False,False,-78.50390464
45949,2022-08-15 07:00:00+00:00,-1,1,12,72.49678943,45962,False,False,72.49678943
45961,2022-08-15 13:00:00+00:00,1,1,12,58.83825739,45974,False,False,58.83825739
45973,2022-08-15 19:00:00+00:00,-1,1,11,45.21883427,45985,False,False,45.21883427
45984,2022-08-16 00:30:00+00:00,1,1,9,-7.084514086,45994,False,False,-7.084514086
45993,2022-08-16 05:00:00+00:00,-1,1,9,-47.95863047,46003,False,False,-47.95863047
46002,2022-08-16 09:30:00+00:00,1,1,8,-60.18095791,46011,False,False,-60.18095791
46010,2022-08-16 13:30:00+00:00,-1,1,10,-7.515971439,46021,False,False,-7.515971439
46020,2022-08-16 18:30:00+00:00,1,1,10,-46.73092168,46031,False,False,-46.73092168
46030,2022-08-16 23:30:00+00:00,-1,1,37,158.4573465,46068,False,False,158.4573465
46048,2022-08-17 08:30:00+00:00,-1,2,19,125.3417455,46068,False,False,125.3417455
46067,2022-08-17 18:00:00+00:00,1,1,9,-49.41006091,46077,False,False,-49.41006091
46076,2022-08-17 22:30:00+00:00,-1,1,22,-47.08702538,46099,False,False,-47.08702538
46090,2022-08-18 05:30:00+00:00,-1,2,8,-8.528420963,46099,False,False,-8.528420963
46098,2022-08-18 09:30:00+00:00,1,1,10,-32.3803843,46109,False,False,-32.3803843
46108,2022-08-18 14:30:00+00:00,-1,1,12,-2.992092327,46121,False,False,-2.992092327
46120,2022-08-18 20:30:00+00:00,1,1,47,-885.8217246,46130,True,False,-250
46140,2022-08-19 06:30:00+00:00,1,2,27,-623.7911025,46141,True,False,-250
46157,2022-08-19 15:00:00+00:00,1,3,10,-4.686255213,46168,False,False,-4.686255213
46167,2022-08-19 20:00:00+00:00,-1,1,13,90.4871302,46181,False,False,90.4871302
46180,2022-08-20 02:30:00+00:00,1,1,13,28.38758516,46194,False,False,28.38758516
46193,2022-08-20 09:00:00+00:00,-1,1,9,-42.46084167,46203,False,False,-42.46084167
46202,2022-08-20 13:30:00+00:00,1,1,9,-13.6239782,46212,False,False,-13.6239782
46211,2022-08-20 18:00:00+00:00,-1,1,11,28.69642941,46223,False,False,28.69642941
46222,2022-08-20 23:30:00+00:00,1,1,11,3.774297037,46234,False,False,3.774297037
46233,2022-08-21 05:00:00+00:00,-1,1,29,-151.3865308,46263,False,False,-151.3865308
46252,2022-08-21 14:30:00+00:00,-1,2,10,-60.2916433,46263,False,False,-60.2916433
46262,2022-08-21 19:30:00+00:00,1,1,10,-26.01626016,46273,False,False,-26.01626016
46272,2022-08-22 00:30:00+00:00,-1,1,11,18.63151521,46284,False,False,18.63151521
46283,2022-08-22 06:00:00+00:00,1,1,25,-128.3307667,46309,False,False,-128.3307667
46295,2022-08-22 12:00:00+00:00,1,2,13,-41.42736089,46309,False,False,-41.42736089
46308,2022-08-22 18:30:00+00:00,-1,1,10,-24.58163941,46319,False,False,-24.58163941
46318,2022-08-22 23:30:00+00:00,1,1,11,23.57823258,46330,False,False,23.57823258
46329,2022-08-23 05:00:00+00:00,-1,1,8,-97.85472337,46338,False,False,-97.85472337
46337,2022-08-23 09:00:00+00:00,1,1,15,-47.52143123,46353,False,False,-47.52143123
46352,2022-08-23 16:30:00+00:00,-1,1,8,-101.1141279,46361,False,False,-101.1141279
46360,2022-08-23 20:30:00+00:00,1,1,9,-82.49142645,46370,False,False,-82.49142645
46369,2022-08-24 01:00:00+00:00,-1,1,10,-14.95327103,46380,False,False,-14.95327103
46379,2022-08-24 06:00:00+00:00,1,1,10,-66.72265771,46390,False,False,-66.72265771
46389,2022-08-24 11:00:00+00:00,-1,1,32,-114.1434544,46400,True,False,-250
46410,2022-08-24 21:30:00+00:00,-1,2,11,83.36019896,46422,False,False,83.36019896
46421,2022-08-25 03:00:00+00:00,1,1,15,80.80995727,46437,False,False,80.80995727
46436,2022-08-25 10:30:00+00:00,-1,1,18,40.08108357,46455,False,False,40.08108357
46454,2022-08-25 19:30:00+00:00,1,1,10,-39.7798233,46465,False,False,-39.7798233
46464,2022-08-26 00:30:00+00:00,-1,1,7,-12.53889379,46472,False,False,-12.53889379
46471,2022-08-26 04:00:00+00:00,1,1,66,-632.6530612,46494,True,False,-250
46483,2022-08-26 10:00:00+00:00,1,2,54,-581.9809737,46494,True,False,-250
46508,2022-08-26 22:30:00+00:00,1,3,29,-225.0617105,46511,True,False,-250
46527,2022-08-27 08:00:00+00:00,1,4,10,-39.45551391,46538,False,False,-39.45551391
46537,2022-08-27 13:00:00+00:00,-1,1,14,88.13626461,46552,False,False,88.13626461
46551,2022-08-27 20:00:00+00:00,1,1,15,-10.4905585,46567,False,False,-10.4905585
46566,2022-08-28 03:30:00+00:00,-1,1,7,-21.00315047,46574,False,False,-21.00315047
46573,2022-08-28 07:00:00+00:00,1,1,28,-19.462049,46602,False,False,-19.462049
46592,2022-08-28 16:30:00+00:00,1,2,9,-55.1936751,46602,False,False,-55.1936751
46601,2022-08-28 21:00:00+00:00,-1,1,14,64.5,46616,False,False,64.5
46615,2022-08-29 04:00:00+00:00,1,1,13,-25.16229681,46629,False,False,-25.16229681
46628,2022-08-29 10:30:00+00:00,-1,1,29,-221.9867817,46636,True,False,-250
46647,2022-08-29 20:00:00+00:00,-1,2,10,-81.10259727,46658,False,False,-81.10259727
46657,2022-08-30 01:00:00+00:00,1,1,17,78.96944869,46675,False,False,78.96944869
46674,2022-08-30 09:30:00+00:00,-1,1,21,231.6243083,46696,False,False,231.6243083
46695,2022-08-30 20:00:00+00:00,1,1,22,149.8897133,46718,False,False,149.8897133
46717,2022-08-31 07:00:00+00:00,-1,1,10,-26.17671754,46728,False,False,-26.17671754
46727,2022-08-31 12:00:00+00:00,1,1,25,-102.4630542,46753,False,False,-102.4630542
46744,2022-08-31 20:30:00+00:00,1,2,8,-66.74247293,46753,False,False,-66.74247293
46752,2022-09-01 00:30:00+00:00,-1,1,21,38.82142146,46774,False,False,38.82142146
46773,2022-09-01 11:00:00+00:00,1,1,8,-157.8894774,46782,False,False,-157.8894774
46781,2022-09-01 15:00:00+00:00,-1,1,9,-50.76657529,46791,False,False,-50.76657529
46790,2022-09-01 19:30:00+00:00,1,1,13,126.2753814,46804,False,False,126.2753814
46803,2022-09-02 02:00:00+00:00,-1,1,12,-28.43176377,46816,False,False,-28.43176377
46815,2022-09-02 08:00:00+00:00,1,1,19,-104.9490177,46835,False,False,-104.9490177
46834,2022-09-02 17:30:00+00:00,-1,1,11,-51.27174022,46846,False,False,-51.27174022
46845,2022-09-02 23:00:00+00:00,1,1,11,-32.00640128,46857,False,False,-32.00640128
46856,2022-09-03 04:30:00+00:00,-1,1,14,46.65863937,46871,False,False,46.65863937
46870,2022-09-03 11:30:00+00:00,1,1,9,-31.25157518,46880,False,False,-31.25157518
46879,2022-09-03 16:00:00+00:00,-1,1,13,-20.73115235,46893,False,False,-20.73115235
46892,2022-09-03 22:30:00+00:00,1,1,9,-11.60561106,46902,False,False,-11.60561106
46901,2022-09-04 03:00:00+00:00,-1,1,14,7.577671129,46916,False,False,7.577671129
46915,2022-09-04 10:00:00+00:00,1,1,10,-14.15571284,46926,False,False,-14.15571284
46925,2022-09-04 15:00:00+00:00,-1,1,38,-10.63183475,46964,False,False,-10.63183475
46942,2022-09-04 23:30:00+00:00,-1,2,21,78.2778865,46964,False,False,78.2778865
46963,2022-09-05 10:00:00+00:00,1,1,18,-15.17220452,46982,False,False,-15.17220452
46981,2022-09-05 19:00:00+00:00,-1,1,10,-28.36448361,46992,False,False,-28.36448361
46991,2022-09-06 00:00:00+00:00,1,1,8,-9.091368251,47000,False,False,-9.091368251
46999,2022-09-06 04:00:00+00:00,-1,1,40,491.8861534,47040,False,False,491.8861534
47018,2022-09-06 13:30:00+00:00,-1,2,21,526.8459756,47040,False,False,526.8459756
47039,2022-09-07 00:00:00+00:00,1,1,17,-4.253509145,47057,False,False,-4.253509145
47056,2022-09-07 08:30:00+00:00,-1,1,11,-13.29787234,47068,False,False,-13.29787234
47067,2022-09-07 14:00:00+00:00,1,1,23,253.9176627,47091,False,False,253.9176627
47090,2022-09-08 01:30:00+00:00,-1,1,9,-1.554162565,47100,False,False,-1.554162565
47099,2022-09-08 06:00:00+00:00,1,1,15,-102.0408163,47115,False,False,-102.0408163
47114,2022-09-08 13:30:00+00:00,-1,1,55,-1145.010205,47142,True,False,-250
47136,2022-09-09 00:30:00+00:00,-1,2,33,-989.1640867,47143,True,False,-250
47159,2022-09-09 12:00:00+00:00,-1,3,10,-169.0302249,47170,False,False,-169.0302249
47169,2022-09-09 17:00:00+00:00,1,1,12,27.70343241,47182,False,False,27.70343241
47181,2022-09-09 23:00:00+00:00,-1,1,11,2.80951489,47193,False,False,2.80951489
47192,2022-09-10 04:30:00+00:00,1,1,9,-4.683840749,47202,False,False,-4.683840749
47201,2022-09-10 09:00:00+00:00,-1,1,13,35.61387067,47215,False,False,35.61387067
47214,2022-09-10 15:30:00+00:00,1,1,20,145.3160271,47235,False,False,145.3160271
47234,2022-09-11 01:30:00+00:00,-1,1,9,-12.51564456,47244,False,False,-12.51564456
47243,2022-09-11 06:00:00+00:00,1,1,13,3.240740741,47257,False,False,3.240740741
47256,2022-09-11 12:30:00+00:00,-1,1,9,-38.87629009,47266,False,False,-38.87629009
47265,2022-09-11 17:00:00+00:00,1,1,7,-32.73246969,47273,False,False,-32.73246969
47272,2022-09-11 20:30:00+00:00,-1,1,47,-377.4283071,47283,True,False,-250
47288,2022-09-12 04:30:00+00:00,-1,2,31,-329.1745316,47296,True,False,-250
47310,2022-09-12 15:30:00+00:00,-1,3,9,-47.46977161,47320,False,False,-47.46977161
47319,2022-09-12 20:00:00+00:00,1,1,9,-128.8108397,47329,False,False,-128.8108397
47328,2022-09-13 00:30:00+00:00,-1,1,9,-66.82620671,47338,False,False,-66.82620671
47337,2022-09-13 05:00:00+00:00,1,1,9,26.01480153,47347,False,False,26.01480153
47346,2022-09-13 09:30:00+00:00,-1,1,25,993.6026484,47372,False,False,993.6026484
47371,2022-09-13 22:00:00+00:00,1,1,13,84.44267832,47385,False,False,84.44267832
47384,2022-09-14 04:30:00+00:00,-1,1,11,-16.74711851,47396,False,False,-16.74711851
47395,2022-09-14 10:00:00+00:00,1,1,34,-113.0999213,47412,True,False,-250
47419,2022-09-14 22:00:00+00:00,1,2,10,-45.54906426,47430,False,False,-45.54906426
47429,2022-09-15 03:00:00+00:00,-1,1,9,-66.14940814,47439,False,False,-66.14940814
47438,2022-09-15 07:30:00+00:00,1,1,11,-57.31508474,47450,False,False,-57.31508474
47449,2022-09-15 13:00:00+00:00,-1,1,13,207.7225066,47463,False,False,207.7225066
47462,2022-09-15 19:30:00+00:00,1,1,9,-0.5074854098,47472,False,False,-0.5074854098
47471,2022-09-16 00:00:00+00:00,-1,1,10,-61.40885099,47482,False,False,-61.40885099
47481,2022-09-16 05:00:00+00:00,1,1,46,30.76923077,47528,False,False,30.76923077
47512,2022-09-16 20:30:00+00:00,1,2,15,111.3540448,47528,False,False,111.3540448
47527,2022-09-17 04:00:00+00:00,-1,1,12,1.005732676,47540,False,False,1.005732676
47539,2022-09-17 10:00:00+00:00,1,1,21,64.37336552,47561,False,False,64.37336552
47560,2022-09-17 20:30:00+00:00,-1,1,17,-0,47578,False,False,-0
47577,2022-09-18 05:00:00+00:00,1,1,10,-95.44273436,47588,False,False,-95.44273436
47587,2022-09-18 10:00:00+00:00,-1,1,49,637.707482,47637,False,False,637.707482
47636,2022-09-19 10:30:00+00:00,1,1,15,221.479765,47652,False,False,221.479765
47651,2022-09-19 18:00:00+00:00,-1,1,27,-270.455504,47655,True,False,-250
47668,2022-09-20 02:30:00+00:00,-1,2,10,-3.080872914,47679,False,False,-3.080872914
47678,2022-09-20 07:30:00+00:00,1,1,46,-319.7987783,47690,True,False,-250
47696,2022-09-20 16:30:00+00:00,1,2,28,-81.00147275,47725,False,False,-81.00147275
47717,2022-09-21 03:00:00+00:00,1,3,7,-82.04480909,47725,False,False,-82.04480909
47724,2022-09-21 06:30:00+00:00,-1,1,9,-134.1605685,47734,False,False,-134.1605685
47733,2022-09-21 11:00:00+00:00,1,1,12,69.07016901,47746,False,False,69.07016901
47745,2022-09-21 17:00:00+00:00,-1,1,20,259.3150756,47747,True,False,-250
47765,2022-09-22 03:00:00+00:00,1,1,18,259.2829706,47784,False,False,259.2829706
47783,2022-09-22 12:00:00+00:00,-1,1,12,79.04316173,47796,False,False,79.04316173
47795,2022-09-22 18:00:00+00:00,1,1,15,118.9852186,47811,False,False,118.9852186
47810,2022-09-23 01:30:00+00:00,-1,1,8,-55.42605543,47819,False,False,-55.42605543
47818,2022-09-23 05:30:00+00:00,1,1,42,-123.634865,47829,True,False,-250
47842,2022-09-23 17:30:00+00:00,1,2,18,237.0781717,47861,False,False,237.0781717
47860,2022-09-24 02:30:00+00:00,-1,1,14,82.93344461,47875,False,False,82.93344461
47874,2022-09-24 09:30:00+00:00,1,1,12,20.51228107,47887,False,False,20.51228107
47886,2022-09-24 15:30:00+00:00,-1,1,11,-46.18937644,47898,False,False,-46.18937644
47897,2022-09-24 21:00:00+00:00,1,1,26,-51.20167189,47924,False,False,-51.20167189
47907,2022-09-25 02:00:00+00:00,1,2,16,31.60889264,47924,False,False,31.60889264
47923,2022-09-25 10:00:00+00:00,-1,1,15,63.01859048,47939,False,False,63.01859048
47938,2022-09-25 17:30:00+00:00,1,1,26,-89.84251136,47965,False,False,-89.84251136
47956,2022-09-26 02:30:00+00:00,1,2,8,-76.73175636,47965,False,False,-76.73175636
47964,2022-09-26 06:30:00+00:00,-1,1,26,-234.1083618,47969,True,False,-250
47977,2022-09-26 13:00:00+00:00,-1,2,13,-51.85417976,47991,False,False,-51.85417976
47990,2022-09-26 19:30:00+00:00,1,1,27,493.4604763,48018,False,False,493.4604763
48017,2022-09-27 09:00:00+00:00,-1,1,12,-32.27728672,48030,False,False,-32.27728672
48029,2022-09-27 15:00:00+00:00,1,1,24,-776.6173341,48032,True,False,-250
48045,2022-09-27 23:00:00+00:00,1,2,8,-227.6064611,48052,True,False,-250
48053,2022-09-28 03:00:00+00:00,-1,1,12,-57.95857036,48066,False,False,-57.95857036
48065,2022-09-28 09:00:00+00:00,1,1,20,429.5165937,48086,False,False,429.5165937
48085,2022-09-28 19:00:00+00:00,-1,1,18,20.97508569,48104,False,False,20.97508569
48103,2022-09-29 04:00:00+00:00,1,1,43,-29.22177791,48123,True,False,-250
48116,2022-09-29 10:30:00+00:00,1,2,30,14.9330587,48123,True,False,-250
48130,2022-09-29 17:30:00+00:00,1,3,16,2.057084083,48147,False,False,2.057084083
48146,2022-09-30 01:30:00+00:00,-1,1,9,-2.056661011,48156,False,False,-2.056661011
48155,2022-09-30 06:00:00+00:00,1,1,11,32.8998098,48167,False,False,32.8998098
48166,2022-09-30 11:30:00+00:00,-1,1,30,52.77450428,48173,True,False,-250
48183,2022-09-30 20:00:00+00:00,-1,2,13,36.94960484,48197,False,False,36.94960484
48196,2022-10-01 02:30:00+00:00,1,1,8,-59.23560317,48205,False,False,-59.23560317
48204,2022-10-01 06:30:00+00:00,-1,1,9,-15.54484688,48214,False,False,-15.54484688
48213,2022-10-01 11:00:00+00:00,1,1,13,-23.79843758,48227,False,False,-23.79843758
48226,2022-10-01 17:30:00+00:00,-1,1,10,-17.63211119,48237,False,False,-17.63211119
48236,2022-10-01 22:30:00+00:00,1,1,10,-8.282859657,48247,False,False,-8.282859657
48246,2022-10-02 03:30:00+00:00,-1,1,26,53.88321849,48273,False,False,53.88321849
48272,2022-10-02 16:30:00+00:00,1,1,11,0,48284,False,False,0
48283,2022-10-02 22:00:00+00:00,-1,1,10,20.83658905,48294,False,False,20.83658905
48293,2022-10-03 03:00:00+00:00,1,1,14,1.044004802,48308,False,False,1.044004802
48307,2022-10-03 10:00:00+00:00,-1,1,37,-217.1303304,48325,True,False,-250
48332,2022-10-03 22:30:00+00:00,-1,2,12,-9.71568828,48345,False,False,-9.71568828
48344,2022-10-04 04:30:00+00:00,1,1,16,194.1251596,48361,False,False,194.1251596
48360,2022-10-04 12:30:00+00:00,-1,1,14,-83.18717114,48375,False,False,-83.18717114
48374,2022-10-04 19:30:00+00:00,1,1,11,33.29854381,48386,False,False,33.29854381
48385,2022-10-05 01:00:00+00:00,-1,1,12,-36.16009511,48398,False,False,-36.16009511
48397,2022-10-05 07:00:00+00:00,1,1,29,-113.5185825,48412,True,False,-250
48417,2022-10-05 17:00:00+00:00,1,2,9,-100.8154188,48427,False,False,-100.8154188
48426,2022-10-05 21:30:00+00:00,-1,1,30,-89.36148969,48457,False,False,-89.36148969
48445,2022-10-06 07:00:00+00:00,-1,2,11,-12.38543473,48457,False,False,-12.38543473
48456,2022-10-06 12:30:00+00:00,1,1,34,-129.1439881,48491,False,False,-129.1439881
48482,2022-10-07 01:30:00+00:00,1,2,8,-31.97921351,48491,False,False,-31.97921351
48490,2022-10-07 05:30:00+00:00,-1,1,8,-20.55240864,48499,False,False,-20.55240864
48498,2022-10-07 09:30:00+00:00,1,1,34,-203.6018009,48505,True,False,-250
48520,2022-10-07 20:30:00+00:00,1,2,12,20.46768664,48533,False,False,20.46768664
48532,2022-10-08 02:30:00+00:00,-1,1,11,40.34111219,48544,False,False,40.34111219
48543,2022-10-08 08:00:00+00:00,1,1,12,-9.741591468,48556,False,False,-9.741591468
48555,2022-10-08 14:00:00+00:00,-1,1,7,-9.237875289,48563,False,False,-9.237875289
48562,2022-10-08 17:30:00+00:00,1,1,32,-50.24867969,48595,False,False,-50.24867969
48578,2022-10-09 01:30:00+00:00,1,2,16,-4.635829814,48595,False,False,-4.635829814
48594,2022-10-09 09:30:00+00:00,-1,1,31,-54.62509662,48626,False,False,-54.62509662
48610,2022-10-09 17:30:00+00:00,-1,2,15,-7.693885925,48626,False,False,-7.693885925
48625,2022-10-10 01:00:00+00:00,1,1,9,-22.55138127,48635,False,False,-22.55138127
48634,2022-10-10 05:30:00+00:00,-1,1,14,49.82791391,48649,False,False,49.82791391
48648,2022-10-10 12:30:00+00:00,1,1,8,-93.44346928,48657,False,False,-93.44346928
48656,2022-10-10 16:30:00+00:00,-1,1,11,-28.14112252,48668,False,False,-28.14112252
48667,2022-10-10 22:00:00+00:00,1,1,27,-72.75372863,48695,False,False,-72.75372863
48682,2022-10-11 05:30:00+00:00,1,2,12,23.08620599,48695,False,False,23.08620599
48694,2022-10-11 11:30:00+00:00,-1,1,12,-13.61042768,48707,False,False,-13.61042768
48706,2022-10-11 17:30:00+00:00,1,1,37,-5.750431282,48744,False,False,-5.750431282
48719,2022-10-12 00:00:00+00:00,1,2,24,29.90399245,48744,False,False,29.90399245
48743,2022-10-12 12:00:00+00:00,-1,1,10,9.938278063,48754,False,False,9.938278063
48753,2022-10-12 17:00:00+00:00,1,1,15,29.32090685,48769,False,False,29.32090685
48768,2022-10-13 00:30:00+00:00,-1,1,13,49.5954059,48782,False,False,49.5954059
48781,2022-10-13 07:00:00+00:00,1,1,34,164.7429171,48793,True,False,-250
48800,2022-10-13 16:30:00+00:00,1,2,15,221.5891105,48816,False,False,221.5891105
48815,2022-10-14 00:00:00+00:00,-1,1,26,-225.0438732,48819,True,False,-250
48832,2022-10-14 08:30:00+00:00,-1,2,9,-123.153968,48842,False,False,-123.153968
48841,2022-10-14 13:00:00+00:00,1,1,31,-314.4876325,48848,True,False,-250
48861,2022-10-14 23:00:00+00:00,1,2,11,13.56922916,48873,False,False,13.56922916
48872,2022-10-15 04:30:00+00:00,-1,1,13,16.15677281,48886,False,False,16.15677281
48885,2022-10-15 11:00:00+00:00,1,1,8,-6.786385467,48894,False,False,-6.786385467
48893,2022-10-15 15:00:00+00:00,-1,1,18,37.08927545,48912,False,False,37.08927545
48911,2022-10-16 00:00:00+00:00,1,1,10,34.08137584,48922,False,False,34.08137584
48921,2022-10-16 05:00:00+00:00,-1,1,51,-70.02142447,48973,False,False,-70.02142447
48949,2022-10-16 19:00:00+00:00,-1,2,23,-71.07394826,48973,False,False,-71.07394826
48961,2022-10-17 01:00:00+00:00,-1,3,11,-19.75770811,48973,False,False,-19.75770811
48972,2022-10-17 06:30:00+00:00,1,1,21,124.020549,48994,False,False,124.020549
48993,2022-10-17 17:00:00+00:00,-1,1,11,-37.92926704,49005,False,False,-37.92926704
49004,2022-10-17 22:30:00+00:00,1,1,9,-47.99836601,49014,False,False,-47.99836601
49013,2022-10-18 03:00:00+00:00,-1,1,39,98.51205747,49053,False,False,98.51205747
49027,2022-10-18 10:00:00+00:00,-1,2,25,116.7673871,49053,False,False,116.7673871
49052,2022-10-18 22:30:00+00:00,1,1,10,-11.91833351,49063,False,False,-11.91833351
49062,2022-10-19 03:30:00+00:00,-1,1,14,21.78988327,49077,False,False,21.78988327
49076,2022-10-19 10:30:00+00:00,1,1,54,-38.47553684,49131,False,False,-38.47553684
49113,2022-10-20 05:00:00+00:00,1,2,17,-14.07276139,49131,False,False,-14.07276139
49130,2022-10-20 13:30:00+00:00,-1,1,20,68.37517616,49151,False,False,68.37517616
49150,2022-10-20 23:30:00+00:00,1,1,12,7.357578306,49163,False,False,7.357578306
49162,2022-10-21 05:30:00+00:00,-1,1,18,23.10681651,49181,False,False,23.10681651
49180,2022-10-21 14:30:00+00:00,1,1,15,83.16664912,49196,False,False,83.16664912
49195,2022-10-21 22:00:00+00:00,-1,1,13,1.044059303,49209,False,False,1.044059303
49208,2022-10-22 04:30:00+00:00,1,1,11,-4.69875744,49220,False,False,-4.69875744
49219,2022-10-22 10:00:00+00:00,-1,1,24,-30.81744581,49244,False,False,-30.81744581
49234,2022-10-22 17:30:00+00:00,-1,2,9,-5.731256187,49244,False,False,-5.731256187
49243,2022-10-22 22:00:00+00:00,1,1,9,-4.165798792,49253,False,False,-4.165798792
49252,2022-10-23 02:30:00+00:00,-1,1,15,5.209418629,49268,False,False,5.209418629
49267,2022-10-23 10:00:00+00:00,1,1,31,133.4306265,49299,False,False,133.4306265
49298,2022-10-24 01:30:00+00:00,-1,1,14,66.35119844,49313,False,False,66.35119844
49312,2022-10-24 08:30:00+00:00,1,1,11,18.12250816,49324,False,False,18.12250816
49323,2022-10-24 14:00:00+00:00,-1,1,11,-11.8875336,49335,False,False,-11.8875336
49334,2022-10-24 19:30:00+00:00,1,1,10,-26.84425172,49345,False,False,-26.84425172
49344,2022-10-25 00:30:00+00:00,-1,1,9,-12.9406284,49354,False,False,-12.9406284
49353,2022-10-25 05:00:00+00:00,1,1,36,376.344086,49390,False,False,376.344086
49368,2022-10-25 12:30:00+00:00,1,2,21,407.009903,49390,False,False,407.009903
49389,2022-10-25 23:00:00+00:00,-1,1,10,-90.17536867,49400,False,False,-90.17536867
49399,2022-10-26 04:00:00+00:00,1,1,19,101.2195724,49419,False,False,101.2195724
49418,2022-10-26 13:30:00+00:00,-1,1,18,-198.455372,49421,True,False,-250
49436,2022-10-26 22:30:00+00:00,1,1,7,-65.18404908,49444,False,False,-65.18404908
49443,2022-10-27 02:00:00+00:00,-1,1,23,9.166345041,49467,False,False,9.166345041
49466,2022-10-27 13:30:00+00:00,1,1,37,-302.7669129,49488,True,False,-250
49493,2022-10-28 03:00:00+00:00,1,2,10,-69.23153002,49504,False,False,-69.23153002
49503,2022-10-28 08:00:00+00:00,-1,1,10,-66.2284633,49514,False,False,-66.2284633
49513,2022-10-28 13:00:00+00:00,1,1,15,230.5218897,49529,False,False,230.5218897
49528,2022-10-28 20:30:00+00:00,-1,1,12,-15.95667521,49541,False,False,-15.95667521
49540,2022-10-29 02:30:00+00:00,1,1,9,-10.13807087,49550,False,False,-10.13807087
49549,2022-10-29 07:00:00+00:00,-1,1,18,-115.4979945,49568,False,False,-115.4979945
49559,2022-10-29 12:00:00+00:00,-1,2,8,-108.6589076,49568,False,False,-108.6589076
49567,2022-10-29 16:00:00+00:00,1,1,9,-36.3080451,49577,False,False,-36.3080451
49576,2022-10-29 20:30:00+00:00,-1,1,14,23.97391638,49591,False,False,23.97391638
49590,2022-10-30 03:30:00+00:00,1,1,12,-9.131981159,49603,False,False,-9.131981159
49602,2022-10-30 09:30:00+00:00,-1,1,12,36.08024246,49615,False,False,36.08024246
49614,2022-10-30 15:30:00+00:00,1,1,14,-87.87176516,49629,False,False,-87.87176516
49628,2022-10-30 22:30:00+00:00,-1,1,14,-28.73843156,49643,False,False,-28.73843156
49642,2022-10-31 05:30:00+00:00,1,1,17,-117.0527952,49660,False,False,-117.0527952
49659,2022-10-31 14:00:00+00:00,-1,1,13,-21.13229801,49673,False,False,-21.13229801
49672,2022-10-31 20:30:00+00:00,1,1,14,53.94536805,49687,False,False,53.94536805
49686,2022-11-01 03:30:00+00:00,-1,1,31,20.48680552,49718,False,False,20.48680552
49703,2022-11-01 12:00:00+00:00,-1,2,14,31.18452468,49718,False,False,31.18452468
49717,2022-11-01 19:00:00+00:00,1,1,12,30.7932939,49730,False,False,30.7932939
49729,2022-11-02 01:00:00+00:00,-1,1,28,42.3935289,49758,False,False,42.3935289
49757,2022-11-02 15:00:00+00:00,1,1,10,-94.93516026,49768,False,False,-94.93516026
49767,2022-11-02 20:00:00+00:00,-1,1,12,-32.60708463,49780,False,False,-32.60708463
49779,2022-11-03 02:00:00+00:00,1,1,12,-0.4924410302,49792,False,False,-0.4924410302
49791,2022-11-03 08:00:00+00:00,-1,1,14,-2.462326406,49806,False,False,-2.462326406
49805,2022-11-03 15:00:00+00:00,1,1,12,-35.94111565,49818,False,False,-35.94111565
49817,2022-11-03 21:00:00+00:00,-1,1,9,-8.40003953,49827,False,False,-8.40003953
49826,2022-11-04 01:30:00+00:00,1,1,20,172.7968403,49847,False,False,172.7968403
49846,2022-11-04 11:30:00+00:00,-1,1,49,-387.7699587,49852,True,False,-250
49859,2022-11-04 18:00:00+00:00,-1,2,36,-301.7760023,49873,True,False,-250
49883,2022-11-05 06:00:00+00:00,-1,3,12,-8.416721219,49896,False,False,-8.416721219
49895,2022-11-05 12:00:00+00:00,1,1,14,-54.19547748,49910,False,False,-54.19547748
49909,2022-11-05 19:00:00+00:00,-1,1,28,15.50169109,49938,False,False,15.50169109
49937,2022-11-06 09:00:00+00:00,1,1,9,-14.11432604,49947,False,False,-14.11432604
49946,2022-11-06 13:30:00+00:00,-1,1,33,173.3804476,49980,False,False,173.3804476
49979,2022-11-07 06:00:00+00:00,1,1,24,-74.79503284,50004,False,False,-74.79503284
49992,2022-11-07 12:30:00+00:00,1,2,11,2.415925783,50004,False,False,2.415925783
50003,2022-11-07 18:00:00+00:00,-1,1,33,471.474808,50037,False,False,471.474808
50036,2022-11-08 10:30:00+00:00,1,1,9,-156.1470215,50046,False,False,-156.1470215
50045,2022-11-08 15:00:00+00:00,-1,1,19,449.6060153,50048,True,False,-250
50064,2022-11-09 00:30:00+00:00,1,1,14,-117.5582399,50070,True,False,-250
50078,2022-11-09 07:30:00+00:00,-1,1,15,377.6055877,50094,False,False,377.6055877
50093,2022-11-09 15:00:00+00:00,1,1,36,-477.4866735,50095,True,False,-250
50114,2022-11-10 01:30:00+00:00,1,2,15,376.9620566,50130,False,False,376.9620566
50129,2022-11-10 09:00:00+00:00,-1,1,10,-454.3830395,50139,True,False,-250
50139,2022-11-10 14:00:00+00:00,1,1,11,-124.7507833,50151,False,False,-124.7507833
50150,2022-11-10 19:30:00+00:00,-1,1,22,84.79464698,50153,True,False,-250
50172,2022-11-11 06:30:00+00:00,1,1,10,86.10157659,50183,False,False,86.10157659
50182,2022-11-11 11:30:00+00:00,-1,1,15,303.9741593,50198,False,False,303.9741593
50197,2022-11-11 19:00:00+00:00,1,1,14,27.36466389,50212,False,False,27.36466389
50211,2022-11-12 02:00:00+00:00,-1,1,13,83.64973897,50225,False,False,83.64973897
50224,2022-11-12 08:30:00+00:00,1,1,10,43.67334729,50235,False,False,43.67334729
50234,2022-11-12 13:30:00+00:00,-1,1,23,-21.44388849,50258,False,False,-21.44388849
50257,2022-11-13 01:00:00+00:00,1,1,10,5.943889681,50268,False,False,5.943889681
50267,2022-11-13 06:00:00+00:00,-1,1,14,149.1030058,50282,False,False,149.1030058
50281,2022-11-13 13:00:00+00:00,1,1,9,-50.05125731,50291,False,False,-50.05125731
50290,2022-11-13 17:30:00+00:00,-1,1,57,73.93939394,50330,True,False,-250
50331,2022-11-14 14:00:00+00:00,-1,2,16,196.9234453,50348,False,False,196.9234453
50347,2022-11-14 22:00:00+00:00,1,1,15,213.0907315,50363,False,False,213.0907315
50362,2022-11-15 05:30:00+00:00,-1,1,35,-77.12082262,50398,False,False,-77.12082262
50397,2022-11-15 23:00:00+00:00,1,1,15,-27.88324632,50413,False,False,-27.88324632
50412,2022-11-16 06:30:00+00:00,-1,1,24,140.4009757,50437,False,False,140.4009757
50436,2022-11-16 18:30:00+00:00,1,1,17,-3.016955289,50454,False,False,-3.016955289
50453,2022-11-17 03:00:00+00:00,-1,1,10,-16.29647513,50464,False,False,-16.29647513
50463,2022-11-17 08:00:00+00:00,1,1,12,-73.51611931,50476,False,False,-73.51611931
50475,2022-11-17 14:00:00+00:00,-1,1,43,-160.2622473,50496,True,False,-250
50493,2022-11-17 23:00:00+00:00,-1,2,25,-19.75574713,50519,False,False,-19.75574713
50506,2022-11-18 05:30:00+00:00,-1,3,12,51.71184023,50519,False,False,51.71184023
50518,2022-11-18 11:30:00+00:00,1,1,8,-44.21341937,50527,False,False,-44.21341937
50526,2022-11-18 15:30:00+00:00,-1,1,12,7.801716378,50539,False,False,7.801716378
50538,2022-11-18 21:30:00+00:00,1,1,11,-24.62462462,50550,False,False,-24.62462462
50549,2022-11-19 03:00:00+00:00,-1,1,11,23.48124511,50561,False,False,23.48124511
50560,2022-11-19 08:30:00+00:00,1,1,12,38.62401931,50573,False,False,38.62401931
50572,2022-11-19 14:30:00+00:00,-1,1,13,9.017674642,50586,False,False,9.017674642
50585,2022-11-19 21:00:00+00:00,1,1,11,36.70497623,50597,False,False,36.70497623
50596,2022-11-20 02:30:00+00:00,-1,1,11,-18.58513189,50608,False,False,-18.58513189
50607,2022-11-20 08:00:00+00:00,1,1,26,-119.0832386,50634,False,False,-119.0832386
50624,2022-11-20 16:30:00+00:00,1,2,9,-21.75489485,50634,False,False,-21.75489485
50633,2022-11-20 21:00:00+00:00,-1,1,18,190.7703488,50652,False,False,190.7703488
50651,2022-11-21 06:00:00+00:00,1,1,12,-83.96616657,50664,False,False,-83.96616657
50663,2022-11-21 12:00:00+00:00,-1,1,25,96.50706681,50689,False,False,96.50706681
50688,2022-11-22 00:30:00+00:00,1,1,11,-80.47277757,50700,False,False,-80.47277757
50699,2022-11-22 06:00:00+00:00,-1,1,11,32.95728229,50711,False,False,32.95728229
50710,2022-11-22 11:30:00+00:00,1,1,15,253.7199542,50726,False,False,253.7199542
50725,2022-11-22 19:00:00+00:00,-1,1,10,-45.89147287,50736,False,False,-45.89147287
50735,2022-11-23 00:00:00+00:00,1,1,15,172.2328539,50751,False,False,172.2328539
50750,2022-11-23 07:30:00+00:00,-1,1,23,-24.8816604,50774,False,False,-24.8816604
50773,2022-11-23 19:00:00+00:00,1,1,22,76.27580362,50796,False,False,76.27580362
50795,2022-11-24 06:00:00+00:00,-1,1,15,66.6866927,50811,False,False,66.6866927
50810,2022-11-24 13:30:00+00:00,1,1,13,19.95887263,50824,False,False,19.95887263
50823,2022-11-24 20:00:00+00:00,-1,1,8,-13.27941088,50832,False,False,-13.27941088
50831,2022-11-25 00:00:00+00:00,1,1,30,-39.78539996,50862,False,False,-39.78539996
50848,2022-11-25 08:30:00+00:00,1,2,13,61.50286201,50862,False,False,61.50286201
50861,2022-11-25 15:00:00+00:00,-1,1,10,5.446952733,50872,False,False,5.446952733
50871,2022-11-25 20:00:00+00:00,1,1,20,64.79350854,50892,False,False,64.79350854
50891,2022-11-26 06:00:00+00:00,-1,1,10,18.65110403,50902,False,False,18.65110403
50901,2022-11-26 11:00:00+00:00,1,1,9,-47.01627486,50911,False,False,-47.01627486
50910,2022-11-26 15:30:00+00:00,-1,1,13,1.816860465,50924,False,False,1.816860465
50923,2022-11-26 22:00:00+00:00,1,1,21,19.38336665,50945,False,False,19.38336665
50944,2022-11-27 08:30:00+00:00,-1,1,9,-9.068375552,50954,False,False,-9.068375552
50953,2022-11-27 13:00:00+00:00,1,1,10,-18.72432955,50964,False,False,-18.72432955
50963,2022-11-27 18:00:00+00:00,-1,1,27,197.2768533,50991,False,False,197.2768533
50990,2022-11-28 07:30:00+00:00,1,1,12,-18.51966171,51003,False,False,-18.51966171
51002,2022-11-28 13:30:00+00:00,-1,1,9,-20.40942544,51012,False,False,-20.40942544
51011,2022-11-28 18:00:00+00:00,1,1,13,-40.11850389,51025,False,False,-40.11850389
51024,2022-11-29 00:30:00+00:00,-1,1,35,-144.388672,51060,False,False,-144.388672
51045,2022-11-29 11:00:00+00:00,-1,2,14,79.99030421,51060,False,False,79.99030421
51059,2022-11-29 18:00:00+00:00,1,1,13,48.86988393,51073,False,False,48.86988393
51072,2022-11-30 00:30:00+00:00,-1,1,26,-265.0455927,51073,True,False,-250
51085,2022-11-30 07:00:00+00:00,-1,2,13,-16.60932495,51099,False,False,-16.60932495
51098,2022-11-30 13:30:00+00:00,1,1,25,136.2075092,51124,False,False,136.2075092
51123,2022-12-01 02:00:00+00:00,-1,1,14,1.752745969,51138,False,False,1.752745969
51137,2022-12-01 09:00:00+00:00,1,1,11,-47.33243733,51149,False,False,-47.33243733
51148,2022-12-01 14:30:00+00:00,-1,1,14,67.51996242,51163,False,False,67.51996242
51162,2022-12-01 21:30:00+00:00,1,1,11,2.955606786,51174,False,False,2.955606786
51173,2022-12-02 03:00:00+00:00,-1,1,9,-8.864200449,51183,False,False,-8.864200449
51182,2022-12-02 07:30:00+00:00,1,1,14,-22.43608667,51197,False,False,-22.43608667
51196,2022-12-02 14:30:00+00:00,-1,1,9,-34.91330848,51206,False,False,-34.91330848
51205,2022-12-02 19:00:00+00:00,1,1,14,59.55891025,51220,False,False,59.55891025
51219,2022-12-03 02:00:00+00:00,-1,1,17,43.96506243,51237,False,False,43.96506243
51236,2022-12-03 10:30:00+00:00,1,1,9,-21.19642016,51246,False,False,-21.19642016
51245,2022-12-03 15:00:00+00:00,-1,1,21,-38.35260798,51267,False,False,-38.35260798
51266,2022-12-04 01:30:00+00:00,1,1,14,1.763357433,51281,False,False,1.763357433
51280,2022-12-04 08:30:00+00:00,-1,1,14,-18.21814763,51295,False,False,-18.21814763
51294,2022-12-04 15:30:00+00:00,1,1,15,34.02358186,51310,False,False,34.02358186
51309,2022-12-04 23:00:00+00:00,-1,1,48,94.70914937,51358,False,False,94.70914937
51331,2022-12-05 10:00:00+00:00,-1,2,26,212.5815955,51358,False,False,212.5815955
51357,2022-12-05 23:00:00+00:00,1,1,12,36.59328336,51370,False,False,36.59328336
51369,2022-12-06 05:00:00+00:00,-1,1,10,15.2896207,51380,False,False,15.2896207
51379,2022-12-06 10:00:00+00:00,1,1,12,2.355851346,51392,False,False,2.355851346
51391,2022-12-06 16:00:00+00:00,-1,1,11,-2.944120591,51403,False,False,-2.944120591
51402,2022-12-06 21:30:00+00:00,1,1,12,24.72333412,51415,False,False,24.72333412
51414,2022-12-07 03:30:00+00:00,-1,1,18,139.7533764,51433,False,False,139.7533764
51432,2022-12-07 12:30:00+00:00,1,1,11,8.337303478,51444,False,False,8.337303478
51443,2022-12-07 18:00:00+00:00,-1,1,9,-11.90051172,51453,False,False,-11.90051172
51452,2022-12-07 22:30:00+00:00,1,1,9,13.07500297,51462,False,False,13.07500297
51461,2022-12-08 03:00:00+00:00,-1,1,12,5.935422602,51474,False,False,5.935422602
51473,2022-12-08 09:00:00+00:00,1,1,31,216.7715881,51505,False,False,216.7715881
51504,2022-12-09 00:30:00+00:00,-1,1,13,-10.46329129,51518,False,False,-10.46329129
51517,2022-12-09 07:00:00+00:00,1,1,14,-37.74461413,51532,False,False,-37.74461413
51531,2022-12-09 14:00:00+00:00,-1,1,12,9.32618326,51544,False,False,9.32618326
51543,2022-12-09 20:00:00+00:00,1,1,16,5.250875146,51560,False,False,5.250875146
51559,2022-12-10 04:00:00+00:00,-1,1,44,-8.746865706,51604,False,False,-8.746865706
51589,2022-12-10 19:00:00+00:00,-1,2,14,14.54418523,51604,False,False,14.54418523
51603,2022-12-11 02:00:00+00:00,1,1,15,3.495688651,51619,False,False,3.495688651
51618,2022-12-11 09:30:00+00:00,-1,1,13,6.988934188,51632,False,False,6.988934188
51631,2022-12-11 16:00:00+00:00,1,1,10,-30.30656254,51642,False,False,-30.30656254
51641,2022-12-11 21:00:00+00:00,-1,1,19,94.70361277,51661,False,False,94.70361277
51660,2022-12-12 06:30:00+00:00,1,1,14,18.29556185,51675,False,False,18.29556185
51674,2022-12-12 13:30:00+00:00,-1,1,11,-32.4005891,51686,False,False,-32.4005891
51685,2022-12-12 19:00:00+00:00,1,1,15,63.41749853,51701,False,False,63.41749853
51700,2022-12-13 02:30:00+00:00,-1,1,10,-2.91749329,51711,False,False,-2.91749329
51710,2022-12-13 07:30:00+00:00,1,1,22,323.7473021,51733,False,False,323.7473021
51732,2022-12-13 18:30:00+00:00,-1,1,11,-41.2475986,51744,False,False,-41.2475986
51743,2022-12-14 00:00:00+00:00,1,1,10,-1.12542907,51754,False,False,-1.12542907
51753,2022-12-14 05:00:00+00:00,-1,1,8,-39.39445101,51762,False,False,-39.39445101
51761,2022-12-14 09:00:00+00:00,1,1,22,-25.78619878,51784,False,False,-25.78619878
51783,2022-12-14 20:00:00+00:00,-1,1,14,41.58938909,51798,False,False,41.58938909
51797,2022-12-15 03:00:00+00:00,1,1,11,-34.42632203,51809,False,False,-34.42632203
51808,2022-12-15 08:30:00+00:00,-1,1,8,-36.24419527,51817,False,False,-36.24419527
51816,2022-12-15 12:30:00+00:00,1,1,23,-203.7016138,51840,False,False,-203.7016138
51831,2022-12-15 20:00:00+00:00,1,2,8,-48.15133276,51840,False,False,-48.15133276
51839,2022-12-16 00:00:00+00:00,-1,1,32,223.4894303,51872,False,False,223.4894303
51850,2022-12-16 05:30:00+00:00,-1,2,21,242.0374842,51872,False,False,242.0374842
51871,2022-12-16 16:00:00+00:00,1,1,14,-137.8660225,51886,False,False,-137.8660225
51885,2022-12-16 23:00:00+00:00,-1,1,12,15.53258857,51898,False,False,15.53258857
51897,2022-12-17 05:00:00+00:00,1,1,11,-2.393346497,51909,False,False,-2.393346497
51908,2022-12-17 10:30:00+00:00,-1,1,12,10.7726375,51921,False,False,10.7726375
51920,2022-12-17 16:30:00+00:00,1,1,19,16.17638248,51940,False,False,16.17638248
51939,2022-12-18 02:00:00+00:00,-1,1,23,-5.383419069,51963,False,False,-5.383419069
51962,2022-12-18 13:30:00+00:00,1,1,24,46.03335924,51987,False,False,46.03335924
51986,2022-12-19 01:30:00+00:00,-1,1,12,33.92049512,51999,False,False,33.92049512
51998,2022-12-19 07:30:00+00:00,1,1,11,0,52010,False,False,0
52009,2022-12-19 13:00:00+00:00,-1,1,18,95.53949961,52028,False,False,95.53949961
52027,2022-12-19 22:00:00+00:00,1,1,23,148.9117984,52051,False,False,148.9117984
52036,2022-12-20 02:30:00+00:00,1,2,14,151.3598263,52051,False,False,151.3598263
52050,2022-12-20 09:30:00+00:00,-1,1,11,-40.9884757,52062,False,False,-40.9884757
52061,2022-12-20 15:00:00+00:00,1,1,8,-35.4966574,52070,False,False,-35.4966574
52069,2022-12-20 19:00:00+00:00,-1,1,24,2.968592294,52094,False,False,2.968592294
52093,2022-12-21 07:00:00+00:00,1,1,12,1.781684286,52106,False,False,1.781684286
52105,2022-12-21 13:00:00+00:00,-1,1,18,29.0956594,52124,False,False,29.0956594
52123,2022-12-21 22:00:00+00:00,1,1,15,22.62982373,52139,False,False,22.62982373
52138,2022-12-22 05:30:00+00:00,-1,1,9,-11.28936423,52148,False,False,-11.28936423
52147,2022-12-22 10:00:00+00:00,1,1,34,1.187014066,52182,False,False,1.187014066
52169,2022-12-22 21:00:00+00:00,1,2,12,42.91078133,52182,False,False,42.91078133
52181,2022-12-23 03:00:00+00:00,-1,1,11,12.46216842,52193,False,False,12.46216842
52192,2022-12-23 08:30:00+00:00,1,1,12,-18.41948901,52205,False,False,-18.41948901
52204,2022-12-23 14:30:00+00:00,-1,1,8,-25.00148818,52213,False,False,-25.00148818
52212,2022-12-23 18:30:00+00:00,1,1,24,-14.25093522,52237,False,False,-14.25093522
52227,2022-12-24 02:00:00+00:00,1,2,9,0,52237,False,False,0
52236,2022-12-24 06:30:00+00:00,-1,1,17,-10.70345484,52254,False,False,-10.70345484
52253,2022-12-24 15:00:00+00:00,1,1,11,4.158004158,52265,False,False,4.158004158
52264,2022-12-24 20:30:00+00:00,-1,1,9,-0.593753711,52274,False,False,-0.593753711
52273,2022-12-25 01:00:00+00:00,1,1,59,11.87436917,52333,False,False,11.87436917
52289,2022-12-25 09:00:00+00:00,1,2,43,19.01253639,52333,False,False,19.01253639
52316,2022-12-25 22:30:00+00:00,1,3,16,23.776972,52333,False,False,23.776972
52332,2022-12-26 06:30:00+00:00,-1,1,11,-0,52344,False,False,-0
52343,2022-12-26 12:00:00+00:00,1,1,8,-32.61578604,52352,False,False,-32.61578604
52351,2022-12-26 16:00:00+00:00,-1,1,9,-20.22846264,52361,False,False,-20.22846264
52360,2022-12-26 20:30:00+00:00,1,1,15,15.43759648,52376,False,False,15.43759648
52375,2022-12-27 04:00:00+00:00,-1,1,38,109.082286,52414,False,False,109.082286
52413,2022-12-27 23:00:00+00:00,1,1,10,-25.77319588,52424,False,False,-25.77319588
52423,2022-12-28 04:00:00+00:00,-1,1,11,5.408328826,52435,False,False,5.408328826
52434,2022-12-28 09:30:00+00:00,1,1,45,-49.3025493,52480,False,False,-49.3025493
52466,2022-12-29 01:30:00+00:00,1,2,13,1.20860527,52480,False,False,1.20860527
52479,2022-12-29 08:00:00+00:00,-1,1,31,-46.52567976,52511,False,False,-46.52567976
52499,2022-12-29 18:00:00+00:00,-1,2,11,-9.029617144,52511,False,False,-9.029617144
52510,2022-12-29 23:30:00+00:00,1,1,7,-18.0429422,52518,False,False,-18.0429422
52517,2022-12-30 03:00:00+00:00,-1,1,18,63.26444538,52536,False,False,63.26444538
52535,2022-12-30 12:00:00+00:00,1,1,26,51.54014067,52562,False,False,51.54014067
52561,2022-12-31 01:00:00+00:00,-1,1,14,11.46166375,52576,False,False,11.46166375
52575,2022-12-31 08:00:00+00:00,1,1,19,7.851189757,52595,False,False,7.851189757
52594,2022-12-31 17:30:00+00:00,-1,1,17,18.70738036,52612,False,False,18.70738036
52611,2023-01-01 02:00:00+00:00,1,1,28,3.627569528,52640,False,False,3.627569528
52629,2023-01-01 11:00:00+00:00,1,2,10,7.863061755,52640,False,False,7.863061755
52639,2023-01-01 16:00:00+00:00,-1,1,25,-56.20693823,52665,False,False,-56.20693823
52655,2023-01-02 00:00:00+00:00,-1,2,9,-14.44477881,52665,False,False,-14.44477881
52664,2023-01-02 04:30:00+00:00,1,1,17,47.47881483,52682,False,False,47.47881483
52681,2023-01-02 13:00:00+00:00,-1,1,10,5.383419069,52692,False,False,5.383419069
52691,2023-01-02 18:00:00+00:00,1,1,11,-1.196959722,52703,False,False,-1.196959722
52702,2023-01-02 23:30:00+00:00,-1,1,11,14.36523613,52714,False,False,14.36523613
52713,2023-01-03 05:00:00+00:00,1,1,13,22.77767788,52727,False,False,22.77767788
52726,2023-01-03 11:30:00+00:00,-1,1,18,40.06937384,52745,False,False,40.06937384
52744,2023-01-03 20:30:00+00:00,1,1,26,118.8903567,52771,False,False,118.8903567
52770,2023-01-04 09:30:00+00:00,-1,1,13,2.967006883,52784,False,False,2.967006883
52783,2023-01-04 16:00:00+00:00,1,1,10,-29.08529709,52794,False,False,-29.08529709
52793,2023-01-04 21:00:00+00:00,-1,1,11,-16.66865103,52805,False,False,-16.66865103
52804,2023-01-05 02:30:00+00:00,1,1,10,-19.61250446,52815,False,False,-19.61250446
52814,2023-01-05 07:30:00+00:00,-1,1,9,-22.62847615,52824,False,False,-22.62847615
52823,2023-01-05 12:00:00+00:00,1,1,14,4.753134098,52838,False,False,4.753134098
52837,2023-01-05 19:00:00+00:00,-1,1,41,47.50875943,52879,False,False,47.50875943
52845,2023-01-05 23:00:00+00:00,-1,2,33,43.96126656,52879,False,False,43.96126656
52878,2023-01-06 15:30:00+00:00,1,1,20,115.1620025,52899,False,False,115.1620025
52898,2023-01-07 01:30:00+00:00,-1,1,13,3.53940538,52912,False,False,3.53940538
52911,2023-01-07 08:00:00+00:00,1,1,30,-5.310987844,52942,False,False,-5.310987844
52941,2023-01-07 23:00:00+00:00,-1,1,11,-1.180846667,52953,False,False,-1.180846667
52952,2023-01-08 04:30:00+00:00,1,1,11,-2.951768109,52964,False,False,-2.951768109
52963,2023-01-08 10:00:00+00:00,-1,1,10,-8.267391048,52974,False,False,-8.267391048
52973,2023-01-08 15:00:00+00:00,1,1,32,142.1996696,53006,False,False,142.1996696
53005,2023-01-09 07:00:00+00:00,-1,1,10,-29.67013788,53016,False,False,-29.67013788
53015,2023-01-09 12:00:00+00:00,1,1,18,-13.34106729,53034,False,False,-13.34106729
53033,2023-01-09 21:00:00+00:00,-1,1,12,20.90956613,53046,False,False,20.90956613
53045,2023-01-10 03:00:00+00:00,1,1,19,30.2659915,53065,False,False,30.2659915
53064,2023-01-10 12:30:00+00:00,-1,1,36,-114.8958394,53101,False,False,-114.8958394
53087,2023-01-11 00:00:00+00:00,-1,2,13,9.743237047,53101,False,False,9.743237047
53100,2023-01-11 06:30:00+00:00,1,1,11,2.294762205,53112,False,False,2.294762205
53111,2023-01-11 12:00:00+00:00,-1,1,13,-31.54574132,53125,False,False,-31.54574132
53124,2023-01-11 18:30:00+00:00,1,1,24,369.3539165,53149,False,False,369.3539165
53148,2023-01-12 06:30:00+00:00,-1,1,11,-34.7375386,53160,False,False,-34.7375386
53159,2023-01-12 12:00:00+00:00,1,1,25,354.4150778,53185,False,False,354.4150778
53184,2023-01-13 00:30:00+00:00,-1,1,12,8.490766292,53197,False,False,8.490766292
53196,2023-01-13 06:30:00+00:00,1,1,13,19.65158275,53210,False,False,19.65158275
53209,2023-01-13 13:00:00+00:00,-1,1,48,-1084.548105,53218,True,False,-250
53244,2023-01-14 06:30:00+00:00,-1,2,13,-7.657334291,53258,False,False,-7.657334291
53257,2023-01-14 13:00:00+00:00,1,1,11,-108.0770886,53269,False,False,-108.0770886
53268,2023-01-14 18:30:00+00:00,-1,1,8,-99.1056321,53277,False,False,-99.1056321
53276,2023-01-14 22:30:00+00:00,1,1,29,-92.38870273,53306,False,False,-92.38870273
53292,2023-01-15 06:30:00+00:00,1,2,13,-36.58595292,53306,False,False,-36.58595292
53305,2023-01-15 13:00:00+00:00,-1,1,24,-137.2179543,53330,False,False,-137.2179543
53318,2023-01-15 19:30:00+00:00,-1,2,11,-59.93479095,53330,False,False,-59.93479095
53329,2023-01-16 01:00:00+00:00,1,1,11,85.31528526,53341,False,False,85.31528526
53340,2023-01-16 06:30:00+00:00,-1,1,14,153.1190926,53355,False,False,153.1190926
53354,2023-01-16 13:30:00+00:00,1,1,18,181.4167787,53373,False,False,181.4167787
53372,2023-01-16 22:30:00+00:00,-1,1,12,5.65664184,53385,False,False,5.65664184
53384,2023-01-17 04:30:00+00:00,1,1,13,-33.01575323,53398,False,False,-33.01575323
53397,2023-01-17 11:00:00+00:00,-1,1,33,-91.33068332,53431,False,False,-91.33068332
53408,2023-01-17 16:30:00+00:00,-1,2,22,-78.92995557,53431,False,False,-78.92995557
53422,2023-01-17 23:30:00+00:00,-1,3,8,-48.53453963,53431,False,False,-48.53453963
53430,2023-01-18 03:30:00+00:00,1,1,10,-40.7971864,53441,False,False,-40.7971864
53440,2023-01-18 08:30:00+00:00,-1,1,11,-83.81203503,53452,False,False,-83.81203503
53451,2023-01-18 14:00:00+00:00,1,1,35,-273.160254,53455,True,False,-250
53472,2023-01-19 00:30:00+00:00,1,2,14,58.91158434,53487,False,False,58.91158434
53486,2023-01-19 07:30:00+00:00,-1,1,13,23.04258077,53500,False,False,23.04258077
53499,2023-01-19 14:00:00+00:00,1,1,18,139.0559592,53518,False,False,139.0559592
53517,2023-01-19 23:00:00+00:00,-1,1,24,50.77828398,53542,False,False,50.77828398
53541,2023-01-20 11:00:00+00:00,1,1,33,764.130694,53575,False,False,764.130694
53574,2023-01-21 03:30:00+00:00,-1,1,11,-63.80998804,53586,False,False,-63.80998804
53585,2023-01-21 09:00:00+00:00,1,1,14,135.1767866,53600,False,False,135.1767866
53599,2023-01-21 16:00:00+00:00,-1,1,25,96.88070206,53625,False,False,96.88070206
53609,2023-01-21 21:00:00+00:00,-1,2,15,132.4617982,53625,False,False,132.4617982
53624,2023-01-22 04:30:00+00:00,1,1,11,28.51502522,53636,False,False,28.51502522
53635,2023-01-22 10:00:00+00:00,-1,1,9,-34.12073491,53645,False,False,-34.12073491
53644,2023-01-22 14:30:00+00:00,1,1,10,-54.93068271,53655,False,False,-54.93068271
53654,2023-01-22 19:30:00+00:00,-1,1,10,14.46607049,53665,False,False,14.46607049
53664,2023-01-23 00:30:00+00:00,1,1,11,-21.51104087,53676,False,False,-21.51104087
53675,2023-01-23 06:00:00+00:00,-1,1,9,-73.03123625,53685,False,False,-73.03123625
53684,2023-01-23 10:30:00+00:00,1,1,9,-113.1201957,53694,False,False,-113.1201957
53693,2023-01-23 15:00:00+00:00,-1,1,46,-100.7200601,53740,False,False,-100.7200601
53727,2023-01-24 08:00:00+00:00,-1,2,12,83.70196895,53740,False,False,83.70196895
53739,2023-01-24 14:00:00+00:00,1,1,41,-121.1458561,53781,False,False,-121.1458561
53768,2023-01-25 04:30:00+00:00,1,2,12,-29.57404546,53781,False,False,-29.57404546
53780,2023-01-25 10:30:00+00:00,-1,1,13,-21.6929343,53794,False,False,-21.6929343
53793,2023-01-25 17:00:00+00:00,1,1,19,260.6352432,53813,False,False,260.6352432
53812,2023-01-26 02:30:00+00:00,-1,1,16,104.1890903,53829,False,False,104.1890903
53828,2023-01-26 10:30:00+00:00,1,1,12,1.305199043,53841,False,False,1.305199043
53840,2023-01-26 16:30:00+00:00,-1,1,9,-58.29128241,53850,False,False,-58.29128241
53849,2023-01-26 21:00:00+00:00,1,1,28,-73.95554018,53859,True,False,-250
53867,2023-01-27 06:00:00+00:00,1,2,10,-39.92535694,53878,False,False,-39.92535694
53877,2023-01-27 11:00:00+00:00,-1,1,10,6.099952072,53888,False,False,6.099952072
53887,2023-01-27 16:00:00+00:00,1,1,12,66.26847452,53900,False,False,66.26847452
53899,2023-01-27 22:00:00+00:00,-1,1,11,-2.598640045,53911,False,False,-2.598640045
53910,2023-01-28 03:30:00+00:00,1,1,33,-20.35072527,53944,False,False,-20.35072527
53932,2023-01-28 14:30:00+00:00,1,2,11,27.4091799,53944,False,False,27.4091799
53943,2023-01-28 20:00:00+00:00,-1,1,10,-32.10690732,53954,False,False,-32.10690732
53953,2023-01-29 01:00:00+00:00,1,1,13,31.13917481,53967,False,False,31.13917481
53966,2023-01-29 07:30:00+00:00,-1,1,44,-214.2795551,53990,True,False,-250
53988,2023-01-29 18:30:00+00:00,-1,2,22,-33.88251239,54011,False,False,-33.88251239
53999,2023-01-30 00:00:00+00:00,-1,3,11,24.00202122,54011,False,False,24.00202122
54010,2023-01-30 05:30:00+00:00,1,1,29,-386.6447174,54023,True,False,-250
54031,2023-01-30 16:00:00+00:00,1,2,8,-174.2956987,54040,False,False,-174.2956987
54039,2023-01-30 20:00:00+00:00,-1,1,11,-10.53787047,54051,False,False,-10.53787047
54050,2023-01-31 01:30:00+00:00,1,1,10,-4.386157288,54061,False,False,-4.386157288
54060,2023-01-31 06:30:00+00:00,-1,1,36,-109.7020492,54097,False,False,-109.7020492
54087,2023-01-31 20:00:00+00:00,-1,2,9,56.1094566,54097,False,False,56.1094566
54096,2023-02-01 00:30:00+00:00,1,1,13,8.680932332,54110,False,False,8.680932332
54109,2023-02-01 07:00:00+00:00,-1,1,10,-9.974413461,54120,False,False,-9.974413461
54119,2023-02-01 12:00:00+00:00,1,1,9,-29.46018543,54129,False,False,-29.46018543
54128,2023-02-01 16:30:00+00:00,-1,1,35,-359.3464847,54137,True,False,-250
54151,2023-02-02 04:00:00+00:00,-1,2,12,8.381878379,54164,False,False,8.381878379
54163,2023-02-02 10:00:00+00:00,1,1,10,-97.73079988,54174,False,False,-97.73079988
54173,2023-02-02 15:00:00+00:00,-1,1,25,44.05286344,54199,False,False,44.05286344
54198,2023-02-03 03:30:00+00:00,1,1,10,-48.92784207,54209,False,False,-48.92784207
54208,2023-02-03 08:30:00+00:00,-1,1,8,-60.28474924,54217,False,False,-60.28474924
54216,2023-02-03 12:30:00+00:00,1,1,13,-47.17382065,54230,False,False,-47.17382065
54229,2023-02-03 19:00:00+00:00,-1,1,10,-0.8540074299,54240,False,False,-0.8540074299
54239,2023-02-04 00:00:00+00:00,1,1,8,-32.44951112,54248,False,False,-32.44951112
54247,2023-02-04 04:00:00+00:00,-1,1,11,5.140286999,54259,False,False,5.140286999
54258,2023-02-04 09:30:00+00:00,1,1,15,33.42904899,54274,False,False,33.42904899
54273,2023-02-04 17:00:00+00:00,-1,1,13,-3.844346675,54287,False,False,-3.844346675
54286,2023-02-04 23:30:00+00:00,1,1,22,-17.93339026,54309,False,False,-17.93339026
54296,2023-02-05 04:30:00+00:00,1,2,12,14.56477039,54309,False,False,14.56477039
54308,2023-02-05 10:30:00+00:00,-1,1,24,172.3842929,54333,False,False,172.3842929
54332,2023-02-05 22:30:00+00:00,1,1,10,-24.37431991,54343,False,False,-24.37431991
54342,2023-02-06 03:30:00+00:00,-1,1,12,39.268729,54355,False,False,39.268729
54354,2023-02-06 09:30:00+00:00,1,1,11,2.19019668,54366,False,False,2.19019668
54365,2023-02-06 15:00:00+00:00,-1,1,25,-18.83156696,54391,False,False,-18.83156696
54378,2023-02-06 21:30:00+00:00,-1,2,12,45.25477568,54391,False,False,45.25477568
54390,2023-02-07 03:30:00+00:00,1,1,11,0,54402,False,False,0
54401,2023-02-07 09:00:00+00:00,-1,1,18,-180.530664,54420,False,False,-180.530664
54419,2023-02-07 18:00:00+00:00,1,1,18,-15.02790897,54438,False,False,-15.02790897
54437,2023-02-08 03:00:00+00:00,-1,1,12,20.21070737,54450,False,False,20.21070737
54449,2023-02-08 09:00:00+00:00,1,1,36,-170.630817,54486,False,False,-170.630817
54474,2023-02-08 21:30:00+00:00,1,2,11,-47.55464421,54486,False,False,-47.55464421
54485,2023-02-09 03:00:00+00:00,-1,1,11,29.80887252,54497,False,False,29.80887252
54496,2023-02-09 08:30:00+00:00,1,1,12,9.233204362,54509,False,False,9.233204362
54508,2023-02-09 14:30:00+00:00,-1,1,23,383.0441467,54532,False,False,383.0441467
54531,2023-02-10 02:00:00+00:00,1,1,11,-22.38158315,54543,False,False,-22.38158315
54542,2023-02-10 07:30:00+00:00,-1,1,15,-1.37337484,54558,False,False,-1.37337484
54557,2023-02-10 15:00:00+00:00,1,1,32,-79.18707374,54590,False,False,-79.18707374
54567,2023-02-10 20:00:00+00:00,1,2,22,-47.29760757,54590,False,False,-47.29760757
54578,2023-02-11 01:30:00+00:00,1,3,11,1.845869866,54590,False,False,1.845869866
54589,2023-02-11 07:00:00+00:00,-1,1,30,-69.20734521,54620,False,False,-69.20734521
54609,2023-02-11 17:00:00+00:00,-1,2,10,-58.06986819,54620,False,False,-58.06986819
54619,2023-02-11 22:00:00+00:00,1,1,10,-0.9164222874,54630,False,False,-0.9164222874
54629,2023-02-12 03:00:00+00:00,-1,1,11,6.415543946,54641,False,False,6.415543946
54640,2023-02-12 08:30:00+00:00,1,1,11,3.668378577,54652,False,False,3.668378577
54651,2023-02-12 14:00:00+00:00,-1,1,28,0.9167583425,54680,False,False,0.9167583425
54666,2023-02-12 21:30:00+00:00,-1,2,13,43.36117577,54680,False,False,43.36117577
54679,2023-02-13 04:00:00+00:00,1,1,11,-115.0637205,54691,False,False,-115.0637205
54690,2023-02-13 09:30:00+00:00,-1,1,12,-43.12943468,54703,False,False,-43.12943468
54702,2023-02-13 15:30:00+00:00,1,1,23,36.94126339,54726,False,False,36.94126339
54725,2023-02-14 03:00:00+00:00,-1,1,9,-17.02245123,54735,False,False,-17.02245123
54734,2023-02-14 07:30:00+00:00,1,1,14,-72.56694071,54749,False,False,-72.56694071
54748,2023-02-14 14:30:00+00:00,-1,1,31,-245.2000925,54749,True,False,-250
54766,2023-02-14 23:30:00+00:00,-1,2,13,35.99550056,54780,False,False,35.99550056
54779,2023-02-15 06:00:00+00:00,1,1,26,377.5118537,54806,False,False,377.5118537
54805,2023-02-15 19:00:00+00:00,-1,1,30,-727.9926896,54808,True,False,-250
54824,2023-02-16 04:30:00+00:00,-1,2,11,13.36735934,54836,False,False,13.36735934
54835,2023-02-16 10:00:00+00:00,1,1,8,-87.6125578,54844,False,False,-87.6125578
54843,2023-02-16 14:00:00+00:00,-1,1,28,239.7904902,54847,True,False,-250
54857,2023-02-16 21:00:00+00:00,-1,2,14,289.8550725,54872,False,False,289.8550725
54871,2023-02-17 04:00:00+00:00,1,1,11,-39.82894516,54883,False,False,-39.82894516
54882,2023-02-17 09:30:00+00:00,-1,1,40,-366.2078545,54898,True,False,-250
54910,2023-02-17 23:30:00+00:00,-1,2,12,-10.97560976,54923,False,False,-10.97560976
54922,2023-02-18 05:30:00+00:00,1,1,29,-4.466642303,54952,False,False,-4.466642303
54937,2023-02-18 13:00:00+00:00,1,2,14,-2.842870487,54952,False,False,-2.842870487
54951,2023-02-18 20:00:00+00:00,-1,1,9,-45.09262268,54961,False,False,-45.09262268
54960,2023-02-19 00:30:00+00:00,1,1,9,4.044162252,54970,False,False,4.044162252
54969,2023-02-19 05:00:00+00:00,-1,1,13,13.74459312,54983,False,False,13.74459312
54982,2023-02-19 11:30:00+00:00,1,1,13,-136.0158685,54996,False,False,-136.0158685
54995,2023-02-19 18:00:00+00:00,-1,1,19,-22.16111955,55015,False,False,-22.16111955
55014,2023-02-20 03:30:00+00:00,1,1,12,41.7673314,55027,False,False,41.7673314
55026,2023-02-20 09:30:00+00:00,-1,1,30,-122.7419158,55057,False,False,-122.7419158
55040,2023-02-20 16:30:00+00:00,-1,2,16,-11.29214389,55057,False,False,-11.29214389
55056,2023-02-21 00:30:00+00:00,1,1,12,48.34031582,55069,False,False,48.34031582
55068,2023-02-21 06:30:00+00:00,-1,1,18,173.588839,55087,False,False,173.588839
55086,2023-02-21 15:30:00+00:00,1,1,12,-115.0503855,55099,False,False,-115.0503855
55098,2023-02-21 21:30:00+00:00,-1,1,25,47.46378307,55124,False,False,47.46378307
55123,2023-02-22 10:00:00+00:00,1,1,9,-54.73998507,55133,False,False,-54.73998507
55132,2023-02-22 14:30:00+00:00,-1,1,12,66.29972479,55145,False,False,66.29972479
55144,2023-02-22 20:30:00+00:00,1,1,19,242.2029132,55164,False,False,242.2029132
55163,2023-02-23 06:00:00+00:00,-1,1,19,163.1147541,55183,False,False,163.1147541
55182,2023-02-23 15:30:00+00:00,1,1,14,-64.57795184,55197,False,False,-64.57795184
55196,2023-02-23 22:30:00+00:00,-1,1,24,-1.677359836,55221,False,False,-1.677359836
55209,2023-02-24 05:00:00+00:00,-1,2,11,39.67259668,55221,False,False,39.67259668
55220,2023-02-24 10:30:00+00:00,1,1,34,-313.1944153,55232,True,False,-250
55242,2023-02-24 21:30:00+00:00,1,2,12,-26.3328297,55255,False,False,-26.3328297
55254,2023-02-25 03:30:00+00:00,-1,1,10,-20.34279778,55265,False,False,-20.34279778
55264,2023-02-25 08:30:00+00:00,1,1,22,-87.2532504,55287,False,False,-87.2532504
55276,2023-02-25 14:30:00+00:00,1,2,10,-41.22548169,55287,False,False,-41.22548169
55286,2023-02-25 19:30:00+00:00,-1,1,7,-75.82029718,55294,False,False,-75.82029718
55293,2023-02-25 23:00:00+00:00,1,1,14,5.189638023,55308,False,False,5.189638023
55307,2023-02-26 06:00:00+00:00,-1,1,8,-63.10784526,55316,False,False,-63.10784526
55315,2023-02-26 10:00:00+00:00,1,1,8,-27.49022808,55324,False,False,-27.49022808
55323,2023-02-26 14:00:00+00:00,-1,1,10,-117.5862515,55334,False,False,-117.5862515
55333,2023-02-26 19:00:00+00:00,1,1,12,2.979991486,55346,False,False,2.979991486
55345,2023-02-27 01:00:00+00:00,-1,1,19,43.83538324,55365,False,False,43.83538324
55364,2023-02-27 10:30:00+00:00,1,1,14,-23.51030179,55379,False,False,-23.51030179
55378,2023-02-27 17:30:00+00:00,-1,1,11,-64.6985732,55390,False,False,-64.6985732
55389,2023-02-27 23:00:00+00:00,1,1,12,-31.50276713,55402,False,False,-31.50276713
55401,2023-02-28 05:00:00+00:00,-1,1,13,26.05056372,55415,False,False,26.05056372
55414,2023-02-28 11:30:00+00:00,1,1,13,76.64311711,55428,False,False,76.64311711
55427,2023-02-28 18:00:00+00:00,-1,1,16,119.4017167,55444,False,False,119.4017167
55443,2023-03-01 02:00:00+00:00,1,1,16,219.3265385,55460,False,False,219.3265385
55459,2023-03-01 10:00:00+00:00,-1,1,12,21.04111434,55472,False,False,21.04111434
55471,2023-03-01 16:00:00+00:00,1,1,24,-89.82414709,55496,False,False,-89.82414709
55488,2023-03-02 00:30:00+00:00,1,2,7,-84.80654825,55496,False,False,-84.80654825
55495,2023-03-02 04:00:00+00:00,-1,1,14,48.5106383,55510,False,False,48.5106383
55509,2023-03-02 11:00:00+00:00,1,1,27,11.54536902,55537,False,False,11.54536902
55525,2023-03-02 19:00:00+00:00,1,2,11,-15.7782516,55537,False,False,-15.7782516
55536,2023-03-03 00:30:00+00:00,-1,1,15,446.7603468,55552,False,False,446.7603468
55551,2023-03-03 08:00:00+00:00,1,1,11,4.917959494,55563,False,False,4.917959494
55562,2023-03-03 13:30:00+00:00,-1,1,10,-3.128072214,55573,False,False,-3.128072214
55572,2023-03-03 18:30:00+00:00,1,1,20,-16.52892562,55593,False,False,-16.52892562
55592,2023-03-04 04:30:00+00:00,-1,1,38,13.42402005,55631,False,False,13.42402005
55630,2023-03-04 23:30:00+00:00,1,1,11,57.80087821,55642,False,False,57.80087821
55641,2023-03-05 05:00:00+00:00,-1,1,13,16.48327171,55655,False,False,16.48327171
55654,2023-03-05 11:30:00+00:00,1,1,12,16.06425703,55667,False,False,16.06425703
55666,2023-03-05 17:30:00+00:00,-1,1,10,16.92951974,55677,False,False,16.92951974
55676,2023-03-05 22:30:00+00:00,1,1,28,-6.247768654,55705,False,False,-6.247768654
55694,2023-03-06 07:30:00+00:00,1,2,10,-14.26915188,55705,False,False,-14.26915188
55704,2023-03-06 12:30:00+00:00,-1,1,25,-9.377511834,55730,False,False,-9.377511834
55719,2023-03-06 20:00:00+00:00,-1,2,10,-8.483657796,55730,False,False,-8.483657796
55729,2023-03-07 01:00:00+00:00,1,1,12,9.814856123,55742,False,False,9.814856123
55741,2023-03-07 07:00:00+00:00,-1,1,13,19.61046486,55755,False,False,19.61046486
55754,2023-03-07 13:30:00+00:00,1,1,31,-111.642031,55786,False,False,-111.642031
55776,2023-03-08 00:30:00+00:00,1,2,9,-36.44708423,55786,False,False,-36.44708423
55785,2023-03-08 05:00:00+00:00,-1,1,12,14.90312966,55798,False,False,14.90312966
55797,2023-03-08 11:00:00+00:00,1,1,15,-67.39032112,55813,False,False,-67.39032112
55812,2023-03-08 18:30:00+00:00,-1,1,20,105.1864669,55833,False,False,105.1864669
55832,2023-03-09 04:30:00+00:00,1,1,9,-27.61159687,55842,False,False,-27.61159687
55841,2023-03-09 09:00:00+00:00,-1,1,11,-35.53299492,55853,False,False,-35.53299492
55852,2023-03-09 14:30:00+00:00,1,1,37,-824.9413712,55861,True,False,-250
55877,2023-03-10 03:00:00+00:00,1,2,12,-40.92837534,55890,False,False,-40.92837534
55889,2023-03-10 09:00:00+00:00,-1,1,10,-118.2779532,55900,False,False,-118.2779532
55899,2023-03-10 14:00:00+00:00,1,1,10,-168.4085393,55901,True,False,-250
55909,2023-03-10 19:00:00+00:00,-1,1,34,-169.781853,55921,True,False,-250
55930,2023-03-11 05:30:00+00:00,-1,2,13,151.2490242,55944,False,False,151.2490242
55943,2023-03-11 12:00:00+00:00,1,1,30,188.2492817,55974,False,False,188.2492817
55973,2023-03-12 03:00:00+00:00,-1,1,68,-778.9555577,56004,True,False,-250
56024,2023-03-13 04:30:00+00:00,-1,2,17,119.8912511,56042,False,False,119.8912511
56041,2023-03-13 13:00:00+00:00,1,1,17,909.870083,56059,False,False,909.870083
56058,2023-03-13 21:30:00+00:00,-1,1,10,-86.00372131,56069,False,False,-86.00372131
56068,2023-03-14 02:30:00+00:00,1,1,11,-1.229861026,56080,False,False,-1.229861026
56079,2023-03-14 08:00:00+00:00,-1,1,7,-145.9614596,56087,False,False,-145.9614596
56086,2023-03-14 11:30:00+00:00,1,1,14,339.0446941,56101,False,False,339.0446941
56100,2023-03-14 18:30:00+00:00,-1,1,13,311.9015048,56114,False,False,311.9015048
56113,2023-03-15 01:00:00+00:00,1,1,11,25.81998628,56125,False,False,25.81998628
56124,2023-03-15 06:30:00+00:00,-1,1,13,-39.83743109,56138,False,False,-39.83743109
56137,2023-03-15 13:00:00+00:00,1,1,7,-241.2825651,56144,True,False,-250
56144,2023-03-15 16:30:00+00:00,-1,1,10,-34.08904222,56155,False,False,-34.08904222
56154,2023-03-15 21:30:00+00:00,1,1,8,-34.38254676,56163,False,False,-34.38254676
56162,2023-03-16 01:30:00+00:00,-1,1,10,-78.85981846,56173,False,False,-78.85981846
56172,2023-03-16 06:30:00+00:00,1,1,15,147.1127593,56188,False,False,147.1127593
56187,2023-03-16 14:00:00+00:00,-1,1,11,-73.4939759,56199,False,False,-73.4939759
56198,2023-03-16 19:30:00+00:00,1,1,28,426.1850656,56227,False,False,426.1850656
56226,2023-03-17 09:30:00+00:00,-1,1,20,-271.1073723,56229,True,False,-250
56237,2023-03-17 15:00:00+00:00,-1,2,9,-197.4108804,56247,False,False,-197.4108804
56246,2023-03-17 19:30:00+00:00,1,1,15,185.0266185,56262,False,False,185.0266185
56261,2023-03-18 03:00:00+00:00,-1,1,10,-26.31771328,56272,False,False,-26.31771328
56271,2023-03-18 08:00:00+00:00,1,1,16,-42.65402844,56288,False,False,-42.65402844
56287,2023-03-18 16:00:00+00:00,-1,1,8,-38.80935818,56296,False,False,-38.80935818
56295,2023-03-18 20:00:00+00:00,1,1,22,-149.8960575,56318,False,False,-149.8960575
56309,2023-03-19 03:00:00+00:00,1,2,8,-65.84029132,56318,False,False,-65.84029132
56317,2023-03-19 07:00:00+00:00,-1,1,8,-45.54206161,56326,False,False,-45.54206161
56325,2023-03-19 11:00:00+00:00,1,1,22,348.3100512,56348,False,False,348.3100512
56347,2023-03-19 22:00:00+00:00,-1,1,17,154.9366007,56365,False,False,154.9366007
56364,2023-03-20 06:30:00+00:00,1,1,14,193.5530552,56379,False,False,193.5530552
56378,2023-03-20 13:30:00+00:00,-1,1,12,126.7035775,56391,False,False,126.7035775
56390,2023-03-20 19:30:00+00:00,1,1,11,41.69811999,56402,False,False,41.69811999
56401,2023-03-21 01:00:00+00:00,-1,1,10,20.0465366,56412,False,False,20.0465366
56411,2023-03-21 06:00:00+00:00,1,1,19,46.98877291,56431,False,False,46.98877291
56430,2023-03-21 15:30:00+00:00,-1,1,18,-55.33737951,56449,False,False,-55.33737951
56448,2023-03-22 00:30:00+00:00,1,1,15,1.775252974,56464,False,False,1.775252974
56463,2023-03-22 08:00:00+00:00,-1,1,9,-34.78878239,56473,False,False,-34.78878239
56472,2023-03-22 12:30:00+00:00,1,1,13,-63.32248479,56486,False,False,-63.32248479
56485,2023-03-22 19:00:00+00:00,-1,1,13,268.7884937,56499,False,False,268.7884937
56498,2023-03-23 01:30:00+00:00,1,1,15,143.0452916,56514,False,False,143.0452916
56513,2023-03-23 09:00:00+00:00,-1,1,13,-300.8115419,56526,True,False,-250
56526,2023-03-23 15:30:00+00:00,1,1,10,-122.5533107,56534,True,False,-250
56536,2023-03-23 20:30:00+00:00,-1,1,12,-39.34914389,56549,False,False,-39.34914389
56548,2023-03-24 02:30:00+00:00,1,1,12,-42.37288136,56561,False,False,-42.37288136
56560,2023-03-24 08:30:00+00:00,-1,1,12,21.63120567,56572,True,False,-250
56572,2023-03-24 14:30:00+00:00,1,1,32,-216.7809801,56586,True,False,-250
56594,2023-03-25 01:30:00+00:00,1,2,10,-6.897052418,56605,False,False,-6.897052418
56604,2023-03-25 06:30:00+00:00,-1,1,11,13.44037197,56616,False,False,13.44037197
56615,2023-03-25 12:00:00+00:00,1,1,13,19.6420777,56629,False,False,19.6420777
56628,2023-03-25 18:30:00+00:00,-1,1,10,29.76838742,56639,False,False,29.76838742
56638,2023-03-25 23:30:00+00:00,1,1,12,20.02621614,56651,False,False,20.02621614
56650,2023-03-26 05:30:00+00:00,-1,1,8,-69.40659181,56659,False,False,-69.40659181
56658,2023-03-26 09:30:00+00:00,1,1,14,43.66654637,56673,False,False,43.66654637
56672,2023-03-26 16:30:00+00:00,-1,1,11,-11.13865833,56684,False,False,-11.13865833
56683,2023-03-26 22:00:00+00:00,1,1,10,15.07429474,56694,False,False,15.07429474
56693,2023-03-27 03:00:00+00:00,-1,1,13,-16.48509174,56707,False,False,-16.48509174
56706,2023-03-27 09:30:00+00:00,1,1,8,-57.2450805,56715,False,False,-57.2450805
56714,2023-03-27 13:30:00+00:00,-1,1,15,267.3623606,56730,False,False,267.3623606
56729,2023-03-27 21:00:00+00:00,1,1,10,11.8312567,56740,False,False,11.8312567
56739,2023-03-28 02:00:00+00:00,-1,1,11,12.92514495,56751,False,False,12.92514495
56750,2023-03-28 07:30:00+00:00,1,1,34,101.6861411,56785,False,False,101.6861411
56784,2023-03-29 00:30:00+00:00,-1,1,38,-384.3478897,56796,True,False,-250
56809,2023-03-29 13:00:00+00:00,-1,2,13,29.52237022,56823,False,False,29.52237022
56822,2023-03-29 19:30:00+00:00,1,1,10,19.73985689,56833,False,False,19.73985689
56832,2023-03-30 00:30:00+00:00,-1,1,42,115.3913808,56837,True,False,-250
56851,2023-03-30 10:00:00+00:00,-1,2,23,172.0941621,56875,False,False,172.0941621
56874,2023-03-30 21:30:00+00:00,1,1,14,24.91369185,56889,False,False,24.91369185
56888,2023-03-31 04:30:00+00:00,-1,1,14,96.92192992,56903,False,False,96.92192992
56902,2023-03-31 11:30:00+00:00,1,1,14,160.9665161,56917,False,False,160.9665161
56916,2023-03-31 18:30:00+00:00,-1,1,10,-76.5621141,56927,False,False,-76.5621141
56926,2023-03-31 23:30:00+00:00,1,1,13,7.703081232,56940,False,False,7.703081232
56939,2023-04-01 06:00:00+00:00,-1,1,11,47.58239451,56951,False,False,47.58239451
56950,2023-04-01 11:30:00+00:00,1,1,27,-15.11636082,56978,False,False,-15.11636082
56968,2023-04-01 20:30:00+00:00,1,2,9,-13.71211588,56978,False,False,-13.71211588
56977,2023-04-02 01:00:00+00:00,-1,1,10,-29.22226525,56988,False,False,-29.22226525
56987,2023-04-02 06:00:00+00:00,1,1,64,-74.77357298,57027,True,False,-250
57014,2023-04-02 19:30:00+00:00,1,2,37,47.26368159,57052,False,False,47.26368159
57039,2023-04-03 08:00:00+00:00,1,3,12,103.273299,57052,False,False,103.273299
57051,2023-04-03 14:00:00+00:00,-1,1,12,59.77434301,57064,False,False,59.77434301
57063,2023-04-03 20:00:00+00:00,1,1,20,-68.67349843,57066,True,False,-250
57083,2023-04-04 06:00:00+00:00,-1,1,26,-75.23915302,57110,False,False,-75.23915302
57100,2023-04-04 14:30:00+00:00,-1,2,9,17.3943912,57110,False,False,17.3943912
57109,2023-04-04 19:00:00+00:00,1,1,11,49.42925216,57121,False,False,49.42925216
57120,2023-04-05 00:30:00+00:00,-1,1,23,-107.9263977,57144,False,False,-107.9263977
57131,2023-04-05 06:00:00+00:00,-1,2,12,9.443200895,57144,False,False,9.443200895
57143,2023-04-05 12:00:00+00:00,1,1,27,-207.5967093,57152,True,False,-250
57159,2023-04-05 20:00:00+00:00,1,2,11,-97.70603229,57171,False,False,-97.70603229
57170,2023-04-06 01:30:00+00:00,-1,1,11,-36.46503647,57182,False,False,-36.46503647
57181,2023-04-06 07:00:00+00:00,1,1,25,-17.81007338,57207,False,False,-17.81007338
57193,2023-04-06 13:00:00+00:00,1,2,13,40.48582996,57207,False,False,40.48582996
57206,2023-04-06 19:30:00+00:00,-1,1,10,-9.991435912,57217,False,False,-9.991435912
57216,2023-04-07 00:30:00+00:00,1,1,9,-5.34721232,57226,False,False,-5.34721232
57225,2023-04-07 05:00:00+00:00,-1,1,13,41.37389878,57239,False,False,41.37389878
57238,2023-04-07 11:30:00+00:00,1,1,12,6.804913864,57251,False,False,6.804913864
57250,2023-04-07 17:30:00+00:00,-1,1,11,-15.7480315,57262,False,False,-15.7480315
57261,2023-04-07 23:00:00+00:00,1,1,21,35.02001144,57283,False,False,35.02001144
57282,2023-04-08 09:30:00+00:00,-1,1,12,14.9561997,57295,False,False,14.9561997
57294,2023-04-08 15:30:00+00:00,1,1,29,-3.209700428,57324,False,False,-3.209700428
57311,2023-04-09 00:00:00+00:00,1,2,12,22.52574371,57324,False,False,22.52574371
57323,2023-04-09 06:00:00+00:00,-1,1,13,17.48064643,57337,False,False,17.48064643
57336,2023-04-09 12:30:00+00:00,1,1,11,-18.94074762,57348,False,False,-18.94074762
57347,2023-04-09 18:00:00+00:00,-1,1,29,-157.1842887,57377,False,False,-157.1842887
57364,2023-04-10 02:30:00+00:00,-1,2,12,-14.120305,57377,False,False,-14.120305
57376,2023-04-10 08:30:00+00:00,1,1,9,-27.14326001,57386,False,False,-27.14326001
57385,2023-04-10 13:00:00+00:00,-1,1,45,-648.969637,57393,True,False,-250
57418,2023-04-11 05:30:00+00:00,-1,2,12,-6.310615119,57431,False,False,-6.310615119
57430,2023-04-11 11:30:00+00:00,1,1,12,18.25604939,57443,False,False,18.25604939
57442,2023-04-11 17:30:00+00:00,-1,1,29,52.68040554,57472,False,False,52.68040554
57471,2023-04-12 08:00:00+00:00,1,1,15,-22.98238018,57487,False,False,-22.98238018
57486,2023-04-12 15:30:00+00:00,-1,1,13,-6.676904587,57500,False,False,-6.676904587
57499,2023-04-12 22:00:00+00:00,1,1,17,46.03990125,57517,False,False,46.03990125
57516,2023-04-13 06:30:00+00:00,-1,1,36,-108.9266738,57553,False,False,-108.9266738
57543,2023-04-13 20:00:00+00:00,-1,2,9,-24.69948954,57553,False,False,-24.69948954
57552,2023-04-14 00:30:00+00:00,1,1,16,94.28383706,57569,False,False,94.28383706
57568,2023-04-14 08:30:00+00:00,-1,1,24,85.91792235,57593,False,False,85.91792235
57592,2023-04-14 20:30:00+00:00,1,1,11,-20.68082592,57604,False,False,-20.68082592
57603,2023-04-15 02:00:00+00:00,-1,1,10,-8.223684211,57614,False,False,-8.223684211
57613,2023-04-15 07:00:00+00:00,1,1,10,-0.6573541495,57624,False,False,-0.6573541495
57623,2023-04-15 12:00:00+00:00,-1,1,17,25.63849719,57641,False,False,25.63849719
57640,2023-04-15 20:30:00+00:00,1,1,9,-11.53402537,57650,False,False,-11.53402537
57649,2023-04-16 01:00:00+00:00,-1,1,9,-16.82612999,57659,False,False,-16.82612999
57658,2023-04-16 05:30:00+00:00,1,1,9,-19.76219492,57668,False,False,-19.76219492
57667,2023-04-16 10:00:00+00:00,-1,1,11,-22.11148147,57679,False,False,-22.11148147
57678,2023-04-16 15:30:00+00:00,1,1,12,-10.86670179,57691,False,False,-10.86670179
57690,2023-04-16 21:30:00+00:00,-1,1,18,117.026537,57709,False,False,117.026537
57708,2023-04-17 06:30:00+00:00,1,1,10,-64.04269513,57719,False,False,-64.04269513
57718,2023-04-17 11:30:00+00:00,-1,1,14,85.26923593,57733,False,False,85.26923593
57732,2023-04-17 18:30:00+00:00,1,1,11,-27.76461028,57744,False,False,-27.76461028
57743,2023-04-18 00:00:00+00:00,-1,1,9,-9.846529947,57753,False,False,-9.846529947
57752,2023-04-18 04:30:00+00:00,1,1,23,243.5466911,57776,False,False,243.5466911
57775,2023-04-18 16:00:00+00:00,-1,1,10,-78.14828306,57786,False,False,-78.14828306
57785,2023-04-18 21:00:00+00:00,1,1,10,-61.44241827,57796,False,False,-61.44241827
57795,2023-04-19 02:00:00+00:00,-1,1,25,271.7535044,57821,False,False,271.7535044
57820,2023-04-19 14:30:00+00:00,1,1,11,-68.30693944,57832,False,False,-68.30693944
57831,2023-04-19 20:00:00+00:00,-1,1,15,130.025663,57847,False,False,130.025663
57846,2023-04-20 03:30:00+00:00,1,1,11,-4.160166407,57858,False,False,-4.160166407
57857,2023-04-20 09:00:00+00:00,-1,1,11,18.3817154,57869,False,False,18.3817154
57868,2023-04-20 14:30:00+00:00,1,1,31,-214.7324531,57878,True,False,-250
57886,2023-04-20 23:30:00+00:00,1,2,13,-19.13807769,57900,False,False,-19.13807769
57899,2023-04-21 06:00:00+00:00,-1,1,10,57.87941197,57910,False,False,57.87941197
57909,2023-04-21 11:00:00+00:00,1,1,11,-12.14329083,57921,False,False,-12.14329083
57920,2023-04-21 16:30:00+00:00,-1,1,17,265.6892544,57938,False,False,265.6892544
57937,2023-04-22 01:00:00+00:00,1,1,13,40.04114319,57951,False,False,40.04114319
57950,2023-04-22 07:30:00+00:00,-1,1,10,6.220043174,57961,False,False,6.220043174
57960,2023-04-22 12:30:00+00:00,1,1,16,128.1394157,57977,False,False,128.1394157
57976,2023-04-22 20:30:00+00:00,-1,1,19,24.9421631,57996,False,False,24.9421631
57995,2023-04-23 06:00:00+00:00,1,1,10,-22.83022287,58006,False,False,-22.83022287
58005,2023-04-23 11:00:00+00:00,-1,1,20,7.264274299,58026,False,False,7.264274299
58025,2023-04-23 21:00:00+00:00,1,1,17,85.41727246,58043,False,False,85.41727246
58042,2023-04-24 05:30:00+00:00,-1,1,14,90.09983061,58057,False,False,90.09983061
58056,2023-04-24 12:30:00+00:00,1,1,9,-140.3789504,58066,False,False,-140.3789504
58065,2023-04-24 17:00:00+00:00,-1,1,9,-92.95120062,58075,False,False,-92.95120062
58074,2023-04-24 21:30:00+00:00,1,1,10,2.923656032,58085,False,False,2.923656032
58084,2023-04-25 02:30:00+00:00,-1,1,14,10.59515546,58099,False,False,10.59515546
58098,2023-04-25 09:30:00+00:00,1,1,11,-18.28688465,58110,False,False,-18.28688465
58109,2023-04-25 15:00:00+00:00,-1,1,35,-504.1770482,58120,True,False,-250
58133,2023-04-26 03:00:00+00:00,-1,2,11,-96.14368727,58145,False,False,-96.14368727
58144,2023-04-26 08:30:00+00:00,1,1,19,366.2620343,58164,False,False,366.2620343
58163,2023-04-26 18:00:00+00:00,-1,1,14,162.8642574,58178,False,False,162.8642574
58177,2023-04-27 01:00:00+00:00,1,1,12,-143.6683314,58190,False,False,-143.6683314
58189,2023-04-27 07:00:00+00:00,-1,1,10,-48.58749219,58200,False,False,-48.58749219
58199,2023-04-27 12:00:00+00:00,1,1,22,152.655937,58222,False,False,152.655937
58221,2023-04-27 23:00:00+00:00,-1,1,11,-31.97713975,58233,False,False,-31.97713975
58232,2023-04-28 04:30:00+00:00,1,1,9,-74.94065785,58242,False,False,-74.94065785
58241,2023-04-28 09:00:00+00:00,-1,1,9,-27.33267279,58251,False,False,-27.33267279
58250,2023-04-28 13:30:00+00:00,1,1,21,-3.407271117,58272,False,False,-3.407271117
58271,2023-04-29 00:00:00+00:00,-1,1,26,10.56614063,58298,False,False,10.56614063
58286,2023-04-29 07:30:00+00:00,-1,2,11,13.28926296,58298,False,False,13.28926296
58297,2023-04-29 13:00:00+00:00,1,1,8,0.3412037669,58306,False,False,0.3412037669
58305,2023-04-29 17:00:00+00:00,-1,1,9,21.15391177,58315,False,False,21.15391177
58314,2023-04-29 21:30:00+00:00,1,1,26,17.77960133,58341,False,False,17.77960133
58329,2023-04-30 05:00:00+00:00,1,2,11,23.94881795,58341,False,False,23.94881795
58340,2023-04-30 10:30:00+00:00,-1,1,9,-39.59179494,58350,False,False,-39.59179494
58349,2023-04-30 15:00:00+00:00,1,1,11,-34.33622302,58361,False,False,-34.33622302
58360,2023-04-30 20:30:00+00:00,-1,1,22,218.6668486,58383,False,False,218.6668486
58382,2023-05-01 07:30:00+00:00,1,1,11,-23.36693056,58394,False,False,-23.36693056
58393,2023-05-01 13:00:00+00:00,-1,1,20,206.949591,58414,False,False,206.949591
58413,2023-05-01 23:00:00+00:00,1,1,10,3.56964375,58424,False,False,3.56964375
58423,2023-05-02 04:00:00+00:00,-1,1,8,-11.4187839,58432,False,False,-11.4187839
58431,2023-05-02 08:00:00+00:00,1,1,28,222.4123182,58460,False,False,222.4123182
58459,2023-05-02 22:00:00+00:00,-1,1,14,53.69595537,58474,False,False,53.69595537
58473,2023-05-03 05:00:00+00:00,1,1,13,41.36577158,58487,False,False,41.36577158
58486,2023-05-03 11:30:00+00:00,-1,1,12,17.80477587,58499,False,False,17.80477587
58498,2023-05-03 17:30:00+00:00,1,1,19,169.9716714,58518,False,False,169.9716714
58517,2023-05-04 03:00:00+00:00,-1,1,13,3.782798583,58531,False,False,3.782798583
58530,2023-05-04 09:30:00+00:00,1,1,8,-59.85963947,58539,False,False,-59.85963947
58538,2023-05-04 13:30:00+00:00,-1,1,13,-4.499203987,58552,False,False,-4.499203987
58551,2023-05-04 20:00:00+00:00,1,1,22,96.17047774,58574,False,False,96.17047774
58573,2023-05-05 07:00:00+00:00,-1,1,11,-0.342641768,58585,False,False,-0.342641768
58584,2023-05-05 12:30:00+00:00,1,1,16,112.3826492,58601,False,False,112.3826492
58600,2023-05-05 20:30:00+00:00,-1,1,10,-27.78342482,58611,False,False,-27.78342482
58610,2023-05-06 01:30:00+00:00,1,1,47,-199.6891472,58636,True,False,-250
58623,2023-05-06 08:00:00+00:00,1,2,34,-139.7198803,58636,True,False,-250
58645,2023-05-06 19:00:00+00:00,1,3,12,12.42707722,58658,False,False,12.42707722
58657,2023-05-07 01:00:00+00:00,-1,1,12,14.82503017,58670,False,False,14.82503017
58669,2023-05-07 07:00:00+00:00,1,1,8,-24.86016159,58678,False,False,-24.86016159
58677,2023-05-07 11:00:00+00:00,-1,1,40,235.721703,58718,False,False,235.721703
58691,2023-05-07 18:00:00+00:00,-1,2,26,253.9386401,58718,False,False,253.9386401
58717,2023-05-08 07:00:00+00:00,1,1,43,-193.9097451,58740,True,False,-250
58734,2023-05-08 15:30:00+00:00,1,2,26,-95.59955602,58761,False,False,-95.59955602
58749,2023-05-08 23:00:00+00:00,1,3,11,-5.419662536,58761,False,False,-5.419662536
58760,2023-05-09 04:30:00+00:00,-1,1,10,20.96739209,58771,False,False,20.96739209
58770,2023-05-09 09:30:00+00:00,1,1,11,-18.11331691,58782,False,False,-18.11331691
58781,2023-05-09 15:00:00+00:00,-1,1,8,-4.718008275,58790,False,False,-4.718008275
58789,2023-05-09 19:00:00+00:00,1,1,9,14.87285523,58799,False,False,14.87285523
58798,2023-05-09 23:30:00+00:00,-1,1,23,2.173283106,58822,False,False,2.173283106
58807,2023-05-10 04:00:00+00:00,-1,2,14,35.01931478,58822,False,False,35.01931478
58821,2023-05-10 11:00:00+00:00,1,1,14,-28.62111441,58834,True,False,-250
58835,2023-05-10 18:00:00+00:00,-1,1,13,-15.62329688,58849,False,False,-15.62329688
58848,2023-05-11 00:30:00+00:00,1,1,11,-6.892548792,58860,False,False,-6.892548792
58859,2023-05-11 06:00:00+00:00,-1,1,12,42.8358805,58872,False,False,42.8358805
58871,2023-05-11 12:00:00+00:00,1,1,29,-211.819607,58887,True,False,-250
58890,2023-05-11 21:30:00+00:00,1,2,10,-69.16959497,58901,False,False,-69.16959497
58900,2023-05-12 02:30:00+00:00,-1,1,15,170.2175209,58916,False,False,170.2175209
58915,2023-05-12 10:00:00+00:00,1,1,12,-23.11394036,58928,False,False,-23.11394036
58927,2023-05-12 16:00:00+00:00,-1,1,10,-46.33497911,58938,False,False,-46.33497911
58937,2023-05-12 21:00:00+00:00,1,1,13,136.4736126,58951,False,False,136.4736126
58950,2023-05-13 03:30:00+00:00,-1,1,12,-3.356580763,58963,False,False,-3.356580763
58962,2023-05-13 09:30:00+00:00,1,1,10,-12.30333308,58973,False,False,-12.30333308
58972,2023-05-13 14:30:00+00:00,-1,1,8,-18.66437717,58981,False,False,-18.66437717
58980,2023-05-13 18:30:00+00:00,1,1,11,-12.6681322,58992,False,False,-12.6681322
58991,2023-05-14 00:00:00+00:00,-1,1,8,-29.09904868,59000,False,False,-29.09904868
58999,2023-05-14 04:00:00+00:00,1,1,11,-17.4831678,59011,False,False,-17.4831678
59010,2023-05-14 09:30:00+00:00,-1,1,9,-37.63601133,59020,False,False,-37.63601133
59019,2023-05-14 14:00:00+00:00,1,1,10,-1.856182945,59030,False,False,-1.856182945
59029,2023-05-14 19:00:00+00:00,-1,1,42,-179.7118669,59072,False,False,-179.7118669
59059,2023-05-15 10:00:00+00:00,-1,2,12,-4.378922785,59072,False,False,-4.378922785
59071,2023-05-15 16:00:00+00:00,1,1,9,-18.23752553,59081,False,False,-18.23752553
59080,2023-05-15 20:30:00+00:00,-1,1,17,89.16173354,59098,False,False,89.16173354
59097,2023-05-16 05:00:00+00:00,1,1,12,-36.87043728,59110,False,False,-36.87043728
59109,2023-05-16 11:00:00+00:00,-1,1,11,0.3700688328,59121,False,False,0.3700688328
59120,2023-05-16 16:30:00+00:00,1,1,9,-23.31519929,59130,False,False,-23.31519929
59129,2023-05-16 21:00:00+00:00,-1,1,37,66.39958454,59167,False,False,66.39958454
59146,2023-05-17 05:30:00+00:00,-1,2,20,88.82638144,59167,False,False,88.82638144
59166,2023-05-17 15:30:00+00:00,1,1,17,236.7526793,59184,False,False,236.7526793
59183,2023-05-18 00:00:00+00:00,-1,1,16,6.566227702,59200,False,False,6.566227702
59199,2023-05-18 08:00:00+00:00,1,1,10,-58.03978828,59210,False,False,-58.03978828
59209,2023-05-18 13:00:00+00:00,-1,1,18,118.9601997,59228,False,False,118.9601997
59227,2023-05-18 22:00:00+00:00,1,1,12,-27.49702735,59240,False,False,-27.49702735
59239,2023-05-19 04:00:00+00:00,-1,1,9,-17.88508831,59249,False,False,-17.88508831
59248,2023-05-19 08:30:00+00:00,1,1,59,4.091348657,59308,False,False,4.091348657
59291,2023-05-20 06:00:00+00:00,1,2,16,7.813662747,59308,False,False,7.813662747
59307,2023-05-20 14:00:00+00:00,-1,1,51,-20.07658847,59359,False,False,-20.07658847
59324,2023-05-20 22:30:00+00:00,-1,2,34,37.335502,59359,False,False,37.335502
59338,2023-05-21 05:30:00+00:00,-1,3,20,62.31563422,59359,False,False,62.31563422
59358,2023-05-21 15:30:00+00:00,1,1,11,-38.58854959,59370,False,False,-38.58854959
59369,2023-05-21 21:00:00+00:00,-1,1,16,52.89231571,59386,False,False,52.89231571
59385,2023-05-22 05:00:00+00:00,1,1,13,35.94832428,59399,False,False,35.94832428
59398,2023-05-22 11:30:00+00:00,-1,1,56,-197.7538152,59434,True,False,-250
59423,2023-05-23 00:00:00+00:00,-1,2,31,-177.6271691,59455,False,False,-177.6271691
59440,2023-05-23 08:30:00+00:00,-1,3,14,-14.2899018,59455,False,False,-14.2899018
59454,2023-05-23 15:30:00+00:00,1,1,46,-380.1544034,59485,True,False,-250
59468,2023-05-23 22:30:00+00:00,1,2,32,-332.4018238,59499,True,False,-250
59491,2023-05-24 10:00:00+00:00,1,3,9,-171.5823708,59501,False,False,-171.5823708
59500,2023-05-24 14:30:00+00:00,-1,1,12,-48.30366651,59513,False,False,-48.30366651
59512,2023-05-24 20:30:00+00:00,1,1,10,-171.4675044,59523,False,False,-171.4675044
59522,2023-05-25 01:30:00+00:00,-1,1,9,-112.0696295,59532,False,False,-112.0696295
59531,2023-05-25 06:00:00+00:00,1,1,20,-13.71062955,59552,False,False,-13.71062955
59551,2023-05-25 16:00:00+00:00,-1,1,30,-82.75809466,59582,False,False,-82.75809466
59569,2023-05-26 01:00:00+00:00,-1,2,12,12.84375944,59582,False,False,12.84375944
59581,2023-05-26 07:00:00+00:00,1,1,9,5.673651562,59591,False,False,5.673651562
59590,2023-05-26 11:30:00+00:00,-1,1,30,-95.64132613,59621,False,False,-95.64132613
59607,2023-05-26 20:00:00+00:00,-1,2,13,28.37726831,59621,False,False,28.37726831
59620,2023-05-27 02:30:00+00:00,1,1,10,10.858983,59631,False,False,10.858983
59630,2023-05-27 07:30:00+00:00,-1,1,11,4.862539742,59642,False,False,4.862539742
59641,2023-05-27 13:00:00+00:00,1,1,37,181.1241674,59679,False,False,181.1241674
59678,2023-05-28 07:30:00+00:00,-1,1,13,8.086451518,59692,False,False,8.086451518
59691,2023-05-28 14:00:00+00:00,1,1,28,286.1977634,59720,False,False,286.1977634
59719,2023-05-29 04:00:00+00:00,-1,1,13,17.52378228,59733,False,False,17.52378228
59732,2023-05-29 10:30:00+00:00,1,1,10,-94.22133056,59743,False,False,-94.22133056
59742,2023-05-29 15:30:00+00:00,-1,1,11,-14.10488246,59754,False,False,-14.10488246
59753,2023-05-29 21:00:00+00:00,1,1,17,15.16847846,59771,False,False,15.16847846
59770,2023-05-30 05:30:00+00:00,-1,1,8,-38.22436984,59779,False,False,-38.22436984
59778,2023-05-30 09:30:00+00:00,1,1,10,-17.96170564,59789,False,False,-17.96170564
59788,2023-05-30 14:30:00+00:00,-1,1,10,-7.917371433,59799,False,False,-7.917371433
59798,2023-05-30 19:30:00+00:00,1,1,9,-38.83634794,59808,False,False,-38.83634794
59807,2023-05-31 00:00:00+00:00,-1,1,23,210.1007184,59831,False,False,210.1007184
59830,2023-05-31 11:30:00+00:00,1,1,9,-76.33024817,59840,False,False,-76.33024817
59839,2023-05-31 16:00:00+00:00,-1,1,33,23.78121284,59873,False,False,23.78121284
59859,2023-06-01 02:00:00+00:00,-1,2,13,88.60011813,59873,False,False,88.60011813
59872,2023-06-01 08:30:00+00:00,1,1,11,17.50595948,59884,False,False,17.50595948
59883,2023-06-01 14:00:00+00:00,-1,1,26,-30.86075479,59910,False,False,-30.86075479
59909,2023-06-02 03:00:00+00:00,1,1,12,74.50515235,59922,False,False,74.50515235
59921,2023-06-02 09:00:00+00:00,-1,1,16,43.78380367,59938,False,False,43.78380367
59937,2023-06-02 17:00:00+00:00,1,1,15,60.23651146,59953,False,False,60.23651146
59952,2023-06-03 00:30:00+00:00,-1,1,11,20.57084083,59964,False,False,20.57084083
59963,2023-06-03 06:00:00+00:00,1,1,9,-3.68093643,59973,False,False,-3.68093643
59972,2023-06-03 10:30:00+00:00,-1,1,8,-15.46562581,59981,False,False,-15.46562581
59980,2023-06-03 14:30:00+00:00,1,1,9,-13.23578073,59990,False,False,-13.23578073
59989,2023-06-03 19:00:00+00:00,-1,1,12,54.48588153,60002,False,False,54.48588153
60001,2023-06-04 01:00:00+00:00,1,1,25,80.32574496,60027,False,False,80.32574496
60026,2023-06-04 13:30:00+00:00,-1,1,12,3.672150411,60039,False,False,3.672150411
60038,2023-06-04 19:30:00+00:00,1,1,9,-39.67379326,60048,False,False,-39.67379326
60047,2023-06-05 00:00:00+00:00,-1,1,17,106.2181899,60065,False,False,106.2181899
60064,2023-06-05 08:30:00+00:00,1,1,10,-39.51390442,60075,False,False,-39.51390442
60074,2023-06-05 13:30:00+00:00,-1,1,19,375,60094,False,False,375
60093,2023-06-05 23:00:00+00:00,1,1,13,21.77463255,60107,False,False,21.77463255
60106,2023-06-06 05:30:00+00:00,-1,1,11,8.14774579,60118,False,False,8.14774579
60117,2023-06-06 11:00:00+00:00,1,1,26,582.0681086,60144,False,False,582.0681086
60143,2023-06-07 00:00:00+00:00,-1,1,13,122.1928666,60157,False,False,122.1928666
60156,2023-06-07 06:30:00+00:00,1,1,43,-212.4893198,60187,True,False,-250
60183,2023-06-07 20:00:00+00:00,1,2,16,-50.60231864,60200,False,False,-50.60231864
60199,2023-06-08 04:00:00+00:00,-1,1,50,-58.07112764,60250,False,False,-58.07112764
60228,2023-06-08 18:30:00+00:00,-1,2,21,-1.887148519,60250,False,False,-1.887148519
60249,2023-06-09 05:00:00+00:00,1,1,18,55.8490566,60268,False,False,55.8490566
60267,2023-06-09 14:00:00+00:00,-1,1,15,75.05253678,60283,False,False,75.05253678
60282,2023-06-09 21:30:00+00:00,1,1,10,-9.452510587,60293,False,False,-9.452510587
60292,2023-06-10 02:30:00+00:00,-1,1,17,268.7052946,60310,False,False,268.7052946
60309,2023-06-10 11:00:00+00:00,1,1,11,-35.39065842,60321,False,False,-35.39065842
60320,2023-06-10 16:30:00+00:00,-1,1,11,-65.17836234,60332,False,False,-65.17836234
60331,2023-06-10 22:00:00+00:00,1,1,10,-3.102097794,60342,False,False,-3.102097794
60341,2023-06-11 03:00:00+00:00,-1,1,8,-8.145533532,60350,False,False,-8.145533532
60349,2023-06-11 07:00:00+00:00,1,1,32,39.53181924,60382,False,False,39.53181924
60381,2023-06-11 23:00:00+00:00,-1,1,14,47.48301421,60396,False,False,47.48301421
60395,2023-06-12 06:00:00+00:00,1,1,14,59.73391257,60410,False,False,59.73391257
60409,2023-06-12 13:00:00+00:00,-1,1,13,60.15037594,60423,False,False,60.15037594
60422,2023-06-12 19:30:00+00:00,1,1,13,74.47922728,60436,False,False,74.47922728
60435,2023-06-13 02:00:00+00:00,-1,1,36,29.64845404,60472,False,False,29.64845404
60458,2023-06-13 13:30:00+00:00,-1,2,13,91.83439198,60472,False,False,91.83439198
60471,2023-06-13 20:00:00+00:00,1,1,17,38.23279524,60489,False,False,38.23279524
60488,2023-06-14 04:30:00+00:00,-1,1,11,4.616627554,60500,False,False,4.616627554
60499,2023-06-14 10:00:00+00:00,1,1,11,-3.464069897,60511,False,False,-3.464069897
60510,2023-06-14 15:30:00+00:00,-1,1,23,345.756969,60534,False,False,345.756969
60533,2023-06-15 03:00:00+00:00,1,1,10,-61.81702162,60544,False,False,-61.81702162
60543,2023-06-15 08:00:00+00:00,-1,1,11,-39.72872106,60555,False,False,-39.72872106
60554,2023-06-15 13:30:00+00:00,1,1,24,177.47222,60579,False,False,177.47222
60578,2023-06-16 01:30:00+00:00,-1,1,11,-35.3467913,60590,False,False,-35.3467913
60589,2023-06-16 07:00:00+00:00,1,1,9,-30.52598622,60599,False,False,-30.52598622
60598,2023-06-16 11:30:00+00:00,-1,1,8,-58.09845332,60607,False,False,-58.09845332
60606,2023-06-16 15:30:00+00:00,1,1,15,289.5948794,60622,False,False,289.5948794
60621,2023-06-16 23:00:00+00:00,-1,1,12,8.7240176,60634,False,False,8.7240176
60633,2023-06-17 05:00:00+00:00,1,1,12,91.11271402,60646,False,False,91.11271402
60645,2023-06-17 11:00:00+00:00,-1,1,13,40.25431699,60659,False,False,40.25431699
60658,2023-06-17 17:30:00+00:00,1,1,13,14.73143462,60672,False,False,14.73143462
60671,2023-06-18 00:00:00+00:00,-1,1,8,-8.297816166,60680,False,False,-8.297816166
60679,2023-06-18 04:00:00+00:00,1,1,11,-22.98850575,60691,False,False,-22.98850575
60690,2023-06-18 09:30:00+00:00,-1,1,9,-4.15502002,60700,False,False,-4.15502002
60699,2023-06-18 14:00:00+00:00,1,1,13,-10.5720219,60713,False,False,-10.5720219
60712,2023-06-18 20:30:00+00:00,-1,1,12,12.85104131,60725,False,False,12.85104131
60724,2023-06-19 02:30:00+00:00,1,1,12,7.94762139,60737,False,False,7.94762139
60736,2023-06-19 08:30:00+00:00,-1,1,9,-37.43760399,60746,False,False,-37.43760399
60745,2023-06-19 13:00:00+00:00,1,1,7,-42.19568248,60753,False,False,-42.19568248
60752,2023-06-19 16:30:00+00:00,-1,1,38,-133.1769513,60770,True,False,-250
60775,2023-06-20 04:00:00+00:00,-1,2,15,42.38390899,60791,False,False,42.38390899
60790,2023-06-20 11:30:00+00:00,1,1,8,1.866855841,60799,False,False,1.866855841
60798,2023-06-20 15:30:00+00:00,-1,1,69,-1261.385695,60802,True,False,-250
60817,2023-06-21 01:00:00+00:00,-1,2,50,-617.6967479,60837,True,False,-250
60857,2023-06-21 21:00:00+00:00,-1,3,10,-56.6723339,60868,False,False,-56.6723339
60867,2023-06-22 02:00:00+00:00,1,1,10,-11.60208174,60878,False,False,-11.60208174
60877,2023-06-22 07:00:00+00:00,-1,1,9,31.52794371,60887,False,False,31.52794371
60886,2023-06-22 11:30:00+00:00,1,1,22,1.664613643,60909,False,False,1.664613643
60908,2023-06-22 22:30:00+00:00,-1,1,11,6.324479063,60920,False,False,6.324479063
60919,2023-06-23 04:00:00+00:00,1,1,8,-24.98084802,60928,False,False,-24.98084802
60927,2023-06-23 08:00:00+00:00,-1,1,39,-279.4844397,60942,True,False,-250
60954,2023-06-23 21:30:00+00:00,-1,2,12,39.15097392,60967,False,False,39.15097392
60966,2023-06-24 03:30:00+00:00,1,1,10,-55.87136592,60977,False,False,-55.87136592
60976,2023-06-24 08:30:00+00:00,-1,1,8,-46.7121811,60985,False,False,-46.7121811
60984,2023-06-24 12:30:00+00:00,1,1,40,-1.950838861,61025,False,False,-1.950838861
60997,2023-06-24 19:00:00+00:00,1,2,27,30.66283925,61025,False,False,30.66283925
61011,2023-06-25 02:00:00+00:00,1,3,13,42.45591117,61025,False,False,42.45591117
61024,2023-06-25 08:30:00+00:00,-1,1,11,20.48780488,61036,False,False,20.48780488
61035,2023-06-25 14:00:00+00:00,1,1,42,-135.8881611,61078,False,False,-135.8881611
61053,2023-06-25 23:00:00+00:00,1,2,24,-78.987906,61078,False,False,-78.987906
61069,2023-06-26 07:00:00+00:00,1,3,8,-67.59417246,61078,False,False,-67.59417246
61077,2023-06-26 11:00:00+00:00,-1,1,22,36.33961018,61100,False,False,36.33961018
61099,2023-06-26 22:00:00+00:00,1,1,15,50.066313,61115,False,False,50.066313
61114,2023-06-27 05:30:00+00:00,-1,1,8,-20.45462043,61123,False,False,-20.45462043
61122,2023-06-27 09:30:00+00:00,1,1,14,69.14035492,61137,False,False,69.14035492
61136,2023-06-27 16:30:00+00:00,-1,1,12,-29.7550927,61149,False,False,-29.7550927
61148,2023-06-27 22:30:00+00:00,1,1,81,-76.61211449,61191,True,False,-250
61174,2023-06-28 11:30:00+00:00,1,2,55,32.96087544,61230,False,False,32.96087544
61198,2023-06-28 23:30:00+00:00,1,3,31,103.2262347,61230,False,False,103.2262347
61229,2023-06-29 15:00:00+00:00,-1,1,17,-12.15545846,61247,False,False,-12.15545846
61246,2023-06-29 23:30:00+00:00,1,1,17,93.18808243,61264,False,False,93.18808243
61263,2023-06-30 08:00:00+00:00,-1,1,9,-92.65279584,61273,False,False,-92.65279584
61272,2023-06-30 12:30:00+00:00,1,1,27,-194.5562893,61275,True,False,-250
61286,2023-06-30 19:30:00+00:00,1,2,13,13.48684211,61300,False,False,13.48684211
61299,2023-07-01 02:00:00+00:00,-1,1,10,-0.9855129595,61310,False,False,-0.9855129595
61309,2023-07-01 07:00:00+00:00,1,1,19,37.77427408,61329,False,False,37.77427408
61328,2023-07-01 16:30:00+00:00,-1,1,32,9.162603488,61361,False,False,9.162603488
61360,2023-07-02 08:30:00+00:00,1,1,10,-11.46375815,61371,False,False,-11.46375815
61370,2023-07-02 13:30:00+00:00,-1,1,46,-41.97271773,61417,False,False,-41.97271773
61402,2023-07-03 05:30:00+00:00,-1,2,14,21.83050406,61417,False,False,21.83050406
61416,2023-07-03 12:30:00+00:00,1,1,20,167.8422153,61437,False,False,167.8422153
61436,2023-07-03 22:30:00+00:00,-1,1,9,-42.07078168,61446,False,False,-42.07078168
61445,2023-07-04 03:00:00+00:00,1,1,25,-106.4952509,61471,False,False,-106.4952509
61461,2023-07-04 11:00:00+00:00,1,2,9,-30.9358082,61471,False,False,-30.9358082
61470,2023-07-04 15:30:00+00:00,-1,1,16,39.1130075,61487,False,False,39.1130075
61486,2023-07-04 23:30:00+00:00,1,1,13,-1.622586403,61500,False,False,-1.622586403
61499,2023-07-05 06:00:00+00:00,-1,1,21,118.7925998,61521,False,False,118.7925998
61520,2023-07-05 16:30:00+00:00,1,1,11,8.868742609,61532,False,False,8.868742609
61531,2023-07-05 22:00:00+00:00,-1,1,11,-13.45541663,61543,False,False,-13.45541663
61542,2023-07-06 03:30:00+00:00,1,1,19,30.80755113,61562,False,False,30.80755113
61561,2023-07-06 13:00:00+00:00,-1,1,13,98.3467294,61575,False,False,98.3467294
61574,2023-07-06 19:30:00+00:00,1,1,10,-109.2229005,61585,False,False,-109.2229005
61584,2023-07-07 00:30:00+00:00,-1,1,9,-39.03382932,61594,False,False,-39.03382932
61593,2023-07-07 05:00:00+00:00,1,1,26,49.18414144,61620,False,False,49.18414144
61619,2023-07-07 18:00:00+00:00,-1,1,9,-28.10939515,61629,False,False,-28.10939515
61628,2023-07-07 22:30:00+00:00,1,1,10,-7.584751352,61639,False,False,-7.584751352
61638,2023-07-08 03:30:00+00:00,-1,1,11,5.940398007,61650,False,False,5.940398007
61649,2023-07-08 09:00:00+00:00,1,1,8,-34.01248225,61658,False,False,-34.01248225
61657,2023-07-08 13:00:00+00:00,-1,1,20,-14.57919152,61678,False,False,-14.57919152
61677,2023-07-08 23:00:00+00:00,1,1,12,20.51349921,61690,False,False,20.51349921
61689,2023-07-09 05:00:00+00:00,-1,1,10,1.320742257,61700,False,False,1.320742257
61699,2023-07-09 10:00:00+00:00,1,1,15,-2.311604253,61715,False,False,-2.311604253
61714,2023-07-09 17:30:00+00:00,-1,1,20,26.09413708,61735,False,False,26.09413708
61734,2023-07-10 03:30:00+00:00,1,1,7,-32.45462975,61742,False,False,-32.45462975
61741,2023-07-10 07:00:00+00:00,-1,1,46,-120.2737723,61768,True,False,-250
61774,2023-07-10 23:30:00+00:00,-1,2,13,-25.34311951,61788,False,False,-25.34311951
61787,2023-07-11 06:00:00+00:00,1,1,9,-19.04136573,61797,False,False,-19.04136573
61796,2023-07-11 10:30:00+00:00,-1,1,9,-45.39175054,61806,False,False,-45.39175054
61805,2023-07-11 15:00:00+00:00,1,1,10,13.7524558,61816,False,False,13.7524558
61815,2023-07-11 20:00:00+00:00,-1,1,9,8.174743313,61825,False,False,8.174743313
61824,2023-07-12 00:30:00+00:00,1,1,20,46.79778774,61845,False,False,46.79778774
61844,2023-07-12 10:30:00+00:00,-1,1,25,109.771987,61870,False,False,109.771987
61869,2023-07-12 23:00:00+00:00,1,1,10,-22.39567895,61880,False,False,-22.39567895
61879,2023-07-13 04:00:00+00:00,-1,1,65,-300.3796006,61903,True,False,-250
61901,2023-07-13 15:00:00+00:00,-1,2,43,-202.3801739,61908,True,False,-250
61918,2023-07-13 23:30:00+00:00,-1,3,26,58.61926152,61945,False,False,58.61926152
61944,2023-07-14 12:30:00+00:00,1,1,10,-89.08828713,61955,False,False,-89.08828713
61954,2023-07-14 17:30:00+00:00,-1,1,14,193.6818961,61969,False,False,193.6818961
61968,2023-07-15 00:30:00+00:00,1,1,11,-5.93510947,61980,False,False,-5.93510947
61979,2023-07-15 06:00:00+00:00,-1,1,9,-20.7852194,61989,False,False,-20.7852194
61988,2023-07-15 10:30:00+00:00,1,1,52,-21.72982583,62041,False,False,-21.72982583
62005,2023-07-15 19:00:00+00:00,1,2,35,-9.230262074,62041,False,False,-9.230262074
62028,2023-07-16 06:30:00+00:00,1,3,12,16.19406438,62041,False,False,16.19406438
62040,2023-07-16 12:30:00+00:00,-1,1,21,-11.54848715,62062,False,False,-11.54848715
62053,2023-07-16 19:00:00+00:00,-1,2,8,-17.16738197,62062,False,False,-17.16738197
62061,2023-07-16 23:00:00+00:00,1,1,16,-19.7745699,62078,False,False,-19.7745699
62077,2023-07-17 07:00:00+00:00,-1,1,15,6.604583581,62093,False,False,6.604583581
62092,2023-07-17 14:30:00+00:00,1,1,7,-74.02022338,62100,False,False,-74.02022338
62099,2023-07-17 18:00:00+00:00,-1,1,9,-53.93168653,62109,False,False,-53.93168653
62108,2023-07-17 22:30:00+00:00,1,1,12,-38.0794702,62121,False,False,-38.0794702
62120,2023-07-18 04:30:00+00:00,-1,1,14,19.61110188,62135,False,False,19.61110188
62134,2023-07-18 11:30:00+00:00,1,1,39,8.65916206,62174,False,False,8.65916206
62173,2023-07-19 07:00:00+00:00,-1,1,12,34.60668175,62186,False,False,34.60668175
62185,2023-07-19 13:00:00+00:00,1,1,18,-4.006945372,62204,False,False,-4.006945372
62203,2023-07-19 22:00:00+00:00,-1,1,8,-22.38107964,62212,False,False,-22.38107964
62211,2023-07-20 02:00:00+00:00,1,1,22,75.32580075,62234,False,False,75.32580075
62233,2023-07-20 13:00:00+00:00,-1,1,16,163.7500414,62250,False,False,163.7500414
62249,2023-07-20 21:00:00+00:00,1,1,13,54.48308334,62263,False,False,54.48308334
62262,2023-07-21 03:30:00+00:00,-1,1,14,32.44581215,62277,False,False,32.44581215
62276,2023-07-21 10:30:00+00:00,1,1,13,8.053961542,62290,False,False,8.053961542
62289,2023-07-21 17:00:00+00:00,-1,1,30,-42.58458237,62320,False,False,-42.58458237
62311,2023-07-22 04:00:00+00:00,-1,2,8,-13.70824835,62320,False,False,-13.70824835
62319,2023-07-22 08:00:00+00:00,1,1,50,2.003338898,62370,False,False,2.003338898
62336,2023-07-22 16:30:00+00:00,1,2,33,23.757738,62370,False,False,23.757738
62355,2023-07-23 02:00:00+00:00,1,3,14,39.88336629,62370,False,False,39.88336629
62369,2023-07-23 09:00:00+00:00,-1,1,13,20.02937642,62383,False,False,20.02937642
62382,2023-07-23 15:30:00+00:00,1,1,14,42.48059941,62397,False,False,42.48059941
62396,2023-07-23 22:30:00+00:00,-1,1,17,80.93794757,62414,False,False,80.93794757
62413,2023-07-24 07:00:00+00:00,1,1,34,-202.820685,62419,True,False,-250
62435,2023-07-24 18:00:00+00:00,1,2,12,51.6778061,62448,False,False,51.6778061
62447,2023-07-25 00:00:00+00:00,-1,1,11,27.07704963,62459,False,False,27.07704963
62458,2023-07-25 05:30:00+00:00,1,1,12,18.55861429,62471,False,False,18.55861429
62470,2023-07-25 11:30:00+00:00,-1,1,32,-28.47243662,62503,False,False,-28.47243662
62488,2023-07-25 20:30:00+00:00,-1,2,14,-2.737288716,62503,False,False,-2.737288716
62502,2023-07-26 03:30:00+00:00,1,1,9,-6.499281658,62512,False,False,-6.499281658
62511,2023-07-26 08:00:00+00:00,-1,1,10,-4.449768954,62522,False,False,-4.449768954
62521,2023-07-26 13:00:00+00:00,1,1,11,21.89681128,62533,False,False,21.89681128
62532,2023-07-26 18:30:00+00:00,-1,1,21,-65.20551686,62554,False,False,-65.20551686
62544,2023-07-27 00:30:00+00:00,-1,2,9,-47.3691385,62554,False,False,-47.3691385
62553,2023-07-27 05:00:00+00:00,1,1,16,4.748499135,62570,False,False,4.748499135
62569,2023-07-27 13:00:00+00:00,-1,1,18,107.8075737,62588,False,False,107.8075737
62587,2023-07-27 22:00:00+00:00,1,1,12,24.67528017,62600,False,False,24.67528017
62599,2023-07-28 04:00:00+00:00,-1,1,13,14.70035212,62613,False,False,14.70035212
62612,2023-07-28 10:30:00+00:00,1,1,15,16.43385374,62628,False,False,16.43385374
62627,2023-07-28 18:00:00+00:00,-1,1,11,-19.82499316,62639,False,False,-19.82499316
62638,2023-07-28 23:30:00+00:00,1,1,13,18.08009825,62652,False,False,18.08009825
62651,2023-07-29 06:00:00+00:00,-1,1,13,16.00435863,62665,False,False,16.00435863
62664,2023-07-29 12:30:00+00:00,1,1,12,-6.821282401,62677,False,False,-6.821282401
62676,2023-07-29 18:30:00+00:00,-1,1,23,-5.119453925,62700,False,False,-5.119453925
62688,2023-07-30 00:30:00+00:00,-1,2,11,6.47712552,62700,False,False,6.47712552
62699,2023-07-30 06:00:00+00:00,1,1,27,13.3037694,62727,False,False,13.3037694
62706,2023-07-30 09:30:00+00:00,1,2,20,21.85046091,62727,False,False,21.85046091
62726,2023-07-30 19:30:00+00:00,-1,1,11,-34.74824555,62738,False,False,-34.74824555
62737,2023-07-31 01:00:00+00:00,1,1,12,-15.95600217,62750,False,False,-15.95600217
62749,2023-07-31 07:00:00+00:00,-1,1,12,-17.68166208,62762,False,False,-17.68166208
62761,2023-07-31 13:00:00+00:00,1,1,49,-190.7606666,62811,False,False,-190.7606666
62779,2023-07-31 22:00:00+00:00,1,2,31,-116.621067,62811,False,False,-116.621067
62801,2023-08-01 09:00:00+00:00,1,3,9,-28.29439978,62811,False,False,-28.29439978
62810,2023-08-01 13:30:00+00:00,-1,1,45,-226.6514412,62831,True,False,-250
62841,2023-08-02 05:00:00+00:00,-1,2,14,34.73041778,62856,False,False,34.73041778
62855,2023-08-02 12:00:00+00:00,1,1,30,-134.668742,62886,False,False,-134.668742
62874,2023-08-02 21:30:00+00:00,1,2,11,4.460762447,62886,False,False,4.460762447
62885,2023-08-03 03:00:00+00:00,-1,1,14,11.31842502,62900,False,False,11.31842502
62899,2023-08-03 10:00:00+00:00,1,1,17,17.16856093,62917,False,False,17.16856093
62916,2023-08-03 18:30:00+00:00,-1,1,22,-7.198436911,62939,False,False,-7.198436911
62938,2023-08-04 05:30:00+00:00,1,1,8,-3.425361376,62947,False,False,-3.425361376
62946,2023-08-04 09:30:00+00:00,-1,1,8,-1.713267544,62955,False,False,-1.713267544
62954,2023-08-04 13:30:00+00:00,1,1,10,-33.9168865,62965,False,False,-33.9168865
62964,2023-08-04 18:30:00+00:00,-1,1,12,3.781368168,62977,False,False,3.781368168
62976,2023-08-05 00:30:00+00:00,1,1,11,-8.941160287,62988,False,False,-8.941160287
62987,2023-08-05 06:00:00+00:00,-1,1,10,11.01435308,62998,False,False,11.01435308
62997,2023-08-05 11:00:00+00:00,1,1,27,5.513249027,63025,False,False,5.513249027
63024,2023-08-06 00:30:00+00:00,-1,1,10,-5.165822916,63035,False,False,-5.165822916
63034,2023-08-06 05:30:00+00:00,1,1,10,-8.949469916,63045,False,False,-8.949469916
63044,2023-08-06 10:30:00+00:00,-1,1,13,-7.579411562,63058,False,False,-7.579411562
63057,2023-08-06 17:00:00+00:00,1,1,13,1.721288901,63071,False,False,1.721288901
63070,2023-08-06 23:30:00+00:00,-1,1,25,5.162978006,63096,False,False,5.162978006
63085,2023-08-07 07:00:00+00:00,-1,2,10,-11.72252103,63096,False,False,-11.72252103
63095,2023-08-07 12:00:00+00:00,1,1,28,25.82822508,63124,False,False,25.82822508
63109,2023-08-07 19:00:00+00:00,1,2,14,19.61729075,63124,False,False,19.61729075
63123,2023-08-08 02:00:00+00:00,-1,1,9,-38.47078625,63133,False,False,-38.47078625
63132,2023-08-08 06:30:00+00:00,1,1,33,186.1420017,63166,False,False,186.1420017
63165,2023-08-08 23:00:00+00:00,-1,1,13,2.351439417,63179,False,False,2.351439417
63178,2023-08-09 05:30:00+00:00,1,1,19,-6.047980646,63198,False,False,-6.047980646
63197,2023-08-09 15:00:00+00:00,-1,1,14,80.68854223,63212,False,False,80.68854223
63211,2023-08-09 22:00:00+00:00,1,1,12,17.96366594,63224,False,False,17.96366594
63223,2023-08-10 04:00:00+00:00,-1,1,12,16.23980783,63236,False,False,16.23980783
63235,2023-08-10 10:00:00+00:00,1,1,12,-24.06045613,63248,False,False,-24.06045613
63247,2023-08-10 16:00:00+00:00,-1,1,10,7.813030777,63258,False,False,7.813030777
63257,2023-08-10 21:00:00+00:00,1,1,11,-9.858915519,63269,False,False,-9.858915519
63268,2023-08-11 02:30:00+00:00,-1,1,9,-10.20894303,63278,False,False,-10.20894303
63277,2023-08-11 07:00:00+00:00,1,1,19,-17.3375034,63297,False,False,-17.3375034
63296,2023-08-11 16:30:00+00:00,-1,1,9,-7.49191214,63306,False,False,-7.49191214
63305,2023-08-11 21:00:00+00:00,1,1,12,-6.465443904,63318,False,False,-6.465443904
63317,2023-08-12 03:00:00+00:00,-1,1,10,-8.512666848,63328,False,False,-8.512666848
63327,2023-08-12 08:00:00+00:00,1,1,12,-1.020651175,63340,False,False,-1.020651175
63339,2023-08-12 14:00:00+00:00,-1,1,20,-8.506294658,63360,False,False,-8.506294658
63349,2023-08-12 19:00:00+00:00,-1,2,10,-1.01999184,63360,False,False,-1.01999184
63359,2023-08-13 00:00:00+00:00,1,1,9,-13.93846677,63369,False,False,-13.93846677
63368,2023-08-13 04:30:00+00:00,-1,1,10,-4.425682576,63379,False,False,-4.425682576
63378,2023-08-13 09:30:00+00:00,1,1,8,-8.16687651,63387,False,False,-8.16687651
63386,2023-08-13 13:30:00+00:00,-1,1,10,-6.130163812,63397,False,False,-6.130163812
63396,2023-08-13 18:30:00+00:00,1,1,8,-16.67744461,63405,False,False,-16.67744461
63404,2023-08-13 22:30:00+00:00,-1,1,12,-18.75085231,63417,False,False,-18.75085231
63416,2023-08-14 04:30:00+00:00,1,1,13,3.062578691,63430,False,False,3.062578691
63429,2023-08-14 11:00:00+00:00,-1,1,9,-68.03646755,63439,False,False,-68.03646755
63438,2023-08-14 15:30:00+00:00,1,1,8,-87.17394242,63447,False,False,-87.17394242
63446,2023-08-14 19:30:00+00:00,-1,1,11,-23.85984048,63458,False,False,-23.85984048
63457,2023-08-15 01:00:00+00:00,1,1,22,-27.20348205,63480,False,False,-27.20348205
63479,2023-08-15 12:00:00+00:00,-1,1,25,48.07692308,63505,False,False,48.07692308
63504,2023-08-16 00:30:00+00:00,1,1,10,-10.27854867,63515,False,False,-10.27854867
63514,2023-08-16 05:30:00+00:00,-1,1,11,-3.429708132,63526,False,False,-3.429708132
63525,2023-08-16 11:00:00+00:00,1,1,46,-209.140467,63553,True,False,-250
63540,2023-08-16 18:30:00+00:00,1,2,31,-216.8550874,63553,True,False,-250
63562,2023-08-17 05:30:00+00:00,1,3,9,-20.96655834,63572,False,False,-20.96655834
63571,2023-08-17 10:00:00+00:00,-1,1,39,744.1257835,63611,False,False,744.1257835
63610,2023-08-18 05:30:00+00:00,1,1,11,2.648305085,63622,False,False,2.648305085
63621,2023-08-18 11:00:00+00:00,-1,1,16,126.3285298,63638,False,False,126.3285298
63637,2023-08-18 19:00:00+00:00,1,1,10,-20.6856924,63648,False,False,-20.6856924
63647,2023-08-19 00:00:00+00:00,-1,1,18,52.97301447,63666,False,False,52.97301447
63665,2023-08-19 09:00:00+00:00,1,1,7,-13.12082738,63673,False,False,-13.12082738
63672,2023-08-19 12:30:00+00:00,-1,1,25,-116.6969357,63698,False,False,-116.6969357
63686,2023-08-19 19:30:00+00:00,-1,2,11,-24.88895696,63698,False,False,-24.88895696
63697,2023-08-20 01:00:00+00:00,1,1,11,-40.48737634,63709,False,False,-40.48737634
63708,2023-08-20 06:30:00+00:00,-1,1,7,-24.54458293,63716,False,False,-24.54458293
63715,2023-08-20 10:00:00+00:00,1,1,10,-27.92761774,63726,False,False,-27.92761774
63725,2023-08-20 15:00:00+00:00,-1,1,9,-26.85490678,63735,False,False,-26.85490678
63734,2023-08-20 19:30:00+00:00,1,1,11,1.147842057,63746,False,False,1.147842057
63745,2023-08-21 01:00:00+00:00,-1,1,16,35.57901986,63762,False,False,35.57901986
63761,2023-08-21 09:00:00+00:00,1,1,32,19.58074176,63794,False,False,19.58074176
63793,2023-08-22 01:00:00+00:00,-1,1,12,15.32743227,63806,False,False,15.32743227
63805,2023-08-22 07:00:00+00:00,1,1,10,-5.372836474,63816,False,False,-5.372836474
63815,2023-08-22 12:00:00+00:00,-1,1,24,-1.919901701,63840,False,False,-1.919901701
63839,2023-08-23 00:00:00+00:00,1,1,12,-2.303439803,63852,False,False,-2.303439803
63851,2023-08-23 06:00:00+00:00,-1,1,18,3.839950849,63870,False,False,3.839950849
63869,2023-08-23 15:00:00+00:00,1,1,15,144.8217578,63885,False,False,144.8217578
63884,2023-08-23 22:30:00+00:00,-1,1,13,-15.9036692,63898,False,False,-15.9036692
63897,2023-08-24 05:00:00+00:00,1,1,11,0.7561150807,63909,False,False,0.7561150807
63908,2023-08-24 10:30:00+00:00,-1,1,19,161.7963936,63928,False,False,161.7963936
63927,2023-08-24 20:00:00+00:00,1,1,13,54.17867435,63941,False,False,54.17867435
63940,2023-08-25 02:30:00+00:00,-1,1,13,29.42750134,63954,False,False,29.42750134
63953,2023-08-25 09:00:00+00:00,1,1,11,-16.09873893,63965,False,False,-16.09873893
63964,2023-08-25 14:30:00+00:00,-1,1,10,15.35685492,63975,False,False,15.35685492
63974,2023-08-25 19:30:00+00:00,1,1,13,11.53535587,63988,False,False,11.53535587
63987,2023-08-26 02:00:00+00:00,-1,1,11,-6.913238852,63999,False,False,-6.913238852
63998,2023-08-26 07:30:00+00:00,1,1,21,-13.43312224,64020,False,False,-13.43312224
64011,2023-08-26 14:00:00+00:00,1,2,8,-1.53704273,64020,False,False,-1.53704273
64019,2023-08-26 18:00:00+00:00,-1,1,21,3.074558032,64041,False,False,3.074558032
64040,2023-08-27 04:30:00+00:00,1,1,17,20.75964939,64058,False,False,20.75964939
64057,2023-08-27 13:00:00+00:00,-1,1,45,51.02432287,64103,False,False,51.02432287
64068,2023-08-27 18:30:00+00:00,-1,2,34,54.07685817,64103,False,False,54.07685817
64102,2023-08-28 11:30:00+00:00,1,1,15,77.50742297,64118,False,False,77.50742297
64117,2023-08-28 19:00:00+00:00,-1,1,11,22.5759547,64129,False,False,22.5759547
64128,2023-08-29 00:30:00+00:00,1,1,10,-11.50527325,64139,False,False,-11.50527325
64138,2023-08-29 05:30:00+00:00,-1,1,13,32.25187176,64152,False,False,32.25187176
64151,2023-08-29 12:00:00+00:00,1,1,20,655.5987828,64172,False,False,655.5987828
64171,2023-08-29 22:00:00+00:00,-1,1,14,80.97458699,64186,False,False,80.97458699
64185,2023-08-30 05:00:00+00:00,1,1,11,-2.18666861,64197,False,False,-2.18666861
64196,2023-08-30 10:30:00+00:00,-1,1,17,59.05296541,64214,False,False,59.05296541
64213,2023-08-30 19:00:00+00:00,1,1,12,-19.43456419,64226,False,False,-19.43456419
64225,2023-08-31 01:00:00+00:00,-1,1,8,-11.75692556,64234,False,False,-11.75692556
64233,2023-08-31 05:00:00+00:00,1,1,9,-16.51376147,64243,False,False,-16.51376147
64242,2023-08-31 09:30:00+00:00,-1,1,29,469.766587,64272,False,False,469.766587
64271,2023-09-01 00:00:00+00:00,1,1,12,35.48424422,64284,False,False,35.48424422
64283,2023-09-01 06:00:00+00:00,-1,1,10,11.14570122,64294,False,False,11.14570122
64293,2023-09-01 11:00:00+00:00,1,1,8,-107.7337437,64302,False,False,-107.7337437
64301,2023-09-01 15:00:00+00:00,-1,1,12,-17.50291715,64314,False,False,-17.50291715
64313,2023-09-01 21:00:00+00:00,1,1,12,-0.7765482431,64326,False,False,-0.7765482431
64325,2023-09-02 03:00:00+00:00,-1,1,10,-13.97895391,64336,False,False,-13.97895391
64335,2023-09-02 08:00:00+00:00,1,1,11,7.755244484,64347,False,False,7.755244484
64346,2023-09-02 13:30:00+00:00,-1,1,17,-19.37308691,64364,False,False,-19.37308691
64356,2023-09-02 18:30:00+00:00,-1,2,7,-36.09407747,64364,False,False,-36.09407747
64363,2023-09-02 22:00:00+00:00,1,1,10,0.7734251131,64374,False,False,0.7734251131
64373,2023-09-03 03:00:00+00:00,-1,1,32,-28.61451607,64406,False,False,-28.61451607
64394,2023-09-03 13:30:00+00:00,-1,2,11,-1.928268415,64406,False,False,-1.928268415
64405,2023-09-03 19:00:00+00:00,1,1,11,-0.3855793329,64417,False,False,-0.3855793329
64416,2023-09-04 00:30:00+00:00,-1,1,8,-21.97886944,64425,False,False,-21.97886944
64424,2023-09-04 04:30:00+00:00,1,1,12,-22.70016544,64437,False,False,-22.70016544
64436,2023-09-04 10:30:00+00:00,-1,1,15,11.56871819,64452,False,False,11.56871819
64451,2023-09-04 18:00:00+00:00,1,1,8,-93.04300826,64460,False,False,-93.04300826
64459,2023-09-04 22:00:00+00:00,-1,1,16,-24.16117844,64476,False,False,-24.16117844
64475,2023-09-05 06:00:00+00:00,1,1,16,0,64492,False,False,0
64491,2023-09-05 14:00:00+00:00,-1,1,10,-3.110057147,64502,False,False,-3.110057147
64501,2023-09-05 19:00:00+00:00,1,1,19,12.04772453,64521,False,False,12.04772453
64520,2023-09-06 04:30:00+00:00,-1,1,12,7.763372409,64533,False,False,7.763372409
64532,2023-09-06 10:30:00+00:00,1,1,32,1.553880817,64565,False,False,1.553880817
64548,2023-09-06 18:30:00+00:00,1,2,16,31.16964077,64565,False,False,31.16964077
64564,2023-09-07 02:30:00+00:00,-1,1,26,6.602967451,64591,False,False,6.602967451
64590,2023-09-07 15:30:00+00:00,1,1,24,197.053908,64615,False,False,197.053908
64614,2023-09-08 03:30:00+00:00,-1,1,24,148.2695533,64639,False,False,148.2695533
64638,2023-09-08 15:30:00+00:00,1,1,17,23.60041784,64656,False,False,23.60041784
64655,2023-09-09 00:00:00+00:00,-1,1,12,27.79064382,64668,False,False,27.79064382
64667,2023-09-09 06:00:00+00:00,1,1,10,10.83759096,64678,False,False,10.83759096
64677,2023-09-09 11:00:00+00:00,-1,1,10,-9.665944943,64688,False,False,-9.665944943
64687,2023-09-09 16:00:00+00:00,1,1,7,-9.270346479,64695,False,False,-9.270346479
64694,2023-09-09 19:30:00+00:00,-1,1,22,1.159868548,64717,False,False,1.159868548
64716,2023-09-10 06:30:00+00:00,1,1,9,-21.65339108,64726,False,False,-21.65339108
64725,2023-09-10 11:00:00+00:00,-1,1,39,-17.82531194,64765,False,False,-17.82531194
64754,2023-09-11 01:30:00+00:00,-1,2,10,-57.96988678,64765,False,False,-57.96988678
64764,2023-09-11 06:30:00+00:00,1,1,8,-83.16571252,64773,False,False,-83.16571252
64772,2023-09-11 10:30:00+00:00,-1,1,22,189.9598237,64795,False,False,189.9598237
64794,2023-09-11 21:30:00+00:00,1,1,25,285.0894632,64820,False,False,285.0894632
64819,2023-09-12 10:00:00+00:00,-1,1,23,-103.9935052,64833,True,False,-250
64834,2023-09-12 17:30:00+00:00,-1,2,8,-41.49377593,64843,False,False,-41.49377593
64842,2023-09-12 21:30:00+00:00,1,1,35,30.60912152,64878,False,False,30.60912152
64857,2023-09-13 05:00:00+00:00,1,2,20,115.3682911,64878,False,False,115.3682911
64877,2023-09-13 15:00:00+00:00,-1,1,13,-15.2578578,64891,False,False,-15.2578578
64890,2023-09-13 21:30:00+00:00,1,1,11,7.236441194,64902,False,False,7.236441194
64901,2023-09-14 03:00:00+00:00,-1,1,10,-23.97716461,64912,False,False,-23.97716461
64911,2023-09-14 08:00:00+00:00,1,1,20,122.2568152,64932,False,False,122.2568152
64931,2023-09-14 18:00:00+00:00,-1,1,18,18.3795949,64950,False,False,18.3795949
64949,2023-09-15 03:00:00+00:00,1,1,9,-12.40088685,64959,False,False,-12.40088685
64958,2023-09-15 07:30:00+00:00,-1,1,21,88.04274212,64980,False,False,88.04274212
64979,2023-09-15 18:00:00+00:00,1,1,18,130.9596113,64998,False,False,130.9596113
64997,2023-09-16 03:00:00+00:00,-1,1,14,67.06882985,65012,False,False,67.06882985
65011,2023-09-16 10:00:00+00:00,1,1,11,6.412674462,65023,False,False,6.412674462
65022,2023-09-16 15:30:00+00:00,-1,1,26,0.7539488069,65049,False,False,0.7539488069
65040,2023-09-17 00:30:00+00:00,-1,2,8,-1.508238754,65049,False,False,-1.508238754
65048,2023-09-17 04:30:00+00:00,1,1,9,10.933082,65058,False,False,10.933082
65057,2023-09-17 09:00:00+00:00,-1,1,28,21.08910145,65086,False,False,21.08910145
65067,2023-09-17 14:00:00+00:00,-1,2,18,20.33745104,65086,False,False,20.33745104
65085,2023-09-17 23:00:00+00:00,1,1,37,161.8990112,65123,False,False,161.8990112
65122,2023-09-18 17:30:00+00:00,-1,1,12,60.53403647,65135,False,False,60.53403647
65134,2023-09-18 23:30:00+00:00,1,1,14,7.846360783,65149,False,False,7.846360783
65148,2023-09-19 06:30:00+00:00,-1,1,34,-164.2710472,65155,True,False,-250
65164,2023-09-19 14:30:00+00:00,-1,2,18,-25.77794145,65183,False,False,-25.77794145
65182,2023-09-19 23:30:00+00:00,1,1,9,-38.93480257,65192,False,False,-38.93480257
65191,2023-09-20 04:00:00+00:00,-1,1,10,-26.18090638,65202,False,False,-26.18090638
65201,2023-09-20 09:00:00+00:00,1,1,21,-93.78447959,65223,False,False,-93.78447959
65222,2023-09-20 19:30:00+00:00,-1,1,8,-81.67811398,65231,False,False,-81.67811398
65230,2023-09-20 23:30:00+00:00,1,1,45,-198.1218928,65259,True,False,-250
65242,2023-09-21 05:30:00+00:00,1,2,33,-160.0739372,65276,False,False,-160.0739372
65265,2023-09-21 17:00:00+00:00,1,3,10,15.42745334,65276,False,False,15.42745334
65275,2023-09-21 22:00:00+00:00,-1,1,9,8.641094038,65285,False,False,8.641094038
65284,2023-09-22 02:30:00+00:00,1,1,15,16.54508536,65300,False,False,16.54508536
65299,2023-09-22 10:00:00+00:00,-1,1,10,-15.76694947,65310,False,False,-15.76694947
65309,2023-09-22 15:00:00+00:00,1,1,25,-46.85157421,65335,False,False,-46.85157421
65326,2023-09-22 23:30:00+00:00,1,2,8,-8.277834218,65335,False,False,-8.277834218
65334,2023-09-23 03:30:00+00:00,-1,1,8,-8.284692148,65343,False,False,-8.284692148
65342,2023-09-23 07:30:00+00:00,1,1,10,2.633856342,65353,False,False,2.633856342
65352,2023-09-23 12:30:00+00:00,-1,1,10,-2.25699669,65363,False,False,-2.25699669
65362,2023-09-23 17:30:00+00:00,1,1,9,-6.017299737,65372,False,False,-6.017299737
65371,2023-09-23 22:00:00+00:00,-1,1,10,-5.644615037,65382,False,False,-5.644615037
65381,2023-09-24 03:00:00+00:00,1,1,24,1.504381511,65406,False,False,1.504381511
65405,2023-09-24 15:00:00+00:00,-1,1,7,12.78531944,65413,False,False,12.78531944
65412,2023-09-24 18:30:00+00:00,1,1,35,-185.6244588,65448,False,False,-185.6244588
65437,2023-09-25 07:00:00+00:00,1,2,10,-26.40137746,65448,False,False,-26.40137746
65447,2023-09-25 12:00:00+00:00,-1,1,30,-111.6396839,65478,False,False,-111.6396839
65466,2023-09-25 21:30:00+00:00,-1,2,11,-20.91095734,65478,False,False,-20.91095734
65477,2023-09-26 03:00:00+00:00,1,1,8,-29.59365633,65486,False,False,-29.59365633
65485,2023-09-26 07:00:00+00:00,-1,1,21,27.77883481,65507,False,False,27.77883481
65506,2023-09-26 17:30:00+00:00,1,1,9,-20.9875601,65516,False,False,-20.9875601
65515,2023-09-26 22:00:00+00:00,-1,1,48,-43.21058468,65543,True,False,-250
65531,2023-09-27 06:00:00+00:00,-1,2,32,-6.858187914,65564,False,False,-6.858187914
65550,2023-09-27 15:30:00+00:00,-1,3,13,13.30849082,65564,False,False,13.30849082
65563,2023-09-27 22:00:00+00:00,1,1,12,36.93268352,65576,False,False,36.93268352
65575,2023-09-28 04:00:00+00:00,-1,1,13,-22.3815485,65589,False,False,-22.3815485
65588,2023-09-28 10:30:00+00:00,1,1,22,212.339137,65611,False,False,212.339137
65610,2023-09-28 21:30:00+00:00,-1,1,15,2.594418294,65626,False,False,2.594418294
65625,2023-09-29 05:00:00+00:00,1,1,11,30.02891673,65637,False,False,30.02891673
65636,2023-09-29 10:30:00+00:00,-1,1,15,79.09813343,65652,False,False,79.09813343
65651,2023-09-29 18:00:00+00:00,1,1,11,20.86360419,65663,False,False,20.86360419
65662,2023-09-29 23:30:00+00:00,-1,1,10,-17.10227906,65673,False,False,-17.10227906
65672,2023-09-30 04:30:00+00:00,1,1,9,-1.48461567,65682,False,False,-1.48461567
65681,2023-09-30 09:00:00+00:00,-1,1,35,-38.23452986,65717,False,False,-38.23452986
65703,2023-09-30 20:00:00+00:00,-1,2,13,-4.069401798,65717,False,False,-4.069401798
65716,2023-10-01 02:30:00+00:00,1,1,22,49.55254789,65739,False,False,49.55254789
65738,2023-10-01 13:30:00+00:00,-1,1,15,22.44627613,65754,False,False,22.44627613
65753,2023-10-01 21:00:00+00:00,1,1,18,321.5932141,65772,False,False,321.5932141
65771,2023-10-02 06:00:00+00:00,-1,1,9,-123.2715189,65781,False,False,-123.2715189
65780,2023-10-02 10:30:00+00:00,1,1,11,-109.063956,65792,False,False,-109.063956
65791,2023-10-02 16:00:00+00:00,-1,1,21,167.3625236,65813,False,False,167.3625236
65812,2023-10-03 02:30:00+00:00,1,1,11,-3.992160848,65824,False,False,-3.992160848
65823,2023-10-03 08:00:00+00:00,-1,1,20,40.30062085,65844,False,False,40.30062085
65843,2023-10-03 18:00:00+00:00,1,1,15,-30.62117235,65859,False,False,-30.62117235
65858,2023-10-04 01:30:00+00:00,-1,1,33,-70.93754571,65892,False,False,-70.93754571
65883,2023-10-04 14:00:00+00:00,-1,2,8,-43.76048428,65892,False,False,-43.76048428
65891,2023-10-04 18:00:00+00:00,1,1,15,67.89630383,65907,False,False,67.89630383
65906,2023-10-05 01:30:00+00:00,-1,1,15,27.40812867,65922,False,False,27.40812867
65921,2023-10-05 09:00:00+00:00,1,1,15,-66.17726829,65937,False,False,-66.17726829
65936,2023-10-05 16:30:00+00:00,-1,1,13,9.100837277,65950,False,False,9.100837277
65949,2023-10-05 23:00:00+00:00,1,1,13,14.21023866,65963,False,False,14.21023866
65962,2023-10-06 05:30:00+00:00,-1,1,46,-163.3677776,65995,True,False,-250
65978,2023-10-06 13:30:00+00:00,-1,2,30,-190.0627462,65995,True,False,-250
65997,2023-10-06 23:00:00+00:00,-1,3,11,20.00786023,66009,False,False,20.00786023
66008,2023-10-07 04:30:00+00:00,1,1,14,29.7139584,66023,False,False,29.7139584
66022,2023-10-07 11:30:00+00:00,-1,1,11,18.2038835,66034,False,False,18.2038835
66033,2023-10-07 17:00:00+00:00,1,1,25,-12.51564456,66059,False,False,-12.51564456
66043,2023-10-07 22:00:00+00:00,1,2,15,-10.72961373,66059,False,False,-10.72961373
66058,2023-10-08 05:30:00+00:00,-1,1,16,13.24740422,66075,False,False,13.24740422
66074,2023-10-08 13:30:00+00:00,1,1,10,-20.79374754,66085,False,False,-20.79374754
66084,2023-10-08 18:30:00+00:00,-1,1,8,-17.96299623,66093,False,False,-17.96299623
66092,2023-10-08 22:30:00+00:00,1,1,16,6.096467635,66109,False,False,6.096467635
66108,2023-10-09 06:30:00+00:00,-1,1,19,162.3539531,66128,False,False,162.3539531
66127,2023-10-09 16:00:00+00:00,1,1,14,52.82523954,66142,False,False,52.82523954
66141,2023-10-09 23:00:00+00:00,-1,1,10,-13.40871204,66152,False,False,-13.40871204
66151,2023-10-10 04:00:00+00:00,1,1,14,-4.704860483,66166,False,False,-4.704860483
66165,2023-10-10 11:00:00+00:00,-1,1,14,91.60692302,66180,False,False,91.60692302
66179,2023-10-10 18:00:00+00:00,1,1,14,36.90845971,66194,False,False,36.90845971
66193,2023-10-11 01:00:00+00:00,-1,1,17,123.0612394,66211,False,False,123.0612394
66210,2023-10-11 09:30:00+00:00,1,1,10,-28.75258036,66221,False,False,-28.75258036
66220,2023-10-11 14:30:00+00:00,-1,1,14,127.1719039,66235,False,False,127.1719039
66234,2023-10-11 21:30:00+00:00,1,1,12,49.05264735,66247,False,False,49.05264735
66246,2023-10-12 03:30:00+00:00,-1,1,18,8.942877371,66265,False,False,8.942877371
66264,2023-10-12 12:30:00+00:00,1,1,29,-4.848394436,66294,False,False,-4.848394436
66280,2023-10-12 20:30:00+00:00,1,2,13,29.94011976,66294,False,False,29.94011976
66293,2023-10-13 03:00:00+00:00,-1,1,9,-28.73134328,66303,False,False,-28.73134328
66302,2023-10-13 07:30:00+00:00,1,1,36,-11.53402537,66339,False,False,-11.53402537
66328,2023-10-13 20:30:00+00:00,1,2,10,32.13751868,66339,False,False,32.13751868
66338,2023-10-14 01:30:00+00:00,-1,1,17,-13.40981897,66356,False,False,-13.40981897
66355,2023-10-14 10:00:00+00:00,1,1,17,-1.115988394,66373,False,False,-1.115988394
66372,2023-10-14 18:30:00+00:00,-1,1,11,7.812790654,66384,False,False,7.812790654
66383,2023-10-15 00:00:00+00:00,1,1,13,6.701913769,66397,False,False,6.701913769
66396,2023-10-15 06:30:00+00:00,-1,1,8,-9.301979461,66405,False,False,-9.301979461
66404,2023-10-15 10:30:00+00:00,1,1,29,95.90721535,66434,False,False,95.90721535
66433,2023-10-16 01:00:00+00:00,-1,1,61,-395.0808204,66443,True,False,-250
66455,2023-10-16 12:00:00+00:00,-1,2,39,-172.5939538,66458,True,False,-250
66466,2023-10-16 17:30:00+00:00,-1,3,28,-25.92421606,66495,False,False,-25.92421606
66478,2023-10-16 23:30:00+00:00,-1,4,16,89.8623982,66495,False,False,89.8623982
66494,2023-10-17 07:30:00+00:00,1,1,11,-3.542079909,66506,False,False,-3.542079909
66505,2023-10-17 13:00:00+00:00,-1,1,29,-97.79604564,66535,False,False,-97.79604564
66525,2023-10-17 23:00:00+00:00,-1,2,9,-21.80334787,66535,False,False,-21.80334787
66534,2023-10-18 03:30:00+00:00,1,1,10,14.38697452,66545,False,False,14.38697452
66544,2023-10-18 08:30:00+00:00,-1,1,14,92.85539087,66559,False,False,92.85539087
66558,2023-10-18 15:30:00+00:00,1,1,10,7.427318384,66569,False,False,7.427318384
66568,2023-10-18 20:30:00+00:00,-1,1,19,-8.835483301,66588,False,False,-8.835483301
66587,2023-10-19 06:00:00+00:00,1,1,26,120.7627119,66614,False,False,120.7627119
66613,2023-10-19 19:00:00+00:00,-1,1,15,-42.91396274,66629,False,False,-42.91396274
66628,2023-10-20 02:30:00+00:00,1,1,21,262.63679,66650,False,False,262.63679
66649,2023-10-20 13:00:00+00:00,-1,1,13,30.80464439,66663,False,False,30.80464439
66662,2023-10-20 19:30:00+00:00,1,1,13,28.18336163,66676,False,False,28.18336163
66675,2023-10-21 02:00:00+00:00,-1,1,9,-44.35715979,66685,False,False,-44.35715979
66684,2023-10-21 06:30:00+00:00,1,1,13,39.44174757,66698,False,False,39.44174757
66697,2023-10-21 13:00:00+00:00,-1,1,31,-60.77700547,66729,False,False,-60.77700547
66715,2023-10-21 22:00:00+00:00,-1,2,13,13.66530014,66729,False,False,13.66530014
66728,2023-10-22 04:30:00+00:00,1,1,8,-42.72077965,66737,False,False,-42.72077965
66736,2023-10-22 08:30:00+00:00,-1,1,10,-46.59113763,66747,False,False,-46.59113763
66746,2023-10-22 13:30:00+00:00,1,1,14,-37.3669636,66761,False,False,-37.3669636
66760,2023-10-22 20:30:00+00:00,-1,1,35,-255.1823449,66771,True,False,-250
66784,2023-10-23 08:30:00+00:00,-1,2,11,-13.40657903,66796,False,False,-13.40657903
66795,2023-10-23 14:00:00+00:00,1,1,33,1052.476896,66829,False,False,1052.476896
66828,2023-10-24 06:30:00+00:00,-1,1,10,-226.9101223,66838,True,False,-250
66838,2023-10-24 11:30:00+00:00,1,1,9,-273.0109204,66846,True,False,-250
66847,2023-10-24 16:00:00+00:00,-1,1,11,-8.019246191,66859,False,False,-8.019246191
66858,2023-10-24 21:30:00+00:00,1,1,12,81.90883191,66871,False,False,81.90883191
66870,2023-10-25 03:30:00+00:00,-1,1,13,-37.9724479,66884,False,False,-37.9724479
66883,2023-10-25 10:00:00+00:00,1,1,16,166.2707838,66900,False,False,166.2707838
66899,2023-10-25 18:00:00+00:00,-1,1,15,-23.94138687,66915,False,False,-23.94138687
66914,2023-10-26 01:30:00+00:00,1,1,9,-61.5809617,66924,False,False,-61.5809617
66923,2023-10-26 06:00:00+00:00,-1,1,18,94.39152214,66942,False,False,94.39152214
66941,2023-10-26 15:00:00+00:00,1,1,21,-73.3682149,66963,False,False,-73.3682149
66951,2023-10-26 20:00:00+00:00,1,2,11,-22.03613927,66963,False,False,-22.03613927
66962,2023-10-27 01:30:00+00:00,-1,1,9,-39.4581861,66972,False,False,-39.4581861
66971,2023-10-27 06:00:00+00:00,1,1,12,-12.31888309,66984,False,False,-12.31888309
66983,2023-10-27 12:00:00+00:00,-1,1,19,71.65511571,67003,False,False,71.65511571
67002,2023-10-27 21:30:00+00:00,1,1,17,83.70799811,67020,False,False,83.70799811
67019,2023-10-28 06:00:00+00:00,-1,1,10,-4.399988267,67030,False,False,-4.399988267
67029,2023-10-28 11:00:00+00:00,1,1,61,102.6212397,67091,False,False,102.6212397
67066,2023-10-29 05:30:00+00:00,1,2,24,126.3739493,67091,False,False,126.3739493
67090,2023-10-29 17:30:00+00:00,-1,1,28,72.55630369,67119,False,False,72.55630369
67099,2023-10-29 22:00:00+00:00,-1,2,19,77.7397459,67119,False,False,77.7397459
67118,2023-10-30 07:30:00+00:00,1,1,16,135.6487166,67135,False,False,135.6487166
67134,2023-10-30 15:30:00+00:00,-1,1,13,36.91952697,67148,False,False,36.91952697
67147,2023-10-30 22:00:00+00:00,1,1,10,-51.82097157,67158,False,False,-51.82097157
67157,2023-10-31 03:00:00+00:00,-1,1,12,-9.021331083,67170,False,False,-9.021331083
67169,2023-10-31 09:00:00+00:00,1,1,10,-49.13647729,67180,False,False,-49.13647729
67179,2023-10-31 14:00:00+00:00,-1,1,9,-44.9963477,67189,False,False,-44.9963477
67188,2023-10-31 18:30:00+00:00,1,1,13,45.08566276,67202,False,False,45.08566276
67201,2023-11-01 01:00:00+00:00,-1,1,13,17.66375167,67215,False,False,17.66375167
67214,2023-11-01 07:30:00+00:00,1,1,9,-14.79418675,67224,False,False,-14.79418675
67223,2023-11-01 12:00:00+00:00,-1,1,14,-52.58265063,67238,False,False,-52.58265063
67237,2023-11-01 19:00:00+00:00,1,1,18,290.148253,67256,False,False,290.148253
67255,2023-11-02 04:00:00+00:00,-1,1,12,60.94307299,67268,False,False,60.94307299
67267,2023-11-02 10:00:00+00:00,1,1,9,-156.2588302,67277,False,False,-156.2588302
67276,2023-11-02 14:30:00+00:00,-1,1,11,-51.09510004,67288,False,False,-51.09510004
67287,2023-11-02 20:00:00+00:00,1,1,10,-134.7993717,67298,False,False,-134.7993717
67297,2023-11-03 01:00:00+00:00,-1,1,14,22.29105752,67312,False,False,22.29105752
67311,2023-11-03 08:00:00+00:00,1,1,21,30.4648059,67333,False,False,30.4648059
67322,2023-11-03 13:30:00+00:00,1,2,10,57.31075813,67333,False,False,57.31075813
67332,2023-11-03 18:30:00+00:00,-1,1,10,-41.65340893,67343,False,False,-41.65340893
67342,2023-11-03 23:30:00+00:00,1,1,10,-2.880599165,67353,False,False,-2.880599165
67352,2023-11-04 04:30:00+00:00,-1,1,25,-4.610286702,67378,False,False,-4.610286702
67366,2023-11-04 11:30:00+00:00,-1,2,11,10.93242038,67378,False,False,10.93242038
67377,2023-11-04 17:00:00+00:00,1,1,21,113.4759944,67399,False,False,113.4759944
67398,2023-11-05 03:30:00+00:00,-1,1,18,-11.1063648,67417,False,False,-11.1063648
67405,2023-11-05 07:00:00+00:00,-1,2,11,-18.80984952,67417,False,False,-18.80984952
67416,2023-11-05 12:30:00+00:00,1,1,19,-137.9643853,67436,False,False,-137.9643853
67427,2023-11-05 18:00:00+00:00,1,2,8,-120.2587558,67436,False,False,-120.2587558
67435,2023-11-05 22:00:00+00:00,-1,1,22,-88.84017422,67458,False,False,-88.84017422
67457,2023-11-06 09:00:00+00:00,1,1,11,50.89058524,67469,False,False,50.89058524
67468,2023-11-06 14:30:00+00:00,-1,1,14,44.65936567,67483,False,False,44.65936567
67482,2023-11-06 21:30:00+00:00,1,1,9,-14.57226127,67492,False,False,-14.57226127
67491,2023-11-07 02:00:00+00:00,-1,1,10,-7.439837468,67502,False,False,-7.439837468
67501,2023-11-07 07:00:00+00:00,1,1,35,104.3662254,67537,False,False,104.3662254
67517,2023-11-07 15:00:00+00:00,1,2,19,138.5740927,67537,False,False,138.5740927
67536,2023-11-08 00:30:00+00:00,-1,1,13,10.75329673,67550,False,False,10.75329673
67549,2023-11-08 07:00:00+00:00,1,1,13,14.16430595,67563,False,False,14.16430595
67562,2023-11-08 13:30:00+00:00,-1,1,11,-70.15558699,67574,False,False,-70.15558699
67573,2023-11-08 19:00:00+00:00,1,1,28,305.3542334,67602,False,False,305.3542334
67601,2023-11-09 09:00:00+00:00,-1,1,9,-61.87815183,67611,False,False,-61.87815183
67610,2023-11-09 13:30:00+00:00,1,1,7,-151.4412657,67617,True,False,-250
67617,2023-11-09 17:00:00+00:00,-1,1,12,-55.29117267,67630,False,False,-55.29117267
67629,2023-11-09 23:00:00+00:00,1,1,13,37.75236636,67643,False,False,37.75236636
67642,2023-11-10 05:30:00+00:00,-1,1,11,-20.44042298,67654,False,False,-20.44042298
67653,2023-11-10 11:00:00+00:00,1,1,15,130.8238366,67669,False,False,130.8238366
67668,2023-11-10 18:30:00+00:00,-1,1,9,-39.46520619,67678,False,False,-39.46520619
67677,2023-11-10 23:00:00+00:00,1,1,25,-104.8268485,67703,False,False,-104.8268485
67693,2023-11-11 07:00:00+00:00,1,2,9,-27.75831402,67703,False,False,-27.75831402
67702,2023-11-11 11:30:00+00:00,-1,1,27,23.51160717,67730,False,False,23.51160717
67713,2023-11-11 17:00:00+00:00,-1,2,16,65.66200215,67730,False,False,65.66200215
67729,2023-11-12 01:00:00+00:00,1,1,18,44.69606675,67748,False,False,44.69606675
67747,2023-11-12 10:00:00+00:00,-1,1,10,-22.65311076,67758,False,False,-22.65311076
67757,2023-11-12 15:00:00+00:00,1,1,8,1.345351809,67766,False,False,1.345351809
67765,2023-11-12 19:00:00+00:00,-1,1,28,30.93892924,67794,False,False,30.93892924
67793,2023-11-13 09:00:00+00:00,1,1,51,-145.7293213,67845,False,False,-145.7293213
67809,2023-11-13 17:00:00+00:00,1,2,35,-95.47834106,67845,False,False,-95.47834106
67831,2023-11-14 04:00:00+00:00,1,3,13,16.18389291,67845,False,False,16.18389291
67844,2023-11-14 10:30:00+00:00,-1,1,10,64.35711351,67855,False,False,64.35711351
67854,2023-11-14 15:30:00+00:00,1,1,33,-188.8092613,67861,True,False,-250
67871,2023-11-15 00:00:00+00:00,1,2,16,10.40553462,67888,False,False,10.40553462
67887,2023-11-15 08:00:00+00:00,-1,1,46,-554.8532097,67904,True,False,-250
67922,2023-11-16 01:30:00+00:00,-1,2,11,17.53640132,67934,False,False,17.53640132
67933,2023-11-16 07:00:00+00:00,1,1,11,-128.5600213,67945,False,False,-128.5600213
67944,2023-11-16 12:30:00+00:00,-1,1,21,238.897727,67966,False,False,238.897727
67965,2023-11-16 23:00:00+00:00,1,1,12,63.25792105,67978,False,False,63.25792105
67977,2023-11-17 05:00:00+00:00,-1,1,11,56.54680209,67989,False,False,56.54680209
67988,2023-11-17 10:30:00+00:00,1,1,9,-59.07685512,67998,False,False,-59.07685512
67997,2023-11-17 15:00:00+00:00,-1,1,7,-116.6342683,68005,False,False,-116.6342683
68004,2023-11-17 18:30:00+00:00,1,1,13,-3.019489432,68018,False,False,-3.019489432
68017,2023-11-18 01:00:00+00:00,-1,1,14,-3.020401439,68032,False,False,-3.020401439
68031,2023-11-18 08:00:00+00:00,1,1,11,11.80345869,68043,False,False,11.80345869
68042,2023-11-18 13:30:00+00:00,-1,1,29,-15.90217421,68072,False,False,-15.90217421
68057,2023-11-18 21:00:00+00:00,-1,2,14,20.48844452,68072,False,False,20.48844452
68071,2023-11-19 04:00:00+00:00,1,1,13,9.307163779,68085,False,False,9.307163779
68084,2023-11-19 10:30:00+00:00,-1,1,11,-4.649254752,68096,False,False,-4.649254752
68095,2023-11-19 16:00:00+00:00,1,1,23,187.5239189,68119,False,False,187.5239189
68118,2023-11-20 03:30:00+00:00,-1,1,11,33.0041859,68130,False,False,33.0041859
68129,2023-11-20 09:00:00+00:00,1,1,10,-3.769013326,68140,False,False,-3.769013326
68139,2023-11-20 14:00:00+00:00,-1,1,27,-111.7664485,68167,False,False,-111.7664485
68156,2023-11-20 22:30:00+00:00,-1,2,10,5.8560477,68167,False,False,5.8560477
68166,2023-11-21 03:30:00+00:00,1,1,38,-252.4902786,68189,True,False,-250
68179,2023-11-21 10:00:00+00:00,1,2,25,-194.2501943,68190,True,False,-250
68195,2023-11-21 18:00:00+00:00,1,3,9,-87.48408765,68205,False,False,-87.48408765
68204,2023-11-21 22:30:00+00:00,-1,1,12,68.58298268,68217,False,False,68.58298268
68216,2023-11-22 04:30:00+00:00,1,1,14,60.25256555,68231,False,False,60.25256555
68230,2023-11-22 11:30:00+00:00,-1,1,11,23.51911612,68242,False,False,23.51911612
68241,2023-11-22 17:00:00+00:00,1,1,15,253.0153509,68257,False,False,253.0153509
68256,2023-11-23 00:30:00+00:00,-1,1,13,28.33997273,68270,False,False,28.33997273
68269,2023-11-23 07:00:00+00:00,1,1,10,20.10885594,68280,False,False,20.10885594
68279,2023-11-23 12:00:00+00:00,-1,1,13,27.82832067,68293,False,False,27.82832067
68292,2023-11-23 18:30:00+00:00,1,1,11,11.80637544,68304,False,False,11.80637544
68303,2023-11-24 00:00:00+00:00,-1,1,50,-118.9965695,68334,True,False,-250
68333,2023-11-24 15:00:00+00:00,-1,2,20,12.96124851,68354,False,False,12.96124851
68353,2023-11-25 01:00:00+00:00,1,1,11,19.86439241,68365,False,False,19.86439241
68364,2023-11-25 06:30:00+00:00,-1,1,15,21.67534562,68380,False,False,21.67534562
68379,2023-11-25 14:00:00+00:00,1,1,16,18.80844526,68396,False,False,18.80844526
68395,2023-11-25 22:00:00+00:00,-1,1,12,15.33580116,68408,False,False,15.33580116
68407,2023-11-26 04:00:00+00:00,1,1,12,6.885228537,68420,False,False,6.885228537
68419,2023-11-26 10:00:00+00:00,-1,1,21,88.38784799,68441,False,False,88.38784799
68440,2023-11-26 20:30:00+00:00,1,1,11,15.21866823,68452,False,False,15.21866823
68451,2023-11-27 02:00:00+00:00,-1,1,13,39.45509317,68465,False,False,39.45509317
68464,2023-11-27 08:30:00+00:00,1,1,38,-54.06418114,68503,False,False,-54.06418114
68483,2023-11-27 18:00:00+00:00,1,2,19,62.82325544,68503,False,False,62.82325544
68502,2023-11-28 03:30:00+00:00,-1,1,12,30.94642232,68515,False,False,30.94642232
68514,2023-11-28 09:30:00+00:00,1,1,26,261.8366355,68541,False,False,261.8366355
68540,2023-11-28 22:30:00+00:00,-1,1,11,9.46969697,68552,False,False,9.46969697
68551,2023-11-29 04:00:00+00:00,1,1,14,1.053185887,68566,False,False,1.053185887
68565,2023-11-29 11:00:00+00:00,-1,1,17,39.49031171,68583,False,False,39.49031171
68582,2023-11-29 19:30:00+00:00,1,1,12,-12.68700111,68595,False,False,-12.68700111
68594,2023-11-30 01:30:00+00:00,-1,1,22,-24.87693855,68617,False,False,-24.87693855
68606,2023-11-30 07:30:00+00:00,-1,2,10,-12.95234067,68617,False,False,-12.95234067
68616,2023-11-30 12:30:00+00:00,1,1,23,-39.33474129,68640,False,False,-39.33474129
68639,2023-12-01 00:00:00+00:00,-1,1,34,-285.7067133,68658,True,False,-250
68666,2023-12-01 13:30:00+00:00,-1,2,7,-93.63052355,68674,False,False,-93.63052355
68673,2023-12-01 17:00:00+00:00,1,1,12,-22.15980829,68686,False,False,-22.15980829
68685,2023-12-01 23:00:00+00:00,-1,1,10,-18.85184516,68696,False,False,-18.85184516
68695,2023-12-02 04:00:00+00:00,1,1,8,-18.55861429,68704,False,False,-18.55861429
68703,2023-12-02 08:00:00+00:00,-1,1,9,-21.43373618,68713,False,False,-21.43373618
68712,2023-12-02 12:30:00+00:00,1,1,9,-9.792047826,68722,False,False,-9.792047826
68721,2023-12-02 17:00:00+00:00,-1,1,29,-179.2669401,68751,False,False,-179.2669401
68739,2023-12-03 02:00:00+00:00,-1,2,11,11.38980992,68751,False,False,11.38980992
68750,2023-12-03 07:30:00+00:00,1,1,11,-12.92317048,68762,False,False,-12.92317048
68761,2023-12-03 13:00:00+00:00,-1,1,58,-559.7138,68786,True,False,-250
68772,2023-12-03 18:30:00+00:00,-1,2,47,-509.3177112,68786,True,False,-250
68804,2023-12-04 10:30:00+00:00,-1,3,15,41.87203905,68820,False,False,41.87203905
68819,2023-12-04 18:00:00+00:00,1,1,13,50.21744876,68833,False,False,50.21744876
68832,2023-12-05 00:30:00+00:00,-1,1,11,-20.08224156,68844,False,False,-20.08224156
68843,2023-12-05 06:00:00+00:00,1,1,37,483.1551823,68881,False,False,483.1551823
68880,2023-12-06 00:30:00+00:00,-1,1,13,68.50718074,68894,False,False,68.50718074
68893,2023-12-06 07:00:00+00:00,1,1,12,92.58410487,68906,False,False,92.58410487
68905,2023-12-06 13:00:00+00:00,-1,1,14,9.763851045,68920,False,False,9.763851045
68919,2023-12-06 20:00:00+00:00,1,1,22,-27.2745869,68942,False,False,-27.2745869
68930,2023-12-07 01:30:00+00:00,1,2,11,-10.47287298,68942,False,False,-10.47287298
68941,2023-12-07 07:00:00+00:00,-1,1,14,131.7318869,68956,False,False,131.7318869
68955,2023-12-07 14:00:00+00:00,1,1,11,-28.63807478,68967,False,False,-28.63807478
68966,2023-12-07 19:30:00+00:00,-1,1,11,-53.03995368,68978,False,False,-53.03995368
68977,2023-12-08 01:00:00+00:00,1,1,11,8.294166436,68989,False,False,8.294166436
68988,2023-12-08 06:30:00+00:00,-1,1,10,-12.43093923,68999,False,False,-12.43093923
68998,2023-12-08 11:30:00+00:00,1,1,13,60.23819377,69012,False,False,60.23819377
69011,2023-12-08 18:00:00+00:00,-1,1,24,-122.7260261,69036,False,False,-122.7260261
69026,2023-12-09 01:30:00+00:00,-1,2,9,-44.67525399,69036,False,False,-44.67525399
69035,2023-12-09 06:00:00+00:00,1,1,26,-69.98848577,69062,False,False,-69.98848577
69051,2023-12-09 14:00:00+00:00,1,2,10,-9.313101944,69062,False,False,-9.313101944
69061,2023-12-09 19:00:00+00:00,-1,1,18,31.83047996,69080,False,False,31.83047996
69079,2023-12-10 04:00:00+00:00,1,1,10,-13.00093515,69090,False,False,-13.00093515
69089,2023-12-10 09:00:00+00:00,-1,1,9,-0,69099,False,False,-0
69098,2023-12-10 13:30:00+00:00,1,1,11,10.27725757,69110,False,False,10.27725757
69109,2023-12-10 19:00:00+00:00,-1,1,28,364.5821451,69138,False,False,364.5821451
69137,2023-12-11 09:00:00+00:00,1,1,11,-89.50346885,69149,False,False,-89.50346885
69148,2023-12-11 14:30:00+00:00,-1,1,16,150.2807311,69165,False,False,150.2807311
69164,2023-12-11 22:30:00+00:00,1,1,13,37.35506719,69178,False,False,37.35506719
69177,2023-12-12 05:00:00+00:00,-1,1,9,-130.497825,69187,False,False,-130.497825
69186,2023-12-12 09:30:00+00:00,1,1,11,-110.4484733,69198,False,False,-110.4484733
69197,2023-12-12 15:00:00+00:00,-1,1,12,60.06223316,69210,False,False,60.06223316
69209,2023-12-12 21:00:00+00:00,1,1,11,-83.96427878,69221,False,False,-83.96427878
69220,2023-12-13 02:30:00+00:00,-1,1,10,-73.66257158,69231,False,False,-73.66257158
69230,2023-12-13 07:30:00+00:00,1,1,10,8.98865486,69241,False,False,8.98865486
69240,2023-12-13 12:30:00+00:00,-1,1,36,-443.4466019,69254,True,False,-250
69265,2023-12-14 01:00:00+00:00,-1,2,11,-50.45432249,69277,False,False,-50.45432249
69276,2023-12-14 06:30:00+00:00,1,1,14,-138.2852627,69291,False,False,-138.2852627
69290,2023-12-14 13:30:00+00:00,-1,1,9,-173.9253394,69300,False,False,-173.9253394
69299,2023-12-14 18:00:00+00:00,1,1,13,-20.38452629,69313,False,False,-20.38452629
69312,2023-12-15 00:30:00+00:00,-1,1,16,81.00830973,69329,False,False,81.00830973
69328,2023-12-15 08:30:00+00:00,1,1,9,-28.78337585,69338,False,False,-28.78337585
69337,2023-12-15 13:00:00+00:00,-1,1,13,122.7411406,69351,False,False,122.7411406
69350,2023-12-15 19:30:00+00:00,1,1,10,-49.65903961,69361,False,False,-49.65903961
69360,2023-12-16 00:30:00+00:00,-1,1,61,-20.05826448,69422,False,False,-20.05826448
69376,2023-12-16 08:30:00+00:00,-1,2,45,51.68326221,69422,False,False,51.68326221
69398,2023-12-16 19:30:00+00:00,-1,3,23,106.1020466,69422,False,False,106.1020466
69421,2023-12-17 07:00:00+00:00,1,1,14,-30.7421,69436,False,False,-30.7421
69435,2023-12-17 14:00:00+00:00,-1,1,7,-102.7896637,69443,False,False,-102.7896637
69442,2023-12-17 17:30:00+00:00,1,1,10,-128.0079502,69453,False,False,-128.0079502
69452,2023-12-17 22:30:00+00:00,-1,1,15,177.8438234,69468,False,False,177.8438234
69467,2023-12-18 06:00:00+00:00,1,1,10,-46.12005857,69478,False,False,-46.12005857
69477,2023-12-18 11:00:00+00:00,-1,1,46,-546.6892207,69496,True,False,-250
69513,2023-12-19 05:00:00+00:00,-1,2,10,-25.40082028,69524,False,False,-25.40082028
69523,2023-12-19 10:00:00+00:00,1,1,34,-141.0938844,69538,True,False,-250
69545,2023-12-19 21:00:00+00:00,1,2,12,50.47273761,69558,False,False,50.47273761
69557,2023-12-20 03:00:00+00:00,-1,1,46,-244.0231999,69579,True,False,-250
69572,2023-12-20 10:30:00+00:00,-1,2,31,-162.7955933,69580,True,False,-250
69591,2023-12-20 20:00:00+00:00,-1,3,12,74.24498561,69604,False,False,74.24498561
69603,2023-12-21 02:00:00+00:00,1,1,16,66.51476444,69620,False,False,66.51476444
69619,2023-12-21 10:00:00+00:00,-1,1,22,-10.74580456,69642,False,False,-10.74580456
69629,2023-12-21 15:00:00+00:00,-1,2,12,-60.42920822,69642,False,False,-60.42920822
69641,2023-12-21 21:00:00+00:00,1,1,13,41.33835789,69655,False,False,41.33835789
69654,2023-12-22 03:30:00+00:00,-1,1,17,46.626939,69672,False,False,46.626939
69671,2023-12-22 12:00:00+00:00,1,1,18,-18.50963186,69690,False,False,-18.50963186
69689,2023-12-22 21:00:00+00:00,-1,1,21,12.36263736,69711,False,False,12.36263736
69710,2023-12-23 07:30:00+00:00,1,1,10,12.14871865,69721,False,False,12.14871865
69720,2023-12-23 12:30:00+00:00,-1,1,21,-21.97852515,69742,False,False,-21.97852515
69733,2023-12-23 19:00:00+00:00,-1,2,8,11.40901312,69742,False,False,11.40901312
69741,2023-12-23 23:00:00+00:00,1,1,36,-18.50371216,69778,False,False,-18.50371216
69764,2023-12-24 10:30:00+00:00,1,2,13,26.61893616,69778,False,False,26.61893616
69777,2023-12-24 17:00:00+00:00,-1,1,22,122.2135762,69800,False,False,122.2135762
69799,2023-12-25 04:00:00+00:00,1,1,12,0.2316960148,69812,False,False,0.2316960148
69811,2023-12-25 10:00:00+00:00,-1,1,27,-108.8946039,69839,False,False,-108.8946039
69829,2023-12-25 19:00:00+00:00,-1,2,9,-44.6623846,69839,False,False,-44.6623846
69838,2023-12-25 23:30:00+00:00,1,1,34,-313.767734,69859,True,False,-250
69864,2023-12-26 12:30:00+00:00,1,2,8,-102.5761124,69873,False,False,-102.5761124
69872,2023-12-26 16:30:00+00:00,-1,1,11,-17.03658133,69884,False,False,-17.03658133
69883,2023-12-26 22:00:00+00:00,1,1,11,-26.92870978,69895,False,False,-26.92870978
69894,2023-12-27 03:30:00+00:00,-1,1,8,-55.18711511,69903,False,False,-55.18711511
69902,2023-12-27 07:30:00+00:00,1,1,14,107.4129037,69917,False,False,107.4129037
69916,2023-12-27 14:30:00+00:00,-1,1,10,-62.69081079,69927,False,False,-62.69081079
69926,2023-12-27 19:30:00+00:00,1,1,14,59.28945296,69941,False,False,59.28945296
69940,2023-12-28 02:30:00+00:00,-1,1,16,67.22843855,69957,False,False,67.22843855
69956,2023-12-28 10:30:00+00:00,1,1,30,-165.0363915,69987,False,False,-165.0363915
69975,2023-12-28 20:00:00+00:00,1,2,11,-42.24360479,69987,False,False,-42.24360479
69986,2023-12-29 01:30:00+00:00,-1,1,41,116.8984209,70028,False,False,116.8984209
70015,2023-12-29 16:00:00+00:00,-1,2,12,85.35287859,70028,False,False,85.35287859
70027,2023-12-29 22:00:00+00:00,1,1,12,9.061859112,70040,False,False,9.061859112
70039,2023-12-30 04:00:00+00:00,-1,1,16,15.96302297,70056,False,False,15.96302297
70055,2023-12-30 12:00:00+00:00,1,1,16,107.6243885,70072,False,False,107.6243885
70071,2023-12-30 20:00:00+00:00,-1,1,11,16.05439607,70083,False,False,16.05439607
70082,2023-12-31 01:30:00+00:00,1,1,23,32.63337117,70106,False,False,32.63337117
70105,2023-12-31 13:00:00+00:00,-1,1,9,-16.73502098,70115,False,False,-16.73502098
70114,2023-12-31 17:30:00+00:00,1,1,10,14.3539544,70125,False,False,14.3539544
70124,2023-12-31 22:30:00+00:00,-1,1,8,5.8743362,70133,False,False,5.8743362
70132,2024-01-01 02:30:00+00:00,1,1,24,21.86537512,70157,False,False,21.86537512
70156,2024-01-01 14:30:00+00:00,-1,1,48,-719.0447145,70168,True,False,-250
70188,2024-01-02 06:30:00+00:00,-1,2,16,-90.10003754,70205,False,False,-90.10003754
70204,2024-01-02 14:30:00+00:00,1,1,30,-88.42003896,70235,False,False,-88.42003896
70221,2024-01-02 23:00:00+00:00,1,2,13,61.98897974,70235,False,False,61.98897974
70234,2024-01-03 05:30:00+00:00,-1,1,10,-3.312208802,70245,False,False,-3.312208802
70244,2024-01-03 10:30:00+00:00,1,1,28,-526.4668227,70247,True,False,-250
70259,2024-01-03 18:00:00+00:00,1,2,13,2.097510954,70273,False,False,2.097510954
70272,2024-01-04 00:30:00+00:00,-1,1,23,-73.16448028,70296,False,False,-73.16448028
70288,2024-01-04 08:30:00+00:00,-1,2,7,-57.93122703,70296,False,False,-57.93122703
70295,2024-01-04 12:00:00+00:00,1,1,17,207.4899956,70313,False,False,207.4899956
70312,2024-01-04 20:30:00+00:00,-1,1,20,112.4002901,70333,False,False,112.4002901
70332,2024-01-05 06:30:00+00:00,1,1,11,37.81628163,70344,False,False,37.81628163
70343,2024-01-05 12:00:00+00:00,-1,1,15,43.83861908,70359,False,False,43.83861908
70358,2024-01-05 19:30:00+00:00,1,1,14,77.05538356,70373,False,False,77.05538356
70372,2024-01-06 02:30:00+00:00,-1,1,13,47.10862293,70386,False,False,47.10862293
70385,2024-01-06 09:00:00+00:00,1,1,23,34.75556775,70409,False,False,34.75556775
70408,2024-01-06 20:30:00+00:00,-1,1,8,-30.53365538,70417,False,False,-30.53365538
70416,2024-01-07 00:30:00+00:00,1,1,8,-2.95320309,70425,False,False,-2.95320309
70424,2024-01-07 04:30:00+00:00,-1,1,34,-57.03638058,70459,False,False,-57.03638058
70449,2024-01-07 17:00:00+00:00,-1,2,9,-68.70506871,70459,False,False,-68.70506871
70458,2024-01-07 21:30:00+00:00,1,1,55,558.7690361,70514,False,False,558.7690361
70476,2024-01-08 06:30:00+00:00,1,2,37,589.8749094,70514,False,False,589.8749094
70513,2024-01-09 01:00:00+00:00,-1,1,11,-18.18921059,70525,False,False,-18.18921059
70524,2024-01-09 06:30:00+00:00,1,1,25,-34.17634997,70537,True,False,-250
70540,2024-01-09 14:30:00+00:00,1,2,9,-25.2276906,70550,False,False,-25.2276906
70549,2024-01-09 19:00:00+00:00,-1,1,16,141.6752401,70554,True,False,-250
70565,2024-01-10 03:00:00+00:00,1,1,10,-45.65713665,70576,False,False,-45.65713665
70575,2024-01-10 08:00:00+00:00,-1,1,16,45.42972589,70592,False,False,45.42972589
70591,2024-01-10 16:00:00+00:00,1,1,12,82.27834215,70604,False,False,82.27834215
70603,2024-01-10 22:00:00+00:00,-1,1,23,-79.21309192,70606,True,False,-250
70626,2024-01-11 09:30:00+00:00,1,1,15,-81.39735728,70642,False,False,-81.39735728
70641,2024-01-11 17:00:00+00:00,-1,1,12,-101.2211846,70654,False,False,-101.2211846
70653,2024-01-11 23:00:00+00:00,1,1,10,-87.06146022,70664,False,False,-87.06146022
70663,2024-01-12 04:00:00+00:00,-1,1,15,-48.69565217,70679,False,False,-48.69565217
70678,2024-01-12 11:30:00+00:00,1,1,34,-745.5001731,70686,True,False,-250
70699,2024-01-12 22:00:00+00:00,1,2,13,-148.7656595,70700,True,False,-250
70712,2024-01-13 04:30:00+00:00,-1,1,21,-19.16873159,70734,False,False,-19.16873159
70723,2024-01-13 10:00:00+00:00,-1,2,10,14.44480686,70734,False,False,14.44480686
70733,2024-01-13 15:00:00+00:00,1,1,9,17.03219785,70743,False,False,17.03219785
70742,2024-01-13 19:30:00+00:00,-1,1,8,18.16784292,70751,False,False,18.16784292
70750,2024-01-13 23:30:00+00:00,1,1,24,10.96721503,70775,False,False,10.96721503
70764,2024-01-14 06:30:00+00:00,1,2,10,7.230995312,70775,False,False,7.230995312
70774,2024-01-14 11:30:00+00:00,-1,1,9,-3.96251923,70784,False,False,-3.96251923
70783,2024-01-14 16:00:00+00:00,1,1,8,-67.56914187,70792,False,False,-67.56914187
70791,2024-01-14 20:00:00+00:00,-1,1,13,79.52332919,70805,False,False,79.52332919
70804,2024-01-15 02:30:00+00:00,1,1,13,83.94419485,70818,False,False,83.94419485
70817,2024-01-15 09:00:00+00:00,-1,1,10,-46.19533357,70828,False,False,-46.19533357
70827,2024-01-15 14:00:00+00:00,1,1,18,-60.45469399,70846,False,False,-60.45469399
70835,2024-01-15 18:00:00+00:00,1,2,10,-27.63401325,70846,False,False,-27.63401325
70845,2024-01-15 23:00:00+00:00,-1,1,10,-73.73834629,70856,False,False,-73.73834629
70855,2024-01-16 04:00:00+00:00,1,1,9,-28.6733338,70865,False,False,-28.6733338
70864,2024-01-16 08:30:00+00:00,-1,1,47,37.87347454,70912,False,False,37.87347454
70895,2024-01-17 00:00:00+00:00,-1,2,16,119.6438509,70912,False,False,119.6438509
70911,2024-01-17 08:00:00+00:00,1,1,11,-0.4693513564,70923,False,False,-0.4693513564
70922,2024-01-17 13:30:00+00:00,-1,1,12,-14.31588829,70935,False,False,-14.31588829
70934,2024-01-17 19:30:00+00:00,1,1,12,-11.48320874,70947,False,False,-11.48320874
70946,2024-01-18 01:30:00+00:00,-1,1,9,-25.33902679,70956,False,False,-25.33902679
70955,2024-01-18 06:00:00+00:00,1,1,9,-21.99859583,70965,False,False,-21.99859583
70964,2024-01-18 10:30:00+00:00,-1,1,10,-6.56722019,70975,False,False,-6.56722019
70974,2024-01-18 15:30:00+00:00,1,1,34,-358.6161635,70978,True,False,-250
70992,2024-01-19 00:30:00+00:00,1,2,16,12.90134125,71009,False,False,12.90134125
71008,2024-01-19 08:30:00+00:00,-1,1,21,-153.6441873,71030,False,False,-153.6441873
71029,2024-01-19 19:00:00+00:00,1,1,12,-75.65962745,71042,False,False,-75.65962745
71041,2024-01-20 01:00:00+00:00,-1,1,11,-45.59710495,71053,False,False,-45.59710495
71052,2024-01-20 06:30:00+00:00,1,1,36,4.803189318,71089,False,False,4.803189318
71088,2024-01-21 00:30:00+00:00,-1,1,16,-5.280971699,71105,False,False,-5.280971699
71104,2024-01-21 08:30:00+00:00,1,1,13,20.87281975,71118,False,False,20.87281975
71117,2024-01-21 15:00:00+00:00,-1,1,10,15.80157058,71128,False,False,15.80157058
71127,2024-01-21 20:00:00+00:00,1,1,8,-35.25010791,71136,False,False,-35.25010791
71135,2024-01-22 00:00:00+00:00,-1,1,17,169.1733847,71153,False,False,169.1733847
71152,2024-01-22 08:30:00+00:00,1,1,47,-272.2020954,71174,True,False,-250
71187,2024-01-23 02:00:00+00:00,1,2,12,-10.05530417,71200,False,False,-10.05530417
71199,2024-01-23 08:00:00+00:00,-1,1,14,258.4297937,71214,False,False,258.4297937
71213,2024-01-23 15:00:00+00:00,1,1,12,105.3909539,71226,False,False,105.3909539
71225,2024-01-23 21:00:00+00:00,-1,1,42,-254.5947189,71233,True,False,-250
71240,2024-01-24 04:30:00+00:00,-1,2,27,-119.3118757,71268,False,False,-119.3118757
71259,2024-01-24 14:00:00+00:00,-1,3,8,-40.29432376,71268,False,False,-40.29432376
71267,2024-01-24 18:00:00+00:00,1,1,20,-30.90958945,71288,False,False,-30.90958945
71277,2024-01-24 23:00:00+00:00,1,2,10,37.14393274,71288,False,False,37.14393274
71287,2024-01-25 04:00:00+00:00,-1,1,9,-17.25301928,71297,False,False,-17.25301928
71296,2024-01-25 08:30:00+00:00,1,1,9,-53.66681643,71306,False,False,-53.66681643
71305,2024-01-25 13:00:00+00:00,-1,1,13,-0.7528797651,71319,False,False,-0.7528797651
71318,2024-01-25 19:30:00+00:00,1,1,11,6.273525721,71330,False,False,6.273525721
71329,2024-01-26 01:00:00+00:00,-1,1,52,-491.0344828,71350,True,False,-250
71342,2024-01-26 07:30:00+00:00,-1,2,39,-480.2585429,71350,True,False,-250
71369,2024-01-26 21:00:00+00:00,-1,3,12,31.92984964,71382,False,False,31.92984964
71381,2024-01-27 03:00:00+00:00,1,1,9,-51.87292329,71391,False,False,-51.87292329
71390,2024-01-27 07:30:00+00:00,-1,1,8,-25.7112649,71399,False,False,-25.7112649
71398,2024-01-27 11:30:00+00:00,1,1,13,14.14088153,71412,False,False,14.14088153
71411,2024-01-27 18:00:00+00:00,-1,1,59,-37.33665215,71471,False,False,-37.33665215
71426,2024-01-28 01:30:00+00:00,-1,2,44,56.43019727,71471,False,False,56.43019727
71442,2024-01-28 09:30:00+00:00,-1,3,28,148.4613578,71471,False,False,148.4613578
71470,2024-01-28 23:30:00+00:00,1,1,14,55.7966522,71485,False,False,55.7966522
71484,2024-01-29 06:30:00+00:00,-1,1,9,-33.43450631,71494,False,False,-33.43450631
71493,2024-01-29 11:00:00+00:00,1,1,24,187.6491858,71518,False,False,187.6491858
71517,2024-01-29 23:00:00+00:00,-1,1,25,-84.20906117,71543,False,False,-84.20906117
71542,2024-01-30 11:30:00+00:00,1,1,24,-131.1249137,71567,False,False,-131.1249137
71566,2024-01-30 23:30:00+00:00,-1,1,12,-3.263403263,71579,False,False,-3.263403263
71578,2024-01-31 05:30:00+00:00,1,1,9,-66.17886937,71588,False,False,-66.17886937
71587,2024-01-31 10:00:00+00:00,-1,1,10,-52.54515599,71598,False,False,-52.54515599
71597,2024-01-31 15:00:00+00:00,1,1,12,-82.60605778,71610,False,False,-82.60605778
71609,2024-01-31 21:00:00+00:00,-1,1,15,116,71625,False,False,116
71624,2024-02-01 04:30:00+00:00,1,1,12,51.42000143,71637,False,False,51.42000143
71636,2024-02-01 10:30:00+00:00,-1,1,9,-94.2614215,71646,False,False,-94.2614215
71645,2024-02-01 15:00:00+00:00,1,1,15,78.5997513,71661,False,False,78.5997513
71660,2024-02-01 22:30:00+00:00,-1,1,72,-31.42750722,71733,False,False,-31.42750722
71682,2024-02-02 09:30:00+00:00,-1,2,50,-17.66825526,71733,False,False,-17.66825526
71718,2024-02-03 03:30:00+00:00,-1,3,14,13.90466038,71733,False,False,13.90466038
71732,2024-02-03 10:30:00+00:00,1,1,19,-11.60335105,71752,False,False,-11.60335105
71751,2024-02-03 20:00:00+00:00,-1,1,13,2.788039311,71765,False,False,2.788039311
71764,2024-02-04 02:30:00+00:00,1,1,26,-37.18422459,71791,False,False,-37.18422459
71780,2024-02-04 10:30:00+00:00,1,2,10,-13.27866561,71791,False,False,-13.27866561
71790,2024-02-04 15:30:00+00:00,-1,1,14,52.95201661,71805,False,False,52.95201661
71804,2024-02-04 22:30:00+00:00,1,1,34,35.41109704,71839,False,False,35.41109704
71816,2024-02-05 04:30:00+00:00,1,2,22,14.27501638,71839,False,False,14.27501638
71838,2024-02-05 15:30:00+00:00,-1,1,15,80.62066226,71854,False,False,80.62066226
71853,2024-02-05 23:00:00+00:00,1,1,14,66.90539012,71868,False,False,66.90539012
71867,2024-02-06 06:00:00+00:00,-1,1,50,-43.99513245,71918,False,False,-43.99513245
71896,2024-02-06 20:30:00+00:00,-1,2,21,43.38042545,71918,False,False,43.38042545
71917,2024-02-07 07:00:00+00:00,1,1,11,1.863932898,71929,False,False,1.863932898
71928,2024-02-07 12:30:00+00:00,-1,1,42,-399.5061498,71944,True,False,-250
71958,2024-02-08 03:30:00+00:00,-1,2,12,-7.397444519,71971,False,False,-7.397444519
71970,2024-02-08 09:30:00+00:00,1,1,19,148.2875255,71990,False,False,148.2875255
71989,2024-02-08 19:00:00+00:00,-1,1,64,-448.7363426,72015,True,False,-250
72032,2024-02-09 16:30:00+00:00,-1,2,21,-11.42035361,72054,False,False,-11.42035361
72042,2024-02-09 21:30:00+00:00,-1,3,11,16.23958663,72054,False,False,16.23958663
72053,2024-02-10 03:00:00+00:00,1,1,10,-31.26452322,72064,False,False,-31.26452322
72063,2024-02-10 08:00:00+00:00,-1,1,10,-15.2574698,72074,False,False,-15.2574698
72073,2024-02-10 13:00:00+00:00,1,1,10,-8.463459016,72084,False,False,-8.463459016
72083,2024-02-10 18:00:00+00:00,-1,1,47,-232.730507,72103,True,False,-250
72097,2024-02-11 01:00:00+00:00,-1,2,33,-118.9454066,72131,False,False,-118.9454066
72113,2024-02-11 09:00:00+00:00,-1,3,17,-32.80526545,72131,False,False,-32.80526545
72130,2024-02-11 17:30:00+00:00,1,1,8,-62.91260529,72139,False,False,-62.91260529
72138,2024-02-11 21:30:00+00:00,-1,1,22,-51.85663411,72161,False,False,-51.85663411
72151,2024-02-12 04:00:00+00:00,-1,2,9,-20.55349098,72161,False,False,-20.55349098
72160,2024-02-12 08:30:00+00:00,1,1,27,327.1454026,72188,False,False,327.1454026
72172,2024-02-12 14:30:00+00:00,1,2,15,346.4380604,72188,False,False,346.4380604
72187,2024-02-12 22:00:00+00:00,-1,1,15,-24.07463136,72203,False,False,-24.07463136
72202,2024-02-13 05:30:00+00:00,1,1,11,-19.41358951,72214,False,False,-19.41358951
72213,2024-02-13 11:00:00+00:00,-1,1,17,137.9642256,72231,False,False,137.9642256
72230,2024-02-13 19:30:00+00:00,1,1,13,56.12037414,72244,False,False,56.12037414
72243,2024-02-14 02:00:00+00:00,-1,1,10,-42.25978648,72254,False,False,-42.25978648
72253,2024-02-14 07:00:00+00:00,1,1,17,450.6191483,72271,False,False,450.6191483
72270,2024-02-14 15:30:00+00:00,-1,1,11,31.98273703,72282,False,False,31.98273703
72281,2024-02-14 21:00:00+00:00,1,1,16,86.59180084,72298,False,False,86.59180084
72297,2024-02-15 05:00:00+00:00,-1,1,11,-12.07243461,72309,False,False,-12.07243461
72308,2024-02-15 10:30:00+00:00,1,1,11,-51.10243454,72320,False,False,-51.10243454
72319,2024-02-15 16:00:00+00:00,-1,1,16,8.849387276,72336,False,False,8.849387276
72335,2024-02-16 00:00:00+00:00,1,1,13,46.98180418,72349,False,False,46.98180418
72348,2024-02-16 06:30:00+00:00,-1,1,10,-20.50633397,72359,False,False,-20.50633397
72358,2024-02-16 11:30:00+00:00,1,1,9,-72.86845427,72368,False,False,-72.86845427
72367,2024-02-16 16:00:00+00:00,-1,1,13,-5.972449668,72381,False,False,-5.972449668
72380,2024-02-16 22:30:00+00:00,1,1,9,5.1987061,72390,False,False,5.1987061
72389,2024-02-17 03:00:00+00:00,-1,1,32,130.8623444,72422,False,False,130.8623444
72421,2024-02-17 19:00:00+00:00,1,1,13,84.82343077,72435,False,False,84.82343077
72434,2024-02-18 01:30:00+00:00,-1,1,10,25.90974129,72445,False,False,25.90974129
72444,2024-02-18 06:30:00+00:00,1,1,13,-1.938585608,72458,False,False,-1.938585608
72457,2024-02-18 13:00:00+00:00,-1,1,9,-44.98390662,72467,False,False,-44.98390662
72466,2024-02-18 17:30:00+00:00,1,1,19,67.17368645,72486,False,False,67.17368645
72485,2024-02-19 03:00:00+00:00,-1,1,8,-42.37450627,72494,False,False,-42.37450627
72493,2024-02-19 07:00:00+00:00,1,1,7,-24.24821002,72501,False,False,-24.24821002
72500,2024-02-19 10:30:00+00:00,-1,1,25,55.31312203,72526,False,False,55.31312203
72525,2024-02-19 23:00:00+00:00,1,1,21,-66.39850651,72547,False,False,-66.39850651
72537,2024-02-20 05:00:00+00:00,1,2,9,-30.90354232,72547,False,False,-30.90354232
72546,2024-02-20 09:30:00+00:00,-1,1,23,-74.59216492,72555,True,False,-250
72559,2024-02-20 16:00:00+00:00,-1,2,10,-59.19563577,72570,False,False,-59.19563577
72569,2024-02-20 21:00:00+00:00,1,1,12,12.307929,72582,False,False,12.307929
72581,2024-02-21 03:00:00+00:00,-1,1,22,168.6418378,72604,False,False,168.6418378
72603,2024-02-21 14:00:00+00:00,1,1,10,-67.79329882,72614,False,False,-67.79329882
72613,2024-02-21 19:00:00+00:00,-1,1,25,-196.7032535,72639,False,False,-196.7032535
72629,2024-02-22 03:00:00+00:00,-1,2,9,-80.11511687,72639,False,False,-80.11511687
72638,2024-02-22 07:30:00+00:00,1,1,9,-45.14063043,72648,False,False,-45.14063043
72647,2024-02-22 12:00:00+00:00,-1,1,10,24.22292846,72658,False,False,24.22292846
72657,2024-02-22 17:00:00+00:00,1,1,12,-9.518444414,72670,False,False,-9.518444414
72669,2024-02-22 23:00:00+00:00,-1,1,13,46.08205328,72683,False,False,46.08205328
72682,2024-02-23 05:30:00+00:00,1,1,33,-41.60725099,72716,False,False,-41.60725099
72715,2024-02-23 22:00:00+00:00,-1,1,12,27.26559435,72728,False,False,27.26559435
72727,2024-02-24 04:00:00+00:00,1,1,13,49.76298657,72741,False,False,49.76298657
72740,2024-02-24 10:30:00+00:00,-1,1,9,-7.828707872,72750,False,False,-7.828707872
72749,2024-02-24 15:00:00+00:00,1,1,17,90.35084288,72767,False,False,90.35084288
72766,2024-02-24 23:30:00+00:00,-1,1,9,-3.48864253,72776,False,False,-3.48864253
72775,2024-02-25 04:00:00+00:00,1,1,12,5.424884721,72788,False,False,5.424884721
72787,2024-02-25 10:00:00+00:00,-1,1,10,-18.00859765,72798,False,False,-18.00859765
72797,2024-02-25 15:00:00+00:00,1,1,20,-13.33719919,72818,False,False,-13.33719919
72807,2024-02-25 20:00:00+00:00,1,2,10,-0.7741436036,72818,False,False,-0.7741436036
72817,2024-02-26 01:00:00+00:00,-1,1,12,27.4842256,72830,False,False,27.4842256
72829,2024-02-26 07:00:00+00:00,1,1,34,584.1937738,72864,False,False,584.1937738
72843,2024-02-26 14:00:00+00:00,1,2,20,645.3501991,72864,False,False,645.3501991
72863,2024-02-27 00:00:00+00:00,-1,1,95,-1435.618146,72868,True,False,-250
72898,2024-02-27 17:30:00+00:00,-1,2,60,-923.0553658,72928,True,False,-250
72950,2024-02-28 19:30:00+00:00,-1,3,8,-151.2191946,72959,False,False,-151.2191946
72958,2024-02-28 23:30:00+00:00,1,1,21,52.75564036,72980,False,False,52.75564036
72979,2024-02-29 10:00:00+00:00,-1,1,10,-45.6198558,72990,False,False,-45.6198558
72989,2024-02-29 15:00:00+00:00,1,1,25,-341.0714853,72995,True,False,-250
73003,2024-02-29 22:00:00+00:00,1,2,11,-99.76726397,73015,False,False,-99.76726397
73014,2024-03-01 03:30:00+00:00,-1,1,31,-252.013809,73033,True,False,-250
73033,2024-03-01 13:00:00+00:00,-1,2,12,-16.22177251,73046,False,False,-16.22177251
73045,2024-03-01 19:00:00+00:00,1,1,11,-5.131247695,73057,False,False,-5.131247695
73056,2024-03-02 00:30:00+00:00,-1,1,12,2.566941008,73069,False,False,2.566941008
73068,2024-03-02 06:30:00+00:00,1,1,9,-55.20340207,73078,False,False,-55.20340207
73077,2024-03-02 11:00:00+00:00,-1,1,15,0.1613658001,73093,False,False,0.1613658001
73092,2024-03-02 18:30:00+00:00,1,1,7,1.129578828,73100,False,False,1.129578828
73099,2024-03-02 22:00:00+00:00,-1,1,12,0.4840505349,73112,False,False,0.4840505349
73111,2024-03-03 04:00:00+00:00,1,1,8,-54.53900023,73120,False,False,-54.53900023
73119,2024-03-03 08:00:00+00:00,-1,1,102,-849.0168084,73148,True,False,-250
73146,2024-03-03 21:30:00+00:00,-1,2,75,-661.8514621,73167,True,False,-250
73163,2024-03-04 06:00:00+00:00,-1,3,58,-547.9927439,73168,True,False,-250
73207,2024-03-05 04:00:00+00:00,-1,4,14,199.6160103,73222,False,False,199.6160103
73221,2024-03-05 11:00:00+00:00,1,1,12,-214.8977852,73232,True,False,-250
73233,2024-03-05 17:00:00+00:00,-1,1,14,247.1267881,73248,False,False,247.1267881
73247,2024-03-06 00:00:00+00:00,1,1,22,452.0880671,73270,False,False,452.0880671
73269,2024-03-06 11:00:00+00:00,-1,1,12,-69.71514243,73282,False,False,-69.71514243
73281,2024-03-06 17:00:00+00:00,1,1,9,-93.05441822,73291,False,False,-93.05441822
73290,2024-03-06 21:30:00+00:00,-1,1,11,60.71535918,73302,False,False,60.71535918
73301,2024-03-07 03:00:00+00:00,1,1,20,94.50223781,73322,False,False,94.50223781
73321,2024-03-07 13:00:00+00:00,-1,1,29,-78.78851425,73351,False,False,-78.78851425
73338,2024-03-07 21:30:00+00:00,-1,2,12,18.69075698,73351,False,False,18.69075698
73350,2024-03-08 03:30:00+00:00,1,1,13,-12.78107212,73364,False,False,-12.78107212
73363,2024-03-08 10:00:00+00:00,-1,1,37,-171.7236351,73374,True,False,-250
73389,2024-03-08 23:00:00+00:00,-1,2,11,-7.173601148,73401,False,False,-7.173601148
73400,2024-03-09 04:30:00+00:00,1,1,11,13.31285202,73412,False,False,13.31285202
73411,2024-03-09 10:00:00+00:00,-1,1,8,-10.37314087,73420,False,False,-10.37314087
73419,2024-03-09 14:00:00+00:00,1,1,22,-1.459491805,73442,False,False,-1.459491805
73431,2024-03-09 20:00:00+00:00,1,2,10,20.03802838,73442,False,False,20.03802838
73441,2024-03-10 01:00:00+00:00,-1,1,34,-151.3713927,73476,False,False,-151.3713927
73456,2024-03-10 08:30:00+00:00,-1,2,19,11.92066296,73476,False,False,11.92066296
73475,2024-03-10 18:00:00+00:00,1,1,40,285.1432187,73489,True,False,-250
73496,2024-03-11 04:30:00+00:00,1,2,19,411.4992722,73516,False,False,411.4992722
73515,2024-03-11 14:00:00+00:00,-1,1,11,-143.8617585,73527,False,False,-143.8617585
73526,2024-03-11 19:30:00+00:00,1,1,40,-72.35790286,73567,False,False,-72.35790286
73550,2024-03-12 07:30:00+00:00,1,2,16,-14.4174118,73567,False,False,-14.4174118
73566,2024-03-12 15:30:00+00:00,-1,1,10,144.7987672,73577,False,False,144.7987672
73576,2024-03-12 20:30:00+00:00,1,1,19,168.0565729,73596,False,False,168.0565729
73595,2024-03-13 06:00:00+00:00,-1,1,23,-97.53259168,73619,False,False,-97.53259168
73608,2024-03-13 12:30:00+00:00,-1,2,10,24.08945949,73619,False,False,24.08945949
73618,2024-03-13 17:30:00+00:00,1,1,12,17.01310283,73631,False,False,17.01310283
73630,2024-03-13 23:30:00+00:00,-1,1,9,-39.58416086,73640,False,False,-39.58416086
73639,2024-03-14 04:00:00+00:00,1,1,13,-2.046440558,73653,False,False,-2.046440558
73652,2024-03-14 10:30:00+00:00,-1,1,22,352.0598229,73675,False,False,352.0598229
73674,2024-03-14 21:30:00+00:00,1,1,11,-234.0777619,73685,True,False,-250
73685,2024-03-15 03:00:00+00:00,-1,1,14,187.116209,73700,False,False,187.116209
73699,2024-03-15 10:00:00+00:00,1,1,14,18.74372749,73714,False,False,18.74372749
73713,2024-03-15 17:00:00+00:00,-1,1,31,-187.5285418,73717,True,False,-250
73735,2024-03-16 04:00:00+00:00,-1,2,9,4.191660042,73745,False,False,4.191660042
73744,2024-03-16 08:30:00+00:00,1,1,46,-566.6898028,73763,True,False,-250
73759,2024-03-16 16:00:00+00:00,1,2,31,-450.6996897,73770,True,False,-250
73780,2024-03-17 02:30:00+00:00,1,3,10,-168.1913403,73790,True,False,-250
73790,2024-03-17 07:30:00+00:00,-1,1,42,-419.853764,73796,True,False,-250
73817,2024-03-17 21:00:00+00:00,-1,2,15,40.87612629,73833,False,False,40.87612629
73832,2024-03-18 04:30:00+00:00,1,1,9,4.707543839,73842,False,False,4.707543839
73841,2024-03-18 09:00:00+00:00,-1,1,9,13.23373721,73851,False,False,13.23373721
73850,2024-03-18 13:30:00+00:00,1,1,24,-222.1796873,73874,True,False,-250
73862,2024-03-18 19:30:00+00:00,1,2,12,-142.2061247,73875,False,False,-142.2061247
73874,2024-03-19 01:30:00+00:00,-1,1,24,395.4283305,73899,False,False,395.4283305
73898,2024-03-19 13:30:00+00:00,1,1,15,1.411034288,73914,False,False,1.411034288
73913,2024-03-19 21:00:00+00:00,-1,1,13,71.79583647,73927,False,False,71.79583647
73926,2024-03-20 03:30:00+00:00,1,1,23,141.1564089,73927,True,False,-250
73949,2024-03-20 15:00:00+00:00,-1,1,34,-432.677337,73959,True,False,-250
73971,2024-03-21 02:00:00+00:00,-1,2,12,121.3327436,73984,False,False,121.3327436
73983,2024-03-21 08:00:00+00:00,1,1,12,-48.80087155,73996,False,False,-48.80087155
73995,2024-03-21 14:00:00+00:00,-1,1,17,163.9172166,74013,False,False,163.9172166
74012,2024-03-21 22:30:00+00:00,1,1,21,41.16669462,74034,False,False,41.16669462
74033,2024-03-22 09:00:00+00:00,-1,1,16,392.061588,74050,False,False,392.061588
74049,2024-03-22 17:00:00+00:00,1,1,11,-45.98972738,74061,False,False,-45.98972738
74060,2024-03-22 22:30:00+00:00,-1,1,57,-206.2428553,74078,True,False,-250
74086,2024-03-23 11:30:00+00:00,-1,2,31,46.45185265,74118,False,False,46.45185265
74103,2024-03-23 20:00:00+00:00,-1,3,14,104.3703145,74118,False,False,104.3703145
74117,2024-03-24 03:00:00+00:00,1,1,27,196.9416486,74145,False,False,196.9416486
74144,2024-03-24 16:30:00+00:00,-1,1,7,-51.1068056,74152,False,False,-51.1068056
74151,2024-03-24 20:00:00+00:00,1,1,13,114.8989132,74165,False,False,114.8989132
74164,2024-03-25 02:30:00+00:00,-1,1,21,-70.07697964,74186,False,False,-70.07697964
74185,2024-03-25 13:00:00+00:00,1,1,17,409.042141,74203,False,False,409.042141
74202,2024-03-25 21:30:00+00:00,-1,1,11,-94.34097319,74214,False,False,-94.34097319
74213,2024-03-26 03:00:00+00:00,1,1,13,78.00090765,74227,False,False,78.00090765
74226,2024-03-26 09:30:00+00:00,-1,1,19,155.4980158,74246,False,False,155.4980158
74245,2024-03-26 19:00:00+00:00,1,1,19,53.46141201,74265,False,False,53.46141201
74264,2024-03-27 04:30:00+00:00,-1,1,13,28.8635168,74278,False,False,28.8635168
74277,2024-03-27 11:00:00+00:00,1,1,9,-128.9071412,74287,False,False,-128.9071412
74286,2024-03-27 15:30:00+00:00,-1,1,12,15.31260834,74299,False,False,15.31260834
74298,2024-03-27 21:30:00+00:00,1,1,12,19.82117538,74311,False,False,19.82117538
74310,2024-03-28 03:30:00+00:00,-1,1,37,-224.5325247,74330,True,False,-250
74331,2024-03-28 14:00:00+00:00,-1,2,16,3.105940818,74348,False,False,3.105940818
74347,2024-03-28 22:00:00+00:00,1,1,9,-20.19488773,74357,False,False,-20.19488773
74356,2024-03-29 02:30:00+00:00,-1,1,18,59.15066438,74375,False,False,59.15066438
74374,2024-03-29 11:30:00+00:00,1,1,9,-150.037723,74384,False,False,-150.037723
74383,2024-03-29 16:00:00+00:00,-1,1,10,-66.18975359,74394,False,False,-66.18975359
74393,2024-03-29 21:00:00+00:00,1,1,14,25.2681148,74408,False,False,25.2681148
74407,2024-03-30 04:00:00+00:00,-1,1,11,-40.95719543,74419,False,False,-40.95719543
74418,2024-03-30 09:30:00+00:00,1,1,12,-8.557370035,74431,False,False,-8.557370035
74430,2024-03-30 15:30:00+00:00,-1,1,20,9.278424095,74451,False,False,9.278424095
74450,2024-03-31 01:30:00+00:00,1,1,16,43.00614373,74467,False,False,43.00614373
74466,2024-03-31 09:30:00+00:00,-1,1,52,96.59842654,74519,False,False,96.59842654
74481,2024-03-31 17:00:00+00:00,-1,2,37,126.6576839,74519,False,False,126.6576839
74500,2024-04-01 02:30:00+00:00,-1,3,18,176.2605665,74519,False,False,176.2605665
74518,2024-04-01 11:30:00+00:00,1,1,9,-205.2806987,74528,False,False,-205.2806987
74527,2024-04-01 16:00:00+00:00,-1,1,9,-186.5567663,74537,False,False,-186.5567663
74536,2024-04-01 20:30:00+00:00,1,1,11,-5.759124613,74548,False,False,-5.759124613
74547,2024-04-02 02:00:00+00:00,-1,1,14,450.9111863,74562,False,False,450.9111863
74561,2024-04-02 09:00:00+00:00,1,1,9,-221.0153127,74571,False,False,-221.0153127
74570,2024-04-02 13:30:00+00:00,-1,1,11,-157.6673866,74582,False,False,-157.6673866
74581,2024-04-02 19:00:00+00:00,1,1,7,-14.27660156,74589,False,False,-14.27660156
74588,2024-04-02 22:30:00+00:00,-1,1,9,-29.35450508,74598,False,False,-29.35450508
74597,2024-04-03 03:00:00+00:00,1,1,11,38.97423454,74609,False,False,38.97423454
74608,2024-04-03 08:30:00+00:00,-1,1,13,-73.26505332,74622,False,False,-73.26505332
74621,2024-04-03 15:00:00+00:00,1,1,7,-154.3121935,74629,False,False,-154.3121935
74628,2024-04-03 18:30:00+00:00,-1,1,9,-78.1368995,74638,False,False,-78.1368995
74637,2024-04-03 23:00:00+00:00,1,1,8,-61.35989239,74646,False,False,-61.35989239
74645,2024-04-04 03:00:00+00:00,-1,1,9,-57.63294354,74655,False,False,-57.63294354
74654,2024-04-04 07:30:00+00:00,1,1,27,276.9882068,74682,False,False,276.9882068
74681,2024-04-04 21:00:00+00:00,-1,1,9,-20.44959689,74691,False,False,-20.44959689
74690,2024-04-05 01:30:00+00:00,1,1,35,-69.44546402,74706,True,False,-250
74709,2024-04-05 11:00:00+00:00,1,2,16,87.54530134,74726,False,False,87.54530134
74725,2024-04-05 19:00:00+00:00,-1,1,10,-31.4911736,74736,False,False,-31.4911736
74735,2024-04-06 00:00:00+00:00,1,1,8,-1.915962919,74744,False,False,-1.915962919
74743,2024-04-06 04:00:00+00:00,-1,1,22,-26.2389811,74766,False,False,-26.2389811
74754,2024-04-06 09:30:00+00:00,-1,2,11,-2.794240922,74766,False,False,-2.794240922
74765,2024-04-06 15:00:00+00:00,1,1,13,62.33827335,74779,False,False,62.33827335
74778,2024-04-06 21:30:00+00:00,-1,1,27,-138.515488,74806,False,False,-138.515488
74794,2024-04-07 05:30:00+00:00,-1,2,11,4.321645683,74806,False,False,4.321645683
74805,2024-04-07 11:00:00+00:00,1,1,17,10.37643397,74823,False,False,10.37643397
74822,2024-04-07 19:30:00+00:00,-1,1,11,21.59516268,74834,False,False,21.59516268
74833,2024-04-08 01:00:00+00:00,1,1,27,324.1956428,74861,False,False,324.1956428
74860,2024-04-08 14:30:00+00:00,-1,1,11,-30.88446972,74872,False,False,-30.88446972
74871,2024-04-08 20:00:00+00:00,1,1,10,-47.92554822,74882,False,False,-47.92554822
74881,2024-04-09 01:00:00+00:00,-1,1,21,86.65341434,74903,False,False,86.65341434
74902,2024-04-09 11:30:00+00:00,1,1,29,-221.4220151,74909,True,False,-250
74921,2024-04-09 21:00:00+00:00,1,2,10,13.013867,74932,False,False,13.013867
74931,2024-04-10 02:00:00+00:00,-1,1,29,47.51108351,74961,False,False,47.51108351
74960,2024-04-10 16:30:00+00:00,1,1,18,233.175658,74979,False,False,233.175658
74978,2024-04-11 01:30:00+00:00,-1,1,13,-31.19461184,74992,False,False,-31.19461184
74991,2024-04-11 08:00:00+00:00,1,1,31,-110.3964945,75023,False,False,-110.3964945
75011,2024-04-11 18:00:00+00:00,1,2,11,-33.47626035,75023,False,False,-33.47626035
75022,2024-04-11 23:30:00+00:00,-1,1,47,410.9256189,75070,False,False,410.9256189
75039,2024-04-12 08:00:00+00:00,-1,2,30,519.3318637,75070,False,False,519.3318637
75069,2024-04-12 23:00:00+00:00,1,1,19,48.74122434,75089,False,False,48.74122434
75088,2024-04-13 08:30:00+00:00,-1,1,10,-47.4664768,75099,False,False,-47.4664768
75098,2024-04-13 13:30:00+00:00,1,1,8,-142.0219676,75107,False,False,-142.0219676
75106,2024-04-13 17:30:00+00:00,-1,1,16,427.5616258,75123,False,False,427.5616258
75122,2024-04-14 01:30:00+00:00,1,1,16,78.53689826,75126,True,False,-250
75138,2024-04-14 09:30:00+00:00,-1,1,10,55.8823986,75149,False,False,55.8823986
75148,2024-04-14 14:30:00+00:00,1,1,27,176.7065765,75176,False,False,176.7065765
75175,2024-04-15 04:00:00+00:00,-1,1,35,329.4832267,75186,True,False,-250
75192,2024-04-15 12:30:00+00:00,-1,2,18,460.0136188,75211,False,False,460.0136188
75210,2024-04-15 21:30:00+00:00,1,1,11,54.08834959,75222,False,False,54.08834959
75221,2024-04-16 03:00:00+00:00,-1,1,9,9.939103272,75231,False,False,9.939103272
75230,2024-04-16 07:30:00+00:00,1,1,37,114.334444,75237,True,False,-250
75252,2024-04-16 18:30:00+00:00,1,2,15,220.5377803,75268,False,False,220.5377803
75267,2024-04-17 02:00:00+00:00,-1,1,34,407.0448265,75302,False,False,407.0448265
75301,2024-04-17 19:00:00+00:00,1,1,13,19.53125,75315,False,False,19.53125
75314,2024-04-18 01:30:00+00:00,-1,1,17,-13.32033788,75332,False,False,-13.32033788
75331,2024-04-18 10:00:00+00:00,1,1,17,211.219623,75349,False,False,211.219623
75348,2024-04-18 18:30:00+00:00,-1,1,10,-93.57524148,75359,False,False,-93.57524148
75358,2024-04-18 23:30:00+00:00,1,1,27,234.6811893,75362,True,False,-250
75371,2024-04-19 06:00:00+00:00,1,2,14,475.4079874,75386,False,False,475.4079874
75385,2024-04-19 13:00:00+00:00,-1,1,12,127.3375984,75398,False,False,127.3375984
75397,2024-04-19 19:00:00+00:00,1,1,10,-54.36475793,75408,False,False,-54.36475793
75407,2024-04-20 00:00:00+00:00,-1,1,9,-22.08404467,75417,False,False,-22.08404467
75416,2024-04-20 04:30:00+00:00,1,1,9,-35.00656373,75426,False,False,-35.00656373
75425,2024-04-20 09:00:00+00:00,-1,1,9,-29.95420614,75435,False,False,-29.95420614
75434,2024-04-20 13:30:00+00:00,1,1,15,125.2443124,75450,False,False,125.2443124
75449,2024-04-20 21:00:00+00:00,-1,1,9,-52.96806474,75459,False,False,-52.96806474
75458,2024-04-21 01:30:00+00:00,1,1,9,-7.066160771,75468,False,False,-7.066160771
75467,2024-04-21 06:00:00+00:00,-1,1,12,-38.27648225,75480,False,False,-38.27648225
75479,2024-04-21 12:00:00+00:00,1,1,29,-78.40494931,75509,False,False,-78.40494931
75498,2024-04-21 21:30:00+00:00,1,2,10,-26.16995074,75509,False,False,-26.16995074
75508,2024-04-22 02:30:00+00:00,-1,1,25,-198.1787313,75515,True,False,-250
75523,2024-04-22 10:00:00+00:00,-1,2,10,-15.61292083,75534,False,False,-15.61292083
75533,2024-04-22 15:00:00+00:00,1,1,15,96.86109514,75549,False,False,96.86109514
75548,2024-04-22 22:30:00+00:00,-1,1,25,69.40072548,75574,False,False,69.40072548
75557,2024-04-23 03:00:00+00:00,-1,2,16,57.77657723,75574,False,False,57.77657723
75573,2024-04-23 11:00:00+00:00,1,1,17,52.07468567,75591,False,False,52.07468567
75590,2024-04-23 19:30:00+00:00,-1,1,11,-23.27467115,75602,False,False,-23.27467115
75601,2024-04-24 01:00:00+00:00,1,1,12,3.595451754,75614,False,False,3.595451754
75613,2024-04-24 07:00:00+00:00,-1,1,12,60.9509547,75626,False,False,60.9509547
75625,2024-04-24 13:00:00+00:00,1,1,30,-316.1162006,75631,True,False,-250
75644,2024-04-24 22:30:00+00:00,1,2,11,6.850808084,75656,False,False,6.850808084
75655,2024-04-25 04:00:00+00:00,-1,1,18,128.3647114,75674,False,False,128.3647114
75673,2024-04-25 13:00:00+00:00,1,1,19,201.4343132,75693,False,False,201.4343132
75692,2024-04-25 22:30:00+00:00,-1,1,12,54.23110795,75705,False,False,54.23110795
75704,2024-04-26 04:30:00+00:00,1,1,12,-6.990617038,75717,False,False,-6.990617038
75716,2024-04-26 10:30:00+00:00,-1,1,17,46.01489266,75734,False,False,46.01489266
75733,2024-04-26 19:00:00+00:00,1,1,10,-44.50969062,75744,False,False,-44.50969062
75743,2024-04-27 00:00:00+00:00,-1,1,12,125.8118156,75756,False,False,125.8118156
75755,2024-04-27 06:00:00+00:00,1,1,11,-15.41052364,75767,False,False,-15.41052364
75766,2024-04-27 11:30:00+00:00,-1,1,53,-143.0458097,75820,False,False,-143.0458097
75805,2024-04-28 07:00:00+00:00,-1,2,14,28.93744819,75820,False,False,28.93744819
75819,2024-04-28 14:00:00+00:00,1,1,14,-12.86355222,75834,False,False,-12.86355222
75833,2024-04-28 21:00:00+00:00,-1,1,24,198.8564966,75858,False,False,198.8564966
75857,2024-04-29 09:00:00+00:00,1,1,22,90.86829706,75880,False,False,90.86829706
75879,2024-04-29 20:00:00+00:00,-1,1,40,352.1003732,75889,True,False,-250
75895,2024-04-30 04:00:00+00:00,-1,2,24,459.8278786,75920,False,False,459.8278786
75919,2024-04-30 16:00:00+00:00,1,1,21,-178.4420886,75927,True,False,-250
75932,2024-04-30 22:30:00+00:00,1,2,8,-170.3515767,75941,False,False,-170.3515767
75940,2024-05-01 02:30:00+00:00,-1,1,21,291.6331456,75962,False,False,291.6331456
75961,2024-05-01 13:00:00+00:00,1,1,10,-99.09536634,75972,False,False,-99.09536634
75971,2024-05-01 18:00:00+00:00,-1,1,25,-54.40278989,75973,True,False,-250
75996,2024-05-02 06:30:00+00:00,1,1,24,251.2920121,76021,False,False,251.2920121
76020,2024-05-02 18:30:00+00:00,-1,1,11,5.921063761,76032,False,False,5.921063761
76031,2024-05-03 00:00:00+00:00,1,1,13,59.58426434,76045,False,False,59.58426434
76044,2024-05-03 06:30:00+00:00,-1,1,12,43.24560813,76057,False,False,43.24560813
76056,2024-05-03 12:30:00+00:00,1,1,14,439.0664346,76071,False,False,439.0664346
76070,2024-05-03 19:30:00+00:00,-1,1,50,-368.7934077,76079,True,False,-250
76097,2024-05-04 09:00:00+00:00,-1,2,23,-136.5852114,76121,False,False,-136.5852114
76109,2024-05-04 15:00:00+00:00,-1,3,11,-33.99655334,76121,False,False,-33.99655334
76120,2024-05-04 20:30:00+00:00,1,1,9,-80.87810514,76130,False,False,-80.87810514
76129,2024-05-05 01:00:00+00:00,-1,1,11,22.82422201,76141,False,False,22.82422201
76140,2024-05-05 06:30:00+00:00,1,1,12,57.58551054,76153,False,False,57.58551054
76152,2024-05-05 12:30:00+00:00,-1,1,23,-43.13793158,76176,False,False,-43.13793158
76165,2024-05-05 19:00:00+00:00,-1,2,10,-11.88465628,76176,False,False,-11.88465628
76175,2024-05-06 00:00:00+00:00,1,1,9,-11.40197426,76185,False,False,-11.40197426
76184,2024-05-06 04:30:00+00:00,-1,1,30,149.6458226,76215,False,False,149.6458226
76199,2024-05-06 12:00:00+00:00,-1,2,15,194.5706992,76215,False,False,194.5706992
76214,2024-05-06 19:30:00+00:00,1,1,11,86.8336667,76226,False,False,86.8336667
76225,2024-05-07 01:00:00+00:00,-1,1,13,-45.0103083,76239,False,False,-45.0103083
76238,2024-05-07 07:30:00+00:00,1,1,10,-42.45852069,76249,False,False,-42.45852069
76248,2024-05-07 12:30:00+00:00,-1,1,30,135.1563975,76279,False,False,135.1563975
76278,2024-05-08 03:30:00+00:00,1,1,7,-32.85643651,76286,False,False,-32.85643651
76285,2024-05-08 07:00:00+00:00,-1,1,9,52.16751212,76295,False,False,52.16751212
76294,2024-05-08 11:30:00+00:00,1,1,17,-2.895519987,76312,False,False,-2.895519987
76311,2024-05-08 20:00:00+00:00,-1,1,13,94.93619966,76325,False,False,94.93619966
76324,2024-05-09 02:30:00+00:00,1,1,11,-54.74600777,76336,False,False,-54.74600777
76335,2024-05-09 08:00:00+00:00,-1,1,11,-17.15125776,76347,False,False,-17.15125776
76346,2024-05-09 13:30:00+00:00,1,1,17,197.4724827,76364,False,False,197.4724827
76363,2024-05-09 22:00:00+00:00,-1,1,47,317.4171677,76411,False,False,317.4171677
76394,2024-05-10 13:30:00+00:00,-1,2,16,360.5769231,76411,False,False,360.5769231
76410,2024-05-10 21:30:00+00:00,1,1,12,51.03136199,76423,False,False,51.03136199
76422,2024-05-11 03:30:00+00:00,-1,1,8,-16.75977654,76431,False,False,-16.75977654
76430,2024-05-11 07:30:00+00:00,1,1,25,27.23007775,76456,False,False,27.23007775
76455,2024-05-11 20:00:00+00:00,-1,1,11,38.77110326,76467,False,False,38.77110326
76466,2024-05-12 01:30:00+00:00,1,1,12,-17.40815556,76479,False,False,-17.40815556
76478,2024-05-12 07:30:00+00:00,-1,1,34,-146.7467303,76513,False,False,-146.7467303
76503,2024-05-12 20:00:00+00:00,-1,2,9,-47.07760474,76513,False,False,-47.07760474
76512,2024-05-13 00:30:00+00:00,1,1,28,220.9899963,76541,False,False,220.9899963
76526,2024-05-13 07:30:00+00:00,1,2,14,221.4871745,76541,False,False,221.4871745
76540,2024-05-13 14:30:00+00:00,-1,1,12,-5.86928934,76553,False,False,-5.86928934
76552,2024-05-13 20:30:00+00:00,1,1,11,-71.18284002,76564,False,False,-71.18284002
76563,2024-05-14 02:00:00+00:00,-1,1,21,114.0065147,76585,False,False,114.0065147
76584,2024-05-14 12:30:00+00:00,1,1,9,-81.72626546,76594,False,False,-81.72626546
76593,2024-05-14 17:00:00+00:00,-1,1,8,-27.84653465,76602,False,False,-27.84653465
76601,2024-05-14 21:00:00+00:00,1,1,51,743.7600481,76653,False,False,743.7600481
76652,2024-05-15 22:30:00+00:00,-1,1,16,29.32329691,76669,False,False,29.32329691
76668,2024-05-16 06:30:00+00:00,1,1,13,11.06647465,76682,False,False,11.06647465
76681,2024-05-16 13:00:00+00:00,-1,1,16,114.3281141,76698,False,False,114.3281141
76697,2024-05-16 21:00:00+00:00,1,1,11,-4.135839346,76709,False,False,-4.135839346
76708,2024-05-17 02:30:00+00:00,-1,1,46,-247.6400637,76734,True,False,-250
76728,2024-05-17 12:30:00+00:00,-1,2,26,-86.42664294,76755,False,False,-86.42664294
76742,2024-05-17 19:30:00+00:00,-1,3,12,5.679270662,76755,False,False,5.679270662
76754,2024-05-18 01:30:00+00:00,1,1,9,3.14032779,76764,False,False,3.14032779
76763,2024-05-18 06:00:00+00:00,-1,1,26,11.80990537,76790,False,False,11.80990537
76778,2024-05-18 13:30:00+00:00,-1,2,11,40.99032628,76790,False,False,40.99032628
76789,2024-05-18 19:00:00+00:00,1,1,12,16.01460772,76802,False,False,16.01460772
76801,2024-05-19 01:00:00+00:00,-1,1,46,99.52032994,76848,False,False,99.52032994
76813,2024-05-19 07:00:00+00:00,-1,2,34,116.5045647,76848,False,False,116.5045647
76847,2024-05-20 00:00:00+00:00,1,1,16,85.4275149,76864,False,False,85.4275149
76863,2024-05-20 08:00:00+00:00,-1,1,9,-16.01293007,76873,False,False,-16.01293007
76872,2024-05-20 12:30:00+00:00,1,1,30,651.745159,76903,False,False,651.745159
76902,2024-05-21 03:30:00+00:00,-1,1,13,43.48435966,76916,False,False,43.48435966
76915,2024-05-21 10:00:00+00:00,1,1,9,-82.69935193,76925,False,False,-82.69935193
76924,2024-05-21 14:30:00+00:00,-1,1,14,113.6476638,76939,False,False,113.6476638
76938,2024-05-21 21:30:00+00:00,1,1,11,58.05181556,76950,False,False,58.05181556
76949,2024-05-22 03:00:00+00:00,-1,1,12,-1.000042859,76962,False,False,-1.000042859
76961,2024-05-22 09:00:00+00:00,1,1,8,-55.71110222,76970,False,False,-55.71110222
76969,2024-05-22 13:00:00+00:00,-1,1,25,19.3926509,76995,False,False,19.3926509
76994,2024-05-23 01:30:00+00:00,1,1,11,5.75713525,77006,False,False,5.75713525
77005,2024-05-23 07:00:00+00:00,-1,1,29,307.8295142,77035,False,False,307.8295142
77018,2024-05-23 13:30:00+00:00,-1,2,16,279.0241369,77035,False,False,279.0241369
77034,2024-05-23 21:30:00+00:00,1,1,12,75.09758233,77047,False,False,75.09758233
77046,2024-05-24 03:30:00+00:00,-1,1,14,74.68512926,77061,False,False,74.68512926
77060,2024-05-24 10:30:00+00:00,1,1,23,221.1404316,77084,False,False,221.1404316
77083,2024-05-24 22:00:00+00:00,-1,1,11,23.66846721,77095,False,False,23.66846721
77094,2024-05-25 03:30:00+00:00,1,1,21,47.01259006,77116,False,False,47.01259006
77115,2024-05-25 14:00:00+00:00,-1,1,10,-25.78663731,77126,False,False,-25.78663731
77125,2024-05-25 19:00:00+00:00,1,1,13,2.745426697,77139,False,False,2.745426697
77138,2024-05-26 01:30:00+00:00,-1,1,10,22.10184182,77149,False,False,22.10184182
77148,2024-05-26 06:30:00+00:00,1,1,9,16.93884642,77158,False,False,16.93884642
77157,2024-05-26 11:00:00+00:00,-1,1,9,-7.660177196,77167,False,False,-7.660177196
77166,2024-05-26 15:30:00+00:00,1,1,29,-110.1932353,77196,False,False,-110.1932353
77186,2024-05-27 01:30:00+00:00,1,2,9,-40.14253509,77196,False,False,-40.14253509
77195,2024-05-27 06:00:00+00:00,-1,1,13,2.482512887,77209,False,False,2.482512887
77208,2024-05-27 12:30:00+00:00,1,1,16,161.5494727,77225,False,False,161.5494727
77224,2024-05-27 20:30:00+00:00,-1,1,24,235.0218491,77249,False,False,235.0218491
77248,2024-05-28 08:30:00+00:00,1,1,11,-32.53205364,77260,False,False,-32.53205364
77259,2024-05-28 14:00:00+00:00,-1,1,12,-92.893431,77272,False,False,-92.893431
77271,2024-05-28 20:00:00+00:00,1,1,11,3.365476069,77283,False,False,3.365476069
77282,2024-05-29 01:30:00+00:00,-1,1,22,81.036803,77305,False,False,81.036803
77304,2024-05-29 12:30:00+00:00,1,1,37,-1.327237871,77342,False,False,-1.327237871
77323,2024-05-29 22:00:00+00:00,1,2,18,28.39858599,77342,False,False,28.39858599
77341,2024-05-30 07:00:00+00:00,-1,1,9,-37.7575552,77351,False,False,-37.7575552
77350,2024-05-30 11:30:00+00:00,1,1,18,55.10087133,77369,False,False,55.10087133
77368,2024-05-30 20:30:00+00:00,-1,1,12,-9.790741174,77381,False,False,-9.790741174
77380,2024-05-31 02:30:00+00:00,1,1,9,-33.43114498,77390,False,False,-33.43114498
77389,2024-05-31 07:00:00+00:00,-1,1,10,-8.349201699,77400,False,False,-8.349201699
77399,2024-05-31 12:00:00+00:00,1,1,30,-97.91151375,77430,False,False,-97.91151375
77416,2024-05-31 20:30:00+00:00,1,2,13,8.727939762,77430,False,False,8.727939762
77429,2024-06-01 03:00:00+00:00,-1,1,13,6.65109817,77443,False,False,6.65109817
77442,2024-06-01 09:30:00+00:00,1,1,14,6.655524825,77457,False,False,6.655524825
77456,2024-06-01 16:30:00+00:00,-1,1,7,-3.842856721,77464,False,False,-3.842856721
77463,2024-06-01 20:00:00+00:00,1,1,13,2.511671887,77477,False,False,2.511671887
77476,2024-06-02 02:30:00+00:00,-1,1,20,-52.4364485,77497,False,False,-52.4364485
77496,2024-06-02 12:30:00+00:00,1,1,11,-31.44469261,77508,False,False,-31.44469261
77507,2024-06-02 18:00:00+00:00,-1,1,11,-1.768815778,77519,False,False,-1.768815778
77518,2024-06-02 23:30:00+00:00,1,1,23,153.5650072,77542,False,False,153.5650072
77541,2024-06-03 11:00:00+00:00,-1,1,30,-43.68903855,77572,False,False,-43.68903855
77571,2024-06-04 02:00:00+00:00,1,1,9,-35.98421897,77581,False,False,-35.98421897
77580,2024-06-04 06:30:00+00:00,-1,1,12,-12.18309451,77593,False,False,-12.18309451
77592,2024-06-04 12:30:00+00:00,1,1,16,178.902538,77609,False,False,178.902538
77608,2024-06-04 20:30:00+00:00,-1,1,11,-101.6124212,77620,False,False,-101.6124212
77619,2024-06-05 02:00:00+00:00,1,1,11,10.14355954,77631,False,False,10.14355954
77630,2024-06-05 07:30:00+00:00,-1,1,12,-8.022180626,77643,False,False,-8.022180626
77642,2024-06-05 13:30:00+00:00,1,1,12,-20.10968921,77655,False,False,-20.10968921
77654,2024-06-05 19:30:00+00:00,-1,1,13,-23.10933251,77668,False,False,-23.10933251
77667,2024-06-06 02:00:00+00:00,1,1,8,-32.89704911,77676,False,False,-32.89704911
77675,2024-06-06 06:00:00+00:00,-1,1,8,-14.24601887,77684,False,False,-14.24601887
77683,2024-06-06 10:00:00+00:00,1,1,14,-9.014338432,77698,False,False,-9.014338432
77697,2024-06-06 17:00:00+00:00,-1,1,14,22.97910734,77712,False,False,22.97910734
77711,2024-06-07 00:00:00+00:00,1,1,17,49.73788699,77729,False,False,49.73788699
77728,2024-06-07 08:30:00+00:00,-1,1,31,253.3638907,77760,False,False,253.3638907
77742,2024-06-07 15:30:00+00:00,-1,2,17,241.4268821,77760,False,False,241.4268821
77759,2024-06-08 00:00:00+00:00,1,1,11,-5.481744349,77771,False,False,-5.481744349
77770,2024-06-08 05:30:00+00:00,-1,1,9,-22.37201045,77780,False,False,-22.37201045
77779,2024-06-08 10:00:00+00:00,1,1,22,-10.80100233,77802,False,False,-10.80100233
77801,2024-06-08 21:00:00+00:00,-1,1,15,12.54271009,77817,False,False,12.54271009
77816,2024-06-09 04:30:00+00:00,1,1,10,10.1045095,77827,False,False,10.1045095
77826,2024-06-09 09:30:00+00:00,-1,1,36,-55.37449889,77863,False,False,-55.37449889
77851,2024-06-09 22:00:00+00:00,-1,2,11,1.433897333,77863,False,False,1.433897333
77862,2024-06-10 03:30:00+00:00,1,1,34,-23.80610928,77897,False,False,-23.80610928
77880,2024-06-10 12:30:00+00:00,1,2,16,10.07281204,77897,False,False,10.07281204
77896,2024-06-10 20:30:00+00:00,-1,1,35,401.9320338,77932,False,False,401.9320338
77931,2024-06-11 14:00:00+00:00,1,1,22,63.95279176,77954,False,False,63.95279176
77953,2024-06-12 01:00:00+00:00,-1,1,8,-41.07448471,77962,False,False,-41.07448471
77961,2024-06-12 05:00:00+00:00,1,1,28,201.8645048,77990,False,False,201.8645048
77989,2024-06-12 19:00:00+00:00,-1,1,12,73.51125187,78002,False,False,73.51125187
78001,2024-06-13 01:00:00+00:00,1,1,8,-143.2815724,78010,False,False,-143.2815724
78009,2024-06-13 05:00:00+00:00,-1,1,32,103.1953436,78042,False,False,103.1953436
78029,2024-06-13 15:00:00+00:00,-1,2,12,101.4316265,78042,False,False,101.4316265
78041,2024-06-13 21:00:00+00:00,1,1,10,16.50338319,78052,False,False,16.50338319
78051,2024-06-14 02:00:00+00:00,-1,1,39,106.9454638,78091,False,False,106.9454638
78069,2024-06-14 11:00:00+00:00,-1,2,21,114.0530751,78091,False,False,114.0530751
78090,2024-06-14 21:30:00+00:00,1,1,13,27.40389711,78104,False,False,27.40389711
78103,2024-06-15 04:00:00+00:00,-1,1,12,7.54944889,78116,False,False,7.54944889
78115,2024-06-15 10:00:00+00:00,1,1,10,-0.4533091568,78126,False,False,-0.4533091568
78125,2024-06-15 15:00:00+00:00,-1,1,16,2.115538631,78142,False,False,2.115538631
78141,2024-06-15 23:00:00+00:00,1,1,8,-10.4287895,78150,False,False,-10.4287895
78149,2024-06-16 03:00:00+00:00,-1,1,39,-87.75380519,78189,False,False,-87.75380519
78174,2024-06-16 15:30:00+00:00,-1,2,14,-17.87994891,78189,False,False,-17.87994891
78188,2024-06-16 22:30:00+00:00,1,1,7,-39.14569397,78196,False,False,-39.14569397
78195,2024-06-17 02:00:00+00:00,-1,1,30,82.66453857,78226,False,False,82.66453857
78225,2024-06-17 17:00:00+00:00,1,1,13,90.94497753,78239,False,False,90.94497753
78238,2024-06-17 23:30:00+00:00,-1,1,13,126.2356499,78252,False,False,126.2356499
78251,2024-06-18 06:00:00+00:00,1,1,11,-65.98195782,78263,False,False,-65.98195782
78262,2024-06-18 11:30:00+00:00,-1,1,15,81.75975211,78278,False,False,81.75975211
78277,2024-06-18 19:00:00+00:00,1,1,14,52.12038727,78292,False,False,52.12038727
78291,2024-06-19 02:00:00+00:00,-1,1,19,-67.23594123,78311,False,False,-67.23594123
78310,2024-06-19 11:30:00+00:00,1,1,75,-96.58882504,78386,False,False,-96.58882504
78323,2024-06-19 18:00:00+00:00,1,2,62,-39.65692152,78386,False,False,-39.65692152
78374,2024-06-20 19:30:00+00:00,1,3,11,-31.07596689,78386,False,False,-31.07596689
78385,2024-06-21 01:00:00+00:00,-1,1,13,17.28395062,78399,False,False,17.28395062
78398,2024-06-21 07:30:00+00:00,1,1,32,-90.4340836,78431,False,False,-90.4340836
78413,2024-06-21 15:00:00+00:00,1,2,17,-11.37496884,78431,False,False,-11.37496884
78430,2024-06-21 23:30:00+00:00,-1,1,29,-23.71183876,78460,False,False,-23.71183876
78450,2024-06-22 09:30:00+00:00,-1,2,9,3.889234599,78460,False,False,3.889234599
78459,2024-06-22 14:00:00+00:00,1,1,10,-0.3112598241,78470,False,False,-0.3112598241
78469,2024-06-22 19:00:00+00:00,-1,1,30,-18.36490125,78500,False,False,-18.36490125
78489,2024-06-23 05:00:00+00:00,-1,2,10,-2.330785008,78500,False,False,-2.330785008
78499,2024-06-23 10:00:00+00:00,1,1,90,-505.5071383,78533,True,False,-250
78519,2024-06-23 20:00:00+00:00,1,2,70,-468.4892625,78538,True,False,-250
78545,2024-06-24 09:00:00+00:00,1,3,44,-249.6729524,78547,True,False,-250
78574,2024-06-24 23:30:00+00:00,1,4,15,156.3746344,78590,False,False,156.3746344
78589,2024-06-25 07:00:00+00:00,-1,1,9,-9.98085639,78599,False,False,-9.98085639
78598,2024-06-25 11:30:00+00:00,1,1,14,123.4103763,78613,False,False,123.4103763
78612,2024-06-25 18:30:00+00:00,-1,1,37,86.22220787,78650,False,False,86.22220787
78649,2024-06-26 13:00:00+00:00,1,1,8,-26.87340185,78658,False,False,-26.87340185
78657,2024-06-26 17:00:00+00:00,-1,1,12,58.30094392,78670,False,False,58.30094392
78669,2024-06-26 23:00:00+00:00,1,1,13,2.956781707,78683,False,False,2.956781707
78682,2024-06-27 05:30:00+00:00,-1,1,9,-58.9539371,78692,False,False,-58.9539371
78691,2024-06-27 10:00:00+00:00,1,1,15,107.4215561,78707,False,False,107.4215561
78706,2024-06-27 17:30:00+00:00,-1,1,13,48.94043158,78720,False,False,48.94043158
78719,2024-06-28 00:00:00+00:00,1,1,11,-13.47205765,78731,False,False,-13.47205765
78730,2024-06-28 05:30:00+00:00,-1,1,12,-16.90342294,78743,False,False,-16.90342294
78742,2024-06-28 11:30:00+00:00,1,1,36,-157.3908811,78759,True,False,-250
78766,2024-06-28 23:30:00+00:00,1,2,12,64.20785426,78779,False,False,64.20785426
78778,2024-06-29 05:30:00+00:00,-1,1,11,-38.08110781,78790,False,False,-38.08110781
78789,2024-06-29 11:00:00+00:00,1,1,9,0.4926836478,78799,False,False,0.4926836478
78798,2024-06-29 15:30:00+00:00,-1,1,9,-10.51006667,78808,False,False,-10.51006667
78807,2024-06-29 20:00:00+00:00,1,1,35,95.8036681,78843,False,False,95.8036681
78842,2024-06-30 13:30:00+00:00,-1,1,10,-21.77374801,78853,False,False,-21.77374801
78852,2024-06-30 18:30:00+00:00,1,1,22,268.0134899,78875,False,False,268.0134899
78874,2024-07-01 05:30:00+00:00,-1,1,16,74.68932085,78891,False,False,74.68932085
78890,2024-07-01 13:30:00+00:00,1,1,15,57.27376861,78906,False,False,57.27376861
78905,2024-07-01 21:00:00+00:00,-1,1,12,44.29258416,78918,False,False,44.29258416
78917,2024-07-02 03:00:00+00:00,1,1,9,-48.9386043,78927,False,False,-48.9386043
78926,2024-07-02 07:30:00+00:00,-1,1,10,-6.386919589,78937,False,False,-6.386919589
78936,2024-07-02 12:30:00+00:00,1,1,27,-183.0280207,78964,False,False,-183.0280207
78951,2024-07-02 20:00:00+00:00,1,2,12,-61.54889987,78964,False,False,-61.54889987
78963,2024-07-03 02:00:00+00:00,-1,1,14,180.5887421,78978,False,False,180.5887421
78977,2024-07-03 09:00:00+00:00,1,1,21,-77.63615295,78999,False,False,-77.63615295
78988,2024-07-03 14:30:00+00:00,1,2,10,-59.53565506,78999,False,False,-59.53565506
78998,2024-07-03 19:30:00+00:00,-1,1,8,-56.72244374,79007,False,False,-56.72244374
79006,2024-07-03 23:30:00+00:00,1,1,45,-300.5922264,79011,True,False,-250
79032,2024-07-04 12:30:00+00:00,1,2,19,173.1217594,79052,False,False,173.1217594
79051,2024-07-04 22:00:00+00:00,-1,1,22,751.8514084,79074,False,False,751.8514084
79073,2024-07-05 09:00:00+00:00,1,1,19,441.4402752,79093,False,False,441.4402752
79092,2024-07-05 18:30:00+00:00,-1,1,10,-47.64434998,79103,False,False,-47.64434998
79102,2024-07-05 23:30:00+00:00,1,1,27,9.342664246,79130,False,False,9.342664246
79116,2024-07-06 06:30:00+00:00,1,2,13,42.26871584,79130,False,False,42.26871584
79129,2024-07-06 13:00:00+00:00,-1,1,28,-275.4393998,79144,True,False,-250
79146,2024-07-06 21:30:00+00:00,-1,2,11,-77.37745691,79158,False,False,-77.37745691
79157,2024-07-07 03:00:00+00:00,1,1,38,-306.9619168,79178,True,False,-250
79171,2024-07-07 10:00:00+00:00,1,2,24,-202.1759468,79194,True,False,-250
79188,2024-07-07 18:30:00+00:00,1,3,7,-111.3792139,79196,False,False,-111.3792139
79195,2024-07-07 22:00:00+00:00,-1,1,15,205.4637079,79211,False,False,205.4637079
79210,2024-07-08 05:30:00+00:00,1,1,15,311.0501327,79226,False,False,311.0501327
79225,2024-07-08 13:00:00+00:00,-1,1,13,133.5877863,79239,False,False,133.5877863
79238,2024-07-08 19:30:00+00:00,1,1,12,76.12726918,79251,False,False,76.12726918
79250,2024-07-09 01:30:00+00:00,-1,1,30,-165.0170829,79281,False,False,-165.0170829
79270,2024-07-09 11:30:00+00:00,-1,2,10,-33.72446762,79281,False,False,-33.72446762
79280,2024-07-09 16:30:00+00:00,1,1,12,21.82990003,79293,False,False,21.82990003
79292,2024-07-09 22:30:00+00:00,-1,1,10,-21.09084623,79303,False,False,-21.09084623
79302,2024-07-10 03:30:00+00:00,1,1,12,90.56877189,79315,False,False,90.56877189
79314,2024-07-10 09:30:00+00:00,-1,1,15,136.941804,79330,False,False,136.941804
79329,2024-07-10 17:00:00+00:00,1,1,9,-49.05444523,79339,False,False,-49.05444523
79338,2024-07-10 21:30:00+00:00,-1,1,47,-24.03846154,79367,True,False,-250
79346,2024-07-11 01:30:00+00:00,-1,2,39,-3.824490647,79369,True,False,-250
79372,2024-07-11 14:30:00+00:00,-1,3,13,41.18787208,79386,False,False,41.18787208
79385,2024-07-11 21:00:00+00:00,1,1,9,-163.6951309,79395,False,False,-163.6951309
79394,2024-07-12 01:30:00+00:00,-1,1,10,-129.1428168,79405,False,False,-129.1428168
79404,2024-07-12 06:30:00+00:00,1,1,9,-26.85968431,79414,False,False,-26.85968431
79413,2024-07-12 11:00:00+00:00,-1,1,27,-115.5978384,79441,False,False,-115.5978384
79431,2024-07-12 20:00:00+00:00,-1,2,9,-41.8395514,79441,False,False,-41.8395514
79440,2024-07-13 00:30:00+00:00,1,1,17,21.43770962,79458,False,False,21.43770962
79457,2024-07-13 09:00:00+00:00,-1,1,26,-128.1785874,79484,False,False,-128.1785874
79473,2024-07-13 17:00:00+00:00,-1,2,10,-13.47433055,79484,False,False,-13.47433055
79483,2024-07-13 22:00:00+00:00,1,1,20,239.1456165,79504,False,False,239.1456165
79503,2024-07-14 08:00:00+00:00,-1,1,16,2.661653885,79520,False,False,2.661653885
79519,2024-07-14 16:00:00+00:00,1,1,33,490.5402932,79553,False,False,490.5402932
79552,2024-07-15 08:30:00+00:00,-1,1,11,13.64105004,79564,False,False,13.64105004
79563,2024-07-15 14:00:00+00:00,1,1,14,129.7669912,79578,False,False,129.7669912
79577,2024-07-15 21:00:00+00:00,-1,1,29,5.644756648,79607,False,False,5.644756648
79593,2024-07-16 05:00:00+00:00,-1,2,13,121.352076,79607,False,False,121.352076
79606,2024-07-16 11:30:00+00:00,1,1,15,169.4383433,79622,False,False,169.4383433
79621,2024-07-16 19:00:00+00:00,-1,1,11,-67.72601049,79633,False,False,-67.72601049
79632,2024-07-17 00:30:00+00:00,1,1,12,51.02744449,79645,False,False,51.02744449
79644,2024-07-17 06:30:00+00:00,-1,1,16,113.5809245,79661,False,False,113.5809245
79660,2024-07-17 14:30:00+00:00,1,1,32,5.397319845,79693,False,False,5.397319845
79673,2024-07-17 21:00:00+00:00,1,2,19,55.63907444,79693,False,False,55.63907444
79682,2024-07-18 01:30:00+00:00,1,3,10,38.83585276,79693,False,False,38.83585276
79692,2024-07-18 06:30:00+00:00,-1,1,14,-1.849511421,79707,False,False,-1.849511421
79706,2024-07-18 13:30:00+00:00,1,1,25,-167.6580269,79718,True,False,-250
79722,2024-07-18 21:30:00+00:00,1,2,9,-13.14759743,79732,False,False,-13.14759743
79731,2024-07-19 02:00:00+00:00,-1,1,20,-47.33097201,79752,False,False,-47.33097201
79743,2024-07-19 08:00:00+00:00,-1,2,8,-63.89224659,79752,False,False,-63.89224659
79751,2024-07-19 12:00:00+00:00,1,1,20,441.7545392,79772,False,False,441.7545392
79771,2024-07-19 22:00:00+00:00,-1,1,12,44.51747834,79784,False,False,44.51747834
79783,2024-07-20 04:00:00+00:00,1,1,11,-1.650610726,79795,False,False,-1.650610726
79794,2024-07-20 09:30:00+00:00,-1,1,10,-0.3001605859,79805,False,False,-0.3001605859
79804,2024-07-20 14:30:00+00:00,1,1,15,74.58766677,79820,False,False,74.58766677
79819,2024-07-20 22:00:00+00:00,-1,1,10,-26.06882169,79830,False,False,-26.06882169
79829,2024-07-21 03:00:00+00:00,1,1,31,-45.76183047,79861,False,False,-45.76183047
79844,2024-07-21 10:30:00+00:00,1,2,16,8.515088139,79861,False,False,8.515088139
79860,2024-07-21 18:30:00+00:00,-1,1,33,-64.77901996,79894,False,False,-64.77901996
79877,2024-07-22 03:00:00+00:00,-1,2,16,96.20186235,79894,False,False,96.20186235
79893,2024-07-22 11:00:00+00:00,1,1,8,-107.2207145,79902,False,False,-107.2207145
79901,2024-07-22 15:00:00+00:00,-1,1,8,-113.6295497,79910,False,False,-113.6295497
79909,2024-07-22 19:00:00+00:00,1,1,10,14.08116681,79920,False,False,14.08116681
79919,2024-07-23 00:00:00+00:00,-1,1,19,84.66422936,79939,False,False,84.66422936
79938,2024-07-23 09:30:00+00:00,1,1,9,-131.0662945,79948,False,False,-131.0662945
79947,2024-07-23 14:00:00+00:00,-1,1,17,42.2017516,79965,False,False,42.2017516
79964,2024-07-23 22:30:00+00:00,1,1,9,6.227974237,79974,False,False,6.227974237
79973,2024-07-24 03:00:00+00:00,-1,1,57,241.2217449,80031,False,False,241.2217449
79995,2024-07-24 14:00:00+00:00,-1,2,35,312.6930786,80031,False,False,312.6930786
80030,2024-07-25 07:30:00+00:00,1,1,10,-15.86708979,80041,False,False,-15.86708979
80040,2024-07-25 12:30:00+00:00,-1,1,45,-485.4943754,80059,True,False,-250
80056,2024-07-25 20:30:00+00:00,-1,2,29,-392.069056,80065,True,False,-250
80077,2024-07-26 07:00:00+00:00,-1,3,8,-36.23890836,80086,False,False,-36.23890836
80085,2024-07-26 11:00:00+00:00,1,1,14,11.29305477,80100,False,False,11.29305477
80099,2024-07-26 18:00:00+00:00,-1,1,24,-78.07165969,80124,False,False,-78.07165969
80114,2024-07-27 01:30:00+00:00,-1,2,9,-13.86307996,80124,False,False,-13.86307996
80123,2024-07-27 06:00:00+00:00,1,1,13,61.26656848,80137,False,False,61.26656848
80136,2024-07-27 12:30:00+00:00,-1,1,21,-44.93822823,80158,False,False,-44.93822823
80147,2024-07-27 18:00:00+00:00,-1,2,10,-9.919043104,80158,False,False,-9.919043104
80157,2024-07-27 23:00:00+00:00,1,1,34,-141.4977486,80192,False,False,-141.4977486
80180,2024-07-28 10:30:00+00:00,1,2,11,5.768121515,80192,False,False,5.768121515
80191,2024-07-28 16:00:00+00:00,-1,1,42,-318.0985041,80213,True,False,-250
80224,2024-07-29 08:30:00+00:00,-1,2,9,-30.46327164,80234,False,False,-30.46327164
80233,2024-07-29 13:00:00+00:00,1,1,25,-444.6736577,80238,True,False,-250
80250,2024-07-29 21:30:00+00:00,1,2,8,-71.44983626,80259,False,False,-71.44983626
80258,2024-07-30 01:30:00+00:00,-1,1,9,33.5832084,80268,False,False,33.5832084
80267,2024-07-30 06:00:00+00:00,1,1,10,13.68915097,80278,False,False,13.68915097
80277,2024-07-30 11:00:00+00:00,-1,1,20,60.54050806,80298,False,False,60.54050806
80297,2024-07-30 21:00:00+00:00,1,1,12,-7.708119219,80310,False,False,-7.708119219
80309,2024-07-31 03:00:00+00:00,-1,1,8,-49.76328407,80318,False,False,-49.76328407
80317,2024-07-31 07:00:00+00:00,1,1,9,-57.49375395,80327,False,False,-57.49375395
80326,2024-07-31 11:30:00+00:00,-1,1,32,311.2322131,80359,False,False,311.2322131
80342,2024-07-31 19:30:00+00:00,-1,2,16,262.2930867,80359,False,False,262.2930867
80358,2024-08-01 03:30:00+00:00,1,1,17,100.3062309,80376,False,False,100.3062309
80375,2024-08-01 12:00:00+00:00,-1,1,17,177.4278378,80393,False,False,177.4278378
80392,2024-08-01 20:30:00+00:00,1,1,12,69.60739539,80405,False,False,69.60739539
80404,2024-08-02 02:30:00+00:00,-1,1,13,-93.21092883,80418,False,False,-93.21092883
80417,2024-08-02 09:00:00+00:00,1,1,12,-222.1981189,80430,False,False,-222.1981189
80429,2024-08-02 15:00:00+00:00,-1,1,25,230.5754085,80455,False,False,230.5754085
80454,2024-08-03 03:30:00+00:00,1,1,11,-12.1658448,80466,False,False,-12.1658448
80465,2024-08-03 09:00:00+00:00,-1,1,26,156.8869472,80492,False,False,156.8869472
80491,2024-08-03 22:00:00+00:00,1,1,13,21.94465986,80505,False,False,21.94465986
80504,2024-08-04 04:30:00+00:00,-1,1,12,14.81725387,80517,False,False,14.81725387
80516,2024-08-04 10:30:00+00:00,1,1,9,-180.708986,80526,False,False,-180.708986
80525,2024-08-04 15:00:00+00:00,-1,1,12,70.35631528,80538,False,False,70.35631528
80537,2024-08-04 21:00:00+00:00,1,1,32,-1578.591359,80544,True,False,-250
80561,2024-08-05 09:00:00+00:00,1,2,8,-557.9887378,80564,True,False,-250
80569,2024-08-05 13:00:00+00:00,-1,1,24,-1257.028112,80571,True,False,-250
80583,2024-08-05 20:00:00+00:00,-1,2,10,-481.8353496,80586,True,False,-250
80593,2024-08-06 01:00:00+00:00,1,1,10,-16.58936853,80604,False,False,-16.58936853
80603,2024-08-06 06:00:00+00:00,-1,1,13,86.6582093,80617,False,False,86.6582093
80616,2024-08-06 12:30:00+00:00,1,1,16,192.1343859,80633,False,False,192.1343859
80632,2024-08-06 20:30:00+00:00,-1,1,11,-77.63316121,80644,False,False,-77.63316121
80643,2024-08-07 02:00:00+00:00,1,1,10,-19.65360521,80654,False,False,-19.65360521
80653,2024-08-07 07:00:00+00:00,-1,1,30,254.7692308,80684,False,False,254.7692308
80683,2024-08-07 22:00:00+00:00,1,1,18,327.644066,80702,False,False,327.644066
80701,2024-08-08 07:00:00+00:00,-1,1,11,13.62635827,80713,False,False,13.62635827
80712,2024-08-08 12:30:00+00:00,1,1,16,438.7376671,80729,False,False,438.7376671
80728,2024-08-08 20:30:00+00:00,-1,1,25,-241.9895428,80731,True,False,-250
80742,2024-08-09 03:30:00+00:00,-1,2,11,46.57828735,80754,False,False,46.57828735
80753,2024-08-09 09:00:00+00:00,1,1,32,-89.99280058,80765,True,False,-250
80771,2024-08-09 18:00:00+00:00,1,2,14,60.29599854,80786,False,False,60.29599854
80785,2024-08-10 01:00:00+00:00,-1,1,12,14.85982234,80798,False,False,14.85982234
80797,2024-08-10 07:00:00+00:00,1,1,12,43.81903565,80810,False,False,43.81903565
80809,2024-08-10 13:00:00+00:00,-1,1,9,13.17067549,80819,False,False,13.17067549
80818,2024-08-10 17:30:00+00:00,1,1,12,27.69489458,80831,False,False,27.69489458
80830,2024-08-10 23:30:00+00:00,-1,1,8,-83.51279817,80839,False,False,-83.51279817
80838,2024-08-11 03:30:00+00:00,1,1,15,-44.18214129,80854,False,False,-44.18214129
80853,2024-08-11 11:00:00+00:00,-1,1,16,128.5494383,80870,False,False,128.5494383
80869,2024-08-11 19:00:00+00:00,1,1,28,-325.8074684,80872,True,False,-250
80886,2024-08-12 03:30:00+00:00,1,2,11,-50.84022861,80898,False,False,-50.84022861
80897,2024-08-12 09:00:00+00:00,-1,1,30,-179.0215546,80903,True,False,-250
80915,2024-08-12 18:00:00+00:00,-1,2,12,-9.94907423,80928,False,False,-9.94907423
80927,2024-08-13 00:00:00+00:00,1,1,9,-37.73521336,80937,False,False,-37.73521336
80936,2024-08-13 04:30:00+00:00,-1,1,17,-1.860087593,80954,False,False,-1.860087593
80953,2024-08-13 13:00:00+00:00,1,1,17,292.8247785,80971,False,False,292.8247785
80970,2024-08-13 21:30:00+00:00,-1,1,12,-34.49408673,80983,False,False,-34.49408673
80982,2024-08-14 03:30:00+00:00,1,1,8,-51.89065313,80991,False,False,-51.89065313
80990,2024-08-14 07:30:00+00:00,-1,1,27,267.3884784,81018,False,False,267.3884784
81017,2024-08-14 21:00:00+00:00,1,1,10,-157.4017718,81028,False,False,-157.4017718
81027,2024-08-15 02:00:00+00:00,-1,1,14,-26.45275435,81042,False,False,-26.45275435
81041,2024-08-15 09:00:00+00:00,1,1,18,89.25665142,81060,False,False,89.25665142
81059,2024-08-15 18:00:00+00:00,-1,1,12,226.8559397,81072,False,False,226.8559397
81071,2024-08-16 00:00:00+00:00,1,1,15,147.5085134,81087,False,False,147.5085134
81086,2024-08-16 07:30:00+00:00,-1,1,14,39.55140827,81101,False,False,39.55140827
81100,2024-08-16 14:30:00+00:00,1,1,16,161.4123148,81117,False,False,161.4123148
81116,2024-08-16 22:30:00+00:00,-1,1,11,-8.627543857,81128,False,False,-8.627543857
81127,2024-08-17 04:00:00+00:00,1,1,13,1.352173619,81141,False,False,1.352173619
81140,2024-08-17 10:30:00+00:00,-1,1,7,-31.09578855,81148,False,False,-31.09578855
81147,2024-08-17 14:00:00+00:00,1,1,10,10.10849788,81158,False,False,10.10849788
81157,2024-08-17 19:00:00+00:00,-1,1,11,-23.73098155,81169,False,False,-23.73098155
81168,2024-08-18 00:30:00+00:00,1,1,9,-15.95110566,81178,False,False,-15.95110566
81177,2024-08-18 05:00:00+00:00,-1,1,9,-36.99841916,81187,False,False,-36.99841916
81186,2024-08-18 09:30:00+00:00,1,1,11,22.7874401,81198,False,False,22.7874401
81197,2024-08-18 15:00:00+00:00,-1,1,12,2.006085125,81210,False,False,2.006085125
81209,2024-08-18 21:00:00+00:00,1,1,27,-272.046283,81216,True,False,-250
81226,2024-08-19 05:30:00+00:00,1,2,10,-43.29819277,81237,False,False,-43.29819277
81236,2024-08-19 10:30:00+00:00,-1,1,55,-470.7884288,81264,True,False,-250
81260,2024-08-19 22:30:00+00:00,-1,2,31,-306.9166215,81265,True,False,-250
81279,2024-08-20 08:00:00+00:00,-1,3,12,3.774142203,81292,False,False,3.774142203
81291,2024-08-20 14:00:00+00:00,1,1,23,-313.2079188,81294,True,False,-250
81304,2024-08-20 20:30:00+00:00,1,2,10,-94.83843894,81315,False,False,-94.83843894
81314,2024-08-21 01:30:00+00:00,-1,1,24,-77.61396373,81339,False,False,-77.61396373
81330,2024-08-21 09:30:00+00:00,-1,2,8,-48.32550438,81339,False,False,-48.32550438
81338,2024-08-21 13:30:00+00:00,1,1,22,267.7070021,81361,False,False,267.7070021
81360,2024-08-22 00:30:00+00:00,-1,1,12,43.07238782,81373,False,False,43.07238782
81372,2024-08-22 06:30:00+00:00,1,1,14,6.579272004,81387,False,False,6.579272004
81386,2024-08-22 13:30:00+00:00,-1,1,12,99.44606079,81399,False,False,99.44606079
81398,2024-08-22 19:30:00+00:00,1,1,16,63.0893877,81415,False,False,63.0893877
81414,2024-08-23 03:30:00+00:00,-1,1,54,-558.3052861,81436,True,False,-250
81430,2024-08-23 11:30:00+00:00,-1,2,38,-517.8732846,81443,True,False,-250
81457,2024-08-24 01:00:00+00:00,-1,3,11,3.280378649,81469,False,False,3.280378649
81468,2024-08-24 06:30:00+00:00,1,1,11,-9.375585974,81480,False,False,-9.375585974
81479,2024-08-24 12:00:00+00:00,-1,1,10,-60.06006006,81490,False,False,-60.06006006
81489,2024-08-24 17:00:00+00:00,1,1,9,-51.9278607,81499,False,False,-51.9278607
81498,2024-08-24 21:30:00+00:00,-1,1,7,-33.75738443,81506,False,False,-33.75738443
81505,2024-08-25 01:00:00+00:00,1,1,10,-6.853369054,81516,False,False,-6.853369054
81515,2024-08-25 06:00:00+00:00,-1,1,12,40.83668444,81528,False,False,40.83668444
81527,2024-08-25 12:00:00+00:00,1,1,11,27.38825592,81539,False,False,27.38825592
81538,2024-08-25 17:30:00+00:00,-1,1,34,22.16291302,81573,False,False,22.16291302
81554,2024-08-26 01:30:00+00:00,-1,2,18,37.40123736,81573,False,False,37.40123736
81572,2024-08-26 10:30:00+00:00,1,1,8,-57.72028344,81581,False,False,-57.72028344
81580,2024-08-26 14:30:00+00:00,-1,1,25,102.1082442,81606,False,False,102.1082442
81605,2024-08-27 03:00:00+00:00,1,1,10,-0.794773569,81616,False,False,-0.794773569
81615,2024-08-27 08:00:00+00:00,-1,1,22,130.1942581,81638,False,False,130.1942581
81637,2024-08-27 19:00:00+00:00,1,1,38,-441.6383462,81643,True,False,-250
81657,2024-08-28 05:00:00+00:00,1,2,18,0.3370237433,81676,False,False,0.3370237433
81675,2024-08-28 14:00:00+00:00,-1,1,11,1.011037156,81687,False,False,1.011037156
81686,2024-08-28 19:30:00+00:00,1,1,11,-19.88574125,81698,False,False,-19.88574125
81697,2024-08-29 01:00:00+00:00,-1,1,9,-21.61395451,81707,False,False,-21.61395451
81706,2024-08-29 05:30:00+00:00,1,1,25,202.0253079,81732,False,False,202.0253079
81731,2024-08-29 18:00:00+00:00,-1,1,12,195.7124926,81744,False,False,195.7124926
81743,2024-08-30 00:00:00+00:00,1,1,10,-59.2961946,81754,False,False,-59.2961946
81753,2024-08-30 05:00:00+00:00,-1,1,29,4.914338005,81783,False,False,4.914338005
81770,2024-08-30 13:30:00+00:00,-1,2,12,97.54377718,81783,False,False,97.54377718
81782,2024-08-30 19:30:00+00:00,1,1,13,50.35434539,81796,False,False,50.35434539
81795,2024-08-31 02:00:00+00:00,-1,1,19,25.13537678,81815,False,False,25.13537678
81814,2024-08-31 11:30:00+00:00,1,1,8,-25.36783359,81823,False,False,-25.36783359
81822,2024-08-31 15:30:00+00:00,-1,1,13,-13.05527297,81836,False,False,-13.05527297
81835,2024-08-31 22:00:00+00:00,1,1,7,-25.22986268,81843,False,False,-25.22986268
81842,2024-09-01 01:30:00+00:00,-1,1,15,116.7922863,81858,False,False,116.7922863
81857,2024-09-01 09:00:00+00:00,1,1,9,-47.23462728,81867,False,False,-47.23462728
81866,2024-09-01 13:30:00+00:00,-1,1,30,52.11838813,81897,False,False,52.11838813
81884,2024-09-01 22:30:00+00:00,-1,2,12,-24.34655583,81897,False,False,-24.34655583
81896,2024-09-02 04:30:00+00:00,1,1,19,97.67014208,81916,False,False,97.67014208
81915,2024-09-02 14:00:00+00:00,-1,1,11,-54.11813215,81927,False,False,-54.11813215
81926,2024-09-02 19:30:00+00:00,1,1,16,104.2360862,81943,False,False,104.2360862
81942,2024-09-03 03:30:00+00:00,-1,1,14,-4.227900763,81957,False,False,-4.227900763
81956,2024-09-03 10:30:00+00:00,1,1,8,-198.4583136,81965,False,False,-198.4583136
81964,2024-09-03 14:30:00+00:00,-1,1,12,-26.7324342,81977,False,False,-26.7324342
81976,2024-09-03 20:30:00+00:00,1,1,8,-57.79451984,81985,False,False,-57.79451984
81984,2024-09-04 00:30:00+00:00,-1,1,14,223.8715593,81999,False,False,223.8715593
81998,2024-09-04 07:30:00+00:00,1,1,10,21.76721468,82009,False,False,21.76721468
82008,2024-09-04 12:30:00+00:00,-1,1,40,-97.12166696,82015,True,False,-250
82026,2024-09-04 21:30:00+00:00,-1,2,22,142.908859,82049,False,False,142.908859
82048,2024-09-05 08:30:00+00:00,1,1,43,-122.0706541,82075,True,False,-250
82069,2024-09-05 19:00:00+00:00,1,2,22,-6.900090232,82092,False,False,-6.900090232
82080,2024-09-06 00:30:00+00:00,1,3,11,45.17322331,82092,False,False,45.17322331
82091,2024-09-06 06:00:00+00:00,-1,1,12,82.15006551,82104,False,False,82.15006551
82103,2024-09-06 12:00:00+00:00,1,1,32,-394.8730765,82109,True,False,-250
82124,2024-09-06 22:30:00+00:00,1,2,11,-0.5575275512,82136,False,False,-0.5575275512
82135,2024-09-07 04:00:00+00:00,-1,1,41,-47.76418987,82177,False,False,-47.76418987
82162,2024-09-07 17:30:00+00:00,-1,2,14,64.87062629,82177,False,False,64.87062629
82176,2024-09-08 00:30:00+00:00,1,1,12,55.49081627,82189,False,False,55.49081627
82188,2024-09-08 06:30:00+00:00,-1,1,24,12.14061034,82213,False,False,12.14061034
82212,2024-09-08 18:30:00+00:00,1,1,18,123.2112271,82231,False,False,123.2112271
82230,2024-09-09 03:30:00+00:00,-1,1,11,-48.75741367,82242,False,False,-48.75741367
82241,2024-09-09 09:00:00+00:00,1,1,12,-72.23811421,82254,False,False,-72.23811421
82253,2024-09-09 15:00:00+00:00,-1,1,31,-367.1013039,82256,True,False,-250
82272,2024-09-10 00:30:00+00:00,-1,2,12,-36.01440576,82285,False,False,-36.01440576
82284,2024-09-10 06:30:00+00:00,1,1,12,87.77793414,82297,False,False,87.77793414
82296,2024-09-10 12:30:00+00:00,-1,1,12,-54.23125883,82309,False,False,-54.23125883
82308,2024-09-10 18:30:00+00:00,1,1,11,-2.081237643,82320,False,False,-2.081237643
82319,2024-09-11 00:00:00+00:00,-1,1,16,163.2376921,82336,False,False,163.2376921
82335,2024-09-11 08:00:00+00:00,1,1,12,-170.1789966,82348,False,False,-170.1789966
82347,2024-09-11 14:00:00+00:00,-1,1,55,-432.5439541,82353,True,False,-250
82364,2024-09-11 22:30:00+00:00,-1,2,38,-143.559866,82403,False,False,-143.559866
82382,2024-09-12 07:30:00+00:00,-1,3,20,-15.15595129,82403,False,False,-15.15595129
82402,2024-09-12 17:30:00+00:00,1,1,9,-38.69236986,82412,False,False,-38.69236986
82411,2024-09-12 22:00:00+00:00,-1,1,11,-16.22760073,82423,False,False,-16.22760073
82422,2024-09-13 03:30:00+00:00,1,1,18,-55.67045846,82441,False,False,-55.67045846
82440,2024-09-13 12:30:00+00:00,-1,1,40,-402.2739484,82447,True,False,-250
82463,2024-09-14 00:00:00+00:00,-1,2,17,88.02497069,82481,False,False,88.02497069
82480,2024-09-14 08:30:00+00:00,1,1,21,-36.48905328,82502,False,False,-36.48905328
82494,2024-09-14 15:30:00+00:00,1,2,7,-25.18765638,82502,False,False,-25.18765638
82501,2024-09-14 19:00:00+00:00,-1,1,36,-53.34537367,82538,False,False,-53.34537367
82521,2024-09-15 05:00:00+00:00,-1,2,16,3.159452583,82538,False,False,3.159452583
82537,2024-09-15 13:00:00+00:00,1,1,9,-35.43032037,82547,False,False,-35.43032037
82546,2024-09-15 17:30:00+00:00,-1,1,26,194.3076538,82573,False,False,194.3076538
82572,2024-09-16 06:30:00+00:00,1,1,10,-3.745254592,82583,False,False,-3.745254592
82582,2024-09-16 11:30:00+00:00,-1,1,16,132.3251418,82599,False,False,132.3251418
82598,2024-09-16 19:30:00+00:00,1,1,13,-7.248627938,82612,False,False,-7.248627938
82611,2024-09-17 02:00:00+00:00,-1,1,48,-381.1744387,82633,True,False,-250
82647,2024-09-17 20:00:00+00:00,-1,2,12,-23.01188948,82660,False,False,-23.01188948
82659,2024-09-18 02:00:00+00:00,1,1,10,57.89675079,82670,False,False,57.89675079
82669,2024-09-18 07:00:00+00:00,-1,1,13,86.84145232,82683,False,False,86.84145232
82682,2024-09-18 13:30:00+00:00,1,1,18,113.1319873,82701,False,False,113.1319873
82700,2024-09-18 22:30:00+00:00,-1,1,24,-338.0741816,82704,True,False,-250
82714,2024-09-19 05:30:00+00:00,-1,2,10,-105.9677419,82725,False,False,-105.9677419
82724,2024-09-19 10:30:00+00:00,1,1,18,109.1657756,82743,False,False,109.1657756
82742,2024-09-19 19:30:00+00:00,-1,1,13,48.7835683,82756,False,False,48.7835683
82755,2024-09-20 02:00:00+00:00,1,1,13,38.39319711,82769,False,False,38.39319711
82768,2024-09-20 08:30:00+00:00,-1,1,17,60.68843443,82786,False,False,60.68843443
82785,2024-09-20 17:00:00+00:00,1,1,18,-9.858483066,82804,False,False,-9.858483066
82803,2024-09-21 02:00:00+00:00,-1,1,10,-27.53549373,82814,False,False,-27.53549373
82813,2024-09-21 07:00:00+00:00,1,1,10,16.1902192,82824,False,False,16.1902192
82823,2024-09-21 12:00:00+00:00,-1,1,24,-41.36094956,82848,False,False,-41.36094956
82840,2024-09-21 20:30:00+00:00,-1,2,7,-25.63210025,82848,False,False,-25.63210025
82847,2024-09-22 00:00:00+00:00,1,1,61,40.87494476,82909,False,False,40.87494476
82880,2024-09-22 16:30:00+00:00,1,2,28,150.2847753,82909,False,False,150.2847753
82908,2024-09-23 06:30:00+00:00,-1,1,14,54.38284897,82923,False,False,54.38284897
82922,2024-09-23 13:30:00+00:00,1,1,9,4.266953237,82932,False,False,4.266953237
82931,2024-09-23 18:00:00+00:00,-1,1,21,36.49058511,82953,False,False,36.49058511
82952,2024-09-24 04:30:00+00:00,1,1,15,67.85787897,82968,False,False,67.85787897
82967,2024-09-24 12:00:00+00:00,-1,1,12,-43.77883813,82980,False,False,-43.77883813
82979,2024-09-24 18:00:00+00:00,1,1,14,58.01282554,82994,False,False,58.01282554
82993,2024-09-25 01:00:00+00:00,-1,1,22,48.94854168,83016,False,False,48.94854168
83015,2024-09-25 12:00:00+00:00,1,1,10,-57.33531762,83026,False,False,-57.33531762
83025,2024-09-25 17:00:00+00:00,-1,1,10,2.520915723,83036,False,False,2.520915723
83035,2024-09-25 22:00:00+00:00,1,1,44,202.6696925,83080,False,False,202.6696925
83079,2024-09-26 20:00:00+00:00,-1,1,9,-67.50181498,83089,False,False,-67.50181498
83088,2024-09-27 00:30:00+00:00,1,1,22,33.44789493,83111,False,False,33.44789493
83110,2024-09-27 11:30:00+00:00,-1,1,25,-63.46147965,83136,False,False,-63.46147965
83125,2024-09-27 19:00:00+00:00,-1,2,10,11.99004371,83136,False,False,11.99004371
83135,2024-09-28 00:00:00+00:00,1,1,12,24.00887417,83148,False,False,24.00887417
83147,2024-09-28 06:00:00+00:00,-1,1,12,29.71182561,83160,False,False,29.71182561
83159,2024-09-28 12:00:00+00:00,1,1,11,-12.01137279,83171,False,False,-12.01137279
83170,2024-09-28 17:30:00+00:00,-1,1,35,18.87596663,83206,False,False,18.87596663
83193,2024-09-29 05:00:00+00:00,-1,2,12,27.68060837,83206,False,False,27.68060837
83205,2024-09-29 11:00:00+00:00,1,1,12,31.41776476,83218,False,False,31.41776476
83217,2024-09-29 17:00:00+00:00,-1,1,30,183.8112324,83248,False,False,183.8112324
83247,2024-09-30 08:00:00+00:00,1,1,53,-112.7545884,83279,True,False,-250
83259,2024-09-30 14:00:00+00:00,1,2,41,-5.010255366,83301,False,False,-5.010255366
83273,2024-09-30 21:00:00+00:00,1,3,27,10.66348853,83301,False,False,10.66348853
83300,2024-10-01 10:30:00+00:00,-1,1,29,440.1835926,83330,False,False,440.1835926
83329,2024-10-02 01:00:00+00:00,1,1,11,94.54831468,83341,False,False,94.54831468
83340,2024-10-02 06:30:00+00:00,-1,1,17,85.22173885,83358,False,False,85.22173885
83357,2024-10-02 15:00:00+00:00,1,1,9,-138.5091439,83367,False,False,-138.5091439
83366,2024-10-02 19:30:00+00:00,-1,1,11,-123.5203294,83378,False,False,-123.5203294
83377,2024-10-03 01:00:00+00:00,1,1,12,55.43073618,83390,False,False,55.43073618
83389,2024-10-03 07:00:00+00:00,-1,1,11,128.353584,83401,False,False,128.353584
83400,2024-10-03 12:30:00+00:00,1,1,22,44.93787999,83423,False,False,44.93787999
83422,2024-10-03 23:30:00+00:00,-1,1,60,-206.9078947,83458,True,False,-250
83445,2024-10-04 11:00:00+00:00,-1,2,37,-127.4540203,83483,False,False,-127.4540203
83469,2024-10-04 23:00:00+00:00,-1,3,13,24.43337084,83483,False,False,24.43337084
83482,2024-10-05 05:30:00+00:00,1,1,12,22.55954107,83495,False,False,22.55954107
83494,2024-10-05 11:30:00+00:00,-1,1,23,28.77906042,83518,False,False,28.77906042
83517,2024-10-05 23:00:00+00:00,1,1,10,-21.92876377,83528,False,False,-21.92876377
83527,2024-10-06 04:00:00+00:00,-1,1,9,-22.94652813,83537,False,False,-22.94652813
83536,2024-10-06 08:30:00+00:00,1,1,24,102.700524,83561,False,False,102.700524
83560,2024-10-06 20:30:00+00:00,-1,1,9,-162.4589065,83570,False,False,-162.4589065
83569,2024-10-07 01:00:00+00:00,1,1,12,2.198492462,83582,False,False,2.198492462
83581,2024-10-07 07:00:00+00:00,-1,1,14,36.7381543,83596,False,False,36.7381543
83595,2024-10-07 14:00:00+00:00,1,1,11,-44.12228175,83607,False,False,-44.12228175
83606,2024-10-07 19:30:00+00:00,-1,1,15,67.42640076,83622,False,False,67.42640076
83621,2024-10-08 03:00:00+00:00,1,1,10,-76.80785289,83632,False,False,-76.80785289
83631,2024-10-08 08:00:00+00:00,-1,1,8,-52.35097636,83640,False,False,-52.35097636
83639,2024-10-08 12:00:00+00:00,1,1,8,-57.03057606,83648,False,False,-57.03057606
83647,2024-10-08 16:00:00+00:00,-1,1,11,-28.59851223,83659,False,False,-28.59851223
83658,2024-10-08 21:30:00+00:00,1,1,21,-28.99758086,83680,False,False,-28.99758086
83679,2024-10-09 08:00:00+00:00,-1,1,36,241.6530094,83716,False,False,241.6530094
83715,2024-10-10 02:00:00+00:00,1,1,13,42.97428129,83729,False,False,42.97428129
83728,2024-10-10 08:30:00+00:00,-1,1,28,152.4715141,83757,False,False,152.4715141
83756,2024-10-10 22:30:00+00:00,1,1,14,83.90909848,83771,False,False,83.90909848
83770,2024-10-11 05:30:00+00:00,-1,1,10,-68.68199904,83781,False,False,-68.68199904
83780,2024-10-11 10:30:00+00:00,1,1,23,305.4849553,83804,False,False,305.4849553
83803,2024-10-11 22:00:00+00:00,-1,1,11,57.91751527,83815,False,False,57.91751527
83814,2024-10-12 03:30:00+00:00,1,1,29,97.78503297,83844,False,False,97.78503297
83843,2024-10-12 18:00:00+00:00,-1,1,8,-16.8000634,83852,False,False,-16.8000634
83851,2024-10-12 22:00:00+00:00,1,1,8,-53.32194111,83860,False,False,-53.32194111
83859,2024-10-13 02:00:00+00:00,-1,1,10,1.431662001,83870,False,False,1.431662001
83869,2024-10-13 07:00:00+00:00,1,1,9,-38.66040888,83879,False,False,-38.66040888
83878,2024-10-13 11:30:00+00:00,-1,1,13,17.40880342,83892,False,False,17.40880342
83891,2024-10-13 18:00:00+00:00,1,1,14,1.279938563,83906,False,False,1.279938563
83905,2024-10-14 01:00:00+00:00,-1,1,62,-496.8725504,83911,True,False,-250
83929,2024-10-14 13:00:00+00:00,-1,2,38,-119.0531267,83950,True,False,-250
83947,2024-10-14 22:00:00+00:00,-1,3,20,22.80779114,83968,False,False,22.80779114
83967,2024-10-15 08:00:00+00:00,1,1,9,-8.229574653,83977,False,False,-8.229574653
83976,2024-10-15 12:30:00+00:00,-1,1,26,-292.2380001,83979,True,False,-250
83994,2024-10-15 21:30:00+00:00,-1,2,8,-162.653052,84003,False,False,-162.653052
84002,2024-10-16 01:30:00+00:00,1,1,8,-44.01369315,84011,False,False,-44.01369315
84010,2024-10-16 05:30:00+00:00,-1,1,9,-34.23536066,84020,False,False,-34.23536066
84019,2024-10-16 10:00:00+00:00,1,1,10,36.78870231,84030,False,False,36.78870231
84029,2024-10-16 15:00:00+00:00,-1,1,18,7.685486255,84048,False,False,7.685486255
84047,2024-10-17 00:00:00+00:00,1,1,38,-102.6505739,84086,False,False,-102.6505739
84066,2024-10-17 09:30:00+00:00,1,2,19,-63.11350035,84086,False,False,-63.11350035
84078,2024-10-17 15:30:00+00:00,1,3,7,-51.73797984,84086,False,False,-51.73797984
84085,2024-10-17 19:00:00+00:00,-1,1,8,-75.17111516,84094,False,False,-75.17111516
84093,2024-10-17 23:00:00+00:00,1,1,14,83.65842443,84108,False,False,83.65842443
84107,2024-10-18 06:00:00+00:00,-1,1,16,-28.97868522,84124,False,False,-28.97868522
84123,2024-10-18 14:00:00+00:00,1,1,13,52.5096072,84137,False,False,52.5096072
84136,2024-10-18 20:30:00+00:00,-1,1,12,15.90405043,84149,False,False,15.90405043
84148,2024-10-19 02:30:00+00:00,1,1,10,-6.284069154,84159,False,False,-6.284069154
84158,2024-10-19 07:30:00+00:00,-1,1,15,11.99110903,84174,False,False,11.99110903
84173,2024-10-19 15:00:00+00:00,1,1,21,-10.3950104,84195,False,False,-10.3950104
84194,2024-10-20 01:30:00+00:00,-1,1,9,3.37090179,84204,False,False,3.37090179
84203,2024-10-20 06:00:00+00:00,1,1,12,29.90851513,84216,False,False,29.90851513
84215,2024-10-20 12:00:00+00:00,-1,1,63,122.4931299,84279,False,False,122.4931299
84246,2024-10-21 03:30:00+00:00,-1,2,32,181.1946935,84279,False,False,181.1946935
84278,2024-10-21 19:30:00+00:00,1,1,10,-96.93077219,84289,False,False,-96.93077219
84288,2024-10-22 00:30:00+00:00,-1,1,11,-92.35045353,84300,False,False,-92.35045353
84299,2024-10-22 06:00:00+00:00,1,1,95,-34.05540667,84368,True,False,-250
84313,2024-10-22 13:00:00+00:00,1,2,81,54.67501232,84372,True,False,-250
84347,2024-10-23 06:00:00+00:00,1,3,47,40.87538973,84372,True,False,-250
84364,2024-10-23 14:30:00+00:00,1,4,30,95.54522274,84372,True,False,-250
84376,2024-10-23 20:30:00+00:00,1,5,18,146.2230731,84395,False,False,146.2230731
84394,2024-10-24 05:30:00+00:00,-1,1,13,14.4115768,84408,False,False,14.4115768
84407,2024-10-24 12:00:00+00:00,1,1,12,57.72950454,84420,False,False,57.72950454
84419,2024-10-24 18:00:00+00:00,-1,1,32,-26.62800675,84452,False,False,-26.62800675
84432,2024-10-25 00:30:00+00:00,-1,2,19,49.18297535,84452,False,False,49.18297535
84451,2024-10-25 10:00:00+00:00,1,1,13,-33.34415297,84465,False,False,-33.34415297
84464,2024-10-25 16:30:00+00:00,-1,1,13,152.4751303,84478,False,False,152.4751303
84477,2024-10-25 23:00:00+00:00,1,1,18,61.1827666,84496,False,False,61.1827666
84495,2024-10-26 08:00:00+00:00,-1,1,18,1.045884445,84514,False,False,1.045884445
84513,2024-10-26 17:00:00+00:00,1,1,12,17.03475688,84526,False,False,17.03475688
84525,2024-10-26 23:00:00+00:00,-1,1,10,-20.88430097,84536,False,False,-20.88430097
84535,2024-10-27 04:00:00+00:00,1,1,11,-17.71466,84547,False,False,-17.71466
84546,2024-10-27 09:30:00+00:00,-1,1,43,-119.8979972,84590,False,False,-119.8979972
84565,2024-10-27 19:00:00+00:00,-1,2,24,-57.05732409,84590,False,False,-57.05732409
84579,2024-10-28 02:00:00+00:00,-1,3,10,-29.41089533,84590,False,False,-29.41089533
84589,2024-10-28 07:00:00+00:00,1,1,16,133.8029207,84606,False,False,133.8029207
84605,2024-10-28 15:00:00+00:00,-1,1,8,-59.03822943,84614,False,False,-59.03822943
84613,2024-10-28 19:00:00+00:00,1,1,26,260.3541742,84640,False,False,260.3541742
84639,2024-10-29 08:00:00+00:00,-1,1,8,-62.55635708,84648,False,False,-62.55635708
84647,2024-10-29 12:00:00+00:00,1,1,18,121.1145337,84666,False,False,121.1145337
84665,2024-10-29 21:00:00+00:00,-1,1,13,5.671992806,84679,False,False,5.671992806
84678,2024-10-30 03:30:00+00:00,1,1,10,31.6981341,84689,False,False,31.6981341
84688,2024-10-30 08:30:00+00:00,-1,1,14,75.20041947,84703,False,False,75.20041947
84702,2024-10-30 15:30:00+00:00,1,1,9,-15.29307085,84712,False,False,-15.29307085
84711,2024-10-30 20:00:00+00:00,-1,1,23,-74.7723412,84735,False,False,-74.7723412
84721,2024-10-31 01:00:00+00:00,-1,2,13,-31.05460898,84735,False,False,-31.05460898
84734,2024-10-31 07:30:00+00:00,1,1,10,-34.96648469,84745,False,False,-34.96648469
84744,2024-10-31 12:30:00+00:00,-1,1,18,260.3256498,84763,False,False,260.3256498
84762,2024-10-31 21:30:00+00:00,1,1,9,-134.99466,84772,False,False,-134.99466
84771,2024-11-01 02:00:00+00:00,-1,1,14,-4.763485717,84786,False,False,-4.763485717
84785,2024-11-01 09:00:00+00:00,1,1,16,87.57755014,84802,False,False,87.57755014
84801,2024-11-01 17:00:00+00:00,-1,1,13,56.35253229,84815,False,False,56.35253229
84814,2024-11-01 23:30:00+00:00,1,1,11,4.458956029,84826,False,False,4.458956029
84825,2024-11-02 05:00:00+00:00,-1,1,13,-8.626391006,84839,False,False,-8.626391006
84838,2024-11-02 11:30:00+00:00,1,1,23,-29.30445025,84862,False,False,-29.30445025
84861,2024-11-02 23:00:00+00:00,-1,1,16,124.6218124,84878,False,False,124.6218124
84877,2024-11-03 07:00:00+00:00,1,1,12,-10.79582756,84890,False,False,-10.79582756
84889,2024-11-03 13:00:00+00:00,-1,1,10,21.03080136,84900,False,False,21.03080136
84899,2024-11-03 18:00:00+00:00,1,1,14,51.37061484,84914,False,False,51.37061484
84913,2024-11-04 01:00:00+00:00,-1,1,13,-29.99504936,84927,False,False,-29.99504936
84926,2024-11-04 07:30:00+00:00,1,1,55,-21.92091052,84954,True,False,-250
84935,2024-11-04 12:00:00+00:00,1,2,46,-2.0364525,84955,True,False,-250
84958,2024-11-04 23:30:00+00:00,1,3,23,147.3388942,84982,False,False,147.3388942
84981,2024-11-05 11:00:00+00:00,-1,1,28,-346.9948933,84993,True,False,-250
85000,2024-11-05 20:30:00+00:00,-1,2,9,-238.6985315,85009,True,False,-250
85009,2024-11-06 01:00:00+00:00,1,1,15,275.7389128,85025,False,False,275.7389128
85024,2024-11-06 08:30:00+00:00,-1,1,11,-129.0384379,85036,False,False,-129.0384379
85035,2024-11-06 14:00:00+00:00,1,1,19,250.4660777,85055,False,False,250.4660777
85054,2024-11-06 23:30:00+00:00,-1,1,16,141.9421161,85071,False,False,141.9421161
85070,2024-11-07 07:30:00+00:00,1,1,9,-0.8021497614,85080,False,False,-0.8021497614
85079,2024-11-07 12:00:00+00:00,-1,1,32,-157.2339657,85093,True,False,-250
85099,2024-11-07 22:00:00+00:00,-1,2,12,-0.1316343724,85112,False,False,-0.1316343724
85111,2024-11-08 04:00:00+00:00,1,1,11,17.11224315,85123,False,False,17.11224315
85122,2024-11-08 09:30:00+00:00,-1,1,39,-43.10174904,85162,False,False,-43.10174904
85148,2024-11-08 22:30:00+00:00,-1,2,13,31.82428819,85162,False,False,31.82428819
85161,2024-11-09 05:00:00+00:00,1,1,11,18.84150889,85173,False,False,18.84150889
85172,2024-11-09 10:30:00+00:00,-1,1,17,23.24639877,85190,False,False,23.24639877
85189,2024-11-09 19:00:00+00:00,1,1,35,387.07735,85225,False,False,387.07735
85224,2024-11-10 12:30:00+00:00,-1,1,11,-135.2236925,85236,False,False,-135.2236925
85235,2024-11-10 18:00:00+00:00,1,1,25,93.5055892,85261,False,False,93.5055892
85260,2024-11-11 06:30:00+00:00,-1,1,8,-102.2482291,85269,False,False,-102.2482291
85268,2024-11-11 10:30:00+00:00,1,1,32,774.3430279,85301,False,False,774.3430279
85300,2024-11-12 02:30:00+00:00,-1,1,9,-146.1151038,85310,False,False,-146.1151038
85309,2024-11-12 07:00:00+00:00,1,1,7,-238.4936305,85316,True,False,-250
85316,2024-11-12 10:30:00+00:00,-1,1,12,106.5045482,85329,False,False,106.5045482
85328,2024-11-12 16:30:00+00:00,1,1,13,240.020329,85342,False,False,240.020329
85341,2024-11-12 23:00:00+00:00,-1,1,15,231.8000316,85357,False,False,231.8000316
85356,2024-11-13 06:30:00+00:00,1,1,28,472.0608783,85385,False,False,472.0608783
85384,2024-11-13 20:30:00+00:00,-1,1,11,26.35438376,85396,False,False,26.35438376
85395,2024-11-14 02:00:00+00:00,1,1,11,-68.87935609,85407,False,False,-68.87935609
85406,2024-11-14 07:30:00+00:00,-1,1,25,35.29084331,85432,False,False,35.29084331
85420,2024-11-14 14:30:00+00:00,-1,2,11,199.7109447,85432,False,False,199.7109447
85431,2024-11-14 20:00:00+00:00,1,1,38,-42.67774947,85434,True,False,-250
85469,2024-11-15 15:00:00+00:00,-1,1,9,-68.33022911,85479,False,False,-68.33022911
85478,2024-11-15 19:30:00+00:00,1,1,12,184.0976208,85491,False,False,184.0976208
85490,2024-11-16 01:30:00+00:00,-1,1,11,13.45924475,85502,False,False,13.45924475
85501,2024-11-16 07:00:00+00:00,1,1,31,-37.47370266,85533,False,False,-37.47370266
85523,2024-11-16 18:00:00+00:00,1,2,9,-4.17766051,85533,False,False,-4.17766051
85532,2024-11-16 22:30:00+00:00,-1,1,14,30.13572073,85547,False,False,30.13572073
85546,2024-11-17 05:30:00+00:00,1,1,14,18.75386109,85561,False,False,18.75386109
85560,2024-11-17 12:30:00+00:00,-1,1,12,85.11528552,85573,False,False,85.11528552
85572,2024-11-17 18:30:00+00:00,1,1,34,101.9490255,85607,False,False,101.9490255
85584,2024-11-18 00:30:00+00:00,1,2,22,112.8429759,85607,False,False,112.8429759
85606,2024-11-18 11:30:00+00:00,-1,1,10,-113.1229181,85617,False,False,-113.1229181
85616,2024-11-18 16:30:00+00:00,1,1,14,-181.6462301,85631,False,False,-181.6462301
85630,2024-11-18 23:30:00+00:00,-1,1,9,-127.7665216,85640,False,False,-127.7665216
85639,2024-11-19 04:00:00+00:00,1,1,11,-24.59688439,85651,False,False,-24.59688439
85650,2024-11-19 09:30:00+00:00,-1,1,37,-99.17808219,85668,True,False,-250
85675,2024-11-19 22:00:00+00:00,-1,2,12,17.22382304,85688,False,False,17.22382304
85687,2024-11-20 04:00:00+00:00,1,1,16,156.8010417,85704,False,False,156.8010417
85703,2024-11-20 12:00:00+00:00,-1,1,20,-93.16239316,85724,False,False,-93.16239316
85714,2024-11-20 17:30:00+00:00,-1,2,9,-32.28272874,85724,False,False,-32.28272874
85723,2024-11-20 22:00:00+00:00,1,1,24,337.8778897,85748,False,False,337.8778897
85747,2024-11-21 10:00:00+00:00,-1,1,16,-48.53374836,85764,False,False,-48.53374836
85763,2024-11-21 18:00:00+00:00,1,1,11,36.0716542,85775,False,False,36.0716542
85774,2024-11-21 23:30:00+00:00,-1,1,9,-47.00889412,85784,False,False,-47.00889412
85783,2024-11-22 04:00:00+00:00,1,1,11,-41.83719873,85795,False,False,-41.83719873
85794,2024-11-22 09:30:00+00:00,-1,1,14,-9.640657188,85809,False,False,-9.640657188
85808,2024-11-22 16:30:00+00:00,1,1,12,40.85729348,85821,False,False,40.85729348
85820,2024-11-22 22:30:00+00:00,-1,1,12,39.27745636,85833,False,False,39.27745636
85832,2024-11-23 04:30:00+00:00,1,1,9,-9.123162696,85842,False,False,-9.123162696
85841,2024-11-23 09:00:00+00:00,-1,1,9,-33.0762987,85851,False,False,-33.0762987
85850,2024-11-23 13:30:00+00:00,1,1,32,-64.8221184,85883,False,False,-64.8221184
85868,2024-11-23 22:30:00+00:00,1,2,14,35.65007763,85883,False,False,35.65007763
85882,2024-11-24 05:30:00+00:00,-1,1,29,197.6690926,85912,False,False,197.6690926
85911,2024-11-24 20:00:00+00:00,1,1,14,125.5412604,85926,False,False,125.5412604
85925,2024-11-25 03:00:00+00:00,-1,1,9,-65.73549922,85935,False,False,-65.73549922
85934,2024-11-25 07:30:00+00:00,1,1,11,-15.18038165,85946,False,False,-15.18038165
85945,2024-11-25 13:00:00+00:00,-1,1,17,319.3747194,85963,False,False,319.3747194
85962,2024-11-25 21:30:00+00:00,1,1,20,-92.86000379,85983,False,False,-92.86000379
85982,2024-11-26 07:30:00+00:00,-1,1,15,75.43114913,85998,False,False,75.43114913
85997,2024-11-26 15:00:00+00:00,1,1,9,-142.2537627,86007,False,False,-142.2537627
86006,2024-11-26 19:30:00+00:00,-1,1,11,11.63587329,86018,False,False,11.63587329
86017,2024-11-27 01:00:00+00:00,1,1,12,130.8655416,86030,False,False,130.8655416
86029,2024-11-27 07:00:00+00:00,-1,1,45,-291.3424752,86047,True,False,-250
86059,2024-11-27 22:00:00+00:00,-1,2,15,67.52131433,86075,False,False,67.52131433
86074,2024-11-28 05:30:00+00:00,1,1,50,52.10780782,86125,False,False,52.10780782
86089,2024-11-28 13:00:00+00:00,1,2,35,76.94159766,86125,False,False,76.94159766
86108,2024-11-28 22:30:00+00:00,1,3,16,95.11824236,86125,False,False,95.11824236
86124,2024-11-29 06:30:00+00:00,-1,1,9,-64.71920384,86134,False,False,-64.71920384
86133,2024-11-29 11:00:00+00:00,1,1,14,17.95943645,86148,False,False,17.95943645
86147,2024-11-29 18:00:00+00:00,-1,1,11,-25.13934823,86159,False,False,-25.13934823
86158,2024-11-29 23:30:00+00:00,1,1,22,-79.75088127,86181,False,False,-79.75088127
86171,2024-11-30 06:00:00+00:00,1,2,9,-64.43444876,86181,False,False,-64.43444876
86180,2024-11-30 10:30:00+00:00,-1,1,9,2.175557098,86190,False,False,2.175557098
86189,2024-11-30 15:00:00+00:00,1,1,14,33.36580109,86204,False,False,33.36580109
86203,2024-11-30 22:00:00+00:00,-1,1,14,30.25984219,86218,False,False,30.25984219
86217,2024-12-01 05:00:00+00:00,1,1,15,50.13725592,86233,False,False,50.13725592
86232,2024-12-01 12:30:00+00:00,-1,1,11,-37.20920644,86244,False,False,-37.20920644
86243,2024-12-01 18:00:00+00:00,1,1,20,-86.05463134,86264,False,False,-86.05463134
86263,2024-12-02 04:00:00+00:00,-1,1,18,158.5838288,86282,False,False,158.5838288
86281,2024-12-02 13:00:00+00:00,1,1,11,55.36201071,86293,False,False,55.36201071
86292,2024-12-02 18:30:00+00:00,-1,1,12,-27.00524404,86305,False,False,-27.00524404
86304,2024-12-03 00:30:00+00:00,1,1,13,-14.30137272,86318,False,False,-14.30137272
86317,2024-12-03 07:00:00+00:00,-1,1,17,-32.30257793,86335,False,False,-32.30257793
86334,2024-12-03 15:30:00+00:00,1,1,11,-29.28089864,86346,False,False,-29.28089864
86345,2024-12-03 21:00:00+00:00,-1,1,44,-55.38950317,86390,False,False,-55.38950317
86374,2024-12-04 11:30:00+00:00,-1,2,15,21.57139301,86390,False,False,21.57139301
86389,2024-12-04 19:00:00+00:00,1,1,14,216.1802611,86404,False,False,216.1802611
86403,2024-12-05 02:00:00+00:00,-1,1,24,-461.3616017,86405,True,False,-250
86417,2024-12-05 09:00:00+00:00,-1,2,10,3.499664615,86428,False,False,3.499664615
86427,2024-12-05 14:00:00+00:00,1,1,38,-428.7617547,86437,True,False,-250
86451,2024-12-06 02:00:00+00:00,1,2,14,27.30403244,86466,False,False,27.30403244
86465,2024-12-06 09:00:00+00:00,-1,1,10,-26.62006462,86476,False,False,-26.62006462
86475,2024-12-06 14:00:00+00:00,1,1,17,198.613757,86493,False,False,198.613757
86492,2024-12-06 22:30:00+00:00,-1,1,11,31.79523866,86504,False,False,31.79523866
86503,2024-12-07 04:00:00+00:00,1,1,19,-79.34292891,86523,False,False,-79.34292891
86522,2024-12-07 13:30:00+00:00,-1,1,27,-76.56136966,86550,False,False,-76.56136966
86540,2024-12-07 22:30:00+00:00,-1,2,9,-31.80890649,86550,False,False,-31.80890649
86549,2024-12-08 03:00:00+00:00,1,1,28,-40.48260046,86578,False,False,-40.48260046
86567,2024-12-08 12:00:00+00:00,1,2,10,12.22910527,86578,False,False,12.22910527
86577,2024-12-08 17:00:00+00:00,-1,1,10,-20.22345921,86588,False,False,-20.22345921
86587,2024-12-08 22:00:00+00:00,1,1,8,-48.65815399,86596,False,False,-48.65815399
86595,2024-12-09 02:00:00+00:00,-1,1,13,22.8917961,86609,False,False,22.8917961
86608,2024-12-09 08:30:00+00:00,1,1,39,-254.4001771,86632,True,False,-250
86619,2024-12-09 14:00:00+00:00,1,2,28,-214.7158678,86633,True,False,-250
86639,2024-12-10 00:00:00+00:00,1,3,8,-48.80905896,86648,False,False,-48.80905896
86647,2024-12-10 04:00:00+00:00,-1,1,10,-62.67876873,86658,False,False,-62.67876873
86657,2024-12-10 09:00:00+00:00,1,1,10,35.30015393,86668,False,False,35.30015393
86667,2024-12-10 14:00:00+00:00,-1,1,14,130.682864,86682,False,False,130.682864
86681,2024-12-10 21:00:00+00:00,1,1,11,-21.13639189,86693,False,False,-21.13639189
86692,2024-12-11 02:30:00+00:00,-1,1,51,-498.8994103,86715,True,False,-250
86732,2024-12-11 22:30:00+00:00,-1,2,11,46.06979377,86744,False,False,46.06979377
86743,2024-12-12 04:00:00+00:00,1,1,30,-20.57023053,86774,False,False,-20.57023053
86773,2024-12-12 19:00:00+00:00,-1,1,11,62.53158787,86785,False,False,62.53158787
86784,2024-12-13 00:30:00+00:00,1,1,15,-12.06645525,86800,False,False,-12.06645525
86799,2024-12-13 08:00:00+00:00,-1,1,63,-140.379604,86863,False,False,-140.379604
86828,2024-12-13 22:30:00+00:00,-1,2,34,-40.43339858,86863,False,False,-40.43339858
86844,2024-12-14 06:30:00+00:00,-1,3,18,42.94075548,86863,False,False,42.94075548
86862,2024-12-14 15:30:00+00:00,1,1,31,19.49528864,86894,False,False,19.49528864
86877,2024-12-14 23:00:00+00:00,1,2,16,64.28578493,86894,False,False,64.28578493
86893,2024-12-15 07:00:00+00:00,-1,1,9,-65.34920058,86903,False,False,-65.34920058
86902,2024-12-15 11:30:00+00:00,1,1,14,71.6614922,86917,False,False,71.6614922
86916,2024-12-15 18:30:00+00:00,-1,1,10,-153.5478868,86927,False,False,-153.5478868
86926,2024-12-15 23:30:00+00:00,1,1,12,4.487130528,86939,False,False,4.487130528
86938,2024-12-16 05:30:00+00:00,-1,1,19,-68.80361863,86958,False,False,-68.80361863
86957,2024-12-16 15:00:00+00:00,1,1,12,33.64546213,86970,False,False,33.64546213
86969,2024-12-16 21:00:00+00:00,-1,1,12,-42.22278897,86982,False,False,-42.22278897
86981,2024-12-17 03:00:00+00:00,1,1,15,67.06548526,86997,False,False,67.06548526
86996,2024-12-17 10:30:00+00:00,-1,1,8,-66.33840059,87005,False,False,-66.33840059
87004,2024-12-17 14:30:00+00:00,1,1,49,-346.3991015,87027,True,False,-250
87041,2024-12-18 09:00:00+00:00,1,2,12,16.4685941,87054,False,False,16.4685941
87053,2024-12-18 15:00:00+00:00,-1,1,25,304.1199942,87079,False,False,304.1199942
87078,2024-12-19 03:30:00+00:00,1,1,14,118.6013764,87093,False,False,118.6013764
87092,2024-12-19 10:30:00+00:00,-1,1,26,417.9815363,87119,False,False,417.9815363
87118,2024-12-19 23:30:00+00:00,1,1,13,-116.1874955,87132,False,False,-116.1874955
87131,2024-12-20 06:00:00+00:00,-1,1,17,158.5314114,87149,False,False,158.5314114
87148,2024-12-20 14:30:00+00:00,1,1,13,135.3241155,87162,False,False,135.3241155
87161,2024-12-20 21:00:00+00:00,-1,1,9,-109.1376878,87171,False,False,-109.1376878
87170,2024-12-21 01:30:00+00:00,1,1,18,111.0381347,87189,False,False,111.0381347
87188,2024-12-21 10:30:00+00:00,-1,1,12,102.3080202,87201,False,False,102.3080202
87200,2024-12-21 16:30:00+00:00,1,1,11,-64.60345782,87212,False,False,-64.60345782
87211,2024-12-21 22:00:00+00:00,-1,1,22,43.96829329,87234,False,False,43.96829329
87233,2024-12-22 09:00:00+00:00,1,1,11,-73.18944247,87245,False,False,-73.18944247
87244,2024-12-22 14:30:00+00:00,-1,1,10,8.041271565,87255,False,False,8.041271565
87254,2024-12-22 19:30:00+00:00,1,1,11,-144.9638897,87266,False,False,-144.9638897
87265,2024-12-23 01:00:00+00:00,-1,1,41,31.81606075,87307,False,False,31.81606075
87280,2024-12-23 08:30:00+00:00,-1,2,26,110.6855772,87307,False,False,110.6855772
87291,2024-12-23 14:00:00+00:00,-1,3,15,87.42789045,87307,False,False,87.42789045
87306,2024-12-23 21:30:00+00:00,1,1,11,-16.06519704,87318,False,False,-16.06519704
87317,2024-12-24 03:00:00+00:00,-1,1,12,-56.47851152,87330,False,False,-56.47851152
87329,2024-12-24 09:00:00+00:00,1,1,23,363.247184,87353,False,False,363.247184
87352,2024-12-24 20:30:00+00:00,-1,1,14,-34.86743218,87367,False,False,-34.86743218
87366,2024-12-25 03:30:00+00:00,1,1,9,-12.83880171,87376,False,False,-12.83880171
87375,2024-12-25 08:00:00+00:00,-1,1,60,248.331871,87436,False,False,248.331871
87404,2024-12-25 22:30:00+00:00,-1,2,31,312.6742006,87436,False,False,312.6742006
87435,2024-12-26 14:00:00+00:00,1,1,11,-11.82255702,87447,False,False,-11.82255702
87446,2024-12-26 19:30:00+00:00,-1,1,11,-20.63540281,87458,False,False,-20.63540281
87457,2024-12-27 01:00:00+00:00,1,1,13,-24.46061214,87471,False,False,-24.46061214
87470,2024-12-27 07:30:00+00:00,-1,1,27,102.7978623,87498,False,False,102.7978623
87485,2024-12-27 15:00:00+00:00,-1,2,12,116.0551707,87498,False,False,116.0551707
87497,2024-12-27 21:00:00+00:00,1,1,12,-21.06957194,87510,False,False,-21.06957194
87509,2024-12-28 03:00:00+00:00,-1,1,14,-21.75066313,87524,False,False,-21.75066313
87523,2024-12-28 10:00:00+00:00,1,1,10,-2.96437457,87534,False,False,-2.96437457
87533,2024-12-28 15:00:00+00:00,-1,1,30,-56.6575238,87564,False,False,-56.6575238
87554,2024-12-29 01:30:00+00:00,-1,2,9,-9.697480763,87564,False,False,-9.697480763
87563,2024-12-29 06:00:00+00:00,1,1,10,5.7917904,87574,False,False,5.7917904
87573,2024-12-29 11:00:00+00:00,-1,1,23,198.8065294,87597,False,False,198.8065294
87596,2024-12-29 22:30:00+00:00,1,1,13,-3.973026372,87610,False,False,-3.973026372
87609,2024-12-30 05:00:00+00:00,-1,1,8,-62.5194702,87618,False,False,-62.5194702
87617,2024-12-30 09:00:00+00:00,1,1,29,-124.7958323,87630,True,False,-250
87637,2024-12-30 19:00:00+00:00,1,2,9,-201.1588615,87643,True,False,-250
87646,2024-12-30 23:30:00+00:00,-1,1,13,3.351206434,87660,False,False,3.351206434
87659,2024-12-31 06:00:00+00:00,1,1,22,240.5026332,87682,False,False,240.5026332
87681,2024-12-31 17:00:00+00:00,-1,1,13,120.2783615,87695,False,False,120.2783615
87694,2024-12-31 23:30:00+00:00,1,1,11,-21.69777037,87706,False,False,-21.69777037
87705,2025-01-01 05:00:00+00:00,-1,1,14,10.0690911,87720,False,False,10.0690911
87719,2025-01-01 12:00:00+00:00,1,1,12,74.5220403,87732,False,False,74.5220403
87731,2025-01-01 18:00:00+00:00,-1,1,67,-308.229384,87763,True,False,-250
87772,2025-01-02 14:30:00+00:00,-1,2,26,-59.61901992,87799,False,False,-59.61901992
87789,2025-01-02 23:00:00+00:00,-1,3,9,-7.439553627,87799,False,False,-7.439553627
87798,2025-01-03 03:30:00+00:00,1,1,37,146.6154545,87836,False,False,146.6154545
87813,2025-01-03 11:00:00+00:00,1,2,22,190.7023529,87836,False,False,190.7023529
87835,2025-01-03 22:00:00+00:00,-1,1,12,11.39693911,87848,False,False,11.39693911
87847,2025-01-04 04:00:00+00:00,1,1,11,-32.09046455,87859,False,False,-32.09046455
87858,2025-01-04 09:30:00+00:00,-1,1,9,-10.22024631,87868,False,False,-10.22024631
87867,2025-01-04 14:00:00+00:00,1,1,20,27.87278575,87888,False,False,27.87278575
87887,2025-01-05 00:00:00+00:00,-1,1,10,-13.9485634,87898,False,False,-13.9485634
87897,2025-01-05 05:00:00+00:00,1,1,8,-51.75130903,87906,False,False,-51.75130903
87905,2025-01-05 09:00:00+00:00,-1,1,10,15.02360853,87916,False,False,15.02360853
87915,2025-01-05 14:00:00+00:00,1,1,23,43.29624664,87939,False,False,43.29624664
87938,2025-01-06 01:30:00+00:00,-1,1,25,-136.9723406,87964,False,False,-136.9723406
87954,2025-01-06 09:30:00+00:00,-1,2,9,-38.75577804,87964,False,False,-38.75577804
87963,2025-01-06 14:00:00+00:00,1,1,16,220.2762753,87980,False,False,220.2762753
87979,2025-01-06 22:00:00+00:00,-1,1,13,-27.15012247,87993,False,False,-27.15012247
87992,2025-01-07 04:30:00+00:00,1,1,12,-38.55473694,88005,False,False,-38.55473694
88004,2025-01-07 10:30:00+00:00,-1,1,24,457.2582234,88029,False,False,457.2582234
88028,2025-01-07 22:30:00+00:00,1,1,11,-39.01049568,88040,False,False,-39.01049568
88039,2025-01-08 04:00:00+00:00,-1,1,13,71.17769558,88053,False,False,71.17769558
88052,2025-01-08 10:30:00+00:00,1,1,34,-159.5500459,88066,True,False,-250
88076,2025-01-08 22:30:00+00:00,1,2,10,-48.33211975,88087,False,False,-48.33211975
88086,2025-01-09 03:30:00+00:00,-1,1,16,66.27572824,88103,False,False,66.27572824
88102,2025-01-09 11:30:00+00:00,1,1,43,108.0296334,88120,True,False,-250
88128,2025-01-10 00:30:00+00:00,1,2,17,225.9228061,88146,False,False,225.9228061
88145,2025-01-10 09:00:00+00:00,-1,1,19,-30.62625409,88165,False,False,-30.62625409
88164,2025-01-10 18:30:00+00:00,1,1,10,-12.10781217,88175,False,False,-12.10781217
88174,2025-01-10 23:30:00+00:00,-1,1,13,55.76345333,88188,False,False,55.76345333
88187,2025-01-11 06:00:00+00:00,1,1,16,4.558175034,88204,False,False,4.558175034
88203,2025-01-11 14:00:00+00:00,-1,1,13,-1.801248159,88217,False,False,-1.801248159
88216,2025-01-11 20:30:00+00:00,1,1,9,1.694987076,88226,False,False,1.694987076
88225,2025-01-12 01:00:00+00:00,-1,1,10,-11.96881752,88236,False,False,-11.96881752
88235,2025-01-12 06:00:00+00:00,1,1,27,18.09045226,88263,False,False,18.09045226
88248,2025-01-12 12:30:00+00:00,1,2,14,31.56846543,88263,False,False,31.56846543
88262,2025-01-12 19:30:00+00:00,-1,1,11,-59.66461097,88274,False,False,-59.66461097
88273,2025-01-13 01:00:00+00:00,1,1,11,-125.9697043,88285,False,False,-125.9697043
88284,2025-01-13 06:30:00+00:00,-1,1,18,201.1460648,88303,False,False,201.1460648
88302,2025-01-13 15:30:00+00:00,1,1,24,311.2760256,88327,False,False,311.2760256
88326,2025-01-14 03:30:00+00:00,-1,1,11,-45.24505987,88338,False,False,-45.24505987
88337,2025-01-14 09:00:00+00:00,1,1,10,92.91071354,88348,False,False,92.91071354
88347,2025-01-14 14:00:00+00:00,-1,1,11,-48.25904208,88359,False,False,-48.25904208
88358,2025-01-14 19:30:00+00:00,1,1,9,-26.85395579,88368,False,False,-26.85395579
88367,2025-01-15 00:00:00+00:00,-1,1,28,-248.7572494,88395,True,False,-250
88375,2025-01-15 04:00:00+00:00,-1,2,20,-173.8442084,88396,False,False,-173.8442084
88395,2025-01-15 14:00:00+00:00,1,1,14,65.37863018,88410,False,False,65.37863018
88409,2025-01-15 21:00:00+00:00,-1,1,8,-28.81265749,88418,False,False,-28.81265749
88417,2025-01-16 01:00:00+00:00,1,1,44,-6.706975254,88446,True,False,-250
88430,2025-01-16 07:30:00+00:00,1,2,31,10.02717364,88462,False,False,10.02717364
88444,2025-01-16 14:30:00+00:00,1,3,17,50.64132251,88462,False,False,50.64132251
88461,2025-01-16 23:00:00+00:00,-1,1,70,-326.7587575,88485,True,False,-250
88507,2025-01-17 22:00:00+00:00,-1,2,24,147.9371936,88532,False,False,147.9371936
88531,2025-01-18 10:00:00+00:00,1,1,15,66.73715455,88547,False,False,66.73715455
88546,2025-01-18 17:30:00+00:00,-1,1,11,-40.37425683,88558,False,False,-40.37425683
88557,2025-01-18 23:00:00+00:00,1,1,19,28.69536843,88577,False,False,28.69536843
88576,2025-01-19 08:30:00+00:00,-1,1,10,-37.60873518,88587,False,False,-37.60873518
88586,2025-01-19 13:30:00+00:00,1,1,9,9.343121365,88596,False,False,9.343121365
88595,2025-01-19 18:00:00+00:00,-1,1,22,274.0313179,88618,False,False,274.0313179
88617,2025-01-20 05:00:00+00:00,1,1,16,458.2268316,88634,False,False,458.2268316
88633,2025-01-20 13:00:00+00:00,-1,1,16,305.4593127,88650,False,False,305.4593127
88649,2025-01-20 21:00:00+00:00,1,1,9,-305.0382505,88658,True,False,-250
88658,2025-01-21 01:30:00+00:00,-1,1,54,-535.6182126,88662,True,False,-250
88687,2025-01-21 16:00:00+00:00,-1,2,25,-184.3362355,88688,True,False,-250
88701,2025-01-21 23:00:00+00:00,-1,3,11,24.05637683,88713,False,False,24.05637683
88712,2025-01-22 04:30:00+00:00,1,1,61,-385.7356307,88752,True,False,-250
88728,2025-01-22 12:30:00+00:00,1,2,45,-351.5198679,88755,True,False,-250
88742,2025-01-22 19:30:00+00:00,1,3,31,-266.7228323,88760,True,False,-250
88765,2025-01-23 07:00:00+00:00,1,4,8,-52.15264188,88774,False,False,-52.15264188
88773,2025-01-23 11:00:00+00:00,-1,1,33,-175.2781138,88781,True,False,-250
88793,2025-01-23 21:00:00+00:00,-1,2,13,-13.74543835,88807,False,False,-13.74543835
88806,2025-01-24 03:30:00+00:00,1,1,14,178.0587536,88821,False,False,178.0587536
88820,2025-01-24 10:30:00+00:00,-1,1,11,-54.42060575,88832,False,False,-54.42060575
88831,2025-01-24 16:00:00+00:00,1,1,10,-94.27189602,88842,False,False,-94.27189602
88841,2025-01-24 21:00:00+00:00,-1,1,12,33.37592737,88854,False,False,33.37592737
88853,2025-01-25 03:00:00+00:00,1,1,9,-8.324084351,88863,False,False,-8.324084351
88862,2025-01-25 07:30:00+00:00,-1,1,9,-21.64149805,88872,False,False,-21.64149805
88871,2025-01-25 12:00:00+00:00,1,1,11,10.41517367,88883,False,False,10.41517367
88882,2025-01-25 17:30:00+00:00,-1,1,21,-25.9631171,88904,False,False,-25.9631171
88903,2025-01-26 04:00:00+00:00,1,1,9,-8.663696257,88913,False,False,-8.663696257
88912,2025-01-26 08:30:00+00:00,-1,1,11,0.190576016,88924,False,False,0.190576016
88923,2025-01-26 14:00:00+00:00,1,1,14,-0.95289824,88938,False,False,-0.95289824
88937,2025-01-26 21:00:00+00:00,-1,1,26,529.0042217,88964,False,False,529.0042217
88963,2025-01-27 10:00:00+00:00,1,1,16,-29.18033447,88980,False,False,-29.18033447
88979,2025-01-27 18:00:00+00:00,-1,1,8,-227.2635531,88985,True,False,-250
88987,2025-01-27 22:00:00+00:00,1,1,17,148.405431,89005,False,False,148.405431
89004,2025-01-28 06:30:00+00:00,-1,1,13,24.9883323,89018,False,False,24.9883323
89017,2025-01-28 13:00:00+00:00,1,1,41,-25.83072589,89059,False,False,-25.83072589
89042,2025-01-29 01:30:00+00:00,1,2,16,70.16818714,89059,False,False,70.16818714
89058,2025-01-29 09:30:00+00:00,-1,1,15,24.04081074,89074,False,False,24.04081074
89073,2025-01-29 17:00:00+00:00,1,1,16,191.4184953,89090,False,False,191.4184953
89089,2025-01-30 01:00:00+00:00,-1,1,29,-143.0301632,89119,False,False,-143.0301632
89105,2025-01-30 09:00:00+00:00,-1,2,13,-43.78367059,89119,False,False,-43.78367059
89118,2025-01-30 15:30:00+00:00,1,1,7,10.61390042,89126,False,False,10.61390042
89125,2025-01-30 19:00:00+00:00,-1,1,23,104.3224719,89149,False,False,104.3224719
89148,2025-01-31 06:30:00+00:00,1,1,48,-207.9745915,89176,True,False,-250
89185,2025-02-01 01:00:00+00:00,1,2,11,-9.857601577,89197,False,False,-9.857601577
89196,2025-02-01 06:30:00+00:00,-1,1,12,20.2231384,89209,False,False,20.2231384
89208,2025-02-01 12:30:00+00:00,1,1,11,9.495746493,89220,False,False,9.495746493
89219,2025-02-01 18:00:00+00:00,-1,1,15,86.06525311,89235,False,False,86.06525311
89234,2025-02-02 01:30:00+00:00,1,1,72,-679.1097782,89255,True,False,-250
89246,2025-02-02 07:30:00+00:00,1,2,60,-540.9112297,89267,True,False,-250
89262,2025-02-02 15:30:00+00:00,1,3,44,-438.9710793,89277,True,False,-250
89279,2025-02-03 00:00:00+00:00,1,4,27,-326.200471,89282,True,False,-250
89294,2025-02-03 07:30:00+00:00,1,5,12,19.93721897,89307,False,False,19.93721897
89306,2025-02-03 13:30:00+00:00,-1,1,41,-417.0018204,89310,True,False,-250
89327,2025-02-04 00:00:00+00:00,-1,2,20,298.848762,89348,False,False,298.848762
89347,2025-02-04 10:00:00+00:00,1,1,13,143.4609445,89361,False,False,143.4609445
89360,2025-02-04 16:30:00+00:00,-1,1,17,152.450018,89378,False,False,152.450018
89377,2025-02-05 01:00:00+00:00,1,1,12,-62.75810159,89390,False,False,-62.75810159
89389,2025-02-05 07:00:00+00:00,-1,1,9,-26.91996684,89399,False,False,-26.91996684
89398,2025-02-05 11:30:00+00:00,1,1,10,-13.47488771,89409,False,False,-13.47488771
89408,2025-02-05 16:30:00+00:00,-1,1,11,93.2248436,89420,False,False,93.2248436
89419,2025-02-05 22:00:00+00:00,1,1,30,150.8522845,89450,False,False,150.8522845
89449,2025-02-06 13:00:00+00:00,-1,1,17,187.9485251,89467,False,False,187.9485251
89466,2025-02-06 21:30:00+00:00,1,1,17,86.39890603,89484,False,False,86.39890603
89483,2025-02-07 06:00:00+00:00,-1,1,9,-7.189589474,89493,False,False,-7.189589474
89492,2025-02-07 10:30:00+00:00,1,1,14,4.413289132,89507,False,False,4.413289132
89506,2025-02-07 17:30:00+00:00,-1,1,14,76.73683779,89521,False,False,76.73683779
89520,2025-02-08 00:30:00+00:00,1,1,11,-53.13869821,89532,False,False,-53.13869821
89531,2025-02-08 06:00:00+00:00,-1,1,10,16.62959652,89542,False,False,16.62959652
89541,2025-02-08 11:00:00+00:00,1,1,10,-22.79967518,89552,False,False,-22.79967518
89551,2025-02-08 16:00:00+00:00,-1,1,49,-64.90321907,89601,False,False,-64.90321907
89565,2025-02-08 23:00:00+00:00,-1,2,35,4.352376709,89601,False,False,4.352376709
89582,2025-02-09 07:30:00+00:00,-1,3,18,63.25267073,89601,False,False,63.25267073
89600,2025-02-09 16:30:00+00:00,1,1,11,-134.3603886,89612,False,False,-134.3603886
89611,2025-02-09 22:00:00+00:00,-1,1,42,-252.4143294,89627,True,False,-250
89640,2025-02-10 12:30:00+00:00,-1,2,13,2.664234699,89654,False,False,2.664234699
89653,2025-02-10 19:00:00+00:00,1,1,18,8.4048256,89672,False,False,8.4048256
89671,2025-02-11 04:00:00+00:00,-1,1,37,145.8344001,89709,False,False,145.8344001
89683,2025-02-11 10:00:00+00:00,-1,2,25,184.034685,89709,False,False,184.034685
89708,2025-02-11 22:30:00+00:00,1,1,11,-99.77032041,89720,False,False,-99.77032041
89719,2025-02-12 04:00:00+00:00,-1,1,8,-83.6648786,89728,False,False,-83.6648786
89727,2025-02-12 08:00:00+00:00,1,1,10,-6.55853755,89738,False,False,-6.55853755
89737,2025-02-12 13:00:00+00:00,-1,1,9,-161.2583989,89747,False,False,-161.2583989
89746,2025-02-12 17:30:00+00:00,1,1,15,28.80780784,89762,False,False,28.80780784
89761,2025-02-13 01:00:00+00:00,-1,1,19,164.2746156,89781,False,False,164.2746156
89780,2025-02-13 10:30:00+00:00,1,1,11,-22.55318707,89792,False,False,-22.55318707
89791,2025-02-13 16:00:00+00:00,-1,1,8,39.27083333,89800,False,False,39.27083333
89799,2025-02-13 20:00:00+00:00,1,1,14,97.36151344,89814,False,False,97.36151344
89813,2025-02-14 03:00:00+00:00,-1,1,10,-41.6347329,89824,False,False,-41.6347329
89823,2025-02-14 08:00:00+00:00,1,1,9,-20.21535542,89833,False,False,-20.21535542
89832,2025-02-14 12:30:00+00:00,-1,1,8,-0.6200909467,89841,False,False,-0.6200909467
89840,2025-02-14 16:30:00+00:00,1,1,11,76.36979931,89852,False,False,76.36979931
89851,2025-02-14 22:00:00+00:00,-1,1,10,-35.69047741,89862,False,False,-35.69047741
89861,2025-02-15 03:00:00+00:00,1,1,10,-48.64439516,89872,False,False,-48.64439516
89871,2025-02-15 08:00:00+00:00,-1,1,7,-24.13300882,89879,False,False,-24.13300882
89878,2025-02-15 11:30:00+00:00,1,1,9,3.790517559,89888,False,False,3.790517559
89887,2025-02-15 16:00:00+00:00,-1,1,9,6.144456164,89897,False,False,6.144456164
89896,2025-02-15 20:30:00+00:00,1,1,13,-4.406234309,89910,False,False,-4.406234309
89909,2025-02-16 03:00:00+00:00,-1,1,18,20.4006315,89928,False,False,20.4006315
89927,2025-02-16 12:00:00+00:00,1,1,48,-131.5911122,89976,False,False,-131.5911122
89938,2025-02-16 17:30:00+00:00,1,2,37,-107.3032088,89976,False,False,-107.3032088
89964,2025-02-17 06:30:00+00:00,1,3,11,-32.1656844,89976,False,False,-32.1656844
89975,2025-02-17 12:00:00+00:00,-1,1,19,-8.535798305,89995,False,False,-8.535798305
89984,2025-02-17 16:30:00+00:00,-1,2,10,-66.37770379,89995,False,False,-66.37770379
89994,2025-02-17 21:30:00+00:00,1,1,16,-29.01776428,90011,False,False,-29.01776428
90010,2025-02-18 05:30:00+00:00,-1,1,11,15.95927776,90022,False,False,15.95927776
90021,2025-02-18 11:00:00+00:00,1,1,10,-25.49208074,90032,False,False,-25.49208074
90031,2025-02-18 16:00:00+00:00,-1,1,13,13.72130049,90045,False,False,13.72130049
90044,2025-02-18 22:30:00+00:00,1,1,13,-14.36947378,90058,False,False,-14.36947378
90057,2025-02-19 05:00:00+00:00,-1,1,9,-58.71602034,90067,False,False,-58.71602034
90066,2025-02-19 09:30:00+00:00,1,1,12,26.00169168,90079,False,False,26.00169168
90078,2025-02-19 15:30:00+00:00,-1,1,11,-15.93550806,90090,False,False,-15.93550806
90089,2025-02-19 21:00:00+00:00,1,1,18,78.71886861,90108,False,False,78.71886861
90107,2025-02-20 06:00:00+00:00,-1,1,8,-28.57968263,90116,False,False,-28.57968263
90115,2025-02-20 10:00:00+00:00,1,1,11,-2.777806356,90127,False,False,-2.777806356
90126,2025-02-20 15:30:00+00:00,-1,1,28,-114.642078,90155,False,False,-114.642078
90141,2025-02-20 23:00:00+00:00,-1,2,13,-13.55027355,90155,False,False,-13.55027355
90154,2025-02-21 05:30:00+00:00,1,1,8,11.4970596,90163,False,False,11.4970596
90162,2025-02-21 09:30:00+00:00,-1,1,30,266.3644956,90193,False,False,266.3644956
90175,2025-02-21 16:00:00+00:00,-1,2,17,239.9804347,90193,False,False,239.9804347
90192,2025-02-22 00:30:00+00:00,1,1,13,64.31539602,90206,False,False,64.31539602
90205,2025-02-22 07:00:00+00:00,-1,1,9,-13.59005747,90215,False,False,-13.59005747
90214,2025-02-22 11:30:00+00:00,1,1,10,20.2020202,90225,False,False,20.2020202
90224,2025-02-22 16:30:00+00:00,-1,1,11,4.549214227,90236,False,False,4.549214227
90235,2025-02-22 22:00:00+00:00,1,1,8,-20.1704663,90244,False,False,-20.1704663
90243,2025-02-23 02:00:00+00:00,-1,1,12,-4.767778112,90256,False,False,-4.767778112
90255,2025-02-23 08:00:00+00:00,1,1,38,-73.45095155,90294,False,False,-73.45095155
90277,2025-02-23 19:00:00+00:00,1,2,16,6.265795025,90294,False,False,6.265795025
90293,2025-02-24 03:00:00+00:00,-1,1,10,-8.03606838,90304,False,False,-8.03606838
90303,2025-02-24 08:00:00+00:00,1,1,13,-50.05474738,90317,False,False,-50.05474738
90316,2025-02-24 14:30:00+00:00,-1,1,28,328.4598858,90345,False,False,328.4598858
90344,2025-02-25 04:30:00+00:00,1,1,43,-399.3238045,90350,True,False,-250
90363,2025-02-25 14:00:00+00:00,1,2,24,-21.96168531,90366,True,False,-250
90376,2025-02-25 20:30:00+00:00,1,3,11,-0.5643277164,90388,False,False,-0.5643277164
90387,2025-02-26 02:00:00+00:00,-1,1,12,-4.063388866,90400,False,False,-4.063388866
90399,2025-02-26 08:00:00+00:00,1,1,10,-84.84520264,90410,False,False,-84.84520264
90409,2025-02-26 13:00:00+00:00,-1,1,21,434.6836595,90431,False,False,434.6836595
90430,2025-02-26 23:30:00+00:00,1,1,22,266.4763264,90453,False,False,266.4763264
90452,2025-02-27 10:30:00+00:00,-1,1,24,273.580533,90477,False,False,273.580533
90476,2025-02-27 22:30:00+00:00,1,1,43,56.35044497,90483,True,False,-250
90498,2025-02-28 09:30:00+00:00,1,2,21,512.8652203,90520,False,False,512.8652203
90519,2025-02-28 20:00:00+00:00,-1,1,12,-23.1009809,90532,False,False,-23.1009809
90531,2025-03-01 02:00:00+00:00,1,1,11,41.95870318,90543,False,False,41.95870318
90542,2025-03-01 07:30:00+00:00,-1,1,15,33.66210777,90558,False,False,33.66210777
90557,2025-03-01 15:00:00+00:00,1,1,25,144.0786055,90583,False,False,144.0786055
90582,2025-03-02 03:30:00+00:00,-1,1,7,-39.58275123,90590,False,False,-39.58275123
90589,2025-03-02 07:00:00+00:00,1,1,34,931.8614036,90624,False,False,931.8614036
90623,2025-03-03 00:00:00+00:00,-1,1,12,102.7876782,90636,False,False,102.7876782
90635,2025-03-03 06:00:00+00:00,1,1,18,-438.9998178,90653,True,False,-250
90653,2025-03-03 15:00:00+00:00,-1,1,18,341.453025,90672,False,False,341.453025
90671,2025-03-04 00:00:00+00:00,1,1,48,127.7840322,90675,True,False,-250
90691,2025-03-04 10:00:00+00:00,1,2,28,424.4465948,90702,True,False,-250
90706,2025-03-04 17:30:00+00:00,1,3,13,306.0079602,90720,False,False,306.0079602
90719,2025-03-05 00:00:00+00:00,-1,1,12,15.4706516,90732,False,False,15.4706516
90731,2025-03-05 06:00:00+00:00,1,1,17,297.2672076,90749,False,False,297.2672076
90748,2025-03-05 14:30:00+00:00,-1,1,9,1.783385535,90758,False,False,1.783385535
90757,2025-03-05 19:00:00+00:00,1,1,12,40.02185037,90770,False,False,40.02185037
90769,2025-03-06 01:00:00+00:00,-1,1,31,-23.76193649,90777,True,False,-250
90783,2025-03-06 08:00:00+00:00,-1,2,17,116.9232117,90801,False,False,116.9232117
90800,2025-03-06 16:30:00+00:00,1,1,42,-96.59481135,90803,True,False,-250
90811,2025-03-06 22:00:00+00:00,1,2,31,-53.84598269,90816,True,False,-250
90828,2025-03-07 06:30:00+00:00,1,3,14,158.163845,90843,False,False,158.163845
90842,2025-03-07 13:30:00+00:00,-1,1,14,213.641753,90857,False,False,213.641753
90856,2025-03-07 20:30:00+00:00,1,1,26,-133.2693275,90867,True,False,-250
90874,2025-03-08 05:30:00+00:00,1,2,8,16.24393753,90883,False,False,16.24393753
90882,2025-03-08 09:30:00+00:00,-1,1,8,0.6950397331,90891,False,False,0.6950397331
90890,2025-03-08 13:30:00+00:00,1,1,26,-17.49304912,90917,False,False,-17.49304912
90916,2025-03-09 02:30:00+00:00,-1,1,12,31.79797839,90929,False,False,31.79797839
90928,2025-03-09 08:30:00+00:00,1,1,49,-528.2030386,90939,True,False,-250
90952,2025-03-09 20:30:00+00:00,1,2,25,-214.8080439,90957,True,False,-250
90965,2025-03-10 03:00:00+00:00,1,3,12,-105.3220471,90978,False,False,-105.3220471
90977,2025-03-10 09:00:00+00:00,-1,1,25,228.8650163,90978,True,False,-250
91002,2025-03-10 21:30:00+00:00,1,1,8,-228.0617893,91008,True,False,-250
91010,2025-03-11 01:30:00+00:00,-1,1,32,-404.9792104,91014,True,False,-250
91034,2025-03-11 13:30:00+00:00,-1,2,8,73.56191973,91043,False,False,73.56191973
91042,2025-03-11 17:30:00+00:00,1,1,13,261.2923579,91056,False,False,261.2923579
91055,2025-03-12 00:00:00+00:00,-1,1,16,65.8299273,91072,False,False,65.8299273
91071,2025-03-12 08:00:00+00:00,1,1,14,-108.6230961,91086,False,False,-108.6230961
91085,2025-03-12 15:00:00+00:00,-1,1,9,-153.8650307,91095,False,False,-153.8650307
91094,2025-03-12 19:30:00+00:00,1,1,13,138.603572,91108,False,False,138.603572
91107,2025-03-13 02:00:00+00:00,-1,1,15,81.76303024,91123,False,False,81.76303024
91122,2025-03-13 09:30:00+00:00,1,1,8,-45.18416151,91131,False,False,-45.18416151
91130,2025-03-13 13:30:00+00:00,-1,1,15,304.3252574,91146,False,False,304.3252574
91145,2025-03-13 21:00:00+00:00,1,1,16,205.9314226,91162,False,False,205.9314226
91161,2025-03-14 05:00:00+00:00,-1,1,9,-114.795296,91171,False,False,-114.795296
91170,2025-03-14 09:30:00+00:00,1,1,21,199.1243834,91192,False,False,199.1243834
91191,2025-03-14 20:00:00+00:00,-1,1,11,24.24199423,91203,False,False,24.24199423
91202,2025-03-15 01:30:00+00:00,1,1,9,-8.534951813,91212,False,False,-8.534951813
91211,2025-03-15 06:00:00+00:00,-1,1,12,22.54202902,91224,False,False,22.54202902
91223,2025-03-15 12:00:00+00:00,1,1,11,45.42373688,91235,False,False,45.42373688
91234,2025-03-15 17:30:00+00:00,-1,1,10,9.233063838,91245,False,False,9.233063838
91244,2025-03-15 22:30:00+00:00,1,1,21,-16.23203517,91266,False,False,-16.23203517
91257,2025-03-16 05:00:00+00:00,1,2,8,-16.11374408,91266,False,False,-16.11374408
91265,2025-03-16 09:00:00+00:00,-1,1,14,109.2993449,91280,False,False,109.2993449
91279,2025-03-16 16:00:00+00:00,1,1,10,-16.07813494,91290,False,False,-16.07813494
91289,2025-03-16 21:00:00+00:00,-1,1,11,-7.330937759,91301,False,False,-7.330937759
91300,2025-03-17 02:30:00+00:00,1,1,11,32.42464273,91312,False,False,32.42464273
91311,2025-03-17 08:00:00+00:00,-1,1,17,-10.05506344,91329,False,False,-10.05506344
91328,2025-03-17 16:30:00+00:00,1,1,12,67.20558691,91341,False,False,67.20558691
91340,2025-03-17 22:30:00+00:00,-1,1,16,179.8398784,91357,False,False,179.8398784
91356,2025-03-18 06:30:00+00:00,1,1,10,0.2419198761,91367,False,False,0.2419198761
91366,2025-03-18 11:30:00+00:00,-1,1,15,98.45900767,91382,False,False,98.45900767
91381,2025-03-18 19:00:00+00:00,1,1,16,120.9381871,91398,False,False,120.9381871
91397,2025-03-19 03:00:00+00:00,-1,1,59,-373.2045866,91428,True,False,-250
91444,2025-03-20 02:30:00+00:00,-1,2,12,-16.90035782,91457,False,False,-16.90035782
91456,2025-03-20 08:30:00+00:00,1,1,41,-152.5447395,91473,True,False,-250
91482,2025-03-20 21:30:00+00:00,1,2,15,26.18173202,91498,False,False,26.18173202
91497,2025-03-21 05:00:00+00:00,-1,1,12,58.72552611,91510,False,False,58.72552611
91509,2025-03-21 11:00:00+00:00,1,1,27,5.705184586,91537,False,False,5.705184586
91536,2025-03-22 00:30:00+00:00,-1,1,8,-3.920077926,91545,False,False,-3.920077926
91544,2025-03-22 04:30:00+00:00,1,1,9,-1.306180609,91554,False,False,-1.306180609
91553,2025-03-22 09:00:00+00:00,-1,1,17,3.919053727,91571,False,False,3.919053727
91570,2025-03-22 17:30:00+00:00,1,1,8,-16.87041855,91579,False,False,-16.87041855
91578,2025-03-22 21:30:00+00:00,-1,1,9,-3.332182937,91588,False,False,-3.332182937
91587,2025-03-23 02:00:00+00:00,1,1,34,108.0219375,91622,False,False,108.0219375
91621,2025-03-23 19:00:00+00:00,-1,1,8,-45.90125346,91630,False,False,-45.90125346
91629,2025-03-23 23:00:00+00:00,1,1,28,233.0267705,91658,False,False,233.0267705
91657,2025-03-24 13:00:00+00:00,-1,1,35,63.42736765,91693,False,False,63.42736765
91673,2025-03-24 21:00:00+00:00,-1,2,19,124.032772,91693,False,False,124.032772
91692,2025-03-25 06:30:00+00:00,1,1,23,135.0385989,91716,False,False,135.0385989
91715,2025-03-25 18:00:00+00:00,-1,1,16,11.1411746,91732,False,False,11.1411746
91731,2025-03-26 02:00:00+00:00,1,1,21,-6.942547574,91753,False,False,-6.942547574
91752,2025-03-26 12:30:00+00:00,-1,1,15,138.4918511,91768,False,False,138.4918511
91767,2025-03-26 20:00:00+00:00,1,1,19,100.3614861,91787,False,False,100.3614861
91786,2025-03-27 05:30:00+00:00,-1,1,10,-8.461397731,91797,False,False,-8.461397731
91796,2025-03-27 10:30:00+00:00,1,1,27,-34.95944248,91824,False,False,-34.95944248
91807,2025-03-27 16:00:00+00:00,1,2,16,30.58947998,91824,False,False,30.58947998
91823,2025-03-28 00:00:00+00:00,-1,1,24,230.6704577,91848,False,False,230.6704577
91847,2025-03-28 12:00:00+00:00,1,1,30,-162.18373,91878,False,False,-162.18373
91866,2025-03-28 21:30:00+00:00,1,2,11,-14.88892859,91878,False,False,-14.88892859
91877,2025-03-29 03:00:00+00:00,-1,1,13,15.14970774,91891,False,False,15.14970774
91890,2025-03-29 09:30:00+00:00,1,1,27,-159.3730213,91918,False,False,-159.3730213
91905,2025-03-29 17:00:00+00:00,1,2,12,25.19412867,91918,False,False,25.19412867
91917,2025-03-29 23:00:00+00:00,-1,1,41,-23.43114521,91959,False,False,-23.43114521
91932,2025-03-30 06:30:00+00:00,-1,2,26,35.12244578,91959,False,False,35.12244578
91958,2025-03-30 19:30:00+00:00,1,1,29,-137.1090817,91988,False,False,-137.1090817
91979,2025-03-31 06:00:00+00:00,1,2,8,-88.36846974,91988,False,False,-88.36846974
91987,2025-03-31 10:00:00+00:00,-1,1,31,-155.4709566,91996,True,False,-250
92006,2025-03-31 19:30:00+00:00,-1,2,12,27.73557147,92019,False,False,27.73557147
92018,2025-04-01 01:30:00+00:00,1,1,23,111.613621,92042,False,False,111.613621
92041,2025-04-01 13:00:00+00:00,-1,1,39,-112.8930028,92081,False,False,-112.8930028
92060,2025-04-01 22:30:00+00:00,-1,2,20,76.86169589,92081,False,False,76.86169589
92080,2025-04-02 08:30:00+00:00,1,1,10,6.267516526,92091,False,False,6.267516526
92090,2025-04-02 13:30:00+00:00,-1,1,28,118.7718635,92095,True,False,-250
92104,2025-04-02 20:30:00+00:00,-1,2,14,263.0720857,92119,False,False,263.0720857
92118,2025-04-03 03:30:00+00:00,1,1,12,1.435217854,92131,False,False,1.435217854
92130,2025-04-03 09:30:00+00:00,-1,1,16,225.6556211,92147,False,False,225.6556211
92146,2025-04-03 17:30:00+00:00,1,1,18,143.8778506,92165,False,False,143.8778506
92164,2025-04-04 02:30:00+00:00,-1,1,9,-13.62890776,92174,False,False,-13.62890776
92173,2025-04-04 07:00:00+00:00,1,1,9,-151.5206263,92183,False,False,-151.5206263
92182,2025-04-04 11:30:00+00:00,-1,1,10,-145.0462901,92193,False,False,-145.0462901
92192,2025-04-04 16:30:00+00:00,1,1,13,130.0736562,92206,False,False,130.0736562
92205,2025-04-04 23:00:00+00:00,-1,1,12,44.14984768,92218,False,False,44.14984768
92217,2025-04-05 05:00:00+00:00,1,1,44,-44.22610296,92262,False,False,-44.22610296
92244,2025-04-05 18:30:00+00:00,1,2,17,39.6567103,92262,False,False,39.6567103
92261,2025-04-06 03:00:00+00:00,-1,1,46,504.8564671,92308,False,False,504.8564671
92307,2025-04-07 02:00:00+00:00,1,1,7,-239.486129,92312,True,False,-250
92314,2025-04-07 05:30:00+00:00,-1,1,11,33.29360555,92326,False,False,33.29360555
92325,2025-04-07 11:00:00+00:00,1,1,14,276.2071879,92340,False,False,276.2071879
92339,2025-04-07 18:00:00+00:00,-1,1,9,-89.80521123,92349,False,False,-89.80521123
92348,2025-04-07 22:30:00+00:00,1,1,14,-23.44239689,92363,False,False,-23.44239689
92362,2025-04-08 05:30:00+00:00,-1,1,13,-49.25675081,92376,False,False,-49.25675081
92375,2025-04-08 12:00:00+00:00,1,1,7,-226.6958425,92383,False,False,-226.6958425
92382,2025-04-08 15:30:00+00:00,-1,1,14,197.6663852,92397,False,False,197.6663852
92396,2025-04-08 22:30:00+00:00,1,1,26,-9.52791156,92402,True,False,-250
92411,2025-04-09 06:00:00+00:00,1,2,11,-17.6058634,92423,False,False,-17.6058634
92422,2025-04-09 11:30:00+00:00,-1,1,8,-104.5150502,92431,False,False,-104.5150502
92430,2025-04-09 15:30:00+00:00,1,1,17,678.7856847,92448,False,False,678.7856847
92447,2025-04-10 00:00:00+00:00,-1,1,13,65.25897765,92461,False,False,65.25897765
92460,2025-04-10 06:30:00+00:00,1,1,10,-56.54743769,92471,False,False,-56.54743769
92470,2025-04-10 11:30:00+00:00,-1,1,18,243.286637,92489,False,False,243.286637
92488,2025-04-10 20:30:00+00:00,1,1,10,-4.773509534,92499,False,False,-4.773509534
92498,2025-04-11 01:30:00+00:00,-1,1,55,-453.1972652,92512,True,False,-250
92523,2025-04-11 14:00:00+00:00,-1,2,30,-34.38333193,92554,False,False,-34.38333193
92541,2025-04-11 23:00:00+00:00,-1,3,12,26.14159632,92554,False,False,26.14159632
92553,2025-04-12 05:00:00+00:00,1,1,11,33.66436627,92565,False,False,33.66436627
92564,2025-04-12 10:30:00+00:00,-1,1,47,-173.7484123,92585,True,False,-250
92583,2025-04-12 20:00:00+00:00,-1,2,28,3.649849885,92612,False,False,3.649849885
92611,2025-04-13 10:00:00+00:00,1,1,42,-33.44954301,92654,False,False,-33.44954301
92626,2025-04-13 17:30:00+00:00,1,2,27,-10.50655774,92654,False,False,-10.50655774
92642,2025-04-14 01:30:00+00:00,1,3,11,10.52868179,92654,False,False,10.52868179
92653,2025-04-14 07:00:00+00:00,-1,1,10,-37.461593,92664,False,False,-37.461593
92663,2025-04-14 12:00:00+00:00,1,1,9,-85.59285117,92673,False,False,-85.59285117
92672,2025-04-14 16:30:00+00:00,-1,1,62,53.43783399,92715,True,False,-250
92709,2025-04-15 11:00:00+00:00,-1,2,25,219.1809615,92735,False,False,219.1809615
92734,2025-04-15 23:30:00+00:00,1,1,39,32.47373448,92774,False,False,32.47373448
92754,2025-04-16 09:30:00+00:00,1,2,19,26.60812085,92774,False,False,26.60812085
92773,2025-04-16 19:00:00+00:00,-1,1,14,-36.8907083,92788,False,False,-36.8907083
92787,2025-04-17 02:00:00+00:00,1,1,16,14.34635176,92804,False,False,14.34635176
92803,2025-04-17 10:00:00+00:00,-1,1,8,-0,92812,False,False,-0
92811,2025-04-17 14:00:00+00:00,1,1,16,71.62899731,92828,False,False,71.62899731
92827,2025-04-17 22:00:00+00:00,-1,1,22,49.48981991,92850,False,False,49.48981991
92849,2025-04-18 09:00:00+00:00,1,1,27,-19.72899217,92877,False,False,-19.72899217
92868,2025-04-18 18:30:00+00:00,1,2,8,-14.89256081,92877,False,False,-14.89256081
92876,2025-04-18 22:30:00+00:00,-1,1,8,-31.01325758,92885,False,False,-31.01325758
92884,2025-04-19 02:30:00+00:00,1,1,17,60.30067735,92902,False,False,60.30067735
92901,2025-04-19 11:00:00+00:00,-1,1,7,-23.9287767,92909,False,False,-23.9287767
92908,2025-04-19 14:30:00+00:00,1,1,21,-35.80748213,92930,False,False,-35.80748213
92921,2025-04-19 21:00:00+00:00,1,2,8,-3.873966942,92930,False,False,-3.873966942
92929,2025-04-20 01:00:00+00:00,-1,1,27,66.47015302,92957,False,False,66.47015302
92956,2025-04-20 14:30:00+00:00,1,1,35,336.1116037,92992,False,False,336.1116037
92991,2025-04-21 08:00:00+00:00,-1,1,13,-119.526925,93005,False,False,-119.526925
93004,2025-04-21 14:30:00+00:00,1,1,8,-180.2809897,93013,False,False,-180.2809897
93012,2025-04-21 18:30:00+00:00,-1,1,11,-72.17016966,93024,False,False,-72.17016966
93023,2025-04-22 00:00:00+00:00,1,1,12,101.0227987,93036,False,False,101.0227987
93035,2025-04-22 06:00:00+00:00,-1,1,10,-15.95221125,93046,False,False,-15.95221125
93045,2025-04-22 11:00:00+00:00,1,1,20,299.2206032,93066,False,False,299.2206032
93065,2025-04-22 21:00:00+00:00,-1,1,41,-286.3597978,93067,True,False,-250
93078,2025-04-23 03:30:00+00:00,-1,2,28,-90.58828592,93107,False,False,-90.58828592
93094,2025-04-23 11:30:00+00:00,-1,3,12,-16.8745728,93107,False,False,-16.8745728
93106,2025-04-23 17:30:00+00:00,1,1,11,4.051604649,93118,False,False,4.051604649
93117,2025-04-23 23:00:00+00:00,-1,1,23,132.6896023,93141,False,False,132.6896023
93140,2025-04-24 10:30:00+00:00,1,1,16,73.33959798,93157,False,False,73.33959798
93156,2025-04-24 18:30:00+00:00,-1,1,26,-29.05792284,93183,False,False,-29.05792284
93173,2025-04-25 03:00:00+00:00,-1,2,9,-55.04133475,93183,False,False,-55.04133475
93182,2025-04-25 07:30:00+00:00,1,1,22,148.1829942,93205,False,False,148.1829942
93204,2025-04-25 18:30:00+00:00,-1,1,14,-16.54041867,93219,False,False,-16.54041867
93218,2025-04-26 01:30:00+00:00,1,1,7,-52.37914931,93226,False,False,-52.37914931
93225,2025-04-26 05:00:00+00:00,-1,1,18,43.24472922,93244,False,False,43.24472922
93243,2025-04-26 14:00:00+00:00,1,1,11,8.601556776,93255,False,False,8.601556776
93254,2025-04-26 19:30:00+00:00,-1,1,27,0.424403183,93282,False,False,0.424403183
93269,2025-04-27 03:00:00+00:00,-1,2,12,14.40952724,93282,False,False,14.40952724
93281,2025-04-27 09:00:00+00:00,1,1,8,-51.03664877,93290,False,False,-51.03664877
93289,2025-04-27 13:00:00+00:00,-1,1,10,-33.59462486,93300,False,False,-33.59462486
93299,2025-04-27 18:00:00+00:00,1,1,10,-11.69217687,93310,False,False,-11.69217687
93309,2025-04-27 23:00:00+00:00,-1,1,11,-22.45397467,93321,False,False,-22.45397467
93320,2025-04-28 04:30:00+00:00,1,1,18,99.06456716,93339,False,False,99.06456716
93338,2025-04-28 13:30:00+00:00,-1,1,12,41.52911243,93351,False,False,41.52911243
93350,2025-04-28 19:30:00+00:00,1,1,14,14.46383513,93365,False,False,14.46383513
93364,2025-04-29 02:30:00+00:00,-1,1,11,-10.43687273,93376,False,False,-10.43687273
93375,2025-04-29 08:00:00+00:00,1,1,11,-5.265652151,93387,False,False,-5.265652151
93386,2025-04-29 13:30:00+00:00,-1,1,8,-37.51119541,93395,False,False,-37.51119541
93394,2025-04-29 17:30:00+00:00,1,1,8,-67.49876655,93403,False,False,-67.49876655
93402,2025-04-29 21:30:00+00:00,-1,1,10,9.934684732,93413,False,False,9.934684732
93412,2025-04-30 02:30:00+00:00,1,1,12,3.385383606,93425,False,False,3.385383606
93424,2025-04-30 08:30:00+00:00,-1,1,21,49.17720716,93446,False,False,49.17720716
93445,2025-04-30 19:00:00+00:00,1,1,11,21.68113847,93457,False,False,21.68113847
93456,2025-05-01 00:30:00+00:00,-1,1,48,-273.3973169,93482,True,False,-250
93492,2025-05-01 18:30:00+00:00,-1,2,12,-34.59741659,93505,False,False,-34.59741659
93504,2025-05-02 00:30:00+00:00,1,1,11,-14.65836714,93516,False,False,-14.65836714
93515,2025-05-02 06:00:00+00:00,-1,1,10,-23.26038188,93526,False,False,-23.26038188
93525,2025-05-02 11:00:00+00:00,1,1,15,53.11687776,93541,False,False,53.11687776
93540,2025-05-02 18:30:00+00:00,-1,1,14,87.61580367,93555,False,False,87.61580367
93554,2025-05-03 01:30:00+00:00,1,1,10,-39.22705114,93565,False,False,-39.22705114
93564,2025-05-03 06:30:00+00:00,-1,1,15,-11.94954176,93580,False,False,-11.94954176
93579,2025-05-03 14:00:00+00:00,1,1,8,-14.32233558,93588,False,False,-14.32233558
93587,2025-05-03 18:00:00+00:00,-1,1,24,15.07041522,93612,False,False,15.07041522
93611,2025-05-04 06:00:00+00:00,1,1,25,-62.55855106,93637,False,False,-62.55855106
93628,2025-05-04 14:30:00+00:00,1,2,8,-10.46364407,93637,False,False,-10.46364407
93636,2025-05-04 18:30:00+00:00,-1,1,23,76.77884968,93660,False,False,76.77884968
93645,2025-05-04 23:00:00+00:00,-1,2,14,30.6228756,93660,False,False,30.6228756
93659,2025-05-05 06:00:00+00:00,1,1,11,-76.63401452,93671,False,False,-76.63401452
93670,2025-05-05 11:30:00+00:00,-1,1,12,-36.91096692,93683,False,False,-36.91096692
93682,2025-05-05 17:30:00+00:00,1,1,15,25.43531482,93698,False,False,25.43531482
93697,2025-05-06 01:00:00+00:00,-1,1,11,20.93089633,93709,False,False,20.93089633
93708,2025-05-06 06:30:00+00:00,1,1,31,29.55539783,93740,False,False,29.55539783
93726,2025-05-06 15:30:00+00:00,1,2,13,17.88189485,93740,False,False,17.88189485
93739,2025-05-06 22:00:00+00:00,-1,1,23,-236.1689094,93744,True,False,-250
93752,2025-05-07 04:30:00+00:00,-1,2,10,-37.70067323,93763,False,False,-37.70067323
93762,2025-05-07 09:30:00+00:00,1,1,13,2.373238129,93776,False,False,2.373238129
93775,2025-05-07 16:00:00+00:00,-1,1,11,-21.45723511,93787,False,False,-21.45723511
93786,2025-05-07 21:30:00+00:00,1,1,19,195.5839209,93806,False,False,195.5839209
93805,2025-05-08 07:00:00+00:00,-1,1,17,-163.3600888,93823,False,False,-163.3600888
93822,2025-05-08 15:30:00+00:00,1,1,20,208.5175288,93843,False,False,208.5175288
93842,2025-05-09 01:30:00+00:00,-1,1,10,-35.32434168,93853,False,False,-35.32434168
93852,2025-05-09 06:30:00+00:00,1,1,8,-4.654545455,93861,False,False,-4.654545455
93860,2025-05-09 10:30:00+00:00,-1,1,15,-13.19402,93876,False,False,-13.19402
93875,2025-05-09 18:00:00+00:00,1,1,9,-14.04861791,93885,False,False,-14.04861791
93884,2025-05-09 22:30:00+00:00,-1,1,9,-8.246982575,93894,False,False,-8.246982575
93893,2025-05-10 03:00:00+00:00,1,1,15,62.33459037,93909,False,False,62.33459037
93908,2025-05-10 10:30:00+00:00,-1,1,22,53.95198274,93931,False,False,53.95198274
93930,2025-05-10 21:30:00+00:00,1,1,12,75.55503894,93943,False,False,75.55503894
93942,2025-05-11 03:30:00+00:00,-1,1,13,-31.91816644,93956,False,False,-31.91816644
93955,2025-05-11 10:00:00+00:00,1,1,10,-15.90830682,93966,False,False,-15.90830682
93965,2025-05-11 15:00:00+00:00,-1,1,10,-27.16400146,93976,False,False,-27.16400146
93975,2025-05-11 20:00:00+00:00,1,1,32,-68.15679893,94008,False,False,-68.15679893
93997,2025-05-12 07:00:00+00:00,1,2,10,-62.6394782,94008,False,False,-62.6394782
94007,2025-05-12 12:00:00+00:00,-1,1,19,133.7792642,94027,False,False,133.7792642
94026,2025-05-12 21:30:00+00:00,1,1,10,-6.740585161,94037,False,False,-6.740585161
94036,2025-05-13 02:30:00+00:00,-1,1,9,-26.6872605,94046,False,False,-26.6872605
94045,2025-05-13 07:00:00+00:00,1,1,16,62.49451589,94062,False,False,62.49451589
94061,2025-05-13 15:00:00+00:00,-1,1,29,-52.41740141,94091,False,False,-52.41740141
94077,2025-05-13 23:00:00+00:00,-1,2,13,38.40577623,94091,False,False,38.40577623
94090,2025-05-14 05:30:00+00:00,1,1,8,-42.5056144,94099,False,False,-42.5056144
94098,2025-05-14 09:30:00+00:00,-1,1,21,-1.451940761,94120,False,False,-1.451940761
94109,2025-05-14 15:00:00+00:00,-1,2,10,-4.453954821,94120,False,False,-4.453954821
94119,2025-05-14 20:00:00+00:00,1,1,12,-30.19598355,94132,False,False,-30.19598355
94131,2025-05-15 02:00:00+00:00,-1,1,18,114.4515741,94150,False,False,114.4515741
94149,2025-05-15 11:00:00+00:00,1,1,19,148.476933,94169,False,False,148.476933
94168,2025-05-15 20:30:00+00:00,-1,1,9,-41.80132758,94178,False,False,-41.80132758
94177,2025-05-16 01:00:00+00:00,1,1,10,17.15199753,94188,False,False,17.15199753
94187,2025-05-16 06:00:00+00:00,-1,1,12,25.0105814,94200,False,False,25.0105814
94199,2025-05-16 12:00:00+00:00,1,1,14,3.857429409,94214,False,False,3.857429409
94213,2025-05-16 19:00:00+00:00,-1,1,18,19.08691293,94232,False,False,19.08691293
94231,2025-05-17 04:00:00+00:00,1,1,10,-7.823214665,94242,False,False,-7.823214665
94241,2025-05-17 09:00:00+00:00,-1,1,12,28.99755454,94254,False,False,28.99755454
94253,2025-05-17 15:00:00+00:00,1,1,11,7.076591991,94265,False,False,7.076591991
94264,2025-05-17 20:30:00+00:00,-1,1,10,-1.840550228,94275,False,False,-1.840550228
94274,2025-05-18 01:30:00+00:00,1,1,21,55.88431849,94296,False,False,55.88431849
94295,2025-05-18 12:00:00+00:00,-1,1,23,-199.3720263,94319,False,False,-199.3720263
94310,2025-05-18 19:30:00+00:00,-1,2,8,-128.5484735,94319,False,False,-128.5484735
94318,2025-05-18 23:30:00+00:00,1,1,8,-157.7018962,94327,False,False,-157.7018962
94326,2025-05-19 03:30:00+00:00,-1,1,13,108.6101357,94340,False,False,108.6101357
94339,2025-05-19 10:00:00+00:00,1,1,22,232.4092576,94362,False,False,232.4092576
94361,2025-05-19 21:00:00+00:00,-1,1,9,-60.19527917,94371,False,False,-60.19527917
94370,2025-05-20 01:30:00+00:00,1,1,10,-57.57361602,94381,False,False,-57.57361602
94380,2025-05-20 06:30:00+00:00,-1,1,11,25.1151506,94392,False,False,25.1151506
94391,2025-05-20 12:00:00+00:00,1,1,23,168.7426959,94415,False,False,168.7426959
94414,2025-05-20 23:30:00+00:00,-1,1,10,14.20228918,94425,False,False,14.20228918
94424,2025-05-21 04:30:00+00:00,1,1,8,-33.87197889,94433,False,False,-33.87197889
94432,2025-05-21 08:30:00+00:00,-1,1,10,-0.1877740327,94443,False,False,-0.1877740327
94442,2025-05-21 13:30:00+00:00,1,1,11,48.16313502,94454,False,False,48.16313502
94453,2025-05-21 19:00:00+00:00,-1,1,9,-258.068133,94462,True,False,-250
94462,2025-05-21 23:30:00+00:00,1,1,15,74.78048603,94478,False,False,74.78048603
94477,2025-05-22 07:00:00+00:00,-1,1,11,-60.84495837,94489,False,False,-60.84495837
94488,2025-05-22 12:30:00+00:00,1,1,32,-41.51614816,94521,False,False,-41.51614816
94512,2025-05-23 00:30:00+00:00,1,2,8,-63.66000179,94521,False,False,-63.66000179
94520,2025-05-23 04:30:00+00:00,-1,1,10,-26.89045299,94531,False,False,-26.89045299
94530,2025-05-23 09:30:00+00:00,1,1,46,-288.7021005,94536,True,False,-250
94547,2025-05-23 18:00:00+00:00,1,2,29,-139.4422311,94577,False,False,-139.4422311
94566,2025-05-24 03:30:00+00:00,1,3,10,-38.03474825,94577,False,False,-38.03474825
94576,2025-05-24 08:30:00+00:00,-1,1,39,-20.29469002,94616,False,False,-20.29469002
94592,2025-05-24 16:30:00+00:00,-1,2,23,61.94682132,94616,False,False,61.94682132
94615,2025-05-25 04:00:00+00:00,1,1,8,-38.93497582,94624,False,False,-38.93497582
94623,2025-05-25 08:00:00+00:00,-1,1,11,10.49132841,94635,False,False,10.49132841
94634,2025-05-25 13:30:00+00:00,1,1,32,190.5292997,94667,False,False,190.5292997
94666,2025-05-26 05:30:00+00:00,-1,1,14,-15.04856583,94681,False,False,-15.04856583
94680,2025-05-26 12:30:00+00:00,1,1,9,-35.88015663,94690,False,False,-35.88015663
94689,2025-05-26 17:00:00+00:00,-1,1,10,3.107406595,94700,False,False,3.107406595
94699,2025-05-26 22:00:00+00:00,1,1,30,23.95275274,94730,False,False,23.95275274
94714,2025-05-27 05:30:00+00:00,1,2,15,89.4434629,94730,False,False,89.4434629
94729,2025-05-27 13:00:00+00:00,-1,1,30,68.03837875,94760,False,False,68.03837875
94759,2025-05-28 04:00:00+00:00,1,1,11,-24.24286947,94771,False,False,-24.24286947
94770,2025-05-28 09:30:00+00:00,-1,1,8,-12.88730968,94779,False,False,-12.88730968
94778,2025-05-28 13:30:00+00:00,1,1,30,-80.35008366,94809,False,False,-80.35008366
94792,2025-05-28 20:30:00+00:00,1,2,16,66.33143326,94809,False,False,66.33143326
94808,2025-05-29 04:30:00+00:00,-1,1,9,-58.38739574,94818,False,False,-58.38739574
94817,2025-05-29 09:00:00+00:00,1,1,10,-83.29494149,94828,False,False,-83.29494149
94827,2025-05-29 14:00:00+00:00,-1,1,16,111.7759649,94844,False,False,111.7759649
94843,2025-05-29 22:00:00+00:00,1,1,35,-61.45288143,94879,False,False,-61.45288143
94870,2025-05-30 11:30:00+00:00,1,2,8,-3.119033667,94879,False,False,-3.119033667
94878,2025-05-30 15:30:00+00:00,-1,1,12,88.40019287,94891,False,False,88.40019287
94890,2025-05-30 21:30:00+00:00,1,1,26,-134.4029609,94917,False,False,-134.4029609
94907,2025-05-31 06:00:00+00:00,1,2,9,-14.57866687,94917,False,False,-14.57866687
94916,2025-05-31 10:30:00+00:00,-1,1,37,-118.0565627,94954,False,False,-118.0565627
94933,2025-05-31 19:00:00+00:00,-1,2,20,-9.373684815,94954,False,False,-9.373684815
94953,2025-06-01 05:00:00+00:00,1,1,7,-31.24820824,94961,False,False,-31.24820824
94960,2025-06-01 08:30:00+00:00,-1,1,11,1.342037404,94972,False,False,1.342037404
94971,2025-06-01 14:00:00+00:00,1,1,13,87.1482671,94985,False,False,87.1482671
94984,2025-06-01 20:30:00+00:00,-1,1,22,-10.74001559,95007,False,False,-10.74001559
95006,2025-06-02 07:30:00+00:00,1,1,41,20.22273491,95048,False,False,20.22273491
95024,2025-06-02 16:30:00+00:00,1,2,23,134.5317316,95048,False,False,134.5317316
95047,2025-06-03 04:00:00+00:00,-1,1,13,19.04491188,95061,False,False,19.04491188
95060,2025-06-03 10:30:00+00:00,1,1,16,44.42798963,95077,False,False,44.42798963
95076,2025-06-03 18:30:00+00:00,-1,1,15,13.04261533,95092,False,False,13.04261533
95091,2025-06-04 02:00:00+00:00,1,1,9,-29.43152675,95101,False,False,-29.43152675
95100,2025-06-04 06:30:00+00:00,-1,1,7,-49.92501756,95108,False,False,-49.92501756
95107,2025-06-04 10:00:00+00:00,1,1,21,-107.4761059,95129,False,False,-107.4761059
95120,2025-06-04 16:30:00+00:00,1,2,8,-40.97854094,95129,False,False,-40.97854094
95128,2025-06-04 20:30:00+00:00,-1,1,10,-28.3543047,95139,False,False,-28.3543047
95138,2025-06-05 01:30:00+00:00,1,1,10,-32.65329437,95149,False,False,-32.65329437
95148,2025-06-05 06:30:00+00:00,-1,1,9,-1.241642789,95158,False,False,-1.241642789
95157,2025-06-05 11:00:00+00:00,1,1,9,17.18984271,95167,False,False,17.18984271
95166,2025-06-05 15:30:00+00:00,-1,1,18,320.7077689,95185,False,False,320.7077689
95184,2025-06-06 00:30:00+00:00,1,1,16,191.5708812,95201,False,False,191.5708812
95200,2025-06-06 08:30:00+00:00,-1,1,10,-50.54409803,95211,False,False,-50.54409803
95210,2025-06-06 13:30:00+00:00,1,1,12,37.30876852,95223,False,False,37.30876852
95222,2025-06-06 19:30:00+00:00,-1,1,11,-20.11783302,95234,False,False,-20.11783302
95233,2025-06-07 01:00:00+00:00,1,1,15,39.29442134,95249,False,False,39.29442134
95248,2025-06-07 08:30:00+00:00,-1,1,42,-62.94878388,95291,False,False,-62.94878388
95265,2025-06-07 17:00:00+00:00,-1,2,25,-25.33206831,95291,False,False,-25.33206831
95279,2025-06-08 00:00:00+00:00,-1,3,11,-4.544636855,95291,False,False,-4.544636855
95290,2025-06-08 05:30:00+00:00,1,1,31,51.10393974,95322,False,False,51.10393974
95321,2025-06-08 21:00:00+00:00,-1,1,15,48.301901,95337,False,False,48.301901
95336,2025-06-09 04:30:00+00:00,1,1,24,219.6908055,95361,False,False,219.6908055
95360,2025-06-09 16:30:00+00:00,-1,1,33,-103.318027,95394,False,False,-103.318027
95380,2025-06-10 02:30:00+00:00,-1,2,13,50.23567918,95394,False,False,50.23567918
95393,2025-06-10 09:00:00+00:00,1,1,11,-25.19884177,95405,False,False,-25.19884177
95404,2025-06-10 14:30:00+00:00,-1,1,10,-112.9004106,95415,False,False,-112.9004106
95414,2025-06-10 19:30:00+00:00,1,1,12,-31.15745871,95427,False,False,-31.15745871
95426,2025-06-11 01:30:00+00:00,-1,1,12,13.03044386,95439,False,False,13.03044386
95438,2025-06-11 07:30:00+00:00,1,1,20,9.489051095,95459,False,False,9.489051095
95458,2025-06-11 17:30:00+00:00,-1,1,14,107.4710129,95473,False,False,107.4710129
95472,2025-06-12 00:30:00+00:00,1,1,40,-143.4692467,95513,False,False,-143.4692467
95501,2025-06-12 15:00:00+00:00,1,2,11,-63.81496447,95513,False,False,-63.81496447
95512,2025-06-12 20:30:00+00:00,-1,1,17,237.0802483,95530,False,False,237.0802483
95529,2025-06-13 05:00:00+00:00,1,1,13,34.47219243,95543,False,False,34.47219243
95542,2025-06-13 11:30:00+00:00,-1,1,10,-104.0155737,95553,False,False,-104.0155737
95552,2025-06-13 16:30:00+00:00,1,1,8,-49.58349861,95561,False,False,-49.58349861
95560,2025-06-13 20:30:00+00:00,-1,1,27,36.82716858,95588,False,False,36.82716858
95571,2025-06-14 02:00:00+00:00,-1,2,16,54.57387844,95588,False,False,54.57387844
95587,2025-06-14 10:00:00+00:00,1,1,10,1.810058208,95598,False,False,1.810058208
95597,2025-06-14 15:00:00+00:00,-1,1,10,27.24120852,95608,False,False,27.24120852
95607,2025-06-14 20:00:00+00:00,1,1,14,80.22769384,95622,False,False,80.22769384
95621,2025-06-15 03:00:00+00:00,-1,1,21,5.400693563,95643,False,False,5.400693563
95642,2025-06-15 13:30:00+00:00,1,1,11,1.801203963,95654,False,False,1.801203963
95653,2025-06-15 19:00:00+00:00,-1,1,11,-0.8530482257,95665,False,False,-0.8530482257
95664,2025-06-16 00:30:00+00:00,1,1,20,149.5550311,95685,False,False,149.5550311
95684,2025-06-16 10:30:00+00:00,-1,1,9,-44.91507223,95694,False,False,-44.91507223
95693,2025-06-16 15:00:00+00:00,1,1,16,17.01186182,95710,False,False,17.01186182
95709,2025-06-16 23:00:00+00:00,-1,1,12,36.19321609,95722,False,False,36.19321609
95721,2025-06-17 05:00:00+00:00,1,1,9,-86.80668747,95731,False,False,-86.80668747
95730,2025-06-17 09:30:00+00:00,-1,1,21,161.9798371,95752,False,False,161.9798371
95751,2025-06-17 20:00:00+00:00,1,1,11,12.70186899,95763,False,False,12.70186899
95762,2025-06-18 01:30:00+00:00,-1,1,26,-35.38658171,95789,False,False,-35.38658171
95774,2025-06-18 07:30:00+00:00,-1,2,14,-24.39094105,95789,False,False,-24.39094105
95788,2025-06-18 14:30:00+00:00,1,1,25,-41.8199272,95814,False,False,-41.8199272
95813,2025-06-19 03:00:00+00:00,-1,1,13,-20.71144283,95827,False,False,-20.71144283
95826,2025-06-19 09:30:00+00:00,1,1,8,-18.19220878,95835,False,False,-18.19220878
95834,2025-06-19 13:30:00+00:00,-1,1,11,34.54231434,95846,False,False,34.54231434
95845,2025-06-19 19:00:00+00:00,1,1,16,20.1078162,95862,False,False,20.1078162
95861,2025-06-20 03:00:00+00:00,-1,1,9,-53.99103653,95871,False,False,-53.99103653
95870,2025-06-20 07:30:00+00:00,1,1,13,44.19647949,95884,False,False,44.19647949
95883,2025-06-20 14:00:00+00:00,-1,1,15,205.3426952,95899,False,False,205.3426952
95898,2025-06-20 21:30:00+00:00,1,1,12,16.90706909,95911,False,False,16.90706909
95910,2025-06-21 03:30:00+00:00,-1,1,10,11.28450454,95921,False,False,11.28450454
95920,2025-06-21 08:30:00+00:00,1,1,11,3.186404673,95932,False,False,3.186404673
95931,2025-06-21 14:00:00+00:00,-1,1,22,68.92024943,95954,False,False,68.92024943
95953,2025-06-22 01:00:00+00:00,1,1,14,-39.85070565,95968,False,False,-39.85070565
95967,2025-06-22 08:00:00+00:00,-1,1,9,-20.59058883,95977,False,False,-20.59058883
95976,2025-06-22 12:30:00+00:00,1,1,31,-142.0850173,95980,True,False,-250
95993,2025-06-22 21:00:00+00:00,1,2,14,164.8859254,96008,False,False,164.8859254
96007,2025-06-23 04:00:00+00:00,-1,1,10,-68.36188331,96018,False,False,-68.36188331
96017,2025-06-23 09:00:00+00:00,1,1,35,309.9550619,96053,False,False,309.9550619
96027,2025-06-23 14:00:00+00:00,1,2,25,255.8171313,96033,True,False,-250
96052,2025-06-24 02:30:00+00:00,-1,1,10,-57.48165631,96063,False,False,-57.48165631
96062,2025-06-24 07:30:00+00:00,1,1,11,-39.83686755,96074,False,False,-39.83686755
96073,2025-06-24 13:00:00+00:00,-1,1,62,-243.4923048,96122,True,False,-250
96087,2025-06-24 20:00:00+00:00,-1,2,48,-201.0444852,96136,False,False,-201.0444852
96105,2025-06-25 05:00:00+00:00,-1,3,30,-148.4291173,96136,False,False,-148.4291173
96127,2025-06-25 16:00:00+00:00,-1,4,8,-66.75505098,96136,False,False,-66.75505098
96135,2025-06-25 20:00:00+00:00,1,1,22,-0.278233772,96158,False,False,-0.278233772
96157,2025-06-26 07:00:00+00:00,-1,1,17,77.53663513,96175,False,False,77.53663513
96174,2025-06-26 15:30:00+00:00,1,1,14,22.43326105,96189,False,False,22.43326105
96188,2025-06-26 22:30:00+00:00,-1,1,10,-15.38834589,96199,False,False,-15.38834589
96198,2025-06-27 03:30:00+00:00,1,1,9,-40.87941968,96208,False,False,-40.87941968
96207,2025-06-27 08:00:00+00:00,-1,1,16,-38.99018233,96224,False,False,-38.99018233
96223,2025-06-27 16:00:00+00:00,1,1,7,-48.52515205,96231,False,False,-48.52515205
96230,2025-06-27 19:30:00+00:00,-1,1,41,-63.45581491,96272,False,False,-63.45581491
96259,2025-06-28 10:00:00+00:00,-1,2,12,-15.83546025,96272,False,False,-15.83546025
96271,2025-06-28 16:00:00+00:00,1,1,9,-22.59960567,96281,False,False,-22.59960567
96280,2025-06-28 20:30:00+00:00,-1,1,8,-16.03266189,96289,False,False,-16.03266189
96288,2025-06-29 00:30:00+00:00,1,1,29,48.11405917,96318,False,False,48.11405917
96301,2025-06-29 07:00:00+00:00,1,2,16,51.7623401,96318,False,False,51.7623401
96317,2025-06-29 15:00:00+00:00,-1,1,14,37.97351116,96332,False,False,37.97351116
96331,2025-06-29 22:00:00+00:00,1,1,14,74.84194868,96346,False,False,74.84194868
96345,2025-06-30 05:00:00+00:00,-1,1,14,62.47404605,96360,False,False,62.47404605
96359,2025-06-30 12:00:00+00:00,1,1,9,-33.33704777,96369,False,False,-33.33704777
96368,2025-06-30 16:30:00+00:00,-1,1,19,5.96297366,96388,False,False,5.96297366
96387,2025-07-01 02:00:00+00:00,1,1,69,9.882067776,96457,False,False,9.882067776
96411,2025-07-01 14:00:00+00:00,1,2,45,49.13613986,96457,False,False,49.13613986
96428,2025-07-01 22:30:00+00:00,1,3,28,154.9185212,96457,False,False,154.9185212
96456,2025-07-02 12:30:00+00:00,-1,1,33,-136.6290712,96490,False,False,-136.6290712
96476,2025-07-02 22:30:00+00:00,-1,2,13,45.72975544,96490,False,False,45.72975544
96489,2025-07-03 05:00:00+00:00,1,1,14,73.13622081,96504,False,False,73.13622081
96503,2025-07-03 12:00:00+00:00,-1,1,14,-7.570644143,96518,False,False,-7.570644143
96517,2025-07-03 19:00:00+00:00,1,1,9,-6.288906915,96527,False,False,-6.288906915
96526,2025-07-03 23:30:00+00:00,-1,1,21,54.72056034,96548,False,False,54.72056034
96547,2025-07-04 10:00:00+00:00,1,1,7,-36.58939183,96555,False,False,-36.58939183
96554,2025-07-04 13:30:00+00:00,-1,1,14,79.98232842,96569,False,False,79.98232842
96568,2025-07-04 20:30:00+00:00,1,1,12,7.329745778,96581,False,False,7.329745778
96580,2025-07-05 02:30:00+00:00,-1,1,11,-21.23142251,96592,False,False,-21.23142251
96591,2025-07-05 08:00:00+00:00,1,1,16,0.7401376656,96608,False,False,0.7401376656
96607,2025-07-05 16:00:00+00:00,-1,1,10,-3.700414446,96618,False,False,-3.700414446
96617,2025-07-05 21:00:00+00:00,1,1,11,4.438854775,96629,False,False,4.438854775
96628,2025-07-06 02:30:00+00:00,-1,1,10,1.386526658,96639,False,False,1.386526658
96638,2025-07-06 07:30:00+00:00,1,1,23,28.93620168,96662,False,False,28.93620168
96661,2025-07-06 19:00:00+00:00,-1,1,52,54.2947217,96714,False,False,54.2947217
96683,2025-07-07 06:00:00+00:00,-1,2,30,110.0885475,96714,False,False,110.0885475
96713,2025-07-07 21:00:00+00:00,1,1,11,1.853688376,96725,False,False,1.853688376
96724,2025-07-08 02:30:00+00:00,-1,1,8,-24.37148444,96733,False,False,-24.37148444
96732,2025-07-08 06:30:00+00:00,1,1,17,20.05990238,96750,False,False,20.05990238
96749,2025-07-08 15:00:00+00:00,-1,1,7,-65.59464172,96757,False,False,-65.59464172
96756,2025-07-08 18:30:00+00:00,1,1,12,-24.74703036,96769,False,False,-24.74703036
96768,2025-07-09 00:30:00+00:00,-1,1,12,9.647720381,96781,False,False,9.647720381
96780,2025-07-09 06:30:00+00:00,1,1,18,26.30392995,96799,False,False,26.30392995
96798,2025-07-09 15:30:00+00:00,-1,1,32,-221.6208779,96807,True,False,-250
96819,2025-07-10 02:00:00+00:00,-1,2,11,-15.90954033,96831,False,False,-15.90954033
96830,2025-07-10 07:30:00+00:00,1,1,8,-20.46109251,96839,False,False,-20.46109251
96838,2025-07-10 11:30:00+00:00,-1,1,9,-24.5496974,96848,False,False,-24.5496974
96847,2025-07-10 16:00:00+00:00,1,1,20,404.0331551,96868,False,False,404.0331551
96867,2025-07-11 02:00:00+00:00,-1,1,33,-119.9344715,96901,False,False,-119.9344715
96887,2025-07-11 12:00:00+00:00,-1,2,13,39.63067941,96901,False,False,39.63067941
96900,2025-07-11 18:30:00+00:00,1,1,9,25.73037633,96910,False,False,25.73037633
96909,2025-07-11 23:00:00+00:00,-1,1,9,-18.18598999,96919,False,False,-18.18598999
96918,2025-07-12 03:30:00+00:00,1,1,17,-2.37515587,96936,False,False,-2.37515587
96935,2025-07-12 12:00:00+00:00,-1,1,12,29.35711316,96948,False,False,29.35711316
96947,2025-07-12 18:00:00+00:00,1,1,9,-0.595678776,96957,False,False,-0.595678776
96956,2025-07-12 22:30:00+00:00,-1,1,54,-125.6106071,97011,False,False,-125.6106071
96978,2025-07-13 09:30:00+00:00,-1,2,32,-92.28629108,97011,False,False,-92.28629108
97001,2025-07-13 21:00:00+00:00,-1,3,9,10.15927391,97011,False,False,10.15927391
97010,2025-07-14 01:30:00+00:00,1,1,18,248.8611723,97029,False,False,248.8611723
97028,2025-07-14 10:30:00+00:00,-1,1,19,163.2730046,97048,False,False,163.2730046
97047,2025-07-14 20:00:00+00:00,1,1,10,-37.84847272,97058,False,False,-37.84847272
97057,2025-07-15 01:00:00+00:00,-1,1,15,225.7778373,97073,False,False,225.7778373
97072,2025-07-15 08:30:00+00:00,1,1,14,-49.22945205,97087,False,False,-49.22945205
97086,2025-07-15 15:30:00+00:00,-1,1,13,-115.6377716,97100,False,False,-115.6377716
97099,2025-07-15 22:00:00+00:00,1,1,10,-19.4779236,97110,False,False,-19.4779236
97109,2025-07-16 03:00:00+00:00,-1,1,8,-81.30219874,97118,False,False,-81.30219874
97117,2025-07-16 07:00:00+00:00,1,1,12,30.51718599,97130,False,False,30.51718599
97129,2025-07-16 13:00:00+00:00,-1,1,33,16.26564409,97163,False,False,16.26564409
97149,2025-07-16 23:00:00+00:00,-1,2,13,19.79830998,97163,False,False,19.79830998
97162,2025-07-17 05:30:00+00:00,1,1,13,-35.28557681,97176,False,False,-35.28557681
97175,2025-07-17 12:00:00+00:00,-1,1,7,-43.88194233,97183,False,False,-43.88194233
97182,2025-07-17 15:30:00+00:00,1,1,17,60.13731212,97200,False,False,60.13731212
97199,2025-07-18 00:00:00+00:00,-1,1,26,-19.78620834,97226,False,False,-19.78620834
97215,2025-07-18 08:00:00+00:00,-1,2,10,-5.358024898,97226,False,False,-5.358024898
97225,2025-07-18 13:00:00+00:00,1,1,33,-108.3582264,97259,False,False,-108.3582264
97243,2025-07-18 22:00:00+00:00,1,2,15,38.8933236,97259,False,False,38.8933236
97258,2025-07-19 05:30:00+00:00,-1,1,10,-14.12668336,97269,False,False,-14.12668336
97268,2025-07-19 10:30:00+00:00,1,1,7,-10.30553373,97276,False,False,-10.30553373
97275,2025-07-19 14:00:00+00:00,-1,1,12,15.89704129,97288,False,False,15.89704129
97287,2025-07-19 20:00:00+00:00,1,1,20,-13.80501893,97308,False,False,-13.80501893
97307,2025-07-20 06:00:00+00:00,-1,1,42,-28.0722585,97350,False,False,-28.0722585
97332,2025-07-20 18:30:00+00:00,-1,2,17,1.268434583,97350,False,False,1.268434583
97349,2025-07-21 03:00:00+00:00,1,1,15,27.06337057,97365,False,False,27.06337057
97364,2025-07-21 10:30:00+00:00,-1,1,10,-18.13412505,97375,False,False,-18.13412505
97374,2025-07-21 15:30:00+00:00,1,1,26,-148.2622752,97401,False,False,-148.2622752
97390,2025-07-21 23:30:00+00:00,1,2,10,-33.30323834,97401,False,False,-33.30323834
97400,2025-07-22 04:30:00+00:00,-1,1,29,-244.7549459,97429,True,False,-250
97420,2025-07-22 14:30:00+00:00,-1,2,9,-117.6520235,97430,False,False,-117.6520235
97429,2025-07-22 19:00:00+00:00,1,1,13,-27.86142694,97443,False,False,-27.86142694
97442,2025-07-23 01:30:00+00:00,-1,1,15,90.50984985,97458,False,False,90.50984985
97457,2025-07-23 09:00:00+00:00,1,1,10,-88.12878283,97468,False,False,-88.12878283
97467,2025-07-23 14:00:00+00:00,-1,1,10,-86.95355948,97478,False,False,-86.95355948
97477,2025-07-23 19:00:00+00:00,1,1,19,-8.020938872,97497,False,False,-8.020938872
97496,2025-07-24 04:30:00+00:00,-1,1,9,-41.65786472,97506,False,False,-41.65786472
97505,2025-07-24 09:00:00+00:00,1,1,12,24.90785776,97518,False,False,24.90785776
97517,2025-07-24 15:00:00+00:00,-1,1,35,285.8126144,97553,False,False,285.8126144
97552,2025-07-25 08:30:00+00:00,1,1,12,-11.83800085,97565,False,False,-11.83800085
97564,2025-07-25 14:30:00+00:00,-1,1,9,-80.9744619,97574,False,False,-80.9744619
97573,2025-07-25 19:00:00+00:00,1,1,14,59.89976658,97588,False,False,59.89976658
97587,2025-07-26 02:00:00+00:00,-1,1,12,-12.71049085,97600,False,False,-12.71049085
97599,2025-07-26 08:00:00+00:00,1,1,15,48.13631523,97615,False,False,48.13631523
97614,2025-07-26 15:30:00+00:00,-1,1,15,-10.68339834,97630,False,False,-10.68339834
97629,2025-07-26 23:00:00+00:00,1,1,17,11.34958413,97647,False,False,11.34958413
97646,2025-07-27 07:30:00+00:00,-1,1,9,5.499153976,97656,False,False,5.499153976
97655,2025-07-27 12:00:00+00:00,1,1,18,56.46082871,97674,False,False,56.46082871
97673,2025-07-27 21:00:00+00:00,-1,1,19,-59.17408798,97693,False,False,-59.17408798
97692,2025-07-28 06:30:00+00:00,1,1,40,-134.136647,97733,False,False,-134.136647
97721,2025-07-28 21:00:00+00:00,1,2,11,-10.59079702,97733,False,False,-10.59079702
97732,2025-07-29 02:30:00+00:00,-1,1,36,31.55162762,97769,False,False,31.55162762
97748,2025-07-29 10:30:00+00:00,-1,2,20,95.8977989,97769,False,False,95.8977989
97768,2025-07-29 20:30:00+00:00,1,1,19,37.18199609,97788,False,False,37.18199609
97787,2025-07-30 06:00:00+00:00,-1,1,19,-15.85189078,97807,False,False,-15.85189078
97797,2025-07-30 11:00:00+00:00,-1,2,9,-10.67543295,97807,False,False,-10.67543295
97806,2025-07-30 15:30:00+00:00,1,1,29,16.50388476,97836,False,False,16.50388476
97822,2025-07-30 23:30:00+00:00,1,2,13,65.91593379,97836,False,False,65.91593379
97835,2025-07-31 06:00:00+00:00,-1,1,14,-21.37745144,97850,False,False,-21.37745144
97849,2025-07-31 13:00:00+00:00,1,1,37,-315.6776446,97871,True,False,-250
97878,2025-08-01 03:30:00+00:00,1,2,8,-99.81381878,97887,False,False,-99.81381878
97886,2025-08-01 07:30:00+00:00,-1,1,10,-47.53695868,97897,False,False,-47.53695868
97896,2025-08-01 12:30:00+00:00,1,1,10,-69.66829573,97907,False,False,-69.66829573
97906,2025-08-01 17:30:00+00:00,-1,1,14,95.98603839,97921,False,False,95.98603839
97920,2025-08-02 00:30:00+00:00,1,1,13,15.50660793,97934,False,False,15.50660793
97933,2025-08-02 07:00:00+00:00,-1,1,11,-0,97945,False,False,-0
97944,2025-08-02 12:30:00+00:00,1,1,37,-11.43601112,97982,False,False,-11.43601112
97963,2025-08-02 22:00:00+00:00,1,2,18,62.65564211,97982,False,False,62.65564211
97981,2025-08-03 07:00:00+00:00,-1,1,9,-40.51221531,97991,False,False,-40.51221531
97990,2025-08-03 11:30:00+00:00,1,1,8,-14.20977843,97999,False,False,-14.20977843
97998,2025-08-03 15:30:00+00:00,-1,1,35,-63.24443976,98034,False,False,-63.24443976
98013,2025-08-03 23:00:00+00:00,-1,2,20,-21.43125815,98034,False,False,-21.43125815
98026,2025-08-04 05:30:00+00:00,-1,3,7,-27.30805588,98034,False,False,-27.30805588
98033,2025-08-04 09:00:00+00:00,1,1,22,16.497329,98056,False,False,16.497329
98055,2025-08-04 20:00:00+00:00,-1,1,8,-25.96881999,98064,False,False,-25.96881999
98063,2025-08-05 00:00:00+00:00,1,1,27,-77.0093263,98091,False,False,-77.0093263
98081,2025-08-05 09:00:00+00:00,1,2,9,-11.72363713,98091,False,False,-11.72363713
98090,2025-08-05 13:30:00+00:00,-1,1,12,49.22699601,98103,False,False,49.22699601
98102,2025-08-05 19:30:00+00:00,1,1,13,17.95727226,98116,False,False,17.95727226
98115,2025-08-06 02:00:00+00:00,-1,1,9,-15.37691003,98125,False,False,-15.37691003
98124,2025-08-06 06:30:00+00:00,1,1,12,5.614921654,98137,False,False,5.614921654
98136,2025-08-06 12:30:00+00:00,-1,1,36,-46.99857952,98173,False,False,-46.99857952
98154,2025-08-06 21:30:00+00:00,-1,2,18,50.19103856,98173,False,False,50.19103856
98172,2025-08-07 06:30:00+00:00,1,1,19,188.9476532,98192,False,False,188.9476532
98191,2025-08-07 16:00:00+00:00,-1,1,9,-62.44271801,98201,False,False,-62.44271801
98200,2025-08-07 20:30:00+00:00,1,1,10,-43.83874153,98211,False,False,-43.83874153
98210,2025-08-08 01:30:00+00:00,-1,1,12,-2.05196604,98223,False,False,-2.05196604
98222,2025-08-08 07:30:00+00:00,1,1,12,-16.32687951,98235,False,False,-16.32687951
98234,2025-08-08 13:30:00+00:00,-1,1,11,23.28886758,98246,False,False,23.28886758
98245,2025-08-08 19:00:00+00:00,1,1,12,5.749987127,98258,False,False,5.749987127
98257,2025-08-09 01:00:00+00:00,-1,1,10,-13.20879328,98268,False,False,-13.20879328
98267,2025-08-09 06:00:00+00:00,1,1,14,32.29315676,98282,False,False,32.29315676
98281,2025-08-09 13:00:00+00:00,-1,1,14,47.21653005,98296,False,False,47.21653005
98295,2025-08-09 20:00:00+00:00,1,1,9,4.375166213,98305,False,False,4.375166213
98304,2025-08-10 00:30:00+00:00,-1,1,27,-157.2656022,98332,False,False,-157.2656022
98321,2025-08-10 09:00:00+00:00,-1,2,10,-11.41002561,98332,False,False,-11.41002561
98331,2025-08-10 14:00:00+00:00,1,1,9,-0.4221119103,98341,False,False,-0.4221119103
98340,2025-08-10 18:30:00+00:00,-1,1,9,-52.34408638,98350,False,False,-52.34408638
98349,2025-08-10 23:00:00+00:00,1,1,19,221.2199854,98369,False,False,221.2199854
98368,2025-08-11 08:30:00+00:00,-1,1,15,115.5290425,98384,False,False,115.5290425
98383,2025-08-11 16:00:00+00:00,1,1,9,-118.5419178,98393,False,False,-118.5419178
98392,2025-08-11 20:30:00+00:00,-1,1,11,-11.10466143,98404,False,False,-11.10466143
98403,2025-08-12 02:00:00+00:00,1,1,9,-1.260493609,98413,False,False,-1.260493609
98412,2025-08-12 06:30:00+00:00,-1,1,13,-24.28857176,98426,False,False,-24.28857176
98425,2025-08-12 13:00:00+00:00,1,1,12,5.86879061,98438,False,False,5.86879061
98437,2025-08-12 19:00:00+00:00,-1,1,25,-5.697766978,98463,False,False,-5.697766978
98462,2025-08-13 07:30:00+00:00,1,1,18,179.7124266,98481,False,False,179.7124266
98480,2025-08-13 16:30:00+00:00,-1,1,38,50.92177461,98519,False,False,50.92177461
98502,2025-08-14 03:30:00+00:00,-1,2,16,216.8725378,98519,False,False,216.8725378
98518,2025-08-14 11:30:00+00:00,1,1,38,-144.1210518,98521,True,False,-250
98534,2025-08-14 19:30:00+00:00,1,2,22,70.12089518,98557,False,False,70.12089518
98556,2025-08-15 06:30:00+00:00,-1,1,11,8.976735992,98568,False,False,8.976735992
98567,2025-08-15 12:00:00+00:00,1,1,31,-112.603913,98599,False,False,-112.603913
98582,2025-08-15 19:30:00+00:00,1,2,16,46.50011945,98599,False,False,46.50011945
98598,2025-08-16 03:30:00+00:00,-1,1,12,-0.1698528225,98611,False,False,-0.1698528225
98610,2025-08-16 09:30:00+00:00,1,1,17,2.632674032,98628,False,False,2.632674032
98627,2025-08-16 18:00:00+00:00,-1,1,17,12.99010035,98645,False,False,12.99010035
98644,2025-08-17 02:30:00+00:00,1,1,17,69.45566144,98662,False,False,69.45566144
98661,2025-08-17 11:00:00+00:00,-1,1,23,50.3182885,98685,False,False,50.3182885
98684,2025-08-17 22:30:00+00:00,1,1,47,-96.47857446,98706,True,False,-250
98705,2025-08-18 09:00:00+00:00,1,2,26,131.9524624,98732,False,False,131.9524624
98731,2025-08-18 22:00:00+00:00,-1,1,21,149.3406904,98753,False,False,149.3406904
98752,2025-08-19 08:30:00+00:00,1,1,12,-69.67034879,98765,False,False,-69.67034879
98764,2025-08-19 14:30:00+00:00,-1,1,13,53.6923333,98778,False,False,53.6923333
98777,2025-08-19 21:00:00+00:00,1,1,11,-22.10363169,98789,False,False,-22.10363169
98788,2025-08-20 02:30:00+00:00,-1,1,27,-3.265522263,98816,False,False,-3.265522263
98799,2025-08-20 08:00:00+00:00,-1,2,16,11.89668391,98816,False,False,11.89668391
98815,2025-08-20 16:00:00+00:00,1,1,17,63.96569674,98833,False,False,63.96569674
98832,2025-08-21 00:30:00+00:00,-1,1,16,28.40435884,98849,False,False,28.40435884
98848,2025-08-21 08:30:00+00:00,1,1,42,-71.82859605,98891,False,False,-71.82859605
98860,2025-08-21 14:30:00+00:00,1,2,30,-67.37501319,98891,False,False,-67.37501319
98875,2025-08-21 22:00:00+00:00,1,3,15,30.73370048,98891,False,False,30.73370048
98890,2025-08-22 05:30:00+00:00,-1,1,18,-198.9798629,98909,False,False,-198.9798629
98908,2025-08-22 14:30:00+00:00,1,1,15,159.4123623,98924,False,False,159.4123623
98923,2025-08-22 22:00:00+00:00,-1,1,15,95.54820569,98939,False,False,95.54820569
98938,2025-08-23 05:30:00+00:00,1,1,11,-31.66768774,98950,False,False,-31.66768774
98949,2025-08-23 11:00:00+00:00,-1,1,13,49.6866452,98963,False,False,49.6866452
98962,2025-08-23 17:30:00+00:00,1,1,11,29.49108308,98974,False,False,29.49108308
98973,2025-08-23 23:00:00+00:00,-1,1,40,60.63024226,99014,False,False,60.63024226
99013,2025-08-24 19:00:00+00:00,1,1,22,-199.8429182,99015,True,False,-250
99028,2025-08-25 02:30:00+00:00,1,2,7,-101.4534909,99036,False,False,-101.4534909
99035,2025-08-25 06:00:00+00:00,-1,1,14,66.25111309,99050,False,False,66.25111309
99049,2025-08-25 13:00:00+00:00,1,1,14,-77.44989064,99064,False,False,-77.44989064
99063,2025-08-25 20:00:00+00:00,-1,1,13,76.4282875,99077,False,False,76.4282875
99076,2025-08-26 02:30:00+00:00,1,1,12,21.75773355,99089,False,False,21.75773355
99088,2025-08-26 08:30:00+00:00,-1,1,12,-8.448017441,99101,False,False,-8.448017441
99100,2025-08-26 14:30:00+00:00,1,1,22,99.38463214,99123,False,False,99.38463214
99122,2025-08-27 01:30:00+00:00,-1,1,10,1.977119337,99133,False,False,1.977119337
99132,2025-08-27 06:30:00+00:00,1,1,27,75.23527878,99160,False,False,75.23527878
99141,2025-08-27 11:00:00+00:00,1,2,18,99.38279948,99160,False,False,99.38279948
99159,2025-08-27 20:00:00+00:00,-1,1,13,40.05781172,99173,False,False,40.05781172
99172,2025-08-28 02:30:00+00:00,1,1,15,109.9078279,99188,False,False,109.9078279
99187,2025-08-28 10:00:00+00:00,-1,1,13,-15.23931033,99201,False,False,-15.23931033
99200,2025-08-28 16:30:00+00:00,1,1,68,-459.6684301,99230,True,False,-250
99214,2025-08-28 23:30:00+00:00,1,2,54,-406.6255682,99234,True,False,-250
99240,2025-08-29 12:30:00+00:00,1,3,28,-228.3394647,99257,True,False,-250
99259,2025-08-29 22:00:00+00:00,1,4,9,-58.07950439,99269,False,False,-58.07950439
99268,2025-08-30 02:30:00+00:00,-1,1,44,-97.27193487,99313,False,False,-97.27193487
99288,2025-08-30 12:30:00+00:00,-1,2,24,-34.37217789,99313,False,False,-34.37217789
99304,2025-08-30 20:30:00+00:00,-1,3,8,-9.928021842,99313,False,False,-9.928021842
99312,2025-08-31 00:30:00+00:00,1,1,9,-5.510097253,99322,False,False,-5.510097253
99321,2025-08-31 05:00:00+00:00,-1,1,10,28.30075989,99332,False,False,28.30075989
99331,2025-08-31 10:00:00+00:00,1,1,24,48.92971997,99356,False,False,48.92971997
99342,2025-08-31 15:30:00+00:00,1,2,13,44.30199037,99356,False,False,44.30199037
99355,2025-08-31 22:00:00+00:00,-1,1,17,100.8674602,99373,False,False,100.8674602
99372,2025-09-01 06:30:00+00:00,1,1,12,92.63204698,99385,False,False,92.63204698
99384,2025-09-01 12:30:00+00:00,-1,1,13,-25.42357325,99398,False,False,-25.42357325
99397,2025-09-01 19:00:00+00:00,1,1,26,93.56318261,99424,False,False,93.56318261
99423,2025-09-02 08:00:00+00:00,-1,1,13,-112.287194,99437,False,False,-112.287194
99436,2025-09-02 14:30:00+00:00,1,1,11,-61.26055018,99448,False,False,-61.26055018
99447,2025-09-02 20:00:00+00:00,-1,1,26,-19.04194643,99474,False,False,-19.04194643
99473,2025-09-03 09:00:00+00:00,1,1,10,42.69539448,99484,False,False,42.69539448
99483,2025-09-03 14:00:00+00:00,-1,1,40,57.31301517,99524,False,False,57.31301517
99495,2025-09-03 20:00:00+00:00,-1,2,28,123.4853885,99524,False,False,123.4853885
99523,2025-09-04 10:00:00+00:00,1,1,9,-79.83473758,99533,False,False,-79.83473758
99532,2025-09-04 14:30:00+00:00,-1,1,11,13.54927298,99544,False,False,13.54927298
99543,2025-09-04 20:00:00+00:00,1,1,13,136.2229102,99557,False,False,136.2229102
99556,2025-09-05 02:30:00+00:00,-1,1,35,-27.84864709,99592,False,False,-27.84864709
99575,2025-09-05 12:00:00+00:00,-1,2,16,66.65183537,99592,False,False,66.65183537
99591,2025-09-05 20:00:00+00:00,1,1,9,-83.40350814,99601,False,False,-83.40350814
99600,2025-09-06 00:30:00+00:00,-1,1,17,-24.12033064,99618,False,False,-24.12033064
99617,2025-09-06 09:00:00+00:00,1,1,14,-49.92700204,99632,False,False,-49.92700204
99631,2025-09-06 16:00:00+00:00,-1,1,12,15.57858126,99644,False,False,15.57858126
99643,2025-09-06 22:00:00+00:00,1,1,15,43.72437316,99659,False,False,43.72437316
99658,2025-09-07 05:30:00+00:00,-1,1,30,-44.79849708,99689,False,False,-44.79849708
99675,2025-09-07 14:00:00+00:00,-1,2,13,0.8990865281,99689,False,False,0.8990865281
99688,2025-09-07 20:30:00+00:00,1,1,9,-34.07844336,99698,False,False,-34.07844336
99697,2025-09-08 01:00:00+00:00,-1,1,11,-29.23264312,99709,False,False,-29.23264312
99708,2025-09-08 06:30:00+00:00,1,1,16,97.87781466,99725,False,False,97.87781466
99724,2025-09-08 14:30:00+00:00,-1,1,18,8.730745588,99743,False,False,8.730745588
99742,2025-09-08 23:30:00+00:00,1,1,24,50.55774015,99767,False,False,50.55774015
99753,2025-09-09 05:00:00+00:00,1,2,13,61.41321812,99767,False,False,61.41321812
99766,2025-09-09 11:30:00+00:00,-1,1,17,125.0931545,99784,False,False,125.0931545
99783,2025-09-09 20:00:00+00:00,1,1,11,-31.17531849,99795,False,False,-31.17531849
99794,2025-09-10 01:30:00+00:00,-1,1,43,-267.576312,99818,True,False,-250
99815,2025-09-10 12:00:00+00:00,-1,2,22,-145.9626499,99838,False,False,-145.9626499
99828,2025-09-10 18:30:00+00:00,-1,3,9,-46.29507156,99838,False,False,-46.29507156
99837,2025-09-10 23:00:00+00:00,1,1,18,15.09725441,99856,False,False,15.09725441
99855,2025-09-11 08:00:00+00:00,-1,1,9,-28.04557406,99865,False,False,-28.04557406
99864,2025-09-11 12:30:00+00:00,1,1,14,-3.32109771,99879,False,False,-3.32109771
99878,2025-09-11 19:30:00+00:00,-1,1,32,-67.49313703,99911,False,False,-67.49313703
99895,2025-09-12 04:00:00+00:00,-1,2,15,6.422050196,99911,False,False,6.422050196
99910,2025-09-12 11:30:00+00:00,1,1,22,93.26640846,99933,False,False,93.26640846
99932,2025-09-12 22:30:00+00:00,-1,1,15,38.88908008,99948,False,False,38.88908008
99947,2025-09-13 06:00:00+00:00,1,1,13,15.37451631,99961,False,False,15.37451631
99960,2025-09-13 12:30:00+00:00,-1,1,15,9.055315039,99976,False,False,9.055315039
99975,2025-09-13 20:00:00+00:00,1,1,11,1.640065948,99987,False,False,1.640065948
99986,2025-09-14 01:30:00+00:00,-1,1,11,6.127662513,99998,False,False,6.127662513
99997,2025-09-14 07:00:00+00:00,1,1,11,6.822283824,100009,False,False,6.822283824
100008,2025-09-14 12:30:00+00:00,-1,1,12,31.84438538,100021,False,False,31.84438538
100020,2025-09-14 18:30:00+00:00,1,1,12,-21.64370991,100033,False,False,-21.64370991
100032,2025-09-15 00:30:00+00:00,-1,1,9,-72.79384332,100042,False,False,-72.79384332
100041,2025-09-15 05:00:00+00:00,1,1,9,-84.24062845,100051,False,False,-84.24062845
100050,2025-09-15 09:30:00+00:00,-1,1,13,21.02190796,100064,False,False,21.02190796
100063,2025-09-15 16:00:00+00:00,1,1,15,54.05828894,100079,False,False,54.05828894
100078,2025-09-15 23:30:00+00:00,-1,1,11,-2.943799406,100090,False,False,-2.943799406
100089,2025-09-16 05:00:00+00:00,1,1,11,0.7790116938,100101,False,False,0.7790116938
100100,2025-09-16 10:30:00+00:00,-1,1,12,-30.63873983,100113,False,False,-30.63873983
100112,2025-09-16 16:30:00+00:00,1,1,13,85.68174366,100126,False,False,85.68174366
100125,2025-09-16 23:00:00+00:00,-1,1,14,-22.58591631,100140,False,False,-22.58591631
100139,2025-09-17 06:00:00+00:00,1,1,9,-60.77626311,100149,False,False,-60.77626311
100148,2025-09-17 10:30:00+00:00,-1,1,15,63.38082601,100164,False,False,63.38082601
100163,2025-09-17 18:00:00+00:00,1,1,26,123.2487187,100190,False,False,123.2487187
100189,2025-09-18 07:00:00+00:00,-1,1,12,-3.927360899,100202,False,False,-3.927360899
100201,2025-09-18 13:00:00+00:00,1,1,13,29.10226759,100215,False,False,29.10226759
100214,2025-09-18 19:30:00+00:00,-1,1,13,17.35963375,100228,False,False,17.35963375
100227,2025-09-19 02:00:00+00:00,1,1,52,-153.269116,100280,False,False,-153.269116
100242,2025-09-19 09:30:00+00:00,1,2,37,-117.3813353,100280,False,False,-117.3813353
100268,2025-09-19 22:30:00+00:00,1,3,11,-13.0551689,100280,False,False,-13.0551689
100279,2025-09-20 04:00:00+00:00,-1,1,38,-29.95359789,100318,False,False,-29.95359789
100294,2025-09-20 11:30:00+00:00,-1,2,23,-0.517902151,100318,False,False,-0.517902151
100307,2025-09-20 18:00:00+00:00,-1,3,10,3.710062899,100318,False,False,3.710062899
100317,2025-09-20 23:00:00+00:00,1,1,21,-27.87895527,100339,False,False,-27.87895527
100327,2025-09-21 04:00:00+00:00,1,2,11,-16.15941653,100339,False,False,-16.15941653
100338,2025-09-21 09:30:00+00:00,-1,1,19,-5.626000779,100358,False,False,-5.626000779
100357,2025-09-21 19:00:00+00:00,1,1,45,-270.7612457,100380,True,False,-250
100392,2025-09-22 12:30:00+00:00,1,2,10,-16.51043886,100403,False,False,-16.51043886
100402,2025-09-22 17:30:00+00:00,-1,1,10,-23.82857651,100413,False,False,-23.82857651
100412,2025-09-22 22:30:00+00:00,1,1,8,-54.81736415,100421,False,False,-54.81736415
100420,2025-09-23 02:30:00+00:00,-1,1,7,-54.76275419,100428,False,False,-54.76275419
100427,2025-09-23 06:00:00+00:00,1,1,11,17.03124168,100439,False,False,17.03124168
100438,2025-09-23 11:30:00+00:00,-1,1,23,65.17542461,100462,False,False,65.17542461
100461,2025-09-23 23:00:00+00:00,1,1,10,-41.71494786,100472,False,False,-41.71494786
100471,2025-09-24 04:00:00+00:00,-1,1,59,-33.74447289,100531,False,False,-33.74447289
100503,2025-09-24 20:00:00+00:00,-1,2,27,120.9119511,100531,False,False,120.9119511
100530,2025-09-25 09:30:00+00:00,1,1,40,-221.5898447,100547,True,False,-250
100558,2025-09-25 23:30:00+00:00,1,2,12,12.42247372,100571,False,False,12.42247372
100570,2025-09-26 05:30:00+00:00,-1,1,8,-10.3088081,100579,False,False,-10.3088081
100578,2025-09-26 09:30:00+00:00,1,1,22,-46.2962963,100601,False,False,-46.2962963
100587,2025-09-26 14:00:00+00:00,1,2,13,-44.11871946,100601,False,False,-44.11871946
100600,2025-09-26 20:30:00+00:00,-1,1,9,-44.8635781,100610,False,False,-44.8635781
100609,2025-09-27 01:00:00+00:00,1,1,13,-14.49275362,100623,False,False,-14.49275362
100622,2025-09-27 07:30:00+00:00,-1,1,10,21.90760468,100633,False,False,21.90760468
100632,2025-09-27 12:30:00+00:00,1,1,12,14.08824364,100645,False,False,14.08824364
100644,2025-09-27 18:30:00+00:00,-1,1,27,-8.404512858,100672,False,False,-8.404512858
100660,2025-09-28 02:30:00+00:00,-1,2,11,-2.191120484,100672,False,False,-2.191120484
100671,2025-09-28 08:00:00+00:00,1,1,8,-12.87001287,100680,False,False,-12.87001287
100679,2025-09-28 12:00:00+00:00,-1,1,43,-253.984792,100702,True,False,-250
100711,2025-09-29 04:00:00+00:00,-1,2,11,-26.00443237,100723,False,False,-26.00443237
100722,2025-09-29 09:30:00+00:00,1,1,23,188.4219439,100746,False,False,188.4219439
100745,2025-09-29 21:00:00+00:00,-1,1,9,-32.54336929,100755,False,False,-32.54336929
100754,2025-09-30 01:30:00+00:00,1,1,45,-52.49343832,100800,False,False,-52.49343832
100778,2025-09-30 13:30:00+00:00,1,2,21,63.07116898,100800,False,False,63.07116898
100799,2025-10-01 00:00:00+00:00,-1,1,9,-46.45903278,100809,False,False,-46.45903278
100808,2025-10-01 04:30:00+00:00,1,1,27,194.4000907,100836,False,False,194.4000907
100835,2025-10-01 18:00:00+00:00,-1,1,8,-68.04351361,100844,False,False,-68.04351361
100843,2025-10-01 22:00:00+00:00,1,1,14,93.42695865,100858,False,False,93.42695865
100857,2025-10-02 05:00:00+00:00,-1,1,10,-16.25523242,100868,False,False,-16.25523242
100867,2025-10-02 10:00:00+00:00,1,1,25,126.2150617,100893,False,False,126.2150617
100892,2025-10-02 22:30:00+00:00,-1,1,12,9.051276728,100905,False,False,9.051276728
100904,2025-10-03 04:30:00+00:00,1,1,34,171.9638286,100939,False,False,171.9638286
100938,2025-10-03 21:30:00+00:00,-1,1,14,-1.797605916,100953,False,False,-1.797605916
100952,2025-10-04 04:30:00+00:00,1,1,9,-5.065069808,100962,False,False,-5.065069808
100961,2025-10-04 09:00:00+00:00,-1,1,11,-3.923331562,100973,False,False,-3.923331562
100972,2025-10-04 14:30:00+00:00,1,1,38,133.4226631,101011,False,False,133.4226631
100984,2025-10-04 20:30:00+00:00,1,2,26,154.9949645,101011,False,False,154.9949645
101010,2025-10-05 09:30:00+00:00,-1,1,13,95.54448261,101024,False,False,95.54448261
101023,2025-10-05 16:00:00+00:00,1,1,9,-4.477332487,101033,False,False,-4.477332487
101032,2025-10-05 20:30:00+00:00,-1,1,28,-110.5174857,101061,False,False,-110.5174857
101050,2025-10-06 05:30:00+00:00,-1,2,10,-39.95179904,101061,False,False,-39.95179904
101060,2025-10-06 10:30:00+00:00,1,1,20,83.69380473,101081,False,False,83.69380473
101080,2025-10-06 20:30:00+00:00,-1,1,18,50.32672429,101099,False,False,50.32672429
101098,2025-10-07 05:30:00+00:00,1,1,19,-134.5622712,101118,False,False,-134.5622712
101108,2025-10-07 10:30:00+00:00,1,2,9,-120.2048709,101118,False,False,-120.2048709
101117,2025-10-07 15:00:00+00:00,-1,1,13,46.14408021,101131,False,False,46.14408021
101130,2025-10-07 21:30:00+00:00,1,1,12,-65.08106517,101143,False,False,-65.08106517
101142,2025-10-08 03:30:00+00:00,-1,1,10,-37.36225754,101153,False,False,-37.36225754
101152,2025-10-08 08:30:00+00:00,1,1,12,54.44095534,101165,False,False,54.44095534
101164,2025-10-08 14:30:00+00:00,-1,1,32,41.91436097,101197,False,False,41.91436097
101180,2025-10-08 22:30:00+00:00,-1,2,16,99.31734527,101197,False,False,99.31734527
101196,2025-10-09 06:30:00+00:00,1,1,17,-60.67951227,101214,False,False,-60.67951227
101213,2025-10-09 15:00:00+00:00,-1,1,12,16.3129449,101226,False,False,16.3129449
101225,2025-10-09 21:00:00+00:00,1,1,12,-4.291207975,101238,False,False,-4.291207975
101237,2025-10-10 03:00:00+00:00,-1,1,11,-16.75940756,101249,False,False,-16.75940756
101248,2025-10-10 08:30:00+00:00,1,1,47,-891.0483067,101265,True,False,-250
101285,2025-10-11 03:00:00+00:00,1,2,10,-248.2109926,101295,True,False,-250
101295,2025-10-11 08:00:00+00:00,-1,1,7,-173.0034926,101303,False,False,-173.0034926
101302,2025-10-11 11:30:00+00:00,1,1,9,-45.3615583,101312,False,False,-45.3615583
101311,2025-10-11 16:00:00+00:00,-1,1,16,102.8413152,101328,False,False,102.8413152
101327,2025-10-12 00:00:00+00:00,1,1,19,61.47929475,101347,False,False,61.47929475
101346,2025-10-12 09:30:00+00:00,-1,1,11,-84.43248093,101358,False,False,-84.43248093
101357,2025-10-12 15:00:00+00:00,1,1,16,262.0316573,101374,False,False,262.0316573
101373,2025-10-12 23:00:00+00:00,-1,1,17,-20.02843865,101391,False,False,-20.02843865
101390,2025-10-13 07:30:00+00:00,1,1,7,-56.24442964,101398,False,False,-56.24442964
101397,2025-10-13 11:00:00+00:00,-1,1,12,13.74905366,101410,False,False,13.74905366
101409,2025-10-13 17:00:00+00:00,1,1,13,63.17587292,101423,False,False,63.17587292
101422,2025-10-13 23:30:00+00:00,-1,1,21,355.8934571,101444,False,False,355.8934571
101443,2025-10-14 10:00:00+00:00,1,1,23,148.418841,101467,False,False,148.418841
101466,2025-10-14 21:30:00+00:00,-1,1,20,54.50025215,101487,False,False,54.50025215
101486,2025-10-15 07:30:00+00:00,1,1,8,-24.99755362,101495,False,False,-24.99755362
101494,2025-10-15 11:30:00+00:00,-1,1,15,56.89824311,101510,False,False,56.89824311
101509,2025-10-15 19:00:00+00:00,1,1,8,-70.04986905,101518,False,False,-70.04986905
101517,2025-10-15 23:00:00+00:00,-1,1,8,-77.04744786,101526,False,False,-77.04744786
101525,2025-10-16 03:00:00+00:00,1,1,7,-19.80925747,101533,False,False,-19.80925747
101532,2025-10-16 06:30:00+00:00,-1,1,9,-13.29225906,101542,False,False,-13.29225906
101541,2025-10-16 11:00:00+00:00,1,1,8,-81.62093801,101550,False,False,-81.62093801
101549,2025-10-16 15:00:00+00:00,-1,1,15,233.8557257,101565,False,False,233.8557257
101564,2025-10-16 22:30:00+00:00,1,1,14,78.89254132,101579,False,False,78.89254132
101578,2025-10-17 05:30:00+00:00,-1,1,15,309.6089006,101594,False,False,309.6089006
101593,2025-10-17 13:00:00+00:00,1,1,14,94.33336178,101608,False,False,94.33336178
101607,2025-10-17 20:00:00+00:00,-1,1,12,-69.40791945,101620,False,False,-69.40791945
101619,2025-10-18 02:00:00+00:00,1,1,25,-24.62433892,101645,False,False,-24.62433892
101644,2025-10-18 14:30:00+00:00,-1,1,10,-6.825810916,101655,False,False,-6.825810916
101654,2025-10-18 19:30:00+00:00,1,1,10,9.344047842,101665,False,False,9.344047842
101664,2025-10-19 00:30:00+00:00,-1,1,8,1.587005228,101673,False,False,1.587005228
101672,2025-10-19 04:30:00+00:00,1,1,33,168.4359915,101706,False,False,168.4359915
101684,2025-10-19 10:30:00+00:00,1,2,21,101.8467846,101706,False,False,101.8467846
101705,2025-10-19 21:00:00+00:00,-1,1,14,-115.6032211,101720,False,False,-115.6032211
101719,2025-10-20 04:00:00+00:00,1,1,14,56.27870668,101734,False,False,56.27870668
101733,2025-10-20 11:00:00+00:00,-1,1,10,-35.83485278,101744,False,False,-35.83485278
101743,2025-10-20 16:00:00+00:00,1,1,14,-32.64887618,101758,False,False,-32.64887618
101757,2025-10-20 23:00:00+00:00,-1,1,21,273.7772965,101779,False,False,273.7772965
101778,2025-10-21 09:30:00+00:00,1,1,21,375.558978,101800,False,False,375.558978
101799,2025-10-21 20:00:00+00:00,-1,1,15,324.1411378,101815,False,False,324.1411378
101814,2025-10-22 03:30:00+00:00,1,1,11,6.65379035,101826,False,False,6.65379035
101825,2025-10-22 09:00:00+00:00,-1,1,10,-51.99434804,101836,False,False,-51.99434804
101835,2025-10-22 14:00:00+00:00,1,1,8,-96.74396384,101844,False,False,-96.74396384
101843,2025-10-22 18:00:00+00:00,-1,1,13,17.81224778,101857,False,False,17.81224778
101856,2025-10-23 00:30:00+00:00,1,1,18,171.5629327,101875,False,False,171.5629327
101874,2025-10-23 09:30:00+00:00,-1,1,11,-18.63949929,101886,False,False,-18.63949929
101885,2025-10-23 15:00:00+00:00,1,1,12,-8.025608989,101898,False,False,-8.025608989
101897,2025-10-23 21:00:00+00:00,-1,1,9,-66.17318206,101907,False,False,-66.17318206
101906,2025-10-24 01:30:00+00:00,1,1,15,75.80291243,101922,False,False,75.80291243
101921,2025-10-24 09:00:00+00:00,-1,1,20,44.09567862,101942,False,False,44.09567862
101941,2025-10-24 19:00:00+00:00,1,1,12,15.72781835,101954,False,False,15.72781835
101953,2025-10-25 01:00:00+00:00,-1,1,9,-36.36987167,101963,False,False,-36.36987167
101962,2025-10-25 05:30:00+00:00,1,1,12,39.74498467,101975,False,False,39.74498467
101974,2025-10-25 11:30:00+00:00,-1,1,15,-5.194758668,101990,False,False,-5.194758668
101989,2025-10-25 19:00:00+00:00,1,1,16,-20.85776437,102006,False,False,-20.85776437
102005,2025-10-26 03:00:00+00:00,-1,1,8,-15.07050845,102014,False,False,-15.07050845
102013,2025-10-26 07:00:00+00:00,1,1,20,167.0488338,102034,False,False,167.0488338
102033,2025-10-26 17:00:00+00:00,-1,1,12,-103.6041195,102046,False,False,-103.6041195
102045,2025-10-26 23:00:00+00:00,1,1,14,76.29594106,102060,False,False,76.29594106
102059,2025-10-27 06:00:00+00:00,-1,1,15,34.61405331,102075,False,False,34.61405331
102074,2025-10-27 13:30:00+00:00,1,1,13,-19.45119833,102088,False,False,-19.45119833
102087,2025-10-27 20:00:00+00:00,-1,1,13,71.08303752,102101,False,False,71.08303752
102100,2025-10-28 02:30:00+00:00,1,1,21,29.35532208,102122,False,False,29.35532208
102121,2025-10-28 13:00:00+00:00,-1,1,27,152.8124836,102149,False,False,152.8124836
102133,2025-10-28 19:00:00+00:00,-1,2,15,202.8025522,102149,False,False,202.8025522
102148,2025-10-29 02:30:00+00:00,1,1,14,21.73816601,102163,False,False,21.73816601
102162,2025-10-29 09:30:00+00:00,-1,1,24,123.1518371,102187,False,False,123.1518371
102186,2025-10-29 21:30:00+00:00,1,1,28,-145.6628331,102200,True,False,-250
102206,2025-10-30 07:30:00+00:00,1,2,8,-120.6010281,102215,False,False,-120.6010281
102214,2025-10-30 11:30:00+00:00,-1,1,16,268.6157149,102231,False,False,268.6157149
102230,2025-10-30 19:30:00+00:00,1,1,19,287.0603191,102250,False,False,287.0603191
102249,2025-10-31 05:00:00+00:00,-1,1,11,20.80834515,102261,False,False,20.80834515
102260,2025-10-31 10:30:00+00:00,1,1,13,-95.60838804,102274,False,False,-95.60838804
102273,2025-10-31 17:00:00+00:00,-1,1,8,-59.57360742,102282,False,False,-59.57360742
102281,2025-10-31 21:00:00+00:00,1,1,20,47.34009011,102302,False,False,47.34009011
102301,2025-11-01 07:00:00+00:00,-1,1,12,-1.364392982,102314,False,False,-1.364392982
102313,2025-11-01 13:00:00+00:00,1,1,17,32.01338742,102331,False,False,32.01338742
102330,2025-11-01 21:30:00+00:00,-1,1,11,30.09809077,102342,False,False,30.09809077
102341,2025-11-02 03:00:00+00:00,1,1,16,44.28319421,102358,False,False,44.28319421
102357,2025-11-02 11:00:00+00:00,-1,1,17,43.90689927,102375,False,False,43.90689927
102374,2025-11-02 19:30:00+00:00,1,1,12,-29.91561795,102387,False,False,-29.91561795
102386,2025-11-03 01:30:00+00:00,-1,1,17,226.0891771,102404,False,False,226.0891771
102403,2025-11-03 10:00:00+00:00,1,1,12,-133.9952225,102416,False,False,-133.9952225
102415,2025-11-03 16:00:00+00:00,-1,1,12,-107.346877,102428,False,False,-107.346877
102427,2025-11-03 22:00:00+00:00,1,1,15,-115.189909,102443,False,False,-115.189909
102442,2025-11-04 05:30:00+00:00,-1,1,14,147.4875989,102457,False,False,147.4875989
102456,2025-11-04 12:30:00+00:00,1,1,9,-181.1141644,102466,False,False,-181.1141644
102465,2025-11-04 17:00:00+00:00,-1,1,13,96.38624955,102479,False,False,96.38624955
102478,2025-11-04 23:30:00+00:00,1,1,15,88.8269702,102494,False,False,88.8269702
102493,2025-11-05 07:00:00+00:00,-1,1,11,-39.56633727,102505,False,False,-39.56633727
102504,2025-11-05 12:30:00+00:00,1,1,16,146.0331086,102521,False,False,146.0331086
102520,2025-11-05 20:30:00+00:00,-1,1,15,36.43950465,102536,False,False,36.43950465
102535,2025-11-06 04:00:00+00:00,1,1,7,-20.26459775,102543,False,False,-20.26459775
102542,2025-11-06 07:30:00+00:00,-1,1,12,-0.8702462797,102555,False,False,-0.8702462797
102554,2025-11-06 13:30:00+00:00,1,1,36,-158.4677263,102561,True,False,-250
102573,2025-11-06 23:00:00+00:00,1,2,17,41.43278517,102591,False,False,41.43278517
102590,2025-11-07 07:30:00+00:00,-1,1,16,83.89904607,102607,False,False,83.89904607
102606,2025-11-07 15:30:00+00:00,1,1,16,241.4425125,102623,False,False,241.4425125
102622,2025-11-07 23:30:00+00:00,-1,1,14,104.2835584,102637,False,False,104.2835584
102636,2025-11-08 06:30:00+00:00,1,1,12,-32.94425871,102649,False,False,-32.94425871
102648,2025-11-08 12:30:00+00:00,-1,1,11,-0.9808056337,102660,False,False,-0.9808056337
102659,2025-11-08 18:00:00+00:00,1,1,13,-21.67367874,102673,False,False,-21.67367874
102672,2025-11-09 00:30:00+00:00,-1,1,10,-22.60531127,102683,False,False,-22.60531127
102682,2025-11-09 05:30:00+00:00,1,1,11,-10.68878952,102694,False,False,-10.68878952
102693,2025-11-09 11:00:00+00:00,-1,1,54,-458.2445738,102709,True,False,-250
102716,2025-11-09 22:30:00+00:00,-1,2,31,-212.4253492,102748,False,False,-212.4253492
102734,2025-11-10 07:30:00+00:00,-1,3,13,-19.84500207,102748,False,False,-19.84500207
102747,2025-11-10 14:00:00+00:00,1,1,30,-76.59454639,102778,False,False,-76.59454639
102757,2025-11-10 19:00:00+00:00,1,2,20,25.50972025,102778,False,False,25.50972025
102777,2025-11-11 05:00:00+00:00,-1,1,12,51.6463455,102790,False,False,51.6463455
102789,2025-11-11 11:00:00+00:00,1,1,37,-174.3793559,102811,True,False,-250
102813,2025-11-11 23:00:00+00:00,1,2,13,37.49283654,102827,False,False,37.49283654
102826,2025-11-12 05:30:00+00:00,-1,1,33,139.443966,102860,False,False,139.443966
102845,2025-11-12 15:00:00+00:00,-1,2,14,200.6077858,102860,False,False,200.6077858
102859,2025-11-12 22:00:00+00:00,1,1,13,21.59021767,102873,False,False,21.59021767
102872,2025-11-13 04:30:00+00:00,-1,1,37,227.3840067,102910,False,False,227.3840067
102885,2025-11-13 11:00:00+00:00,-1,2,24,307.209666,102910,False,False,307.209666
102909,2025-11-13 23:00:00+00:00,1,1,11,-87.47845605,102921,False,False,-87.47845605
102920,2025-11-14 04:30:00+00:00,-1,1,13,225.8322129,102934,False,False,225.8322129
102933,2025-11-14 11:00:00+00:00,1,1,16,-173.9598093,102950,False,False,-173.9598093
102949,2025-11-14 19:00:00+00:00,-1,1,12,-6.315324134,102962,False,False,-6.315324134
102961,2025-11-15 01:00:00+00:00,1,1,12,103.8215154,102974,False,False,103.8215154
102973,2025-11-15 07:00:00+00:00,-1,1,12,32.58583713,102986,False,False,32.58583713
102985,2025-11-15 13:00:00+00:00,1,1,9,22.45641888,102995,False,False,22.45641888
102994,2025-11-15 17:30:00+00:00,-1,1,14,77.84818042,103009,False,False,77.84818042
103008,2025-11-16 00:30:00+00:00,1,1,14,61.2337069,103023,False,False,61.2337069
103022,2025-11-16 07:30:00+00:00,-1,1,27,182.374311,103050,False,False,182.374311
103049,2025-11-16 21:00:00+00:00,1,1,18,107.3953958,103068,False,False,107.3953958
103067,2025-11-17 06:00:00+00:00,-1,1,9,-52.07511441,103077,False,False,-52.07511441
103076,2025-11-17 10:30:00+00:00,1,1,34,-590.3715332,103088,True,False,-250
103102,2025-11-17 23:30:00+00:00,1,2,8,-202.3625308,103111,False,False,-202.3625308
103110,2025-11-18 03:30:00+00:00,-1,1,11,-134.135626,103122,False,False,-134.135626
103121,2025-11-18 09:00:00+00:00,1,1,12,16.68221478,103134,False,False,16.68221478
103133,2025-11-18 15:00:00+00:00,-1,1,35,-65.63160836,103136,True,False,-250
103145,2025-11-18 21:00:00+00:00,-1,2,23,95.30997305,103169,False,False,95.30997305
103168,2025-11-19 08:30:00+00:00,1,1,12,-88.60731936,103181,False,False,-88.60731936
103180,2025-11-19 14:30:00+00:00,-1,1,14,115.2088916,103195,False,False,115.2088916
103194,2025-11-19 21:30:00+00:00,1,1,15,318.8782596,103210,False,False,318.8782596
103209,2025-11-20 05:00:00+00:00,-1,1,13,150.8511623,103223,False,False,150.8511623
103222,2025-11-20 11:30:00+00:00,1,1,32,-642.6010145,103232,True,False,-250
103244,2025-11-20 22:30:00+00:00,1,2,10,-275.8401309,103253,True,False,-250
103254,2025-11-21 03:30:00+00:00,-1,1,21,184.3587167,103276,False,False,184.3587167
103275,2025-11-21 14:00:00+00:00,1,1,13,-65.82079604,103289,False,False,-65.82079604
103288,2025-11-21 20:30:00+00:00,-1,1,10,-160.9096246,103299,False,False,-160.9096246
103298,2025-11-22 01:30:00+00:00,1,1,37,-30.42237578,103336,False,False,-30.42237578
103310,2025-11-22 07:30:00+00:00,1,2,25,13.97607485,103336,False,False,13.97607485
103324,2025-11-22 14:30:00+00:00,1,3,11,3.786265323,103336,False,False,3.786265323
103335,2025-11-22 20:00:00+00:00,-1,1,32,-205.5637035,103352,True,False,-250
103357,2025-11-23 07:00:00+00:00,-1,2,10,-54.29969704,103368,False,False,-54.29969704
103367,2025-11-23 12:00:00+00:00,1,1,13,66.17527757,103381,False,False,66.17527757
103380,2025-11-23 18:30:00+00:00,-1,1,19,-64.47379025,103400,False,False,-64.47379025
103392,2025-11-24 00:30:00+00:00,-1,2,7,-118.2938827,103400,False,False,-118.2938827
103399,2025-11-24 04:00:00+00:00,1,1,39,133.2692726,103421,True,False,-250
103420,2025-11-24 14:30:00+00:00,1,2,18,314.7451647,103439,False,False,314.7451647
103438,2025-11-24 23:30:00+00:00,-1,1,11,31.27046127,103450,False,False,31.27046127
103449,2025-11-25 05:00:00+00:00,1,1,47,-124.34177,103469,True,False,-250
103466,2025-11-25 13:30:00+00:00,1,2,30,-43.61278243,103497,False,False,-43.61278243
103496,2025-11-26 04:30:00+00:00,-1,1,7,-80.15411607,103504,False,False,-80.15411607
103503,2025-11-26 08:00:00+00:00,1,1,31,275.1803062,103535,False,False,275.1803062
103517,2025-11-26 15:00:00+00:00,1,2,17,396.1649575,103535,False,False,396.1649575
103534,2025-11-26 23:30:00+00:00,-1,1,9,-83.25491281,103544,False,False,-83.25491281
103543,2025-11-27 04:00:00+00:00,1,1,16,33.81753901,103560,False,False,33.81753901
103559,2025-11-27 12:00:00+00:00,-1,1,10,-7.76932757,103570,False,False,-7.76932757
103569,2025-11-27 17:00:00+00:00,1,1,11,12.68369489,103581,False,False,12.68369489
103580,2025-11-27 22:30:00+00:00,-1,1,12,19.21984886,103593,False,False,19.21984886
103592,2025-11-28 04:30:00+00:00,1,1,9,30.30767211,103602,False,False,30.30767211
103601,2025-11-28 09:00:00+00:00,-1,1,27,85.19411386,103629,False,False,85.19411386
103618,2025-11-28 17:30:00+00:00,-1,2,10,-42.64910614,103629,False,False,-42.64910614
103628,2025-11-28 22:30:00+00:00,1,1,11,-20.90392994,103640,False,False,-20.90392994
103639,2025-11-29 04:00:00+00:00,-1,1,13,12.12762673,103653,False,False,12.12762673
103652,2025-11-29 10:30:00+00:00,1,1,15,-13.35658778,103668,False,False,-13.35658778
103667,2025-11-29 18:00:00+00:00,-1,1,7,-54.82419781,103675,False,False,-54.82419781
103674,2025-11-29 21:30:00+00:00,1,1,12,-27.37256368,103687,False,False,-27.37256368
103686,2025-11-30 03:30:00+00:00,-1,1,8,-27.66815847,103695,False,False,-27.66815847
103694,2025-11-30 07:30:00+00:00,1,1,17,52.43544504,103712,False,False,52.43544504
103711,2025-11-30 16:00:00+00:00,-1,1,32,535.1792315,103744,False,False,535.1792315
103743,2025-12-01 08:00:00+00:00,1,1,10,-132.1748775,103754,False,False,-132.1748775
103753,2025-12-01 13:00:00+00:00,-1,1,14,45.78025478,103768,False,False,45.78025478
103767,2025-12-01 20:00:00+00:00,1,1,13,194.5493254,103781,False,False,194.5493254
103780,2025-12-02 02:30:00+00:00,-1,1,10,-29.42160584,103791,False,False,-29.42160584
103790,2025-12-02 07:30:00+00:00,1,1,28,522.3983618,103819,False,False,522.3983618
103818,2025-12-02 21:30:00+00:00,-1,1,10,-148.3595176,103829,False,False,-148.3595176
103828,2025-12-03 02:30:00+00:00,1,1,12,11.95811428,103841,False,False,11.95811428
103840,2025-12-03 08:30:00+00:00,-1,1,11,-23.56485716,103852,False,False,-23.56485716
103851,2025-12-03 14:00:00+00:00,1,1,22,-9.124675269,103874,False,False,-9.124675269
103873,2025-12-04 01:00:00+00:00,-1,1,16,-22.5639042,103890,False,False,-22.5639042
103889,2025-12-04 09:00:00+00:00,1,1,39,-113.9591977,103910,True,False,-250
103915,2025-12-04 22:00:00+00:00,1,2,13,4.339524388,103929,False,False,4.339524388
103928,2025-12-05 04:30:00+00:00,-1,1,8,14.20577774,103937,False,False,14.20577774
103936,2025-12-05 08:30:00+00:00,1,1,38,-274.5289678,103952,True,False,-250
103961,2025-12-05 21:00:00+00:00,1,2,13,25.29916826,103975,False,False,25.29916826
103974,2025-12-06 03:30:00+00:00,-1,1,16,-3.461482631,103991,False,False,-3.461482631
103983,2025-12-06 08:00:00+00:00,-1,2,7,2.343514602,103991,False,False,2.343514602
103990,2025-12-06 11:30:00+00:00,1,1,13,15.62709291,104004,False,False,15.62709291
104003,2025-12-06 18:00:00+00:00,-1,1,15,28.9764622,104019,False,False,28.9764622
104018,2025-12-07 01:30:00+00:00,1,1,11,27.38409264,104030,False,False,27.38409264
104029,2025-12-07 07:00:00+00:00,-1,1,12,25.41437696,104042,False,False,25.41437696
104041,2025-12-07 13:00:00+00:00,1,1,20,13.18656758,104062,False,False,13.18656758
104061,2025-12-07 23:00:00+00:00,-1,1,10,-165.0614377,104072,False,False,-165.0614377
104071,2025-12-08 04:00:00+00:00,1,1,16,97.82393887,104088,False,False,97.82393887
104087,2025-12-08 12:00:00+00:00,-1,1,17,162.6564318,104105,False,False,162.6564318
104104,2025-12-08 20:30:00+00:00,1,1,10,-26.52607845,104115,False,False,-26.52607845
104114,2025-12-09 01:30:00+00:00,-1,1,12,-13.96323016,104127,False,False,-13.96323016
104126,2025-12-09 07:30:00+00:00,1,1,10,22.46494694,104137,False,False,22.46494694
104136,2025-12-09 12:30:00+00:00,-1,1,31,-204.2709184,104143,True,False,-250
104155,2025-12-09 22:00:00+00:00,-1,2,12,26.54809954,104168,False,False,26.54809954
104167,2025-12-10 04:00:00+00:00,1,1,11,8.115477839,104179,False,False,8.115477839
104178,2025-12-10 09:30:00+00:00,-1,1,13,45.73417954,104192,False,False,45.73417954
104191,2025-12-10 16:00:00+00:00,1,1,13,31.17261155,104205,False,False,31.17261155
104204,2025-12-10 22:30:00+00:00,-1,1,16,242.4340859,104221,False,False,242.4340859
104220,2025-12-11 06:30:00+00:00,1,1,12,22.41555329,104233,False,False,22.41555329
104232,2025-12-11 12:30:00+00:00,-1,1,12,-4.760955734,104245,False,False,-4.760955734
104244,2025-12-11 18:30:00+00:00,1,1,14,192.6716172,104259,False,False,192.6716172
104258,2025-12-12 01:30:00+00:00,-1,1,12,-31.37825454,104271,False,False,-31.37825454
104270,2025-12-12 07:30:00+00:00,1,1,11,3.463540821,104282,False,False,3.463540821
104281,2025-12-12 13:00:00+00:00,-1,1,17,242.0393192,104299,False,False,242.0393192
104298,2025-12-12 21:30:00+00:00,1,1,11,5.876743619,104310,False,False,5.876743619
104309,2025-12-13 03:00:00+00:00,-1,1,10,-12.41148506,104320,False,False,-12.41148506
104319,2025-12-13 08:00:00+00:00,1,1,9,0.1106794612,104329,False,False,0.1106794612
104328,2025-12-13 12:30:00+00:00,-1,1,12,19.36869134,104341,False,False,19.36869134
104340,2025-12-13 18:30:00+00:00,1,1,9,-4.657506903,104350,False,False,-4.657506903
104349,2025-12-13 23:00:00+00:00,-1,1,20,-0,104370,False,False,-0
104359,2025-12-14 04:00:00+00:00,-1,2,10,15.50816948,104370,False,False,15.50816948
104369,2025-12-14 09:00:00+00:00,1,1,48,-38.83064292,104399,True,False,-250
104391,2025-12-14 20:00:00+00:00,1,2,26,126.8892398,104418,False,False,126.8892398
104403,2025-12-15 02:00:00+00:00,1,3,14,58.70424934,104418,False,False,58.70424934
104417,2025-12-15 09:00:00+00:00,-1,1,27,422.899148,104445,False,False,422.899148
104444,2025-12-15 22:30:00+00:00,1,1,10,-35.70265618,104455,False,False,-35.70265618
104454,2025-12-16 03:30:00+00:00,-1,1,8,-61.9740666,104463,False,False,-61.9740666
104462,2025-12-16 07:30:00+00:00,1,1,16,107.7576207,104479,False,False,107.7576207
104478,2025-12-16 15:30:00+00:00,-1,1,35,89.16583468,104514,False,False,89.16583468
104497,2025-12-17 01:00:00+00:00,-1,2,16,131.2947791,104514,False,False,131.2947791
104513,2025-12-17 09:00:00+00:00,1,1,17,55.23134639,104531,False,False,55.23134639
104530,2025-12-17 17:30:00+00:00,-1,1,13,72.20091892,104544,False,False,72.20091892
104543,2025-12-18 00:00:00+00:00,1,1,13,25.51789733,104557,False,False,25.51789733
104556,2025-12-18 06:30:00+00:00,-1,1,35,112.8028322,104571,True,False,-250
104578,2025-12-18 17:30:00+00:00,-1,2,13,37.07287501,104592,False,False,37.07287501
104591,2025-12-19 00:00:00+00:00,1,1,18,302.367217,104610,False,False,302.367217
104609,2025-12-19 09:00:00+00:00,-1,1,13,-11.47166725,104623,False,False,-11.47166725
104622,2025-12-19 15:30:00+00:00,1,1,22,-7.374296606,104645,False,False,-7.374296606
104633,2025-12-19 21:00:00+00:00,1,2,11,4.543440975,104645,False,False,4.543440975
104644,2025-12-20 02:30:00+00:00,-1,1,27,-7.152669762,104672,False,False,-7.152669762
104671,2025-12-20 16:00:00+00:00,1,1,13,4.878491525,104685,False,False,4.878491525
104684,2025-12-20 22:30:00+00:00,-1,1,15,8.504847763,104700,False,False,8.504847763
104699,2025-12-21 06:00:00+00:00,1,1,15,7.490636704,104715,False,False,7.490636704
104714,2025-12-21 13:30:00+00:00,-1,1,11,-26.53783342,104726,False,False,-26.53783342
104725,2025-12-21 19:00:00+00:00,1,1,16,4.637484447,104742,False,False,4.637484447
104741,2025-12-22 03:00:00+00:00,-1,1,42,-11.64486552,104784,False,False,-11.64486552
104766,2025-12-22 15:30:00+00:00,-1,2,17,113.9826961,104784,False,False,113.9826961
104783,2025-12-23 00:00:00+00:00,1,1,9,-40.31438444,104793,False,False,-40.31438444
104792,2025-12-23 04:30:00+00:00,-1,1,13,73.58526934,104806,False,False,73.58526934
104805,2025-12-23 11:00:00+00:00,1,1,9,-36.55137753,104815,False,False,-36.55137753
104814,2025-12-23 15:30:00+00:00,-1,1,22,-15.13275554,104837,False,False,-15.13275554
104836,2025-12-24 02:30:00+00:00,1,1,26,-66.16300366,104863,False,False,-66.16300366
104853,2025-12-24 11:00:00+00:00,1,2,9,-27.57923284,104863,False,False,-27.57923284
104862,2025-12-24 15:30:00+00:00,-1,1,31,-114.6551128,104894,False,False,-114.6551128
104881,2025-12-25 01:00:00+00:00,-1,2,12,-31.31321212,104894,False,False,-31.31321212
104893,2025-12-25 07:00:00+00:00,1,1,27,-8.088679267,104921,False,False,-8.088679267
104906,2025-12-25 13:30:00+00:00,1,2,14,30.30614929,104921,False,False,30.30614929
104920,2025-12-25 20:30:00+00:00,-1,1,13,-158.826078,104934,False,False,-158.826078
104933,2025-12-26 03:00:00+00:00,1,1,13,-47.13857619,104947,False,False,-47.13857619
104946,2025-12-26 09:30:00+00:00,-1,1,22,128.6663133,104969,False,False,128.6663133
104968,2025-12-26 20:30:00+00:00,1,1,10,-24.78923439,104979,False,False,-24.78923439
104978,2025-12-27 01:30:00+00:00,-1,1,10,-8.703519199,104989,False,False,-8.703519199
104988,2025-12-27 06:30:00+00:00,1,1,10,5.606599769,104999,False,False,5.606599769
104998,2025-12-27 11:30:00+00:00,-1,1,8,-4.002470096,105007,False,False,-4.002470096
105006,2025-12-27 15:30:00+00:00,1,1,25,22.06193345,105032,False,False,22.06193345
105031,2025-12-28 04:00:00+00:00,-1,1,9,-4.904532701,105041,False,False,-4.904532701
105040,2025-12-28 08:30:00+00:00,1,1,10,6.270164278,105051,False,False,6.270164278
105050,2025-12-28 13:30:00+00:00,-1,1,19,-5.810509046,105070,False,False,-5.810509046
105069,2025-12-28 23:00:00+00:00,1,1,20,183.8926022,105090,False,False,183.8926022
105089,2025-12-29 09:00:00+00:00,-1,1,14,208.188913,105104,False,False,208.188913
105103,2025-12-29 16:00:00+00:00,1,1,11,-46.58810633,105115,False,False,-46.58810633
105114,2025-12-29 21:30:00+00:00,-1,1,11,21.56754772,105126,False,False,21.56754772
105125,2025-12-30 03:00:00+00:00,1,1,32,143.2513221,105158,False,False,143.2513221
105157,2025-12-30 19:00:00+00:00,-1,1,10,-18.58862467,105168,False,False,-18.58862467
105167,2025-12-31 00:00:00+00:00,1,1,10,-17.98846023,105178,False,False,-17.98846023
105177,2025-12-31 05:00:00+00:00,-1,1,8,-10.65385182,105186,False,False,-10.65385182
105185,2025-12-31 09:00:00+00:00,1,1,12,5.208038494,105198,False,False,5.208038494
105197,2025-12-31 15:00:00+00:00,-1,1,14,81.47469192,105212,False,False,81.47469192
