jour,sans_stop,stop_2_5
2020-01-13 00:00:00+00:00,1.0051001,1.0051001
2020-01-14 00:00:00+00:00,0.9216188,0.94704231
2020-01-15 00:00:00+00:00,0.95059315,0.97681594
2020-01-16 00:00:00+00:00,0.9235041,0.94897962
2020-01-17 00:00:00+00:00,0.9109117,0.93688505
2020-01-18 00:00:00+00:00,0.90978675,0.93572802
2020-01-19 00:00:00+00:00,0.96547469,0.99300382
2020-01-20 00:00:00+00:00,0.97277184,1.000509
2020-01-21 00:00:00+00:00,0.95693162,0.98421716
2020-01-22 00:00:00+00:00,0.94085586,0.96768302
2020-01-23 00:00:00+00:00,0.91844453,0.95362243
2020-01-24 00:00:00+00:00,0.96195339,0.99881549
2020-01-25 00:00:00+00:00,0.97986685,1.0174154
2020-01-26 00:00:00+00:00,0.96956545,1.0067192
2020-01-27 00:00:00+00:00,0.99029976,1.0242289
2020-01-28 00:00:00+00:00,0.96904073,1.0022415
2020-01-29 00:00:00+00:00,0.97813996,1.0116525
2020-01-30 00:00:00+00:00,0.99607089,1.0301977
2020-01-31 00:00:00+00:00,1.0060438,1.0405124
2020-02-01 00:00:00+00:00,1.0166527,1.0514847
2020-02-02 00:00:00+00:00,1.0224527,1.0574834
2020-02-03 00:00:00+00:00,1.0145706,1.0493313
2020-02-04 00:00:00+00:00,0.9976162,1.0322365
2020-02-05 00:00:00+00:00,0.95408054,1.0047734
2020-02-06 00:00:00+00:00,0.94744344,0.99750152
2020-02-07 00:00:00+00:00,0.93466075,0.98404346
2020-02-08 00:00:00+00:00,0.92004558,0.96865609
2020-02-09 00:00:00+00:00,0.9030571,0.9522569
2020-02-10 00:00:00+00:00,0.91771692,0.9677154
2020-02-11 00:00:00+00:00,0.95572668,1.007796
2020-02-12 00:00:00+00:00,0.93872641,0.98986952
2020-02-13 00:00:00+00:00,0.94493693,0.9964184
2020-02-14 00:00:00+00:00,0.9327483,0.98356571
2020-02-15 00:00:00+00:00,0.97319,1.0262107
2020-02-16 00:00:00+00:00,0.98796226,1.0292553
2020-02-17 00:00:00+00:00,0.95069525,0.9769708
2020-02-18 00:00:00+00:00,0.9663898,0.99076633
2020-02-19 00:00:00+00:00,0.98640095,1.0112822
2020-02-20 00:00:00+00:00,1.0055063,1.0308695
2020-02-21 00:00:00+00:00,1.0128619,1.0384106
2020-02-22 00:00:00+00:00,0.99703013,1.0221795
2020-02-23 00:00:00+00:00,0.96677764,0.98780538
2020-02-24 00:00:00+00:00,1.0022603,1.0240598
2020-02-25 00:00:00+00:00,0.99788816,1.0195926
2020-02-26 00:00:00+00:00,0.99253286,1.0141208
2020-02-27 00:00:00+00:00,0.97808094,0.98640194
2020-02-28 00:00:00+00:00,0.95865134,0.96854967
2020-02-29 00:00:00+00:00,0.94830459,0.95136375
2020-03-01 00:00:00+00:00,0.95415402,0.95723204
2020-03-02 00:00:00+00:00,0.92550015,0.932939
2020-03-03 00:00:00+00:00,0.93920896,0.94636953
2020-03-04 00:00:00+00:00,0.94371794,0.95091288
2020-03-05 00:00:00+00:00,0.92482668,0.92241889
2020-03-06 00:00:00+00:00,0.94393549,0.94147795
2020-03-07 00:00:00+00:00,0.97535996,0.97282061
2020-03-08 00:00:00+00:00,1.0018807,0.99404343
2020-03-09 00:00:00+00:00,0.95998856,0.96378407
2020-03-10 00:00:00+00:00,0.90291103,0.91202176
2020-03-11 00:00:00+00:00,0.90868727,0.91785628
2020-03-12 00:00:00+00:00,1.1013123,1.1494785
2020-03-13 00:00:00+00:00,1.2609046,1.0516153
2020-03-14 00:00:00+00:00,1.0921826,0.99866671
2020-03-15 00:00:00+00:00,1.0914826,0.95602617
2020-03-16 00:00:00+00:00,1.1411387,1.0163556
2020-03-17 00:00:00+00:00,1.1546534,1.0889383
2020-03-18 00:00:00+00:00,1.095656,1.0112692
2020-03-19 00:00:00+00:00,1.2436265,1.1076188
2020-03-20 00:00:00+00:00,1.4145639,1.2502296
2020-03-21 00:00:00+00:00,1.3897022,1.2067242
2020-03-22 00:00:00+00:00,1.3719002,1.2198192
2020-03-23 00:00:00+00:00,1.2260757,1.1360034
2020-03-24 00:00:00+00:00,1.2053843,1.1390885
2020-03-25 00:00:00+00:00,1.1154634,1.0460087
2020-03-26 00:00:00+00:00,1.1015438,1.0224329
2020-03-27 00:00:00+00:00,1.1139007,1.0354849
2020-03-28 00:00:00+00:00,1.1670461,1.0848889
2020-03-29 00:00:00+00:00,1.1992686,1.1148431
2020-03-30 00:00:00+00:00,1.2753809,1.1685264
2020-03-31 00:00:00+00:00,1.2431384,1.1389852
2020-04-01 00:00:00+00:00,1.3336593,1.2219221
2020-04-02 00:00:00+00:00,1.3198796,1.194513
2020-04-03 00:00:00+00:00,1.3496874,1.2313993
2020-04-04 00:00:00+00:00,1.3550221,1.2362665
2020-04-05 00:00:00+00:00,1.3631048,1.2436407
2020-04-06 00:00:00+00:00,1.4336831,1.3080335
2020-04-07 00:00:00+00:00,1.4071516,1.2755361
2020-04-08 00:00:00+00:00,1.4352301,1.2986629
2020-04-09 00:00:00+00:00,1.4444377,1.3069943
2020-04-10 00:00:00+00:00,1.4706275,1.3047481
2020-04-11 00:00:00+00:00,1.4446135,1.2831643
2020-04-12 00:00:00+00:00,1.5191074,1.3493328
2020-04-13 00:00:00+00:00,1.6003199,1.421469
2020-04-14 00:00:00+00:00,1.6133563,1.4330484
2020-04-15 00:00:00+00:00,1.6727541,1.485808
2020-04-16 00:00:00+00:00,1.8097377,1.6074824
2020-04-17 00:00:00+00:00,1.8433761,1.6373613
2020-04-18 00:00:00+00:00,1.8194343,1.6160953
2020-04-19 00:00:00+00:00,1.7937751,1.5766427
2020-04-20 00:00:00+00:00,1.7423326,1.5401872
2020-04-21 00:00:00+00:00,1.7621966,1.5531684
2020-04-22 00:00:00+00:00,1.7527,1.5359741
2020-04-23 00:00:00+00:00,1.8786487,1.6464657
2020-04-24 00:00:00+00:00,1.8933637,1.659362
2020-04-25 00:00:00+00:00,1.8688711,1.6378965
2020-04-26 00:00:00+00:00,1.8315317,1.6051719
2020-04-27 00:00:00+00:00,1.8693566,1.6383219
2020-04-28 00:00:00+00:00,1.8583557,1.6286807
2020-04-29 00:00:00+00:00,2.0894833,1.8312431
2020-04-30 00:00:00+00:00,2.0159671,1.7521489
2020-05-01 00:00:00+00:00,2.0673157,1.7503972
2020-05-02 00:00:00+00:00,2.0337517,1.7219785
2020-05-03 00:00:00+00:00,2.0437493,1.7175247
2020-05-04 00:00:00+00:00,2.0051345,1.6756964
2020-05-05 00:00:00+00:00,1.9262407,1.6132037
2020-05-06 00:00:00+00:00,1.9784374,1.6569179
2020-05-07 00:00:00+00:00,1.8179418,1.5518404
2020-05-08 00:00:00+00:00,1.842824,1.570634
2020-05-09 00:00:00+00:00,1.8529119,1.5702632
2020-05-10 00:00:00+00:00,1.9690712,1.6687031
2020-05-11 00:00:00+00:00,2.097869,1.6939989
2020-05-12 00:00:00+00:00,2.1120312,1.7035581
2020-05-13 00:00:00+00:00,2.0636003,1.6647013
2020-05-14 00:00:00+00:00,2.010465,1.6401769
2020-05-15 00:00:00+00:00,1.9134371,1.5610197
2020-05-16 00:00:00+00:00,1.8773089,1.508135
2020-05-17 00:00:00+00:00,1.9443412,1.5619854
2020-05-18 00:00:00+00:00,1.9295384,1.5500936
2020-05-19 00:00:00+00:00,1.9545378,1.5701768
2020-05-20 00:00:00+00:00,1.9432603,1.5611171
2020-05-21 00:00:00+00:00,1.8625435,1.5234361
2020-05-22 00:00:00+00:00,1.8525692,1.5153118
2020-05-23 00:00:00+00:00,1.8466221,1.5104474
2020-05-24 00:00:00+00:00,1.8510839,1.5140969
2020-05-25 00:00:00+00:00,1.8067114,1.4814994
2020-05-26 00:00:00+00:00,1.8247501,1.4962911
2020-05-27 00:00:00+00:00,1.8840906,1.5449501
2020-05-28 00:00:00+00:00,1.8709706,1.5341918
2020-05-29 00:00:00+00:00,1.8522402,1.5188329
2020-05-30 00:00:00+00:00,1.8925392,1.551878
2020-05-31 00:00:00+00:00,1.8172972,1.4901797
2020-06-01 00:00:00+00:00,1.9370448,1.5883724
2020-06-02 00:00:00+00:00,1.8010016,1.5332935
2020-06-03 00:00:00+00:00,1.7868689,1.5213115
2020-06-04 00:00:00+00:00,1.8059271,1.5375373
2020-06-05 00:00:00+00:00,1.7880198,1.5222914
2020-06-06 00:00:00+00:00,1.7929831,1.526517
2020-06-07 00:00:00+00:00,1.797058,1.5188256
2020-06-08 00:00:00+00:00,1.7756145,1.5007157
2020-06-09 00:00:00+00:00,1.7848978,1.5085618
2020-06-10 00:00:00+00:00,1.8181785,1.5366901
2020-06-11 00:00:00+00:00,1.7507757,1.510652
2020-06-12 00:00:00+00:00,1.7480249,1.5083143
2020-06-13 00:00:00+00:00,1.7279101,1.4909579
2020-06-14 00:00:00+00:00,1.7225427,1.4863265
2020-06-15 00:00:00+00:00,1.7329815,1.4992526
2020-06-16 00:00:00+00:00,1.6797549,1.4532047
2020-06-17 00:00:00+00:00,1.7092262,1.4787012
2020-06-18 00:00:00+00:00,1.6942911,1.4657804
2020-06-19 00:00:00+00:00,1.6850627,1.4577967
2020-06-20 00:00:00+00:00,1.6728981,1.4472727
2020-06-21 00:00:00+00:00,1.6580601,1.4344359
2020-06-22 00:00:00+00:00,1.6341533,1.4170586
2020-06-23 00:00:00+00:00,1.6537305,1.425702
2020-06-24 00:00:00+00:00,1.6979293,1.4638064
2020-06-25 00:00:00+00:00,1.7219388,1.4845053
2020-06-26 00:00:00+00:00,1.6898859,1.4568721
2020-06-27 00:00:00+00:00,1.6370724,1.4020144
2020-06-28 00:00:00+00:00,1.6415001,1.4060786
2020-06-29 00:00:00+00:00,1.6370902,1.4023012
2020-06-30 00:00:00+00:00,1.6388157,1.4037793
2020-07-01 00:00:00+00:00,1.6212925,1.3887692
2020-07-02 00:00:00+00:00,1.5725156,1.3294688
2020-07-03 00:00:00+00:00,1.5596611,1.3186096
2020-07-04 00:00:00+00:00,1.5644675,1.3226731
2020-07-05 00:00:00+00:00,1.5360957,1.2986863
2020-07-06 00:00:00+00:00,1.4906983,1.262254
2020-07-07 00:00:00+00:00,1.4922334,1.2635806
2020-07-08 00:00:00+00:00,1.5101928,1.2787881
2020-07-09 00:00:00+00:00,1.5299419,1.295511
2020-07-10 00:00:00+00:00,1.5300278,1.2955838
2020-07-11 00:00:00+00:00,1.5355589,1.3002674
2020-07-12 00:00:00+00:00,1.5450278,1.3082854
2020-07-13 00:00:00+00:00,1.5523221,1.3144619
2020-07-14 00:00:00+00:00,1.5396231,1.3037088
2020-07-15 00:00:00+00:00,1.5329192,1.2980321
2020-07-16 00:00:00+00:00,1.5473772,1.3102747
2020-07-17 00:00:00+00:00,1.5495222,1.3120911
2020-07-18 00:00:00+00:00,1.5366773,1.3012144
2020-07-19 00:00:00+00:00,1.5436287,1.3071006
2020-07-20 00:00:00+00:00,1.5353013,1.3000492
2020-07-21 00:00:00+00:00,1.5532308,1.3152314
2020-07-22 00:00:00+00:00,1.5228147,1.2894759
2020-07-23 00:00:00+00:00,1.5354999,1.3002173
2020-07-24 00:00:00+00:00,1.5434394,1.3069403
2020-07-25 00:00:00+00:00,1.5472127,1.3101354
2020-07-26 00:00:00+00:00,1.585039,1.3421657
2020-07-27 00:00:00+00:00,1.7137099,1.4511205
2020-07-28 00:00:00+00:00,1.7849008,1.5114029
2020-07-29 00:00:00+00:00,1.7730079,1.4950313
2020-07-30 00:00:00+00:00,1.7532267,1.4775708
2020-07-31 00:00:00+00:00,1.7535603,1.4637871
2020-08-01 00:00:00+00:00,1.7985843,1.5011852
2020-08-02 00:00:00+00:00,1.9019899,1.465288
2020-08-03 00:00:00+00:00,1.9055375,1.4590702
2020-08-04 00:00:00+00:00,1.8863299,1.4449221
2020-08-05 00:00:00+00:00,1.9551625,1.4976477
2020-08-06 00:00:00+00:00,1.9788741,1.5158107
2020-08-07 00:00:00+00:00,1.9104451,1.4527393
2020-08-08 00:00:00+00:00,1.9168285,1.457607
2020-08-09 00:00:00+00:00,1.918631,1.4589777
2020-08-10 00:00:00+00:00,1.9498251,1.4826985
2020-08-11 00:00:00+00:00,1.8846198,1.4425182
2020-08-12 00:00:00+00:00,1.8616336,1.4239562
2020-08-13 00:00:00+00:00,1.8170266,1.3898365
2020-08-14 00:00:00+00:00,1.8009897,1.367784
2020-08-15 00:00:00+00:00,1.7881742,1.3451753
2020-08-16 00:00:00+00:00,1.7703143,1.33174
2020-08-17 00:00:00+00:00,1.8435975,1.3868682
2020-08-18 00:00:00+00:00,1.7851468,1.3498594
2020-08-19 00:00:00+00:00,1.8032711,1.3635858
2020-08-20 00:00:00+00:00,1.8165492,1.3736263
2020-08-21 00:00:00+00:00,1.7953835,1.3576213
2020-08-22 00:00:00+00:00,1.8070381,1.3635141
2020-08-23 00:00:00+00:00,1.8026881,1.3602317
2020-08-24 00:00:00+00:00,1.8228111,1.3754156
2020-08-25 00:00:00+00:00,1.786603,1.3512364
2020-08-26 00:00:00+00:00,1.7993631,1.3609064
2020-08-27 00:00:00+00:00,1.8052078,1.3293711
2020-08-28 00:00:00+00:00,1.790843,1.3187928
2020-08-29 00:00:00+00:00,1.7672109,1.3013899
2020-08-30 00:00:00+00:00,1.7361409,1.2785097
2020-08-31 00:00:00+00:00,1.7282229,1.2726788
2020-09-01 00:00:00+00:00,1.7462774,1.2859743
2020-09-02 00:00:00+00:00,1.7011973,1.2774157
2020-09-03 00:00:00+00:00,1.5239261,1.2111233
2020-09-04 00:00:00+00:00,1.5395051,1.2287885
2020-09-05 00:00:00+00:00,1.4999856,1.1730974
2020-09-06 00:00:00+00:00,1.4625252,1.1346664
2020-09-07 00:00:00+00:00,1.4546016,1.0956089
2020-09-08 00:00:00+00:00,1.4595866,1.0897089
2020-09-09 00:00:00+00:00,1.4150359,1.0483888
2020-09-10 00:00:00+00:00,1.3994326,1.0372497
2020-09-11 00:00:00+00:00,1.3864573,1.0276325
2020-09-12 00:00:00+00:00,1.3948409,1.0338463
2020-09-13 00:00:00+00:00,1.4005628,1.0380874
2020-09-14 00:00:00+00:00,1.3417267,1.0085014
2020-09-15 00:00:00+00:00,1.3059175,0.98181839
2020-09-16 00:00:00+00:00,1.3072684,0.98283403
2020-09-17 00:00:00+00:00,1.3203972,0.99270452
2020-09-18 00:00:00+00:00,1.3409228,1.0081361
2020-09-19 00:00:00+00:00,1.3582787,1.0211847
2020-09-20 00:00:00+00:00,1.3381022,1.0060156
2020-09-21 00:00:00+00:00,1.4140194,1.0630918
2020-09-22 00:00:00+00:00,1.395792,1.049388
2020-09-23 00:00:00+00:00,1.4372975,1.0805928
2020-09-24 00:00:00+00:00,1.3581907,1.03256
2020-09-25 00:00:00+00:00,1.3662249,1.0382865
2020-09-26 00:00:00+00:00,1.3453284,1.0224058
2020-09-27 00:00:00+00:00,1.3676617,1.0393784
2020-09-28 00:00:00+00:00,1.3410434,1.0191494
2020-09-29 00:00:00+00:00,1.350862,1.0266112
2020-09-30 00:00:00+00:00,1.3472675,1.0238794
2020-10-01 00:00:00+00:00,1.383573,1.0514704
2020-10-02 00:00:00+00:00,1.4215044,1.0802971
2020-10-03 00:00:00+00:00,1.4151696,1.0754829
2020-10-04 00:00:00+00:00,1.4220711,1.0807278
2020-10-05 00:00:00+00:00,1.4146257,1.0750695
2020-10-06 00:00:00+00:00,1.3970562,1.0617173
2020-10-07 00:00:00+00:00,1.3922907,1.0580956
2020-10-08 00:00:00+00:00,1.4219232,1.0806153
2020-10-09 00:00:00+00:00,1.3858518,1.0532023
2020-10-10 00:00:00+00:00,1.437473,1.0924328
2020-10-11 00:00:00+00:00,1.4258881,1.0836286
2020-10-12 00:00:00+00:00,1.4521528,1.1035889
2020-10-13 00:00:00+00:00,1.4685013,1.1160133
2020-10-14 00:00:00+00:00,1.4898329,1.1322245
2020-10-15 00:00:00+00:00,1.4907166,1.1328961
2020-10-16 00:00:00+00:00,1.5095425,1.1472032
2020-10-17 00:00:00+00:00,1.5142457,1.1507775
2020-10-18 00:00:00+00:00,1.5037233,1.1427808
2020-10-19 00:00:00+00:00,1.5294389,1.1623238
2020-10-20 00:00:00+00:00,1.5128237,1.1393647
2020-10-21 00:00:00+00:00,1.5171463,1.1282286
2020-10-22 00:00:00+00:00,1.5301185,1.1339463
2020-10-23 00:00:00+00:00,1.560657,1.1565779
2020-10-24 00:00:00+00:00,1.5757163,1.1677381
2020-10-25 00:00:00+00:00,1.5558352,1.1530045
2020-10-26 00:00:00+00:00,1.5135129,1.1216402
2020-10-27 00:00:00+00:00,1.5513258,1.1496627
2020-10-28 00:00:00+00:00,1.622455,1.2023754
2020-10-29 00:00:00+00:00,1.6271025,1.2058196
2020-10-30 00:00:00+00:00,1.6022664,1.1794943
2020-10-31 00:00:00+00:00,1.6038876,1.1806877
2020-11-01 00:00:00+00:00,1.5896409,1.1702002
2020-11-02 00:00:00+00:00,1.560237,1.1434194
2020-11-03 00:00:00+00:00,1.590462,1.1655697
2020-11-04 00:00:00+00:00,1.6548201,1.2127345
2020-11-05 00:00:00+00:00,1.6525846,1.2407331
2020-11-06 00:00:00+00:00,1.6661961,1.2115925
2020-11-07 00:00:00+00:00,1.7441335,1.2682671
2020-11-08 00:00:00+00:00,1.7573537,1.2778804
2020-11-09 00:00:00+00:00,1.6954374,1.2328572
2020-11-10 00:00:00+00:00,1.6772195,1.2196098
2020-11-11 00:00:00+00:00,1.6969692,1.2339711
2020-11-12 00:00:00+00:00,1.6739257,1.2101874
2020-11-13 00:00:00+00:00,1.6890829,1.2209872
2020-11-14 00:00:00+00:00,1.6746225,1.2105343
2020-11-15 00:00:00+00:00,1.6717113,1.2084299
2020-11-16 00:00:00+00:00,1.6568719,1.1976541
2020-11-17 00:00:00+00:00,1.7604813,1.2721254
2020-11-18 00:00:00+00:00,1.7562332,1.2007517
2020-11-19 00:00:00+00:00,1.8235244,1.2467593
2020-11-20 00:00:00+00:00,1.7750339,1.2136059
2020-11-21 00:00:00+00:00,1.7057088,1.1662078
2020-11-22 00:00:00+00:00,1.7010217,1.1604252
2020-11-23 00:00:00+00:00,1.7304885,1.1805272
2020-11-24 00:00:00+00:00,1.7730945,1.2095927
2020-11-25 00:00:00+00:00,1.6842187,1.1352652
2020-11-26 00:00:00+00:00,1.50242,1.0926391
2020-11-27 00:00:00+00:00,1.5616067,1.1113896
2020-11-28 00:00:00+00:00,1.6038892,1.1414843
2020-11-29 00:00:00+00:00,1.6381033,1.1658344
2020-11-30 00:00:00+00:00,1.660728,1.1819363
2020-12-01 00:00:00+00:00,1.553724,1.1037794
2020-12-02 00:00:00+00:00,1.5374056,1.0921985
2020-12-03 00:00:00+00:00,1.5235474,1.0823534
2020-12-04 00:00:00+00:00,1.4866269,1.0561245
2020-12-05 00:00:00+00:00,1.48663,1.0561267
2020-12-06 00:00:00+00:00,1.482743,1.0533653
2020-12-07 00:00:00+00:00,1.4493175,1.0296193
2020-12-08 00:00:00+00:00,1.4871328,1.0564838
2020-12-09 00:00:00+00:00,1.5001398,1.0292497
2020-12-10 00:00:00+00:00,1.4748346,1.0054317
2020-12-11 00:00:00+00:00,1.4520127,0.98739914
2020-12-12 00:00:00+00:00,1.3891259,0.93853105
2020-12-13 00:00:00+00:00,1.4154144,0.95467034
2020-12-14 00:00:00+00:00,1.3867995,0.93537013
2020-12-15 00:00:00+00:00,1.3919434,0.93883958
2020-12-16 00:00:00+00:00,1.4496675,0.9758129
2020-12-17 00:00:00+00:00,1.3591615,0.97865981
2020-12-18 00:00:00+00:00,1.3421617,0.97153843
2020-12-19 00:00:00+00:00,1.402779,1.0154169
2020-12-20 00:00:00+00:00,1.3756234,0.98706733
2020-12-21 00:00:00+00:00,1.3501195,0.96876723
2020-12-22 00:00:00+00:00,1.3291292,0.95370583
2020-12-23 00:00:00+00:00,1.356402,0.94524045
2020-12-24 00:00:00+00:00,1.3982137,0.97437792
2020-12-25 00:00:00+00:00,1.393852,0.97133839
2020-12-26 00:00:00+00:00,1.4860616,1.0355968
2020-12-27 00:00:00+00:00,1.4401604,0.96015767
2020-12-28 00:00:00+00:00,1.4456887,0.9544825
2020-12-29 00:00:00+00:00,1.4207064,0.92819485
2020-12-30 00:00:00+00:00,1.5122812,0.98802373
2020-12-31 00:00:00+00:00,1.5415842,1.0071683
2021-01-01 00:00:00+00:00,1.5064251,0.9841977
2021-01-02 00:00:00+00:00,1.3781089,0.94934673
2021-01-03 00:00:00+00:00,1.3660655,0.93296345
2021-01-04 00:00:00+00:00,1.2102693,0.83922366
2021-01-05 00:00:00+00:00,1.2512125,0.87014055
2021-01-06 00:00:00+00:00,1.168432,0.8411427
2021-01-07 00:00:00+00:00,1.2283288,0.86708223
2021-01-08 00:00:00+00:00,1.3671389,0.94212484
2021-01-09 00:00:00+00:00,1.3292655,0.90338691
2021-01-10 00:00:00+00:00,1.3365737,0.90396097
2021-01-11 00:00:00+00:00,1.3210147,0.93591748
2021-01-12 00:00:00+00:00,1.2617676,0.89026023
2021-01-13 00:00:00+00:00,1.3827588,0.92208852
2021-01-14 00:00:00+00:00,1.3312441,0.90285368
2021-01-15 00:00:00+00:00,1.2166363,0.86134829
2021-01-16 00:00:00+00:00,1.1741923,0.79815049
2021-01-17 00:00:00+00:00,1.17324,0.80325069
2021-01-18 00:00:00+00:00,1.2155235,0.83219977
2021-01-19 00:00:00+00:00,1.189802,0.81568283
2021-01-20 00:00:00+00:00,1.1333297,0.74352917
2021-01-21 00:00:00+00:00,0.97915638,0.70304368
2021-01-22 00:00:00+00:00,0.95324584,0.69398272
2021-01-23 00:00:00+00:00,1.020991,0.74330258
2021-01-24 00:00:00+00:00,1.0608578,0.77232642
2021-01-25 00:00:00+00:00,1.1102062,0.80825315
2021-01-26 00:00:00+00:00,1.0186441,0.73579086
2021-01-27 00:00:00+00:00,1.0001032,0.71974896
2021-01-28 00:00:00+00:00,1.0191597,0.73896895
2021-01-29 00:00:00+00:00,0.89206875,0.72552938
2021-01-30 00:00:00+00:00,0.81603935,0.66930891
2021-01-31 00:00:00+00:00,0.81582585,0.66450133
2021-02-01 00:00:00+00:00,0.81677267,0.65140446
2021-02-02 00:00:00+00:00,0.83702289,0.66755471
2021-02-03 00:00:00+00:00,0.81511005,0.65007847
2021-02-04 00:00:00+00:00,0.81118916,0.61606497
2021-02-05 00:00:00+00:00,0.78485152,0.59606542
2021-02-06 00:00:00+00:00,0.83326167,0.63283112
2021-02-07 00:00:00+00:00,0.8558369,0.64997616
2021-02-08 00:00:00+00:00,0.83161052,0.67117645
2021-02-09 00:00:00+00:00,0.85908862,0.6727986
2021-02-10 00:00:00+00:00,0.89736425,0.7027743
2021-02-11 00:00:00+00:00,0.90645543,0.68980884
2021-02-12 00:00:00+00:00,0.84283381,0.6419267
2021-02-13 00:00:00+00:00,0.85709718,0.6527901
2021-02-14 00:00:00+00:00,0.84596588,0.65247935
2021-02-15 00:00:00+00:00,0.86674447,0.66850552
2021-02-16 00:00:00+00:00,0.85894185,0.6492569
2021-02-17 00:00:00+00:00,0.83992058,0.6370018
2021-02-18 00:00:00+00:00,0.83889196,0.63622169
2021-02-19 00:00:00+00:00,0.81363509,0.63741797
2021-02-20 00:00:00+00:00,0.82900451,0.65084602
2021-02-21 00:00:00+00:00,0.79101913,0.620204
2021-02-22 00:00:00+00:00,0.76913335,0.60114455
2021-02-23 00:00:00+00:00,0.78705712,0.62303145
2021-02-24 00:00:00+00:00,0.78707948,0.55988947
2021-02-25 00:00:00+00:00,0.79225454,0.55951445
2021-02-26 00:00:00+00:00,0.81724866,0.57108674
2021-02-27 00:00:00+00:00,0.83055247,0.58038334
2021-02-28 00:00:00+00:00,0.84779435,0.59243182
2021-03-01 00:00:00+00:00,0.87037757,0.60821279
2021-03-02 00:00:00+00:00,0.876489,0.61248341
2021-03-03 00:00:00+00:00,0.86170355,0.60742509
2021-03-04 00:00:00+00:00,0.82585325,0.57820895
2021-03-05 00:00:00+00:00,0.79268922,0.55503986
2021-03-06 00:00:00+00:00,0.81119343,0.56851352
2021-03-07 00:00:00+00:00,0.77287491,0.53525258
2021-03-08 00:00:00+00:00,0.77127445,0.53414432
2021-03-09 00:00:00+00:00,0.73315326,0.52535841
2021-03-10 00:00:00+00:00,0.75201085,0.53887126
2021-03-11 00:00:00+00:00,0.74841133,0.51995991
2021-03-12 00:00:00+00:00,0.74775888,0.50704426
2021-03-13 00:00:00+00:00,0.7788951,0.53039455
2021-03-14 00:00:00+00:00,0.76937867,0.51736673
2021-03-15 00:00:00+00:00,0.79252657,0.53293604
2021-03-16 00:00:00+00:00,0.85395351,0.57424271
2021-03-17 00:00:00+00:00,0.89088623,0.59839516
2021-03-18 00:00:00+00:00,0.90322457,0.6066897
2021-03-19 00:00:00+00:00,0.92317855,0.62009265
2021-03-20 00:00:00+00:00,0.93281763,0.62656716
2021-03-21 00:00:00+00:00,0.96754533,0.63290364
2021-03-22 00:00:00+00:00,0.91371826,0.61023789
2021-03-23 00:00:00+00:00,0.93890878,0.60960743
2021-03-24 00:00:00+00:00,0.94841043,0.62805642
2021-03-25 00:00:00+00:00,0.9886401,0.65391672
2021-03-26 00:00:00+00:00,1.0081736,0.66683676
2021-03-27 00:00:00+00:00,1.0371024,0.68597114
2021-03-28 00:00:00+00:00,0.98232118,0.64867459
2021-03-29 00:00:00+00:00,0.9257093,0.62033276
2021-03-30 00:00:00+00:00,0.8857601,0.5952491
2021-03-31 00:00:00+00:00,0.8900343,0.59812145
2021-04-01 00:00:00+00:00,0.86876468,0.58382783
2021-04-02 00:00:00+00:00,0.86944922,0.58428786
2021-04-03 00:00:00+00:00,0.84907399,0.57149912
2021-04-04 00:00:00+00:00,0.83597595,0.56635505
2021-04-05 00:00:00+00:00,0.84802995,0.57452137
2021-04-06 00:00:00+00:00,0.81017811,0.5409479
2021-04-07 00:00:00+00:00,0.8325888,0.5559113
2021-04-08 00:00:00+00:00,0.82532968,0.55106445
2021-04-09 00:00:00+00:00,0.7936083,0.5298844
2021-04-10 00:00:00+00:00,0.83251464,0.54754981
2021-04-11 00:00:00+00:00,0.83161801,0.54077831
2021-04-12 00:00:00+00:00,0.82774711,0.52708094
2021-04-13 00:00:00+00:00,0.7845147,0.51299103
2021-04-14 00:00:00+00:00,0.81035712,0.51024623
2021-04-15 00:00:00+00:00,0.79516892,0.50068289
2021-04-16 00:00:00+00:00,0.8317948,0.52374459
2021-04-17 00:00:00+00:00,0.83397728,0.5251188
2021-04-18 00:00:00+00:00,0.87609878,0.5365977
2021-04-19 00:00:00+00:00,0.84290938,0.51908389
2021-04-20 00:00:00+00:00,0.81441429,0.48652405
2021-04-21 00:00:00+00:00,0.85262961,0.50935355
2021-04-22 00:00:00+00:00,0.87489241,0.51539504
2021-04-23 00:00:00+00:00,0.83363571,0.49302207
2021-04-24 00:00:00+00:00,0.84561175,0.49611261
2021-04-25 00:00:00+00:00,0.86577566,0.50794259
2021-04-26 00:00:00+00:00,0.86424664,0.50704552
2021-04-27 00:00:00+00:00,0.84255761,0.49357689
2021-04-28 00:00:00+00:00,0.81394305,0.4713809
2021-04-29 00:00:00+00:00,0.83020245,0.48226954
2021-04-30 00:00:00+00:00,0.77160242,0.46469761
2021-05-01 00:00:00+00:00,0.75539207,0.45493164
2021-05-02 00:00:00+00:00,0.75926174,0.45726214
2021-05-03 00:00:00+00:00,0.77207883,0.46498117
2021-05-04 00:00:00+00:00,0.76118777,0.46067095
2021-05-05 00:00:00+00:00,0.71523014,0.42958959
2021-05-06 00:00:00+00:00,0.72272027,0.42743587
2021-05-07 00:00:00+00:00,0.72761048,0.43032807
2021-05-08 00:00:00+00:00,0.7011783,0.41011285
2021-05-09 00:00:00+00:00,0.72026478,0.42127636
2021-05-10 00:00:00+00:00,0.72838205,0.42705168
2021-05-11 00:00:00+00:00,0.69964742,0.40692936
2021-05-12 00:00:00+00:00,0.62892039,0.39317726
2021-05-13 00:00:00+00:00,0.5655323,0.35458125
2021-05-14 00:00:00+00:00,0.56284707,0.35197487
2021-05-15 00:00:00+00:00,0.5325265,0.33173294
2021-05-16 00:00:00+00:00,0.58298543,0.350357
2021-05-17 00:00:00+00:00,0.50991782,0.32228233
2021-05-18 00:00:00+00:00,0.49313866,0.30945167
2021-05-19 00:00:00+00:00,0.5234781,0.32112051
2021-05-20 00:00:00+00:00,0.53495927,0.30561596
2021-05-21 00:00:00+00:00,0.54925951,0.32169193
2021-05-22 00:00:00+00:00,0.5374994,0.31106853
2021-05-23 00:00:00+00:00,0.5619101,0.33184212
2021-05-24 00:00:00+00:00,0.5123926,0.31893386
2021-05-25 00:00:00+00:00,0.48051762,0.29854026
2021-05-26 00:00:00+00:00,0.48097032,0.31414617
2021-05-27 00:00:00+00:00,0.49925986,0.326092
2021-05-28 00:00:00+00:00,0.51566529,0.33193627
2021-05-29 00:00:00+00:00,0.54636083,0.34058414
2021-05-30 00:00:00+00:00,0.49998177,0.33270205
2021-05-31 00:00:00+00:00,0.54428825,0.36218483
2021-06-01 00:00:00+00:00,0.5347211,0.35202666
2021-06-02 00:00:00+00:00,0.50777826,0.33126284
2021-06-03 00:00:00+00:00,0.52257927,0.34088504
2021-06-04 00:00:00+00:00,0.49912786,0.32493574
2021-06-05 00:00:00+00:00,0.48993957,0.31938052
2021-06-06 00:00:00+00:00,0.47339976,0.30813837
2021-06-07 00:00:00+00:00,0.48272427,0.31420774
2021-06-08 00:00:00+00:00,0.53012533,0.34506134
2021-06-09 00:00:00+00:00,0.49719032,0.32781397
2021-06-10 00:00:00+00:00,0.51356369,0.33528155
2021-06-11 00:00:00+00:00,0.48913889,0.32105461
2021-06-12 00:00:00+00:00,0.50768408,0.33322705
2021-06-13 00:00:00+00:00,0.46674377,0.32717085
2021-06-14 00:00:00+00:00,0.46273592,0.32846022
2021-06-15 00:00:00+00:00,0.45468611,0.31418806
2021-06-16 00:00:00+00:00,0.46016115,0.31797335
2021-06-17 00:00:00+00:00,0.4697358,0.32458947
2021-06-18 00:00:00+00:00,0.44335455,0.31588435
2021-06-19 00:00:00+00:00,0.42501986,0.29924367
2021-06-20 00:00:00+00:00,0.4507361,0.31296022
2021-06-21 00:00:00+00:00,0.49976934,0.34700554
2021-06-22 00:00:00+00:00,0.51876867,0.36019737
2021-06-23 00:00:00+00:00,0.46714286,0.33368887
2021-06-24 00:00:00+00:00,0.46200269,0.32510817
2021-06-25 00:00:00+00:00,0.40866894,0.30493981
2021-06-26 00:00:00+00:00,0.38376107,0.28678249
2021-06-27 00:00:00+00:00,0.34905602,0.27291153
2021-06-28 00:00:00+00:00,0.33448787,0.25670186
2021-06-29 00:00:00+00:00,0.31813786,0.25288814
2021-06-30 00:00:00+00:00,0.3094451,0.24760048
2021-07-01 00:00:00+00:00,0.30878093,0.24706906
2021-07-02 00:00:00+00:00,0.29421757,0.23251467
2021-07-03 00:00:00+00:00,0.28115475,0.22438503
2021-07-04 00:00:00+00:00,0.28902315,0.23066468
2021-07-05 00:00:00+00:00,0.29173317,0.2328275
2021-07-06 00:00:00+00:00,0.2718885,0.21773886
2021-07-07 00:00:00+00:00,0.26070129,0.20901514
2021-07-08 00:00:00+00:00,0.2548798,0.21117523
2021-07-09 00:00:00+00:00,0.24578779,0.20364223
2021-07-10 00:00:00+00:00,0.24626847,0.20109972
2021-07-11 00:00:00+00:00,0.24076696,0.19660725
2021-07-12 00:00:00+00:00,0.25039866,0.20447238
2021-07-13 00:00:00+00:00,0.24873054,0.20311021
2021-07-14 00:00:00+00:00,0.25814283,0.21079616
2021-07-15 00:00:00+00:00,0.26961744,0.22016619
2021-07-16 00:00:00+00:00,0.27349507,0.22333261
2021-07-17 00:00:00+00:00,0.27160045,0.22178549
2021-07-18 00:00:00+00:00,0.26309063,0.21483648
2021-07-19 00:00:00+00:00,0.26812775,0.21894972
2021-07-20 00:00:00+00:00,0.27495342,0.22452348
2021-07-21 00:00:00+00:00,0.28469363,0.22746633
2021-07-22 00:00:00+00:00,0.28404806,0.22695053
2021-07-23 00:00:00+00:00,0.28772279,0.22988659
2021-07-24 00:00:00+00:00,0.28516504,0.22784299
2021-07-25 00:00:00+00:00,0.29376143,0.23471138
2021-07-26 00:00:00+00:00,0.3145634,0.24948112
2021-07-27 00:00:00+00:00,0.32814207,0.25533804
2021-07-28 00:00:00+00:00,0.32496593,0.25286658
2021-07-29 00:00:00+00:00,0.32547681,0.25326411
2021-07-30 00:00:00+00:00,0.35070889,0.27289802
2021-07-31 00:00:00+00:00,0.35660028,0.2774823
2021-08-01 00:00:00+00:00,0.34530183,0.27235541
2021-08-02 00:00:00+00:00,0.33545648,0.26496616
2021-08-03 00:00:00+00:00,0.33490468,0.26298743
2021-08-04 00:00:00+00:00,0.35205042,0.2764513
2021-08-05 00:00:00+00:00,0.36792787,0.28458865
2021-08-06 00:00:00+00:00,0.37235291,0.28813694
2021-08-07 00:00:00+00:00,0.36620536,0.27679483
2021-08-08 00:00:00+00:00,0.34428436,0.25840142
2021-08-09 00:00:00+00:00,0.34806811,0.26124383
2021-08-10 00:00:00+00:00,0.33294993,0.24747256
2021-08-11 00:00:00+00:00,0.33920752,0.25212568
2021-08-12 00:00:00+00:00,0.3221631,0.23648146
2021-08-13 00:00:00+00:00,0.31468864,0.23603229
2021-08-14 00:00:00+00:00,0.30245109,0.22531256
2021-08-15 00:00:00+00:00,0.30288966,0.22543859
2021-08-16 00:00:00+00:00,0.29079329,0.21780924
2021-08-17 00:00:00+00:00,0.28671657,0.21475851
2021-08-18 00:00:00+00:00,0.2808549,0.21036795
2021-08-19 00:00:00+00:00,0.25990769,0.19832974
2021-08-20 00:00:00+00:00,0.24369985,0.19036098
2021-08-21 00:00:00+00:00,0.24007498,0.18415431
2021-08-22 00:00:00+00:00,0.25257863,0.19372406
2021-08-23 00:00:00+00:00,0.25133933,0.1910962
2021-08-24 00:00:00+00:00,0.25050249,0.1904616
2021-08-25 00:00:00+00:00,0.24301,0.18476493
2021-08-26 00:00:00+00:00,0.23102781,0.17884206
2021-08-27 00:00:00+00:00,0.22201471,0.17417445
2021-08-28 00:00:00+00:00,0.22021947,0.17279832
2021-08-29 00:00:00+00:00,0.20924549,0.16418743
2021-08-30 00:00:00+00:00,0.20972606,0.16456452
2021-08-31 00:00:00+00:00,0.21599778,0.16948571
2021-09-01 00:00:00+00:00,0.21170049,0.16577963
2021-09-02 00:00:00+00:00,0.20650889,0.16173831
2021-09-03 00:00:00+00:00,0.21510532,0.16847105
2021-09-04 00:00:00+00:00,0.21519286,0.16853961
2021-09-05 00:00:00+00:00,0.21039429,0.16552394
2021-09-06 00:00:00+00:00,0.21288831,0.16744123
2021-09-07 00:00:00+00:00,0.2437198,0.19169086
2021-09-08 00:00:00+00:00,0.23958749,0.1884407
2021-09-09 00:00:00+00:00,0.23561582,0.18325859
2021-09-10 00:00:00+00:00,0.22859926,0.17521214
2021-09-11 00:00:00+00:00,0.22854597,0.17240636
2021-09-12 00:00:00+00:00,0.22724823,0.1714274
2021-09-13 00:00:00+00:00,0.21570473,0.16026681
2021-09-14 00:00:00+00:00,0.21502368,0.1597608
2021-09-15 00:00:00+00:00,0.2179551,0.16193882
2021-09-16 00:00:00+00:00,0.21517614,0.15987407
2021-09-17 00:00:00+00:00,0.2166743,0.16098719
2021-09-18 00:00:00+00:00,0.2235509,0.16609645
2021-09-19 00:00:00+00:00,0.22066443,0.16395182
2021-09-20 00:00:00+00:00,0.2297813,0.17106483
2021-09-21 00:00:00+00:00,0.24746208,0.18415074
2021-09-22 00:00:00+00:00,0.2446671,0.18207084
2021-09-23 00:00:00+00:00,0.24477416,0.18215051
2021-09-24 00:00:00+00:00,0.2360744,0.18223159
2021-09-25 00:00:00+00:00,0.23487662,0.1774912
2021-09-26 00:00:00+00:00,0.24333841,0.17364601
2021-09-27 00:00:00+00:00,0.24304413,0.17343602
2021-09-28 00:00:00+00:00,0.23650533,0.16598417
2021-09-29 00:00:00+00:00,0.23163135,0.16317753
2021-09-30 00:00:00+00:00,0.23546075,0.1643577
2021-10-01 00:00:00+00:00,0.24852111,0.17295479
2021-10-02 00:00:00+00:00,0.2446958,0.17029261
2021-10-03 00:00:00+00:00,0.23797611,0.16561614
2021-10-04 00:00:00+00:00,0.23036791,0.160673
2021-10-05 00:00:00+00:00,0.23379973,0.1630732
2021-10-06 00:00:00+00:00,0.24502141,0.17090022
2021-10-07 00:00:00+00:00,0.24261846,0.16922419
2021-10-08 00:00:00+00:00,0.24132293,0.16832057
2021-10-09 00:00:00+00:00,0.23715623,0.16541433
2021-10-10 00:00:00+00:00,0.22933668,0.15450445
2021-10-11 00:00:00+00:00,0.22889613,0.15420765
2021-10-12 00:00:00+00:00,0.23596465,0.15896972
2021-10-13 00:00:00+00:00,0.2466267,0.16615276
2021-10-14 00:00:00+00:00,0.23217104,0.15611455
2021-10-15 00:00:00+00:00,0.22443188,0.15210056
2021-10-16 00:00:00+00:00,0.22226945,0.15063504
2021-10-17 00:00:00+00:00,0.21999985,0.14450983
2021-10-18 00:00:00+00:00,0.21935897,0.14200734
2021-10-19 00:00:00+00:00,0.22599345,0.14630234
2021-10-20 00:00:00+00:00,0.21899257,0.14231392
2021-10-21 00:00:00+00:00,0.22669281,0.14718362
2021-10-22 00:00:00+00:00,0.23650365,0.15355345
2021-10-23 00:00:00+00:00,0.23528717,0.15276363
2021-10-24 00:00:00+00:00,0.23357418,0.15165145
2021-10-25 00:00:00+00:00,0.23242673,0.14966312
2021-10-26 00:00:00+00:00,0.22021256,0.14313987
2021-10-27 00:00:00+00:00,0.2197198,0.14229459
2021-10-28 00:00:00+00:00,0.2239098,0.14500812
2021-10-29 00:00:00+00:00,0.2317886,0.15011057
2021-10-30 00:00:00+00:00,0.23243645,0.15053013
2021-10-31 00:00:00+00:00,0.23976307,0.15527498
2021-11-01 00:00:00+00:00,0.23085116,0.15025338
2021-11-02 00:00:00+00:00,0.22430388,0.14849646
2021-11-03 00:00:00+00:00,0.22529389,0.1444112
2021-11-04 00:00:00+00:00,0.22353606,0.14208772
2021-11-05 00:00:00+00:00,0.2201209,0.1399181
2021-11-06 00:00:00+00:00,0.2244177,0.14264933
2021-11-07 00:00:00+00:00,0.22160252,0.14085989
2021-11-08 00:00:00+00:00,0.20310515,0.13425054
2021-11-09 00:00:00+00:00,0.20101639,0.13375326
2021-11-10 00:00:00+00:00,0.20796238,0.13535863
2021-11-11 00:00:00+00:00,0.21298336,0.13862681
2021-11-12 00:00:00+00:00,0.21408646,0.1393448
2021-11-13 00:00:00+00:00,0.21302077,0.13865117
2021-11-14 00:00:00+00:00,0.20934217,0.13607971
2021-11-15 00:00:00+00:00,0.2060319,0.13445888
2021-11-16 00:00:00+00:00,0.19356065,0.12641527
2021-11-17 00:00:00+00:00,0.18572399,0.12068048
2021-11-18 00:00:00+00:00,0.17576537,0.11404945
2021-11-19 00:00:00+00:00,0.17876426,0.11713735
2021-11-20 00:00:00+00:00,0.17313005,0.11344546
2021-11-21 00:00:00+00:00,0.17063152,0.11180828
2021-11-22 00:00:00+00:00,0.17768459,0.11392663
2021-11-23 00:00:00+00:00,0.18201663,0.11670173
2021-11-24 00:00:00+00:00,0.18636104,0.11948719
2021-11-25 00:00:00+00:00,0.18923474,0.12132969
2021-11-26 00:00:00+00:00,0.17810781,0.12011085
2021-11-27 00:00:00+00:00,0.17547124,0.11833282
2021-11-28 00:00:00+00:00,0.18224791,0.12290282
2021-11-29 00:00:00+00:00,0.1867118,0.12591313
2021-11-30 00:00:00+00:00,0.18855539,0.12512241
2021-12-01 00:00:00+00:00,0.1864718,0.12373978
2021-12-02 00:00:00+00:00,0.1810394,0.12013492
2021-12-03 00:00:00+00:00,0.19264789,0.12783813
2021-12-04 00:00:00+00:00,0.17280499,0.12839903
2021-12-05 00:00:00+00:00,0.17178487,0.12454999
2021-12-06 00:00:00+00:00,0.16380109,0.11754135
2021-12-07 00:00:00+00:00,0.16388706,0.1187523
2021-12-08 00:00:00+00:00,0.15961733,0.11571428
2021-12-09 00:00:00+00:00,0.15656015,0.11420919
2021-12-10 00:00:00+00:00,0.15193203,0.11083483
2021-12-11 00:00:00+00:00,0.15084164,0.10792367
2021-12-12 00:00:00+00:00,0.15454079,0.11057032
2021-12-13 00:00:00+00:00,0.16048176,0.11482095
2021-12-14 00:00:00+00:00,0.15816824,0.11316568
2021-12-15 00:00:00+00:00,0.15882252,0.1136338
2021-12-16 00:00:00+00:00,0.1591737,0.11388506
2021-12-17 00:00:00+00:00,0.15767326,0.11208573
2021-12-18 00:00:00+00:00,0.15764502,0.11212067
2021-12-19 00:00:00+00:00,0.15208609,0.10782324
2021-12-20 00:00:00+00:00,0.15207455,0.10665912
2021-12-21 00:00:00+00:00,0.14692333,0.10470042
2021-12-22 00:00:00+00:00,0.14460129,0.10304568
2021-12-23 00:00:00+00:00,0.15273031,0.10883858
2021-12-24 00:00:00+00:00,0.15090561,0.10753827
2021-12-25 00:00:00+00:00,0.14917983,0.10630844
2021-12-26 00:00:00+00:00,0.14824201,0.10473254
2021-12-27 00:00:00+00:00,0.15007689,0.10614215
2021-12-28 00:00:00+00:00,0.15898521,0.11244258
2021-12-29 00:00:00+00:00,0.16042883,0.11346358
2021-12-30 00:00:00+00:00,0.15966823,0.11292564
2021-12-31 00:00:00+00:00,0.16759773,0.1185338
2022-01-01 00:00:00+00:00,0.17065472,0.12069586
2022-01-02 00:00:00+00:00,0.16758955,0.11852801
2022-01-03 00:00:00+00:00,0.1669937,0.1181066
2022-01-04 00:00:00+00:00,0.16609892,0.11620083
2022-01-05 00:00:00+00:00,0.15379692,0.11249217
2022-01-06 00:00:00+00:00,0.14865754,0.10981194
2022-01-07 00:00:00+00:00,0.15109085,0.1116094
2022-01-08 00:00:00+00:00,0.15057453,0.111228
2022-01-09 00:00:00+00:00,0.14942265,0.10832478
2022-01-10 00:00:00+00:00,0.14658025,0.10398524
2022-01-11 00:00:00+00:00,0.14827498,0.10553647
2022-01-12 00:00:00+00:00,0.14399931,0.10284407
2022-01-13 00:00:00+00:00,0.14637268,0.10453913
2022-01-14 00:00:00+00:00,0.14560294,0.10398938
2022-01-15 00:00:00+00:00,0.14466536,0.10331977
2022-01-16 00:00:00+00:00,0.142919,0.10207252
2022-01-17 00:00:00+00:00,0.14273416,0.10194051
2022-01-18 00:00:00+00:00,0.14426636,0.1030348
2022-01-19 00:00:00+00:00,0.14806251,0.105746
2022-01-20 00:00:00+00:00,0.15695458,0.1120967
2022-01-21 00:00:00+00:00,0.15432433,0.11314085
2022-01-22 00:00:00+00:00,0.14739071,0.10716596
2022-01-23 00:00:00+00:00,0.15359116,0.11167987
2022-01-24 00:00:00+00:00,0.16304842,0.11255572
2022-01-25 00:00:00+00:00,0.1644214,0.11147549
2022-01-26 00:00:00+00:00,0.16879779,0.11351831
2022-01-27 00:00:00+00:00,0.16941452,0.11118123
2022-01-28 00:00:00+00:00,0.17607098,0.11473659
2022-01-29 00:00:00+00:00,0.1752932,0.11372237
2022-01-30 00:00:00+00:00,0.17173373,0.11141314
2022-01-31 00:00:00+00:00,0.16136283,0.10653733
2022-02-01 00:00:00+00:00,0.15839153,0.10461754
2022-02-02 00:00:00+00:00,0.15680042,0.10256186
2022-02-03 00:00:00+00:00,0.15084617,0.098617037
2022-02-04 00:00:00+00:00,0.14411889,0.097459468
2022-02-05 00:00:00+00:00,0.14000127,0.094634736
2022-02-06 00:00:00+00:00,0.13776359,0.093122161
2022-02-07 00:00:00+00:00,0.14038001,0.094929756
2022-02-08 00:00:00+00:00,0.14255104,0.096397878
2022-02-09 00:00:00+00:00,0.14115403,0.095453175
2022-02-10 00:00:00+00:00,0.14179782,0.093507237
2022-02-11 00:00:00+00:00,0.14646074,0.095905548
2022-02-12 00:00:00+00:00,0.14430873,0.094496366
2022-02-13 00:00:00+00:00,0.14462603,0.09470414
2022-02-14 00:00:00+00:00,0.14190311,0.092921117
2022-02-15 00:00:00+00:00,0.14360825,0.094037678
2022-02-16 00:00:00+00:00,0.14428813,0.094482875
2022-02-17 00:00:00+00:00,0.13328445,0.091564338
2022-02-18 00:00:00+00:00,0.13373698,0.092062175
2022-02-19 00:00:00+00:00,0.13356321,0.091942555
2022-02-20 00:00:00+00:00,0.1276742,0.089515928
2022-02-21 00:00:00+00:00,0.1281566,0.088642593
2022-02-22 00:00:00+00:00,0.13247478,0.091629363
2022-02-23 00:00:00+00:00,0.13673069,0.094573067
2022-02-24 00:00:00+00:00,0.12094767,0.090871885
2022-02-25 00:00:00+00:00,0.12280053,0.093698063
2022-02-26 00:00:00+00:00,0.12530163,0.095606424
2022-02-27 00:00:00+00:00,0.13196667,0.10069192
2022-02-28 00:00:00+00:00,0.11163419,0.093553562
2022-03-01 00:00:00+00:00,0.10950487,0.092100358
2022-03-02 00:00:00+00:00,0.10748149,0.090398571
2022-03-03 00:00:00+00:00,0.10491488,0.087932227
2022-03-04 00:00:00+00:00,0.10851469,0.091101199
2022-03-05 00:00:00+00:00,0.10784563,0.090539506
2022-03-06 00:00:00+00:00,0.11121872,0.09337131
2022-03-07 00:00:00+00:00,0.11323641,0.095065222
2022-03-08 00:00:00+00:00,0.10923302,0.091704256
2022-03-09 00:00:00+00:00,0.1170385,0.098257179
2022-03-10 00:00:00+00:00,0.10873143,0.095040404
2022-03-11 00:00:00+00:00,0.11085479,0.096896401
2022-03-12 00:00:00+00:00,0.11101523,0.097036638
2022-03-13 00:00:00+00:00,0.11200324,0.09790024
2022-03-14 00:00:00+00:00,0.11605642,0.10144306
2022-03-15 00:00:00+00:00,0.1166857,0.1019931
2022-03-16 00:00:00+00:00,0.11263229,0.098394382
2022-03-17 00:00:00+00:00,0.11401093,0.099598749
2022-03-18 00:00:00+00:00,0.1125038,0.098282134
2022-03-19 00:00:00+00:00,0.11075695,0.096756112
2022-03-20 00:00:00+00:00,0.10981364,0.095932038
2022-03-21 00:00:00+00:00,0.10919243,0.095389364
2022-03-22 00:00:00+00:00,0.10274013,0.091106457
2022-03-23 00:00:00+00:00,0.10073288,0.088465037
2022-03-24 00:00:00+00:00,0.100188,0.087986516
2022-03-25 00:00:00+00:00,0.097707314,0.084573295
2022-03-26 00:00:00+00:00,0.098295361,0.085082296
2022-03-27 00:00:00+00:00,0.093520676,0.082478791
2022-03-28 00:00:00+00:00,0.092920896,0.082454133
2022-03-29 00:00:00+00:00,0.09173197,0.08139913
2022-03-30 00:00:00+00:00,0.091447886,0.081147046
2022-03-31 00:00:00+00:00,0.092947365,0.082477621
2022-04-01 00:00:00+00:00,0.090681936,0.079951698
2022-04-02 00:00:00+00:00,0.090690646,0.079986822
2022-04-03 00:00:00+00:00,0.091387987,0.080601859
2022-04-04 00:00:00+00:00,0.089994394,0.079372746
2022-04-05 00:00:00+00:00,0.087787151,0.076500416
2022-04-06 00:00:00+00:00,0.086876377,0.075548552
2022-04-07 00:00:00+00:00,0.083822334,0.072892727
2022-04-08 00:00:00+00:00,0.080067861,0.070585985
2022-04-09 00:00:00+00:00,0.080049896,0.070214551
2022-04-10 00:00:00+00:00,0.07957598,0.069798862
2022-04-11 00:00:00+00:00,0.078723613,0.068578244
2022-04-12 00:00:00+00:00,0.0807523,0.070137914
2022-04-13 00:00:00+00:00,0.078481159,0.068414983
2022-04-14 00:00:00+00:00,0.075225929,0.066024661
2022-04-15 00:00:00+00:00,0.074621016,0.065494806
2022-04-16 00:00:00+00:00,0.074403002,0.065303455
2022-04-17 00:00:00+00:00,0.073074398,0.064137341
2022-04-18 00:00:00+00:00,0.070198314,0.062534779
2022-04-19 00:00:00+00:00,0.071426219,0.063716861
2022-04-20 00:00:00+00:00,0.07058634,0.062967634
2022-04-21 00:00:00+00:00,0.073915744,0.06593768
2022-04-22 00:00:00+00:00,0.072183381,0.064183514
2022-04-23 00:00:00+00:00,0.071538633,0.063610949
2022-04-24 00:00:00+00:00,0.071340777,0.063435018
2022-04-25 00:00:00+00:00,0.074445826,0.066195976
2022-04-26 00:00:00+00:00,0.069338957,0.063656465
2022-04-27 00:00:00+00:00,0.069101034,0.062922973
2022-04-28 00:00:00+00:00,0.068193562,0.062096634
2022-04-29 00:00:00+00:00,0.067093997,0.060919503
2022-04-30 00:00:00+00:00,0.065498218,0.059289026
2022-05-01 00:00:00+00:00,0.062890565,0.056500264
2022-05-02 00:00:00+00:00,0.062702767,0.056331548
2022-05-03 00:00:00+00:00,0.060699231,0.054281436
2022-05-04 00:00:00+00:00,0.062620282,0.055999958
2022-05-05 00:00:00+00:00,0.05779752,0.054841205
2022-05-06 00:00:00+00:00,0.05730474,0.052890707
2022-05-07 00:00:00+00:00,0.056706374,0.051390196
2022-05-08 00:00:00+00:00,0.054353089,0.050524152
2022-05-09 00:00:00+00:00,0.050192254,0.049065527
2022-05-10 00:00:00+00:00,0.049535644,0.044931753
2022-05-11 00:00:00+00:00,0.042133486,0.041908055
2022-05-12 00:00:00+00:00,0.041926299,0.041921037
2022-05-13 00:00:00+00:00,0.042633253,0.042627902
2022-05-14 00:00:00+00:00,0.042188738,0.041900133
2022-05-15 00:00:00+00:00,0.042821009,0.042528079
2022-05-16 00:00:00+00:00,0.042949956,0.042656144
2022-05-17 00:00:00+00:00,0.042962391,0.042375419
2022-05-18 00:00:00+00:00,0.042158156,0.041582172
2022-05-19 00:00:00+00:00,0.038899708,0.038838666
2022-05-20 00:00:00+00:00,0.039332408,0.039273691
2022-05-21 00:00:00+00:00,0.038531678,0.038474156
2022-05-22 00:00:00+00:00,0.038788902,0.038730996
2022-05-23 00:00:00+00:00,0.039413389,0.039354551
2022-05-24 00:00:00+00:00,0.040100113,0.040040249
2022-05-25 00:00:00+00:00,0.039091924,0.039033566
2022-05-26 00:00:00+00:00,0.039005117,0.038459401
2022-05-27 00:00:00+00:00,0.039414195,0.038862755
2022-05-28 00:00:00+00:00,0.038802108,0.038259232
2022-05-29 00:00:00+00:00,0.038604307,0.038064198
2022-05-30 00:00:00+00:00,0.041740998,0.041157004
2022-05-31 00:00:00+00:00,0.04085077,0.039416445
2022-06-01 00:00:00+00:00,0.0416223,0.039993214
2022-06-02 00:00:00+00:00,0.040304464,0.038823083
2022-06-03 00:00:00+00:00,0.042122954,0.040336913
2022-06-04 00:00:00+00:00,0.041669397,0.039902588
2022-06-05 00:00:00+00:00,0.041719179,0.039950259
2022-06-06 00:00:00+00:00,0.041524552,0.039721393
2022-06-07 00:00:00+00:00,0.041355427,0.040811794
2022-06-08 00:00:00+00:00,0.040920913,0.040209458
2022-06-09 00:00:00+00:00,0.040483489,0.039779639
2022-06-10 00:00:00+00:00,0.041314891,0.039730772
2022-06-11 00:00:00+00:00,0.042536457,0.040905499
2022-06-12 00:00:00+00:00,0.043392351,0.040816017
2022-06-13 00:00:00+00:00,0.044111091,0.043022812
2022-06-14 00:00:00+00:00,0.045362017,0.044242877
2022-06-15 00:00:00+00:00,0.03932624,0.041440417
2022-06-16 00:00:00+00:00,0.042961062,0.043777173
2022-06-17 00:00:00+00:00,0.043528505,0.044355396
2022-06-18 00:00:00+00:00,0.038481892,0.041158613
2022-06-19 00:00:00+00:00,0.037909798,0.041293407
2022-06-20 00:00:00+00:00,0.037968744,0.041357614
2022-06-21 00:00:00+00:00,0.037536388,0.040319314
2022-06-22 00:00:00+00:00,0.036764598,0.038659397
2022-06-23 00:00:00+00:00,0.037345413,0.039270146
2022-06-24 00:00:00+00:00,0.037230828,0.039149655
2022-06-25 00:00:00+00:00,0.038159398,0.040126083
2022-06-26 00:00:00+00:00,0.037376542,0.039302879
2022-06-27 00:00:00+00:00,0.038399941,0.040379023
2022-06-28 00:00:00+00:00,0.039683525,0.041728761
2022-06-29 00:00:00+00:00,0.039695971,0.041741849
2022-06-30 00:00:00+00:00,0.037696947,0.040177356
2022-07-01 00:00:00+00:00,0.035573546,0.039075162
2022-07-02 00:00:00+00:00,0.035341372,0.038820135
2022-07-03 00:00:00+00:00,0.035324451,0.038349566
2022-07-04 00:00:00+00:00,0.037134229,0.040314329
2022-07-05 00:00:00+00:00,0.039593951,0.042984696
2022-07-06 00:00:00+00:00,0.040066009,0.043497181
2022-07-07 00:00:00+00:00,0.037269542,0.042008044
2022-07-08 00:00:00+00:00,0.037368379,0.041429625
2022-07-09 00:00:00+00:00,0.037610695,0.041698276
2022-07-10 00:00:00+00:00,0.038060805,0.042197305
2022-07-11 00:00:00+00:00,0.038508028,0.042693133
2022-07-12 00:00:00+00:00,0.038353846,0.042522194
2022-07-13 00:00:00+00:00,0.038215772,0.040931257
2022-07-14 00:00:00+00:00,0.040368126,0.04323655
2022-07-15 00:00:00+00:00,0.04063223,0.043519421
2022-07-16 00:00:00+00:00,0.041679013,0.044640584
2022-07-17 00:00:00+00:00,0.04144329,0.044388112
2022-07-18 00:00:00+00:00,0.043346877,0.044699146
2022-07-19 00:00:00+00:00,0.046016742,0.047504123
2022-07-20 00:00:00+00:00,0.0457657,0.046574342
2022-07-21 00:00:00+00:00,0.043742007,0.04361753
2022-07-22 00:00:00+00:00,0.045897573,0.045766962
2022-07-23 00:00:00+00:00,0.048332478,0.048194938
2022-07-24 00:00:00+00:00,0.04684671,0.046713399
2022-07-25 00:00:00+00:00,0.04823356,0.048096302
2022-07-26 00:00:00+00:00,0.050011403,0.049869085
2022-07-27 00:00:00+00:00,0.045800096,0.048378629
2022-07-28 00:00:00+00:00,0.046371375,0.046111967
2022-07-29 00:00:00+00:00,0.045230224,0.044977199
2022-07-30 00:00:00+00:00,0.048875283,0.048601867
2022-07-31 00:00:00+00:00,0.048707205,0.048434729
2022-08-01 00:00:00+00:00,0.048776149,0.048503288
2022-08-02 00:00:00+00:00,0.04807555,0.047806608
2022-08-03 00:00:00+00:00,0.047451932,0.047336648
2022-08-04 00:00:00+00:00,0.047107355,0.04627588
2022-08-05 00:00:00+00:00,0.047468302,0.04588079
2022-08-06 00:00:00+00:00,0.047060058,0.04548642
2022-08-07 00:00:00+00:00,0.046672977,0.045112282
2022-08-08 00:00:00+00:00,0.047998399,0.046393383
2022-08-09 00:00:00+00:00,0.049126431,0.047483695
2022-08-10 00:00:00+00:00,0.049832072,0.047547322
2022-08-11 00:00:00+00:00,0.048117042,0.046499736
2022-08-12 00:00:00+00:00,0.048430477,0.046811384
2022-08-13 00:00:00+00:00,0.047993413,0.046237148
2022-08-14 00:00:00+00:00,0.048402671,0.04663143
2022-08-15 00:00:00+00:00,0.048733236,0.046949898
2022-08-16 00:00:00+00:00,0.047922849,0.046169166
2022-08-17 00:00:00+00:00,0.048492945,0.0467184
2022-08-18 00:00:00+00:00,0.047509497,0.04577094
2022-08-19 00:00:00+00:00,0.044351983,0.044502669
2022-08-20 00:00:00+00:00,0.043942853,0.044092148
2022-08-21 00:00:00+00:00,0.04329053,0.043437609
2022-08-22 00:00:00+00:00,0.0424733,0.042617603
2022-08-23 00:00:00+00:00,0.041423828,0.041564565
2022-08-24 00:00:00+00:00,0.040325721,0.040215592
2022-08-25 00:00:00+00:00,0.040651486,0.040543997
2022-08-26 00:00:00+00:00,0.038045636,0.038586399
2022-08-27 00:00:00+00:00,0.03820777,0.038480952
2022-08-28 00:00:00+00:00,0.03842638,0.038701124
2022-08-29 00:00:00+00:00,0.037219759,0.037054993
2022-08-30 00:00:00+00:00,0.038049404,0.037882597
2022-08-31 00:00:00+00:00,0.038156346,0.037989071
2022-09-01 00:00:00+00:00,0.038151968,0.037984711
2022-09-02 00:00:00+00:00,0.037214264,0.037051118
2022-09-03 00:00:00+00:00,0.03701864,0.036856352
2022-09-04 00:00:00+00:00,0.036631934,0.036471341
2022-09-05 00:00:00+00:00,0.036780475,0.036619232
2022-09-06 00:00:00+00:00,0.03830672,0.038138785
2022-09-07 00:00:00+00:00,0.039319003,0.039146631
2022-09-08 00:00:00+00:00,0.038378436,0.038210187
2022-09-09 00:00:00+00:00,0.034545339,0.0372131
2022-09-10 00:00:00+00:00,0.035254644,0.03797718
2022-09-11 00:00:00+00:00,0.034594009,0.037265528
2022-09-12 00:00:00+00:00,0.033184999,0.035112497
2022-09-13 00:00:00+00:00,0.036008681,0.038100189
2022-09-14 00:00:00+00:00,0.035985803,0.037358559
2022-09-15 00:00:00+00:00,0.035954721,0.037326419
2022-09-16 00:00:00+00:00,0.035512619,0.036867451
2022-09-17 00:00:00+00:00,0.035793943,0.037159508
2022-09-18 00:00:00+00:00,0.036244794,0.037627559
2022-09-19 00:00:00+00:00,0.037484748,0.039129293
2022-09-20 00:00:00+00:00,0.036438351,0.037822122
2022-09-21 00:00:00+00:00,0.037469087,0.036530111
2022-09-22 00:00:00+00:00,0.03889703,0.03836933
2022-09-23 00:00:00+00:00,0.03831498,0.038176587
2022-09-24 00:00:00+00:00,0.037661887,0.037526523
2022-09-25 00:00:00+00:00,0.037950344,0.037813943
2022-09-26 00:00:00+00:00,0.036836141,0.036435651
2022-09-27 00:00:00+00:00,0.036422233,0.03719731
2022-09-28 00:00:00+00:00,0.03680006,0.037498154
2022-09-29 00:00:00+00:00,0.036824887,0.036681315
2022-09-30 00:00:00+00:00,0.036914795,0.035776644
2022-10-01 00:00:00+00:00,0.036449835,0.035326209
2022-10-02 00:00:00+00:00,0.03700683,0.035866034
2022-10-03 00:00:00+00:00,0.035700227,0.034437231
2022-10-04 00:00:00+00:00,0.03650323,0.035207143
2022-10-05 00:00:00+00:00,0.035483666,0.033393948
2022-10-06 00:00:00+00:00,0.03491274,0.032856645
2022-10-07 00:00:00+00:00,0.034038385,0.031930935
2022-10-08 00:00:00+00:00,0.033937349,0.031836518
2022-10-09 00:00:00+00:00,0.033880119,0.031782831
2022-10-10 00:00:00+00:00,0.033213312,0.031157301
2022-10-11 00:00:00+00:00,0.03280005,0.030769622
2022-10-12 00:00:00+00:00,0.03306895,0.031021876
2022-10-13 00:00:00+00:00,0.033786826,0.031059818
2022-10-14 00:00:00+00:00,0.031874641,0.029069245
2022-10-15 00:00:00+00:00,0.031922695,0.029113562
2022-10-16 00:00:00+00:00,0.031898596,0.029091584
2022-10-17 00:00:00+00:00,0.032048812,0.029228582
2022-10-18 00:00:00+00:00,0.032281616,0.029440899
2022-10-19 00:00:00+00:00,0.032063541,0.029242015
2022-10-20 00:00:00+00:00,0.032282563,0.029441763
2022-10-21 00:00:00+00:00,0.032550443,0.02968607
2022-10-22 00:00:00+00:00,0.032433628,0.029579535
2022-10-23 00:00:00+00:00,0.03298232,0.030079943
2022-10-24 00:00:00+00:00,0.032960237,0.030059803
2022-10-25 00:00:00+00:00,0.034033207,0.031038354
2022-10-26 00:00:00+00:00,0.033333065,0.030239874
2022-10-27 00:00:00+00:00,0.032476893,0.029463152
2022-10-28 00:00:00+00:00,0.032728585,0.029631531
2022-10-29 00:00:00+00:00,0.03209904,0.029061559
2022-10-30 00:00:00+00:00,0.031687624,0.028689075
2022-10-31 00:00:00+00:00,0.031373313,0.028404506
2022-11-01 00:00:00+00:00,0.031476891,0.028498283
2022-11-02 00:00:00+00:00,0.031466783,0.028489132
2022-11-03 00:00:00+00:00,0.031112237,0.028168136
2022-11-04 00:00:00+00:00,0.030633204,0.027263677
2022-11-05 00:00:00+00:00,0.030117826,0.026917388
2022-11-06 00:00:00+00:00,0.030372353,0.027144868
2022-11-07 00:00:00+00:00,0.030526592,0.027282716
2022-11-08 00:00:00+00:00,0.032755377,0.027197489
2022-11-09 00:00:00+00:00,0.029795224,0.026790472
2022-11-10 00:00:00+00:00,0.029681763,0.026045523
2022-11-11 00:00:00+00:00,0.031374931,0.027069113
2022-11-12 00:00:00+00:00,0.031828274,0.027460241
2022-11-13 00:00:00+00:00,0.032320777,0.027885154
2022-11-14 00:00:00+00:00,0.032711298,0.027838337
2022-11-15 00:00:00+00:00,0.032584796,0.027730681
2022-11-16 00:00:00+00:00,0.033161531,0.0282215
2022-11-17 00:00:00+00:00,0.032183118,0.02738884
2022-11-18 00:00:00+00:00,0.03186665,0.026997586
2022-11-19 00:00:00+00:00,0.032158585,0.027244915
2022-11-20 00:00:00+00:00,0.032151861,0.027239219
2022-11-21 00:00:00+00:00,0.032449416,0.027491308
2022-11-22 00:00:00+00:00,0.032640428,0.027653135
2022-11-23 00:00:00+00:00,0.033151147,0.028085818
2022-11-24 00:00:00+00:00,0.033525896,0.028403307
2022-11-25 00:00:00+00:00,0.033451444,0.028340232
2022-11-26 00:00:00+00:00,0.033296825,0.028209237
2022-11-27 00:00:00+00:00,0.033473242,0.028358699
2022-11-28 00:00:00+00:00,0.033892029,0.028713497
2022-11-29 00:00:00+00:00,0.033347915,0.028252521
2022-11-30 00:00:00+00:00,0.032981845,0.027925118
2022-12-01 00:00:00+00:00,0.032944129,0.027893184
2022-12-02 00:00:00+00:00,0.032795298,0.027767172
2022-12-03 00:00:00+00:00,0.032905763,0.0278607
2022-12-04 00:00:00+00:00,0.032638615,0.027634511
2022-12-05 00:00:00+00:00,0.03295245,0.027900229
2022-12-06 00:00:00+00:00,0.033224964,0.028130962
2022-12-07 00:00:00+00:00,0.033595133,0.028444377
2022-12-08 00:00:00+00:00,0.034333121,0.029069218
2022-12-09 00:00:00+00:00,0.03410185,0.028873405
2022-12-10 00:00:00+00:00,0.034140479,0.028906112
2022-12-11 00:00:00+00:00,0.033933273,0.028730674
2022-12-12 00:00:00+00:00,0.034469833,0.029184969
2022-12-13 00:00:00+00:00,0.035253284,0.029848303
2022-12-14 00:00:00+00:00,0.034938137,0.029581474
2022-12-15 00:00:00+00:00,0.034082211,0.028856777
2022-12-16 00:00:00+00:00,0.034559108,0.029260557
2022-12-17 00:00:00+00:00,0.034524643,0.029231376
2022-12-18 00:00:00+00:00,0.034516726,0.029224673
2022-12-19 00:00:00+00:00,0.034562496,0.029263426
2022-12-20 00:00:00+00:00,0.034952223,0.0295934
2022-12-21 00:00:00+00:00,0.035147445,0.029758691
2022-12-22 00:00:00+00:00,0.035085325,0.029706095
2022-12-23 00:00:00+00:00,0.034892123,0.029542514
2022-12-24 00:00:00+00:00,0.034897791,0.029547313
2022-12-25 00:00:00+00:00,0.034803773,0.02946771
2022-12-26 00:00:00+00:00,0.034672066,0.029356196
2022-12-27 00:00:00+00:00,0.035090804,0.029710734
2022-12-28 00:00:00+00:00,0.034736577,0.029410816
2022-12-29 00:00:00+00:00,0.034563202,0.029264023
2022-12-30 00:00:00+00:00,0.034875858,0.029528743
2022-12-31 00:00:00+00:00,0.034998328,0.029632436
2023-01-01 00:00:00+00:00,0.034782073,0.029449338
2023-01-02 00:00:00+00:00,0.034834798,0.029493978
2023-01-03 00:00:00+00:00,0.035093997,0.029713437
2023-01-04 00:00:00+00:00,0.035222156,0.029821947
2023-01-05 00:00:00+00:00,0.035093026,0.029712615
2023-01-06 00:00:00+00:00,0.035647847,0.030182372
2023-01-07 00:00:00+00:00,0.03554423,0.030094642
2023-01-08 00:00:00+00:00,0.035656156,0.030189408
2023-01-09 00:00:00+00:00,0.03584704,0.030351025
2023-01-10 00:00:00+00:00,0.035484271,0.030043875
2023-01-11 00:00:00+00:00,0.035672766,0.03020347
2023-01-12 00:00:00+00:00,0.037796031,0.0320012
2023-01-13 00:00:00+00:00,0.035875708,0.031203494
2023-01-14 00:00:00+00:00,0.03324291,0.030743348
2023-01-15 00:00:00+00:00,0.032352218,0.029919628
2023-01-16 00:00:00+00:00,0.033496419,0.030977795
2023-01-17 00:00:00+00:00,0.033241717,0.030742245
2023-01-18 00:00:00+00:00,0.031596671,0.02939256
2023-01-19 00:00:00+00:00,0.032198951,0.030009744
2023-01-20 00:00:00+00:00,0.034951571,0.032575214
2023-01-21 00:00:00+00:00,0.03531256,0.032911659
2023-01-22 00:00:00+00:00,0.035243085,0.032846908
2023-01-23 00:00:00+00:00,0.033871415,0.031568498
2023-01-24 00:00:00+00:00,0.033588966,0.031305253
2023-01-25 00:00:00+00:00,0.034086315,0.031768787
2023-01-26 00:00:00+00:00,0.034217894,0.03189142
2023-01-27 00:00:00+00:00,0.034354042,0.031308869
2023-01-28 00:00:00+00:00,0.03428252,0.031243687
2023-01-29 00:00:00+00:00,0.033343642,0.030361909
2023-01-30 00:00:00+00:00,0.03211062,0.029097061
2023-01-31 00:00:00+00:00,0.031584857,0.02862064
2023-02-01 00:00:00+00:00,0.030506024,0.027846865
2023-02-02 00:00:00+00:00,0.030216634,0.027700909
2023-02-03 00:00:00+00:00,0.029631282,0.027164291
2023-02-04 00:00:00+00:00,0.029606666,0.027141725
2023-02-05 00:00:00+00:00,0.029988755,0.027492003
2023-02-06 00:00:00+00:00,0.030181233,0.027668456
2023-02-07 00:00:00+00:00,0.0293792,0.026933197
2023-02-08 00:00:00+00:00,0.029014198,0.026598584
2023-02-09 00:00:00+00:00,0.030120407,0.027612694
2023-02-10 00:00:00+00:00,0.029603617,0.02713893
2023-02-11 00:00:00+00:00,0.029544029,0.027084303
2023-02-12 00:00:00+00:00,0.029549775,0.027089571
2023-02-13 00:00:00+00:00,0.029167625,0.026739237
2023-02-14 00:00:00+00:00,0.027942057,0.02568621
2023-02-15 00:00:00+00:00,0.027415729,0.02604413
2023-02-16 00:00:00+00:00,0.027323184,0.025883149
2023-02-17 00:00:00+00:00,0.026246719,0.025109775
2023-02-18 00:00:00+00:00,0.026140451,0.025021509
2023-02-19 00:00:00+00:00,0.025647687,0.024549838
2023-02-20 00:00:00+00:00,0.025428025,0.024339579
2023-02-21 00:00:00+00:00,0.025475946,0.024385448
2023-02-22 00:00:00+00:00,0.02611179,0.024994075
2023-02-23 00:00:00+00:00,0.026523367,0.025388034
2023-02-24 00:00:00+00:00,0.025795551,0.024774298
2023-02-25 00:00:00+00:00,0.025258403,0.024258777
2023-02-26 00:00:00+00:00,0.024663234,0.023687162
2023-02-27 00:00:00+00:00,0.024497848,0.023528321
2023-02-28 00:00:00+00:00,0.025045149,0.024053963
2023-03-01 00:00:00+00:00,0.025320771,0.024318676
2023-03-02 00:00:00+00:00,0.025422795,0.024416662
2023-03-03 00:00:00+00:00,0.02643386,0.025387714
2023-03-04 00:00:00+00:00,0.026427505,0.02538161
2023-03-05 00:00:00+00:00,0.026655176,0.025600271
2023-03-06 00:00:00+00:00,0.026590709,0.025538355
2023-03-07 00:00:00+00:00,0.026341138,0.025298662
2023-03-08 00:00:00+00:00,0.02648241,0.025434342
2023-03-09 00:00:00+00:00,0.024558939,0.024555005
2023-03-10 00:00:00+00:00,0.022925122,0.023097453
2023-03-11 00:00:00+00:00,0.023375828,0.023700888
2023-03-12 00:00:00+00:00,0.021687684,0.023082935
2023-03-13 00:00:00+00:00,0.023519614,0.025505057
2023-03-14 00:00:00+00:00,0.024455462,0.026519906
2023-03-15 00:00:00+00:00,0.023663296,0.025637933
2023-03-16 00:00:00+00:00,0.02341583,0.025369817
2023-03-17 00:00:00+00:00,0.024280546,0.025830163
2023-03-18 00:00:00+00:00,0.023546556,0.025049328
2023-03-19 00:00:00+00:00,0.02403346,0.025567307
2023-03-20 00:00:00+00:00,0.025473521,0.027099274
2023-03-21 00:00:00+00:00,0.025462623,0.027087682
2023-03-22 00:00:00+00:00,0.025819437,0.027467268
2023-03-23 00:00:00+00:00,0.024898827,0.026283004
2023-03-24 00:00:00+00:00,0.02431956,0.024917632
2023-03-25 00:00:00+00:00,0.024462711,0.025007251
2023-03-26 00:00:00+00:00,0.024555501,0.025102106
2023-03-27 00:00:00+00:00,0.024932694,0.025487696
2023-03-28 00:00:00+00:00,0.025086273,0.025644693
2023-03-29 00:00:00+00:00,0.024180333,0.025125594
2023-03-30 00:00:00+00:00,0.024343841,0.024788707
2023-03-31 00:00:00+00:00,0.024883355,0.025338081
2023-04-01 00:00:00+00:00,0.025058459,0.025516384
2023-04-02 00:00:00+00:00,0.024549727,0.024998355
2023-04-03 00:00:00+00:00,0.024618949,0.024409355
2023-04-04 00:00:00+00:00,0.024422197,0.024218663
2023-04-05 00:00:00+00:00,0.023922539,0.023377662
2023-04-06 00:00:00+00:00,0.02354702,0.023010826
2023-04-07 00:00:00+00:00,0.023516325,0.022980831
2023-04-08 00:00:00+00:00,0.023621463,0.023083575
2023-04-09 00:00:00+00:00,0.02322569,0.022696814
2023-04-10 00:00:00+00:00,0.021992307,0.022047781
2023-04-11 00:00:00+00:00,0.021636376,0.022021351
2023-04-12 00:00:00+00:00,0.02165246,0.022037721
2023-04-13 00:00:00+00:00,0.021606977,0.021991428
2023-04-14 00:00:00+00:00,0.02187876,0.022268047
2023-04-15 00:00:00+00:00,0.021855076,0.022243942
2023-04-16 00:00:00+00:00,0.021625593,0.022010376
2023-04-17 00:00:00+00:00,0.021842021,0.022230655
2023-04-18 00:00:00+00:00,0.022034112,0.022426164
2023-04-19 00:00:00+00:00,0.02273499,0.023139512
2023-04-20 00:00:00+00:00,0.022227211,0.022482502
2023-04-21 00:00:00+00:00,0.022787836,0.023053881
2023-04-22 00:00:00+00:00,0.023070935,0.023340285
2023-04-23 00:00:00+00:00,0.023282955,0.02355478
2023-04-24 00:00:00+00:00,0.023151671,0.023421964
2023-04-25 00:00:00+00:00,0.022133365,0.022625763
2023-04-26 00:00:00+00:00,0.023572904,0.024239131
2023-04-27 00:00:00+00:00,0.0227253,0.023367572
2023-04-28 00:00:00+00:00,0.022438042,0.023072195
2023-04-29 00:00:00+00:00,0.022440458,0.023074679
2023-04-30 00:00:00+00:00,0.022245251,0.022873955
2023-05-01 00:00:00+00:00,0.02327001,0.023927676
2023-05-02 00:00:00+00:00,0.02364164,0.024309809
2023-05-03 00:00:00+00:00,0.024267039,0.024952884
2023-05-04 00:00:00+00:00,0.024048521,0.02472819
2023-05-05 00:00:00+00:00,0.024506999,0.025199626
2023-05-06 00:00:00+00:00,0.023904089,0.024471327
2023-05-07 00:00:00+00:00,0.024025838,0.024596231
2023-05-08 00:00:00+00:00,0.024028007,0.024431959
2023-05-09 00:00:00+00:00,0.023977185,0.024380516
2023-05-10 00:00:00+00:00,0.0237926,0.023655442
2023-05-11 00:00:00+00:00,0.023477035,0.023077983
2023-05-12 00:00:00+00:00,0.023859132,0.023453758
2023-05-13 00:00:00+00:00,0.023834486,0.02342953
2023-05-14 00:00:00+00:00,0.023504963,0.023105606
2023-05-15 00:00:00+00:00,0.023066396,0.022674491
2023-05-16 00:00:00+00:00,0.022976965,0.022586579
2023-05-17 00:00:00+00:00,0.023707516,0.023304718
2023-05-18 00:00:00+00:00,0.02375232,0.02334876
2023-05-19 00:00:00+00:00,0.023686076,0.023283642
2023-05-20 00:00:00+00:00,0.023521921,0.023122276
2023-05-21 00:00:00+00:00,0.023562734,0.023162396
2023-05-22 00:00:00+00:00,0.023651638,0.023249789
2023-05-23 00:00:00+00:00,0.023158654,0.022600101
2023-05-24 00:00:00+00:00,0.02213491,0.021506857
2023-05-25 00:00:00+00:00,0.021294663,0.020690452
2023-05-26 00:00:00+00:00,0.021128935,0.020529426
2023-05-27 00:00:00+00:00,0.021225299,0.020623056
2023-05-28 00:00:00+00:00,0.02223093,0.021600153
2023-05-29 00:00:00+00:00,0.02195373,0.021330818
2023-05-30 00:00:00+00:00,0.021653055,0.021038675
2023-05-31 00:00:00+00:00,0.021664907,0.02105019
2023-06-01 00:00:00+00:00,0.022041365,0.021415967
2023-06-02 00:00:00+00:00,0.022281259,0.021649054
2023-06-03 00:00:00+00:00,0.022243471,0.021612338
2023-06-04 00:00:00+00:00,0.022403313,0.021767644
2023-06-05 00:00:00+00:00,0.023437642,0.022772626
2023-06-06 00:00:00+00:00,0.024753984,0.024051618
2023-06-07 00:00:00+00:00,0.024429148,0.023667039
2023-06-08 00:00:00+00:00,0.024263536,0.023484688
2023-06-09 00:00:00+00:00,0.024613729,0.02382364
2023-06-10 00:00:00+00:00,0.025008565,0.024205802
2023-06-11 00:00:00+00:00,0.025014286,0.024211339
2023-06-12 00:00:00+00:00,0.025477244,0.024659437
2023-06-13 00:00:00+00:00,0.025548941,0.024728833
2023-06-14 00:00:00+00:00,0.02652158,0.02567025
2023-06-15 00:00:00+00:00,0.026794985,0.025934879
2023-06-16 00:00:00+00:00,0.027098659,0.026228805
2023-06-17 00:00:00+00:00,0.027424943,0.026544616
2023-06-18 00:00:00+00:00,0.02735219,0.026474198
2023-06-19 00:00:00+00:00,0.026673789,0.025817573
2023-06-20 00:00:00+00:00,0.025111076,0.024925068
2023-06-21 00:00:00+00:00,0.023307908,0.024172878
2023-06-22 00:00:00+00:00,0.023325806,0.024198894
2023-06-23 00:00:00+00:00,0.022707105,0.023699885
2023-06-24 00:00:00+00:00,0.022170778,0.023149224
2023-06-25 00:00:00+00:00,0.02216465,0.023142825
2023-06-26 00:00:00+00:00,0.022138464,0.023115483
2023-06-27 00:00:00+00:00,0.022175125,0.023153762
2023-06-28 00:00:00+00:00,0.02178964,0.022572908
2023-06-29 00:00:00+00:00,0.021965726,0.022755528
2023-06-30 00:00:00+00:00,0.021558538,0.022225962
2023-07-01 00:00:00+00:00,0.021545085,0.022212328
2023-07-02 00:00:00+00:00,0.021462741,0.022127434
2023-07-03 00:00:00+00:00,0.021798069,0.022473147
2023-07-04 00:00:00+00:00,0.021512936,0.022179184
2023-07-05 00:00:00+00:00,0.021732466,0.022405513
2023-07-06 00:00:00+00:00,0.021793925,0.022468875
2023-07-07 00:00:00+00:00,0.021659992,0.022330794
2023-07-08 00:00:00+00:00,0.021521725,0.022188245
2023-07-09 00:00:00+00:00,0.021578267,0.022246538
2023-07-10 00:00:00+00:00,0.021267152,0.021570937
2023-07-11 00:00:00+00:00,0.021019654,0.021321042
2023-07-12 00:00:00+00:00,0.021386518,0.021693166
2023-07-13 00:00:00+00:00,0.020551706,0.021074441
2023-07-14 00:00:00+00:00,0.020875186,0.021398665
2023-07-15 00:00:00+00:00,0.020732425,0.021252325
2023-07-16 00:00:00+00:00,0.02061682,0.02113382
2023-07-17 00:00:00+00:00,0.020318926,0.020828456
2023-07-18 00:00:00+00:00,0.020181581,0.020687667
2023-07-19 00:00:00+00:00,0.020370191,0.020881007
2023-07-20 00:00:00+00:00,0.020819165,0.021341239
2023-07-21 00:00:00+00:00,0.020855305,0.021378285
2023-07-22 00:00:00+00:00,0.020659009,0.021177067
2023-07-23 00:00:00+00:00,0.020905452,0.021429691
2023-07-24 00:00:00+00:00,0.020672245,0.0211867
2023-07-25 00:00:00+00:00,0.020688457,0.02120359
2023-07-26 00:00:00+00:00,0.020583503,0.021096023
2023-07-27 00:00:00+00:00,0.020720759,0.021236696
2023-07-28 00:00:00+00:00,0.020750224,0.021266895
2023-07-29 00:00:00+00:00,0.020735224,0.021251521
2023-07-30 00:00:00+00:00,0.020837661,0.021356509
2023-07-31 00:00:00+00:00,0.020413115,0.020921392
2023-08-01 00:00:00+00:00,0.019843636,0.020337733
2023-08-02 00:00:00+00:00,0.019452325,0.019948157
2023-08-03 00:00:00+00:00,0.019479098,0.019975612
2023-08-04 00:00:00+00:00,0.019398186,0.019892637
2023-08-05 00:00:00+00:00,0.019366526,0.019860171
2023-08-06 00:00:00+00:00,0.019265649,0.019756722
2023-08-07 00:00:00+00:00,0.019335627,0.019828484
2023-08-08 00:00:00+00:00,0.019540776,0.020038862
2023-08-09 00:00:00+00:00,0.019755555,0.020259115
2023-08-10 00:00:00+00:00,0.019700062,0.020202208
2023-08-11 00:00:00+00:00,0.019567872,0.020066649
2023-08-12 00:00:00+00:00,0.019482061,0.019978651
2023-08-13 00:00:00+00:00,0.019347086,0.019840235
2023-08-14 00:00:00+00:00,0.018920416,0.019402689
2023-08-15 00:00:00+00:00,0.018949629,0.019432647
2023-08-16 00:00:00+00:00,0.018657859,0.01913344
2023-08-17 00:00:00+00:00,0.019714042,0.020079857
2023-08-18 00:00:00+00:00,0.020018426,0.020389889
2023-08-19 00:00:00+00:00,0.01991102,0.02028049
2023-08-20 00:00:00+00:00,0.019598974,0.019962654
2023-08-21 00:00:00+00:00,0.019675547,0.020040648
2023-08-22 00:00:00+00:00,0.019748644,0.020115101
2023-08-23 00:00:00+00:00,0.01983364,0.020201674
2023-08-24 00:00:00+00:00,0.020214684,0.020589789
2023-08-25 00:00:00+00:00,0.020295835,0.020672445
2023-08-26 00:00:00+00:00,0.020241285,0.020616883
2023-08-27 00:00:00+00:00,0.020247501,0.020623215
2023-08-28 00:00:00+00:00,0.020514878,0.020895553
2023-08-29 00:00:00+00:00,0.021931938,0.022338908
2023-08-30 00:00:00+00:00,0.022193624,0.02260545
2023-08-31 00:00:00+00:00,0.023044239,0.023471849
2023-09-01 00:00:00+00:00,0.022862218,0.023286451
2023-09-02 00:00:00+00:00,0.022744754,0.023166806
2023-09-03 00:00:00+00:00,0.022652529,0.023072871
2023-09-04 00:00:00+00:00,0.022191806,0.022603599
2023-09-05 00:00:00+00:00,0.022237239,0.022649874
2023-09-06 00:00:00+00:00,0.022238329,0.022650984
2023-09-07 00:00:00+00:00,0.022608939,0.023028472
2023-09-08 00:00:00+00:00,0.023008926,0.023435881
2023-09-09 00:00:00+00:00,0.022980601,0.02340703
2023-09-10 00:00:00+00:00,0.022923822,0.023349198
2023-09-11 00:00:00+00:00,0.023069534,0.023497613
2023-09-12 00:00:00+00:00,0.023246329,0.023219708
2023-09-13 00:00:00+00:00,0.023464744,0.023437874
2023-09-14 00:00:00+00:00,0.02377125,0.023744028
2023-09-15 00:00:00+00:00,0.024208244,0.024180522
2023-09-16 00:00:00+00:00,0.024344371,0.024316493
2023-09-17 00:00:00+00:00,0.024392237,0.024364304
2023-09-18 00:00:00+00:00,0.024920058,0.024891521
2023-09-19 00:00:00+00:00,0.024505206,0.024189013
2023-09-20 00:00:00+00:00,0.02387248,0.02356445
2023-09-21 00:00:00+00:00,0.023418331,0.023017729
2023-09-22 00:00:00+00:00,0.023289479,0.022891082
2023-09-23 00:00:00+00:00,0.023175339,0.022778894
2023-09-24 00:00:00+00:00,0.022878935,0.02248756
2023-09-25 00:00:00+00:00,0.022520396,0.022135155
2023-09-26 00:00:00+00:00,0.022358862,0.021976383
2023-09-27 00:00:00+00:00,0.022284164,0.021465659
2023-09-28 00:00:00+00:00,0.022686624,0.021853337
2023-09-29 00:00:00+00:00,0.022988766,0.022144381
2023-09-30 00:00:00+00:00,0.022889045,0.022048322
2023-10-01 00:00:00+00:00,0.023602581,0.022735651
2023-10-02 00:00:00+00:00,0.02351727,0.022653473
2023-10-03 00:00:00+00:00,0.023569508,0.022703792
2023-10-04 00:00:00+00:00,0.023512713,0.022649083
2023-10-05 00:00:00+00:00,0.023312895,0.022456604
2023-10-06 00:00:00+00:00,0.022987625,0.021980578
2023-10-07 00:00:00+00:00,0.023058701,0.022049068
2023-10-08 00:00:00+00:00,0.022953071,0.021948063
2023-10-09 00:00:00+00:00,0.023403236,0.022378517
2023-10-10 00:00:00+00:00,0.023599006,0.022565715
2023-10-11 00:00:00+00:00,0.024194304,0.023134948
2023-10-12 00:00:00+00:00,0.024134898,0.023078143
2023-10-13 00:00:00+00:00,0.024060473,0.023006977
2023-10-14 00:00:00+00:00,0.024020755,0.022968998
2023-10-15 00:00:00+00:00,0.024132732,0.023076072
2023-10-16 00:00:00+00:00,0.023029201,0.021730333
2023-10-17 00:00:00+00:00,0.02302372,0.021711103
2023-10-18 00:00:00+00:00,0.023164963,0.021844294
2023-10-19 00:00:00+00:00,0.023433098,0.022097143
2023-10-20 00:00:00+00:00,0.024251564,0.022868946
2023-10-21 00:00:00+00:00,0.023871559,0.022510606
2023-10-22 00:00:00+00:00,0.023433257,0.022097292
2023-10-23 00:00:00+00:00,0.024735719,0.023294953
2023-10-24 00:00:00+00:00,0.024153888,0.022746955
2023-10-25 00:00:00+00:00,0.024579784,0.023148042
2023-10-26 00:00:00+00:00,0.024450263,0.023026066
2023-10-27 00:00:00+00:00,0.02430342,0.022887777
2023-10-28 00:00:00+00:00,0.024439137,0.023015588
2023-10-29 00:00:00+00:00,0.024565974,0.023135037
2023-10-30 00:00:00+00:00,0.025200357,0.023732468
2023-10-31 00:00:00+00:00,0.024975526,0.023520733
2023-11-01 00:00:00+00:00,0.025349287,0.023872723
2023-11-02 00:00:00+00:00,0.024925313,0.023473445
2023-11-03 00:00:00+00:00,0.024680379,0.023242778
2023-11-04 00:00:00+00:00,0.024905449,0.023454738
2023-11-05 00:00:00+00:00,0.02419007,0.022781029
2023-11-06 00:00:00+00:00,0.024470264,0.023044902
2023-11-07 00:00:00+00:00,0.024716515,0.023276809
2023-11-08 00:00:00+00:00,0.024682159,0.023244454
2023-11-09 00:00:00+00:00,0.024567606,0.022904919
2023-11-10 00:00:00+00:00,0.024728869,0.023055268
2023-11-11 00:00:00+00:00,0.024554336,0.022892547
2023-11-12 00:00:00+00:00,0.024615157,0.022949251
2023-11-13 00:00:00+00:00,0.024282873,0.022639456
2023-11-14 00:00:00+00:00,0.023966065,0.022146061
2023-11-15 00:00:00+00:00,0.022450986,0.021593002
2023-11-16 00:00:00+00:00,0.022757534,0.021804922
2023-11-17 00:00:00+00:00,0.022651666,0.021703485
2023-11-18 00:00:00+00:00,0.022540884,0.02159734
2023-11-19 00:00:00+00:00,0.02299611,0.02203351
2023-11-20 00:00:00+00:00,0.022747501,0.021795309
2023-11-21 00:00:00+00:00,0.02241549,0.021284004
2023-11-22 00:00:00+00:00,0.022955611,0.021796861
2023-11-23 00:00:00+00:00,0.023164575,0.021995277
2023-11-24 00:00:00+00:00,0.022894289,0.021420248
2023-11-25 00:00:00+00:00,0.022983683,0.021534031
2023-11-26 00:00:00+00:00,0.023187745,0.021725222
2023-11-27 00:00:00+00:00,0.02319979,0.021736507
2023-11-28 00:00:00+00:00,0.02389779,0.022390482
2023-11-29 00:00:00+00:00,0.023905487,0.022397694
2023-11-30 00:00:00+00:00,0.023670114,0.022177167
2023-12-01 00:00:00+00:00,0.022913178,0.021334405
2023-12-02 00:00:00+00:00,0.022312264,0.020774895
2023-12-03 00:00:00+00:00,0.021996602,0.020480983
2023-12-04 00:00:00+00:00,0.021095173,0.020361204
2023-12-05 00:00:00+00:00,0.022120973,0.021351313
2023-12-06 00:00:00+00:00,0.022260344,0.021485834
2023-12-07 00:00:00+00:00,0.022481776,0.021699562
2023-12-08 00:00:00+00:00,0.022249323,0.021475197
2023-12-09 00:00:00+00:00,0.022127365,0.021357482
2023-12-10 00:00:00+00:00,0.022139154,0.021368861
2023-12-11 00:00:00+00:00,0.022941287,0.022143085
2023-12-12 00:00:00+00:00,0.022729006,0.02193819
2023-12-13 00:00:00+00:00,0.021242122,0.02090044
2023-12-14 00:00:00+00:00,0.020509888,0.020085212
2023-12-15 00:00:00+00:00,0.020770783,0.020340705
2023-12-16 00:00:00+00:00,0.020556619,0.020130975
2023-12-17 00:00:00+00:00,0.020170922,0.019753265
2023-12-18 00:00:00+00:00,0.019434101,0.019403572
2023-12-19 00:00:00+00:00,0.018868548,0.018875419
2023-12-20 00:00:00+00:00,0.018399722,0.018526636
2023-12-21 00:00:00+00:00,0.018598325,0.018722627
2023-12-22 00:00:00+00:00,0.018501204,0.018624856
2023-12-23 00:00:00+00:00,0.018632367,0.018756896
2023-12-24 00:00:00+00:00,0.018819455,0.018945234
2023-12-25 00:00:00+00:00,0.018571518,0.01869564
2023-12-26 00:00:00+00:00,0.017981426,0.018024823
2023-12-27 00:00:00+00:00,0.017936262,0.017979549
2023-12-28 00:00:00+00:00,0.017871992,0.017915124
2023-12-29 00:00:00+00:00,0.017956512,0.017999848
2023-12-30 00:00:00+00:00,0.018194406,0.018238316
2023-12-31 00:00:00+00:00,0.018351847,0.018396138
2024-01-01 00:00:00+00:00,0.017632864,0.017804881
2024-01-02 00:00:00+00:00,0.016646965,0.017364217
2024-01-03 00:00:00+00:00,0.015808366,0.016965556
2024-01-04 00:00:00+00:00,0.015957062,0.017125614
2024-01-05 00:00:00+00:00,0.016525927,0.017736137
2024-01-06 00:00:00+00:00,0.016575579,0.017789426
2024-01-07 00:00:00+00:00,0.016218124,0.017405794
2024-01-08 00:00:00+00:00,0.01740693,0.018681657
2024-01-09 00:00:00+00:00,0.017368241,0.017536345
2024-01-10 00:00:00+00:00,0.017189973,0.017203265
2024-01-11 00:00:00+00:00,0.017029884,0.016842933
2024-01-12 00:00:00+00:00,0.015611546,0.015791134
2024-01-13 00:00:00+00:00,0.01555266,0.015792691
2024-01-14 00:00:00+00:00,0.015658567,0.015900233
2024-01-15 00:00:00+00:00,0.015518662,0.015758168
2024-01-16 00:00:00+00:00,0.015163666,0.015397694
2024-01-17 00:00:00+00:00,0.015329927,0.015566521
2024-01-18 00:00:00+00:00,0.014710309,0.015039736
2024-01-19 00:00:00+00:00,0.014361604,0.01475928
2024-01-20 00:00:00+00:00,0.014247661,0.014642182
2024-01-21 00:00:00+00:00,0.014183905,0.014576661
2024-01-22 00:00:00+00:00,0.014002195,0.014445171
2024-01-23 00:00:00+00:00,0.014282757,0.014689619
2024-01-24 00:00:00+00:00,0.014143498,0.01437234
2024-01-25 00:00:00+00:00,0.013990078,0.014216438
2024-01-26 00:00:00+00:00,0.013276153,0.013871366
2024-01-27 00:00:00+00:00,0.013074017,0.013659181
2024-01-28 00:00:00+00:00,0.013122624,0.013709964
2024-01-29 00:00:00+00:00,0.013379186,0.013978009
2024-01-30 00:00:00+00:00,0.013078726,0.0136641
2024-01-31 00:00:00+00:00,0.01275503,0.013325917
2024-02-01 00:00:00+00:00,0.012958819,0.013538827
2024-02-02 00:00:00+00:00,0.0128982,0.013475495
2024-02-03 00:00:00+00:00,0.012898251,0.013475548
2024-02-04 00:00:00+00:00,0.01287669,0.013453022
2024-02-05 00:00:00+00:00,0.013068698,0.013653625
2024-02-06 00:00:00+00:00,0.012993188,0.013574734
2024-02-07 00:00:00+00:00,0.012649875,0.013276143
2024-02-08 00:00:00+00:00,0.012699005,0.013457397
2024-02-09 00:00:00+00:00,0.012162818,0.013131936
2024-02-10 00:00:00+00:00,0.011888308,0.012839441
2024-02-11 00:00:00+00:00,0.011620268,0.012480394
2024-02-12 00:00:00+00:00,0.011958138,0.012843273
2024-02-13 00:00:00+00:00,0.012155021,0.01305473
2024-02-14 00:00:00+00:00,0.012670384,0.013608239
2024-02-15 00:00:00+00:00,0.012678341,0.013616785
2024-02-16 00:00:00+00:00,0.012617138,0.013551052
2024-02-17 00:00:00+00:00,0.012816547,0.013765222
2024-02-18 00:00:00+00:00,0.012869318,0.013821899
2024-02-19 00:00:00+00:00,0.01279521,0.013742305
2024-02-20 00:00:00+00:00,0.01271476,0.013328328
2024-02-21 00:00:00+00:00,0.012552244,0.01315797
2024-02-22 00:00:00+00:00,0.012478106,0.013080254
2024-02-23 00:00:00+00:00,0.012482762,0.013085135
2024-02-24 00:00:00+00:00,0.012608091,0.013216512
2024-02-25 00:00:00+00:00,0.012568695,0.013175215
2024-02-26 00:00:00+00:00,0.013327461,0.013970596
2024-02-27 00:00:00+00:00,0.012680853,0.013591346
2024-02-28 00:00:00+00:00,0.011386017,0.013035346
2024-02-29 00:00:00+00:00,0.011114266,0.01270954
2024-03-01 00:00:00+00:00,0.010754041,0.012274204
2024-03-02 00:00:00+00:00,0.010602276,0.012100986
2024-03-03 00:00:00+00:00,0.010324257,0.011735463
2024-03-04 00:00:00+00:00,0.0094632035,0.011436208
2024-03-05 00:00:00+00:00,0.0096681431,0.011638776
2024-03-06 00:00:00+00:00,0.0099897784,0.01202597
2024-03-07 00:00:00+00:00,0.010009187,0.012049334
2024-03-08 00:00:00+00:00,0.0097980096,0.011686707
2024-03-09 00:00:00+00:00,0.0097757474,0.011660326
2024-03-10 00:00:00+00:00,0.0095275206,0.011364246
2024-03-11 00:00:00+00:00,0.0097174749,0.011434087
2024-03-12 00:00:00+00:00,0.0098736967,0.011617905
2024-03-13 00:00:00+00:00,0.0098766753,0.01162141
2024-03-14 00:00:00+00:00,0.010281184,0.012097376
2024-03-15 00:00:00+00:00,0.0098888778,0.011583166
2024-03-16 00:00:00+00:00,0.0093723069,0.011286883
2024-03-17 00:00:00+00:00,0.0089356514,0.010732096
2024-03-18 00:00:00+00:00,0.0089558665,0.010753699
2024-03-19 00:00:00+00:00,0.0094124934,0.011269818
2024-03-20 00:00:00+00:00,0.008758852,0.010417226
2024-03-21 00:00:00+00:00,0.0089457687,0.010616466
2024-03-22 00:00:00+00:00,0.0092485628,0.010975809
2024-03-23 00:00:00+00:00,0.0090925387,0.010788054
2024-03-24 00:00:00+00:00,0.0094386105,0.011197502
2024-03-25 00:00:00+00:00,0.0095913748,0.011378734
2024-03-26 00:00:00+00:00,0.009781126,0.011603846
2024-03-27 00:00:00+00:00,0.0097138104,0.011523986
2024-03-28 00:00:00+00:00,0.0095132997,0.01125456
2024-03-29 00:00:00+00:00,0.0093405044,0.011050137
2024-03-30 00:00:00+00:00,0.0093347218,0.011043296
2024-03-31 00:00:00+00:00,0.0092048215,0.010889619
2024-04-01 00:00:00+00:00,0.009066983,0.010726552
2024-04-02 00:00:00+00:00,0.009055911,0.010713453
2024-04-03 00:00:00+00:00,0.0087470669,0.01034808
2024-04-04 00:00:00+00:00,0.0088223789,0.010437177
2024-04-05 00:00:00+00:00,0.0087520958,0.010249593
2024-04-06 00:00:00+00:00,0.0086438148,0.010122785
2024-04-07 00:00:00+00:00,0.0086569524,0.010138171
2024-04-08 00:00:00+00:00,0.0089111632,0.010435878
2024-04-09 00:00:00+00:00,0.0086929631,0.010158589
2024-04-10 00:00:00+00:00,0.0089788581,0.010492811
2024-04-11 00:00:00+00:00,0.008829286,0.010318019
2024-04-12 00:00:00+00:00,0.0091779661,0.010725491
2024-04-13 00:00:00+00:00,0.0093435762,0.010919025
2024-04-14 00:00:00+00:00,0.0097716846,0.01104689
2024-04-15 00:00:00+00:00,0.010067106,0.011230869
2024-04-16 00:00:00+00:00,0.010162545,0.011164248
2024-04-17 00:00:00+00:00,0.010568884,0.011610699
2024-04-18 00:00:00+00:00,0.010705003,0.011760236
2024-04-19 00:00:00+00:00,0.010966221,0.012016268
2024-04-20 00:00:00+00:00,0.011007103,0.012061064
2024-04-21 00:00:00+00:00,0.010864163,0.011904436
2024-04-22 00:00:00+00:00,0.010645577,0.0115793
2024-04-23 00:00:00+00:00,0.010854155,0.011806173
2024-04-24 00:00:00+00:00,0.010466799,0.011464542
2024-04-25 00:00:00+00:00,0.010872939,0.011909595
2024-04-26 00:00:00+00:00,0.010886865,0.011924849
2024-04-27 00:00:00+00:00,0.0108793,0.011916562
2024-04-28 00:00:00+00:00,0.010915685,0.011956417
2024-04-29 00:00:00+00:00,0.010926476,0.011968236
2024-04-30 00:00:00+00:00,0.011447612,0.012041607
2024-05-01 00:00:00+00:00,0.011377963,0.01176408
2024-05-02 00:00:00+00:00,0.011667271,0.012031185
2024-05-03 00:00:00+00:00,0.012034976,0.012410359
2024-05-04 00:00:00+00:00,0.01182772,0.012172336
2024-05-05 00:00:00+00:00,0.011749874,0.012092221
2024-05-06 00:00:00+00:00,0.011995159,0.012344653
2024-05-07 00:00:00+00:00,0.012131177,0.012484634
2024-05-08 00:00:00+00:00,0.01229089,0.012649001
2024-05-09 00:00:00+00:00,0.012225238,0.012581436
2024-05-10 00:00:00+00:00,0.012760201,0.013131985
2024-05-11 00:00:00+00:00,0.012780847,0.013153232
2024-05-12 00:00:00+00:00,0.012636315,0.013004489
2024-05-13 00:00:00+00:00,0.012784852,0.013157354
2024-05-14 00:00:00+00:00,0.012711821,0.013082196
2024-05-15 00:00:00+00:00,0.013629375,0.014026483
2024-05-16 00:00:00+00:00,0.013845829,0.014249244
2024-05-17 00:00:00+00:00,0.013471587,0.013862375
2024-05-18 00:00:00+00:00,0.013525456,0.013917112
2024-05-19 00:00:00+00:00,0.013645422,0.014040552
2024-05-20 00:00:00+00:00,0.014633895,0.015057648
2024-05-21 00:00:00+00:00,0.014842717,0.015272517
2024-05-22 00:00:00+00:00,0.01478085,0.015208858
2024-05-23 00:00:00+00:00,0.015194241,0.01563422
2024-05-24 00:00:00+00:00,0.015719842,0.01617504
2024-05-25 00:00:00+00:00,0.015751449,0.016207563
2024-05-26 00:00:00+00:00,0.015549015,0.015999267
2024-05-27 00:00:00+00:00,0.015853489,0.016312558
2024-05-28 00:00:00+00:00,0.01596319,0.016425435
2024-05-29 00:00:00+00:00,0.016024973,0.016489008
2024-05-30 00:00:00+00:00,0.016066765,0.016532009
2024-05-31 00:00:00+00:00,0.015692097,0.016146492
2024-06-01 00:00:00+00:00,0.015795182,0.016252562
2024-06-02 00:00:00+00:00,0.015624433,0.016076869
2024-06-03 00:00:00+00:00,0.015863002,0.016322346
2024-06-04 00:00:00+00:00,0.015923015,0.016384097
2024-06-05 00:00:00+00:00,0.015753346,0.016209515
2024-06-06 00:00:00+00:00,0.015616861,0.016069078
2024-06-07 00:00:00+00:00,0.016080157,0.01654579
2024-06-08 00:00:00+00:00,0.015997407,0.016460643
2024-06-09 00:00:00+00:00,0.015933874,0.01639527
2024-06-10 00:00:00+00:00,0.015886668,0.016346697
2024-06-11 00:00:00+00:00,0.016637156,0.017118917
2024-06-12 00:00:00+00:00,0.016991382,0.017483401
2024-06-13 00:00:00+00:00,0.016914605,0.0174044
2024-06-14 00:00:00+00:00,0.017033816,0.017527063
2024-06-15 00:00:00+00:00,0.017096478,0.01759154
2024-06-16 00:00:00+00:00,0.016877208,0.01736592
2024-06-17 00:00:00+00:00,0.017102074,0.017597298
2024-06-18 00:00:00+00:00,0.017443822,0.017948942
2024-06-19 00:00:00+00:00,0.017130237,0.017626277
2024-06-20 00:00:00+00:00,0.017145814,0.017642304
2024-06-21 00:00:00+00:00,0.016956518,0.017447527
2024-06-22 00:00:00+00:00,0.01688991,0.01737899
2024-06-23 00:00:00+00:00,0.01663334,0.017114991
2024-06-24 00:00:00+00:00,0.015760658,0.016474119
2024-06-25 00:00:00+00:00,0.016232255,0.016967646
2024-06-26 00:00:00+00:00,0.016312902,0.017051947
2024-06-27 00:00:00+00:00,0.016474492,0.017220858
2024-06-28 00:00:00+00:00,0.016034713,0.016699547
2024-06-29 00:00:00+00:00,0.016016257,0.016682451
2024-06-30 00:00:00+00:00,0.016419519,0.017102486
2024-07-01 00:00:00+00:00,0.016868587,0.017570233
2024-07-02 00:00:00+00:00,0.016540812,0.017228824
2024-07-03 00:00:00+00:00,0.016444629,0.01712864
2024-07-04 00:00:00+00:00,0.016126411,0.017168717
2024-07-05 00:00:00+00:00,0.017786342,0.018935935
2024-07-06 00:00:00+00:00,0.017291726,0.0183058
2024-07-07 00:00:00+00:00,0.016789878,0.01767065
2024-07-08 00:00:00+00:00,0.017947673,0.018889181
2024-07-09 00:00:00+00:00,0.01766337,0.018589964
2024-07-10 00:00:00+00:00,0.01784964,0.018786005
2024-07-11 00:00:00+00:00,0.017791174,0.018366363
2024-07-12 00:00:00+00:00,0.017090815,0.017643361
2024-07-13 00:00:00+00:00,0.017068083,0.017619894
2024-07-14 00:00:00+00:00,0.017577636,0.018145921
2024-07-15 00:00:00+00:00,0.018130993,0.018717168
2024-07-16 00:00:00+00:00,0.018530948,0.019130054
2024-07-17 00:00:00+00:00,0.018647639,0.019250518
2024-07-18 00:00:00+00:00,0.018533772,0.018938077
2024-07-19 00:00:00+00:00,0.019217025,0.019636389
2024-07-20 00:00:00+00:00,0.01934188,0.019763969
2024-07-21 00:00:00+00:00,0.018899791,0.019312233
2024-07-22 00:00:00+00:00,0.01863418,0.019040825
2024-07-23 00:00:00+00:00,0.01860865,0.019014738
2024-07-24 00:00:00+00:00,0.018773138,0.019182816
2024-07-25 00:00:00+00:00,0.018563082,0.018933774
2024-07-26 00:00:00+00:00,0.017956866,0.018725578
2024-07-27 00:00:00+00:00,0.017833481,0.018596911
2024-07-28 00:00:00+00:00,0.017566081,0.018318064
2024-07-29 00:00:00+00:00,0.016432536,0.017411416
2024-07-30 00:00:00+00:00,0.016501049,0.017484353
2024-07-31 00:00:00+00:00,0.016620009,0.017610403
2024-08-01 00:00:00+00:00,0.017656423,0.018708577
2024-08-02 00:00:00+00:00,0.017164425,0.018187261
2024-08-03 00:00:00+00:00,0.017449658,0.01848949
2024-08-04 00:00:00+00:00,0.017070161,0.01808738
2024-08-05 00:00:00+00:00,0.013124643,0.01646779
2024-08-06 00:00:00+00:00,0.013123369,0.01705192
2024-08-07 00:00:00+00:00,0.013117176,0.017043874
2024-08-08 00:00:00+00:00,0.013650503,0.01797655
2024-08-09 00:00:00+00:00,0.013741225,0.017722181
2024-08-10 00:00:00+00:00,0.013824196,0.017829323
2024-08-11 00:00:00+00:00,0.013501108,0.017347908
2024-08-12 00:00:00+00:00,0.01311949,0.016809435
2024-08-13 00:00:00+00:00,0.013492459,0.017287985
2024-08-14 00:00:00+00:00,0.013585792,0.017407572
2024-08-15 00:00:00+00:00,0.013744409,0.017610809
2024-08-16 00:00:00+00:00,0.014266718,0.018280047
2024-08-17 00:00:00+00:00,0.014179906,0.018168815
2024-08-18 00:00:00+00:00,0.013878647,0.01778281
2024-08-19 00:00:00+00:00,0.013395285,0.017119307
2024-08-20 00:00:00+00:00,0.012643377,0.01647253
2024-08-21 00:00:00+00:00,0.012869783,0.016767696
2024-08-22 00:00:00+00:00,0.01305094,0.017003721
2024-08-23 00:00:00+00:00,0.012324177,0.016610674
2024-08-24 00:00:00+00:00,0.012185463,0.016391982
2024-08-25 00:00:00+00:00,0.012052816,0.016213544
2024-08-26 00:00:00+00:00,0.012217154,0.016434613
2024-08-27 00:00:00+00:00,0.011922454,0.016249485
2024-08-28 00:00:00+00:00,0.011788588,0.016168669
2024-08-29 00:00:00+00:00,0.012259091,0.016813989
2024-08-30 00:00:00+00:00,0.012204603,0.016739255
2024-08-31 00:00:00+00:00,0.012157522,0.016674681
2024-09-01 00:00:00+00:00,0.01233559,0.016918911
2024-09-02 00:00:00+00:00,0.012430044,0.01704846
2024-09-03 00:00:00+00:00,0.012030776,0.016500843
2024-09-04 00:00:00+00:00,0.012020461,0.016468501
2024-09-05 00:00:00+00:00,0.011974438,0.016294034
2024-09-06 00:00:00+00:00,0.011662344,0.016051587
2024-09-07 00:00:00+00:00,0.011612911,0.015983878
2024-09-08 00:00:00+00:00,0.011802293,0.016244541
2024-09-09 00:00:00+00:00,0.011149937,0.015632371
2024-09-10 00:00:00+00:00,0.011267208,0.015632297
2024-09-11 00:00:00+00:00,0.010882551,0.015146211
2024-09-12 00:00:00+00:00,0.010655186,0.014841563
2024-09-13 00:00:00+00:00,0.010094153,0.014377105
2024-09-14 00:00:00+00:00,0.01008581,0.014389975
2024-09-15 00:00:00+00:00,0.010127299,0.014449169
2024-09-16 00:00:00+00:00,0.010378924,0.014808176
2024-09-17 00:00:00+00:00,0.0099127827,0.014296705
2024-09-18 00:00:00+00:00,0.010058632,0.014506262
2024-09-19 00:00:00+00:00,0.0099644462,0.014340574
2024-09-20 00:00:00+00:00,0.010086115,0.014515676
2024-09-21 00:00:00+00:00,0.0099764896,0.014357906
2024-09-22 00:00:00+00:00,0.0099828985,0.01436713
2024-09-23 00:00:00+00:00,0.010058102,0.014475361
2024-09-24 00:00:00+00:00,0.010184631,0.014657457
2024-09-25 00:00:00+00:00,0.010067761,0.014489262
2024-09-26 00:00:00+00:00,0.010289962,0.014809048
2024-09-27 00:00:00+00:00,0.010223557,0.014713479
2024-09-28 00:00:00+00:00,0.010241534,0.014739352
2024-09-29 00:00:00+00:00,0.010313619,0.014843094
2024-09-30 00:00:00+00:00,0.010266496,0.014775275
2024-10-01 00:00:00+00:00,0.010845503,0.015391795
2024-10-02 00:00:00+00:00,0.010721531,0.015215855
2024-10-03 00:00:00+00:00,0.01090621,0.015477949
2024-10-04 00:00:00+00:00,0.010689162,0.015131753
2024-10-05 00:00:00+00:00,0.010718581,0.015174131
2024-10-06 00:00:00+00:00,0.010739775,0.015204135
2024-10-07 00:00:00+00:00,0.010667889,0.015102367
2024-10-08 00:00:00+00:00,0.010311224,0.014597442
2024-10-09 00:00:00+00:00,0.010620404,0.015035142
2024-10-10 00:00:00+00:00,0.010818671,0.015315826
2024-10-11 00:00:00+00:00,0.011180433,0.015827967
2024-10-12 00:00:00+00:00,0.011260562,0.015941405
2024-10-13 00:00:00+00:00,0.011180182,0.015827611
2024-10-14 00:00:00+00:00,0.010498971,0.014985304
2024-10-15 00:00:00+00:00,0.010377713,0.014501495
2024-10-16 00:00:00+00:00,0.010203287,0.014261853
2024-10-17 00:00:00+00:00,0.010005572,0.013985493
2024-10-18 00:00:00+00:00,0.010127951,0.014156552
2024-10-19 00:00:00+00:00,0.010119169,0.014144275
2024-10-20 00:00:00+00:00,0.010017041,0.014001525
2024-10-21 00:00:00+00:00,0.010223448,0.014290035
2024-10-22 00:00:00+00:00,0.010032608,0.014023284
2024-10-23 00:00:00+00:00,0.0099018473,0.01373156
2024-10-24 00:00:00+00:00,0.0099851964,0.013847269
2024-10-25 00:00:00+00:00,0.01002925,0.013908361
2024-10-26 00:00:00+00:00,0.010201534,0.014147282
2024-10-27 00:00:00+00:00,0.010010929,0.013882955
2024-10-28 00:00:00+00:00,0.010173733,0.014108728
2024-10-29 00:00:00+00:00,0.010348142,0.014350595
2024-10-30 00:00:00+00:00,0.010361864,0.014369624
2024-10-31 00:00:00+00:00,0.010661972,0.014785808
2024-11-01 00:00:00+00:00,0.010596622,0.014695183
2024-11-02 00:00:00+00:00,0.01058466,0.014678594
2024-11-03 00:00:00+00:00,0.010739464,0.014893273
2024-11-04 00:00:00+00:00,0.010502494,0.014438061
2024-11-05 00:00:00+00:00,0.01048917,0.014199897
2024-11-06 00:00:00+00:00,0.010672327,0.014437217
2024-11-07 00:00:00+00:00,0.010649711,0.014263027
2024-11-08 00:00:00+00:00,0.010600131,0.014197048
2024-11-09 00:00:00+00:00,0.010694415,0.014323326
2024-11-10 00:00:00+00:00,0.010881768,0.014574253
2024-11-11 00:00:00+00:00,0.01179609,0.015798828
2024-11-12 00:00:00+00:00,0.011698407,0.015649521
2024-11-13 00:00:00+00:00,0.012489802,0.016708209
2024-11-14 00:00:00+00:00,0.012126413,0.016181374
2024-11-15 00:00:00+00:00,0.012473317,0.016338557
2024-11-16 00:00:00+00:00,0.012480213,0.01634759
2024-11-17 00:00:00+00:00,0.012539532,0.016425292
2024-11-18 00:00:00+00:00,0.012325795,0.016145321
2024-11-19 00:00:00+00:00,0.012001902,0.015500407
2024-11-20 00:00:00+00:00,0.012009798,0.015510577
2024-11-21 00:00:00+00:00,0.01243573,0.016060666
2024-11-22 00:00:00+00:00,0.012359104,0.015961704
2024-11-23 00:00:00+00:00,0.012151117,0.01569309
2024-11-24 00:00:00+00:00,0.012700861,0.016403081
2024-11-25 00:00:00+00:00,0.01273577,0.016448166
2024-11-26 00:00:00+00:00,0.012712163,0.016417677
2024-11-27 00:00:00+00:00,0.012434719,0.016230936
2024-11-28 00:00:00+00:00,0.012481208,0.016289288
2024-11-29 00:00:00+00:00,0.012407295,0.016192823
2024-11-30 00:00:00+00:00,0.012388453,0.016168232
2024-12-01 00:00:00+00:00,0.012408482,0.016194372
2024-12-02 00:00:00+00:00,0.012483984,0.01629291
2024-12-03 00:00:00+00:00,0.012327682,0.016088919
2024-12-04 00:00:00+00:00,0.012644521,0.016502428
2024-12-05 00:00:00+00:00,0.011315524,0.015537275
2024-12-06 00:00:00+00:00,0.011739001,0.015986111
2024-12-07 00:00:00+00:00,0.011487149,0.015643141
2024-12-08 00:00:00+00:00,0.011420241,0.015552026
2024-12-09 00:00:00+00:00,0.011117436,0.01504413
2024-12-10 00:00:00+00:00,0.011201721,0.015179217
2024-12-11 00:00:00+00:00,0.010529249,0.014705464
2024-12-12 00:00:00+00:00,0.010606456,0.014809876
2024-12-13 00:00:00+00:00,0.010460543,0.014606138
2024-12-14 00:00:00+00:00,0.010392223,0.014510742
2024-12-15 00:00:00+00:00,0.010257517,0.01432265
2024-12-16 00:00:00+00:00,0.010234567,0.014290605
2024-12-17 00:00:00+00:00,0.0099968812,0.013958723
2024-12-18 00:00:00+00:00,0.01009314,0.014250258
2024-12-19 00:00:00+00:00,0.010624601,0.015000615
2024-12-20 00:00:00+00:00,0.010644675,0.015028957
2024-12-21 00:00:00+00:00,0.010792874,0.015238195
2024-12-22 00:00:00+00:00,0.010731919,0.015152136
2024-12-23 00:00:00+00:00,0.01075843,0.015189565
2024-12-24 00:00:00+00:00,0.010835415,0.015298258
2024-12-25 00:00:00+00:00,0.010753326,0.015182359
2024-12-26 00:00:00+00:00,0.011105407,0.015679453
2024-12-27 00:00:00+00:00,0.011137432,0.015724669
2024-12-28 00:00:00+00:00,0.011004995,0.015537684
2024-12-29 00:00:00+00:00,0.011259531,0.015897057
2024-12-30 00:00:00+00:00,0.011010238,0.014956525
2024-12-31 00:00:00+00:00,0.011397566,0.015482678
2025-01-01 00:00:00+00:00,0.011393094,0.015476605
2025-01-02 00:00:00+00:00,0.01109496,0.015064306
2025-01-03 00:00:00+00:00,0.011273708,0.015306931
2025-01-04 00:00:00+00:00,0.011230054,0.015247659
2025-01-05 00:00:00+00:00,0.011237057,0.015257168
2025-01-06 00:00:00+00:00,0.011219101,0.015232788
2025-01-07 00:00:00+00:00,0.0117129,0.015903246
2025-01-08 00:00:00+00:00,0.011617202,0.015544818
2025-01-09 00:00:00+00:00,0.011418119,0.015121028
2025-01-10 00:00:00+00:00,0.01165389,0.015373679
2025-01-11 00:00:00+00:00,0.011734572,0.015480114
2025-01-12 00:00:00+00:00,0.011752702,0.015504031
2025-01-13 00:00:00+00:00,0.01195219,0.015767194
2025-01-14 00:00:00+00:00,0.011990942,0.015818314
2025-01-15 00:00:00+00:00,0.011694684,0.015425527
2025-01-16 00:00:00+00:00,0.011699684,0.015056229
2025-01-17 00:00:00+00:00,0.011163675,0.014706205
2025-01-18 00:00:00+00:00,0.011351319,0.014934357
2025-01-19 00:00:00+00:00,0.01181411,0.015543227
2025-01-20 00:00:00+00:00,0.012463178,0.016397174
2025-01-21 00:00:00+00:00,0.011483212,0.015281234
2025-01-22 00:00:00+00:00,0.011262812,0.014989065
2025-01-23 00:00:00+00:00,0.010733554,0.01427128
2025-01-24 00:00:00+00:00,0.010867572,0.014445431
2025-01-25 00:00:00+00:00,0.010811378,0.014370736
2025-01-26 00:00:00+00:00,0.010959193,0.014567216
2025-01-27 00:00:00+00:00,0.011075987,0.014688192
2025-01-28 00:00:00+00:00,0.011029926,0.014627109
2025-01-29 00:00:00+00:00,0.011436018,0.015165639
2025-01-30 00:00:00+00:00,0.011294499,0.014977966
2025-01-31 00:00:00+00:00,0.011111563,0.014681099
2025-02-01 00:00:00+00:00,0.011331635,0.014940457
2025-02-02 00:00:00+00:00,0.010749126,0.01406173
2025-02-03 00:00:00+00:00,0.0096686029,0.013373673
2025-02-04 00:00:00+00:00,0.01039046,0.014274481
2025-02-05 00:00:00+00:00,0.010215388,0.014033967
2025-02-06 00:00:00+00:00,0.010631731,0.01460594
2025-02-07 00:00:00+00:00,0.01082806,0.014875659
2025-02-08 00:00:00+00:00,0.010603721,0.014567461
2025-02-09 00:00:00+00:00,0.010363137,0.014236944
2025-02-10 00:00:00+00:00,0.010167071,0.013967786
2025-02-11 00:00:00+00:00,0.010310134,0.01416433
2025-02-12 00:00:00+00:00,0.0099818182,0.013713281
2025-02-13 00:00:00+00:00,0.010242551,0.014071482
2025-02-14 00:00:00+00:00,0.010257706,0.014092303
2025-02-15 00:00:00+00:00,0.010116867,0.013898814
2025-02-16 00:00:00+00:00,0.010007107,0.013748024
2025-02-17 00:00:00+00:00,0.0099290723,0.013640817
2025-02-18 00:00:00+00:00,0.0099423994,0.013659126
2025-02-19 00:00:00+00:00,0.0098887444,0.013585414
2025-02-20 00:00:00+00:00,0.0097550739,0.013401774
2025-02-21 00:00:00+00:00,0.0099993471,0.013737363
2025-02-22 00:00:00+00:00,0.010067622,0.01383116
2025-02-23 00:00:00+00:00,0.0099697641,0.013696721
2025-02-24 00:00:00+00:00,0.010244038,0.014073526
2025-02-25 00:00:00+00:00,0.0098424762,0.013374373
2025-02-26 00:00:00+00:00,0.01011765,0.013748577
2025-02-27 00:00:00+00:00,0.010737254,0.014590539
2025-02-28 00:00:00+00:00,0.010751466,0.014883932
2025-03-01 00:00:00+00:00,0.010880145,0.015062071
2025-03-02 00:00:00+00:00,0.011859911,0.016418423
2025-03-03 00:00:00+00:00,0.011800318,0.016659019
2025-03-04 00:00:00+00:00,0.011995597,0.016365049
2025-03-05 00:00:00+00:00,0.012452681,0.016988773
2025-03-06 00:00:00+00:00,0.012355826,0.016303841
2025-03-07 00:00:00+00:00,0.012341559,0.016208229
2025-03-08 00:00:00+00:00,0.012286551,0.015962917
2025-03-09 00:00:00+00:00,0.011536841,0.015177403
2025-03-10 00:00:00+00:00,0.011852486,0.014561337
2025-03-11 00:00:00+00:00,0.011390003,0.014284622
2025-03-12 00:00:00+00:00,0.011289532,0.014158618
2025-03-13 00:00:00+00:00,0.011825102,0.014830297
2025-03-14 00:00:00+00:00,0.012078149,0.015147651
2025-03-15 00:00:00+00:00,0.012105235,0.015181622
2025-03-16 00:00:00+00:00,0.012308555,0.015436612
2025-03-17 00:00:00+00:00,0.012316423,0.01544648
2025-03-18 00:00:00+00:00,0.012729782,0.015964888
2025-03-19 00:00:00+00:00,0.012129907,0.015570959
2025-03-20 00:00:00+00:00,0.01198156,0.015066947
2025-03-21 00:00:00+00:00,0.012126076,0.015248816
2025-03-22 00:00:00+00:00,0.012100671,0.015216868
2025-03-23 00:00:00+00:00,0.012193253,0.015333292
2025-03-24 00:00:00+00:00,0.012433461,0.015635358
2025-03-25 00:00:00+00:00,0.012729278,0.016007355
2025-03-26 00:00:00+00:00,0.012827463,0.016130825
2025-03-27 00:00:00+00:00,0.012877132,0.016193286
2025-03-28 00:00:00+00:00,0.012993504,0.016339626
2025-03-29 00:00:00+00:00,0.012722391,0.015998695
2025-03-30 00:00:00+00:00,0.012604118,0.015849964
2025-03-31 00:00:00+00:00,0.012378984,0.01544969
2025-04-01 00:00:00+00:00,0.012191435,0.015218241
2025-04-02 00:00:00+00:00,0.012569245,0.015503574
2025-04-03 00:00:00+00:00,0.012875261,0.015885472
2025-04-04 00:00:00+00:00,0.012679497,0.015643939
2025-04-05 00:00:00+00:00,0.012599778,0.015545581
2025-04-06 00:00:00+00:00,0.013513389,0.016672792
2025-04-07 00:00:00+00:00,0.013194986,0.016262402
2025-04-08 00:00:00+00:00,0.012962582,0.015975971
2025-04-09 00:00:00+00:00,0.013758806,0.016511513
2025-04-10 00:00:00+00:00,0.014020364,0.0168254
2025-04-11 00:00:00+00:00,0.013404588,0.016363464
2025-04-12 00:00:00+00:00,0.013148423,0.015978658
2025-04-13 00:00:00+00:00,0.012987122,0.015731556
2025-04-14 00:00:00+00:00,0.012896622,0.015621932
2025-04-15 00:00:00+00:00,0.013028868,0.015305544
2025-04-16 00:00:00+00:00,0.013029682,0.0153065
2025-04-17 00:00:00+00:00,0.013112778,0.015404116
2025-04-18 00:00:00+00:00,0.013133957,0.015428995
2025-04-19 00:00:00+00:00,0.013061807,0.015344238
2025-04-20 00:00:00+00:00,0.013219204,0.015529139
2025-04-21 00:00:00+00:00,0.013089197,0.015376414
2025-04-22 00:00:00+00:00,0.013176634,0.015503546
2025-04-23 00:00:00+00:00,0.013160942,0.015370258
2025-04-24 00:00:00+00:00,0.013339386,0.015578658
2025-04-25 00:00:00+00:00,0.013565139,0.015842307
2025-04-26 00:00:00+00:00,0.01342358,0.015676984
2025-04-27 00:00:00+00:00,0.013360653,0.015603494
2025-04-28 00:00:00+00:00,0.013534748,0.015806815
2025-04-29 00:00:00+00:00,0.013408587,0.015659476
2025-04-30 00:00:00+00:00,0.013396139,0.015644937
2025-05-01 00:00:00+00:00,0.013086809,0.015256289
2025-05-02 00:00:00+00:00,0.013118983,0.015297316
2025-05-03 00:00:00+00:00,0.01305654,0.015224504
2025-05-04 00:00:00+00:00,0.013084185,0.015256739
2025-05-05 00:00:00+00:00,0.012951301,0.01510179
2025-05-06 00:00:00+00:00,0.012693448,0.014801123
2025-05-07 00:00:00+00:00,0.012617908,0.01462945
2025-05-08 00:00:00+00:00,0.01290796,0.014965742
2025-05-09 00:00:00+00:00,0.012792628,0.014832024
2025-05-10 00:00:00+00:00,0.013098429,0.015186576
2025-05-11 00:00:00+00:00,0.01281397,0.014856769
2025-05-12 00:00:00+00:00,0.013032173,0.015109757
2025-05-13 00:00:00+00:00,0.012860391,0.01491059
2025-05-14 00:00:00+00:00,0.012846317,0.014894273
2025-05-15 00:00:00+00:00,0.013069992,0.015153605
2025-05-16 00:00:00+00:00,0.013084584,0.015170524
2025-05-17 00:00:00+00:00,0.013113409,0.015203945
2025-05-18 00:00:00+00:00,0.012898191,0.014954416
2025-05-19 00:00:00+00:00,0.013109717,0.015199664
2025-05-20 00:00:00+00:00,0.013182764,0.015284356
2025-05-21 00:00:00+00:00,0.012846409,0.014906721
2025-05-22 00:00:00+00:00,0.012851337,0.014912439
2025-05-23 00:00:00+00:00,0.012327239,0.014153773
2025-05-24 00:00:00+00:00,0.012360574,0.014192158
2025-05-25 00:00:00+00:00,0.012422298,0.014263028
2025-05-26 00:00:00+00:00,0.012432049,0.014274225
2025-05-27 00:00:00+00:00,0.012546633,0.014405788
2025-05-28 00:00:00+00:00,0.012400405,0.014237891
2025-05-29 00:00:00+00:00,0.012245843,0.014060426
2025-05-30 00:00:00+00:00,0.012233252,0.01404597
2025-05-31 00:00:00+00:00,0.012024353,0.013806116
2025-06-01 00:00:00+00:00,0.01201157,0.013791439
2025-06-02 00:00:00+00:00,0.012124706,0.013921339
2025-06-03 00:00:00+00:00,0.012165515,0.013968195
2025-06-04 00:00:00+00:00,0.011907865,0.013672367
2025-06-05 00:00:00+00:00,0.012171911,0.013975539
2025-06-06 00:00:00+00:00,0.012390695,0.014226743
2025-06-07 00:00:00+00:00,0.012323177,0.01414922
2025-06-08 00:00:00+00:00,0.012439806,0.014283131
2025-06-09 00:00:00+00:00,0.012461255,0.014307759
2025-06-10 00:00:00+00:00,0.012349583,0.014179539
2025-06-11 00:00:00+00:00,0.012473801,0.014322164
2025-06-12 00:00:00+00:00,0.012386272,0.014221664
2025-06-13 00:00:00+00:00,0.01234244,0.014171337
2025-06-14 00:00:00+00:00,0.012559505,0.014420567
2025-06-15 00:00:00+00:00,0.012569405,0.014431934
2025-06-16 00:00:00+00:00,0.012703247,0.014585608
2025-06-17 00:00:00+00:00,0.012795888,0.014691977
2025-06-18 00:00:00+00:00,0.012724359,0.014609849
2025-06-19 00:00:00+00:00,0.012712581,0.014596326
2025-06-20 00:00:00+00:00,0.012899286,0.014810696
2025-06-21 00:00:00+00:00,0.013219868,0.015178782
2025-06-22 00:00:00+00:00,0.012737366,0.014695647
2025-06-23 00:00:00+00:00,0.013107161,0.015122527
2025-06-24 00:00:00+00:00,0.012827821,0.014800235
2025-06-25 00:00:00+00:00,0.012519145,0.014330884
2025-06-26 00:00:00+00:00,0.012708466,0.014547602
2025-06-27 00:00:00+00:00,0.0124578,0.014260661
2025-06-28 00:00:00+00:00,0.012353579,0.014141357
2025-06-29 00:00:00+00:00,0.012530834,0.014344264
2025-06-30 00:00:00+00:00,0.012561325,0.014379168
2025-07-01 00:00:00+00:00,0.012343493,0.014129812
2025-07-02 00:00:00+00:00,0.012359421,0.014148045
2025-07-03 00:00:00+00:00,0.012427852,0.014226379
2025-07-04 00:00:00+00:00,0.012572933,0.014392455
2025-07-05 00:00:00+00:00,0.01249739,0.01430598
2025-07-06 00:00:00+00:00,0.012440738,0.01424113
2025-07-07 00:00:00+00:00,0.012606085,0.014430405
2025-07-08 00:00:00+00:00,0.012433819,0.014233209
2025-07-09 00:00:00+00:00,0.012177286,0.013894706
2025-07-10 00:00:00+00:00,0.012577591,0.014325964
2025-07-11 00:00:00+00:00,0.012456783,0.014188362
2025-07-12 00:00:00+00:00,0.012461712,0.014193976
2025-07-13 00:00:00+00:00,0.012317588,0.014029817
2025-07-14 00:00:00+00:00,0.012766786,0.014541457
2025-07-15 00:00:00+00:00,0.012781672,0.014558413
2025-07-16 00:00:00+00:00,0.012664142,0.014424545
2025-07-17 00:00:00+00:00,0.012691253,0.014455424
2025-07-18 00:00:00+00:00,0.012440817,0.014170177
2025-07-19 00:00:00+00:00,0.012416275,0.014142223
2025-07-20 00:00:00+00:00,0.012479755,0.014214527
2025-07-21 00:00:00+00:00,0.012228606,0.013928466
2025-07-22 00:00:00+00:00,0.011908165,0.013556186
2025-07-23 00:00:00+00:00,0.011746209,0.013371817
2025-07-24 00:00:00+00:00,0.011755905,0.013382855
2025-07-25 00:00:00+00:00,0.011959547,0.013614679
2025-07-26 00:00:00+00:00,0.0119462,0.013599485
2025-07-27 00:00:00+00:00,0.011956439,0.013611141
2025-07-28 00:00:00+00:00,0.01179463,0.013426939
2025-07-29 00:00:00+00:00,0.011849225,0.013489089
2025-07-30 00:00:00+00:00,0.011767195,0.013395706
2025-07-31 00:00:00+00:00,0.011551658,0.013150341
2025-08-01 00:00:00+00:00,0.011393533,0.012921471
2025-08-02 00:00:00+00:00,0.011255367,0.012764776
2025-08-03 00:00:00+00:00,0.01125626,0.012765789
2025-08-04 00:00:00+00:00,0.011180602,0.012679985
2025-08-05 00:00:00+00:00,0.011202502,0.012704821
2025-08-06 00:00:00+00:00,0.011054464,0.012536931
2025-08-07 00:00:00+00:00,0.011211407,0.01271492
2025-08-08 00:00:00+00:00,0.011181557,0.012681067
2025-08-09 00:00:00+00:00,0.011205012,0.012707668
2025-08-10 00:00:00+00:00,0.010958586,0.012428195
2025-08-11 00:00:00+00:00,0.011198057,0.01269978
2025-08-12 00:00:00+00:00,0.011049008,0.012530743
2025-08-13 00:00:00+00:00,0.011136462,0.012629925
2025-08-14 00:00:00+00:00,0.011140696,0.012580185
2025-08-15 00:00:00+00:00,0.011024269,0.012448849
2025-08-16 00:00:00+00:00,0.011092154,0.012525506
2025-08-17 00:00:00+00:00,0.011164808,0.012607549
2025-08-18 00:00:00+00:00,0.01110747,0.012348269
2025-08-19 00:00:00+00:00,0.011138889,0.012383197
2025-08-20 00:00:00+00:00,0.011250277,0.012507028
2025-08-21 00:00:00+00:00,0.011126489,0.012369412
2025-08-22 00:00:00+00:00,0.011138431,0.012382688
2025-08-23 00:00:00+00:00,0.01125084,0.012507653
2025-08-24 00:00:00+00:00,0.011214571,0.012251413
2025-08-25 00:00:00+00:00,0.011125521,0.012174012
2025-08-26 00:00:00+00:00,0.011315742,0.01238216
2025-08-27 00:00:00+00:00,0.011389564,0.012462938
2025-08-28 00:00:00+00:00,0.011389036,0.01246236
2025-08-29 00:00:00+00:00,0.010986026,0.011896644
2025-08-30 00:00:00+00:00,0.010831117,0.011729144
2025-08-31 00:00:00+00:00,0.010934062,0.011840624
2025-09-01 00:00:00+00:00,0.010993124,0.011904583
2025-09-02 00:00:00+00:00,0.010902394,0.01180633
2025-09-03 00:00:00+00:00,0.010908517,0.011812961
2025-09-04 00:00:00+00:00,0.011048521,0.011964573
2025-09-05 00:00:00+00:00,0.010939882,0.011846926
2025-09-06 00:00:00+00:00,0.010854137,0.011754072
2025-09-07 00:00:00+00:00,0.010859777,0.01176018
2025-09-08 00:00:00+00:00,0.01086008,0.011760508
2025-09-09 00:00:00+00:00,0.011053963,0.011970466
2025-09-10 00:00:00+00:00,0.010693362,0.011541383
2025-09-11 00:00:00+00:00,0.010573952,0.011412504
2025-09-12 00:00:00+00:00,0.010688872,0.011536538
2025-09-13 00:00:00+00:00,0.010743838,0.011595862
2025-09-14 00:00:00+00:00,0.010757073,0.011610147
2025-09-15 00:00:00+00:00,0.010625045,0.011467649
2025-09-16 00:00:00+00:00,0.010669741,0.011515889
2025-09-17 00:00:00+00:00,0.010705118,0.011554072
2025-09-18 00:00:00+00:00,0.010822912,0.011681207
2025-09-19 00:00:00+00:00,0.010613609,0.011455306
2025-09-20 00:00:00+00:00,0.010564567,0.011402375
2025-09-21 00:00:00+00:00,0.010503793,0.011336782
2025-09-22 00:00:00+00:00,0.010201495,0.011010282
2025-09-23 00:00:00+00:00,0.010130176,0.010933309
2025-09-24 00:00:00+00:00,0.0099561799,0.010745519
2025-09-25 00:00:00+00:00,0.0098331451,0.010589607
2025-09-26 00:00:00+00:00,0.0097405844,0.010490051
2025-09-27 00:00:00+00:00,0.0097205865,0.010468515
2025-09-28 00:00:00+00:00,0.0094577092,0.010182058
2025-09-29 00:00:00+00:00,0.009618773,0.010330975
2025-09-30 00:00:00+00:00,0.0095296723,0.010235277
2025-10-01 00:00:00+00:00,0.0096581246,0.01037324
2025-10-02 00:00:00+00:00,0.0097555315,0.010477859
2025-10-03 00:00:00+00:00,0.0099427984,0.010678992
2025-10-04 00:00:00+00:00,0.0099068116,0.01064034
2025-10-05 00:00:00+00:00,0.010064861,0.010810092
2025-10-06 00:00:00+00:00,0.010108591,0.01085706
2025-10-07 00:00:00+00:00,0.0099836299,0.010722847
2025-10-08 00:00:00+00:00,0.0098970259,0.01062983
2025-10-09 00:00:00+00:00,0.009984229,0.01072349
2025-10-10 00:00:00+00:00,0.0093216259,0.0103824
2025-10-11 00:00:00+00:00,0.008892521,0.0099627736
2025-10-12 00:00:00+00:00,0.0091069223,0.010202979
2025-10-13 00:00:00+00:00,0.0090921951,0.010186479
2025-10-14 00:00:00+00:00,0.00950778,0.010652082
2025-10-15 00:00:00+00:00,0.0095230345,0.010669172
2025-10-16 00:00:00+00:00,0.0095861707,0.010739907
2025-10-17 00:00:00+00:00,0.009993529,0.011196293
2025-10-18 00:00:00+00:00,0.0098994202,0.011090857
2025-10-19 00:00:00+00:00,0.010062573,0.011273646
2025-10-20 00:00:00+00:00,0.0099108402,0.011103652
2025-10-21 00:00:00+00:00,0.010798902,0.012098596
2025-10-22 00:00:00+00:00,0.010714379,0.0120039
2025-10-23 00:00:00+00:00,0.010813295,0.012114721
2025-10-24 00:00:00+00:00,0.010952978,0.012271216
2025-10-25 00:00:00+00:00,0.010898285,0.01220994
2025-10-26 00:00:00+00:00,0.010882883,0.012192685
2025-10-27 00:00:00+00:00,0.01108059,0.012414186
2025-10-28 00:00:00+00:00,0.011239598,0.012592332
2025-10-29 00:00:00+00:00,0.011297982,0.012657742
2025-10-30 00:00:00+00:00,0.011610064,0.01270795
2025-10-31 00:00:00+00:00,0.011694199,0.012800041
2025-11-01 00:00:00+00:00,0.011784139,0.012898485
2025-11-02 00:00:00+00:00,0.011897933,0.013023041
2025-11-03 00:00:00+00:00,0.011744381,0.012854968
2025-11-04 00:00:00+00:00,0.01170469,0.012811524
2025-11-05 00:00:00+00:00,0.011923255,0.013050757
2025-11-06 00:00:00+00:00,0.011672052,0.0127029
2025-11-07 00:00:00+00:00,0.012093206,0.013161384
2025-11-08 00:00:00+00:00,0.012212362,0.013291064
2025-11-09 00:00:00+00:00,0.01174536,0.01276607
2025-11-10 00:00:00+00:00,0.011473579,0.012482264
2025-11-11 00:00:00+00:00,0.011247029,0.0121809
2025-11-12 00:00:00+00:00,0.011417484,0.012365641
2025-11-13 00:00:00+00:00,0.011736976,0.012711665
2025-11-14 00:00:00+00:00,0.01172317,0.012696713
2025-11-15 00:00:00+00:00,0.011832324,0.012814931
2025-11-16 00:00:00+00:00,0.012163365,0.013173462
2025-11-17 00:00:00+00:00,0.011719471,0.012879083
2025-11-18 00:00:00+00:00,0.011139452,0.012127026
2025-11-19 00:00:00+00:00,0.011430368,0.012439732
2025-11-20 00:00:00+00:00,0.011234466,0.01238175
2025-11-21 00:00:00+00:00,0.010945631,0.012095735
2025-11-22 00:00:00+00:00,0.010887813,0.012031842
2025-11-23 00:00:00+00:00,0.010735661,0.011739819
2025-11-24 00:00:00+00:00,0.010819125,0.011383383
2025-11-25 00:00:00+00:00,0.010748537,0.011122249
2025-11-26 00:00:00+00:00,0.010902892,0.011325481
2025-11-27 00:00:00+00:00,0.010854646,0.011275365
2025-11-28 00:00:00+00:00,0.010975745,0.011401157
2025-11-29 00:00:00+00:00,0.010843799,0.011264098
2025-11-30 00:00:00+00:00,0.010928841,0.011352436
2025-12-01 00:00:00+00:00,0.01153207,0.011979046
2025-12-02 00:00:00+00:00,0.01203782,0.012504398
2025-12-03 00:00:00+00:00,0.011926026,0.012388271
2025-12-04 00:00:00+00:00,0.01167725,0.011961989
2025-12-05 00:00:00+00:00,0.011320115,0.011648896
2025-12-06 00:00:00+00:00,0.011443361,0.011775903
2025-12-07 00:00:00+00:00,0.011382409,0.01171318
2025-12-08 00:00:00+00:00,0.011560629,0.011896579
2025-12-09 00:00:00+00:00,0.011196424,0.011495338
2025-12-10 00:00:00+00:00,0.011354403,0.011654847
2025-12-11 00:00:00+00:00,0.011884695,0.012199171
2025-12-12 00:00:00+00:00,0.012078191,0.012397786
2025-12-13 00:00:00+00:00,0.012028741,0.012347028
2025-12-14 00:00:00+00:00,0.011751841,0.012062801
2025-12-15 00:00:00+00:00,0.012513256,0.012639453
2025-12-16 00:00:00+00:00,0.012400568,0.012525629
2025-12-17 00:00:00+00:00,0.012766944,0.012895699
2025-12-18 00:00:00+00:00,0.012900358,0.012603133
2025-12-19 00:00:00+00:00,0.013273703,0.012967785
2025-12-20 00:00:00+00:00,0.013210114,0.012905661
2025-12-21 00:00:00+00:00,0.013188156,0.012884209
2025-12-22 00:00:00+00:00,0.013165018,0.012861604
2025-12-23 00:00:00+00:00,0.013120213,0.012817833
2025-12-24 00:00:00+00:00,0.012904957,0.012607537
2025-12-25 00:00:00+00:00,0.012885182,0.012588218
2025-12-26 00:00:00+00:00,0.012703814,0.01241103
2025-12-27 00:00:00+00:00,0.012676908,0.012384744
2025-12-28 00:00:00+00:00,0.012630409,0.012339317
2025-12-29 00:00:00+00:00,0.013088864,0.012787206
2025-12-30 00:00:00+00:00,0.013242593,0.012937392
2025-12-31 00:00:00+00:00,0.013298804,0.012992307
