longueur,histoire,jambes,piste,horizon,mesure,n_departs,valeur
1,0,12,Référence,365,tentative,1183,0.00725114
1,0,12,Référence,365,suite,1183,0.0415428
1,0,12,Référence,730,tentative,818,0.00653764
1,0,12,Référence,730,suite,818,0.124692
1,0,12,Piste 1,365,tentative,1183,0.00288313
1,0,12,Piste 1,365,suite,1183,0.0163986
1,0,12,Piste 1,730,tentative,818,-0.00128192
1,0,12,Piste 1,730,suite,818,0.0442206
1,0,12,Piste 2,365,tentative,1183,0.00655446
1,0,12,Piste 2,365,suite,1183,0.0325206
1,0,12,Piste 2,730,tentative,818,-0.000920999
1,0,12,Piste 2,730,suite,818,0.0392665
1,0,12,Piste 3a,365,tentative,1183,0.00268268
1,0,12,Piste 3a,365,suite,1183,0.0176959
1,0,12,Piste 3a,730,tentative,818,-0.00095301
1,0,12,Piste 3a,730,suite,818,0.0385937
1,0,12,Piste 3b,365,tentative,1183,0.00730085
1,0,12,Piste 3b,365,suite,1183,0.0384426
1,0,12,Piste 3b,730,tentative,818,-0.000550837
1,0,12,Piste 3b,730,suite,818,0.0612075
1,0,12,Piste 3c,365,tentative,1183,0.00469048
1,0,12,Piste 3c,365,suite,1183,0.0344927
1,0,12,Piste 3c,730,tentative,818,0.00014047
1,0,12,Piste 3c,730,suite,818,0.0585254
1,1,12,Référence,365,tentative,1183,0.0512255
1,1,12,Référence,365,suite,1183,0.173053
1,1,12,Référence,730,tentative,818,0.0513963
1,1,12,Référence,730,suite,818,0.28163
1,1,12,Piste 1,365,tentative,1183,0.062323
1,1,12,Piste 1,365,suite,1183,0.16898
1,1,12,Piste 1,730,tentative,818,0.0643789
1,1,12,Piste 1,730,suite,818,0.285227
1,1,12,Piste 2,365,tentative,1183,0.0596418
1,1,12,Piste 2,365,suite,1183,0.17231
1,1,12,Piste 2,730,tentative,818,0.0623609
1,1,12,Piste 2,730,suite,818,0.29719
1,1,12,Piste 3a,365,tentative,1183,0.0515164
1,1,12,Piste 3a,365,suite,1183,0.137252
1,1,12,Piste 3a,730,tentative,818,0.0628945
1,1,12,Piste 3a,730,suite,818,0.251168
1,1,12,Piste 3b,365,tentative,1183,0.0614502
1,1,12,Piste 3b,365,suite,1183,0.165188
1,1,12,Piste 3b,730,tentative,818,0.0659866
1,1,12,Piste 3b,730,suite,818,0.311184
1,1,12,Piste 3c,365,tentative,1183,0.0501897
1,1,12,Piste 3c,365,suite,1183,0.165907
1,1,12,Piste 3c,730,tentative,818,0.0577868
1,1,12,Piste 3c,730,suite,818,0.285026
1,2,10,Référence,365,tentative,1183,0.00455898
1,2,10,Référence,365,suite,1183,0.0539251
1,2,10,Référence,730,tentative,818,0.00900278
1,2,10,Référence,730,suite,818,0.120575
1,2,10,Piste 1,365,tentative,1183,0.00625989
1,2,10,Piste 1,365,suite,1183,0.0693618
1,2,10,Piste 1,730,tentative,818,0.0114627
1,2,10,Piste 1,730,suite,818,0.156653
1,2,10,Piste 2,365,tentative,1183,0.00557331
1,2,10,Piste 2,365,suite,1183,0.0882375
1,2,10,Piste 2,730,tentative,818,0.00916401
1,2,10,Piste 2,730,suite,818,0.183092
1,2,10,Piste 3a,365,tentative,1183,0.00474751
1,2,10,Piste 3a,365,suite,1183,0.054877
1,2,10,Piste 3a,730,tentative,818,0.00927544
1,2,10,Piste 3a,730,suite,818,0.117873
1,2,10,Piste 3b,365,tentative,1183,0.00506157
1,2,10,Piste 3b,365,suite,1183,0.0792855
1,2,10,Piste 3b,730,tentative,818,0.00869862
1,2,10,Piste 3b,730,suite,818,0.179692
1,2,10,Piste 3c,365,tentative,1183,0.00615897
1,2,10,Piste 3c,365,suite,1183,0.0820305
1,2,10,Piste 3c,730,tentative,818,0.00898345
1,2,10,Piste 3c,730,suite,818,0.176265
1,3,11,Référence,365,tentative,1183,0.0309457
1,3,11,Référence,365,suite,1183,0.0728915
1,3,11,Référence,730,tentative,818,0.0222563
1,3,11,Référence,730,suite,818,0.14502
1,3,11,Piste 1,365,tentative,1183,0.0369015
1,3,11,Piste 1,365,suite,1183,0.0901983
1,3,11,Piste 1,730,tentative,818,0.0256925
1,3,11,Piste 1,730,suite,818,0.201516
1,3,11,Piste 2,365,tentative,1183,0.0399773
1,3,11,Piste 2,365,suite,1183,0.12503
1,3,11,Piste 2,730,tentative,818,0.0276823
1,3,11,Piste 2,730,suite,818,0.276293
1,3,11,Piste 3a,365,tentative,1183,0.0352521
1,3,11,Piste 3a,365,suite,1183,0.0879207
1,3,11,Piste 3a,730,tentative,818,0.0279647
1,3,11,Piste 3a,730,suite,818,0.194404
1,3,11,Piste 3b,365,tentative,1183,0.0353
1,3,11,Piste 3b,365,suite,1183,0.113968
1,3,11,Piste 3b,730,tentative,818,0.0267907
1,3,11,Piste 3b,730,suite,818,0.251561
1,3,11,Piste 3c,365,tentative,1183,0.0295155
1,3,11,Piste 3c,365,suite,1183,0.118349
1,3,11,Piste 3c,730,tentative,818,0.0195172
1,3,11,Piste 3c,730,suite,818,0.246773
1,4,11,Référence,365,tentative,1183,0.0133145
1,4,11,Référence,365,suite,1183,0.0179015
1,4,11,Référence,730,tentative,818,0.0130398
1,4,11,Référence,730,suite,818,0.0232414
1,4,11,Piste 1,365,tentative,1183,0.0157816
1,4,11,Piste 1,365,suite,1183,0.0201135
1,4,11,Piste 1,730,tentative,818,0.0163214
1,4,11,Piste 1,730,suite,818,0.0293331
1,4,11,Piste 2,365,tentative,1183,0.0144851
1,4,11,Piste 2,365,suite,1183,0.0316882
1,4,11,Piste 2,730,tentative,818,0.0170187
1,4,11,Piste 2,730,suite,818,0.0527062
1,4,11,Piste 3a,365,tentative,1183,0.0123001
1,4,11,Piste 3a,365,suite,1183,0.0133568
1,4,11,Piste 3a,730,tentative,818,0.0128178
1,4,11,Piste 3a,730,suite,818,0.0200462
1,4,11,Piste 3b,365,tentative,1183,0.0112776
1,4,11,Piste 3b,365,suite,1183,0.0171084
1,4,11,Piste 3b,730,tentative,818,0.014003
1,4,11,Piste 3b,730,suite,818,0.0194107
1,4,11,Piste 3c,365,tentative,1183,0.0098082
1,4,11,Piste 3c,365,suite,1183,0.0258242
1,4,11,Piste 3c,730,tentative,818,0.0142273
1,4,11,Piste 3c,730,suite,818,0.0276414
1,5,12,Référence,365,tentative,1183,0.0405143
1,5,12,Référence,365,suite,1183,0.0870433
1,5,12,Référence,730,tentative,818,0.0598305
1,5,12,Référence,730,suite,818,0.180704
1,5,12,Piste 1,365,tentative,1183,0.0377462
1,5,12,Piste 1,365,suite,1183,0.0879245
1,5,12,Piste 1,730,tentative,818,0.05557
1,5,12,Piste 1,730,suite,818,0.187344
1,5,12,Piste 2,365,tentative,1183,0.0328861
1,5,12,Piste 2,365,suite,1183,0.111097
1,5,12,Piste 2,730,tentative,818,0.0472867
1,5,12,Piste 2,730,suite,818,0.211507
1,5,12,Piste 3a,365,tentative,1183,0.0349132
1,5,12,Piste 3a,365,suite,1183,0.0814873
1,5,12,Piste 3a,730,tentative,818,0.0517302
1,5,12,Piste 3a,730,suite,818,0.178469
1,5,12,Piste 3b,365,tentative,1183,0.0292048
1,5,12,Piste 3b,365,suite,1183,0.098496
1,5,12,Piste 3b,730,tentative,818,0.0424502
1,5,12,Piste 3b,730,suite,818,0.193348
1,5,12,Piste 3c,365,tentative,1183,0.0243753
1,5,12,Piste 3c,365,suite,1183,0.112086
1,5,12,Piste 3c,730,tentative,818,0.0347721
1,5,12,Piste 3c,730,suite,818,0.197096
1,6,12,Référence,365,tentative,1183,0.0418295
1,6,12,Référence,365,suite,1183,0.0817
1,6,12,Référence,730,tentative,818,0.0487121
1,6,12,Référence,730,suite,818,0.235109
1,6,12,Piste 1,365,tentative,1183,0.0349266
1,6,12,Piste 1,365,suite,1183,0.0878514
1,6,12,Piste 1,730,tentative,818,0.038244
1,6,12,Piste 1,730,suite,818,0.243096
1,6,12,Piste 2,365,tentative,1183,0.00964664
1,6,12,Piste 2,365,suite,1183,0.0777967
1,6,12,Piste 2,730,tentative,818,0.00867118
1,6,12,Piste 2,730,suite,818,0.179441
1,6,12,Piste 3a,365,tentative,1183,0.0204892
1,6,12,Piste 3a,365,suite,1183,0.0737865
1,6,12,Piste 3a,730,tentative,818,0.0154265
1,6,12,Piste 3a,730,suite,818,0.201229
1,6,12,Piste 3b,365,tentative,1183,0.00858561
1,6,12,Piste 3b,365,suite,1183,0.0686163
1,6,12,Piste 3b,730,tentative,818,0.00616651
1,6,12,Piste 3b,730,suite,818,0.150453
1,6,12,Piste 3c,365,tentative,1183,0.00834609
1,6,12,Piste 3c,365,suite,1183,0.0856677
1,6,12,Piste 3c,730,tentative,818,0.00606634
1,6,12,Piste 3c,730,suite,818,0.19951
1,7,10,Référence,365,tentative,1183,0.0660806
1,7,10,Référence,365,suite,1183,0.14385
1,7,10,Référence,730,tentative,818,0.0938866
1,7,10,Référence,730,suite,818,0.269511
1,7,10,Piste 1,365,tentative,1183,0.0781866
1,7,10,Piste 1,365,suite,1183,0.168907
1,7,10,Piste 1,730,tentative,818,0.110746
1,7,10,Piste 1,730,suite,818,0.325547
1,7,10,Piste 2,365,tentative,1183,0.0688273
1,7,10,Piste 2,365,suite,1183,0.185993
1,7,10,Piste 2,730,tentative,818,0.0977439
1,7,10,Piste 2,730,suite,818,0.350922
1,7,10,Piste 3a,365,tentative,1183,0.0803389
1,7,10,Piste 3a,365,suite,1183,0.163264
1,7,10,Piste 3a,730,tentative,818,0.114507
1,7,10,Piste 3a,730,suite,818,0.296336
1,7,10,Piste 3b,365,tentative,1183,0.068199
1,7,10,Piste 3b,365,suite,1183,0.180653
1,7,10,Piste 3b,730,tentative,818,0.0972435
1,7,10,Piste 3b,730,suite,818,0.344266
1,7,10,Piste 3c,365,tentative,1183,0.054039
1,7,10,Piste 3c,365,suite,1183,0.210856
1,7,10,Piste 3c,730,tentative,818,0.0774398
1,7,10,Piste 3c,730,suite,818,0.402916
1,8,11,Référence,365,tentative,1183,0.0571538
1,8,11,Référence,365,suite,1183,0.126799
1,8,11,Référence,730,tentative,818,0.0809379
1,8,11,Référence,730,suite,818,0.307954
1,8,11,Piste 1,365,tentative,1183,0.0673306
1,8,11,Piste 1,365,suite,1183,0.144602
1,8,11,Piste 1,730,tentative,818,0.0942379
1,8,11,Piste 1,730,suite,818,0.334915
1,8,11,Piste 2,365,tentative,1183,0.0717929
1,8,11,Piste 2,365,suite,1183,0.180619
1,8,11,Piste 2,730,tentative,818,0.0984575
1,8,11,Piste 2,730,suite,818,0.511236
1,8,11,Piste 3a,365,tentative,1183,0.0503889
1,8,11,Piste 3a,365,suite,1183,0.128423
1,8,11,Piste 3a,730,tentative,818,0.0685236
1,8,11,Piste 3a,730,suite,818,0.257688
1,8,11,Piste 3b,365,tentative,1183,0.0553398
1,8,11,Piste 3b,365,suite,1183,0.165925
1,8,11,Piste 3b,730,tentative,818,0.0741552
1,8,11,Piste 3b,730,suite,818,0.476071
1,8,11,Piste 3c,365,tentative,1183,0.0545886
1,8,11,Piste 3c,365,suite,1183,0.235003
1,8,11,Piste 3c,730,tentative,818,0.070049
1,8,11,Piste 3c,730,suite,818,0.642582
1,9,11,Référence,365,tentative,1183,0.0695504
1,9,11,Référence,365,suite,1183,0.141688
1,9,11,Référence,730,tentative,818,0.049942
1,9,11,Référence,730,suite,818,0.345773
1,9,11,Piste 1,365,tentative,1183,0.07831
1,9,11,Piste 1,365,suite,1183,0.168967
1,9,11,Piste 1,730,tentative,818,0.0558244
1,9,11,Piste 1,730,suite,818,0.421397
1,9,11,Piste 2,365,tentative,1183,0.0708174
1,9,11,Piste 2,365,suite,1183,0.250306
1,9,11,Piste 2,730,tentative,818,0.0360562
1,9,11,Piste 2,730,suite,818,0.552553
1,9,11,Piste 3a,365,tentative,1183,0.0669031
1,9,11,Piste 3a,365,suite,1183,0.160254
1,9,11,Piste 3a,730,tentative,818,0.0470586
1,9,11,Piste 3a,730,suite,818,0.376139
1,9,11,Piste 3b,365,tentative,1183,0.0601678
1,9,11,Piste 3b,365,suite,1183,0.227859
1,9,11,Piste 3b,730,tentative,818,0.0316658
1,9,11,Piste 3b,730,suite,818,0.530178
1,9,11,Piste 3c,365,tentative,1183,0.0603931
1,9,11,Piste 3c,365,suite,1183,0.23856
1,9,11,Piste 3c,730,tentative,818,0.0314446
1,9,11,Piste 3c,730,suite,818,0.482019
1,10,11,Référence,365,tentative,1183,0.0631173
1,10,11,Référence,365,suite,1183,0.069157
1,10,11,Référence,730,tentative,818,0.121495
1,10,11,Référence,730,suite,818,0.222916
1,10,11,Piste 1,365,tentative,1183,0.055186
1,10,11,Piste 1,365,suite,1183,0.0670001
1,10,11,Piste 1,730,tentative,818,0.0787371
1,10,11,Piste 1,730,suite,818,0.222987
1,10,11,Piste 2,365,tentative,1183,0.060477
1,10,11,Piste 2,365,suite,1183,0.0938044
1,10,11,Piste 2,730,tentative,818,0.0886662
1,10,11,Piste 2,730,suite,818,0.275298
1,10,11,Piste 3a,365,tentative,1183,0.0516656
1,10,11,Piste 3a,365,suite,1183,0.0633042
1,10,11,Piste 3a,730,tentative,818,0.0930726
1,10,11,Piste 3a,730,suite,818,0.220119
1,10,11,Piste 3b,365,tentative,1183,0.0463748
1,10,11,Piste 3b,365,suite,1183,0.0836991
1,10,11,Piste 3b,730,tentative,818,0.0740884
1,10,11,Piste 3b,730,suite,818,0.251369
1,10,11,Piste 3c,365,tentative,1183,0.0351453
1,10,11,Piste 3c,365,suite,1183,0.0862041
1,10,11,Piste 3c,730,tentative,818,0.0465638
1,10,11,Piste 3c,730,suite,818,0.229032
1,11,10,Référence,365,tentative,1183,0.051637
1,11,10,Référence,365,suite,1183,0.22411
1,11,10,Référence,730,tentative,818,0.0604329
1,11,10,Référence,730,suite,818,0.680363
1,11,10,Piste 1,365,tentative,1183,0.0608974
1,11,10,Piste 1,365,suite,1183,0.259017
1,11,10,Piste 1,730,tentative,818,0.0726565
1,11,10,Piste 1,730,suite,818,0.775666
1,11,10,Piste 2,365,tentative,1183,0.0609605
1,11,10,Piste 2,365,suite,1183,0.293443
1,11,10,Piste 2,730,tentative,818,0.0742794
1,11,10,Piste 2,730,suite,818,0.816967
1,11,10,Piste 3a,365,tentative,1183,0.0549147
1,11,10,Piste 3a,365,suite,1183,0.226076
1,11,10,Piste 3a,730,tentative,818,0.0615697
1,11,10,Piste 3a,730,suite,818,0.679135
1,11,10,Piste 3b,365,tentative,1183,0.0549871
1,11,10,Piste 3b,365,suite,1183,0.255744
1,11,10,Piste 3b,730,tentative,818,0.0644429
1,11,10,Piste 3b,730,suite,818,0.688472
1,11,10,Piste 3c,365,tentative,1183,0.0562564
1,11,10,Piste 3c,365,suite,1183,0.288537
1,11,10,Piste 3c,730,tentative,818,0.067898
1,11,10,Piste 3c,730,suite,818,0.796575
1,12,11,Référence,365,tentative,1183,0.0628736
1,12,11,Référence,365,suite,1183,0.260205
1,12,11,Référence,730,tentative,818,0.0902618
1,12,11,Référence,730,suite,818,0.547794
1,12,11,Piste 1,365,tentative,1183,0.0694408
1,12,11,Piste 1,365,suite,1183,0.286849
1,12,11,Piste 1,730,tentative,818,0.101548
1,12,11,Piste 1,730,suite,818,0.508814
1,12,11,Piste 2,365,tentative,1183,0.0716701
1,12,11,Piste 2,365,suite,1183,0.392299
1,12,11,Piste 2,730,tentative,818,0.101978
1,12,11,Piste 2,730,suite,818,0.8208
1,12,11,Piste 3a,365,tentative,1183,0.0640243
1,12,11,Piste 3a,365,suite,1183,0.256733
1,12,11,Piste 3a,730,tentative,818,0.0926637
1,12,11,Piste 3a,730,suite,818,0.463744
1,12,11,Piste 3b,365,tentative,1183,0.067363
1,12,11,Piste 3b,365,suite,1183,0.350982
1,12,11,Piste 3b,730,tentative,818,0.094135
1,12,11,Piste 3b,730,suite,818,0.724924
1,12,11,Piste 3c,365,tentative,1183,0.0628081
1,12,11,Piste 3c,365,suite,1183,0.372512
1,12,11,Piste 3c,730,tentative,818,0.0863114
1,12,11,Piste 3c,730,suite,818,0.784545
1,13,12,Référence,365,tentative,1183,0.0210128
1,13,12,Référence,365,suite,1183,0.0412841
1,13,12,Référence,730,tentative,818,0.0213311
1,13,12,Référence,730,suite,818,0.125042
1,13,12,Piste 1,365,tentative,1183,0.0192845
1,13,12,Piste 1,365,suite,1183,0.0308347
1,13,12,Piste 1,730,tentative,818,0.0164437
1,13,12,Piste 1,730,suite,818,0.106864
1,13,12,Piste 2,365,tentative,1183,0.0126266
1,13,12,Piste 2,365,suite,1183,0.0360873
1,13,12,Piste 2,730,tentative,818,0.00903083
1,13,12,Piste 2,730,suite,818,0.101349
1,13,12,Piste 3a,365,tentative,1183,0.0229057
1,13,12,Piste 3a,365,suite,1183,0.0378996
1,13,12,Piste 3a,730,tentative,818,0.0239873
1,13,12,Piste 3a,730,suite,818,0.128232
1,13,12,Piste 3b,365,tentative,1183,0.0158245
1,13,12,Piste 3b,365,suite,1183,0.0418785
1,13,12,Piste 3b,730,tentative,818,0.0150096
1,13,12,Piste 3b,730,suite,818,0.126618
1,13,12,Piste 3c,365,tentative,1183,0.0162188
1,13,12,Piste 3c,365,suite,1183,0.0473939
1,13,12,Piste 3c,730,tentative,818,0.0167051
1,13,12,Piste 3c,730,suite,818,0.126999
1,14,12,Référence,365,tentative,1183,0.00565004
1,14,12,Référence,365,suite,1183,0.0325627
1,14,12,Référence,730,tentative,818,-0.000669467
1,14,12,Référence,730,suite,818,0.11129
1,14,12,Piste 1,365,tentative,1183,0.00775311
1,14,12,Piste 1,365,suite,1183,0.0332122
1,14,12,Piste 1,730,tentative,818,0.000155501
1,14,12,Piste 1,730,suite,818,0.108724
1,14,12,Piste 2,365,tentative,1183,0.00295761
1,14,12,Piste 2,365,suite,1183,0.0402808
1,14,12,Piste 2,730,tentative,818,-0.00448319
1,14,12,Piste 2,730,suite,818,0.0958225
1,14,12,Piste 3a,365,tentative,1183,0.00629313
1,14,12,Piste 3a,365,suite,1183,0.0433355
1,14,12,Piste 3a,730,tentative,818,0.000629706
1,14,12,Piste 3a,730,suite,818,0.171844
1,14,12,Piste 3b,365,tentative,1183,0.00229806
1,14,12,Piste 3b,365,suite,1183,0.0430067
1,14,12,Piste 3b,730,tentative,818,-0.00379332
1,14,12,Piste 3b,730,suite,818,0.148839
1,14,12,Piste 3c,365,tentative,1183,0.00358141
1,14,12,Piste 3c,365,suite,1183,0.0790065
1,14,12,Piste 3c,730,tentative,818,-0.00095646
1,14,12,Piste 3c,730,suite,818,0.249634
1,15,12,Référence,365,tentative,1183,0.0388235
1,15,12,Référence,365,suite,1183,0.0962862
1,15,12,Référence,730,tentative,818,0.0450805
1,15,12,Référence,730,suite,818,0.268085
1,15,12,Piste 1,365,tentative,1183,0.0317629
1,15,12,Piste 1,365,suite,1183,0.096174
1,15,12,Piste 1,730,tentative,818,0.0221125
1,15,12,Piste 1,730,suite,818,0.218981
1,15,12,Piste 2,365,tentative,1183,0.0402391
1,15,12,Piste 2,365,suite,1183,0.111076
1,15,12,Piste 2,730,tentative,818,0.0306046
1,15,12,Piste 2,730,suite,818,0.227424
1,15,12,Piste 3a,365,tentative,1183,0.041468
1,15,12,Piste 3a,365,suite,1183,0.108215
1,15,12,Piste 3a,730,tentative,818,0.0239369
1,15,12,Piste 3a,730,suite,818,0.307568
1,15,12,Piste 3b,365,tentative,1183,0.0482768
1,15,12,Piste 3b,365,suite,1183,0.128364
1,15,12,Piste 3b,730,tentative,818,0.0335754
1,15,12,Piste 3b,730,suite,818,0.333827
1,15,12,Piste 3c,365,tentative,1183,0.0441099
1,15,12,Piste 3c,365,suite,1183,0.151732
1,15,12,Piste 3c,730,tentative,818,0.0265006
1,15,12,Piste 3c,730,suite,818,0.385807
1,16,11,Référence,365,tentative,1183,0.186114
1,16,11,Référence,365,suite,1183,0.342514
1,16,11,Référence,730,tentative,818,0.297
1,16,11,Référence,730,suite,818,0.828027
1,16,11,Piste 1,365,tentative,1183,0.124469
1,16,11,Piste 1,365,suite,1183,0.298793
1,16,11,Piste 1,730,tentative,818,0.16031
1,16,11,Piste 1,730,suite,818,0.672569
1,16,11,Piste 2,365,tentative,1183,0.0998833
1,16,11,Piste 2,365,suite,1183,0.34527
1,16,11,Piste 2,730,tentative,818,0.125722
1,16,11,Piste 2,730,suite,818,0.798867
1,16,11,Piste 3a,365,tentative,1183,0.134388
1,16,11,Piste 3a,365,suite,1183,0.308418
1,16,11,Piste 3a,730,tentative,818,0.185104
1,16,11,Piste 3a,730,suite,818,0.702482
1,16,11,Piste 3b,365,tentative,1183,0.150279
1,16,11,Piste 3b,365,suite,1183,0.3522
1,16,11,Piste 3b,730,tentative,818,0.212295
1,16,11,Piste 3b,730,suite,818,0.757194
1,16,11,Piste 3c,365,tentative,1183,0.123927
1,16,11,Piste 3c,365,suite,1183,0.343219
1,16,11,Piste 3c,730,tentative,818,0.181202
1,16,11,Piste 3c,730,suite,818,0.852261
1,17,11,Référence,365,tentative,1183,0.0643996
1,17,11,Référence,365,suite,1183,0.171879
1,17,11,Référence,730,tentative,818,0.0975367
1,17,11,Référence,730,suite,818,0.467668
1,17,11,Piste 1,365,tentative,1183,0.0622094
1,17,11,Piste 1,365,suite,1183,0.187401
1,17,11,Piste 1,730,tentative,818,0.0906825
1,17,11,Piste 1,730,suite,818,0.505586
1,17,11,Piste 2,365,tentative,1183,0.0432587
1,17,11,Piste 2,365,suite,1183,0.241939
1,17,11,Piste 2,730,tentative,818,0.0636582
1,17,11,Piste 2,730,suite,818,0.625521
1,17,11,Piste 3a,365,tentative,1183,0.0642038
1,17,11,Piste 3a,365,suite,1183,0.176994
1,17,11,Piste 3a,730,tentative,818,0.0978502
1,17,11,Piste 3a,730,suite,818,0.486874
1,17,11,Piste 3b,365,tentative,1183,0.0266421
1,17,11,Piste 3b,365,suite,1183,0.107536
1,17,11,Piste 3b,730,tentative,818,0.0393387
1,17,11,Piste 3b,730,suite,818,0.215225
1,17,11,Piste 3c,365,tentative,1183,0.024531
1,17,11,Piste 3c,365,suite,1183,0.220153
1,17,11,Piste 3c,730,tentative,818,0.0360456
1,17,11,Piste 3c,730,suite,818,0.371873
1,18,11,Référence,365,tentative,1183,0.0515081
1,18,11,Référence,365,suite,1183,0.0861243
1,18,11,Référence,730,tentative,818,0.0548479
1,18,11,Référence,730,suite,818,0.170884
1,18,11,Piste 1,365,tentative,1183,0.0604683
1,18,11,Piste 1,365,suite,1183,0.101311
1,18,11,Piste 1,730,tentative,818,0.062524
1,18,11,Piste 1,730,suite,818,0.239538
1,18,11,Piste 2,365,tentative,1183,0.0482947
1,18,11,Piste 2,365,suite,1183,0.117295
1,18,11,Piste 2,730,tentative,818,0.0582019
1,18,11,Piste 2,730,suite,818,0.228475
1,18,11,Piste 3a,365,tentative,1183,0.0541832
1,18,11,Piste 3a,365,suite,1183,0.0979195
1,18,11,Piste 3a,730,tentative,818,0.0547465
1,18,11,Piste 3a,730,suite,818,0.190786
1,18,11,Piste 3b,365,tentative,1183,0.0507689
1,18,11,Piste 3b,365,suite,1183,0.117449
1,18,11,Piste 3b,730,tentative,818,0.0597783
1,18,11,Piste 3b,730,suite,818,0.231686
1,18,11,Piste 3c,365,tentative,1183,0.0482972
1,18,11,Piste 3c,365,suite,1183,0.122183
1,18,11,Piste 3c,730,tentative,818,0.0562386
1,18,11,Piste 3c,730,suite,818,0.23586
1,19,12,Référence,365,tentative,1183,0.173078
1,19,12,Référence,365,suite,1183,0.262222
1,19,12,Référence,730,tentative,818,0.0303893
1,19,12,Référence,730,suite,818,0.510835
1,19,12,Piste 1,365,tentative,1183,0.070332
1,19,12,Piste 1,365,suite,1183,0.175779
1,19,12,Piste 1,730,tentative,818,0.0276462
1,19,12,Piste 1,730,suite,818,0.384494
1,19,12,Piste 2,365,tentative,1183,0.0355552
1,19,12,Piste 2,365,suite,1183,0.148574
1,19,12,Piste 2,730,tentative,818,0.0277889
1,19,12,Piste 2,730,suite,818,0.265395
1,19,12,Piste 3a,365,tentative,1183,0.148073
1,19,12,Piste 3a,365,suite,1183,0.272361
1,19,12,Piste 3a,730,tentative,818,0.022591
1,19,12,Piste 3a,730,suite,818,0.549487
1,19,12,Piste 3b,365,tentative,1183,0.0885444
1,19,12,Piste 3b,365,suite,1183,0.248412
1,19,12,Piste 3b,730,tentative,818,0.0413866
1,19,12,Piste 3b,730,suite,818,0.377729
1,19,12,Piste 3c,365,tentative,1183,0.101592
1,19,12,Piste 3c,365,suite,1183,0.352624
1,19,12,Piste 3c,730,tentative,818,0.0581791
1,19,12,Piste 3c,730,suite,818,0.665268
1,20,12,Référence,365,tentative,1183,0.102446
1,20,12,Référence,365,suite,1183,0.151811
1,20,12,Référence,730,tentative,818,0.0131071
1,20,12,Référence,730,suite,818,0.281337
1,20,12,Piste 1,365,tentative,1183,0.0374185
1,20,12,Piste 1,365,suite,1183,0.140447
1,20,12,Piste 1,730,tentative,818,0.0157501
1,20,12,Piste 1,730,suite,818,0.252112
1,20,12,Piste 2,365,tentative,1183,0.0225818
1,20,12,Piste 2,365,suite,1183,0.172069
1,20,12,Piste 2,730,tentative,818,0.016365
1,20,12,Piste 2,730,suite,818,0.336094
1,20,12,Piste 3a,365,tentative,1183,0.0726464
1,20,12,Piste 3a,365,suite,1183,0.16554
1,20,12,Piste 3a,730,tentative,818,0.0146937
1,20,12,Piste 3a,730,suite,818,0.308224
1,20,12,Piste 3b,365,tentative,1183,0.0378153
1,20,12,Piste 3b,365,suite,1183,0.177172
1,20,12,Piste 3b,730,tentative,818,0.0152065
1,20,12,Piste 3b,730,suite,818,0.350794
1,20,12,Piste 3c,365,tentative,1183,0.0245655
1,20,12,Piste 3c,365,suite,1183,0.210926
1,20,12,Piste 3c,730,tentative,818,0.0159457
1,20,12,Piste 3c,730,suite,818,0.384293
1,21,12,Référence,365,tentative,1183,0.12704
1,21,12,Référence,365,suite,1183,0.231586
1,21,12,Référence,730,tentative,818,0.145088
1,21,12,Référence,730,suite,818,0.513763
1,21,12,Piste 1,365,tentative,1183,0.121991
1,21,12,Piste 1,365,suite,1183,0.239205
1,21,12,Piste 1,730,tentative,818,0.154998
1,21,12,Piste 1,730,suite,818,0.53463
1,21,12,Piste 2,365,tentative,1183,0.127085
1,21,12,Piste 2,365,suite,1183,0.269347
1,21,12,Piste 2,730,tentative,818,0.161698
1,21,12,Piste 2,730,suite,818,0.594103
1,21,12,Piste 3a,365,tentative,1183,0.115051
1,21,12,Piste 3a,365,suite,1183,0.206813
1,21,12,Piste 3a,730,tentative,818,0.155888
1,21,12,Piste 3a,730,suite,818,0.473624
1,21,12,Piste 3b,365,tentative,1183,0.12179
1,21,12,Piste 3b,365,suite,1183,0.251227
1,21,12,Piste 3b,730,tentative,818,0.163558
1,21,12,Piste 3b,730,suite,818,0.569767
1,21,12,Piste 3c,365,tentative,1183,0.109805
1,21,12,Piste 3c,365,suite,1183,0.262847
1,21,12,Piste 3c,730,tentative,818,0.149282
1,21,12,Piste 3c,730,suite,818,0.577642
1,22,11,Référence,365,tentative,1183,0.110165
1,22,11,Référence,365,suite,1183,0.396263
1,22,11,Référence,730,tentative,818,0.147906
1,22,11,Référence,730,suite,818,0.760206
1,22,11,Piste 1,365,tentative,1183,0.113153
1,22,11,Piste 1,365,suite,1183,0.418028
1,22,11,Piste 1,730,tentative,818,0.149316
1,22,11,Piste 1,730,suite,818,0.749451
1,22,11,Piste 2,365,tentative,1183,0.0733024
1,22,11,Piste 2,365,suite,1183,0.495928
1,22,11,Piste 2,730,tentative,818,0.0944533
1,22,11,Piste 2,730,suite,818,0.942496
1,22,11,Piste 3a,365,tentative,1183,0.103065
1,22,11,Piste 3a,365,suite,1183,0.416566
1,22,11,Piste 3a,730,tentative,818,0.136207
1,22,11,Piste 3a,730,suite,818,0.784302
1,22,11,Piste 3b,365,tentative,1183,0.0653888
1,22,11,Piste 3b,365,suite,1183,0.45388
1,22,11,Piste 3b,730,tentative,818,0.0843004
1,22,11,Piste 3b,730,suite,818,0.858449
1,22,11,Piste 3c,365,tentative,1183,0.0675218
1,22,11,Piste 3c,365,suite,1183,0.473198
1,22,11,Piste 3c,730,tentative,818,0.0867025
1,22,11,Piste 3c,730,suite,818,0.886166
1,23,11,Référence,365,tentative,1183,0.0631379
1,23,11,Référence,365,suite,1183,0.0875602
1,23,11,Référence,730,tentative,818,0.0774364
1,23,11,Référence,730,suite,818,0.252174
1,23,11,Piste 1,365,tentative,1183,0.0661533
1,23,11,Piste 1,365,suite,1183,0.0949074
1,23,11,Piste 1,730,tentative,818,0.0832706
1,23,11,Piste 1,730,suite,818,0.275266
1,23,11,Piste 2,365,tentative,1183,0.060862
1,23,11,Piste 2,365,suite,1183,0.115158
1,23,11,Piste 2,730,tentative,818,0.0557234
1,23,11,Piste 2,730,suite,818,0.304298
1,23,11,Piste 3a,365,tentative,1183,0.0734072
1,23,11,Piste 3a,365,suite,1183,0.096255
1,23,11,Piste 3a,730,tentative,818,0.089126
1,23,11,Piste 3a,730,suite,818,0.272542
1,23,11,Piste 3b,365,tentative,1183,0.0690589
1,23,11,Piste 3b,365,suite,1183,0.111908
1,23,11,Piste 3b,730,tentative,818,0.0564948
1,23,11,Piste 3b,730,suite,818,0.290904
1,23,11,Piste 3c,365,tentative,1183,0.0668647
1,23,11,Piste 3c,365,suite,1183,0.114889
1,23,11,Piste 3c,730,tentative,818,0.0421221
1,23,11,Piste 3c,730,suite,818,0.302497
1,24,12,Référence,365,tentative,1183,0.00138424
1,24,12,Référence,365,suite,1183,0.0229215
1,24,12,Référence,730,tentative,818,0.00302417
1,24,12,Référence,730,suite,818,0.0903833
1,24,12,Piste 1,365,tentative,1183,0.00230828
1,24,12,Piste 1,365,suite,1183,0.0116765
1,24,12,Piste 1,730,tentative,818,0.0053432
1,24,12,Piste 1,730,suite,818,0.0575948
1,24,12,Piste 2,365,tentative,1183,0.00336728
1,24,12,Piste 2,365,suite,1183,0.0209563
1,24,12,Piste 2,730,tentative,818,0.00724728
1,24,12,Piste 2,730,suite,818,0.0678677
1,24,12,Piste 3a,365,tentative,1183,0.00209701
1,24,12,Piste 3a,365,suite,1183,0.00930989
1,24,12,Piste 3a,730,tentative,818,0.00507231
1,24,12,Piste 3a,730,suite,818,0.0575517
1,24,12,Piste 3b,365,tentative,1183,0.00176498
1,24,12,Piste 3b,365,suite,1183,0.0150973
1,24,12,Piste 3b,730,tentative,818,0.00494276
1,24,12,Piste 3b,730,suite,818,0.0468536
1,24,12,Piste 3c,365,tentative,1183,0.00274791
1,24,12,Piste 3c,365,suite,1183,0.0424675
1,24,12,Piste 3c,730,tentative,818,0.00621925
1,24,12,Piste 3c,730,suite,818,0.115629
1,25,9,Référence,365,tentative,1183,0.0199133
1,25,9,Référence,365,suite,1183,0.0484615
1,25,9,Référence,730,tentative,818,0.0301407
1,25,9,Référence,730,suite,818,0.0757222
1,25,9,Piste 1,365,tentative,1183,0.0261084
1,25,9,Piste 1,365,suite,1183,0.0594795
1,25,9,Piste 1,730,tentative,818,0.0389539
1,25,9,Piste 1,730,suite,818,0.0924981
1,25,9,Piste 2,365,tentative,1183,0.0303304
1,25,9,Piste 2,365,suite,1183,0.0872862
1,25,9,Piste 2,730,tentative,818,0.0426265
1,25,9,Piste 2,730,suite,818,0.15359
1,25,9,Piste 3a,365,tentative,1183,0.0219814
1,25,9,Piste 3a,365,suite,1183,0.0511994
1,25,9,Piste 3a,730,tentative,818,0.0331316
1,25,9,Piste 3a,730,suite,818,0.0802386
1,25,9,Piste 3b,365,tentative,1183,0.0258364
1,25,9,Piste 3b,365,suite,1183,0.0727207
1,25,9,Piste 3b,730,tentative,818,0.0366855
1,25,9,Piste 3b,730,suite,818,0.129819
1,25,9,Piste 3c,365,tentative,1183,0.0262594
1,25,9,Piste 3c,365,suite,1183,0.105679
1,25,9,Piste 3c,730,tentative,818,0.0366123
1,25,9,Piste 3c,730,suite,818,0.176666
1,26,12,Référence,365,tentative,1183,0.131708
1,26,12,Référence,365,suite,1183,0.175593
1,26,12,Référence,730,tentative,818,0.125391
1,26,12,Référence,730,suite,818,0.543125
1,26,12,Piste 1,365,tentative,1183,0.0941361
1,26,12,Piste 1,365,suite,1183,0.121223
1,26,12,Piste 1,730,tentative,818,0.119103
1,26,12,Piste 1,730,suite,818,0.327708
1,26,12,Piste 2,365,tentative,1183,0.104802
1,26,12,Piste 2,365,suite,1183,0.183681
1,26,12,Piste 2,730,tentative,818,0.0939753
1,26,12,Piste 2,730,suite,818,0.499154
1,26,12,Piste 3a,365,tentative,1183,0.140503
1,26,12,Piste 3a,365,suite,1183,0.181548
1,26,12,Piste 3a,730,tentative,818,0.13088
1,26,12,Piste 3a,730,suite,818,0.538912
1,26,12,Piste 3b,365,tentative,1183,0.131604
1,26,12,Piste 3b,365,suite,1183,0.205892
1,26,12,Piste 3b,730,tentative,818,0.10193
1,26,12,Piste 3b,730,suite,818,0.627526
1,26,12,Piste 3c,365,tentative,1183,0.100094
1,26,12,Piste 3c,365,suite,1183,0.207379
1,26,12,Piste 3c,730,tentative,818,0.0545528
1,26,12,Piste 3c,730,suite,818,0.623552
1,27,9,Référence,365,tentative,1183,0.0362486
1,27,9,Référence,365,suite,1183,0.0645956
1,27,9,Référence,730,tentative,818,0.00651112
1,27,9,Référence,730,suite,818,0.133995
1,27,9,Piste 1,365,tentative,1183,0.0398882
1,27,9,Piste 1,365,suite,1183,0.0788536
1,27,9,Piste 1,730,tentative,818,0.00986539
1,27,9,Piste 1,730,suite,818,0.164113
1,27,9,Piste 2,365,tentative,1183,0.0340174
1,27,9,Piste 2,365,suite,1183,0.103551
1,27,9,Piste 2,730,tentative,818,0.0128456
1,27,9,Piste 2,730,suite,818,0.20444
1,27,9,Piste 3a,365,tentative,1183,0.0371173
1,27,9,Piste 3a,365,suite,1183,0.069706
1,27,9,Piste 3a,730,tentative,818,0.0117247
1,27,9,Piste 3a,730,suite,818,0.147002
1,27,9,Piste 3b,365,tentative,1183,0.0336722
1,27,9,Piste 3b,365,suite,1183,0.0957911
1,27,9,Piste 3b,730,tentative,818,0.0156797
1,27,9,Piste 3b,730,suite,818,0.197571
1,27,9,Piste 3c,365,tentative,1183,0.0294247
1,27,9,Piste 3c,365,suite,1183,0.118463
1,27,9,Piste 3c,730,tentative,818,0.0153121
1,27,9,Piste 3c,730,suite,818,0.260952
1,28,11,Référence,365,tentative,1183,0.0230312
1,28,11,Référence,365,suite,1183,0.0807916
1,28,11,Référence,730,tentative,818,0.0331448
1,28,11,Référence,730,suite,818,0.1545
1,28,11,Piste 1,365,tentative,1183,0.0267221
1,28,11,Piste 1,365,suite,1183,0.0983369
1,28,11,Piste 1,730,tentative,818,0.0390905
1,28,11,Piste 1,730,suite,818,0.182649
1,28,11,Piste 2,365,tentative,1183,0.0260467
1,28,11,Piste 2,365,suite,1183,0.120566
1,28,11,Piste 2,730,tentative,818,0.0363701
1,28,11,Piste 2,730,suite,818,0.228668
1,28,11,Piste 3a,365,tentative,1183,0.0221161
1,28,11,Piste 3a,365,suite,1183,0.0768853
1,28,11,Piste 3a,730,tentative,818,0.0314684
1,28,11,Piste 3a,730,suite,818,0.139534
1,28,11,Piste 3b,365,tentative,1183,0.0218269
1,28,11,Piste 3b,365,suite,1183,0.10201
1,28,11,Piste 3b,730,tentative,818,0.0295243
1,28,11,Piste 3b,730,suite,818,0.194409
1,28,11,Piste 3c,365,tentative,1183,0.0224785
1,28,11,Piste 3c,365,suite,1183,0.122943
1,28,11,Piste 3c,730,tentative,818,0.0303832
1,28,11,Piste 3c,730,suite,818,0.221963
1,29,11,Référence,365,tentative,1183,0.0249845
1,29,11,Référence,365,suite,1183,0.0670492
1,29,11,Référence,730,tentative,818,0.00568246
1,29,11,Référence,730,suite,818,0.0852517
1,29,11,Piste 1,365,tentative,1183,0.0310071
1,29,11,Piste 1,365,suite,1183,0.0920291
1,29,11,Piste 1,730,tentative,818,0.00756687
1,29,11,Piste 1,730,suite,818,0.14661
1,29,11,Piste 2,365,tentative,1183,0.0337756
1,29,11,Piste 2,365,suite,1183,0.0751031
1,29,11,Piste 2,730,tentative,818,0.0120021
1,29,11,Piste 2,730,suite,818,0.108424
1,29,11,Piste 3a,365,tentative,1183,0.0263507
1,29,11,Piste 3a,365,suite,1183,0.0753424
1,29,11,Piste 3a,730,tentative,818,0.00710957
1,29,11,Piste 3a,730,suite,818,0.105269
1,29,11,Piste 3b,365,tentative,1183,0.030055
1,29,11,Piste 3b,365,suite,1183,0.0684848
1,29,11,Piste 3b,730,tentative,818,0.0126407
1,29,11,Piste 3b,730,suite,818,0.0990809
1,29,11,Piste 3c,365,tentative,1183,0.0278861
1,29,11,Piste 3c,365,suite,1183,0.178644
1,29,11,Piste 3c,730,tentative,818,0.0132317
1,29,11,Piste 3c,730,suite,818,0.344787
1,30,12,Référence,365,tentative,1183,0.0194761
1,30,12,Référence,365,suite,1183,0.118856
1,30,12,Référence,730,tentative,818,0.0166818
1,30,12,Référence,730,suite,818,0.23238
1,30,12,Piste 1,365,tentative,1183,0.02297
1,30,12,Piste 1,365,suite,1183,0.137328
1,30,12,Piste 1,730,tentative,818,0.0190914
1,30,12,Piste 1,730,suite,818,0.263037
1,30,12,Piste 2,365,tentative,1183,0.0265001
1,30,12,Piste 2,365,suite,1183,0.165739
1,30,12,Piste 2,730,tentative,818,0.0276175
1,30,12,Piste 2,730,suite,818,0.317258
1,30,12,Piste 3a,365,tentative,1183,0.0255718
1,30,12,Piste 3a,365,suite,1183,0.132367
1,30,12,Piste 3a,730,tentative,818,0.0220709
1,30,12,Piste 3a,730,suite,818,0.240622
1,30,12,Piste 3b,365,tentative,1183,0.0307451
1,30,12,Piste 3b,365,suite,1183,0.19453
1,30,12,Piste 3b,730,tentative,818,0.0327722
1,30,12,Piste 3b,730,suite,818,0.382218
1,30,12,Piste 3c,365,tentative,1183,0.0291196
1,30,12,Piste 3c,365,suite,1183,0.209696
1,30,12,Piste 3c,730,tentative,818,0.0322623
1,30,12,Piste 3c,730,suite,818,0.394315
1,31,10,Référence,365,tentative,1183,0.0106604
1,31,10,Référence,365,suite,1183,0.0981689
1,31,10,Référence,730,tentative,818,0.0158679
1,31,10,Référence,730,suite,818,0.321701
1,31,10,Piste 1,365,tentative,1183,0.0118494
1,31,10,Piste 1,365,suite,1183,0.0689242
1,31,10,Piste 1,730,tentative,818,0.0172991
1,31,10,Piste 1,730,suite,818,0.122718
1,31,10,Piste 2,365,tentative,1183,0.0141482
1,31,10,Piste 2,365,suite,1183,0.153727
1,31,10,Piste 2,730,tentative,818,0.0188211
1,31,10,Piste 2,730,suite,818,0.487652
1,31,10,Piste 3a,365,tentative,1183,0.0109651
1,31,10,Piste 3a,365,suite,1183,0.0886098
1,31,10,Piste 3a,730,tentative,818,0.0161564
1,31,10,Piste 3a,730,suite,818,0.24731
1,31,10,Piste 3b,365,tentative,1183,0.0145206
1,31,10,Piste 3b,365,suite,1183,0.14862
1,31,10,Piste 3b,730,tentative,818,0.0196763
1,31,10,Piste 3b,730,suite,818,0.46476
1,31,10,Piste 3c,365,tentative,1183,0.0168031
1,31,10,Piste 3c,365,suite,1183,0.183171
1,31,10,Piste 3c,730,tentative,818,0.0210036
1,31,10,Piste 3c,730,suite,818,0.515828
1,32,12,Référence,365,tentative,1183,0.0688335
1,32,12,Référence,365,suite,1183,0.314781
1,32,12,Référence,730,tentative,818,0.0933587
1,32,12,Référence,730,suite,818,0.796157
1,32,12,Piste 1,365,tentative,1183,0.0743114
1,32,12,Piste 1,365,suite,1183,0.286042
1,32,12,Piste 1,730,tentative,818,0.100211
1,32,12,Piste 1,730,suite,818,0.712213
1,32,12,Piste 2,365,tentative,1183,0.0817688
1,32,12,Piste 2,365,suite,1183,0.336969
1,32,12,Piste 2,730,tentative,818,0.110382
1,32,12,Piste 2,730,suite,818,0.92004
1,32,12,Piste 3a,365,tentative,1183,0.0406439
1,32,12,Piste 3a,365,suite,1183,0.146293
1,32,12,Piste 3a,730,tentative,818,0.0525533
1,32,12,Piste 3a,730,suite,818,0.244463
1,32,12,Piste 3b,365,tentative,1183,0.0819691
1,32,12,Piste 3b,365,suite,1183,0.328471
1,32,12,Piste 3b,730,tentative,818,0.111183
1,32,12,Piste 3b,730,suite,818,0.869307
1,32,12,Piste 3c,365,tentative,1183,0.0672045
1,32,12,Piste 3c,365,suite,1183,0.375291
1,32,12,Piste 3c,730,tentative,818,0.089532
1,32,12,Piste 3c,730,suite,818,0.84063
1,33,11,Référence,365,tentative,1183,0.12351
1,33,11,Référence,365,suite,1183,0.198819
1,33,11,Référence,730,tentative,818,0.161873
1,33,11,Référence,730,suite,818,0.35742
1,33,11,Piste 1,365,tentative,1183,0.104734
1,33,11,Piste 1,365,suite,1183,0.217225
1,33,11,Piste 1,730,tentative,818,0.123355
1,33,11,Piste 1,730,suite,818,0.401442
1,33,11,Piste 2,365,tentative,1183,0.109497
1,33,11,Piste 2,365,suite,1183,0.255339
1,33,11,Piste 2,730,tentative,818,0.126697
1,33,11,Piste 2,730,suite,818,0.447376
1,33,11,Piste 3a,365,tentative,1183,0.0918847
1,33,11,Piste 3a,365,suite,1183,0.198318
1,33,11,Piste 3a,730,tentative,818,0.101958
1,33,11,Piste 3a,730,suite,818,0.371512
1,33,11,Piste 3b,365,tentative,1183,0.0946847
1,33,11,Piste 3b,365,suite,1183,0.206701
1,33,11,Piste 3b,730,tentative,818,0.104543
1,33,11,Piste 3b,730,suite,818,0.361557
1,33,11,Piste 3c,365,tentative,1183,0.0596926
1,33,11,Piste 3c,365,suite,1183,0.242331
1,33,11,Piste 3c,730,tentative,818,0.0694964
1,33,11,Piste 3c,730,suite,818,0.408171
1,34,11,Référence,365,tentative,1183,0.0312895
1,34,11,Référence,365,suite,1183,0.101472
1,34,11,Référence,730,tentative,818,0.00823285
1,34,11,Référence,730,suite,818,0.272748
1,34,11,Piste 1,365,tentative,1183,0.0377769
1,34,11,Piste 1,365,suite,1183,0.121579
1,34,11,Piste 1,730,tentative,818,0.0106831
1,34,11,Piste 1,730,suite,818,0.333591
1,34,11,Piste 2,365,tentative,1183,0.0350691
1,34,11,Piste 2,365,suite,1183,0.132027
1,34,11,Piste 2,730,tentative,818,0.00642148
1,34,11,Piste 2,730,suite,818,0.366122
1,34,11,Piste 3a,365,tentative,1183,0.0338709
1,34,11,Piste 3a,365,suite,1183,0.113623
1,34,11,Piste 3a,730,tentative,818,0.00909929
1,34,11,Piste 3a,730,suite,818,0.301494
1,34,11,Piste 3b,365,tentative,1183,0.0306752
1,34,11,Piste 3b,365,suite,1183,0.120149
1,34,11,Piste 3b,730,tentative,818,0.00559502
1,34,11,Piste 3b,730,suite,818,0.326645
1,34,11,Piste 3c,365,tentative,1183,0.0255756
1,34,11,Piste 3c,365,suite,1183,0.182589
1,34,11,Piste 3c,730,tentative,818,0.00134228
1,34,11,Piste 3c,730,suite,818,0.420392
1,35,12,Référence,365,tentative,1183,0.00988418
1,35,12,Référence,365,suite,1183,0.0160859
1,35,12,Référence,730,tentative,818,0.0159995
1,35,12,Référence,730,suite,818,0.0601189
1,35,12,Piste 1,365,tentative,1183,0.0122076
1,35,12,Piste 1,365,suite,1183,0.0179854
1,35,12,Piste 1,730,tentative,818,0.0193412
1,35,12,Piste 1,730,suite,818,0.0630388
1,35,12,Piste 2,365,tentative,1183,0.0114202
1,35,12,Piste 2,365,suite,1183,0.0238775
1,35,12,Piste 2,730,tentative,818,0.017991
1,35,12,Piste 2,730,suite,818,0.0935681
1,35,12,Piste 3a,365,tentative,1183,0.0100798
1,35,12,Piste 3a,365,suite,1183,0.0151157
1,35,12,Piste 3a,730,tentative,818,0.0156394
1,35,12,Piste 3a,730,suite,818,0.0561576
1,35,12,Piste 3b,365,tentative,1183,0.010677
1,35,12,Piste 3b,365,suite,1183,0.0307359
1,35,12,Piste 3b,730,tentative,818,0.0159861
1,35,12,Piste 3b,730,suite,818,0.106377
1,35,12,Piste 3c,365,tentative,1183,0.00712828
1,35,12,Piste 3c,365,suite,1183,0.0248321
1,35,12,Piste 3c,730,tentative,818,0.0117552
1,35,12,Piste 3c,730,suite,818,0.101028
1,36,12,Référence,365,tentative,1183,0.0106506
1,36,12,Référence,365,suite,1183,0.054797
1,36,12,Référence,730,tentative,818,0.0102717
1,36,12,Référence,730,suite,818,0.115372
1,36,12,Piste 1,365,tentative,1183,0.0141031
1,36,12,Piste 1,365,suite,1183,0.0686524
1,36,12,Piste 1,730,tentative,818,0.0138853
1,36,12,Piste 1,730,suite,818,0.15624
1,36,12,Piste 2,365,tentative,1183,0.0180172
1,36,12,Piste 2,365,suite,1183,0.0961885
1,36,12,Piste 2,730,tentative,818,0.0194506
1,36,12,Piste 2,730,suite,818,0.207509
1,36,12,Piste 3a,365,tentative,1183,0.0115095
1,36,12,Piste 3a,365,suite,1183,0.0527266
1,36,12,Piste 3a,730,tentative,818,0.0109806
1,36,12,Piste 3a,730,suite,818,0.130868
1,36,12,Piste 3b,365,tentative,1183,0.0136368
1,36,12,Piste 3b,365,suite,1183,0.0805649
1,36,12,Piste 3b,730,tentative,818,0.0150857
1,36,12,Piste 3b,730,suite,818,0.193198
1,36,12,Piste 3c,365,tentative,1183,0.0175101
1,36,12,Piste 3c,365,suite,1183,0.0884489
1,36,12,Piste 3c,730,tentative,818,0.0203162
1,36,12,Piste 3c,730,suite,818,0.186626
1,37,10,Référence,365,tentative,1183,0.0561845
1,37,10,Référence,365,suite,1183,0.110024
1,37,10,Référence,730,tentative,818,0.0657874
1,37,10,Référence,730,suite,818,0.176815
1,37,10,Piste 1,365,tentative,1183,0.0654822
1,37,10,Piste 1,365,suite,1183,0.12758
1,37,10,Piste 1,730,tentative,818,0.0778045
1,37,10,Piste 1,730,suite,818,0.201715
1,37,10,Piste 2,365,tentative,1183,0.0653935
1,37,10,Piste 2,365,suite,1183,0.134661
1,37,10,Piste 2,730,tentative,818,0.0801206
1,37,10,Piste 2,730,suite,818,0.199201
1,37,10,Piste 3a,365,tentative,1183,0.0553778
1,37,10,Piste 3a,365,suite,1183,0.105796
1,37,10,Piste 3a,730,tentative,818,0.0658799
1,37,10,Piste 3a,730,suite,818,0.158309
1,37,10,Piste 3b,365,tentative,1183,0.056694
1,37,10,Piste 3b,365,suite,1183,0.111928
1,37,10,Piste 3b,730,tentative,818,0.0697363
1,37,10,Piste 3b,730,suite,818,0.151649
1,37,10,Piste 3c,365,tentative,1183,0.0555471
1,37,10,Piste 3c,365,suite,1183,0.125167
1,37,10,Piste 3c,730,tentative,818,0.066988
1,37,10,Piste 3c,730,suite,818,0.187677
1,38,12,Référence,365,tentative,1183,0.0378123
1,38,12,Référence,365,suite,1183,0.103383
1,38,12,Référence,730,tentative,818,0.00442249
1,38,12,Référence,730,suite,818,0.223905
1,38,12,Piste 1,365,tentative,1183,0.0488333
1,38,12,Piste 1,365,suite,1183,0.132151
1,38,12,Piste 1,730,tentative,818,0.00433472
1,38,12,Piste 1,730,suite,818,0.281973
1,38,12,Piste 2,365,tentative,1183,0.0533099
1,38,12,Piste 2,365,suite,1183,0.164293
1,38,12,Piste 2,730,tentative,818,0.00745262
1,38,12,Piste 2,730,suite,818,0.366522
1,38,12,Piste 3a,365,tentative,1183,0.0434121
1,38,12,Piste 3a,365,suite,1183,0.116595
1,38,12,Piste 3a,730,tentative,818,0.00347346
1,38,12,Piste 3a,730,suite,818,0.25152
1,38,12,Piste 3b,365,tentative,1183,0.04686
1,38,12,Piste 3b,365,suite,1183,0.136092
1,38,12,Piste 3b,730,tentative,818,0.00599839
1,38,12,Piste 3b,730,suite,818,0.275247
1,38,12,Piste 3c,365,tentative,1183,0.0494446
1,38,12,Piste 3c,365,suite,1183,0.170577
1,38,12,Piste 3c,730,tentative,818,0.008986
1,38,12,Piste 3c,730,suite,818,0.390872
1,39,11,Référence,365,tentative,1183,0.0228018
1,39,11,Référence,365,suite,1183,0.147981
1,39,11,Référence,730,tentative,818,0.00374776
1,39,11,Référence,730,suite,818,0.272919
1,39,11,Piste 1,365,tentative,1183,0.0188212
1,39,11,Piste 1,365,suite,1183,0.156363
1,39,11,Piste 1,730,tentative,818,0.00295418
1,39,11,Piste 1,730,suite,818,0.294333
1,39,11,Piste 2,365,tentative,1183,0.00869595
1,39,11,Piste 2,365,suite,1183,0.169789
1,39,11,Piste 2,730,tentative,818,0.00359473
1,39,11,Piste 2,730,suite,818,0.318346
1,39,11,Piste 3a,365,tentative,1183,0.0374965
1,39,11,Piste 3a,365,suite,1183,0.170083
1,39,11,Piste 3a,730,tentative,818,0.00399763
1,39,11,Piste 3a,730,suite,818,0.331384
1,39,11,Piste 3b,365,tentative,1183,0.0280682
1,39,11,Piste 3b,365,suite,1183,0.178459
1,39,11,Piste 3b,730,tentative,818,0.00265093
1,39,11,Piste 3b,730,suite,818,0.377284
1,39,11,Piste 3c,365,tentative,1183,0.0185173
1,39,11,Piste 3c,365,suite,1183,0.178723
1,39,11,Piste 3c,730,tentative,818,0.00294705
1,39,11,Piste 3c,730,suite,818,0.372337
1,40,12,Référence,365,tentative,1183,0.00729942
1,40,12,Référence,365,suite,1183,0.0389227
1,40,12,Référence,730,tentative,818,0.0113115
1,40,12,Référence,730,suite,818,0.128447
1,40,12,Piste 1,365,tentative,1183,0.00335781
1,40,12,Piste 1,365,suite,1183,0.0321688
1,40,12,Piste 1,730,tentative,818,0.00522386
1,40,12,Piste 1,730,suite,818,0.0859947
1,40,12,Piste 2,365,tentative,1183,0.00655831
1,40,12,Piste 2,365,suite,1183,0.0445626
1,40,12,Piste 2,730,tentative,818,0.0107921
1,40,12,Piste 2,730,suite,818,0.126755
1,40,12,Piste 3a,365,tentative,1183,0.00917643
1,40,12,Piste 3a,365,suite,1183,0.0461698
1,40,12,Piste 3a,730,tentative,818,0.0134972
1,40,12,Piste 3a,730,suite,818,0.150134
1,40,12,Piste 3b,365,tentative,1183,0.0155884
1,40,12,Piste 3b,365,suite,1183,0.0543427
1,40,12,Piste 3b,730,tentative,818,0.0228991
1,40,12,Piste 3b,730,suite,818,0.124915
1,40,12,Piste 3c,365,tentative,1183,0.0238027
1,40,12,Piste 3c,365,suite,1183,0.0965133
1,40,12,Piste 3c,730,tentative,818,0.0362221
1,40,12,Piste 3c,730,suite,818,0.261997
1,41,9,Référence,365,tentative,1183,0.0778238
1,41,9,Référence,365,suite,1183,0.125069
1,41,9,Référence,730,tentative,818,0.100037
1,41,9,Référence,730,suite,818,0.22271
1,41,9,Piste 1,365,tentative,1183,0.0757863
1,41,9,Piste 1,365,suite,1183,0.136966
1,41,9,Piste 1,730,tentative,818,0.0946641
1,41,9,Piste 1,730,suite,818,0.250467
1,41,9,Piste 2,365,tentative,1183,0.0588787
1,41,9,Piste 2,365,suite,1183,0.155888
1,41,9,Piste 2,730,tentative,818,0.0679472
1,41,9,Piste 2,730,suite,818,0.272078
1,41,9,Piste 3a,365,tentative,1183,0.107734
1,41,9,Piste 3a,365,suite,1183,0.160935
1,41,9,Piste 3a,730,tentative,818,0.116737
1,41,9,Piste 3a,730,suite,818,0.350912
1,41,9,Piste 3b,365,tentative,1183,0.0787234
1,41,9,Piste 3b,365,suite,1183,0.155923
1,41,9,Piste 3b,730,tentative,818,0.065519
1,41,9,Piste 3b,730,suite,818,0.312857
1,41,9,Piste 3c,365,tentative,1183,0.0830069
1,41,9,Piste 3c,365,suite,1183,0.173583
1,41,9,Piste 3c,730,tentative,818,0.070093
1,41,9,Piste 3c,730,suite,818,0.352683
1,42,12,Référence,365,tentative,1183,0.0366894
1,42,12,Référence,365,suite,1183,0.0837747
1,42,12,Référence,730,tentative,818,0.0204867
1,42,12,Référence,730,suite,818,0.201067
1,42,12,Piste 1,365,tentative,1183,0.0350114
1,42,12,Piste 1,365,suite,1183,0.0864144
1,42,12,Piste 1,730,tentative,818,0.0160388
1,42,12,Piste 1,730,suite,818,0.213499
1,42,12,Piste 2,365,tentative,1183,0.0312533
1,42,12,Piste 2,365,suite,1183,0.0900182
1,42,12,Piste 2,730,tentative,818,0.0176196
1,42,12,Piste 2,730,suite,818,0.217784
1,42,12,Piste 3a,365,tentative,1183,0.031497
1,42,12,Piste 3a,365,suite,1183,0.0808167
1,42,12,Piste 3a,730,tentative,818,0.0142979
1,42,12,Piste 3a,730,suite,818,0.209147
1,42,12,Piste 3b,365,tentative,1183,0.0278809
1,42,12,Piste 3b,365,suite,1183,0.078014
1,42,12,Piste 3b,730,tentative,818,0.0148236
1,42,12,Piste 3b,730,suite,818,0.182595
1,42,12,Piste 3c,365,tentative,1183,0.0247942
1,42,12,Piste 3c,365,suite,1183,0.114155
1,42,12,Piste 3c,730,tentative,818,0.0139435
1,42,12,Piste 3c,730,suite,818,0.26406
1,43,11,Référence,365,tentative,1183,0.0447909
1,43,11,Référence,365,suite,1183,0.0782874
1,43,11,Référence,730,tentative,818,0.066489
1,43,11,Référence,730,suite,818,0.122349
1,43,11,Piste 1,365,tentative,1183,0.0392285
1,43,11,Piste 1,365,suite,1183,0.0780248
1,43,11,Piste 1,730,tentative,818,0.05813
1,43,11,Piste 1,730,suite,818,0.122196
1,43,11,Piste 2,365,tentative,1183,0.0252749
1,43,11,Piste 2,365,suite,1183,0.0941742
1,43,11,Piste 2,730,tentative,818,0.0385372
1,43,11,Piste 2,730,suite,818,0.164703
1,43,11,Piste 3a,365,tentative,1183,0.0416512
1,43,11,Piste 3a,365,suite,1183,0.0824409
1,43,11,Piste 3a,730,tentative,818,0.0605293
1,43,11,Piste 3a,730,suite,818,0.138713
1,43,11,Piste 3b,365,tentative,1183,0.026647
1,43,11,Piste 3b,365,suite,1183,0.10498
1,43,11,Piste 3b,730,tentative,818,0.0377424
1,43,11,Piste 3b,730,suite,818,0.200574
1,43,11,Piste 3c,365,tentative,1183,0.0292327
1,43,11,Piste 3c,365,suite,1183,0.12467
1,43,11,Piste 3c,730,tentative,818,0.0433482
1,43,11,Piste 3c,730,suite,818,0.270706
1,44,11,Référence,365,tentative,1183,0.0194616
1,44,11,Référence,365,suite,1183,0.0455043
1,44,11,Référence,730,tentative,818,0.0290897
1,44,11,Référence,730,suite,818,0.150554
1,44,11,Piste 1,365,tentative,1183,0.0261568
1,44,11,Piste 1,365,suite,1183,0.0501228
1,44,11,Piste 1,730,tentative,818,0.038559
1,44,11,Piste 1,730,suite,818,0.163774
1,44,11,Piste 2,365,tentative,1183,0.0207201
1,44,11,Piste 2,365,suite,1183,0.0789596
1,44,11,Piste 2,730,tentative,818,0.0289227
1,44,11,Piste 2,730,suite,818,0.237539
1,44,11,Piste 3a,365,tentative,1183,0.0257238
1,44,11,Piste 3a,365,suite,1183,0.0572724
1,44,11,Piste 3a,730,tentative,818,0.0382915
1,44,11,Piste 3a,730,suite,818,0.174343
1,44,11,Piste 3b,365,tentative,1183,0.0235035
1,44,11,Piste 3b,365,suite,1183,0.0757127
1,44,11,Piste 3b,730,tentative,818,0.0335244
1,44,11,Piste 3b,730,suite,818,0.235342
1,44,11,Piste 3c,365,tentative,1183,0.0168719
1,44,11,Piste 3c,365,suite,1183,0.089079
1,44,11,Piste 3c,730,tentative,818,0.0240392
1,44,11,Piste 3c,730,suite,818,0.253292
1,45,11,Référence,365,tentative,1183,0.0121262
1,45,11,Référence,365,suite,1183,0.0414939
1,45,11,Référence,730,tentative,818,0.0197826
1,45,11,Référence,730,suite,818,0.113308
1,45,11,Piste 1,365,tentative,1183,0.0139122
1,45,11,Piste 1,365,suite,1183,0.0473074
1,45,11,Piste 1,730,tentative,818,0.0223287
1,45,11,Piste 1,730,suite,818,0.22462
1,45,11,Piste 2,365,tentative,1183,0.0105372
1,45,11,Piste 2,365,suite,1183,0.0485391
1,45,11,Piste 2,730,tentative,818,0.0174068
1,45,11,Piste 2,730,suite,818,0.14474
1,45,11,Piste 3a,365,tentative,1183,0.0150658
1,45,11,Piste 3a,365,suite,1183,0.0419393
1,45,11,Piste 3a,730,tentative,818,0.0238123
1,45,11,Piste 3a,730,suite,818,0.117028
1,45,11,Piste 3b,365,tentative,1183,0.0125906
1,45,11,Piste 3b,365,suite,1183,0.0540758
1,45,11,Piste 3b,730,tentative,818,0.0201303
1,45,11,Piste 3b,730,suite,818,0.142504
1,45,11,Piste 3c,365,tentative,1183,0.0160379
1,45,11,Piste 3c,365,suite,1183,0.10152
1,45,11,Piste 3c,730,tentative,818,0.0250709
1,45,11,Piste 3c,730,suite,818,0.206386
1,46,12,Référence,365,tentative,1183,0.0761435
1,46,12,Référence,365,suite,1183,0.140561
1,46,12,Référence,730,tentative,818,0.00355005
1,46,12,Référence,730,suite,818,0.228217
1,46,12,Piste 1,365,tentative,1183,0.0665211
1,46,12,Piste 1,365,suite,1183,0.136087
1,46,12,Piste 1,730,tentative,818,0.00157406
1,46,12,Piste 1,730,suite,818,0.297946
1,46,12,Piste 2,365,tentative,1183,0.0760124
1,46,12,Piste 2,365,suite,1183,0.171689
1,46,12,Piste 2,730,tentative,818,0.00696655
1,46,12,Piste 2,730,suite,818,0.300955
1,46,12,Piste 3a,365,tentative,1183,0.0689345
1,46,12,Piste 3a,365,suite,1183,0.141343
1,46,12,Piste 3a,730,tentative,818,0.00116759
1,46,12,Piste 3a,730,suite,818,0.298321
1,46,12,Piste 3b,365,tentative,1183,0.0748902
1,46,12,Piste 3b,365,suite,1183,0.157812
1,46,12,Piste 3b,730,tentative,818,0.00558979
1,46,12,Piste 3b,730,suite,818,0.261196
1,46,12,Piste 3c,365,tentative,1183,0.0637466
1,46,12,Piste 3c,365,suite,1183,0.19099
1,46,12,Piste 3c,730,tentative,818,0.0103196
1,46,12,Piste 3c,730,suite,818,0.336377
1,47,12,Référence,365,tentative,1183,0.0114846
1,47,12,Référence,365,suite,1183,0.140451
1,47,12,Référence,730,tentative,818,0.00759696
1,47,12,Référence,730,suite,818,0.257341
1,47,12,Piste 1,365,tentative,1183,0.00953772
1,47,12,Piste 1,365,suite,1183,0.0642263
1,47,12,Piste 1,730,tentative,818,0.00453021
1,47,12,Piste 1,730,suite,818,0.0539799
1,47,12,Piste 2,365,tentative,1183,0.0120302
1,47,12,Piste 2,365,suite,1183,0.0451471
1,47,12,Piste 2,730,tentative,818,0.00533751
1,47,12,Piste 2,730,suite,818,0.0917003
1,47,12,Piste 3a,365,tentative,1183,0.013246
1,47,12,Piste 3a,365,suite,1183,0.122569
1,47,12,Piste 3a,730,tentative,818,0.00967837
1,47,12,Piste 3a,730,suite,818,0.282566
1,47,12,Piste 3b,365,tentative,1183,0.0126296
1,47,12,Piste 3b,365,suite,1183,0.0425917
1,47,12,Piste 3b,730,tentative,818,0.00693394
1,47,12,Piste 3b,730,suite,818,0.0813411
1,47,12,Piste 3c,365,tentative,1183,0.0168715
1,47,12,Piste 3c,365,suite,1183,0.0911
1,47,12,Piste 3c,730,tentative,818,0.0116875
1,47,12,Piste 3c,730,suite,818,0.21241
1,48,10,Référence,365,tentative,1183,0.0596489
1,48,10,Référence,365,suite,1183,0.142038
1,48,10,Référence,730,tentative,818,0.0727291
1,48,10,Référence,730,suite,818,0.315665
1,48,10,Piste 1,365,tentative,1183,0.074373
1,48,10,Piste 1,365,suite,1183,0.17577
1,48,10,Piste 1,730,tentative,818,0.0905753
1,48,10,Piste 1,730,suite,818,0.391586
1,48,10,Piste 2,365,tentative,1183,0.0718849
1,48,10,Piste 2,365,suite,1183,0.185854
1,48,10,Piste 2,730,tentative,818,0.0874606
1,48,10,Piste 2,730,suite,818,0.410214
1,48,10,Piste 3a,365,tentative,1183,0.0641424
1,48,10,Piste 3a,365,suite,1183,0.151145
1,48,10,Piste 3a,730,tentative,818,0.0789647
1,48,10,Piste 3a,730,suite,818,0.335186
1,48,10,Piste 3b,365,tentative,1183,0.0617526
1,48,10,Piste 3b,365,suite,1183,0.165149
1,48,10,Piste 3b,730,tentative,818,0.0759741
1,48,10,Piste 3b,730,suite,818,0.364642
1,48,10,Piste 3c,365,tentative,1183,0.0569874
1,48,10,Piste 3c,365,suite,1183,0.167311
1,48,10,Piste 3c,730,tentative,818,0.0686606
1,48,10,Piste 3c,730,suite,818,0.375973
1,49,10,Référence,365,tentative,1183,0.0215877
1,49,10,Référence,365,suite,1183,0.0398934
1,49,10,Référence,730,tentative,818,0.0545813
1,49,10,Référence,730,suite,818,0.15277
1,49,10,Piste 1,365,tentative,1183,0.0126036
1,49,10,Piste 1,365,suite,1183,0.0335585
1,49,10,Piste 1,730,tentative,818,0.0294828
1,49,10,Piste 1,730,suite,818,0.111132
1,49,10,Piste 2,365,tentative,1183,0.0626144
1,49,10,Piste 2,365,suite,1183,0.141654
1,49,10,Piste 2,730,tentative,818,0.110936
1,49,10,Piste 2,730,suite,818,0.441378
1,49,10,Piste 3a,365,tentative,1183,0.0480203
1,49,10,Piste 3a,365,suite,1183,0.0690119
1,49,10,Piste 3a,730,tentative,818,0.132222
1,49,10,Piste 3a,730,suite,818,0.285272
1,49,10,Piste 3b,365,tentative,1183,0.0971653
1,49,10,Piste 3b,365,suite,1183,0.151296
1,49,10,Piste 3b,730,tentative,818,0.189388
1,49,10,Piste 3b,730,suite,818,0.448581
1,49,10,Piste 3c,365,tentative,1183,0.0714926
1,49,10,Piste 3c,365,suite,1183,0.178057
1,49,10,Piste 3c,730,tentative,818,0.105071
1,49,10,Piste 3c,730,suite,818,0.491098
1,50,11,Référence,365,tentative,1183,0.0649619
1,50,11,Référence,365,suite,1183,0.13563
1,50,11,Référence,730,tentative,818,0.0888679
1,50,11,Référence,730,suite,818,0.237493
1,50,11,Piste 1,365,tentative,1183,0.0802983
1,50,11,Piste 1,365,suite,1183,0.170287
1,50,11,Piste 1,730,tentative,818,0.109027
1,50,11,Piste 1,730,suite,818,0.303895
1,50,11,Piste 2,365,tentative,1183,0.0642363
1,50,11,Piste 2,365,suite,1183,0.19417
1,50,11,Piste 2,730,tentative,818,0.0859427
1,50,11,Piste 2,730,suite,818,0.324489
1,50,11,Piste 3a,365,tentative,1183,0.0729703
1,50,11,Piste 3a,365,suite,1183,0.157326
1,50,11,Piste 3a,730,tentative,818,0.0907175
1,50,11,Piste 3a,730,suite,818,0.31161
1,50,11,Piste 3b,365,tentative,1183,0.0590756
1,50,11,Piste 3b,365,suite,1183,0.179387
1,50,11,Piste 3b,730,tentative,818,0.0717833
1,50,11,Piste 3b,730,suite,818,0.339698
1,50,11,Piste 3c,365,tentative,1183,0.0487932
1,50,11,Piste 3c,365,suite,1183,0.210129
1,50,11,Piste 3c,730,tentative,818,0.0556138
1,50,11,Piste 3c,730,suite,818,0.412537
1,51,12,Référence,365,tentative,1183,-0.00440262
1,51,12,Référence,365,suite,1183,-0.00251563
1,51,12,Référence,730,tentative,818,-0.00431835
1,51,12,Référence,730,suite,818,0.0146612
1,51,12,Piste 1,365,tentative,1183,-0.00445442
1,51,12,Piste 1,365,suite,1183,-0.00389066
1,51,12,Piste 1,730,tentative,818,-0.0042764
1,51,12,Piste 1,730,suite,818,0.00392417
1,51,12,Piste 2,365,tentative,1183,-0.00341298
1,51,12,Piste 2,365,suite,1183,0.0103511
1,51,12,Piste 2,730,tentative,818,-0.00293955
1,51,12,Piste 2,730,suite,818,0.03544
1,51,12,Piste 3a,365,tentative,1183,-0.00207826
1,51,12,Piste 3a,365,suite,1183,0.0036786
1,51,12,Piste 3a,730,tentative,818,-0.00394825
1,51,12,Piste 3a,730,suite,818,0.0453639
1,51,12,Piste 3b,365,tentative,1183,0.0013922
1,51,12,Piste 3b,365,suite,1183,0.028919
1,51,12,Piste 3b,730,tentative,818,-0.00312843
1,51,12,Piste 3b,730,suite,818,0.12293
1,51,12,Piste 3c,365,tentative,1183,0.00211004
1,51,12,Piste 3c,365,suite,1183,0.0136903
1,51,12,Piste 3c,730,tentative,818,-0.00182316
1,51,12,Piste 3c,730,suite,818,0.0715186
1,52,10,Référence,365,tentative,1183,0.0519272
1,52,10,Référence,365,suite,1183,0.161213
1,52,10,Référence,730,tentative,818,0.0255849
1,52,10,Référence,730,suite,818,0.266099
1,52,10,Piste 1,365,tentative,1183,0.0575114
1,52,10,Piste 1,365,suite,1183,0.167417
1,52,10,Piste 1,730,tentative,818,0.030372
1,52,10,Piste 1,730,suite,818,0.260792
1,52,10,Piste 2,365,tentative,1183,0.04543
1,52,10,Piste 2,365,suite,1183,0.182238
1,52,10,Piste 2,730,tentative,818,0.0195787
1,52,10,Piste 2,730,suite,818,0.293057
1,52,10,Piste 3a,365,tentative,1183,0.0900474
1,52,10,Piste 3a,365,suite,1183,0.193717
1,52,10,Piste 3a,730,tentative,818,0.0702949
1,52,10,Piste 3a,730,suite,818,0.321084
1,52,10,Piste 3b,365,tentative,1183,0.0857161
1,52,10,Piste 3b,365,suite,1183,0.2024
1,52,10,Piste 3b,730,tentative,818,0.0644173
1,52,10,Piste 3b,730,suite,818,0.322245
1,52,10,Piste 3c,365,tentative,1183,0.0865413
1,52,10,Piste 3c,365,suite,1183,0.232547
1,52,10,Piste 3c,730,tentative,818,0.061692
1,52,10,Piste 3c,730,suite,818,0.387814
1,53,12,Référence,365,tentative,1183,0.065223
1,53,12,Référence,365,suite,1183,0.168214
1,53,12,Référence,730,tentative,818,0.0875052
1,53,12,Référence,730,suite,818,0.498385
1,53,12,Piste 1,365,tentative,1183,0.0578384
1,53,12,Piste 1,365,suite,1183,0.129425
1,53,12,Piste 1,730,tentative,818,0.0775369
1,53,12,Piste 1,730,suite,818,0.297266
1,53,12,Piste 2,365,tentative,1183,0.0709603
1,53,12,Piste 2,365,suite,1183,0.156053
1,53,12,Piste 2,730,tentative,818,0.0851868
1,53,12,Piste 2,730,suite,818,0.324264
1,53,12,Piste 3a,365,tentative,1183,0.0526029
1,53,12,Piste 3a,365,suite,1183,0.167627
1,53,12,Piste 3a,730,tentative,818,0.0692007
1,53,12,Piste 3a,730,suite,818,0.519793
1,53,12,Piste 3b,365,tentative,1183,0.0673461
1,53,12,Piste 3b,365,suite,1183,0.141374
1,53,12,Piste 3b,730,tentative,818,0.0774183
1,53,12,Piste 3b,730,suite,818,0.268329
1,53,12,Piste 3c,365,tentative,1183,0.0595622
1,53,12,Piste 3c,365,suite,1183,0.165508
1,53,12,Piste 3c,730,tentative,818,0.0624476
1,53,12,Piste 3c,730,suite,818,0.344661
1,54,11,Référence,365,tentative,1183,0.0425085
1,54,11,Référence,365,suite,1183,0.149659
1,54,11,Référence,730,tentative,818,0.0582986
1,54,11,Référence,730,suite,818,0.248703
1,54,11,Piste 1,365,tentative,1183,0.0503046
1,54,11,Piste 1,365,suite,1183,0.17242
1,54,11,Piste 1,730,tentative,818,0.0693703
1,54,11,Piste 1,730,suite,818,0.275514
1,54,11,Piste 2,365,tentative,1183,0.0515062
1,54,11,Piste 2,365,suite,1183,0.183606
1,54,11,Piste 2,730,tentative,818,0.0687383
1,54,11,Piste 2,730,suite,818,0.292539
1,54,11,Piste 3a,365,tentative,1183,0.0474876
1,54,11,Piste 3a,365,suite,1183,0.153462
1,54,11,Piste 3a,730,tentative,818,0.0648156
1,54,11,Piste 3a,730,suite,818,0.224065
1,54,11,Piste 3b,365,tentative,1183,0.0477053
1,54,11,Piste 3b,365,suite,1183,0.162491
1,54,11,Piste 3b,730,tentative,818,0.062966
1,54,11,Piste 3b,730,suite,818,0.255659
1,54,11,Piste 3c,365,tentative,1183,0.0489994
1,54,11,Piste 3c,365,suite,1183,0.184182
1,54,11,Piste 3c,730,tentative,818,0.0651369
1,54,11,Piste 3c,730,suite,818,0.296504
1,55,11,Référence,365,tentative,1183,0.0138696
1,55,11,Référence,365,suite,1183,0.0520252
1,55,11,Référence,730,tentative,818,0.0217147
1,55,11,Référence,730,suite,818,0.142554
1,55,11,Piste 1,365,tentative,1183,0.0168701
1,55,11,Piste 1,365,suite,1183,0.0588875
1,55,11,Piste 1,730,tentative,818,0.0258625
1,55,11,Piste 1,730,suite,818,0.126868
1,55,11,Piste 2,365,tentative,1183,0.0202702
1,55,11,Piste 2,365,suite,1183,0.100897
1,55,11,Piste 2,730,tentative,818,0.0285511
1,55,11,Piste 2,730,suite,818,0.260875
1,55,11,Piste 3a,365,tentative,1183,0.0203961
1,55,11,Piste 3a,365,suite,1183,0.0743105
1,55,11,Piste 3a,730,tentative,818,0.0305537
1,55,11,Piste 3a,730,suite,818,0.177462
1,55,11,Piste 3b,365,tentative,1183,0.021714
1,55,11,Piste 3b,365,suite,1183,0.111757
1,55,11,Piste 3b,730,tentative,818,0.0299206
1,55,11,Piste 3b,730,suite,818,0.310829
1,55,11,Piste 3c,365,tentative,1183,0.0215039
1,55,11,Piste 3c,365,suite,1183,0.0981286
1,55,11,Piste 3c,730,tentative,818,0.0281232
1,55,11,Piste 3c,730,suite,818,0.240194
1,56,12,Référence,365,tentative,1183,0.0052146
1,56,12,Référence,365,suite,1183,0.0667843
1,56,12,Référence,730,tentative,818,0.00278218
1,56,12,Référence,730,suite,818,0.138139
1,56,12,Piste 1,365,tentative,1183,0.00652169
1,56,12,Piste 1,365,suite,1183,0.0685881
1,56,12,Piste 1,730,tentative,818,0.00414383
1,56,12,Piste 1,730,suite,818,0.137714
1,56,12,Piste 2,365,tentative,1183,0.00843592
1,56,12,Piste 2,365,suite,1183,0.0797666
1,56,12,Piste 2,730,tentative,818,0.00590307
1,56,12,Piste 2,730,suite,818,0.158022
1,56,12,Piste 3a,365,tentative,1183,0.00765964
1,56,12,Piste 3a,365,suite,1183,0.0705381
1,56,12,Piste 3a,730,tentative,818,0.00610358
1,56,12,Piste 3a,730,suite,818,0.148974
1,56,12,Piste 3b,365,tentative,1183,0.0091242
1,56,12,Piste 3b,365,suite,1183,0.0784496
1,56,12,Piste 3b,730,tentative,818,0.0071623
1,56,12,Piste 3b,730,suite,818,0.157491
1,56,12,Piste 3c,365,tentative,1183,0.0127152
1,56,12,Piste 3c,365,suite,1183,0.100987
1,56,12,Piste 3c,730,tentative,818,0.0124104
1,56,12,Piste 3c,730,suite,818,0.232651
1,57,12,Référence,365,tentative,1183,0.0262711
1,57,12,Référence,365,suite,1183,0.096147
1,57,12,Référence,730,tentative,818,0.0361345
1,57,12,Référence,730,suite,818,0.290798
1,57,12,Piste 1,365,tentative,1183,0.0261991
1,57,12,Piste 1,365,suite,1183,0.109623
1,57,12,Piste 1,730,tentative,818,0.0365879
1,57,12,Piste 1,730,suite,818,0.335781
1,57,12,Piste 2,365,tentative,1183,0.0257133
1,57,12,Piste 2,365,suite,1183,0.136887
1,57,12,Piste 2,730,tentative,818,0.0344936
1,57,12,Piste 2,730,suite,818,0.387403
1,57,12,Piste 3a,365,tentative,1183,0.0252034
1,57,12,Piste 3a,365,suite,1183,0.0979096
1,57,12,Piste 3a,730,tentative,818,0.0348203
1,57,12,Piste 3a,730,suite,818,0.293629
1,57,12,Piste 3b,365,tentative,1183,0.0253774
1,57,12,Piste 3b,365,suite,1183,0.123933
1,57,12,Piste 3b,730,tentative,818,0.0324931
1,57,12,Piste 3b,730,suite,818,0.357665
1,57,12,Piste 3c,365,tentative,1183,0.0260873
1,57,12,Piste 3c,365,suite,1183,0.149893
1,57,12,Piste 3c,730,tentative,818,0.0317195
1,57,12,Piste 3c,730,suite,818,0.394939
1,58,12,Référence,365,tentative,1183,-0.00245592
1,58,12,Référence,365,suite,1183,0.0268624
1,58,12,Référence,730,tentative,818,-0.00201445
1,58,12,Référence,730,suite,818,0.0846915
1,58,12,Piste 1,365,tentative,1183,-0.00200369
1,58,12,Piste 1,365,suite,1183,0.0359412
1,58,12,Piste 1,730,tentative,818,-0.00109591
1,58,12,Piste 1,730,suite,818,0.0907028
1,58,12,Piste 2,365,tentative,1183,-0.0029014
1,58,12,Piste 2,365,suite,1183,0.0273284
1,58,12,Piste 2,730,tentative,818,-0.00252058
1,58,12,Piste 2,730,suite,818,0.0603928
1,58,12,Piste 3a,365,tentative,1183,-0.0018306
1,58,12,Piste 3a,365,suite,1183,0.0290536
1,58,12,Piste 3a,730,tentative,818,-0.00201445
1,58,12,Piste 3a,730,suite,818,0.0917013
1,58,12,Piste 3b,365,tentative,1183,-0.00247532
1,58,12,Piste 3b,365,suite,1183,0.0238021
1,58,12,Piste 3b,730,tentative,818,-0.00328025
1,58,12,Piste 3b,730,suite,818,0.0623046
1,58,12,Piste 3c,365,tentative,1183,-0.00017847
1,58,12,Piste 3c,365,suite,1183,0.0563984
1,58,12,Piste 3c,730,tentative,818,-0.00260722
1,58,12,Piste 3c,730,suite,818,0.146152
1,59,11,Référence,365,tentative,1183,0.126955
1,59,11,Référence,365,suite,1183,0.220869
1,59,11,Référence,730,tentative,818,0.0643648
1,59,11,Référence,730,suite,818,0.470646
1,59,11,Piste 1,365,tentative,1183,0.0907256
1,59,11,Piste 1,365,suite,1183,0.182358
1,59,11,Piste 1,730,tentative,818,0.0804718
1,59,11,Piste 1,730,suite,818,0.412564
1,59,11,Piste 2,365,tentative,1183,0.0969342
1,59,11,Piste 2,365,suite,1183,0.239944
1,59,11,Piste 2,730,tentative,818,0.0922585
1,59,11,Piste 2,730,suite,818,0.476319
1,59,11,Piste 3a,365,tentative,1183,0.135979
1,59,11,Piste 3a,365,suite,1183,0.229959
1,59,11,Piste 3a,730,tentative,818,0.0714531
1,59,11,Piste 3a,730,suite,818,0.480025
1,59,11,Piste 3b,365,tentative,1183,0.140786
1,59,11,Piste 3b,365,suite,1183,0.26768
1,59,11,Piste 3b,730,tentative,818,0.0839887
1,59,11,Piste 3b,730,suite,818,0.51284
1,59,11,Piste 3c,365,tentative,1183,0.142974
1,59,11,Piste 3c,365,suite,1183,0.416204
1,59,11,Piste 3c,730,tentative,818,0.0886104
1,59,11,Piste 3c,730,suite,818,0.833956
1,60,11,Référence,365,tentative,1183,0.0226398
1,60,11,Référence,365,suite,1183,0.0504597
1,60,11,Référence,730,tentative,818,0.00765521
1,60,11,Référence,730,suite,818,0.106505
1,60,11,Piste 1,365,tentative,1183,0.0280838
1,60,11,Piste 1,365,suite,1183,0.0644503
1,60,11,Piste 1,730,tentative,818,0.00948867
1,60,11,Piste 1,730,suite,818,0.149537
1,60,11,Piste 2,365,tentative,1183,0.0204427
1,60,11,Piste 2,365,suite,1183,0.0768698
1,60,11,Piste 2,730,tentative,818,0.0130591
1,60,11,Piste 2,730,suite,818,0.177446
1,60,11,Piste 3a,365,tentative,1183,0.0264512
1,60,11,Piste 3a,365,suite,1183,0.0646154
1,60,11,Piste 3a,730,tentative,818,0.00960629
1,60,11,Piste 3a,730,suite,818,0.155806
1,60,11,Piste 3b,365,tentative,1183,0.0185077
1,60,11,Piste 3b,365,suite,1183,0.0692953
1,60,11,Piste 3b,730,tentative,818,0.0118369
1,60,11,Piste 3b,730,suite,818,0.146099
1,60,11,Piste 3c,365,tentative,1183,0.0237016
1,60,11,Piste 3c,365,suite,1183,0.10457
1,60,11,Piste 3c,730,tentative,818,0.0185185
1,60,11,Piste 3c,730,suite,818,0.222298
1,61,12,Référence,365,tentative,1183,0.0360817
1,61,12,Référence,365,suite,1183,0.180606
1,61,12,Référence,730,tentative,818,0.0482782
1,61,12,Référence,730,suite,818,0.491276
1,61,12,Piste 1,365,tentative,1183,0.0330284
1,61,12,Piste 1,365,suite,1183,0.175218
1,61,12,Piste 1,730,tentative,818,0.0416687
1,61,12,Piste 1,730,suite,818,0.467676
1,61,12,Piste 2,365,tentative,1183,0.0350756
1,61,12,Piste 2,365,suite,1183,0.252001
1,61,12,Piste 2,730,tentative,818,0.0456336
1,61,12,Piste 2,730,suite,818,0.599278
1,61,12,Piste 3a,365,tentative,1183,0.0369623
1,61,12,Piste 3a,365,suite,1183,0.199272
1,61,12,Piste 3a,730,tentative,818,0.0494136
1,61,12,Piste 3a,730,suite,818,0.447876
1,61,12,Piste 3b,365,tentative,1183,0.0458179
1,61,12,Piste 3b,365,suite,1183,0.27397
1,61,12,Piste 3b,730,tentative,818,0.0625098
1,61,12,Piste 3b,730,suite,818,0.657887
1,61,12,Piste 3c,365,tentative,1183,0.0491396
1,61,12,Piste 3c,365,suite,1183,0.309669
1,61,12,Piste 3c,730,tentative,818,0.0671194
1,61,12,Piste 3c,730,suite,818,0.731431
1,62,12,Référence,365,tentative,1183,0.000480675
1,62,12,Référence,365,suite,1183,0.00397744
1,62,12,Référence,730,tentative,818,0.00488953
1,62,12,Référence,730,suite,818,0.015964
1,62,12,Piste 1,365,tentative,1183,-0.00366585
1,62,12,Piste 1,365,suite,1183,-0.00585705
1,62,12,Piste 1,730,tentative,818,-0.00289206
1,62,12,Piste 1,730,suite,818,-0.0130941
1,62,12,Piste 2,365,tentative,1183,-0.00326538
1,62,12,Piste 2,365,suite,1183,0.0102218
1,62,12,Piste 2,730,tentative,818,-0.00231289
1,62,12,Piste 2,730,suite,818,0.0177299
1,62,12,Piste 3a,365,tentative,1183,0.00257782
1,62,12,Piste 3a,365,suite,1183,0.00644567
1,62,12,Piste 3a,730,tentative,818,0.00720917
1,62,12,Piste 3a,730,suite,818,0.012533
1,62,12,Piste 3b,365,tentative,1183,0.00151017
1,62,12,Piste 3b,365,suite,1183,0.00675544
1,62,12,Piste 3b,730,tentative,818,0.00459356
1,62,12,Piste 3b,730,suite,818,0.00769594
1,62,12,Piste 3c,365,tentative,1183,0.000284783
1,62,12,Piste 3c,365,suite,1183,0.00480332
1,62,12,Piste 3c,730,tentative,818,0.00282139
1,62,12,Piste 3c,730,suite,818,0.00220405
1,63,12,Référence,365,tentative,1183,0.137734
1,63,12,Référence,365,suite,1183,0.164476
1,63,12,Référence,730,tentative,818,0.212135
1,63,12,Référence,730,suite,818,0.299996
1,63,12,Piste 1,365,tentative,1183,0.095127
1,63,12,Piste 1,365,suite,1183,0.176785
1,63,12,Piste 1,730,tentative,818,0.140402
1,63,12,Piste 1,730,suite,818,0.322402
1,63,12,Piste 2,365,tentative,1183,0.136335
1,63,12,Piste 2,365,suite,1183,0.202391
1,63,12,Piste 2,730,tentative,818,0.20858
1,63,12,Piste 2,730,suite,818,0.371179
1,63,12,Piste 3a,365,tentative,1183,0.148989
1,63,12,Piste 3a,365,suite,1183,0.193506
1,63,12,Piste 3a,730,tentative,818,0.228428
1,63,12,Piste 3a,730,suite,818,0.380587
1,63,12,Piste 3b,365,tentative,1183,0.157539
1,63,12,Piste 3b,365,suite,1183,0.211283
1,63,12,Piste 3b,730,tentative,818,0.238134
1,63,12,Piste 3b,730,suite,818,0.416057
1,63,12,Piste 3c,365,tentative,1183,0.130986
1,63,12,Piste 3c,365,suite,1183,0.250194
1,63,12,Piste 3c,730,tentative,818,0.192012
1,63,12,Piste 3c,730,suite,818,0.520811
1,64,11,Référence,365,tentative,1183,0.0446822
1,64,11,Référence,365,suite,1183,0.110444
1,64,11,Référence,730,tentative,818,0.0659996
1,64,11,Référence,730,suite,818,0.358853
1,64,11,Piste 1,365,tentative,1183,0.0446317
1,64,11,Piste 1,365,suite,1183,0.129879
1,64,11,Piste 1,730,tentative,818,0.0656964
1,64,11,Piste 1,730,suite,818,0.418669
1,64,11,Piste 2,365,tentative,1183,0.0330667
1,64,11,Piste 2,365,suite,1183,0.131813
1,64,11,Piste 2,730,tentative,818,0.0496653
1,64,11,Piste 2,730,suite,818,0.416859
1,64,11,Piste 3a,365,tentative,1183,0.0396648
1,64,11,Piste 3a,365,suite,1183,0.11734
1,64,11,Piste 3a,730,tentative,818,0.0587434
1,64,11,Piste 3a,730,suite,818,0.388031
1,64,11,Piste 3b,365,tentative,1183,0.0268818
1,64,11,Piste 3b,365,suite,1183,0.113909
1,64,11,Piste 3b,730,tentative,818,0.040818
1,64,11,Piste 3b,730,suite,818,0.347685
1,64,11,Piste 3c,365,tentative,1183,0.0294695
1,64,11,Piste 3c,365,suite,1183,0.142623
1,64,11,Piste 3c,730,tentative,818,0.0445602
1,64,11,Piste 3c,730,suite,818,0.416092
1,65,11,Référence,365,tentative,1183,0.0154113
1,65,11,Référence,365,suite,1183,0.0716116
1,65,11,Référence,730,tentative,818,0.0144812
1,65,11,Référence,730,suite,818,0.163442
1,65,11,Piste 1,365,tentative,1183,0.0139643
1,65,11,Piste 1,365,suite,1183,0.064512
1,65,11,Piste 1,730,tentative,818,0.0155711
1,65,11,Piste 1,730,suite,818,0.154418
1,65,11,Piste 2,365,tentative,1183,0.0136004
1,65,11,Piste 2,365,suite,1183,0.0895051
1,65,11,Piste 2,730,tentative,818,0.0129005
1,65,11,Piste 2,730,suite,818,0.233012
1,65,11,Piste 3a,365,tentative,1183,0.0189399
1,65,11,Piste 3a,365,suite,1183,0.0780636
1,65,11,Piste 3a,730,tentative,818,0.0148775
1,65,11,Piste 3a,730,suite,818,0.197048
1,65,11,Piste 3b,365,tentative,1183,0.0171281
1,65,11,Piste 3b,365,suite,1183,0.09935
1,65,11,Piste 3b,730,tentative,818,0.0135012
1,65,11,Piste 3b,730,suite,818,0.254517
1,65,11,Piste 3c,365,tentative,1183,0.0189327
1,65,11,Piste 3c,365,suite,1183,0.131611
1,65,11,Piste 3c,730,tentative,818,0.0166434
1,65,11,Piste 3c,730,suite,818,0.319066
1,66,12,Référence,365,tentative,1183,0.0277255
1,66,12,Référence,365,suite,1183,0.105327
1,66,12,Référence,730,tentative,818,0.0244329
1,66,12,Référence,730,suite,818,0.193527
1,66,12,Piste 1,365,tentative,1183,0.0300577
1,66,12,Piste 1,365,suite,1183,0.123724
1,66,12,Piste 1,730,tentative,818,0.0230796
1,66,12,Piste 1,730,suite,818,0.238727
1,66,12,Piste 2,365,tentative,1183,0.0339813
1,66,12,Piste 2,365,suite,1183,0.136605
1,66,12,Piste 2,730,tentative,818,0.0277112
1,66,12,Piste 2,730,suite,818,0.276292
1,66,12,Piste 3a,365,tentative,1183,0.027411
1,66,12,Piste 3a,365,suite,1183,0.107302
1,66,12,Piste 3a,730,tentative,818,0.0218963
1,66,12,Piste 3a,730,suite,818,0.193082
1,66,12,Piste 3b,365,tentative,1183,0.0303691
1,66,12,Piste 3b,365,suite,1183,0.132244
1,66,12,Piste 3b,730,tentative,818,0.0244972
1,66,12,Piste 3b,730,suite,818,0.253759
1,66,12,Piste 3c,365,tentative,1183,0.0290034
1,66,12,Piste 3c,365,suite,1183,0.164704
1,66,12,Piste 3c,730,tentative,818,0.0228618
1,66,12,Piste 3c,730,suite,818,0.291628
1,67,11,Référence,365,tentative,1183,0.0801127
1,67,11,Référence,365,suite,1183,0.109654
1,67,11,Référence,730,tentative,818,0.0136154
1,67,11,Référence,730,suite,818,0.228214
1,67,11,Piste 1,365,tentative,1183,0.0971205
1,67,11,Piste 1,365,suite,1183,0.135181
1,67,11,Piste 1,730,tentative,818,0.0101793
1,67,11,Piste 1,730,suite,818,0.284717
1,67,11,Piste 2,365,tentative,1183,0.0967268
1,67,11,Piste 2,365,suite,1183,0.157891
1,67,11,Piste 2,730,tentative,818,0.0201694
1,67,11,Piste 2,730,suite,818,0.309587
1,67,11,Piste 3a,365,tentative,1183,0.0774429
1,67,11,Piste 3a,365,suite,1183,0.0930413
1,67,11,Piste 3a,730,tentative,818,0.00845406
1,67,11,Piste 3a,730,suite,818,0.179075
1,67,11,Piste 3b,365,tentative,1183,0.0779891
1,67,11,Piste 3b,365,suite,1183,0.132979
1,67,11,Piste 3b,730,tentative,818,0.0187774
1,67,11,Piste 3b,730,suite,818,0.279725
1,67,11,Piste 3c,365,tentative,1183,0.0686163
1,67,11,Piste 3c,365,suite,1183,0.132336
1,67,11,Piste 3c,730,tentative,818,0.0214578
1,67,11,Piste 3c,730,suite,818,0.241487
1,68,12,Référence,365,tentative,1183,0.0591321
1,68,12,Référence,365,suite,1183,0.141592
1,68,12,Référence,730,tentative,818,0.00992551
1,68,12,Référence,730,suite,818,0.34531
1,68,12,Piste 1,365,tentative,1183,0.0749871
1,68,12,Piste 1,365,suite,1183,0.17524
1,68,12,Piste 1,730,tentative,818,0.0134402
1,68,12,Piste 1,730,suite,818,0.423499
1,68,12,Piste 2,365,tentative,1183,0.0798432
1,68,12,Piste 2,365,suite,1183,0.193325
1,68,12,Piste 2,730,tentative,818,0.0118633
1,68,12,Piste 2,730,suite,818,0.435245
1,68,12,Piste 3a,365,tentative,1183,0.0665366
1,68,12,Piste 3a,365,suite,1183,0.165968
1,68,12,Piste 3a,730,tentative,818,0.0143993
1,68,12,Piste 3a,730,suite,818,0.423331
1,68,12,Piste 3b,365,tentative,1183,0.06828
1,68,12,Piste 3b,365,suite,1183,0.165793
1,68,12,Piste 3b,730,tentative,818,0.010552
1,68,12,Piste 3b,730,suite,818,0.361626
1,68,12,Piste 3c,365,tentative,1183,0.0698406
1,68,12,Piste 3c,365,suite,1183,0.193606
1,68,12,Piste 3c,730,tentative,818,0.00862239
1,68,12,Piste 3c,730,suite,818,0.426178
1,69,12,Référence,365,tentative,1183,0.0398789
1,69,12,Référence,365,suite,1183,0.0456643
1,69,12,Référence,730,tentative,818,0.0589261
1,69,12,Référence,730,suite,818,0.0631039
1,69,12,Piste 1,365,tentative,1183,0.0440715
1,69,12,Piste 1,365,suite,1183,0.0492358
1,69,12,Piste 1,730,tentative,818,0.0648869
1,69,12,Piste 1,730,suite,818,0.0636421
1,69,12,Piste 2,365,tentative,1183,0.0419874
1,69,12,Piste 2,365,suite,1183,0.0600822
1,69,12,Piste 2,730,tentative,818,0.0622686
1,69,12,Piste 2,730,suite,818,0.105699
1,69,12,Piste 3a,365,tentative,1183,0.0409034
1,69,12,Piste 3a,365,suite,1183,0.0511947
1,69,12,Piste 3a,730,tentative,818,0.0594812
1,69,12,Piste 3a,730,suite,818,0.0847538
1,69,12,Piste 3b,365,tentative,1183,0.0389089
1,69,12,Piste 3b,365,suite,1183,0.0680898
1,69,12,Piste 3b,730,tentative,818,0.0571983
1,69,12,Piste 3b,730,suite,818,0.123741
1,69,12,Piste 3c,365,tentative,1183,0.0401473
1,69,12,Piste 3c,365,suite,1183,0.0887103
1,69,12,Piste 3c,730,tentative,818,0.0587282
1,69,12,Piste 3c,730,suite,818,0.177115
1,70,11,Référence,365,tentative,1183,0.0415456
1,70,11,Référence,365,suite,1183,0.102532
1,70,11,Référence,730,tentative,818,-0.00172761
1,70,11,Référence,730,suite,818,0.160472
1,70,11,Piste 1,365,tentative,1183,0.0289731
1,70,11,Piste 1,365,suite,1183,0.117269
1,70,11,Piste 1,730,tentative,818,-0.0023565
1,70,11,Piste 1,730,suite,818,0.184695
1,70,11,Piste 2,365,tentative,1183,0.0226552
1,70,11,Piste 2,365,suite,1183,0.143883
1,70,11,Piste 2,730,tentative,818,0.000559526
1,70,11,Piste 2,730,suite,818,0.237151
1,70,11,Piste 3a,365,tentative,1183,0.0100669
1,70,11,Piste 3a,365,suite,1183,0.0924871
1,70,11,Piste 3a,730,tentative,818,9.78216e-05
1,70,11,Piste 3a,730,suite,818,0.144244
1,70,11,Piste 3b,365,tentative,1183,0.0149192
1,70,11,Piste 3b,365,suite,1183,0.119036
1,70,11,Piste 3b,730,tentative,818,0.00252918
1,70,11,Piste 3b,730,suite,818,0.19289
1,70,11,Piste 3c,365,tentative,1183,0.0108596
1,70,11,Piste 3c,365,suite,1183,0.205173
1,70,11,Piste 3c,730,tentative,818,0.00788294
1,70,11,Piste 3c,730,suite,818,0.491979
1,71,10,Référence,365,tentative,1183,-0.00441604
1,71,10,Référence,365,suite,1183,-0.0191103
1,71,10,Référence,730,tentative,818,-0.00397698
1,71,10,Référence,730,suite,818,-0.0419008
1,71,10,Piste 1,365,tentative,1183,-0.00485569
1,71,10,Piste 1,365,suite,1183,-0.0210152
1,71,10,Piste 1,730,tentative,818,-0.00461282
1,71,10,Piste 1,730,suite,818,-0.0437966
1,71,10,Piste 2,365,tentative,1183,-0.00405851
1,71,10,Piste 2,365,suite,1183,-0.02921
1,71,10,Piste 2,730,tentative,818,-0.00443644
1,71,10,Piste 2,730,suite,818,-0.0671585
1,71,10,Piste 3a,365,tentative,1183,-0.00483629
1,71,10,Piste 3a,365,suite,1183,-0.0216276
1,71,10,Piste 3a,730,tentative,818,-0.00458475
1,71,10,Piste 3a,730,suite,818,-0.0451325
1,71,10,Piste 3b,365,tentative,1183,-0.00272724
1,71,10,Piste 3b,365,suite,1183,-0.0250195
1,71,10,Piste 3b,730,tentative,818,-0.00196907
1,71,10,Piste 3b,730,suite,818,-0.05259
1,71,10,Piste 3c,365,tentative,1183,-0.000433812
1,71,10,Piste 3c,365,suite,1183,-0.0126704
1,71,10,Piste 3c,730,tentative,818,0.00171678
1,71,10,Piste 3c,730,suite,818,-0.00197759
1,72,12,Référence,365,tentative,1183,0.0137365
1,72,12,Référence,365,suite,1183,0.0664429
1,72,12,Référence,730,tentative,818,0.00213179
1,72,12,Référence,730,suite,818,0.144257
1,72,12,Piste 1,365,tentative,1183,0.0123443
1,72,12,Piste 1,365,suite,1183,0.0540188
1,72,12,Piste 1,730,tentative,818,-0.00220676
1,72,12,Piste 1,730,suite,818,0.107507
1,72,12,Piste 2,365,tentative,1183,0.0131083
1,72,12,Piste 2,365,suite,1183,0.102652
1,72,12,Piste 2,730,tentative,818,-0.00103581
1,72,12,Piste 2,730,suite,818,0.230324
1,72,12,Piste 3a,365,tentative,1183,0.0105975
1,72,12,Piste 3a,365,suite,1183,0.0602277
1,72,12,Piste 3a,730,tentative,818,-0.00248055
1,72,12,Piste 3a,730,suite,818,0.169023
1,72,12,Piste 3b,365,tentative,1183,0.0119667
1,72,12,Piste 3b,365,suite,1183,0.0995226
1,72,12,Piste 3b,730,tentative,818,-0.00108365
1,72,12,Piste 3b,730,suite,818,0.24208
1,72,12,Piste 3c,365,tentative,1183,0.0125056
1,72,12,Piste 3c,365,suite,1183,0.135069
1,72,12,Piste 3c,730,tentative,818,0.00245428
1,72,12,Piste 3c,730,suite,818,0.374297
1,73,11,Référence,365,tentative,1183,0.0126629
1,73,11,Référence,365,suite,1183,0.0616881
1,73,11,Référence,730,tentative,818,-0.00329859
1,73,11,Référence,730,suite,818,0.165041
1,73,11,Piste 1,365,tentative,1183,0.0119908
1,73,11,Piste 1,365,suite,1183,0.0619601
1,73,11,Piste 1,730,tentative,818,-0.00284647
1,73,11,Piste 1,730,suite,818,0.16431
1,73,11,Piste 2,365,tentative,1183,0.011488
1,73,11,Piste 2,365,suite,1183,0.0704526
1,73,11,Piste 2,730,tentative,818,-0.00353215
1,73,11,Piste 2,730,suite,818,0.188746
1,73,11,Piste 3a,365,tentative,1183,0.0176541
1,73,11,Piste 3a,365,suite,1183,0.0700944
1,73,11,Piste 3a,730,tentative,818,-0.00329859
1,73,11,Piste 3a,730,suite,818,0.181843
1,73,11,Piste 3b,365,tentative,1183,0.0160616
1,73,11,Piste 3b,365,suite,1183,0.0716502
1,73,11,Piste 3b,730,tentative,818,-0.00390172
1,73,11,Piste 3b,730,suite,818,0.180701
1,73,11,Piste 3c,365,tentative,1183,0.011887
1,73,11,Piste 3c,365,suite,1183,0.0783154
1,73,11,Piste 3c,730,tentative,818,-0.00397155
1,73,11,Piste 3c,730,suite,818,0.197287
1,74,10,Référence,365,tentative,1183,0.0123306
1,74,10,Référence,365,suite,1183,0.0241839
1,74,10,Référence,730,tentative,818,0.0202421
1,74,10,Référence,730,suite,818,0.0296307
1,74,10,Piste 1,365,tentative,1183,0.00318542
1,74,10,Piste 1,365,suite,1183,0.0160358
1,74,10,Piste 1,730,tentative,818,0.00701632
1,74,10,Piste 1,730,suite,818,0.0167796
1,74,10,Piste 2,365,tentative,1183,0.0103983
1,74,10,Piste 2,365,suite,1183,0.0420151
1,74,10,Piste 2,730,tentative,818,0.0174012
1,74,10,Piste 2,730,suite,818,0.0564691
1,74,10,Piste 3a,365,tentative,1183,0.00174004
1,74,10,Piste 3a,365,suite,1183,0.0110548
1,74,10,Piste 3a,730,tentative,818,0.004926
1,74,10,Piste 3a,730,suite,818,0.0112711
1,74,10,Piste 3b,365,tentative,1183,0.00891341
1,74,10,Piste 3b,365,suite,1183,0.0362009
1,74,10,Piste 3b,730,tentative,818,0.015242
1,74,10,Piste 3b,730,suite,818,0.0544534
1,74,10,Piste 3c,365,tentative,1183,0.00942193
1,74,10,Piste 3c,365,suite,1183,0.0350002
1,74,10,Piste 3c,730,tentative,818,0.015922
1,74,10,Piste 3c,730,suite,818,0.0465157
1,75,10,Référence,365,tentative,1183,0.044171
1,75,10,Référence,365,suite,1183,0.0935541
1,75,10,Référence,730,tentative,818,0.0648096
1,75,10,Référence,730,suite,818,0.25282
1,75,10,Piste 1,365,tentative,1183,0.0433621
1,75,10,Piste 1,365,suite,1183,0.0959053
1,75,10,Piste 1,730,tentative,818,0.0642537
1,75,10,Piste 1,730,suite,818,0.250411
1,75,10,Piste 2,365,tentative,1183,0.0466493
1,75,10,Piste 2,365,suite,1183,0.0998107
1,75,10,Piste 2,730,tentative,818,0.0684851
1,75,10,Piste 2,730,suite,818,0.284946
1,75,10,Piste 3a,365,tentative,1183,0.0344276
1,75,10,Piste 3a,365,suite,1183,0.0827504
1,75,10,Piste 3a,730,tentative,818,0.050538
1,75,10,Piste 3a,730,suite,818,0.222704
1,75,10,Piste 3b,365,tentative,1183,0.0357843
1,75,10,Piste 3b,365,suite,1183,0.0903336
1,75,10,Piste 3b,730,tentative,818,0.0522366
1,75,10,Piste 3b,730,suite,818,0.233566
1,75,10,Piste 3c,365,tentative,1183,0.0271554
1,75,10,Piste 3c,365,suite,1183,0.125863
1,75,10,Piste 3c,730,tentative,818,0.0384649
1,75,10,Piste 3c,730,suite,818,0.340103
1,76,10,Référence,365,tentative,1183,0.0697474
1,76,10,Référence,365,suite,1183,0.084158
1,76,10,Référence,730,tentative,818,0.0801697
1,76,10,Référence,730,suite,818,0.200581
1,76,10,Piste 1,365,tentative,1183,0.0671115
1,76,10,Piste 1,365,suite,1183,0.0824202
1,76,10,Piste 1,730,tentative,818,0.0852969
1,76,10,Piste 1,730,suite,818,0.222882
1,76,10,Piste 2,365,tentative,1183,0.0784469
1,76,10,Piste 2,365,suite,1183,0.115254
1,76,10,Piste 2,730,tentative,818,0.0911476
1,76,10,Piste 2,730,suite,818,0.290539
1,76,10,Piste 3a,365,tentative,1183,0.0820258
1,76,10,Piste 3a,365,suite,1183,0.0955574
1,76,10,Piste 3a,730,tentative,818,0.104051
1,76,10,Piste 3a,730,suite,818,0.260623
1,76,10,Piste 3b,365,tentative,1183,0.0935936
1,76,10,Piste 3b,365,suite,1183,0.123619
1,76,10,Piste 3b,730,tentative,818,0.110167
1,76,10,Piste 3b,730,suite,818,0.310138
1,76,10,Piste 3c,365,tentative,1183,0.0978818
1,76,10,Piste 3c,365,suite,1183,0.144846
1,76,10,Piste 3c,730,tentative,818,0.107757
1,76,10,Piste 3c,730,suite,818,0.327148
1,77,9,Référence,365,tentative,1183,0.115435
1,77,9,Référence,365,suite,1183,0.196517
1,77,9,Référence,730,tentative,818,0.155238
1,77,9,Référence,730,suite,818,0.526682
1,77,9,Piste 1,365,tentative,1183,0.0908802
1,77,9,Piste 1,365,suite,1183,0.212697
1,77,9,Piste 1,730,tentative,818,0.10889
1,77,9,Piste 1,730,suite,818,0.578548
1,77,9,Piste 2,365,tentative,1183,0.0670808
1,77,9,Piste 2,365,suite,1183,0.26432
1,77,9,Piste 2,730,tentative,818,0.0719928
1,77,9,Piste 2,730,suite,818,0.706094
1,77,9,Piste 3a,365,tentative,1183,0.0664888
1,77,9,Piste 3a,365,suite,1183,0.187703
1,77,9,Piste 3a,730,tentative,818,0.0783623
1,77,9,Piste 3a,730,suite,818,0.503822
1,77,9,Piste 3b,365,tentative,1183,0.0558711
1,77,9,Piste 3b,365,suite,1183,0.222947
1,77,9,Piste 3b,730,tentative,818,0.0594062
1,77,9,Piste 3b,730,suite,818,0.553898
1,77,9,Piste 3c,365,tentative,1183,0.0452622
1,77,9,Piste 3c,365,suite,1183,0.252158
1,77,9,Piste 3c,730,tentative,818,0.0454494
1,77,9,Piste 3c,730,suite,818,0.627384
1,78,11,Référence,365,tentative,1183,0.189645
1,78,11,Référence,365,suite,1183,0.247468
1,78,11,Référence,730,tentative,818,0.307288
1,78,11,Référence,730,suite,818,0.841211
1,78,11,Piste 1,365,tentative,1183,0.184433
1,78,11,Piste 1,365,suite,1183,0.264226
1,78,11,Piste 1,730,tentative,818,0.275722
1,78,11,Piste 1,730,suite,818,0.76748
1,78,11,Piste 2,365,tentative,1183,0.191798
1,78,11,Piste 2,365,suite,1183,0.285639
1,78,11,Piste 2,730,tentative,818,0.290985
1,78,11,Piste 2,730,suite,818,0.97145
1,78,11,Piste 3a,365,tentative,1183,0.200028
1,78,11,Piste 3a,365,suite,1183,0.264006
1,78,11,Piste 3a,730,tentative,818,0.326191
1,78,11,Piste 3a,730,suite,818,0.905321
1,78,11,Piste 3b,365,tentative,1183,0.217633
1,78,11,Piste 3b,365,suite,1183,0.289395
1,78,11,Piste 3b,730,tentative,818,0.35409
1,78,11,Piste 3b,730,suite,818,0.949245
1,78,11,Piste 3c,365,tentative,1183,0.184583
1,78,11,Piste 3c,365,suite,1183,0.294011
1,78,11,Piste 3c,730,tentative,818,0.293647
1,78,11,Piste 3c,730,suite,818,0.94555
1,79,12,Référence,365,tentative,1183,0.0102561
1,79,12,Référence,365,suite,1183,0.0197588
1,79,12,Référence,730,tentative,818,0.00536015
1,79,12,Référence,730,suite,818,0.0423533
1,79,12,Piste 1,365,tentative,1183,0.0102629
1,79,12,Piste 1,365,suite,1183,0.0243735
1,79,12,Piste 1,730,tentative,818,0.00789904
1,79,12,Piste 1,730,suite,818,0.061094
1,79,12,Piste 2,365,tentative,1183,0.0177512
1,79,12,Piste 2,365,suite,1183,0.0387852
1,79,12,Piste 2,730,tentative,818,0.0127139
1,79,12,Piste 2,730,suite,818,0.0789184
1,79,12,Piste 3a,365,tentative,1183,0.0140596
1,79,12,Piste 3a,365,suite,1183,0.0282309
1,79,12,Piste 3a,730,tentative,818,0.00602276
1,79,12,Piste 3a,730,suite,818,0.0657395
1,79,12,Piste 3b,365,tentative,1183,0.0194488
1,79,12,Piste 3b,365,suite,1183,0.0367014
1,79,12,Piste 3b,730,tentative,818,0.00999121
1,79,12,Piste 3b,730,suite,818,0.0672081
1,79,12,Piste 3c,365,tentative,1183,0.0176033
1,79,12,Piste 3c,365,suite,1183,0.0607739
1,79,12,Piste 3c,730,tentative,818,0.0114021
1,79,12,Piste 3c,730,suite,818,0.11069
1,80,11,Référence,365,tentative,1183,0.0157508
1,80,11,Référence,365,suite,1183,0.0671404
1,80,11,Référence,730,tentative,818,0.008634
1,80,11,Référence,730,suite,818,0.155759
1,80,11,Piste 1,365,tentative,1183,0.00845602
1,80,11,Piste 1,365,suite,1183,0.0199025
1,80,11,Piste 1,730,tentative,818,0.013656
1,80,11,Piste 1,730,suite,818,0.049675
1,80,11,Piste 2,365,tentative,1183,0.0143468
1,80,11,Piste 2,365,suite,1183,0.0604616
1,80,11,Piste 2,730,tentative,818,0.0221583
1,80,11,Piste 2,730,suite,818,0.134685
1,80,11,Piste 3a,365,tentative,1183,0.0163753
1,80,11,Piste 3a,365,suite,1183,0.0573365
1,80,11,Piste 3a,730,tentative,818,0.0114386
1,80,11,Piste 3a,730,suite,818,0.160149
1,80,11,Piste 3b,365,tentative,1183,0.0398402
1,80,11,Piste 3b,365,suite,1183,0.144539
1,80,11,Piste 3b,730,tentative,818,0.0232937
1,80,11,Piste 3b,730,suite,818,0.28021
1,80,11,Piste 3c,365,tentative,1183,0.0369523
1,80,11,Piste 3c,365,suite,1183,0.173846
1,80,11,Piste 3c,730,tentative,818,0.0207902
1,80,11,Piste 3c,730,suite,818,0.31096
1,81,12,Référence,365,tentative,1183,0.0431011
1,81,12,Référence,365,suite,1183,0.093308
1,81,12,Référence,730,tentative,818,0.0662121
1,81,12,Référence,730,suite,818,0.306072
1,81,12,Piste 1,365,tentative,1183,0.0465742
1,81,12,Piste 1,365,suite,1183,0.11025
1,81,12,Piste 1,730,tentative,818,0.06972
1,81,12,Piste 1,730,suite,818,0.343619
1,81,12,Piste 2,365,tentative,1183,0.0415151
1,81,12,Piste 2,365,suite,1183,0.119639
1,81,12,Piste 2,730,tentative,818,0.0621847
1,81,12,Piste 2,730,suite,818,0.378083
1,81,12,Piste 3a,365,tentative,1183,0.0487088
1,81,12,Piste 3a,365,suite,1183,0.110183
1,81,12,Piste 3a,730,tentative,818,0.0756555
1,81,12,Piste 3a,730,suite,818,0.360816
1,81,12,Piste 3b,365,tentative,1183,0.0406266
1,81,12,Piste 3b,365,suite,1183,0.107627
1,81,12,Piste 3b,730,tentative,818,0.0610319
1,81,12,Piste 3b,730,suite,818,0.308871
1,81,12,Piste 3c,365,tentative,1183,0.0319333
1,81,12,Piste 3c,365,suite,1183,0.124538
1,81,12,Piste 3c,730,tentative,818,0.0482331
1,81,12,Piste 3c,730,suite,818,0.372263
1,82,12,Référence,365,tentative,1183,-0.00480284
1,82,12,Référence,365,suite,1183,-0.00243929
1,82,12,Référence,730,tentative,818,-0.00453638
1,82,12,Référence,730,suite,818,-0.00222459
1,82,12,Piste 1,365,tentative,1183,-0.00489062
1,82,12,Piste 1,365,suite,1183,-1.39085e-05
1,82,12,Piste 1,730,tentative,818,-0.00466332
1,82,12,Piste 1,730,suite,818,-0.00762817
1,82,12,Piste 2,365,tentative,1183,-0.00415955
1,82,12,Piste 2,365,suite,1183,-0.00337545
1,82,12,Piste 2,730,tentative,818,-0.00380948
1,82,12,Piste 2,730,suite,818,-0.0103755
1,82,12,Piste 3a,365,tentative,1183,-0.00474996
1,82,12,Piste 3a,365,suite,1183,-0.00925569
1,82,12,Piste 3a,730,tentative,818,-0.0044599
1,82,12,Piste 3a,730,suite,818,-0.0217251
1,82,12,Piste 3b,365,tentative,1183,-0.00389164
1,82,12,Piste 3b,365,suite,1183,-0.00931543
1,82,12,Piste 3b,730,tentative,818,-0.00380245
1,82,12,Piste 3b,730,suite,818,-0.0129712
1,82,12,Piste 3c,365,tentative,1183,-0.00128732
1,82,12,Piste 3c,365,suite,1183,0.0027834
1,82,12,Piste 3c,730,tentative,818,-0.000906069
1,82,12,Piste 3c,730,suite,818,-0.00445669
1,83,12,Référence,365,tentative,1183,0.0110892
1,83,12,Référence,365,suite,1183,0.109247
1,83,12,Référence,730,tentative,818,0.0125618
1,83,12,Référence,730,suite,818,0.220926
1,83,12,Piste 1,365,tentative,1183,0.0139118
1,83,12,Piste 1,365,suite,1183,0.124503
1,83,12,Piste 1,730,tentative,818,0.0154336
1,83,12,Piste 1,730,suite,818,0.227156
1,83,12,Piste 2,365,tentative,1183,0.0100602
1,83,12,Piste 2,365,suite,1183,0.161012
1,83,12,Piste 2,730,tentative,818,0.0132969
1,83,12,Piste 2,730,suite,818,0.323557
1,83,12,Piste 3a,365,tentative,1183,0.0114069
1,83,12,Piste 3a,365,suite,1183,0.116047
1,83,12,Piste 3a,730,tentative,818,0.0125705
1,83,12,Piste 3a,730,suite,818,0.202417
1,83,12,Piste 3b,365,tentative,1183,0.00757115
1,83,12,Piste 3b,365,suite,1183,0.152563
1,83,12,Piste 3b,730,tentative,818,0.0104211
1,83,12,Piste 3b,730,suite,818,0.291832
1,83,12,Piste 3c,365,tentative,1183,0.00669209
1,83,12,Piste 3c,365,suite,1183,0.167633
1,83,12,Piste 3c,730,tentative,818,0.00849084
1,83,12,Piste 3c,730,suite,818,0.322015
1,84,11,Référence,365,tentative,1183,0.035599
1,84,11,Référence,365,suite,1183,0.10113
1,84,11,Référence,730,tentative,818,0.0225592
1,84,11,Référence,730,suite,818,0.271802
1,84,11,Piste 1,365,tentative,1183,0.0337638
1,84,11,Piste 1,365,suite,1183,0.098132
1,84,11,Piste 1,730,tentative,818,0.0170853
1,84,11,Piste 1,730,suite,818,0.252512
1,84,11,Piste 2,365,tentative,1183,0.0123726
1,84,11,Piste 2,365,suite,1183,0.0930988
1,84,11,Piste 2,730,tentative,818,0.00721935
1,84,11,Piste 2,730,suite,818,0.208274
1,84,11,Piste 3a,365,tentative,1183,0.0305478
1,84,11,Piste 3a,365,suite,1183,0.0956237
1,84,11,Piste 3a,730,tentative,818,0.0155543
1,84,11,Piste 3a,730,suite,818,0.248387
1,84,11,Piste 3b,365,tentative,1183,0.0163904
1,84,11,Piste 3b,365,suite,1183,0.0966802
1,84,11,Piste 3b,730,tentative,818,0.0155836
1,84,11,Piste 3b,730,suite,818,0.22095
1,84,11,Piste 3c,365,tentative,1183,0.0161962
1,84,11,Piste 3c,365,suite,1183,0.122516
1,84,11,Piste 3c,730,tentative,818,0.0102129
1,84,11,Piste 3c,730,suite,818,0.30604
1,85,12,Référence,365,tentative,1183,0.0693492
1,85,12,Référence,365,suite,1183,0.151034
1,85,12,Référence,730,tentative,818,0.0819502
1,85,12,Référence,730,suite,818,0.441655
1,85,12,Piste 1,365,tentative,1183,0.0790259
1,85,12,Piste 1,365,suite,1183,0.178452
1,85,12,Piste 1,730,tentative,818,0.0913685
1,85,12,Piste 1,730,suite,818,0.538861
1,85,12,Piste 2,365,tentative,1183,0.0726131
1,85,12,Piste 2,365,suite,1183,0.218586
1,85,12,Piste 2,730,tentative,818,0.099581
1,85,12,Piste 2,730,suite,818,0.601744
1,85,12,Piste 3a,365,tentative,1183,0.0748122
1,85,12,Piste 3a,365,suite,1183,0.169489
1,85,12,Piste 3a,730,tentative,818,0.0864177
1,85,12,Piste 3a,730,suite,818,0.515202
1,85,12,Piste 3b,365,tentative,1183,0.0685282
1,85,12,Piste 3b,365,suite,1183,0.205361
1,85,12,Piste 3b,730,tentative,818,0.0946168
1,85,12,Piste 3b,730,suite,818,0.569553
1,85,12,Piste 3c,365,tentative,1183,0.0542992
1,85,12,Piste 3c,365,suite,1183,0.211853
1,85,12,Piste 3c,730,tentative,818,0.0777066
1,85,12,Piste 3c,730,suite,818,0.586146
1,86,11,Référence,365,tentative,1183,0.0657177
1,86,11,Référence,365,suite,1183,0.156664
1,86,11,Référence,730,tentative,818,0.0787424
1,86,11,Référence,730,suite,818,0.37789
1,86,11,Piste 1,365,tentative,1183,0.0687765
1,86,11,Piste 1,365,suite,1183,0.165414
1,86,11,Piste 1,730,tentative,818,0.0904398
1,86,11,Piste 1,730,suite,818,0.417034
1,86,11,Piste 2,365,tentative,1183,0.0626478
1,86,11,Piste 2,365,suite,1183,0.171686
1,86,11,Piste 2,730,tentative,818,0.0808151
1,86,11,Piste 2,730,suite,818,0.420048
1,86,11,Piste 3a,365,tentative,1183,0.0540437
1,86,11,Piste 3a,365,suite,1183,0.141265
1,86,11,Piste 3a,730,tentative,818,0.0683337
1,86,11,Piste 3a,730,suite,818,0.35323
1,86,11,Piste 3b,365,tentative,1183,0.0455686
1,86,11,Piste 3b,365,suite,1183,0.145527
1,86,11,Piste 3b,730,tentative,818,0.0565916
1,86,11,Piste 3b,730,suite,818,0.359644
1,86,11,Piste 3c,365,tentative,1183,0.0493954
1,86,11,Piste 3c,365,suite,1183,0.187923
1,86,11,Piste 3c,730,tentative,818,0.0624483
1,86,11,Piste 3c,730,suite,818,0.430099
1,87,10,Référence,365,tentative,1183,0.0250959
1,87,10,Référence,365,suite,1183,0.0905238
1,87,10,Référence,730,tentative,818,6.87748e-06
1,87,10,Référence,730,suite,818,0.243464
1,87,10,Piste 1,365,tentative,1183,0.018571
1,87,10,Piste 1,365,suite,1183,0.0759873
1,87,10,Piste 1,730,tentative,818,-0.000657937
1,87,10,Piste 1,730,suite,818,0.196999
1,87,10,Piste 2,365,tentative,1183,0.0285403
1,87,10,Piste 2,365,suite,1183,0.113667
1,87,10,Piste 2,730,tentative,818,0.00683799
1,87,10,Piste 2,730,suite,818,0.295746
1,87,10,Piste 3a,365,tentative,1183,0.0262637
1,87,10,Piste 3a,365,suite,1183,0.104168
1,87,10,Piste 3a,730,tentative,818,-3.67872e-05
1,87,10,Piste 3a,730,suite,818,0.287301
1,87,10,Piste 3b,365,tentative,1183,0.0340226
1,87,10,Piste 3b,365,suite,1183,0.116859
1,87,10,Piste 3b,730,tentative,818,0.00640914
1,87,10,Piste 3b,730,suite,818,0.274817
1,87,10,Piste 3c,365,tentative,1183,0.0333262
1,87,10,Piste 3c,365,suite,1183,0.130173
1,87,10,Piste 3c,730,tentative,818,0.00941739
1,87,10,Piste 3c,730,suite,818,0.312605
1,88,12,Référence,365,tentative,1183,0.0790853
1,88,12,Référence,365,suite,1183,0.151538
1,88,12,Référence,730,tentative,818,0.0549288
1,88,12,Référence,730,suite,818,0.303282
1,88,12,Piste 1,365,tentative,1183,0.095372
1,88,12,Piste 1,365,suite,1183,0.178805
1,88,12,Piste 1,730,tentative,818,0.0643473
1,88,12,Piste 1,730,suite,818,0.398051
1,88,12,Piste 2,365,tentative,1183,0.0971249
1,88,12,Piste 2,365,suite,1183,0.199305
1,88,12,Piste 2,730,tentative,818,0.070065
1,88,12,Piste 2,730,suite,818,0.418967
1,88,12,Piste 3a,365,tentative,1183,0.0805338
1,88,12,Piste 3a,365,suite,1183,0.156302
1,88,12,Piste 3a,730,tentative,818,0.0567645
1,88,12,Piste 3a,730,suite,818,0.314651
1,88,12,Piste 3b,365,tentative,1183,0.0822899
1,88,12,Piste 3b,365,suite,1183,0.172443
1,88,12,Piste 3b,730,tentative,818,0.062176
1,88,12,Piste 3b,730,suite,818,0.364597
1,88,12,Piste 3c,365,tentative,1183,0.079637
1,88,12,Piste 3c,365,suite,1183,0.16873
1,88,12,Piste 3c,730,tentative,818,0.0585043
1,88,12,Piste 3c,730,suite,818,0.356883
1,89,12,Référence,365,tentative,1183,0.040179
1,89,12,Référence,365,suite,1183,0.139537
1,89,12,Référence,730,tentative,818,0.0125187
1,89,12,Référence,730,suite,818,0.286898
1,89,12,Piste 1,365,tentative,1183,0.042194
1,89,12,Piste 1,365,suite,1183,0.158344
1,89,12,Piste 1,730,tentative,818,0.0131478
1,89,12,Piste 1,730,suite,818,0.320717
1,89,12,Piste 2,365,tentative,1183,0.0374734
1,89,12,Piste 2,365,suite,1183,0.208555
1,89,12,Piste 2,730,tentative,818,0.019237
1,89,12,Piste 2,730,suite,818,0.371878
1,89,12,Piste 3a,365,tentative,1183,0.0400642
1,89,12,Piste 3a,365,suite,1183,0.147655
1,89,12,Piste 3a,730,tentative,818,0.0148085
1,89,12,Piste 3a,730,suite,818,0.309341
1,89,12,Piste 3b,365,tentative,1183,0.0342293
1,89,12,Piste 3b,365,suite,1183,0.196236
1,89,12,Piste 3b,730,tentative,818,0.0185759
1,89,12,Piste 3b,730,suite,818,0.37135
1,89,12,Piste 3c,365,tentative,1183,0.0333266
1,89,12,Piste 3c,365,suite,1183,0.220707
1,89,12,Piste 3c,730,tentative,818,0.0154055
1,89,12,Piste 3c,730,suite,818,0.402857
1,90,10,Référence,365,tentative,1183,0.0416348
1,90,10,Référence,365,suite,1183,0.135728
1,90,10,Référence,730,tentative,818,0.0607767
1,90,10,Référence,730,suite,818,0.402688
1,90,10,Piste 1,365,tentative,1183,0.0472999
1,90,10,Piste 1,365,suite,1183,0.155826
1,90,10,Piste 1,730,tentative,818,0.0687577
1,90,10,Piste 1,730,suite,818,0.469844
1,90,10,Piste 2,365,tentative,1183,0.0442146
1,90,10,Piste 2,365,suite,1183,0.282334
1,90,10,Piste 2,730,tentative,818,0.0647355
1,90,10,Piste 2,730,suite,818,0.690976
1,90,10,Piste 3a,365,tentative,1183,0.0419573
1,90,10,Piste 3a,365,suite,1183,0.125799
1,90,10,Piste 3a,730,tentative,818,0.0611405
1,90,10,Piste 3a,730,suite,818,0.388046
1,90,10,Piste 3b,365,tentative,1183,0.060641
1,90,10,Piste 3b,365,suite,1183,0.28397
1,90,10,Piste 3b,730,tentative,818,0.0887356
1,90,10,Piste 3b,730,suite,818,0.679266
1,90,10,Piste 3c,365,tentative,1183,0.0576423
1,90,10,Piste 3c,365,suite,1183,0.293467
1,90,10,Piste 3c,730,tentative,818,0.0840781
1,90,10,Piste 3c,730,suite,818,0.683162
1,91,12,Référence,365,tentative,1183,0.249051
1,91,12,Référence,365,suite,1183,0.298689
1,91,12,Référence,730,tentative,818,0.522107
1,91,12,Référence,730,suite,818,0.740659
1,91,12,Piste 1,365,tentative,1183,0.186768
1,91,12,Piste 1,365,suite,1183,0.276073
1,91,12,Piste 1,730,tentative,818,0.272318
1,91,12,Piste 1,730,suite,818,0.638432
1,91,12,Piste 2,365,tentative,1183,0.153678
1,91,12,Piste 2,365,suite,1183,0.381866
1,91,12,Piste 2,730,tentative,818,0.222781
1,91,12,Piste 2,730,suite,818,0.996559
1,91,12,Piste 3a,365,tentative,1183,0.160362
1,91,12,Piste 3a,365,suite,1183,0.228481
1,91,12,Piste 3a,730,tentative,818,0.261668
1,91,12,Piste 3a,730,suite,818,0.592083
1,91,12,Piste 3b,365,tentative,1183,0.144155
1,91,12,Piste 3b,365,suite,1183,0.389217
1,91,12,Piste 3b,730,tentative,818,0.223478
1,91,12,Piste 3b,730,suite,818,1.02188
1,91,12,Piste 3c,365,tentative,1183,0.134444
1,91,12,Piste 3c,365,suite,1183,0.462795
1,91,12,Piste 3c,730,tentative,818,0.200087
1,91,12,Piste 3c,730,suite,818,1.12749
1,92,11,Référence,365,tentative,1183,-0.00354528
1,92,11,Référence,365,suite,1183,0.00991858
1,92,11,Référence,730,tentative,818,-0.00376178
1,92,11,Référence,730,suite,818,0.0314445
1,92,11,Piste 1,365,tentative,1183,-0.00353086
1,92,11,Piste 1,365,suite,1183,0.0139583
1,92,11,Piste 1,730,tentative,818,-0.00382071
1,92,11,Piste 1,730,suite,818,0.0454131
1,92,11,Piste 2,365,tentative,1183,-0.00151443
1,92,11,Piste 2,365,suite,1183,0.0289935
1,92,11,Piste 2,730,tentative,818,-0.00236494
1,92,11,Piste 2,730,suite,818,0.0550436
1,92,11,Piste 3a,365,tentative,1183,-0.00376995
1,92,11,Piste 3a,365,suite,1183,0.00567462
1,92,11,Piste 3a,730,tentative,818,-0.00405579
1,92,11,Piste 3a,730,suite,818,-0.00639185
1,92,11,Piste 3b,365,tentative,1183,-0.00182145
1,92,11,Piste 3b,365,suite,1183,0.0301387
1,92,11,Piste 3b,730,tentative,818,-0.00242286
1,92,11,Piste 3b,730,suite,818,0.0478714
1,92,11,Piste 3c,365,tentative,1183,-0.00137493
1,92,11,Piste 3c,365,suite,1183,0.0318343
1,92,11,Piste 3c,730,tentative,818,-0.00261532
1,92,11,Piste 3c,730,suite,818,0.0719002
1,93,11,Référence,365,tentative,1183,0.0864736
1,93,11,Référence,365,suite,1183,0.181022
1,93,11,Référence,730,tentative,818,0.121178
1,93,11,Référence,730,suite,818,0.417147
1,93,11,Piste 1,365,tentative,1183,0.104064
1,93,11,Piste 1,365,suite,1183,0.221279
1,93,11,Piste 1,730,tentative,818,0.145696
1,93,11,Piste 1,730,suite,818,0.498676
1,93,11,Piste 2,365,tentative,1183,0.0952602
1,93,11,Piste 2,365,suite,1183,0.263241
1,93,11,Piste 2,730,tentative,818,0.128575
1,93,11,Piste 2,730,suite,818,0.581534
1,93,11,Piste 3a,365,tentative,1183,0.0912452
1,93,11,Piste 3a,365,suite,1183,0.184748
1,93,11,Piste 3a,730,tentative,818,0.127948
1,93,11,Piste 3a,730,suite,818,0.420549
1,93,11,Piste 3b,365,tentative,1183,0.09365
1,93,11,Piste 3b,365,suite,1183,0.229672
1,93,11,Piste 3b,730,tentative,818,0.129722
1,93,11,Piste 3b,730,suite,818,0.498808
1,93,11,Piste 3c,365,tentative,1183,0.0876248
1,93,11,Piste 3c,365,suite,1183,0.252017
1,93,11,Piste 3c,730,tentative,818,0.115789
1,93,11,Piste 3c,730,suite,818,0.546363
1,94,12,Référence,365,tentative,1183,0.0156549
1,94,12,Référence,365,suite,1183,0.0280077
1,94,12,Référence,730,tentative,818,0.0250499
1,94,12,Référence,730,suite,818,0.0430606
1,94,12,Piste 1,365,tentative,1183,0.019769
1,94,12,Piste 1,365,suite,1183,0.0376708
1,94,12,Piste 1,730,tentative,818,0.0309836
1,94,12,Piste 1,730,suite,818,0.0586597
1,94,12,Piste 2,365,tentative,1183,0.021647
1,94,12,Piste 2,365,suite,1183,0.0438155
1,94,12,Piste 2,730,tentative,818,0.0329464
1,94,12,Piste 2,730,suite,818,0.0814669
1,94,12,Piste 3a,365,tentative,1183,0.016989
1,94,12,Piste 3a,365,suite,1183,0.0287646
1,94,12,Piste 3a,730,tentative,818,0.0269792
1,94,12,Piste 3a,730,suite,818,0.0425853
1,94,12,Piste 3b,365,tentative,1183,0.0178783
1,94,12,Piste 3b,365,suite,1183,0.0330293
1,94,12,Piste 3b,730,tentative,818,0.0280326
1,94,12,Piste 3b,730,suite,818,0.0719232
1,94,12,Piste 3c,365,tentative,1183,0.0153543
1,94,12,Piste 3c,365,suite,1183,0.0349052
1,94,12,Piste 3c,730,tentative,818,0.024145
1,94,12,Piste 3c,730,suite,818,0.0379053
1,95,12,Référence,365,tentative,1183,0.217921
1,95,12,Référence,365,suite,1183,0.316539
1,95,12,Référence,730,tentative,818,0.286093
1,95,12,Référence,730,suite,818,0.660247
1,95,12,Piste 1,365,tentative,1183,0.165324
1,95,12,Piste 1,365,suite,1183,0.329816
1,95,12,Piste 1,730,tentative,818,0.201714
1,95,12,Piste 1,730,suite,818,0.709382
1,95,12,Piste 2,365,tentative,1183,0.196908
1,95,12,Piste 2,365,suite,1183,0.379319
1,95,12,Piste 2,730,tentative,818,0.262736
1,95,12,Piste 2,730,suite,818,0.781864
1,95,12,Piste 3a,365,tentative,1183,0.216107
1,95,12,Piste 3a,365,suite,1183,0.326833
1,95,12,Piste 3a,730,tentative,818,0.280918
1,95,12,Piste 3a,730,suite,818,0.680191
1,95,12,Piste 3b,365,tentative,1183,0.179271
1,95,12,Piste 3b,365,suite,1183,0.334512
1,95,12,Piste 3b,730,tentative,818,0.241699
1,95,12,Piste 3b,730,suite,818,0.695235
1,95,12,Piste 3c,365,tentative,1183,0.132364
1,95,12,Piste 3c,365,suite,1183,0.34137
1,95,12,Piste 3c,730,tentative,818,0.172586
1,95,12,Piste 3c,730,suite,818,0.709618
1,96,12,Référence,365,tentative,1183,0.0810834
1,96,12,Référence,365,suite,1183,0.163943
1,96,12,Référence,730,tentative,818,0.120027
1,96,12,Référence,730,suite,818,0.515029
1,96,12,Piste 1,365,tentative,1183,0.0850967
1,96,12,Piste 1,365,suite,1183,0.167417
1,96,12,Piste 1,730,tentative,818,0.125618
1,96,12,Piste 1,730,suite,818,0.516382
1,96,12,Piste 2,365,tentative,1183,0.0713905
1,96,12,Piste 2,365,suite,1183,0.192333
1,96,12,Piste 2,730,tentative,818,0.105594
1,96,12,Piste 2,730,suite,818,0.586698
1,96,12,Piste 3a,365,tentative,1183,0.087083
1,96,12,Piste 3a,365,suite,1183,0.176483
1,96,12,Piste 3a,730,tentative,818,0.128607
1,96,12,Piste 3a,730,suite,818,0.539996
1,96,12,Piste 3b,365,tentative,1183,0.0706091
1,96,12,Piste 3b,365,suite,1183,0.192233
1,96,12,Piste 3b,730,tentative,818,0.104532
1,96,12,Piste 3b,730,suite,818,0.584939
1,96,12,Piste 3c,365,tentative,1183,0.070001
1,96,12,Piste 3c,365,suite,1183,0.20761
1,96,12,Piste 3c,730,tentative,818,0.103368
1,96,12,Piste 3c,730,suite,818,0.629141
1,97,11,Référence,365,tentative,1183,0.0354513
1,97,11,Référence,365,suite,1183,0.104674
1,97,11,Référence,730,tentative,818,0.0161489
1,97,11,Référence,730,suite,818,0.27949
1,97,11,Piste 1,365,tentative,1183,0.0242346
1,97,11,Piste 1,365,suite,1183,0.105371
1,97,11,Piste 1,730,tentative,818,0.0087267
1,97,11,Piste 1,730,suite,818,0.285509
1,97,11,Piste 2,365,tentative,1183,0.0206349
1,97,11,Piste 2,365,suite,1183,0.108307
1,97,11,Piste 2,730,tentative,818,0.00503834
1,97,11,Piste 2,730,suite,818,0.245501
1,97,11,Piste 3a,365,tentative,1183,0.0293616
1,97,11,Piste 3a,365,suite,1183,0.0936258
1,97,11,Piste 3a,730,tentative,818,0.011243
1,97,11,Piste 3a,730,suite,818,0.215079
1,97,11,Piste 3b,365,tentative,1183,0.0229357
1,97,11,Piste 3b,365,suite,1183,0.103174
1,97,11,Piste 3b,730,tentative,818,0.00398563
1,97,11,Piste 3b,730,suite,818,0.221216
1,97,11,Piste 3c,365,tentative,1183,0.0161529
1,97,11,Piste 3c,365,suite,1183,0.1197
1,97,11,Piste 3c,730,tentative,818,0.00510428
1,97,11,Piste 3c,730,suite,818,0.276058
1,98,12,Référence,365,tentative,1183,0.0715614
1,98,12,Référence,365,suite,1183,0.0831959
1,98,12,Référence,730,tentative,818,0.0947006
1,98,12,Référence,730,suite,818,0.174096
1,98,12,Piste 1,365,tentative,1183,0.0591969
1,98,12,Piste 1,365,suite,1183,0.0797974
1,98,12,Piste 1,730,tentative,818,0.069593
1,98,12,Piste 1,730,suite,818,0.15363
1,98,12,Piste 2,365,tentative,1183,0.0270641
1,98,12,Piste 2,365,suite,1183,0.0830664
1,98,12,Piste 2,730,tentative,818,0.0265957
1,98,12,Piste 2,730,suite,818,0.157262
1,98,12,Piste 3a,365,tentative,1183,0.0796582
1,98,12,Piste 3a,365,suite,1183,0.0996627
1,98,12,Piste 3a,730,tentative,818,0.111254
1,98,12,Piste 3a,730,suite,818,0.196031
1,98,12,Piste 3b,365,tentative,1183,0.0474583
1,98,12,Piste 3b,365,suite,1183,0.108149
1,98,12,Piste 3b,730,tentative,818,0.0689827
1,98,12,Piste 3b,730,suite,818,0.218943
1,98,12,Piste 3c,365,tentative,1183,0.028148
1,98,12,Piste 3c,365,suite,1183,0.12603
1,98,12,Piste 3c,730,tentative,818,0.0376691
1,98,12,Piste 3c,730,suite,818,0.261778
1,99,10,Référence,365,tentative,1183,0.139098
1,99,10,Référence,365,suite,1183,0.187553
1,99,10,Référence,730,tentative,818,0.158964
1,99,10,Référence,730,suite,818,0.528105
1,99,10,Piste 1,365,tentative,1183,0.14076
1,99,10,Piste 1,365,suite,1183,0.203641
1,99,10,Piste 1,730,tentative,818,0.139312
1,99,10,Piste 1,730,suite,818,0.500938
1,99,10,Piste 2,365,tentative,1183,0.119627
1,99,10,Piste 2,365,suite,1183,0.238589
1,99,10,Piste 2,730,tentative,818,0.0902071
1,99,10,Piste 2,730,suite,818,0.57359
1,99,10,Piste 3a,365,tentative,1183,0.138052
1,99,10,Piste 3a,365,suite,1183,0.192156
1,99,10,Piste 3a,730,tentative,818,0.143951
1,99,10,Piste 3a,730,suite,818,0.537585
1,99,10,Piste 3b,365,tentative,1183,0.115387
1,99,10,Piste 3b,365,suite,1183,0.2162
1,99,10,Piste 3b,730,tentative,818,0.0912688
1,99,10,Piste 3b,730,suite,818,0.559873
1,99,10,Piste 3c,365,tentative,1183,0.0928329
1,99,10,Piste 3c,365,suite,1183,0.23319
1,99,10,Piste 3c,730,tentative,818,0.0500665
1,99,10,Piste 3c,730,suite,818,0.55606
1,100,12,Référence,365,tentative,1183,0.0321594
1,100,12,Référence,365,suite,1183,0.0977544
1,100,12,Référence,730,tentative,818,0.0246443
1,100,12,Référence,730,suite,818,0.252454
1,100,12,Piste 1,365,tentative,1183,0.0281061
1,100,12,Piste 1,365,suite,1183,0.111529
1,100,12,Piste 1,730,tentative,818,0.0143404
1,100,12,Piste 1,730,suite,818,0.285117
1,100,12,Piste 2,365,tentative,1183,0.0223626
1,100,12,Piste 2,365,suite,1183,0.135078
1,100,12,Piste 2,730,tentative,818,0.0153209
1,100,12,Piste 2,730,suite,818,0.354676
1,100,12,Piste 3a,365,tentative,1183,0.0290904
1,100,12,Piste 3a,365,suite,1183,0.100966
1,100,12,Piste 3a,730,tentative,818,0.018378
1,100,12,Piste 3a,730,suite,818,0.270002
1,100,12,Piste 3b,365,tentative,1183,0.0257207
1,100,12,Piste 3b,365,suite,1183,0.122706
1,100,12,Piste 3b,730,tentative,818,0.0202437
1,100,12,Piste 3b,730,suite,818,0.328002
1,100,12,Piste 3c,365,tentative,1183,0.025193
1,100,12,Piste 3c,365,suite,1183,0.155408
1,100,12,Piste 3c,730,tentative,818,0.0201524
1,100,12,Piste 3c,730,suite,818,0.394742
1,101,12,Référence,365,tentative,1183,0.0846819
1,101,12,Référence,365,suite,1183,0.11154
1,101,12,Référence,730,tentative,818,0.129842
1,101,12,Référence,730,suite,818,0.184566
1,101,12,Piste 1,365,tentative,1183,0.0810638
1,101,12,Piste 1,365,suite,1183,0.127374
1,101,12,Piste 1,730,tentative,818,0.122484
1,101,12,Piste 1,730,suite,818,0.2175
1,101,12,Piste 2,365,tentative,1183,0.0700153
1,101,12,Piste 2,365,suite,1183,0.170462
1,101,12,Piste 2,730,tentative,818,0.104578
1,101,12,Piste 2,730,suite,818,0.28339
1,101,12,Piste 3a,365,tentative,1183,0.0913527
1,101,12,Piste 3a,365,suite,1183,0.123841
1,101,12,Piste 3a,730,tentative,818,0.140337
1,101,12,Piste 3a,730,suite,818,0.228329
1,101,12,Piste 3b,365,tentative,1183,0.0824377
1,101,12,Piste 3b,365,suite,1183,0.148335
1,101,12,Piste 3b,730,tentative,818,0.119803
1,101,12,Piste 3b,730,suite,818,0.266313
1,101,12,Piste 3c,365,tentative,1183,0.0873085
1,101,12,Piste 3c,365,suite,1183,0.170455
1,101,12,Piste 3c,730,tentative,818,0.124596
1,101,12,Piste 3c,730,suite,818,0.271248
1,102,10,Référence,365,tentative,1183,0.0201053
1,102,10,Référence,365,suite,1183,0.189523
1,102,10,Référence,730,tentative,818,0.0313821
1,102,10,Référence,730,suite,818,0.366413
1,102,10,Piste 1,365,tentative,1183,0.0221351
1,102,10,Piste 1,365,suite,1183,0.224544
1,102,10,Piste 1,730,tentative,818,0.0342767
1,102,10,Piste 1,730,suite,818,0.464362
1,102,10,Piste 2,365,tentative,1183,0.0220443
1,102,10,Piste 2,365,suite,1183,0.236039
1,102,10,Piste 2,730,tentative,818,0.0340566
1,102,10,Piste 2,730,suite,818,0.468545
1,102,10,Piste 3a,365,tentative,1183,0.0210916
1,102,10,Piste 3a,365,suite,1183,0.186256
1,102,10,Piste 3a,730,tentative,818,0.0328766
1,102,10,Piste 3a,730,suite,818,0.368047
1,102,10,Piste 3b,365,tentative,1183,0.0287764
1,102,10,Piste 3b,365,suite,1183,0.213787
1,102,10,Piste 3b,730,tentative,818,0.0438671
1,102,10,Piste 3b,730,suite,818,0.438178
1,102,10,Piste 3c,365,tentative,1183,0.0153372
1,102,10,Piste 3c,365,suite,1183,0.255603
1,102,10,Piste 3c,730,tentative,818,0.023944
1,102,10,Piste 3c,730,suite,818,0.54902
1,103,12,Référence,365,tentative,1183,0.0213664
1,103,12,Référence,365,suite,1183,0.0527897
1,103,12,Référence,730,tentative,818,0.0310416
1,103,12,Référence,730,suite,818,0.110613
1,103,12,Piste 1,365,tentative,1183,0.00628259
1,103,12,Piste 1,365,suite,1183,0.0494779
1,103,12,Piste 1,730,tentative,818,0.00851074
1,103,12,Piste 1,730,suite,818,0.0787352
1,103,12,Piste 2,365,tentative,1183,0.00450845
1,103,12,Piste 2,365,suite,1183,0.0766227
1,103,12,Piste 2,730,tentative,818,0.00572496
1,103,12,Piste 2,730,suite,818,0.124479
1,103,12,Piste 3a,365,tentative,1183,0.00590891
1,103,12,Piste 3a,365,suite,1183,0.0614058
1,103,12,Piste 3a,730,tentative,818,0.00805185
1,103,12,Piste 3a,730,suite,818,0.127162
1,103,12,Piste 3b,365,tentative,1183,0.00382944
1,103,12,Piste 3b,365,suite,1183,0.0787404
1,103,12,Piste 3b,730,tentative,818,0.00491137
1,103,12,Piste 3b,730,suite,818,0.133418
1,103,12,Piste 3c,365,tentative,1183,0.00490079
1,103,12,Piste 3c,365,suite,1183,0.0855934
1,103,12,Piste 3c,730,tentative,818,0.00594903
1,103,12,Piste 3c,730,suite,818,0.15881
1,104,10,Référence,365,tentative,1183,0.0626619
1,104,10,Référence,365,suite,1183,0.125482
1,104,10,Référence,730,tentative,818,-2.48808e-05
1,104,10,Référence,730,suite,818,0.213341
1,104,10,Piste 1,365,tentative,1183,0.0475875
1,104,10,Piste 1,365,suite,1183,0.133851
1,104,10,Piste 1,730,tentative,818,-0.00128971
1,104,10,Piste 1,730,suite,818,0.219569
1,104,10,Piste 2,365,tentative,1183,0.0486816
1,104,10,Piste 2,365,suite,1183,0.142428
1,104,10,Piste 2,730,tentative,818,-0.00268475
1,104,10,Piste 2,730,suite,818,0.263199
1,104,10,Piste 3a,365,tentative,1183,0.0475105
1,104,10,Piste 3a,365,suite,1183,0.131047
1,104,10,Piste 3a,730,tentative,818,-0.00154754
1,104,10,Piste 3a,730,suite,818,0.22883
1,104,10,Piste 3b,365,tentative,1183,0.0484552
1,104,10,Piste 3b,365,suite,1183,0.143264
1,104,10,Piste 3b,730,tentative,818,-0.00244017
1,104,10,Piste 3b,730,suite,818,0.241259
1,104,10,Piste 3c,365,tentative,1183,0.0274662
1,104,10,Piste 3c,365,suite,1183,0.163544
1,104,10,Piste 3c,730,tentative,818,-0.000450826
1,104,10,Piste 3c,730,suite,818,0.275384
1,105,11,Référence,365,tentative,1183,-0.00173385
1,105,11,Référence,365,suite,1183,0.00102569
1,105,11,Référence,730,tentative,818,-0.000169801
1,105,11,Référence,730,suite,818,0.0241889
1,105,11,Piste 1,365,tentative,1183,-0.00214667
1,105,11,Piste 1,365,suite,1183,0.00294104
1,105,11,Piste 1,730,tentative,818,-0.00078705
1,105,11,Piste 1,730,suite,818,0.0363365
1,105,11,Piste 2,365,tentative,1183,-0.000718906
1,105,11,Piste 2,365,suite,1183,0.0474046
1,105,11,Piste 2,730,tentative,818,0.00115535
1,105,11,Piste 2,730,suite,818,0.11882
1,105,11,Piste 3a,365,tentative,1183,0.00512155
1,105,11,Piste 3a,365,suite,1183,0.014987
1,105,11,Piste 3a,730,tentative,818,0.00947896
1,105,11,Piste 3a,730,suite,818,0.0538435
1,105,11,Piste 3b,365,tentative,1183,0.00459523
1,105,11,Piste 3b,365,suite,1183,0.0657424
1,105,11,Piste 3b,730,tentative,818,0.00786821
1,105,11,Piste 3b,730,suite,818,0.162352
1,105,11,Piste 3c,365,tentative,1183,0.00105811
1,105,11,Piste 3c,365,suite,1183,0.0917358
1,105,11,Piste 3c,730,tentative,818,0.00162689
1,105,11,Piste 3c,730,suite,818,0.263298
1,106,12,Référence,365,tentative,1183,0.0625685
1,106,12,Référence,365,suite,1183,0.136476
1,106,12,Référence,730,tentative,818,0.0117509
1,106,12,Référence,730,suite,818,0.274893
1,106,12,Piste 1,365,tentative,1183,0.0340303
1,106,12,Piste 1,365,suite,1183,0.0891673
1,106,12,Piste 1,730,tentative,818,0.0148368
1,106,12,Piste 1,730,suite,818,0.195158
1,106,12,Piste 2,365,tentative,1183,0.0263073
1,106,12,Piste 2,365,suite,1183,0.184039
1,106,12,Piste 2,730,tentative,818,0.0262914
1,106,12,Piste 2,730,suite,818,0.378454
1,106,12,Piste 3a,365,tentative,1183,0.0739689
1,106,12,Piste 3a,365,suite,1183,0.154473
1,106,12,Piste 3a,730,tentative,818,0.012877
1,106,12,Piste 3a,730,suite,818,0.337956
1,106,12,Piste 3b,365,tentative,1183,0.0346947
1,106,12,Piste 3b,365,suite,1183,0.187772
1,106,12,Piste 3b,730,tentative,818,0.0260856
1,106,12,Piste 3b,730,suite,818,0.354253
1,106,12,Piste 3c,365,tentative,1183,0.038939
1,106,12,Piste 3c,365,suite,1183,0.212275
1,106,12,Piste 3c,730,tentative,818,0.0271376
1,106,12,Piste 3c,730,suite,818,0.395505
1,107,11,Référence,365,tentative,1183,0.0415126
1,107,11,Référence,365,suite,1183,0.0288778
1,107,11,Référence,730,tentative,818,0.0629879
1,107,11,Référence,730,suite,818,0.0334551
1,107,11,Piste 1,365,tentative,1183,0.0379443
1,107,11,Piste 1,365,suite,1183,0.0252083
1,107,11,Piste 1,730,tentative,818,0.057285
1,107,11,Piste 1,730,suite,818,0.034319
1,107,11,Piste 2,365,tentative,1183,0.0545542
1,107,11,Piste 2,365,suite,1183,0.0423233
1,107,11,Piste 2,730,tentative,818,0.0816257
1,107,11,Piste 2,730,suite,818,0.0555015
1,107,11,Piste 3a,365,tentative,1183,0.0563254
1,107,11,Piste 3a,365,suite,1183,0.0429805
1,107,11,Piste 3a,730,tentative,818,0.0845472
1,107,11,Piste 3a,730,suite,818,0.0558504
1,107,11,Piste 3b,365,tentative,1183,0.0710144
1,107,11,Piste 3b,365,suite,1183,0.0548758
1,107,11,Piste 3b,730,tentative,818,0.105633
1,107,11,Piste 3b,730,suite,818,0.0650244
1,107,11,Piste 3c,365,tentative,1183,0.0667118
1,107,11,Piste 3c,365,suite,1183,0.0636355
1,107,11,Piste 3c,730,tentative,818,0.0991567
1,107,11,Piste 3c,730,suite,818,0.0844017
1,108,12,Référence,365,tentative,1183,0.135323
1,108,12,Référence,365,suite,1183,0.219408
1,108,12,Référence,730,tentative,818,0.150225
1,108,12,Référence,730,suite,818,0.363759
1,108,12,Piste 1,365,tentative,1183,0.0958375
1,108,12,Piste 1,365,suite,1183,0.202761
1,108,12,Piste 1,730,tentative,818,0.119941
1,108,12,Piste 1,730,suite,818,0.339095
1,108,12,Piste 2,365,tentative,1183,0.105237
1,108,12,Piste 2,365,suite,1183,0.245027
1,108,12,Piste 2,730,tentative,818,0.128471
1,108,12,Piste 2,730,suite,818,0.432339
1,108,12,Piste 3a,365,tentative,1183,0.0803989
1,108,12,Piste 3a,365,suite,1183,0.169856
1,108,12,Piste 3a,730,tentative,818,0.0975799
1,108,12,Piste 3a,730,suite,818,0.284849
1,108,12,Piste 3b,365,tentative,1183,0.0853671
1,108,12,Piste 3b,365,suite,1183,0.203225
1,108,12,Piste 3b,730,tentative,818,0.100834
1,108,12,Piste 3b,730,suite,818,0.371711
1,108,12,Piste 3c,365,tentative,1183,0.0900796
1,108,12,Piste 3c,365,suite,1183,0.285316
1,108,12,Piste 3c,730,tentative,818,0.100092
1,108,12,Piste 3c,730,suite,818,0.468056
1,109,11,Référence,365,tentative,1183,0.00377061
1,109,11,Référence,365,suite,1183,0.0353895
1,109,11,Référence,730,tentative,818,0.00341492
1,109,11,Référence,730,suite,818,0.123304
1,109,11,Piste 1,365,tentative,1183,0.0068396
1,109,11,Piste 1,365,suite,1183,0.053254
1,109,11,Piste 1,730,tentative,818,0.00678773
1,109,11,Piste 1,730,suite,818,0.149732
1,109,11,Piste 2,365,tentative,1183,0.00624441
1,109,11,Piste 2,365,suite,1183,0.0582123
1,109,11,Piste 2,730,tentative,818,0.00638939
1,109,11,Piste 2,730,suite,818,0.149396
1,109,11,Piste 3a,365,tentative,1183,0.00489539
1,109,11,Piste 3a,365,suite,1183,0.0413143
1,109,11,Piste 3a,730,tentative,818,0.00456054
1,109,11,Piste 3a,730,suite,818,0.124945
1,109,11,Piste 3b,365,tentative,1183,0.00428739
1,109,11,Piste 3b,365,suite,1183,0.0503968
1,109,11,Piste 3b,730,tentative,818,0.00415163
1,109,11,Piste 3b,730,suite,818,0.1351
1,109,11,Piste 3c,365,tentative,1183,0.0041825
1,109,11,Piste 3c,365,suite,1183,0.0589589
1,109,11,Piste 3c,730,tentative,818,0.00246835
1,109,11,Piste 3c,730,suite,818,0.145536
1,110,12,Référence,365,tentative,1183,0.0743702
1,110,12,Référence,365,suite,1183,0.246723
1,110,12,Référence,730,tentative,818,0.0982276
1,110,12,Référence,730,suite,818,0.511448
1,110,12,Piste 1,365,tentative,1183,0.0897704
1,110,12,Piste 1,365,suite,1183,0.294388
1,110,12,Piste 1,730,tentative,818,0.121432
1,110,12,Piste 1,730,suite,818,0.610846
1,110,12,Piste 2,365,tentative,1183,0.0863301
1,110,12,Piste 2,365,suite,1183,0.32953
1,110,12,Piste 2,730,tentative,818,0.12615
1,110,12,Piste 2,730,suite,818,0.689884
1,110,12,Piste 3a,365,tentative,1183,0.0770034
1,110,12,Piste 3a,365,suite,1183,0.250436
1,110,12,Piste 3a,730,tentative,818,0.103019
1,110,12,Piste 3a,730,suite,818,0.508653
1,110,12,Piste 3b,365,tentative,1183,0.0755419
1,110,12,Piste 3b,365,suite,1183,0.288641
1,110,12,Piste 3b,730,tentative,818,0.110565
1,110,12,Piste 3b,730,suite,818,0.607928
1,110,12,Piste 3c,365,tentative,1183,0.0743291
1,110,12,Piste 3c,365,suite,1183,0.296883
1,110,12,Piste 3c,730,tentative,818,0.108885
1,110,12,Piste 3c,730,suite,818,0.615551
1,111,12,Référence,365,tentative,1183,0.0560141
1,111,12,Référence,365,suite,1183,0.184378
1,111,12,Référence,730,tentative,818,0.0807324
1,111,12,Référence,730,suite,818,0.506276
1,111,12,Piste 1,365,tentative,1183,0.0640464
1,111,12,Piste 1,365,suite,1183,0.209916
1,111,12,Piste 1,730,tentative,818,0.0917472
1,111,12,Piste 1,730,suite,818,0.566388
1,111,12,Piste 2,365,tentative,1183,0.0636285
1,111,12,Piste 2,365,suite,1183,0.205325
1,111,12,Piste 2,730,tentative,818,0.0901823
1,111,12,Piste 2,730,suite,818,0.574186
1,111,12,Piste 3a,365,tentative,1183,0.054108
1,111,12,Piste 3a,365,suite,1183,0.194666
1,111,12,Piste 3a,730,tentative,818,0.0784589
1,111,12,Piste 3a,730,suite,818,0.533372
1,111,12,Piste 3b,365,tentative,1183,0.0550825
1,111,12,Piste 3b,365,suite,1183,0.183509
1,111,12,Piste 3b,730,tentative,818,0.0784121
1,111,12,Piste 3b,730,suite,818,0.496523
1,111,12,Piste 3c,365,tentative,1183,0.0484923
1,111,12,Piste 3c,365,suite,1183,0.189587
1,111,12,Piste 3c,730,tentative,818,0.0699801
1,111,12,Piste 3c,730,suite,818,0.518229
1,112,11,Référence,365,tentative,1183,0.0255443
1,112,11,Référence,365,suite,1183,0.0726555
1,112,11,Référence,730,tentative,818,0.0342358
1,112,11,Référence,730,suite,818,0.148367
1,112,11,Piste 1,365,tentative,1183,0.0232674
1,112,11,Piste 1,365,suite,1183,0.0926345
1,112,11,Piste 1,730,tentative,818,0.0300709
1,112,11,Piste 1,730,suite,818,0.184503
1,112,11,Piste 2,365,tentative,1183,0.0158251
1,112,11,Piste 2,365,suite,1183,0.100491
1,112,11,Piste 2,730,tentative,818,0.021495
1,112,11,Piste 2,730,suite,818,0.168384
1,112,11,Piste 3a,365,tentative,1183,0.0200971
1,112,11,Piste 3a,365,suite,1183,0.0782509
1,112,11,Piste 3a,730,tentative,818,0.0261817
1,112,11,Piste 3a,730,suite,818,0.148982
1,112,11,Piste 3b,365,tentative,1183,0.0160512
1,112,11,Piste 3b,365,suite,1183,0.099123
1,112,11,Piste 3b,730,tentative,818,0.0218775
1,112,11,Piste 3b,730,suite,818,0.205768
1,112,11,Piste 3c,365,tentative,1183,0.0226643
1,112,11,Piste 3c,365,suite,1183,0.144167
1,112,11,Piste 3c,730,tentative,818,0.0288243
1,112,11,Piste 3c,730,suite,818,0.29906
1,113,11,Référence,365,tentative,1183,0.103221
1,113,11,Référence,365,suite,1183,0.158153
1,113,11,Référence,730,tentative,818,0.154772
1,113,11,Référence,730,suite,818,0.353911
1,113,11,Piste 1,365,tentative,1183,0.0436229
1,113,11,Piste 1,365,suite,1183,0.110953
1,113,11,Piste 1,730,tentative,818,0.0654215
1,113,11,Piste 1,730,suite,818,0.302817
1,113,11,Piste 2,365,tentative,1183,0.035191
1,113,11,Piste 2,365,suite,1183,0.131102
1,113,11,Piste 2,730,tentative,818,0.0533031
1,113,11,Piste 2,730,suite,818,0.360888
1,113,11,Piste 3a,365,tentative,1183,0.0951052
1,113,11,Piste 3a,365,suite,1183,0.172855
1,113,11,Piste 3a,730,tentative,818,0.141113
1,113,11,Piste 3a,730,suite,818,0.409204
1,113,11,Piste 3b,365,tentative,1183,0.0722386
1,113,11,Piste 3b,365,suite,1183,0.153695
1,113,11,Piste 3b,730,tentative,818,0.107827
1,113,11,Piste 3b,730,suite,818,0.358269
1,113,11,Piste 3c,365,tentative,1183,0.059941
1,113,11,Piste 3c,365,suite,1183,0.163412
1,113,11,Piste 3c,730,tentative,818,0.0896399
1,113,11,Piste 3c,730,suite,818,0.376549
1,114,11,Référence,365,tentative,1183,0.209021
1,114,11,Référence,365,suite,1183,0.332941
1,114,11,Référence,730,tentative,818,0.274192
1,114,11,Référence,730,suite,818,0.770613
1,114,11,Piste 1,365,tentative,1183,0.237053
1,114,11,Piste 1,365,suite,1183,0.380264
1,114,11,Piste 1,730,tentative,818,0.307379
1,114,11,Piste 1,730,suite,818,0.860201
1,114,11,Piste 2,365,tentative,1183,0.188727
1,114,11,Piste 2,365,suite,1183,0.386011
1,114,11,Piste 2,730,tentative,818,0.228047
1,114,11,Piste 2,730,suite,818,0.878357
1,114,11,Piste 3a,365,tentative,1183,0.222961
1,114,11,Piste 3a,365,suite,1183,0.35119
1,114,11,Piste 3a,730,tentative,818,0.291296
1,114,11,Piste 3a,730,suite,818,0.774489
1,114,11,Piste 3b,365,tentative,1183,0.196404
1,114,11,Piste 3b,365,suite,1183,0.38308
1,114,11,Piste 3b,730,tentative,818,0.246786
1,114,11,Piste 3b,730,suite,818,0.836464
1,114,11,Piste 3c,365,tentative,1183,0.167213
1,114,11,Piste 3c,365,suite,1183,0.428876
1,114,11,Piste 3c,730,tentative,818,0.200262
1,114,11,Piste 3c,730,suite,818,0.916156
1,115,12,Référence,365,tentative,1183,0.0332717
1,115,12,Référence,365,suite,1183,0.0623099
1,115,12,Référence,730,tentative,818,0.00733605
1,115,12,Référence,730,suite,818,0.108796
1,115,12,Piste 1,365,tentative,1183,0.0278494
1,115,12,Piste 1,365,suite,1183,0.0664285
1,115,12,Piste 1,730,tentative,818,0.00867205
1,115,12,Piste 1,730,suite,818,0.120467
1,115,12,Piste 2,365,tentative,1183,0.0332435
1,115,12,Piste 2,365,suite,1183,0.0932735
1,115,12,Piste 2,730,tentative,818,0.0148066
1,115,12,Piste 2,730,suite,818,0.163168
1,115,12,Piste 3a,365,tentative,1183,0.0357713
1,115,12,Piste 3a,365,suite,1183,0.0636242
1,115,12,Piste 3a,730,tentative,818,0.00691891
1,115,12,Piste 3a,730,suite,818,0.106604
1,115,12,Piste 3b,365,tentative,1183,0.0435434
1,115,12,Piste 3b,365,suite,1183,0.0984134
1,115,12,Piste 3b,730,tentative,818,0.0154993
1,115,12,Piste 3b,730,suite,818,0.166956
1,115,12,Piste 3c,365,tentative,1183,0.0443965
1,115,12,Piste 3c,365,suite,1183,0.140108
1,115,12,Piste 3c,730,tentative,818,0.018674
1,115,12,Piste 3c,730,suite,818,0.296452
1,116,12,Référence,365,tentative,1183,0.0947885
1,116,12,Référence,365,suite,1183,0.156216
1,116,12,Référence,730,tentative,818,0.0979733
1,116,12,Référence,730,suite,818,0.403725
1,116,12,Piste 1,365,tentative,1183,0.108034
1,116,12,Piste 1,365,suite,1183,0.163325
1,116,12,Piste 1,730,tentative,818,0.101692
1,116,12,Piste 1,730,suite,818,0.43066
1,116,12,Piste 2,365,tentative,1183,0.0980672
1,116,12,Piste 2,365,suite,1183,0.218328
1,116,12,Piste 2,730,tentative,818,0.0382806
1,116,12,Piste 2,730,suite,818,0.529408
1,116,12,Piste 3a,365,tentative,1183,0.100512
1,116,12,Piste 3a,365,suite,1183,0.152777
1,116,12,Piste 3a,730,tentative,818,0.089105
1,116,12,Piste 3a,730,suite,818,0.386667
1,116,12,Piste 3b,365,tentative,1183,0.0938108
1,116,12,Piste 3b,365,suite,1183,0.189717
1,116,12,Piste 3b,730,tentative,818,0.0338791
1,116,12,Piste 3b,730,suite,818,0.439102
1,116,12,Piste 3c,365,tentative,1183,0.0746883
1,116,12,Piste 3c,365,suite,1183,0.200407
1,116,12,Piste 3c,730,tentative,818,0.0278259
1,116,12,Piste 3c,730,suite,818,0.423562
1,117,12,Référence,365,tentative,1183,0.00275098
1,117,12,Référence,365,suite,1183,0.00815368
1,117,12,Référence,730,tentative,818,-0.00333852
1,117,12,Référence,730,suite,818,0.0287322
1,117,12,Piste 1,365,tentative,1183,0.00326198
1,117,12,Piste 1,365,suite,1183,0.0118765
1,117,12,Piste 1,730,tentative,818,-0.00301174
1,117,12,Piste 1,730,suite,818,0.0324414
1,117,12,Piste 2,365,tentative,1183,0.00448666
1,117,12,Piste 2,365,suite,1183,0.0240057
1,117,12,Piste 2,730,tentative,818,0.00048923
1,117,12,Piste 2,730,suite,818,0.0540864
1,117,12,Piste 3a,365,tentative,1183,0.00827479
1,117,12,Piste 3a,365,suite,1183,0.028238
1,117,12,Piste 3a,730,tentative,818,0.00181191
1,117,12,Piste 3a,730,suite,818,0.0883952
1,117,12,Piste 3b,365,tentative,1183,0.0103408
1,117,12,Piste 3b,365,suite,1183,0.039982
1,117,12,Piste 3b,730,tentative,818,0.00691787
1,117,12,Piste 3b,730,suite,818,0.0992272
1,117,12,Piste 3c,365,tentative,1183,0.00968025
1,117,12,Piste 3c,365,suite,1183,0.0562249
1,117,12,Piste 3c,730,tentative,818,0.0096379
1,117,12,Piste 3c,730,suite,818,0.113379
1,118,12,Référence,365,tentative,1183,0.0144173
1,118,12,Référence,365,suite,1183,0.0401427
1,118,12,Référence,730,tentative,818,0.0124915
1,118,12,Référence,730,suite,818,0.112308
1,118,12,Piste 1,365,tentative,1183,0.00760566
1,118,12,Piste 1,365,suite,1183,0.0408368
1,118,12,Piste 1,730,tentative,818,0.00657095
1,118,12,Piste 1,730,suite,818,0.135022
1,118,12,Piste 2,365,tentative,1183,0.00725163
1,118,12,Piste 2,365,suite,1183,0.0711264
1,118,12,Piste 2,730,tentative,818,0.00276912
1,118,12,Piste 2,730,suite,818,0.173269
1,118,12,Piste 3a,365,tentative,1183,0.00650257
1,118,12,Piste 3a,365,suite,1183,0.0416499
1,118,12,Piste 3a,730,tentative,818,0.00597339
1,118,12,Piste 3a,730,suite,818,0.130353
1,118,12,Piste 3b,365,tentative,1183,0.00744103
1,118,12,Piste 3b,365,suite,1183,0.0729404
1,118,12,Piste 3b,730,tentative,818,0.00331759
1,118,12,Piste 3b,730,suite,818,0.203095
1,118,12,Piste 3c,365,tentative,1183,0.012393
1,118,12,Piste 3c,365,suite,1183,0.0858683
1,118,12,Piste 3c,730,tentative,818,0.00265475
1,118,12,Piste 3c,730,suite,818,0.217378
1,119,12,Référence,365,tentative,1183,0.0439307
1,119,12,Référence,365,suite,1183,0.0762959
1,119,12,Référence,730,tentative,818,0.0425309
1,119,12,Référence,730,suite,818,0.185713
1,119,12,Piste 1,365,tentative,1183,0.0385392
1,119,12,Piste 1,365,suite,1183,0.0688077
1,119,12,Piste 1,730,tentative,818,0.0416065
1,119,12,Piste 1,730,suite,818,0.184258
1,119,12,Piste 2,365,tentative,1183,0.0502214
1,119,12,Piste 2,365,suite,1183,0.0933475
1,119,12,Piste 2,730,tentative,818,0.0521122
1,119,12,Piste 2,730,suite,818,0.210969
1,119,12,Piste 3a,365,tentative,1183,0.0505157
1,119,12,Piste 3a,365,suite,1183,0.0904099
1,119,12,Piste 3a,730,tentative,818,0.0365895
1,119,12,Piste 3a,730,suite,818,0.225193
1,119,12,Piste 3b,365,tentative,1183,0.0583379
1,119,12,Piste 3b,365,suite,1183,0.10643
1,119,12,Piste 3b,730,tentative,818,0.0576559
1,119,12,Piste 3b,730,suite,818,0.241601
1,119,12,Piste 3c,365,tentative,1183,0.0458575
1,119,12,Piste 3c,365,suite,1183,0.118647
1,119,12,Piste 3c,730,tentative,818,0.0483841
1,119,12,Piste 3c,730,suite,818,0.274323
1,120,12,Référence,365,tentative,1183,0.00858317
1,120,12,Référence,365,suite,1183,0.0517107
1,120,12,Référence,730,tentative,818,0.0120179
1,120,12,Référence,730,suite,818,0.155659
1,120,12,Piste 1,365,tentative,1183,0.00847639
1,120,12,Piste 1,365,suite,1183,0.0542217
1,120,12,Piste 1,730,tentative,818,0.0118878
1,120,12,Piste 1,730,suite,818,0.175839
1,120,12,Piste 2,365,tentative,1183,0.00548928
1,120,12,Piste 2,365,suite,1183,0.0608865
1,120,12,Piste 2,730,tentative,818,0.00562118
1,120,12,Piste 2,730,suite,818,0.207716
1,120,12,Piste 3a,365,tentative,1183,0.00986346
1,120,12,Piste 3a,365,suite,1183,0.0563474
1,120,12,Piste 3a,730,tentative,818,0.0134715
1,120,12,Piste 3a,730,suite,818,0.197099
1,120,12,Piste 3b,365,tentative,1183,0.00710141
1,120,12,Piste 3b,365,suite,1183,0.053891
1,120,12,Piste 3b,730,tentative,818,0.007737
1,120,12,Piste 3b,730,suite,818,0.192649
1,120,12,Piste 3c,365,tentative,1183,0.00474032
1,120,12,Piste 3c,365,suite,1183,0.0663411
1,120,12,Piste 3c,730,tentative,818,0.00565463
1,120,12,Piste 3c,730,suite,818,0.215057
1,121,12,Référence,365,tentative,1183,0.0623817
1,121,12,Référence,365,suite,1183,0.0905885
1,121,12,Référence,730,tentative,818,0.0546132
1,121,12,Référence,730,suite,818,0.13181
1,121,12,Piste 1,365,tentative,1183,0.0441354
1,121,12,Piste 1,365,suite,1183,0.0796411
1,121,12,Piste 1,730,tentative,818,0.0376332
1,121,12,Piste 1,730,suite,818,0.11958
1,121,12,Piste 2,365,tentative,1183,0.0302531
1,121,12,Piste 2,365,suite,1183,0.081717
1,121,12,Piste 2,730,tentative,818,0.0317076
1,121,12,Piste 2,730,suite,818,0.118923
1,121,12,Piste 3a,365,tentative,1183,0.051894
1,121,12,Piste 3a,365,suite,1183,0.0895115
1,121,12,Piste 3a,730,tentative,818,0.0564595
1,121,12,Piste 3a,730,suite,818,0.135267
1,121,12,Piste 3b,365,tentative,1183,0.0341033
1,121,12,Piste 3b,365,suite,1183,0.0938371
1,121,12,Piste 3b,730,tentative,818,0.0453877
1,121,12,Piste 3b,730,suite,818,0.135855
1,121,12,Piste 3c,365,tentative,1183,0.0296595
1,121,12,Piste 3c,365,suite,1183,0.105529
1,121,12,Piste 3c,730,tentative,818,0.0398926
1,121,12,Piste 3c,730,suite,818,0.15766
1,122,10,Référence,365,tentative,1183,0.040864
1,122,10,Référence,365,suite,1183,0.0494636
1,122,10,Référence,730,tentative,818,0.0556886
1,122,10,Référence,730,suite,818,0.0616347
1,122,10,Piste 1,365,tentative,1183,0.0444638
1,122,10,Piste 1,365,suite,1183,0.0632139
1,122,10,Piste 1,730,tentative,818,0.0606209
1,122,10,Piste 1,730,suite,818,0.0824454
1,122,10,Piste 2,365,tentative,1183,0.0383293
1,122,10,Piste 2,365,suite,1183,0.0496793
1,122,10,Piste 2,730,tentative,818,0.0555554
1,122,10,Piste 2,730,suite,818,0.0595115
1,122,10,Piste 3a,365,tentative,1183,0.0500993
1,122,10,Piste 3a,365,suite,1183,0.0634837
1,122,10,Piste 3a,730,tentative,818,0.0647427
1,122,10,Piste 3a,730,suite,818,0.0823233
1,122,10,Piste 3b,365,tentative,1183,0.0570671
1,122,10,Piste 3b,365,suite,1183,0.111623
1,122,10,Piste 3b,730,tentative,818,0.0796844
1,122,10,Piste 3b,730,suite,818,0.263649
1,122,10,Piste 3c,365,tentative,1183,0.0673774
1,122,10,Piste 3c,365,suite,1183,0.181309
1,122,10,Piste 3c,730,tentative,818,0.0911618
1,122,10,Piste 3c,730,suite,818,0.288039
1,123,11,Référence,365,tentative,1183,0.0566753
1,123,11,Référence,365,suite,1183,0.201122
1,123,11,Référence,730,tentative,818,0.0472874
1,123,11,Référence,730,suite,818,0.414808
1,123,11,Piste 1,365,tentative,1183,0.054459
1,123,11,Piste 1,365,suite,1183,0.173191
1,123,11,Piste 1,730,tentative,818,0.0435361
1,123,11,Piste 1,730,suite,818,0.402129
1,123,11,Piste 2,365,tentative,1183,0.0426505
1,123,11,Piste 2,365,suite,1183,0.192073
1,123,11,Piste 2,730,tentative,818,0.0352465
1,123,11,Piste 2,730,suite,818,0.407201
1,123,11,Piste 3a,365,tentative,1183,0.0509678
1,123,11,Piste 3a,365,suite,1183,0.165005
1,123,11,Piste 3a,730,tentative,818,0.0342271
1,123,11,Piste 3a,730,suite,818,0.385698
1,123,11,Piste 3b,365,tentative,1183,0.0409094
1,123,11,Piste 3b,365,suite,1183,0.185476
1,123,11,Piste 3b,730,tentative,818,0.0274498
1,123,11,Piste 3b,730,suite,818,0.411684
1,123,11,Piste 3c,365,tentative,1183,0.0410777
1,123,11,Piste 3c,365,suite,1183,0.226522
1,123,11,Piste 3c,730,tentative,818,0.039198
1,123,11,Piste 3c,730,suite,818,0.451927
1,124,11,Référence,365,tentative,1183,0.0101886
1,124,11,Référence,365,suite,1183,0.0406688
1,124,11,Référence,730,tentative,818,0.0107008
1,124,11,Référence,730,suite,818,0.111601
1,124,11,Piste 1,365,tentative,1183,0.00362187
1,124,11,Piste 1,365,suite,1183,0.0362719
1,124,11,Piste 1,730,tentative,818,0.0048101
1,124,11,Piste 1,730,suite,818,0.070896
1,124,11,Piste 2,365,tentative,1183,0.0037039
1,124,11,Piste 2,365,suite,1183,0.0645818
1,124,11,Piste 2,730,tentative,818,0.00594286
1,124,11,Piste 2,730,suite,818,0.148411
1,124,11,Piste 3a,365,tentative,1183,0.00737052
1,124,11,Piste 3a,365,suite,1183,0.0352105
1,124,11,Piste 3a,730,tentative,818,0.0120951
1,124,11,Piste 3a,730,suite,818,0.0855919
1,124,11,Piste 3b,365,tentative,1183,0.00578752
1,124,11,Piste 3b,365,suite,1183,0.0766581
1,124,11,Piste 3b,730,tentative,818,0.00684835
1,124,11,Piste 3b,730,suite,818,0.182941
1,124,11,Piste 3c,365,tentative,1183,0.00813927
1,124,11,Piste 3c,365,suite,1183,0.102526
1,124,11,Piste 3c,730,tentative,818,0.00383947
1,124,11,Piste 3c,730,suite,818,0.22755
1,125,12,Référence,365,tentative,1183,0.024639
1,125,12,Référence,365,suite,1183,0.109142
1,125,12,Référence,730,tentative,818,0.0109761
1,125,12,Référence,730,suite,818,0.269314
1,125,12,Piste 1,365,tentative,1183,0.0202899
1,125,12,Piste 1,365,suite,1183,0.107982
1,125,12,Piste 1,730,tentative,818,0.00671147
1,125,12,Piste 1,730,suite,818,0.218813
1,125,12,Piste 2,365,tentative,1183,0.0239844
1,125,12,Piste 2,365,suite,1183,0.156225
1,125,12,Piste 2,730,tentative,818,0.00830839
1,125,12,Piste 2,730,suite,818,0.368579
1,125,12,Piste 3a,365,tentative,1183,0.0225175
1,125,12,Piste 3a,365,suite,1183,0.108041
1,125,12,Piste 3a,730,tentative,818,0.008265
1,125,12,Piste 3a,730,suite,818,0.285053
1,125,12,Piste 3b,365,tentative,1183,0.0282436
1,125,12,Piste 3b,365,suite,1183,0.151155
1,125,12,Piste 3b,730,tentative,818,0.0131816
1,125,12,Piste 3b,730,suite,818,0.378733
1,125,12,Piste 3c,365,tentative,1183,0.0308902
1,125,12,Piste 3c,365,suite,1183,0.205285
1,125,12,Piste 3c,730,tentative,818,0.0178317
1,125,12,Piste 3c,730,suite,818,0.470469
1,126,12,Référence,365,tentative,1183,-0.000929062
1,126,12,Référence,365,suite,1183,0.0272297
1,126,12,Référence,730,tentative,818,-0.00173414
1,126,12,Référence,730,suite,818,0.0825256
1,126,12,Piste 1,365,tentative,1183,0.000454512
1,126,12,Piste 1,365,suite,1183,0.0183118
1,126,12,Piste 1,730,tentative,818,-0.000450334
1,126,12,Piste 1,730,suite,818,0.063724
1,126,12,Piste 2,365,tentative,1183,0.00402056
1,126,12,Piste 2,365,suite,1183,0.0513394
1,126,12,Piste 2,730,tentative,818,0.00345927
1,126,12,Piste 2,730,suite,818,0.104922
1,126,12,Piste 3a,365,tentative,1183,-0.00011021
1,126,12,Piste 3a,365,suite,1183,0.0125276
1,126,12,Piste 3a,730,tentative,818,-0.000622163
1,126,12,Piste 3a,730,suite,818,0.0439267
1,126,12,Piste 3b,365,tentative,1183,0.00195512
1,126,12,Piste 3b,365,suite,1183,0.034707
1,126,12,Piste 3b,730,tentative,818,0.00142523
1,126,12,Piste 3b,730,suite,818,0.097497
1,126,12,Piste 3c,365,tentative,1183,0.00430726
1,126,12,Piste 3c,365,suite,1183,0.0599882
1,126,12,Piste 3c,730,tentative,818,0.00475025
1,126,12,Piste 3c,730,suite,818,0.150091
1,127,12,Référence,365,tentative,1183,-0.00384302
1,127,12,Référence,365,suite,1183,-0.00584194
1,127,12,Référence,730,tentative,818,-0.00437056
1,127,12,Référence,730,suite,818,0.00337303
1,127,12,Piste 1,365,tentative,1183,-0.00417593
1,127,12,Piste 1,365,suite,1183,-0.00482436
1,127,12,Piste 1,730,tentative,818,-0.00479622
1,127,12,Piste 1,730,suite,818,-0.010235
1,127,12,Piste 2,365,tentative,1183,-0.000112503
1,127,12,Piste 2,365,suite,1183,8.89945e-05
1,127,12,Piste 2,730,tentative,818,0.00185117
1,127,12,Piste 2,730,suite,818,0.0130229
1,127,12,Piste 3a,365,tentative,1183,-0.00323878
1,127,12,Piste 3a,365,suite,1183,-0.000909836
1,127,12,Piste 3a,730,tentative,818,-0.00400395
1,127,12,Piste 3a,730,suite,818,0.0100554
1,127,12,Piste 3b,365,tentative,1183,0.00181048
1,127,12,Piste 3b,365,suite,1183,0.0125815
1,127,12,Piste 3b,730,tentative,818,0.00448244
1,127,12,Piste 3b,730,suite,818,0.0410438
1,127,12,Piste 3c,365,tentative,1183,0.010615
1,127,12,Piste 3c,365,suite,1183,0.0234495
1,127,12,Piste 3c,730,tentative,818,0.0173763
1,127,12,Piste 3c,730,suite,818,0.0533482
1,128,12,Référence,365,tentative,1183,0.0109103
1,128,12,Référence,365,suite,1183,0.0599726
1,128,12,Référence,730,tentative,818,0.0178612
1,128,12,Référence,730,suite,818,0.163414
1,128,12,Piste 1,365,tentative,1183,0.0131609
1,128,12,Piste 1,365,suite,1183,0.0700948
1,128,12,Piste 1,730,tentative,818,0.021095
1,128,12,Piste 1,730,suite,818,0.156663
1,128,12,Piste 2,365,tentative,1183,0.0155642
1,128,12,Piste 2,365,suite,1183,0.092903
1,128,12,Piste 2,730,tentative,818,0.0240918
1,128,12,Piste 2,730,suite,818,0.213643
1,128,12,Piste 3a,365,tentative,1183,0.0130783
1,128,12,Piste 3a,365,suite,1183,0.0569142
1,128,12,Piste 3a,730,tentative,818,0.0203738
1,128,12,Piste 3a,730,suite,818,0.122238
1,128,12,Piste 3b,365,tentative,1183,0.0204118
1,128,12,Piste 3b,365,suite,1183,0.0892726
1,128,12,Piste 3b,730,tentative,818,0.0296438
1,128,12,Piste 3b,730,suite,818,0.24246
1,128,12,Piste 3c,365,tentative,1183,0.0215361
1,128,12,Piste 3c,365,suite,1183,0.119229
1,128,12,Piste 3c,730,tentative,818,0.0310015
1,128,12,Piste 3c,730,suite,818,0.306879
1,129,11,Référence,365,tentative,1183,-0.00188939
1,129,11,Référence,365,suite,1183,-0.00382919
1,129,11,Référence,730,tentative,818,-0.000338405
1,129,11,Référence,730,suite,818,0.0327296
1,129,11,Piste 1,365,tentative,1183,-0.00174959
1,129,11,Piste 1,365,suite,1183,-0.00151396
1,129,11,Piste 1,730,tentative,818,-0.000130047
1,129,11,Piste 1,730,suite,818,0.0435097
1,129,11,Piste 2,365,tentative,1183,-0.000296131
1,129,11,Piste 2,365,suite,1183,0.0050876
1,129,11,Piste 2,730,tentative,818,0.00184632
1,129,11,Piste 2,730,suite,818,0.0702288
1,129,11,Piste 3a,365,tentative,1183,0.000319869
1,129,11,Piste 3a,365,suite,1183,0.000586272
1,129,11,Piste 3a,730,tentative,818,0.00185016
1,129,11,Piste 3a,730,suite,818,0.0396656
1,129,11,Piste 3b,365,tentative,1183,0.00132463
1,129,11,Piste 3b,365,suite,1183,0.00723347
1,129,11,Piste 3b,730,tentative,818,0.00413808
1,129,11,Piste 3b,730,suite,818,0.0931888
1,129,11,Piste 3c,365,tentative,1183,0.00155603
1,129,11,Piste 3c,365,suite,1183,-0.00612496
1,129,11,Piste 3c,730,tentative,818,0.00422565
1,129,11,Piste 3c,730,suite,818,0.0444681
1,130,10,Référence,365,tentative,1183,0.115967
1,130,10,Référence,365,suite,1183,0.120841
1,130,10,Référence,730,tentative,818,0.0692553
1,130,10,Référence,730,suite,818,0.3102
1,130,10,Piste 1,365,tentative,1183,0.0404507
1,130,10,Piste 1,365,suite,1183,0.0478308
1,130,10,Piste 1,730,tentative,818,0.0477083
1,130,10,Piste 1,730,suite,818,0.28163
1,130,10,Piste 2,365,tentative,1183,0.0190519
1,130,10,Piste 2,365,suite,1183,0.102457
1,130,10,Piste 2,730,tentative,818,0.0138462
1,130,10,Piste 2,730,suite,818,0.261938
1,130,10,Piste 3a,365,tentative,1183,0.103759
1,130,10,Piste 3a,365,suite,1183,0.126696
1,130,10,Piste 3a,730,tentative,818,0.0709063
1,130,10,Piste 3a,730,suite,818,0.380627
1,130,10,Piste 3b,365,tentative,1183,0.0866411
1,130,10,Piste 3b,365,suite,1183,0.155329
1,130,10,Piste 3b,730,tentative,818,0.0230522
1,130,10,Piste 3b,730,suite,818,0.39889
1,130,10,Piste 3c,365,tentative,1183,0.0724093
1,130,10,Piste 3c,365,suite,1183,0.176618
1,130,10,Piste 3c,730,tentative,818,0.018201
1,130,10,Piste 3c,730,suite,818,0.406253
1,131,12,Référence,365,tentative,1183,0.0248232
1,131,12,Référence,365,suite,1183,0.0838354
1,131,12,Référence,730,tentative,818,0.00656269
1,131,12,Référence,730,suite,818,0.170991
1,131,12,Piste 1,365,tentative,1183,0.0176485
1,131,12,Piste 1,365,suite,1183,0.0960067
1,131,12,Piste 1,730,tentative,818,0.00997846
1,131,12,Piste 1,730,suite,818,0.202951
1,131,12,Piste 2,365,tentative,1183,0.0122198
1,131,12,Piste 2,365,suite,1183,0.104779
1,131,12,Piste 2,730,tentative,818,0.0052192
1,131,12,Piste 2,730,suite,818,0.204731
1,131,12,Piste 3a,365,tentative,1183,0.0163892
1,131,12,Piste 3a,365,suite,1183,0.0815837
1,131,12,Piste 3a,730,tentative,818,0.0114976
1,131,12,Piste 3a,730,suite,818,0.170718
1,131,12,Piste 3b,365,tentative,1183,0.0130465
1,131,12,Piste 3b,365,suite,1183,0.0922052
1,131,12,Piste 3b,730,tentative,818,0.00892227
1,131,12,Piste 3b,730,suite,818,0.17632
1,131,12,Piste 3c,365,tentative,1183,0.0132282
1,131,12,Piste 3c,365,suite,1183,0.117487
1,131,12,Piste 3c,730,tentative,818,0.00611632
1,131,12,Piste 3c,730,suite,818,0.216928
1,132,11,Référence,365,tentative,1183,0.0749409
1,132,11,Référence,365,suite,1183,0.186847
1,132,11,Référence,730,tentative,818,0.0170748
1,132,11,Référence,730,suite,818,0.364587
1,132,11,Piste 1,365,tentative,1183,0.0603388
1,132,11,Piste 1,365,suite,1183,0.184278
1,132,11,Piste 1,730,tentative,818,0.0132804
1,132,11,Piste 1,730,suite,818,0.410769
1,132,11,Piste 2,365,tentative,1183,0.0483048
1,132,11,Piste 2,365,suite,1183,0.239038
1,132,11,Piste 2,730,tentative,818,0.0120025
1,132,11,Piste 2,730,suite,818,0.453799
1,132,11,Piste 3a,365,tentative,1183,0.0586056
1,132,11,Piste 3a,365,suite,1183,0.194029
1,132,11,Piste 3a,730,tentative,818,0.0208145
1,132,11,Piste 3a,730,suite,818,0.414407
1,132,11,Piste 3b,365,tentative,1183,0.049236
1,132,11,Piste 3b,365,suite,1183,0.243212
1,132,11,Piste 3b,730,tentative,818,0.0215216
1,132,11,Piste 3b,730,suite,818,0.493168
1,132,11,Piste 3c,365,tentative,1183,0.0345133
1,132,11,Piste 3c,365,suite,1183,0.230005
1,132,11,Piste 3c,730,tentative,818,0.0163177
1,132,11,Piste 3c,730,suite,818,0.444764
1,133,10,Référence,365,tentative,1183,0.0744196
1,133,10,Référence,365,suite,1183,0.228029
1,133,10,Référence,730,tentative,818,0.0748731
1,133,10,Référence,730,suite,818,0.533224
1,133,10,Piste 1,365,tentative,1183,0.0852128
1,133,10,Piste 1,365,suite,1183,0.26688
1,133,10,Piste 1,730,tentative,818,0.0895452
1,133,10,Piste 1,730,suite,818,0.634313
1,133,10,Piste 2,365,tentative,1183,0.0897018
1,133,10,Piste 2,365,suite,1183,0.28931
1,133,10,Piste 2,730,tentative,818,0.0928268
1,133,10,Piste 2,730,suite,818,0.695932
1,133,10,Piste 3a,365,tentative,1183,0.0776184
1,133,10,Piste 3a,365,suite,1183,0.243161
1,133,10,Piste 3a,730,tentative,818,0.0699116
1,133,10,Piste 3a,730,suite,818,0.535741
1,133,10,Piste 3b,365,tentative,1183,0.0835245
1,133,10,Piste 3b,365,suite,1183,0.257908
1,133,10,Piste 3b,730,tentative,818,0.0817152
1,133,10,Piste 3b,730,suite,818,0.612386
1,133,10,Piste 3c,365,tentative,1183,0.0782164
1,133,10,Piste 3c,365,suite,1183,0.283534
1,133,10,Piste 3c,730,tentative,818,0.0784623
1,133,10,Piste 3c,730,suite,818,0.66796
1,134,11,Référence,365,tentative,1183,0.00445854
1,134,11,Référence,365,suite,1183,0.0104773
1,134,11,Référence,730,tentative,818,0.000876571
1,134,11,Référence,730,suite,818,0.00833561
1,134,11,Piste 1,365,tentative,1183,0.00174278
1,134,11,Piste 1,365,suite,1183,0.0183376
1,134,11,Piste 1,730,tentative,818,0.00191517
1,134,11,Piste 1,730,suite,818,0.0227914
1,134,11,Piste 2,365,tentative,1183,0.0116545
1,134,11,Piste 2,365,suite,1183,0.0490821
1,134,11,Piste 2,730,tentative,818,0.00565515
1,134,11,Piste 2,730,suite,818,0.0827798
1,134,11,Piste 3a,365,tentative,1183,0.006179
1,134,11,Piste 3a,365,suite,1183,0.0354904
1,134,11,Piste 3a,730,tentative,818,0.000876571
1,134,11,Piste 3a,730,suite,818,0.0616412
1,134,11,Piste 3b,365,tentative,1183,0.0149813
1,134,11,Piste 3b,365,suite,1183,0.0671153
1,134,11,Piste 3b,730,tentative,818,0.00932559
1,134,11,Piste 3b,730,suite,818,0.101497
1,134,11,Piste 3c,365,tentative,1183,0.0141844
1,134,11,Piste 3c,365,suite,1183,0.0717255
1,134,11,Piste 3c,730,tentative,818,0.00870616
1,134,11,Piste 3c,730,suite,818,0.101585
1,135,10,Référence,365,tentative,1183,0.082142
1,135,10,Référence,365,suite,1183,0.149706
1,135,10,Référence,730,tentative,818,0.114212
1,135,10,Référence,730,suite,818,0.387445
1,135,10,Piste 1,365,tentative,1183,0.0921582
1,135,10,Piste 1,365,suite,1183,0.167316
1,135,10,Piste 1,730,tentative,818,0.129346
1,135,10,Piste 1,730,suite,818,0.424925
1,135,10,Piste 2,365,tentative,1183,0.0571258
1,135,10,Piste 2,365,suite,1183,0.182325
1,135,10,Piste 2,730,tentative,818,0.0781955
1,135,10,Piste 2,730,suite,818,0.456101
1,135,10,Piste 3a,365,tentative,1183,0.084491
1,135,10,Piste 3a,365,suite,1183,0.153563
1,135,10,Piste 3a,730,tentative,818,0.118714
1,135,10,Piste 3a,730,suite,818,0.392025
1,135,10,Piste 3b,365,tentative,1183,0.0533713
1,135,10,Piste 3b,365,suite,1183,0.171186
1,135,10,Piste 3b,730,tentative,818,0.0738069
1,135,10,Piste 3b,730,suite,818,0.43915
1,135,10,Piste 3c,365,tentative,1183,0.0289088
1,135,10,Piste 3c,365,suite,1183,0.181967
1,135,10,Piste 3c,730,tentative,818,0.0384162
1,135,10,Piste 3c,730,suite,818,0.457558
1,136,11,Référence,365,tentative,1183,0.125039
1,136,11,Référence,365,suite,1183,0.20002
1,136,11,Référence,730,tentative,818,0.183249
1,136,11,Référence,730,suite,818,0.572737
1,136,11,Piste 1,365,tentative,1183,0.0688783
1,136,11,Piste 1,365,suite,1183,0.178498
1,136,11,Piste 1,730,tentative,818,0.0986589
1,136,11,Piste 1,730,suite,818,0.492343
1,136,11,Piste 2,365,tentative,1183,0.0635816
1,136,11,Piste 2,365,suite,1183,0.211415
1,136,11,Piste 2,730,tentative,818,0.0906242
1,136,11,Piste 2,730,suite,818,0.553674
1,136,11,Piste 3a,365,tentative,1183,0.0797566
1,136,11,Piste 3a,365,suite,1183,0.18072
1,136,11,Piste 3a,730,tentative,818,0.115038
1,136,11,Piste 3a,730,suite,818,0.477458
1,136,11,Piste 3b,365,tentative,1183,0.0698801
1,136,11,Piste 3b,365,suite,1183,0.209988
1,136,11,Piste 3b,730,tentative,818,0.100419
1,136,11,Piste 3b,730,suite,818,0.547855
1,136,11,Piste 3c,365,tentative,1183,0.0687933
1,136,11,Piste 3c,365,suite,1183,0.223744
1,136,11,Piste 3c,730,tentative,818,0.0980558
1,136,11,Piste 3c,730,suite,818,0.586741
1,137,12,Référence,365,tentative,1183,0.0229027
1,137,12,Référence,365,suite,1183,0.0743525
1,137,12,Référence,730,tentative,818,0.0342968
1,137,12,Référence,730,suite,818,0.172372
1,137,12,Piste 1,365,tentative,1183,0.00833814
1,137,12,Piste 1,365,suite,1183,0.0562067
1,137,12,Piste 1,730,tentative,818,0.0136403
1,137,12,Piste 1,730,suite,818,0.074987
1,137,12,Piste 2,365,tentative,1183,0.020552
1,137,12,Piste 2,365,suite,1183,0.0934098
1,137,12,Piste 2,730,tentative,818,0.0303773
1,137,12,Piste 2,730,suite,818,0.14046
1,137,12,Piste 3a,365,tentative,1183,0.00937197
1,137,12,Piste 3a,365,suite,1183,0.0573288
1,137,12,Piste 3a,730,tentative,818,0.0152732
1,137,12,Piste 3a,730,suite,818,0.0631331
1,137,12,Piste 3b,365,tentative,1183,0.0214485
1,137,12,Piste 3b,365,suite,1183,0.120231
1,137,12,Piste 3b,730,tentative,818,0.0319809
1,137,12,Piste 3b,730,suite,818,0.266689
1,137,12,Piste 3c,365,tentative,1183,0.0224981
1,137,12,Piste 3c,365,suite,1183,0.1808
1,137,12,Piste 3c,730,tentative,818,0.0324701
1,137,12,Piste 3c,730,suite,818,0.31116
1,138,11,Référence,365,tentative,1183,0.0925968
1,138,11,Référence,365,suite,1183,0.0971664
1,138,11,Référence,730,tentative,818,0.0524476
1,138,11,Référence,730,suite,818,0.263252
1,138,11,Piste 1,365,tentative,1183,0.0492255
1,138,11,Piste 1,365,suite,1183,0.099324
1,138,11,Piste 1,730,tentative,818,-0.000574275
1,138,11,Piste 1,730,suite,818,0.29099
1,138,11,Piste 2,365,tentative,1183,0.0485364
1,138,11,Piste 2,365,suite,1183,0.112401
1,138,11,Piste 2,730,tentative,818,0.0094268
1,138,11,Piste 2,730,suite,818,0.257171
1,138,11,Piste 3a,365,tentative,1183,0.0494803
1,138,11,Piste 3a,365,suite,1183,0.100192
1,138,11,Piste 3a,730,tentative,818,-0.000511593
1,138,11,Piste 3a,730,suite,818,0.276777
1,138,11,Piste 3b,365,tentative,1183,0.0485122
1,138,11,Piste 3b,365,suite,1183,0.125646
1,138,11,Piste 3b,730,tentative,818,0.011421
1,138,11,Piste 3b,730,suite,818,0.284233
1,138,11,Piste 3c,365,tentative,1183,0.033977
1,138,11,Piste 3c,365,suite,1183,0.203294
1,138,11,Piste 3c,730,tentative,818,0.015467
1,138,11,Piste 3c,730,suite,818,0.652996
1,139,12,Référence,365,tentative,1183,0.0514332
1,139,12,Référence,365,suite,1183,0.169656
1,139,12,Référence,730,tentative,818,0.0021205
1,139,12,Référence,730,suite,818,0.292296
1,139,12,Piste 1,365,tentative,1183,0.0640638
1,139,12,Piste 1,365,suite,1183,0.197665
1,139,12,Piste 1,730,tentative,818,0.00473023
1,139,12,Piste 1,730,suite,818,0.369394
1,139,12,Piste 2,365,tentative,1183,0.0446984
1,139,12,Piste 2,365,suite,1183,0.213241
1,139,12,Piste 2,730,tentative,818,0.00105206
1,139,12,Piste 2,730,suite,818,0.358016
1,139,12,Piste 3a,365,tentative,1183,0.05789
1,139,12,Piste 3a,365,suite,1183,0.176204
1,139,12,Piste 3a,730,tentative,818,0.00465282
1,139,12,Piste 3a,730,suite,818,0.313027
1,139,12,Piste 3b,365,tentative,1183,0.0463367
1,139,12,Piste 3b,365,suite,1183,0.197223
1,139,12,Piste 3b,730,tentative,818,0.00418215
1,139,12,Piste 3b,730,suite,818,0.331615
1,139,12,Piste 3c,365,tentative,1183,0.0457542
1,139,12,Piste 3c,365,suite,1183,0.212534
1,139,12,Piste 3c,730,tentative,818,0.00530571
1,139,12,Piste 3c,730,suite,818,0.391128
1,140,12,Référence,365,tentative,1183,0.00140093
1,140,12,Référence,365,suite,1183,0.00641641
1,140,12,Référence,730,tentative,818,0.00443557
1,140,12,Référence,730,suite,818,0.0236958
1,140,12,Piste 1,365,tentative,1183,0.0028162
1,140,12,Piste 1,365,suite,1183,0.0115518
1,140,12,Piste 1,730,tentative,818,0.00648236
1,140,12,Piste 1,730,suite,818,0.0473133
1,140,12,Piste 2,365,tentative,1183,0.00425567
1,140,12,Piste 2,365,suite,1183,0.0201864
1,140,12,Piste 2,730,tentative,818,0.00851793
1,140,12,Piste 2,730,suite,818,0.0772864
1,140,12,Piste 3a,365,tentative,1183,0.00275387
1,140,12,Piste 3a,365,suite,1183,0.0115227
1,140,12,Piste 3a,730,tentative,818,0.00639221
1,140,12,Piste 3a,730,suite,818,0.0308681
1,140,12,Piste 3b,365,tentative,1183,0.00415844
1,140,12,Piste 3b,365,suite,1183,0.0167598
1,140,12,Piste 3b,730,tentative,818,0.0083744
1,140,12,Piste 3b,730,suite,818,0.0604292
1,140,12,Piste 3c,365,tentative,1183,0.00476142
1,140,12,Piste 3c,365,suite,1183,0.0164534
1,140,12,Piste 3c,730,tentative,818,0.00919614
1,140,12,Piste 3c,730,suite,818,0.0622218
1,141,9,Référence,365,tentative,1183,0.0512419
1,141,9,Référence,365,suite,1183,0.153749
1,141,9,Référence,730,tentative,818,0.0122827
1,141,9,Référence,730,suite,818,0.272625
1,141,9,Piste 1,365,tentative,1183,0.0602603
1,141,9,Piste 1,365,suite,1183,0.186124
1,141,9,Piste 1,730,tentative,818,0.0147933
1,141,9,Piste 1,730,suite,818,0.318589
1,141,9,Piste 2,365,tentative,1183,0.059402
1,141,9,Piste 2,365,suite,1183,0.224121
1,141,9,Piste 2,730,tentative,818,0.00918936
1,141,9,Piste 2,730,suite,818,0.404847
1,141,9,Piste 3a,365,tentative,1183,0.0575498
1,141,9,Piste 3a,365,suite,1183,0.164996
1,141,9,Piste 3a,730,tentative,818,0.0182363
1,141,9,Piste 3a,730,suite,818,0.286745
1,141,9,Piste 3b,365,tentative,1183,0.0547029
1,141,9,Piste 3b,365,suite,1183,0.188355
1,141,9,Piste 3b,730,tentative,818,0.0115115
1,141,9,Piste 3b,730,suite,818,0.335128
1,141,9,Piste 3c,365,tentative,1183,0.0438887
1,141,9,Piste 3c,365,suite,1183,0.227896
1,141,9,Piste 3c,730,tentative,818,0.00866
1,141,9,Piste 3c,730,suite,818,0.438653
1,142,12,Référence,365,tentative,1183,0.0330364
1,142,12,Référence,365,suite,1183,0.070805
1,142,12,Référence,730,tentative,818,0.0460853
1,142,12,Référence,730,suite,818,0.135676
1,142,12,Piste 1,365,tentative,1183,0.0278213
1,142,12,Piste 1,365,suite,1183,0.0743517
1,142,12,Piste 1,730,tentative,818,0.0369876
1,142,12,Piste 1,730,suite,818,0.13621
1,142,12,Piste 2,365,tentative,1183,0.0227021
1,142,12,Piste 2,365,suite,1183,0.0837049
1,142,12,Piste 2,730,tentative,818,0.0269039
1,142,12,Piste 2,730,suite,818,0.150248
1,142,12,Piste 3a,365,tentative,1183,0.0401575
1,142,12,Piste 3a,365,suite,1183,0.0857911
1,142,12,Piste 3a,730,tentative,818,0.0557475
1,142,12,Piste 3a,730,suite,818,0.166502
1,142,12,Piste 3b,365,tentative,1183,0.0306547
1,142,12,Piste 3b,365,suite,1183,0.0927332
1,142,12,Piste 3b,730,tentative,818,0.0394657
1,142,12,Piste 3b,730,suite,818,0.178834
1,142,12,Piste 3c,365,tentative,1183,0.0178073
1,142,12,Piste 3c,365,suite,1183,0.151093
1,142,12,Piste 3c,730,tentative,818,0.0216776
1,142,12,Piste 3c,730,suite,818,0.309247
1,143,11,Référence,365,tentative,1183,0.0735513
1,143,11,Référence,365,suite,1183,0.0785035
1,143,11,Référence,730,tentative,818,0.118496
1,143,11,Référence,730,suite,818,0.282118
1,143,11,Piste 1,365,tentative,1183,0.0608846
1,143,11,Piste 1,365,suite,1183,0.0801914
1,143,11,Piste 1,730,tentative,818,0.0841077
1,143,11,Piste 1,730,suite,818,0.27472
1,143,11,Piste 2,365,tentative,1183,0.0481789
1,143,11,Piste 2,365,suite,1183,0.0955497
1,143,11,Piste 2,730,tentative,818,0.0642505
1,143,11,Piste 2,730,suite,818,0.303908
1,143,11,Piste 3a,365,tentative,1183,0.0635353
1,143,11,Piste 3a,365,suite,1183,0.0842387
1,143,11,Piste 3a,730,tentative,818,0.100217
1,143,11,Piste 3a,730,suite,818,0.338124
1,143,11,Piste 3b,365,tentative,1183,0.0571541
1,143,11,Piste 3b,365,suite,1183,0.117644
1,143,11,Piste 3b,730,tentative,818,0.0862656
1,143,11,Piste 3b,730,suite,818,0.368496
1,143,11,Piste 3c,365,tentative,1183,0.0544175
1,143,11,Piste 3c,365,suite,1183,0.126847
1,143,11,Piste 3c,730,tentative,818,0.0827813
1,143,11,Piste 3c,730,suite,818,0.386307
1,144,10,Référence,365,tentative,1183,0.0878608
1,144,10,Référence,365,suite,1183,0.268084
1,144,10,Référence,730,tentative,818,0.090714
1,144,10,Référence,730,suite,818,0.530687
1,144,10,Piste 1,365,tentative,1183,0.0989264
1,144,10,Piste 1,365,suite,1183,0.307613
1,144,10,Piste 1,730,tentative,818,0.0978159
1,144,10,Piste 1,730,suite,818,0.595462
1,144,10,Piste 2,365,tentative,1183,0.10078
1,144,10,Piste 2,365,suite,1183,0.371419
1,144,10,Piste 2,730,tentative,818,0.10413
1,144,10,Piste 2,730,suite,818,0.699244
1,144,10,Piste 3a,365,tentative,1183,0.0714059
1,144,10,Piste 3a,365,suite,1183,0.271824
1,144,10,Piste 3a,730,tentative,818,0.0758715
1,144,10,Piste 3a,730,suite,818,0.542725
1,144,10,Piste 3b,365,tentative,1183,0.0709448
1,144,10,Piste 3b,365,suite,1183,0.312281
1,144,10,Piste 3b,730,tentative,818,0.0848167
1,144,10,Piste 3b,730,suite,818,0.589377
1,144,10,Piste 3c,365,tentative,1183,0.0708687
1,144,10,Piste 3c,365,suite,1183,0.329
1,144,10,Piste 3c,730,tentative,818,0.0948994
1,144,10,Piste 3c,730,suite,818,0.623182
1,145,12,Référence,365,tentative,1183,0.142294
1,145,12,Référence,365,suite,1183,0.254072
1,145,12,Référence,730,tentative,818,0.0712062
1,145,12,Référence,730,suite,818,0.529563
1,145,12,Piste 1,365,tentative,1183,0.158392
1,145,12,Piste 1,365,suite,1183,0.29303
1,145,12,Piste 1,730,tentative,818,0.0847289
1,145,12,Piste 1,730,suite,818,0.620448
1,145,12,Piste 2,365,tentative,1183,0.156757
1,145,12,Piste 2,365,suite,1183,0.329271
1,145,12,Piste 2,730,tentative,818,0.0857351
1,145,12,Piste 2,730,suite,818,0.660519
1,145,12,Piste 3a,365,tentative,1183,0.131192
1,145,12,Piste 3a,365,suite,1183,0.2596
1,145,12,Piste 3a,730,tentative,818,0.0956406
1,145,12,Piste 3a,730,suite,818,0.57411
1,145,12,Piste 3b,365,tentative,1183,0.129993
1,145,12,Piste 3b,365,suite,1183,0.291121
1,145,12,Piste 3b,730,tentative,818,0.098147
1,145,12,Piste 3b,730,suite,818,0.568293
1,145,12,Piste 3c,365,tentative,1183,0.128031
1,145,12,Piste 3c,365,suite,1183,0.327561
1,145,12,Piste 3c,730,tentative,818,0.0975037
1,145,12,Piste 3c,730,suite,818,0.656783
1,146,11,Référence,365,tentative,1183,0.160317
1,146,11,Référence,365,suite,1183,0.187106
1,146,11,Référence,730,tentative,818,0.246939
1,146,11,Référence,730,suite,818,0.327045
1,146,11,Piste 1,365,tentative,1183,0.169034
1,146,11,Piste 1,365,suite,1183,0.203533
1,146,11,Piste 1,730,tentative,818,0.248612
1,146,11,Piste 1,730,suite,818,0.360415
1,146,11,Piste 2,365,tentative,1183,0.090623
1,146,11,Piste 2,365,suite,1183,0.201078
1,146,11,Piste 2,730,tentative,818,0.112918
1,146,11,Piste 2,730,suite,818,0.336969
1,146,11,Piste 3a,365,tentative,1183,0.16745
1,146,11,Piste 3a,365,suite,1183,0.2036
1,146,11,Piste 3a,730,tentative,818,0.266524
1,146,11,Piste 3a,730,suite,818,0.368988
1,146,11,Piste 3b,365,tentative,1183,0.111008
1,146,11,Piste 3b,365,suite,1183,0.214057
1,146,11,Piste 3b,730,tentative,818,0.148142
1,146,11,Piste 3b,730,suite,818,0.378111
1,146,11,Piste 3c,365,tentative,1183,0.116536
1,146,11,Piste 3c,365,suite,1183,0.261115
1,146,11,Piste 3c,730,tentative,818,0.160396
1,146,11,Piste 3c,730,suite,818,0.468327
1,147,12,Référence,365,tentative,1183,0.0593994
1,147,12,Référence,365,suite,1183,0.132597
1,147,12,Référence,730,tentative,818,0.0491295
1,147,12,Référence,730,suite,818,0.261038
1,147,12,Piste 1,365,tentative,1183,0.0494289
1,147,12,Piste 1,365,suite,1183,0.135254
1,147,12,Piste 1,730,tentative,818,0.0372052
1,147,12,Piste 1,730,suite,818,0.269812
1,147,12,Piste 2,365,tentative,1183,0.0337021
1,147,12,Piste 2,365,suite,1183,0.153657
1,147,12,Piste 2,730,tentative,818,0.0260428
1,147,12,Piste 2,730,suite,818,0.32539
1,147,12,Piste 3a,365,tentative,1183,0.050375
1,147,12,Piste 3a,365,suite,1183,0.129545
1,147,12,Piste 3a,730,tentative,818,0.044384
1,147,12,Piste 3a,730,suite,818,0.285984
1,147,12,Piste 3b,365,tentative,1183,0.0389078
1,147,12,Piste 3b,365,suite,1183,0.149463
1,147,12,Piste 3b,730,tentative,818,0.037516
1,147,12,Piste 3b,730,suite,818,0.298334
1,147,12,Piste 3c,365,tentative,1183,0.034193
1,147,12,Piste 3c,365,suite,1183,0.157422
1,147,12,Piste 3c,730,tentative,818,0.0325145
1,147,12,Piste 3c,730,suite,818,0.330444
1,148,12,Référence,365,tentative,1183,0.0631689
1,148,12,Référence,365,suite,1183,0.167935
1,148,12,Référence,730,tentative,818,0.0738003
1,148,12,Référence,730,suite,818,0.456999
1,148,12,Piste 1,365,tentative,1183,0.0539409
1,148,12,Piste 1,365,suite,1183,0.182553
1,148,12,Piste 1,730,tentative,818,0.0562811
1,148,12,Piste 1,730,suite,818,0.518682
1,148,12,Piste 2,365,tentative,1183,0.0415987
1,148,12,Piste 2,365,suite,1183,0.209005
1,148,12,Piste 2,730,tentative,818,0.0357547
1,148,12,Piste 2,730,suite,818,0.510133
1,148,12,Piste 3a,365,tentative,1183,0.051921
1,148,12,Piste 3a,365,suite,1183,0.166422
1,148,12,Piste 3a,730,tentative,818,0.0566432
1,148,12,Piste 3a,730,suite,818,0.456034
1,148,12,Piste 3b,365,tentative,1183,0.0469392
1,148,12,Piste 3b,365,suite,1183,0.192068
1,148,12,Piste 3b,730,tentative,818,0.0460813
1,148,12,Piste 3b,730,suite,818,0.476392
1,148,12,Piste 3c,365,tentative,1183,0.0523052
1,148,12,Piste 3c,365,suite,1183,0.231093
1,148,12,Piste 3c,730,tentative,818,0.0503676
1,148,12,Piste 3c,730,suite,818,0.550566
1,149,11,Référence,365,tentative,1183,0.0346339
1,149,11,Référence,365,suite,1183,0.0748718
1,149,11,Référence,730,tentative,818,0.0477705
1,149,11,Référence,730,suite,818,0.233284
1,149,11,Piste 1,365,tentative,1183,0.0172596
1,149,11,Piste 1,365,suite,1183,0.0561959
1,149,11,Piste 1,730,tentative,818,0.0249986
1,149,11,Piste 1,730,suite,818,0.155517
1,149,11,Piste 2,365,tentative,1183,0.0254569
1,149,11,Piste 2,365,suite,1183,0.0930478
1,149,11,Piste 2,730,tentative,818,0.0344211
1,149,11,Piste 2,730,suite,818,0.289892
1,149,11,Piste 3a,365,tentative,1183,0.0285141
1,149,11,Piste 3a,365,suite,1183,0.0778675
1,149,11,Piste 3a,730,tentative,818,0.0389676
1,149,11,Piste 3a,730,suite,818,0.216799
1,149,11,Piste 3b,365,tentative,1183,0.0291133
1,149,11,Piste 3b,365,suite,1183,0.0983541
1,149,11,Piste 3b,730,tentative,818,0.0359332
1,149,11,Piste 3b,730,suite,818,0.284123
1,149,11,Piste 3c,365,tentative,1183,0.0308031
1,149,11,Piste 3c,365,suite,1183,0.141366
1,149,11,Piste 3c,730,tentative,818,0.0390292
1,149,11,Piste 3c,730,suite,818,0.385517
1,150,10,Référence,365,tentative,1183,0.0068813
1,150,10,Référence,365,suite,1183,0.0335141
1,150,10,Référence,730,tentative,818,0.0115526
1,150,10,Référence,730,suite,818,0.0442572
1,150,10,Piste 1,365,tentative,1183,0.00606255
1,150,10,Piste 1,365,suite,1183,0.0408591
1,150,10,Piste 1,730,tentative,818,0.00948731
1,150,10,Piste 1,730,suite,818,0.0482245
1,150,10,Piste 2,365,tentative,1183,0.00181854
1,150,10,Piste 2,365,suite,1183,0.0518974
1,150,10,Piste 2,730,tentative,818,0.00475485
1,150,10,Piste 2,730,suite,818,0.0632648
1,150,10,Piste 3a,365,tentative,1183,0.00527957
1,150,10,Piste 3a,365,suite,1183,0.0323408
1,150,10,Piste 3a,730,tentative,818,0.00854138
1,150,10,Piste 3a,730,suite,818,0.0358908
1,150,10,Piste 3b,365,tentative,1183,0.00211526
1,150,10,Piste 3b,365,suite,1183,0.0457638
1,150,10,Piste 3b,730,tentative,818,0.00490681
1,150,10,Piste 3b,730,suite,818,0.0567054
1,150,10,Piste 3c,365,tentative,1183,0.0028074
1,150,10,Piste 3c,365,suite,1183,0.051332
1,150,10,Piste 3c,730,tentative,818,0.00543782
1,150,10,Piste 3c,730,suite,818,0.0518569
1,151,11,Référence,365,tentative,1183,0.127994
1,151,11,Référence,365,suite,1183,0.203836
1,151,11,Référence,730,tentative,818,0.184134
1,151,11,Référence,730,suite,818,0.410355
1,151,11,Piste 1,365,tentative,1183,0.118722
1,151,11,Piste 1,365,suite,1183,0.221069
1,151,11,Piste 1,730,tentative,818,0.170259
1,151,11,Piste 1,730,suite,818,0.455809
1,151,11,Piste 2,365,tentative,1183,0.0794956
1,151,11,Piste 2,365,suite,1183,0.22006
1,151,11,Piste 2,730,tentative,818,0.117377
1,151,11,Piste 2,730,suite,818,0.464789
1,151,11,Piste 3a,365,tentative,1183,0.0454089
1,151,11,Piste 3a,365,suite,1183,0.123452
1,151,11,Piste 3a,730,tentative,818,0.0639274
1,151,11,Piste 3a,730,suite,818,0.227571
1,151,11,Piste 3b,365,tentative,1183,0.0361497
1,151,11,Piste 3b,365,suite,1183,0.140184
1,151,11,Piste 3b,730,tentative,818,0.0546896
1,151,11,Piste 3b,730,suite,818,0.260506
1,151,11,Piste 3c,365,tentative,1183,0.0432393
1,151,11,Piste 3c,365,suite,1183,0.193097
1,151,11,Piste 3c,730,tentative,818,0.0649426
1,151,11,Piste 3c,730,suite,818,0.39679
1,152,12,Référence,365,tentative,1183,0.00810693
1,152,12,Référence,365,suite,1183,0.0390326
1,152,12,Référence,730,tentative,818,0.00856438
1,152,12,Référence,730,suite,818,0.113003
1,152,12,Piste 1,365,tentative,1183,0.00868936
1,152,12,Piste 1,365,suite,1183,0.0456176
1,152,12,Piste 1,730,tentative,818,0.0086908
1,152,12,Piste 1,730,suite,818,0.128361
1,152,12,Piste 2,365,tentative,1183,0.0104493
1,152,12,Piste 2,365,suite,1183,0.0555219
1,152,12,Piste 2,730,tentative,818,0.00849022
1,152,12,Piste 2,730,suite,818,0.123306
1,152,12,Piste 3a,365,tentative,1183,0.00976933
1,152,12,Piste 3a,365,suite,1183,0.0515343
1,152,12,Piste 3a,730,tentative,818,0.00848228
1,152,12,Piste 3a,730,suite,818,0.1304
1,152,12,Piste 3b,365,tentative,1183,0.0119024
1,152,12,Piste 3b,365,suite,1183,0.0583219
1,152,12,Piste 3b,730,tentative,818,0.0082401
1,152,12,Piste 3b,730,suite,818,0.125975
1,152,12,Piste 3c,365,tentative,1183,0.00510268
1,152,12,Piste 3c,365,suite,1183,0.108635
1,152,12,Piste 3c,730,tentative,818,0.00313615
1,152,12,Piste 3c,730,suite,818,0.265088
1,153,10,Référence,365,tentative,1183,0.108914
1,153,10,Référence,365,suite,1183,0.176455
1,153,10,Référence,730,tentative,818,0.160354
1,153,10,Référence,730,suite,818,0.531883
1,153,10,Piste 1,365,tentative,1183,0.0789116
1,153,10,Piste 1,365,suite,1183,0.184932
1,153,10,Piste 1,730,tentative,818,0.0996095
1,153,10,Piste 1,730,suite,818,0.525333
1,153,10,Piste 2,365,tentative,1183,0.0644048
1,153,10,Piste 2,365,suite,1183,0.22984
1,153,10,Piste 2,730,tentative,818,0.0708851
1,153,10,Piste 2,730,suite,818,0.669701
1,153,10,Piste 3a,365,tentative,1183,0.0639003
1,153,10,Piste 3a,365,suite,1183,0.144973
1,153,10,Piste 3a,730,tentative,818,0.080527
1,153,10,Piste 3a,730,suite,818,0.397774
1,153,10,Piste 3b,365,tentative,1183,0.0551745
1,153,10,Piste 3b,365,suite,1183,0.195036
1,153,10,Piste 3b,730,tentative,818,0.0619073
1,153,10,Piste 3b,730,suite,818,0.567555
1,153,10,Piste 3c,365,tentative,1183,0.0453133
1,153,10,Piste 3c,365,suite,1183,0.227627
1,153,10,Piste 3c,730,tentative,818,0.0446198
1,153,10,Piste 3c,730,suite,818,0.639106
1,154,11,Référence,365,tentative,1183,0.00968418
1,154,11,Référence,365,suite,1183,0.0258477
1,154,11,Référence,730,tentative,818,0.00880696
1,154,11,Référence,730,suite,818,0.052704
1,154,11,Piste 1,365,tentative,1183,0.0102513
1,154,11,Piste 1,365,suite,1183,0.0233095
1,154,11,Piste 1,730,tentative,818,0.0100201
1,154,11,Piste 1,730,suite,818,0.0655236
1,154,11,Piste 2,365,tentative,1183,0.0172908
1,154,11,Piste 2,365,suite,1183,0.0855594
1,154,11,Piste 2,730,tentative,818,0.0174368
1,154,11,Piste 2,730,suite,818,0.224573
1,154,11,Piste 3a,365,tentative,1183,0.0155452
1,154,11,Piste 3a,365,suite,1183,0.0415949
1,154,11,Piste 3a,730,tentative,818,0.0131893
1,154,11,Piste 3a,730,suite,818,0.101011
1,154,11,Piste 3b,365,tentative,1183,0.0235411
1,154,11,Piste 3b,365,suite,1183,0.0923894
1,154,11,Piste 3b,730,tentative,818,0.0207647
1,154,11,Piste 3b,730,suite,818,0.219931
1,154,11,Piste 3c,365,tentative,1183,0.0189091
1,154,11,Piste 3c,365,suite,1183,0.102279
1,154,11,Piste 3c,730,tentative,818,0.010554
1,154,11,Piste 3c,730,suite,818,0.230229
1,155,11,Référence,365,tentative,1183,0.128511
1,155,11,Référence,365,suite,1183,0.156549
1,155,11,Référence,730,tentative,818,0.197498
1,155,11,Référence,730,suite,818,0.286097
1,155,11,Piste 1,365,tentative,1183,0.0616063
1,155,11,Piste 1,365,suite,1183,0.0927432
1,155,11,Piste 1,730,tentative,818,0.0906415
1,155,11,Piste 1,730,suite,818,0.181723
1,155,11,Piste 2,365,tentative,1183,0.074176
1,155,11,Piste 2,365,suite,1183,0.195628
1,155,11,Piste 2,730,tentative,818,0.107443
1,155,11,Piste 2,730,suite,818,0.387408
1,155,11,Piste 3a,365,tentative,1183,0.0582435
1,155,11,Piste 3a,365,suite,1183,0.110038
1,155,11,Piste 3a,730,tentative,818,0.0843307
1,155,11,Piste 3a,730,suite,818,0.235299
1,155,11,Piste 3b,365,tentative,1183,0.0714995
1,155,11,Piste 3b,365,suite,1183,0.190089
1,155,11,Piste 3b,730,tentative,818,0.102782
1,155,11,Piste 3b,730,suite,818,0.373772
1,155,11,Piste 3c,365,tentative,1183,0.0476645
1,155,11,Piste 3c,365,suite,1183,0.173163
1,155,11,Piste 3c,730,tentative,818,0.0690849
1,155,11,Piste 3c,730,suite,818,0.347557
1,156,12,Référence,365,tentative,1183,0.0467232
1,156,12,Référence,365,suite,1183,0.0922441
1,156,12,Référence,730,tentative,818,0.0707525
1,156,12,Référence,730,suite,818,0.149221
1,156,12,Piste 1,365,tentative,1183,0.0560964
1,156,12,Piste 1,365,suite,1183,0.1141
1,156,12,Piste 1,730,tentative,818,0.0820495
1,156,12,Piste 1,730,suite,818,0.173978
1,156,12,Piste 2,365,tentative,1183,0.0462666
1,156,12,Piste 2,365,suite,1183,0.14248
1,156,12,Piste 2,730,tentative,818,0.0683249
1,156,12,Piste 2,730,suite,818,0.243381
1,156,12,Piste 3a,365,tentative,1183,0.0472531
1,156,12,Piste 3a,365,suite,1183,0.093247
1,156,12,Piste 3a,730,tentative,818,0.0694355
1,156,12,Piste 3a,730,suite,818,0.144548
1,156,12,Piste 3b,365,tentative,1183,0.0378241
1,156,12,Piste 3b,365,suite,1183,0.117344
1,156,12,Piste 3b,730,tentative,818,0.0562361
1,156,12,Piste 3b,730,suite,818,0.206457
1,156,12,Piste 3c,365,tentative,1183,0.0354497
1,156,12,Piste 3c,365,suite,1183,0.131411
1,156,12,Piste 3c,730,tentative,818,0.0527458
1,156,12,Piste 3c,730,suite,818,0.260564
1,157,11,Référence,365,tentative,1183,0.00994515
1,157,11,Référence,365,suite,1183,0.0162822
1,157,11,Référence,730,tentative,818,-0.00270569
1,157,11,Référence,730,suite,818,0.0211019
1,157,11,Piste 1,365,tentative,1183,0.0128891
1,157,11,Piste 1,365,suite,1183,0.0250875
1,157,11,Piste 1,730,tentative,818,-0.00176682
1,157,11,Piste 1,730,suite,818,0.0374955
1,157,11,Piste 2,365,tentative,1183,0.0161214
1,157,11,Piste 2,365,suite,1183,0.0390016
1,157,11,Piste 2,730,tentative,818,-0.00122261
1,157,11,Piste 2,730,suite,818,0.0741258
1,157,11,Piste 3a,365,tentative,1183,0.0101012
1,157,11,Piste 3a,365,suite,1183,0.0187135
1,157,11,Piste 3a,730,tentative,818,-0.00275331
1,157,11,Piste 3a,730,suite,818,0.0244848
1,157,11,Piste 3b,365,tentative,1183,0.0127098
1,157,11,Piste 3b,365,suite,1183,0.0268008
1,157,11,Piste 3b,730,tentative,818,-0.00235057
1,157,11,Piste 3b,730,suite,818,0.0489294
1,157,11,Piste 3c,365,tentative,1183,0.0155081
1,157,11,Piste 3c,365,suite,1183,0.0456786
1,157,11,Piste 3c,730,tentative,818,-0.00417754
1,157,11,Piste 3c,730,suite,818,0.0865822
1,158,10,Référence,365,tentative,1183,0.0101653
1,158,10,Référence,365,suite,1183,0.0183135
1,158,10,Référence,730,tentative,818,0.0135242
1,158,10,Référence,730,suite,818,0.0340234
1,158,10,Piste 1,365,tentative,1183,0.0058998
1,158,10,Piste 1,365,suite,1183,0.00376537
1,158,10,Piste 1,730,tentative,818,0.0109419
1,158,10,Piste 1,730,suite,818,0.01234
1,158,10,Piste 2,365,tentative,1183,0.00727665
1,158,10,Piste 2,365,suite,1183,0.0303958
1,158,10,Piste 2,730,tentative,818,0.0128057
1,158,10,Piste 2,730,suite,818,0.059756
1,158,10,Piste 3a,365,tentative,1183,0.00754507
1,158,10,Piste 3a,365,suite,1183,0.00894921
1,158,10,Piste 3a,730,tentative,818,0.0102116
1,158,10,Piste 3a,730,suite,818,0.0304465
1,158,10,Piste 3b,365,tentative,1183,0.00753927
1,158,10,Piste 3b,365,suite,1183,0.038207
1,158,10,Piste 3b,730,tentative,818,0.0130535
1,158,10,Piste 3b,730,suite,818,0.0661494
1,158,10,Piste 3c,365,tentative,1183,0.00648979
1,158,10,Piste 3c,365,suite,1183,0.0341946
1,158,10,Piste 3c,730,tentative,818,0.0109773
1,158,10,Piste 3c,730,suite,818,0.0479752
1,159,12,Référence,365,tentative,1183,0.0285575
1,159,12,Référence,365,suite,1183,0.0566275
1,159,12,Référence,730,tentative,818,-0.00471073
1,159,12,Référence,730,suite,818,0.13945
1,159,12,Piste 1,365,tentative,1183,0.0135416
1,159,12,Piste 1,365,suite,1183,0.0660095
1,159,12,Piste 1,730,tentative,818,-0.00452595
1,159,12,Piste 1,730,suite,818,0.155417
1,159,12,Piste 2,365,tentative,1183,0.0241886
1,159,12,Piste 2,365,suite,1183,0.0753579
1,159,12,Piste 2,730,tentative,818,-0.0042729
1,159,12,Piste 2,730,suite,818,0.121384
1,159,12,Piste 3a,365,tentative,1183,0.0115031
1,159,12,Piste 3a,365,suite,1183,0.0565525
1,159,12,Piste 3a,730,tentative,818,-0.00453611
1,159,12,Piste 3a,730,suite,818,0.132539
1,159,12,Piste 3b,365,tentative,1183,0.019362
1,159,12,Piste 3b,365,suite,1183,0.069611
1,159,12,Piste 3b,730,tentative,818,-0.00431282
1,159,12,Piste 3b,730,suite,818,0.126929
1,159,12,Piste 3c,365,tentative,1183,0.0134673
1,159,12,Piste 3c,365,suite,1183,0.0945147
1,159,12,Piste 3c,730,tentative,818,-0.00346274
1,159,12,Piste 3c,730,suite,818,0.186678
1,160,12,Référence,365,tentative,1183,0.0523456
1,160,12,Référence,365,suite,1183,0.104503
1,160,12,Référence,730,tentative,818,0.0781008
1,160,12,Référence,730,suite,818,0.140638
1,160,12,Piste 1,365,tentative,1183,0.054966
1,160,12,Piste 1,365,suite,1183,0.121147
1,160,12,Piste 1,730,tentative,818,0.0818904
1,160,12,Piste 1,730,suite,818,0.158785
1,160,12,Piste 2,365,tentative,1183,0.0567247
1,160,12,Piste 2,365,suite,1183,0.135915
1,160,12,Piste 2,730,tentative,818,0.0840462
1,160,12,Piste 2,730,suite,818,0.204109
1,160,12,Piste 3a,365,tentative,1183,0.0443368
1,160,12,Piste 3a,365,suite,1183,0.102832
1,160,12,Piste 3a,730,tentative,818,0.0665184
1,160,12,Piste 3a,730,suite,818,0.137702
1,160,12,Piste 3b,365,tentative,1183,0.0308947
1,160,12,Piste 3b,365,suite,1183,0.117068
1,160,12,Piste 3b,730,tentative,818,0.0467127
1,160,12,Piste 3b,730,suite,818,0.18437
1,160,12,Piste 3c,365,tentative,1183,0.0273623
1,160,12,Piste 3c,365,suite,1183,0.0901935
1,160,12,Piste 3c,730,tentative,818,0.041187
1,160,12,Piste 3c,730,suite,818,0.115848
1,161,11,Référence,365,tentative,1183,0.0600665
1,161,11,Référence,365,suite,1183,0.182215
1,161,11,Référence,730,tentative,818,0.0799242
1,161,11,Référence,730,suite,818,0.36729
1,161,11,Piste 1,365,tentative,1183,0.0649209
1,161,11,Piste 1,365,suite,1183,0.18833
1,161,11,Piste 1,730,tentative,818,0.0862822
1,161,11,Piste 1,730,suite,818,0.346057
1,161,11,Piste 2,365,tentative,1183,0.0393612
1,161,11,Piste 2,365,suite,1183,0.203882
1,161,11,Piste 2,730,tentative,818,0.0481283
1,161,11,Piste 2,730,suite,818,0.385051
1,161,11,Piste 3a,365,tentative,1183,0.0623188
1,161,11,Piste 3a,365,suite,1183,0.177317
1,161,11,Piste 3a,730,tentative,818,0.0821199
1,161,11,Piste 3a,730,suite,818,0.341129
1,161,11,Piste 3b,365,tentative,1183,0.0369887
1,161,11,Piste 3b,365,suite,1183,0.186488
1,161,11,Piste 3b,730,tentative,818,0.0450409
1,161,11,Piste 3b,730,suite,818,0.359711
1,161,11,Piste 3c,365,tentative,1183,0.0335149
1,161,11,Piste 3c,365,suite,1183,0.210225
1,161,11,Piste 3c,730,tentative,818,0.0409826
1,161,11,Piste 3c,730,suite,818,0.417547
1,162,12,Référence,365,tentative,1183,0.031425
1,162,12,Référence,365,suite,1183,0.0857755
1,162,12,Référence,730,tentative,818,0.0358321
1,162,12,Référence,730,suite,818,0.258775
1,162,12,Piste 1,365,tentative,1183,0.0369258
1,162,12,Piste 1,365,suite,1183,0.101265
1,162,12,Piste 1,730,tentative,818,0.0404366
1,162,12,Piste 1,730,suite,818,0.260658
1,162,12,Piste 2,365,tentative,1183,0.028792
1,162,12,Piste 2,365,suite,1183,0.120485
1,162,12,Piste 2,730,tentative,818,0.0278208
1,162,12,Piste 2,730,suite,818,0.325209
1,162,12,Piste 3a,365,tentative,1183,0.0398643
1,162,12,Piste 3a,365,suite,1183,0.0939272
1,162,12,Piste 3a,730,tentative,818,0.0389672
1,162,12,Piste 3a,730,suite,818,0.224805
1,162,12,Piste 3b,365,tentative,1183,0.0341532
1,162,12,Piste 3b,365,suite,1183,0.116133
1,162,12,Piste 3b,730,tentative,818,0.026756
1,162,12,Piste 3b,730,suite,818,0.31233
1,162,12,Piste 3c,365,tentative,1183,0.0285299
1,162,12,Piste 3c,365,suite,1183,0.133814
1,162,12,Piste 3c,730,tentative,818,0.0175948
1,162,12,Piste 3c,730,suite,818,0.30782
1,163,12,Référence,365,tentative,1183,0.0502271
1,163,12,Référence,365,suite,1183,0.0733023
1,163,12,Référence,730,tentative,818,0.0671827
1,163,12,Référence,730,suite,818,0.116798
1,163,12,Piste 1,365,tentative,1183,0.0492675
1,163,12,Piste 1,365,suite,1183,0.088562
1,163,12,Piste 1,730,tentative,818,0.0638075
1,163,12,Piste 1,730,suite,818,0.143407
1,163,12,Piste 2,365,tentative,1183,0.066583
1,163,12,Piste 2,365,suite,1183,0.14486
1,163,12,Piste 2,730,tentative,818,0.0909467
1,163,12,Piste 2,730,suite,818,0.213955
1,163,12,Piste 3a,365,tentative,1183,0.0436629
1,163,12,Piste 3a,365,suite,1183,0.0914616
1,163,12,Piste 3a,730,tentative,818,0.0551328
1,163,12,Piste 3a,730,suite,818,0.201874
1,163,12,Piste 3b,365,tentative,1183,0.0608578
1,163,12,Piste 3b,365,suite,1183,0.12791
1,163,12,Piste 3b,730,tentative,818,0.07677
1,163,12,Piste 3b,730,suite,818,0.190888
1,163,12,Piste 3c,365,tentative,1183,0.05534
1,163,12,Piste 3c,365,suite,1183,0.149287
1,163,12,Piste 3c,730,tentative,818,0.0700991
1,163,12,Piste 3c,730,suite,818,0.239389
1,164,10,Référence,365,tentative,1183,0.0417053
1,164,10,Référence,365,suite,1183,0.129597
1,164,10,Référence,730,tentative,818,0.059517
1,164,10,Référence,730,suite,818,0.382815
1,164,10,Piste 1,365,tentative,1183,0.04772
1,164,10,Piste 1,365,suite,1183,0.121905
1,164,10,Piste 1,730,tentative,818,0.068034
1,164,10,Piste 1,730,suite,818,0.281613
1,164,10,Piste 2,365,tentative,1183,0.0423522
1,164,10,Piste 2,365,suite,1183,0.142715
1,164,10,Piste 2,730,tentative,818,0.0598774
1,164,10,Piste 2,730,suite,818,0.329902
1,164,10,Piste 3a,365,tentative,1183,0.0415858
1,164,10,Piste 3a,365,suite,1183,0.103978
1,164,10,Piste 3a,730,tentative,818,0.0594922
1,164,10,Piste 3a,730,suite,818,0.23783
1,164,10,Piste 3b,365,tentative,1183,0.0372168
1,164,10,Piste 3b,365,suite,1183,0.133363
1,164,10,Piste 3b,730,tentative,818,0.0526593
1,164,10,Piste 3b,730,suite,818,0.389025
1,164,10,Piste 3c,365,tentative,1183,0.0395
1,164,10,Piste 3c,365,suite,1183,0.233478
1,164,10,Piste 3c,730,tentative,818,0.0552132
1,164,10,Piste 3c,730,suite,818,0.650214
1,165,11,Référence,365,tentative,1183,0.0604362
1,165,11,Référence,365,suite,1183,0.150073
1,165,11,Référence,730,tentative,818,0.0524068
1,165,11,Référence,730,suite,818,0.303794
1,165,11,Piste 1,365,tentative,1183,0.0357945
1,165,11,Piste 1,365,suite,1183,0.144315
1,165,11,Piste 1,730,tentative,818,0.0364955
1,165,11,Piste 1,730,suite,818,0.322951
1,165,11,Piste 2,365,tentative,1183,0.0264019
1,165,11,Piste 2,365,suite,1183,0.160749
1,165,11,Piste 2,730,tentative,818,0.0262857
1,165,11,Piste 2,730,suite,818,0.345078
1,165,11,Piste 3a,365,tentative,1183,0.0486749
1,165,11,Piste 3a,365,suite,1183,0.148831
1,165,11,Piste 3a,730,tentative,818,0.0396754
1,165,11,Piste 3a,730,suite,818,0.311663
1,165,11,Piste 3b,365,tentative,1183,0.0379013
1,165,11,Piste 3b,365,suite,1183,0.163304
1,165,11,Piste 3b,730,tentative,818,0.0240024
1,165,11,Piste 3b,730,suite,818,0.343282
1,165,11,Piste 3c,365,tentative,1183,0.0255967
1,165,11,Piste 3c,365,suite,1183,0.237277
1,165,11,Piste 3c,730,tentative,818,0.0131627
1,165,11,Piste 3c,730,suite,818,0.587079
1,166,11,Référence,365,tentative,1183,0.0270218
1,166,11,Référence,365,suite,1183,0.0336474
1,166,11,Référence,730,tentative,818,0.0309022
1,166,11,Référence,730,suite,818,0.0567214
1,166,11,Piste 1,365,tentative,1183,0.0291145
1,166,11,Piste 1,365,suite,1183,0.0379457
1,166,11,Piste 1,730,tentative,818,0.0328148
1,166,11,Piste 1,730,suite,818,0.0620602
1,166,11,Piste 2,365,tentative,1183,0.0228416
1,166,11,Piste 2,365,suite,1183,0.0740706
1,166,11,Piste 2,730,tentative,818,0.0328044
1,166,11,Piste 2,730,suite,818,0.13801
1,166,11,Piste 3a,365,tentative,1183,0.0319561
1,166,11,Piste 3a,365,suite,1183,0.0401781
1,166,11,Piste 3a,730,tentative,818,0.0384606
1,166,11,Piste 3a,730,suite,818,0.0737912
1,166,11,Piste 3b,365,tentative,1183,0.0303632
1,166,11,Piste 3b,365,suite,1183,0.0749126
1,166,11,Piste 3b,730,tentative,818,0.0440308
1,166,11,Piste 3b,730,suite,818,0.138504
1,166,11,Piste 3c,365,tentative,1183,0.0429195
1,166,11,Piste 3c,365,suite,1183,0.101966
1,166,11,Piste 3c,730,tentative,818,0.0613575
1,166,11,Piste 3c,730,suite,818,0.199994
1,167,10,Référence,365,tentative,1183,0.000383322
1,167,10,Référence,365,suite,1183,0.0214859
1,167,10,Référence,730,tentative,818,0.00237133
1,167,10,Référence,730,suite,818,0.0250171
1,167,10,Piste 1,365,tentative,1183,-0.000457778
1,167,10,Piste 1,365,suite,1183,0.0106761
1,167,10,Piste 1,730,tentative,818,0.0010902
1,167,10,Piste 1,730,suite,818,0.00455013
1,167,10,Piste 2,365,tentative,1183,2.74353e-05
1,167,10,Piste 2,365,suite,1183,0.0147212
1,167,10,Piste 2,730,tentative,818,0.00235008
1,167,10,Piste 2,730,suite,818,0.0150784
1,167,10,Piste 3a,365,tentative,1183,0.00116712
1,167,10,Piste 3a,365,suite,1183,0.0149513
1,167,10,Piste 3a,730,tentative,818,0.00131107
1,167,10,Piste 3a,730,suite,818,0.0163073
1,167,10,Piste 3b,365,tentative,1183,0.000291675
1,167,10,Piste 3b,365,suite,1183,0.0197163
1,167,10,Piste 3b,730,tentative,818,0.00276757
1,167,10,Piste 3b,730,suite,818,0.0278048
1,167,10,Piste 3c,365,tentative,1183,0.00140266
1,167,10,Piste 3c,365,suite,1183,0.0361484
1,167,10,Piste 3c,730,tentative,818,0.00432339
1,167,10,Piste 3c,730,suite,818,0.0697511
1,168,12,Référence,365,tentative,1183,0.133591
1,168,12,Référence,365,suite,1183,0.249734
1,168,12,Référence,730,tentative,818,0.123632
1,168,12,Référence,730,suite,818,0.56793
1,168,12,Piste 1,365,tentative,1183,0.140751
1,168,12,Piste 1,365,suite,1183,0.274682
1,168,12,Piste 1,730,tentative,818,0.130318
1,168,12,Piste 1,730,suite,818,0.642004
1,168,12,Piste 2,365,tentative,1183,0.145228
1,168,12,Piste 2,365,suite,1183,0.301631
1,168,12,Piste 2,730,tentative,818,0.119674
1,168,12,Piste 2,730,suite,818,0.664628
1,168,12,Piste 3a,365,tentative,1183,0.145839
1,168,12,Piste 3a,365,suite,1183,0.268529
1,168,12,Piste 3a,730,tentative,818,0.114123
1,168,12,Piste 3a,730,suite,818,0.599004
1,168,12,Piste 3b,365,tentative,1183,0.139667
1,168,12,Piste 3b,365,suite,1183,0.292536
1,168,12,Piste 3b,730,tentative,818,0.115752
1,168,12,Piste 3b,730,suite,818,0.639431
1,168,12,Piste 3c,365,tentative,1183,0.122979
1,168,12,Piste 3c,365,suite,1183,0.315694
1,168,12,Piste 3c,730,tentative,818,0.107855
1,168,12,Piste 3c,730,suite,818,0.677702
1,169,12,Référence,365,tentative,1183,0.0218814
1,169,12,Référence,365,suite,1183,0.0491469
1,169,12,Référence,730,tentative,818,0.0155928
1,169,12,Référence,730,suite,818,0.0942843
1,169,12,Piste 1,365,tentative,1183,0.0230122
1,169,12,Piste 1,365,suite,1183,0.0494116
1,169,12,Piste 1,730,tentative,818,0.0173832
1,169,12,Piste 1,730,suite,818,0.0979439
1,169,12,Piste 2,365,tentative,1183,0.0113736
1,169,12,Piste 2,365,suite,1183,0.0616814
1,169,12,Piste 2,730,tentative,818,0.0108484
1,169,12,Piste 2,730,suite,818,0.124258
1,169,12,Piste 3a,365,tentative,1183,0.0231136
1,169,12,Piste 3a,365,suite,1183,0.0447089
1,169,12,Piste 3a,730,tentative,818,0.0164953
1,169,12,Piste 3a,730,suite,818,0.0882588
1,169,12,Piste 3b,365,tentative,1183,0.0117741
1,169,12,Piste 3b,365,suite,1183,0.0545988
1,169,12,Piste 3b,730,tentative,818,0.0104282
1,169,12,Piste 3b,730,suite,818,0.105625
1,169,12,Piste 3c,365,tentative,1183,0.00880443
1,169,12,Piste 3c,365,suite,1183,0.0450147
1,169,12,Piste 3c,730,tentative,818,0.00688933
1,169,12,Piste 3c,730,suite,818,0.0834026
1,170,12,Référence,365,tentative,1183,0.0654457
1,170,12,Référence,365,suite,1183,0.139743
1,170,12,Référence,730,tentative,818,0.0930948
1,170,12,Référence,730,suite,818,0.345872
1,170,12,Piste 1,365,tentative,1183,0.0701571
1,170,12,Piste 1,365,suite,1183,0.156389
1,170,12,Piste 1,730,tentative,818,0.0997885
1,170,12,Piste 1,730,suite,818,0.393376
1,170,12,Piste 2,365,tentative,1183,0.0781865
1,170,12,Piste 2,365,suite,1183,0.195249
1,170,12,Piste 2,730,tentative,818,0.109727
1,170,12,Piste 2,730,suite,818,0.448227
1,170,12,Piste 3a,365,tentative,1183,0.0772554
1,170,12,Piste 3a,365,suite,1183,0.149394
1,170,12,Piste 3a,730,tentative,818,0.109595
1,170,12,Piste 3a,730,suite,818,0.387876
1,170,12,Piste 3b,365,tentative,1183,0.0738617
1,170,12,Piste 3b,365,suite,1183,0.174988
1,170,12,Piste 3b,730,tentative,818,0.103042
1,170,12,Piste 3b,730,suite,818,0.414181
1,170,12,Piste 3c,365,tentative,1183,0.0774357
1,170,12,Piste 3c,365,suite,1183,0.218758
1,170,12,Piste 3c,730,tentative,818,0.106256
1,170,12,Piste 3c,730,suite,818,0.494063
1,171,9,Référence,365,tentative,1183,0.238156
1,171,9,Référence,365,suite,1183,0.345194
1,171,9,Référence,730,tentative,818,0.207713
1,171,9,Référence,730,suite,818,0.613041
1,171,9,Piste 1,365,tentative,1183,0.200533
1,171,9,Piste 1,365,suite,1183,0.395691
1,171,9,Piste 1,730,tentative,818,0.122984
1,171,9,Piste 1,730,suite,818,0.652061
1,171,9,Piste 2,365,tentative,1183,0.169909
1,171,9,Piste 2,365,suite,1183,0.450242
1,171,9,Piste 2,730,tentative,818,0.126715
1,171,9,Piste 2,730,suite,818,0.793933
1,171,9,Piste 3a,365,tentative,1183,0.171095
1,171,9,Piste 3a,365,suite,1183,0.338084
1,171,9,Piste 3a,730,tentative,818,0.103807
1,171,9,Piste 3a,730,suite,818,0.55286
1,171,9,Piste 3b,365,tentative,1183,0.14352
1,171,9,Piste 3b,365,suite,1183,0.375948
1,171,9,Piste 3b,730,tentative,818,0.107756
1,171,9,Piste 3b,730,suite,818,0.637751
1,171,9,Piste 3c,365,tentative,1183,0.127186
1,171,9,Piste 3c,365,suite,1183,0.397151
1,171,9,Piste 3c,730,tentative,818,0.111045
1,171,9,Piste 3c,730,suite,818,0.664128
1,172,12,Référence,365,tentative,1183,0.0175427
1,172,12,Référence,365,suite,1183,0.0715209
1,172,12,Référence,730,tentative,818,0.0165575
1,172,12,Référence,730,suite,818,0.145935
1,172,12,Piste 1,365,tentative,1183,0.014412
1,172,12,Piste 1,365,suite,1183,0.0796755
1,172,12,Piste 1,730,tentative,818,0.00810819
1,172,12,Piste 1,730,suite,818,0.197934
1,172,12,Piste 2,365,tentative,1183,0.0168936
1,172,12,Piste 2,365,suite,1183,0.106546
1,172,12,Piste 2,730,tentative,818,0.0109761
1,172,12,Piste 2,730,suite,818,0.225649
1,172,12,Piste 3a,365,tentative,1183,0.0167014
1,172,12,Piste 3a,365,suite,1183,0.0727283
1,172,12,Piste 3a,730,tentative,818,0.0111532
1,172,12,Piste 3a,730,suite,818,0.141346
1,172,12,Piste 3b,365,tentative,1183,0.0161253
1,172,12,Piste 3b,365,suite,1183,0.0949569
1,172,12,Piste 3b,730,tentative,818,0.00936401
1,172,12,Piste 3b,730,suite,818,0.206399
1,172,12,Piste 3c,365,tentative,1183,0.0178723
1,172,12,Piste 3c,365,suite,1183,0.111014
1,172,12,Piste 3c,730,tentative,818,0.00866829
1,172,12,Piste 3c,730,suite,818,0.266097
1,173,11,Référence,365,tentative,1183,0.144793
1,173,11,Référence,365,suite,1183,0.227618
1,173,11,Référence,730,tentative,818,0.0656194
1,173,11,Référence,730,suite,818,0.549285
1,173,11,Piste 1,365,tentative,1183,0.154765
1,173,11,Piste 1,365,suite,1183,0.261199
1,173,11,Piste 1,730,tentative,818,0.0452131
1,173,11,Piste 1,730,suite,818,0.620374
1,173,11,Piste 2,365,tentative,1183,0.127047
1,173,11,Piste 2,365,suite,1183,0.284134
1,173,11,Piste 2,730,tentative,818,0.0304408
1,173,11,Piste 2,730,suite,818,0.628478
1,173,11,Piste 3a,365,tentative,1183,0.141195
1,173,11,Piste 3a,365,suite,1183,0.2295
1,173,11,Piste 3a,730,tentative,818,0.0356795
1,173,11,Piste 3a,730,suite,818,0.53121
1,173,11,Piste 3b,365,tentative,1183,0.117865
1,173,11,Piste 3b,365,suite,1183,0.251597
1,173,11,Piste 3b,730,tentative,818,0.0251169
1,173,11,Piste 3b,730,suite,818,0.545214
1,173,11,Piste 3c,365,tentative,1183,0.110441
1,173,11,Piste 3c,365,suite,1183,0.268224
1,173,11,Piste 3c,730,tentative,818,0.0264483
1,173,11,Piste 3c,730,suite,818,0.588795
1,174,11,Référence,365,tentative,1183,0.0422147
1,174,11,Référence,365,suite,1183,0.122882
1,174,11,Référence,730,tentative,818,0.051727
1,174,11,Référence,730,suite,818,0.303046
1,174,11,Piste 1,365,tentative,1183,0.0210169
1,174,11,Piste 1,365,suite,1183,0.0843936
1,174,11,Piste 1,730,tentative,818,0.0186165
1,174,11,Piste 1,730,suite,818,0.217918
1,174,11,Piste 2,365,tentative,1183,0.0218087
1,174,11,Piste 2,365,suite,1183,0.214598
1,174,11,Piste 2,730,tentative,818,0.0188306
1,174,11,Piste 2,730,suite,818,0.644421
1,174,11,Piste 3a,365,tentative,1183,0.0187849
1,174,11,Piste 3a,365,suite,1183,0.071039
1,174,11,Piste 3a,730,tentative,818,0.0160352
1,174,11,Piste 3a,730,suite,818,0.16948
1,174,11,Piste 3b,365,tentative,1183,0.0188344
1,174,11,Piste 3b,365,suite,1183,0.188129
1,174,11,Piste 3b,730,tentative,818,0.015939
1,174,11,Piste 3b,730,suite,818,0.554066
1,174,11,Piste 3c,365,tentative,1183,0.0253765
1,174,11,Piste 3c,365,suite,1183,0.196234
1,174,11,Piste 3c,730,tentative,818,0.0254297
1,174,11,Piste 3c,730,suite,818,0.577279
1,175,12,Référence,365,tentative,1183,0.00515349
1,175,12,Référence,365,suite,1183,0.0249296
1,175,12,Référence,730,tentative,818,0.00927847
1,175,12,Référence,730,suite,818,0.0845301
1,175,12,Piste 1,365,tentative,1183,0.00294351
1,175,12,Piste 1,365,suite,1183,0.010242
1,175,12,Piste 1,730,tentative,818,0.00619293
1,175,12,Piste 1,730,suite,818,0.0310109
1,175,12,Piste 2,365,tentative,1183,0.0044051
1,175,12,Piste 2,365,suite,1183,0.0321792
1,175,12,Piste 2,730,tentative,818,0.00603641
1,175,12,Piste 2,730,suite,818,0.084141
1,175,12,Piste 3a,365,tentative,1183,0.00339774
1,175,12,Piste 3a,365,suite,1183,0.0153211
1,175,12,Piste 3a,730,tentative,818,0.00560555
1,175,12,Piste 3a,730,suite,818,0.0303587
1,175,12,Piste 3b,365,tentative,1183,0.00442458
1,175,12,Piste 3b,365,suite,1183,0.0278441
1,175,12,Piste 3b,730,tentative,818,0.00523152
1,175,12,Piste 3b,730,suite,818,0.0774358
1,175,12,Piste 3c,365,tentative,1183,0.00872236
1,175,12,Piste 3c,365,suite,1183,0.066266
1,175,12,Piste 3c,730,tentative,818,0.0109432
1,175,12,Piste 3c,730,suite,818,0.153202
1,176,12,Référence,365,tentative,1183,0.0542382
1,176,12,Référence,365,suite,1183,0.0901432
1,176,12,Référence,730,tentative,818,0.080114
1,176,12,Référence,730,suite,818,0.295931
1,176,12,Piste 1,365,tentative,1183,0.0637979
1,176,12,Piste 1,365,suite,1183,0.110597
1,176,12,Piste 1,730,tentative,818,0.0937787
1,176,12,Piste 1,730,suite,818,0.362036
1,176,12,Piste 2,365,tentative,1183,0.0611499
1,176,12,Piste 2,365,suite,1183,0.148616
1,176,12,Piste 2,730,tentative,818,0.0890629
1,176,12,Piste 2,730,suite,818,0.458816
1,176,12,Piste 3a,365,tentative,1183,0.0608424
1,176,12,Piste 3a,365,suite,1183,0.105161
1,176,12,Piste 3a,730,tentative,818,0.0904443
1,176,12,Piste 3a,730,suite,818,0.328692
1,176,12,Piste 3b,365,tentative,1183,0.0563011
1,176,12,Piste 3b,365,suite,1183,0.13672
1,176,12,Piste 3b,730,tentative,818,0.0827821
1,176,12,Piste 3b,730,suite,818,0.411444
1,176,12,Piste 3c,365,tentative,1183,0.0592835
1,176,12,Piste 3c,365,suite,1183,0.142819
1,176,12,Piste 3c,730,tentative,818,0.0861746
1,176,12,Piste 3c,730,suite,818,0.414623
1,177,11,Référence,365,tentative,1183,0.0410338
1,177,11,Référence,365,suite,1183,0.15198
1,177,11,Référence,730,tentative,818,0.036186
1,177,11,Référence,730,suite,818,0.49505
1,177,11,Piste 1,365,tentative,1183,0.0317638
1,177,11,Piste 1,365,suite,1183,0.0886411
1,177,11,Piste 1,730,tentative,818,0.0170896
1,177,11,Piste 1,730,suite,818,0.21645
1,177,11,Piste 2,365,tentative,1183,0.0357292
1,177,11,Piste 2,365,suite,1183,0.110614
1,177,11,Piste 2,730,tentative,818,0.0323627
1,177,11,Piste 2,730,suite,818,0.247055
1,177,11,Piste 3a,365,tentative,1183,0.0489946
1,177,11,Piste 3a,365,suite,1183,0.157706
1,177,11,Piste 3a,730,tentative,818,0.0397416
1,177,11,Piste 3a,730,suite,818,0.499175
1,177,11,Piste 3b,365,tentative,1183,0.0385573
1,177,11,Piste 3b,365,suite,1183,0.161223
1,177,11,Piste 3b,730,tentative,818,0.0373152
1,177,11,Piste 3b,730,suite,818,0.500656
1,177,11,Piste 3c,365,tentative,1183,0.0376613
1,177,11,Piste 3c,365,suite,1183,0.191822
1,177,11,Piste 3c,730,tentative,818,0.0360289
1,177,11,Piste 3c,730,suite,818,0.586878
1,178,11,Référence,365,tentative,1183,0.0438007
1,178,11,Référence,365,suite,1183,0.111702
1,178,11,Référence,730,tentative,818,0.0632228
1,178,11,Référence,730,suite,818,0.197503
1,178,11,Piste 1,365,tentative,1183,0.0425923
1,178,11,Piste 1,365,suite,1183,0.125387
1,178,11,Piste 1,730,tentative,818,0.0609487
1,178,11,Piste 1,730,suite,818,0.232986
1,178,11,Piste 2,365,tentative,1183,0.0500377
1,178,11,Piste 2,365,suite,1183,0.146708
1,178,11,Piste 2,730,tentative,818,0.0707725
1,178,11,Piste 2,730,suite,818,0.269721
1,178,11,Piste 3a,365,tentative,1183,0.0410182
1,178,11,Piste 3a,365,suite,1183,0.111545
1,178,11,Piste 3a,730,tentative,818,0.0586115
1,178,11,Piste 3a,730,suite,818,0.195442
1,178,11,Piste 3b,365,tentative,1183,0.0451468
1,178,11,Piste 3b,365,suite,1183,0.11759
1,178,11,Piste 3b,730,tentative,818,0.0636629
1,178,11,Piste 3b,730,suite,818,0.229179
1,178,11,Piste 3c,365,tentative,1183,0.0452317
1,178,11,Piste 3c,365,suite,1183,0.136903
1,178,11,Piste 3c,730,tentative,818,0.063038
1,178,11,Piste 3c,730,suite,818,0.266534
1,179,12,Référence,365,tentative,1183,0.128859
1,179,12,Référence,365,suite,1183,0.224402
1,179,12,Référence,730,tentative,818,0.185123
1,179,12,Référence,730,suite,818,0.544582
1,179,12,Piste 1,365,tentative,1183,0.106489
1,179,12,Piste 1,365,suite,1183,0.233341
1,179,12,Piste 1,730,tentative,818,0.0606166
1,179,12,Piste 1,730,suite,818,0.4556
1,179,12,Piste 2,365,tentative,1183,0.0846062
1,179,12,Piste 2,365,suite,1183,0.280345
1,179,12,Piste 2,730,tentative,818,0.0680576
1,179,12,Piste 2,730,suite,818,0.527742
1,179,12,Piste 3a,365,tentative,1183,0.139947
1,179,12,Piste 3a,365,suite,1183,0.23854
1,179,12,Piste 3a,730,tentative,818,0.157014
1,179,12,Piste 3a,730,suite,818,0.35508
1,179,12,Piste 3b,365,tentative,1183,0.117408
1,179,12,Piste 3b,365,suite,1183,0.28983
1,179,12,Piste 3b,730,tentative,818,0.147391
1,179,12,Piste 3b,730,suite,818,0.591795
1,179,12,Piste 3c,365,tentative,1183,0.10078
1,179,12,Piste 3c,365,suite,1183,0.311423
1,179,12,Piste 3c,730,tentative,818,0.139166
1,179,12,Piste 3c,730,suite,818,0.658935
1,180,11,Référence,365,tentative,1183,0.0344633
1,180,11,Référence,365,suite,1183,0.137607
1,180,11,Référence,730,tentative,818,0.0515455
1,180,11,Référence,730,suite,818,0.258756
1,180,11,Piste 1,365,tentative,1183,0.0170023
1,180,11,Piste 1,365,suite,1183,0.0772701
1,180,11,Piste 1,730,tentative,818,0.0258096
1,180,11,Piste 1,730,suite,818,0.18196
1,180,11,Piste 2,365,tentative,1183,0.0180294
1,180,11,Piste 2,365,suite,1183,0.0992906
1,180,11,Piste 2,730,tentative,818,0.0262981
1,180,11,Piste 2,730,suite,818,0.236644
1,180,11,Piste 3a,365,tentative,1183,0.0398793
1,180,11,Piste 3a,365,suite,1183,0.159268
1,180,11,Piste 3a,730,tentative,818,0.0588162
1,180,11,Piste 3a,730,suite,818,0.304997
1,180,11,Piste 3b,365,tentative,1183,0.0350471
1,180,11,Piste 3b,365,suite,1183,0.17464
1,180,11,Piste 3b,730,tentative,818,0.0508009
1,180,11,Piste 3b,730,suite,818,0.342068
1,180,11,Piste 3c,365,tentative,1183,0.0316874
1,180,11,Piste 3c,365,suite,1183,0.182527
1,180,11,Piste 3c,730,tentative,818,0.0455232
1,180,11,Piste 3c,730,suite,818,0.355416
1,181,10,Référence,365,tentative,1183,0.164934
1,181,10,Référence,365,suite,1183,0.182714
1,181,10,Référence,730,tentative,818,0.268813
1,181,10,Référence,730,suite,818,0.481746
1,181,10,Piste 1,365,tentative,1183,0.156862
1,181,10,Piste 1,365,suite,1183,0.200513
1,181,10,Piste 1,730,tentative,818,0.229912
1,181,10,Piste 1,730,suite,818,0.529531
1,181,10,Piste 2,365,tentative,1183,0.114579
1,181,10,Piste 2,365,suite,1183,0.234923
1,181,10,Piste 2,730,tentative,818,0.167772
1,181,10,Piste 2,730,suite,818,0.601794
1,181,10,Piste 3a,365,tentative,1183,0.142543
1,181,10,Piste 3a,365,suite,1183,0.182923
1,181,10,Piste 3a,730,tentative,818,0.209078
1,181,10,Piste 3a,730,suite,818,0.474239
1,181,10,Piste 3b,365,tentative,1183,0.103735
1,181,10,Piste 3b,365,suite,1183,0.219203
1,181,10,Piste 3b,730,tentative,818,0.152167
1,181,10,Piste 3b,730,suite,818,0.562497
1,181,10,Piste 3c,365,tentative,1183,0.0795925
1,181,10,Piste 3c,365,suite,1183,0.247446
1,181,10,Piste 3c,730,tentative,818,0.116584
1,181,10,Piste 3c,730,suite,818,0.60636
1,182,11,Référence,365,tentative,1183,0.0306074
1,182,11,Référence,365,suite,1183,0.0398771
1,182,11,Référence,730,tentative,818,0.0465878
1,182,11,Référence,730,suite,818,0.0972782
1,182,11,Piste 1,365,tentative,1183,0.00703918
1,182,11,Piste 1,365,suite,1183,0.0188974
1,182,11,Piste 1,730,tentative,818,0.0123986
1,182,11,Piste 1,730,suite,818,0.0466918
1,182,11,Piste 2,365,tentative,1183,0.0180976
1,182,11,Piste 2,365,suite,1183,0.0446694
1,182,11,Piste 2,730,tentative,818,0.0244696
1,182,11,Piste 2,730,suite,818,0.0943438
1,182,11,Piste 3a,365,tentative,1183,0.0161259
1,182,11,Piste 3a,365,suite,1183,0.0343925
1,182,11,Piste 3a,730,tentative,818,0.0111
1,182,11,Piste 3a,730,suite,818,0.117591
1,182,11,Piste 3b,365,tentative,1183,0.0273538
1,182,11,Piste 3b,365,suite,1183,0.0582424
1,182,11,Piste 3b,730,tentative,818,0.0221224
1,182,11,Piste 3b,730,suite,818,0.139422
1,182,11,Piste 3c,365,tentative,1183,0.0251146
1,182,11,Piste 3c,365,suite,1183,0.0659186
1,182,11,Piste 3c,730,tentative,818,0.0221731
1,182,11,Piste 3c,730,suite,818,0.139783
1,183,10,Référence,365,tentative,1183,0.149005
1,183,10,Référence,365,suite,1183,0.209893
1,183,10,Référence,730,tentative,818,0.201095
1,183,10,Référence,730,suite,818,0.360819
1,183,10,Piste 1,365,tentative,1183,0.153772
1,183,10,Piste 1,365,suite,1183,0.226511
1,183,10,Piste 1,730,tentative,818,0.203927
1,183,10,Piste 1,730,suite,818,0.39509
1,183,10,Piste 2,365,tentative,1183,0.142665
1,183,10,Piste 2,365,suite,1183,0.259067
1,183,10,Piste 2,730,tentative,818,0.187467
1,183,10,Piste 2,730,suite,818,0.454277
1,183,10,Piste 3a,365,tentative,1183,0.17973
1,183,10,Piste 3a,365,suite,1183,0.236788
1,183,10,Piste 3a,730,tentative,818,0.328453
1,183,10,Piste 3a,730,suite,818,0.432745
1,183,10,Piste 3b,365,tentative,1183,0.141018
1,183,10,Piste 3b,365,suite,1183,0.248204
1,183,10,Piste 3b,730,tentative,818,0.248195
1,183,10,Piste 3b,730,suite,818,0.457607
1,183,10,Piste 3c,365,tentative,1183,0.130276
1,183,10,Piste 3c,365,suite,1183,0.280308
1,183,10,Piste 3c,730,tentative,818,0.215527
1,183,10,Piste 3c,730,suite,818,0.505443
1,184,11,Référence,365,tentative,1183,0.0322881
1,184,11,Référence,365,suite,1183,0.158414
1,184,11,Référence,730,tentative,818,0.037938
1,184,11,Référence,730,suite,818,0.308625
1,184,11,Piste 1,365,tentative,1183,0.0366222
1,184,11,Piste 1,365,suite,1183,0.182376
1,184,11,Piste 1,730,tentative,818,0.043175
1,184,11,Piste 1,730,suite,818,0.364227
1,184,11,Piste 2,365,tentative,1183,0.0286284
1,184,11,Piste 2,365,suite,1183,0.203008
1,184,11,Piste 2,730,tentative,818,0.0305267
1,184,11,Piste 2,730,suite,818,0.384
1,184,11,Piste 3a,365,tentative,1183,0.0331958
1,184,11,Piste 3a,365,suite,1183,0.163995
1,184,11,Piste 3a,730,tentative,818,0.0399426
1,184,11,Piste 3a,730,suite,818,0.318856
1,184,11,Piste 3b,365,tentative,1183,0.0276269
1,184,11,Piste 3b,365,suite,1183,0.179621
1,184,11,Piste 3b,730,tentative,818,0.0308079
1,184,11,Piste 3b,730,suite,818,0.328495
1,184,11,Piste 3c,365,tentative,1183,0.026137
1,184,11,Piste 3c,365,suite,1183,0.245473
1,184,11,Piste 3c,730,tentative,818,0.0274469
1,184,11,Piste 3c,730,suite,818,0.482467
1,185,10,Référence,365,tentative,1183,0.0257427
1,185,10,Référence,365,suite,1183,0.10184
1,185,10,Référence,730,tentative,818,0.0238791
1,185,10,Référence,730,suite,818,0.280655
1,185,10,Piste 1,365,tentative,1183,0.0319502
1,185,10,Piste 1,365,suite,1183,0.119504
1,185,10,Piste 1,730,tentative,818,0.0296108
1,185,10,Piste 1,730,suite,818,0.314357
1,185,10,Piste 2,365,tentative,1183,0.0302582
1,185,10,Piste 2,365,suite,1183,0.101408
1,185,10,Piste 2,730,tentative,818,0.0257773
1,185,10,Piste 2,730,suite,818,0.244813
1,185,10,Piste 3a,365,tentative,1183,0.0262915
1,185,10,Piste 3a,365,suite,1183,0.106885
1,185,10,Piste 3a,730,tentative,818,0.023953
1,185,10,Piste 3a,730,suite,818,0.283366
1,185,10,Piste 3b,365,tentative,1183,0.0256878
1,185,10,Piste 3b,365,suite,1183,0.119771
1,185,10,Piste 3b,730,tentative,818,0.0219158
1,185,10,Piste 3b,730,suite,818,0.323843
1,185,10,Piste 3c,365,tentative,1183,0.0214441
1,185,10,Piste 3c,365,suite,1183,0.121619
1,185,10,Piste 3c,730,tentative,818,0.0164882
1,185,10,Piste 3c,730,suite,818,0.269466
1,186,11,Référence,365,tentative,1183,0.00287186
1,186,11,Référence,365,suite,1183,0.0317764
1,186,11,Référence,730,tentative,818,0.00550219
1,186,11,Référence,730,suite,818,0.0855155
1,186,11,Piste 1,365,tentative,1183,0.0038261
1,186,11,Piste 1,365,suite,1183,0.037777
1,186,11,Piste 1,730,tentative,818,0.00656306
1,186,11,Piste 1,730,suite,818,0.105741
1,186,11,Piste 2,365,tentative,1183,0.00713472
1,186,11,Piste 2,365,suite,1183,0.0579092
1,186,11,Piste 2,730,tentative,818,0.00775376
1,186,11,Piste 2,730,suite,818,0.126884
1,186,11,Piste 3a,365,tentative,1183,0.00290119
1,186,11,Piste 3a,365,suite,1183,0.0306668
1,186,11,Piste 3a,730,tentative,818,0.00554461
1,186,11,Piste 3a,730,suite,818,0.0869406
1,186,11,Piste 3b,365,tentative,1183,0.00555032
1,186,11,Piste 3b,365,suite,1183,0.0555243
1,186,11,Piste 3b,730,tentative,818,0.00640294
1,186,11,Piste 3b,730,suite,818,0.157237
1,186,11,Piste 3c,365,tentative,1183,0.0080605
1,186,11,Piste 3c,365,suite,1183,0.0698102
1,186,11,Piste 3c,730,tentative,818,0.00937177
1,186,11,Piste 3c,730,suite,818,0.161814
1,187,10,Référence,365,tentative,1183,0.0283504
1,187,10,Référence,365,suite,1183,0.06555
1,187,10,Référence,730,tentative,818,-0.000168167
1,187,10,Référence,730,suite,818,0.130569
1,187,10,Piste 1,365,tentative,1183,0.0364008
1,187,10,Piste 1,365,suite,1183,0.0818625
1,187,10,Piste 1,730,tentative,818,0.00251627
1,187,10,Piste 1,730,suite,818,0.169308
1,187,10,Piste 2,365,tentative,1183,0.030963
1,187,10,Piste 2,365,suite,1183,0.0938892
1,187,10,Piste 2,730,tentative,818,0.00586462
1,187,10,Piste 2,730,suite,818,0.201022
1,187,10,Piste 3a,365,tentative,1183,0.0367953
1,187,10,Piste 3a,365,suite,1183,0.078442
1,187,10,Piste 3a,730,tentative,818,0.00324213
1,187,10,Piste 3a,730,suite,818,0.155585
1,187,10,Piste 3b,365,tentative,1183,0.0312213
1,187,10,Piste 3b,365,suite,1183,0.0845082
1,187,10,Piste 3b,730,tentative,818,0.00562068
1,187,10,Piste 3b,730,suite,818,0.187583
1,187,10,Piste 3c,365,tentative,1183,0.0270194
1,187,10,Piste 3c,365,suite,1183,0.0919791
1,187,10,Piste 3c,730,tentative,818,0.00666058
1,187,10,Piste 3c,730,suite,818,0.188649
1,188,12,Référence,365,tentative,1183,0.0125546
1,188,12,Référence,365,suite,1183,0.145547
1,188,12,Référence,730,tentative,818,0.00932789
1,188,12,Référence,730,suite,818,0.17584
1,188,12,Piste 1,365,tentative,1183,0.0156681
1,188,12,Piste 1,365,suite,1183,0.17082
1,188,12,Piste 1,730,tentative,818,0.0109759
1,188,12,Piste 1,730,suite,818,0.263962
1,188,12,Piste 2,365,tentative,1183,0.0190279
1,188,12,Piste 2,365,suite,1183,0.235377
1,188,12,Piste 2,730,tentative,818,0.0123974
1,188,12,Piste 2,730,suite,818,0.555358
1,188,12,Piste 3a,365,tentative,1183,0.00624286
1,188,12,Piste 3a,365,suite,1183,0.0924684
1,188,12,Piste 3a,730,tentative,818,6.18709e-05
1,188,12,Piste 3a,730,suite,818,0.149728
1,188,12,Piste 3b,365,tentative,1183,0.00855505
1,188,12,Piste 3b,365,suite,1183,0.121669
1,188,12,Piste 3b,730,tentative,818,0.000384771
1,188,12,Piste 3b,730,suite,818,0.205225
1,188,12,Piste 3c,365,tentative,1183,0.00675006
1,188,12,Piste 3c,365,suite,1183,0.127038
1,188,12,Piste 3c,730,tentative,818,-0.00395396
1,188,12,Piste 3c,730,suite,818,0.206316
1,189,10,Référence,365,tentative,1183,0.0122393
1,189,10,Référence,365,suite,1183,0.0264207
1,189,10,Référence,730,tentative,818,0.00523608
1,189,10,Référence,730,suite,818,0.0909604
1,189,10,Piste 1,365,tentative,1183,0.0124842
1,189,10,Piste 1,365,suite,1183,0.0219664
1,189,10,Piste 1,730,tentative,818,0.00464428
1,189,10,Piste 1,730,suite,818,0.0776831
1,189,10,Piste 2,365,tentative,1183,0.0105104
1,189,10,Piste 2,365,suite,1183,0.0500358
1,189,10,Piste 2,730,tentative,818,0.00747334
1,189,10,Piste 2,730,suite,818,0.125873
1,189,10,Piste 3a,365,tentative,1183,0.0106975
1,189,10,Piste 3a,365,suite,1183,0.0298355
1,189,10,Piste 3a,730,tentative,818,0.00699992
1,189,10,Piste 3a,730,suite,818,0.0997912
1,189,10,Piste 3b,365,tentative,1183,0.00935799
1,189,10,Piste 3b,365,suite,1183,0.0476474
1,189,10,Piste 3b,730,tentative,818,0.00758178
1,189,10,Piste 3b,730,suite,818,0.108332
1,189,10,Piste 3c,365,tentative,1183,0.0110452
1,189,10,Piste 3c,365,suite,1183,0.0658072
1,189,10,Piste 3c,730,tentative,818,0.00499281
1,189,10,Piste 3c,730,suite,818,0.16323
1,190,11,Référence,365,tentative,1183,0.00572624
1,190,11,Référence,365,suite,1183,0.0200736
1,190,11,Référence,730,tentative,818,0.00813744
1,190,11,Référence,730,suite,818,0.0356037
1,190,11,Piste 1,365,tentative,1183,0.00734141
1,190,11,Piste 1,365,suite,1183,0.0223903
1,190,11,Piste 1,730,tentative,818,0.010134
1,190,11,Piste 1,730,suite,818,0.0419605
1,190,11,Piste 2,365,tentative,1183,0.00499469
1,190,11,Piste 2,365,suite,1183,0.0403779
1,190,11,Piste 2,730,tentative,818,0.00559451
1,190,11,Piste 2,730,suite,818,0.0568662
1,190,11,Piste 3a,365,tentative,1183,0.00744254
1,190,11,Piste 3a,365,suite,1183,0.0203546
1,190,11,Piste 3a,730,tentative,818,0.0105196
1,190,11,Piste 3a,730,suite,818,0.0399172
1,190,11,Piste 3b,365,tentative,1183,0.0306299
1,190,11,Piste 3b,365,suite,1183,0.0645524
1,190,11,Piste 3b,730,tentative,818,0.0431003
1,190,11,Piste 3b,730,suite,818,0.0922342
1,190,11,Piste 3c,365,tentative,1183,0.016517
1,190,11,Piste 3c,365,suite,1183,0.115874
1,190,11,Piste 3c,730,tentative,818,0.0213255
1,190,11,Piste 3c,730,suite,818,0.159085
1,191,11,Référence,365,tentative,1183,0.11947
1,191,11,Référence,365,suite,1183,0.147624
1,191,11,Référence,730,tentative,818,0.265798
1,191,11,Référence,730,suite,818,0.39621
1,191,11,Piste 1,365,tentative,1183,0.100412
1,191,11,Piste 1,365,suite,1183,0.159762
1,191,11,Piste 1,730,tentative,818,0.161075
1,191,11,Piste 1,730,suite,818,0.439463
1,191,11,Piste 2,365,tentative,1183,0.0895116
1,191,11,Piste 2,365,suite,1183,0.187399
1,191,11,Piste 2,730,tentative,818,0.144846
1,191,11,Piste 2,730,suite,818,0.472162
1,191,11,Piste 3a,365,tentative,1183,0.127055
1,191,11,Piste 3a,365,suite,1183,0.16543
1,191,11,Piste 3a,730,tentative,818,0.255815
1,191,11,Piste 3a,730,suite,818,0.458296
1,191,11,Piste 3b,365,tentative,1183,0.108299
1,191,11,Piste 3b,365,suite,1183,0.190205
1,191,11,Piste 3b,730,tentative,818,0.202826
1,191,11,Piste 3b,730,suite,818,0.515616
1,191,11,Piste 3c,365,tentative,1183,0.101198
1,191,11,Piste 3c,365,suite,1183,0.232617
1,191,11,Piste 3c,730,tentative,818,0.175767
1,191,11,Piste 3c,730,suite,818,0.569519
1,192,12,Référence,365,tentative,1183,0.0953705
1,192,12,Référence,365,suite,1183,0.18448
1,192,12,Référence,730,tentative,818,0.0607605
1,192,12,Référence,730,suite,818,0.342015
1,192,12,Piste 1,365,tentative,1183,0.0744948
1,192,12,Piste 1,365,suite,1183,0.161787
1,192,12,Piste 1,730,tentative,818,0.0642672
1,192,12,Piste 1,730,suite,818,0.283596
1,192,12,Piste 2,365,tentative,1183,0.0736684
1,192,12,Piste 2,365,suite,1183,0.189943
1,192,12,Piste 2,730,tentative,818,0.0740425
1,192,12,Piste 2,730,suite,818,0.333493
1,192,12,Piste 3a,365,tentative,1183,0.071563
1,192,12,Piste 3a,365,suite,1183,0.150741
1,192,12,Piste 3a,730,tentative,818,0.0630197
1,192,12,Piste 3a,730,suite,818,0.258386
1,192,12,Piste 3b,365,tentative,1183,0.0702693
1,192,12,Piste 3b,365,suite,1183,0.178279
1,192,12,Piste 3b,730,tentative,818,0.0706917
1,192,12,Piste 3b,730,suite,818,0.308058
1,192,12,Piste 3c,365,tentative,1183,0.0613711
1,192,12,Piste 3c,365,suite,1183,0.191339
1,192,12,Piste 3c,730,tentative,818,0.0771602
1,192,12,Piste 3c,730,suite,818,0.337459
1,193,11,Référence,365,tentative,1183,0.138617
1,193,11,Référence,365,suite,1183,0.164719
1,193,11,Référence,730,tentative,818,0.280622
1,193,11,Référence,730,suite,818,0.336079
1,193,11,Piste 1,365,tentative,1183,0.103969
1,193,11,Piste 1,365,suite,1183,0.124011
1,193,11,Piste 1,730,tentative,818,0.177956
1,193,11,Piste 1,730,suite,818,0.292915
1,193,11,Piste 2,365,tentative,1183,0.0946261
1,193,11,Piste 2,365,suite,1183,0.159006
1,193,11,Piste 2,730,tentative,818,0.145267
1,193,11,Piste 2,730,suite,818,0.345084
1,193,11,Piste 3a,365,tentative,1183,0.136248
1,193,11,Piste 3a,365,suite,1183,0.162311
1,193,11,Piste 3a,730,tentative,818,0.265143
1,193,11,Piste 3a,730,suite,818,0.323831
1,193,11,Piste 3b,365,tentative,1183,0.128192
1,193,11,Piste 3b,365,suite,1183,0.188674
1,193,11,Piste 3b,730,tentative,818,0.228296
1,193,11,Piste 3b,730,suite,818,0.385219
1,193,11,Piste 3c,365,tentative,1183,0.0988649
1,193,11,Piste 3c,365,suite,1183,0.191881
1,193,11,Piste 3c,730,tentative,818,0.152956
1,193,11,Piste 3c,730,suite,818,0.397957
1,194,12,Référence,365,tentative,1183,0.187508
1,194,12,Référence,365,suite,1183,0.276178
1,194,12,Référence,730,tentative,818,0.26977
1,194,12,Référence,730,suite,818,0.812335
1,194,12,Piste 1,365,tentative,1183,0.174804
1,194,12,Piste 1,365,suite,1183,0.321033
1,194,12,Piste 1,730,tentative,818,0.234263
1,194,12,Piste 1,730,suite,818,0.923358
1,194,12,Piste 2,365,tentative,1183,0.146832
1,194,12,Piste 2,365,suite,1183,0.35276
1,194,12,Piste 2,730,tentative,818,0.188916
1,194,12,Piste 2,730,suite,818,1.02801
1,194,12,Piste 3a,365,tentative,1183,0.179523
1,194,12,Piste 3a,365,suite,1183,0.292125
1,194,12,Piste 3a,730,tentative,818,0.250205
1,194,12,Piste 3a,730,suite,818,0.874752
1,194,12,Piste 3b,365,tentative,1183,0.141968
1,194,12,Piste 3b,365,suite,1183,0.311248
1,194,12,Piste 3b,730,tentative,818,0.186626
1,194,12,Piste 3b,730,suite,818,0.890887
1,194,12,Piste 3c,365,tentative,1183,0.105462
1,194,12,Piste 3c,365,suite,1183,0.317579
1,194,12,Piste 3c,730,tentative,818,0.137939
1,194,12,Piste 3c,730,suite,818,0.88093
1,195,11,Référence,365,tentative,1183,0.135752
1,195,11,Référence,365,suite,1183,0.160619
1,195,11,Référence,730,tentative,818,0.273864
1,195,11,Référence,730,suite,818,0.357362
1,195,11,Piste 1,365,tentative,1183,0.11589
1,195,11,Piste 1,365,suite,1183,0.150474
1,195,11,Piste 1,730,tentative,818,0.206561
1,195,11,Piste 1,730,suite,818,0.320753
1,195,11,Piste 2,365,tentative,1183,0.102723
1,195,11,Piste 2,365,suite,1183,0.223528
1,195,11,Piste 2,730,tentative,818,0.181419
1,195,11,Piste 2,730,suite,818,0.470752
1,195,11,Piste 3a,365,tentative,1183,0.12131
1,195,11,Piste 3a,365,suite,1183,0.156186
1,195,11,Piste 3a,730,tentative,818,0.215667
1,195,11,Piste 3a,730,suite,818,0.336368
1,195,11,Piste 3b,365,tentative,1183,0.108474
1,195,11,Piste 3b,365,suite,1183,0.22131
1,195,11,Piste 3b,730,tentative,818,0.18217
1,195,11,Piste 3b,730,suite,818,0.465351
1,195,11,Piste 3c,365,tentative,1183,0.0702239
1,195,11,Piste 3c,365,suite,1183,0.240702
1,195,11,Piste 3c,730,tentative,818,0.0969625
1,195,11,Piste 3c,730,suite,818,0.474338
1,196,11,Référence,365,tentative,1183,0.0519648
1,196,11,Référence,365,suite,1183,0.141369
1,196,11,Référence,730,tentative,818,0.0719007
1,196,11,Référence,730,suite,818,0.38764
1,196,11,Piste 1,365,tentative,1183,0.0590108
1,196,11,Piste 1,365,suite,1183,0.167686
1,196,11,Piste 1,730,tentative,818,0.0816822
1,196,11,Piste 1,730,suite,818,0.45984
1,196,11,Piste 2,365,tentative,1183,0.0904859
1,196,11,Piste 2,365,suite,1183,0.204525
1,196,11,Piste 2,730,tentative,818,0.124745
1,196,11,Piste 2,730,suite,818,0.500636
1,196,11,Piste 3a,365,tentative,1183,0.0509746
1,196,11,Piste 3a,365,suite,1183,0.139186
1,196,11,Piste 3a,730,tentative,818,0.0695007
1,196,11,Piste 3a,730,suite,818,0.382926
1,196,11,Piste 3b,365,tentative,1183,0.0770514
1,196,11,Piste 3b,365,suite,1183,0.172066
1,196,11,Piste 3b,730,tentative,818,0.10592
1,196,11,Piste 3b,730,suite,818,0.423185
1,196,11,Piste 3c,365,tentative,1183,0.0543365
1,196,11,Piste 3c,365,suite,1183,0.194852
1,196,11,Piste 3c,730,tentative,818,0.0717273
1,196,11,Piste 3c,730,suite,818,0.484644
1,197,12,Référence,365,tentative,1183,0.0375085
1,197,12,Référence,365,suite,1183,0.0664365
1,197,12,Référence,730,tentative,818,0.0602706
1,197,12,Référence,730,suite,818,0.227371
1,197,12,Piste 1,365,tentative,1183,0.0265104
1,197,12,Piste 1,365,suite,1183,0.0475119
1,197,12,Piste 1,730,tentative,818,0.045937
1,197,12,Piste 1,730,suite,818,0.19436
1,197,12,Piste 2,365,tentative,1183,0.0181584
1,197,12,Piste 2,365,suite,1183,0.0739474
1,197,12,Piste 2,730,tentative,818,0.027198
1,197,12,Piste 2,730,suite,818,0.251711
1,197,12,Piste 3a,365,tentative,1183,0.0455221
1,197,12,Piste 3a,365,suite,1183,0.0609433
1,197,12,Piste 3a,730,tentative,818,0.0797041
1,197,12,Piste 3a,730,suite,818,0.209129
1,197,12,Piste 3b,365,tentative,1183,0.0309889
1,197,12,Piste 3b,365,suite,1183,0.0817285
1,197,12,Piste 3b,730,tentative,818,0.0498569
1,197,12,Piste 3b,730,suite,818,0.254896
1,197,12,Piste 3c,365,tentative,1183,0.0123354
1,197,12,Piste 3c,365,suite,1183,0.110084
1,197,12,Piste 3c,730,tentative,818,0.0187599
1,197,12,Piste 3c,730,suite,818,0.311672
1,198,11,Référence,365,tentative,1183,0.015326
1,198,11,Référence,365,suite,1183,0.0563239
1,198,11,Référence,730,tentative,818,0.0143642
1,198,11,Référence,730,suite,818,0.0946124
1,198,11,Piste 1,365,tentative,1183,0.0207257
1,198,11,Piste 1,365,suite,1183,0.0491262
1,198,11,Piste 1,730,tentative,818,0.0197908
1,198,11,Piste 1,730,suite,818,0.0833451
1,198,11,Piste 2,365,tentative,1183,0.020608
1,198,11,Piste 2,365,suite,1183,0.0579507
1,198,11,Piste 2,730,tentative,818,0.0208242
1,198,11,Piste 2,730,suite,818,0.081899
1,198,11,Piste 3a,365,tentative,1183,0.0162433
1,198,11,Piste 3a,365,suite,1183,0.0538089
1,198,11,Piste 3a,730,tentative,818,0.0158398
1,198,11,Piste 3a,730,suite,818,0.0923127
1,198,11,Piste 3b,365,tentative,1183,0.0174061
1,198,11,Piste 3b,365,suite,1183,0.0631668
1,198,11,Piste 3b,730,tentative,818,0.0181606
1,198,11,Piste 3b,730,suite,818,0.0896952
1,198,11,Piste 3c,365,tentative,1183,0.00354306
1,198,11,Piste 3c,365,suite,1183,0.0878061
1,198,11,Piste 3c,730,tentative,818,-0.000223163
1,198,11,Piste 3c,730,suite,818,0.154721
1,199,12,Référence,365,tentative,1183,0.00658591
1,199,12,Référence,365,suite,1183,0.033441
1,199,12,Référence,730,tentative,818,0.0119342
1,199,12,Référence,730,suite,818,0.0625505
1,199,12,Piste 1,365,tentative,1183,0.00965059
1,199,12,Piste 1,365,suite,1183,0.0441762
1,199,12,Piste 1,730,tentative,818,0.0163663
1,199,12,Piste 1,730,suite,818,0.0846607
1,199,12,Piste 2,365,tentative,1183,0.015859
1,199,12,Piste 2,365,suite,1183,0.0705295
1,199,12,Piste 2,730,tentative,818,0.025345
1,199,12,Piste 2,730,suite,818,0.135031
1,199,12,Piste 3a,365,tentative,1183,0.00872044
1,199,12,Piste 3a,365,suite,1183,0.0366606
1,199,12,Piste 3a,730,tentative,818,0.0150211
1,199,12,Piste 3a,730,suite,818,0.0526076
1,199,12,Piste 3b,365,tentative,1183,0.0130318
1,199,12,Piste 3b,365,suite,1183,0.0569631
1,199,12,Piste 3b,730,tentative,818,0.0212562
1,199,12,Piste 3b,730,suite,818,0.10387
1,199,12,Piste 3c,365,tentative,1183,0.0137775
1,199,12,Piste 3c,365,suite,1183,0.0538909
1,199,12,Piste 3c,730,tentative,818,0.0223347
1,199,12,Piste 3c,730,suite,818,0.1082
4,0,10,Référence,365,tentative,1183,0.0351177
4,0,10,Référence,365,suite,1183,0.121779
4,0,10,Référence,730,tentative,818,0.0285871
4,0,10,Référence,730,suite,818,0.272228
4,0,10,Piste 1,365,tentative,1183,0.0350272
4,0,10,Piste 1,365,suite,1183,0.142924
4,0,10,Piste 1,730,tentative,818,0.0229543
4,0,10,Piste 1,730,suite,818,0.295962
4,0,10,Piste 2,365,tentative,1183,0.0283543
4,0,10,Piste 2,365,suite,1183,0.167492
4,0,10,Piste 2,730,tentative,818,0.0186007
4,0,10,Piste 2,730,suite,818,0.369949
4,0,10,Piste 3a,365,tentative,1183,0.0340168
4,0,10,Piste 3a,365,suite,1183,0.123552
4,0,10,Piste 3a,730,tentative,818,0.0233851
4,0,10,Piste 3a,730,suite,818,0.251167
4,0,10,Piste 3b,365,tentative,1183,0.0322776
4,0,10,Piste 3b,365,suite,1183,0.138295
4,0,10,Piste 3b,730,tentative,818,0.0192677
4,0,10,Piste 3b,730,suite,818,0.286405
4,0,10,Piste 3c,365,tentative,1183,0.0257593
4,0,10,Piste 3c,365,suite,1183,0.17216
4,0,10,Piste 3c,730,tentative,818,0.0171366
4,0,10,Piste 3c,730,suite,818,0.363753
4,1,8,Référence,365,tentative,1183,0.0841585
4,1,8,Référence,365,suite,1183,0.169695
4,1,8,Référence,730,tentative,818,0.0508473
4,1,8,Référence,730,suite,818,0.335592
4,1,8,Piste 1,365,tentative,1183,0.103175
4,1,8,Piste 1,365,suite,1183,0.203785
4,1,8,Piste 1,730,tentative,818,0.0630476
4,1,8,Piste 1,730,suite,818,0.409157
4,1,8,Piste 2,365,tentative,1183,0.0874002
4,1,8,Piste 2,365,suite,1183,0.237767
4,1,8,Piste 2,730,tentative,818,0.0635806
4,1,8,Piste 2,730,suite,818,0.468608
4,1,8,Piste 3a,365,tentative,1183,0.0880158
4,1,8,Piste 3a,365,suite,1183,0.174741
4,1,8,Piste 3a,730,tentative,818,0.0553178
4,1,8,Piste 3a,730,suite,818,0.350361
4,1,8,Piste 3b,365,tentative,1183,0.0725498
4,1,8,Piste 3b,365,suite,1183,0.197833
4,1,8,Piste 3b,730,tentative,818,0.0559701
4,1,8,Piste 3b,730,suite,818,0.40372
4,1,8,Piste 3c,365,tentative,1183,0.0724249
4,1,8,Piste 3c,365,suite,1183,0.218821
4,1,8,Piste 3c,730,tentative,818,0.0608774
4,1,8,Piste 3c,730,suite,818,0.450598
4,2,8,Référence,365,tentative,1183,0.0540567
4,2,8,Référence,365,suite,1183,0.137733
4,2,8,Référence,730,tentative,818,0.0672563
4,2,8,Référence,730,suite,818,0.378855
4,2,8,Piste 1,365,tentative,1183,0.0631166
4,2,8,Piste 1,365,suite,1183,0.168806
4,2,8,Piste 1,730,tentative,818,0.0781759
4,2,8,Piste 1,730,suite,818,0.466536
4,2,8,Piste 2,365,tentative,1183,0.0686792
4,2,8,Piste 2,365,suite,1183,0.18183
4,2,8,Piste 2,730,tentative,818,0.0852255
4,2,8,Piste 2,730,suite,818,0.475496
4,2,8,Piste 3a,365,tentative,1183,0.0491949
4,2,8,Piste 3a,365,suite,1183,0.130535
4,2,8,Piste 3a,730,tentative,818,0.0591448
4,2,8,Piste 3a,730,suite,818,0.340735
4,2,8,Piste 3b,365,tentative,1183,0.0520635
4,2,8,Piste 3b,365,suite,1183,0.144918
4,2,8,Piste 3b,730,tentative,818,0.0629771
4,2,8,Piste 3b,730,suite,818,0.382535
4,2,8,Piste 3c,365,tentative,1183,0.054007
4,2,8,Piste 3c,365,suite,1183,0.158475
4,2,8,Piste 3c,730,tentative,818,0.0638654
4,2,8,Piste 3c,730,suite,818,0.419248
4,3,7,Référence,365,tentative,1183,0.0148123
4,3,7,Référence,365,suite,1183,0.0437157
4,3,7,Référence,730,tentative,818,0.00354413
4,3,7,Référence,730,suite,818,0.0997697
4,3,7,Piste 1,365,tentative,1183,0.00761421
4,3,7,Piste 1,365,suite,1183,0.0249094
4,3,7,Piste 1,730,tentative,818,0.00208286
4,3,7,Piste 1,730,suite,818,0.0830804
4,3,7,Piste 2,365,tentative,1183,0.0165365
4,3,7,Piste 2,365,suite,1183,0.0617287
4,3,7,Piste 2,730,tentative,818,0.00482129
4,3,7,Piste 2,730,suite,818,0.19162
4,3,7,Piste 3a,365,tentative,1183,0.019377
4,3,7,Piste 3a,365,suite,1183,0.0516289
4,3,7,Piste 3a,730,tentative,818,0.00903894
4,3,7,Piste 3a,730,suite,818,0.118078
4,3,7,Piste 3b,365,tentative,1183,0.0197201
4,3,7,Piste 3b,365,suite,1183,0.0900071
4,3,7,Piste 3b,730,tentative,818,0.00581906
4,3,7,Piste 3b,730,suite,818,0.230757
4,3,7,Piste 3c,365,tentative,1183,0.019067
4,3,7,Piste 3c,365,suite,1183,0.128951
4,3,7,Piste 3c,730,tentative,818,0.00573399
4,3,7,Piste 3c,730,suite,818,0.364131
4,4,10,Référence,365,tentative,1183,0.179353
4,4,10,Référence,365,suite,1183,0.242966
4,4,10,Référence,730,tentative,818,0.375464
4,4,10,Référence,730,suite,818,0.864556
4,4,10,Piste 1,365,tentative,1183,0.0828484
4,4,10,Piste 1,365,suite,1183,0.185895
4,4,10,Piste 1,730,tentative,818,0.109857
4,4,10,Piste 1,730,suite,818,0.517951
4,4,10,Piste 2,365,tentative,1183,0.0845675
4,4,10,Piste 2,365,suite,1183,0.336498
4,4,10,Piste 2,730,tentative,818,0.107054
4,4,10,Piste 2,730,suite,818,1.10529
4,4,10,Piste 3a,365,tentative,1183,0.206215
4,4,10,Piste 3a,365,suite,1183,0.318142
4,4,10,Piste 3a,730,tentative,818,0.287915
4,4,10,Piste 3a,730,suite,818,0.916605
4,4,10,Piste 3b,365,tentative,1183,0.180766
4,4,10,Piste 3b,365,suite,1183,0.389184
4,4,10,Piste 3b,730,tentative,818,0.242788
4,4,10,Piste 3b,730,suite,818,1.26133
4,4,10,Piste 3c,365,tentative,1183,0.129737
4,4,10,Piste 3c,365,suite,1183,0.363869
4,4,10,Piste 3c,730,tentative,818,0.187954
4,4,10,Piste 3c,730,suite,818,0.997459
4,5,10,Référence,365,tentative,1183,0.0420053
4,5,10,Référence,365,suite,1183,0.0605921
4,5,10,Référence,730,tentative,818,0.0706163
4,5,10,Référence,730,suite,818,0.109389
4,5,10,Piste 1,365,tentative,1183,0.0418637
4,5,10,Piste 1,365,suite,1183,0.0671859
4,5,10,Piste 1,730,tentative,818,0.0688546
4,5,10,Piste 1,730,suite,818,0.111482
4,5,10,Piste 2,365,tentative,1183,0.0345654
4,5,10,Piste 2,365,suite,1183,0.0816532
4,5,10,Piste 2,730,tentative,818,0.0512725
4,5,10,Piste 2,730,suite,818,0.149109
4,5,10,Piste 3a,365,tentative,1183,0.0492705
4,5,10,Piste 3a,365,suite,1183,0.073421
4,5,10,Piste 3a,730,tentative,818,0.0813727
4,5,10,Piste 3a,730,suite,818,0.136543
4,5,10,Piste 3b,365,tentative,1183,0.0387267
4,5,10,Piste 3b,365,suite,1183,0.0954329
4,5,10,Piste 3b,730,tentative,818,0.0566957
4,5,10,Piste 3b,730,suite,818,0.174312
4,5,10,Piste 3c,365,tentative,1183,0.0412021
4,5,10,Piste 3c,365,suite,1183,0.0947007
4,5,10,Piste 3c,730,tentative,818,0.0594121
4,5,10,Piste 3c,730,suite,818,0.178143
4,6,8,Référence,365,tentative,1183,0.0955949
4,6,8,Référence,365,suite,1183,0.213342
4,6,8,Référence,730,tentative,818,0.0691165
4,6,8,Référence,730,suite,818,0.488212
4,6,8,Piste 1,365,tentative,1183,0.0874172
4,6,8,Piste 1,365,suite,1183,0.2198
4,6,8,Piste 1,730,tentative,818,0.0659377
4,6,8,Piste 1,730,suite,818,0.491638
4,6,8,Piste 2,365,tentative,1183,0.0749344
4,6,8,Piste 2,365,suite,1183,0.207289
4,6,8,Piste 2,730,tentative,818,0.0495349
4,6,8,Piste 2,730,suite,818,0.487397
4,6,8,Piste 3a,365,tentative,1183,0.0966961
4,6,8,Piste 3a,365,suite,1183,0.259895
4,6,8,Piste 3a,730,tentative,818,0.0570461
4,6,8,Piste 3a,730,suite,818,0.555909
4,6,8,Piste 3b,365,tentative,1183,0.0861641
4,6,8,Piste 3b,365,suite,1183,0.246202
4,6,8,Piste 3b,730,tentative,818,0.0548601
4,6,8,Piste 3b,730,suite,818,0.555768
4,6,8,Piste 3c,365,tentative,1183,0.0901954
4,6,8,Piste 3c,365,suite,1183,0.281977
4,6,8,Piste 3c,730,tentative,818,0.0693194
4,6,8,Piste 3c,730,suite,818,0.626919
4,7,11,Référence,365,tentative,1183,0.0502912
4,7,11,Référence,365,suite,1183,0.0997592
4,7,11,Référence,730,tentative,818,0.0749329
4,7,11,Référence,730,suite,818,0.229805
4,7,11,Piste 1,365,tentative,1183,0.046129
4,7,11,Piste 1,365,suite,1183,0.102026
4,7,11,Piste 1,730,tentative,818,0.0654646
4,7,11,Piste 1,730,suite,818,0.247119
4,7,11,Piste 2,365,tentative,1183,0.0411801
4,7,11,Piste 2,365,suite,1183,0.118829
4,7,11,Piste 2,730,tentative,818,0.0558357
4,7,11,Piste 2,730,suite,818,0.25863
4,7,11,Piste 3a,365,tentative,1183,0.0530226
4,7,11,Piste 3a,365,suite,1183,0.099445
4,7,11,Piste 3a,730,tentative,818,0.0768336
4,7,11,Piste 3a,730,suite,818,0.226227
4,7,11,Piste 3b,365,tentative,1183,0.0443852
4,7,11,Piste 3b,365,suite,1183,0.107528
4,7,11,Piste 3b,730,tentative,818,0.0622186
4,7,11,Piste 3b,730,suite,818,0.242761
4,7,11,Piste 3c,365,tentative,1183,0.0333297
4,7,11,Piste 3c,365,suite,1183,0.219075
4,7,11,Piste 3c,730,tentative,818,0.0397771
4,7,11,Piste 3c,730,suite,818,0.565232
4,8,8,Référence,365,tentative,1183,0.0257545
4,8,8,Référence,365,suite,1183,0.0972072
4,8,8,Référence,730,tentative,818,0.0391723
4,8,8,Référence,730,suite,818,0.175244
4,8,8,Piste 1,365,tentative,1183,0.0307199
4,8,8,Piste 1,365,suite,1183,0.10901
4,8,8,Piste 1,730,tentative,818,0.0462882
4,8,8,Piste 1,730,suite,818,0.191861
4,8,8,Piste 2,365,tentative,1183,0.0359567
4,8,8,Piste 2,365,suite,1183,0.140287
4,8,8,Piste 2,730,tentative,818,0.0532327
4,8,8,Piste 2,730,suite,818,0.288222
4,8,8,Piste 3a,365,tentative,1183,0.0280886
4,8,8,Piste 3a,365,suite,1183,0.0967559
4,8,8,Piste 3a,730,tentative,818,0.0412515
4,8,8,Piste 3a,730,suite,818,0.159749
4,8,8,Piste 3b,365,tentative,1183,0.0341851
4,8,8,Piste 3b,365,suite,1183,0.140877
4,8,8,Piste 3b,730,tentative,818,0.0495126
4,8,8,Piste 3b,730,suite,818,0.295003
4,8,8,Piste 3c,365,tentative,1183,0.0389522
4,8,8,Piste 3c,365,suite,1183,0.149676
4,8,8,Piste 3c,730,tentative,818,0.0573429
4,8,8,Piste 3c,730,suite,818,0.292388
4,9,9,Référence,365,tentative,1183,0.0175291
4,9,9,Référence,365,suite,1183,0.0879611
4,9,9,Référence,730,tentative,818,0.0134693
4,9,9,Référence,730,suite,818,0.215911
4,9,9,Piste 1,365,tentative,1183,0.0212225
4,9,9,Piste 1,365,suite,1183,0.10548
4,9,9,Piste 1,730,tentative,818,0.0153819
4,9,9,Piste 1,730,suite,818,0.23465
4,9,9,Piste 2,365,tentative,1183,0.0155049
4,9,9,Piste 2,365,suite,1183,0.124574
4,9,9,Piste 2,730,tentative,818,0.0149592
4,9,9,Piste 2,730,suite,818,0.292429
4,9,9,Piste 3a,365,tentative,1183,0.0450192
4,9,9,Piste 3a,365,suite,1183,0.112897
4,9,9,Piste 3a,730,tentative,818,0.0198526
4,9,9,Piste 3a,730,suite,818,0.26841
4,9,9,Piste 3b,365,tentative,1183,0.0228563
4,9,9,Piste 3b,365,suite,1183,0.143608
4,9,9,Piste 3b,730,tentative,818,0.0205865
4,9,9,Piste 3b,730,suite,818,0.342012
4,9,9,Piste 3c,365,tentative,1183,0.012556
4,9,9,Piste 3c,365,suite,1183,0.143282
4,9,9,Piste 3c,730,tentative,818,0.00879548
4,9,9,Piste 3c,730,suite,818,0.347588
4,10,9,Référence,365,tentative,1183,-0.000523395
4,10,9,Référence,365,suite,1183,0.0112573
4,10,9,Référence,730,tentative,818,-0.00465609
4,10,9,Référence,730,suite,818,0.0113995
4,10,9,Piste 1,365,tentative,1183,0.000687065
4,10,9,Piste 1,365,suite,1183,0.018433
4,10,9,Piste 1,730,tentative,818,-0.00454964
4,10,9,Piste 1,730,suite,818,0.0292109
4,10,9,Piste 2,365,tentative,1183,-0.00142987
4,10,9,Piste 2,365,suite,1183,0.0260423
4,10,9,Piste 2,730,tentative,818,-0.00518989
4,10,9,Piste 2,730,suite,818,0.0288819
4,10,9,Piste 3a,365,tentative,1183,-0.000270945
4,10,9,Piste 3a,365,suite,1183,0.0104249
4,10,9,Piste 3a,730,tentative,818,-0.004291
4,10,9,Piste 3a,730,suite,818,-0.000937103
4,10,9,Piste 3b,365,tentative,1183,-0.00205858
4,10,9,Piste 3b,365,suite,1183,0.0142864
4,10,9,Piste 3b,730,tentative,818,-0.00498293
4,10,9,Piste 3b,730,suite,818,0.0303304
4,10,9,Piste 3c,365,tentative,1183,-0.00347894
4,10,9,Piste 3c,365,suite,1183,0.0137847
4,10,9,Piste 3c,730,tentative,818,-0.00474451
4,10,9,Piste 3c,730,suite,818,0.0223451
4,11,9,Référence,365,tentative,1183,0.00895711
4,11,9,Référence,365,suite,1183,0.109634
4,11,9,Référence,730,tentative,818,0.00833564
4,11,9,Référence,730,suite,818,0.133628
4,11,9,Piste 1,365,tentative,1183,0.00166665
4,11,9,Piste 1,365,suite,1183,0.0732262
4,11,9,Piste 1,730,tentative,818,-0.00295683
4,11,9,Piste 1,730,suite,818,0.240262
4,11,9,Piste 2,365,tentative,1183,0.0101777
4,11,9,Piste 2,365,suite,1183,0.069395
4,11,9,Piste 2,730,tentative,818,0.0144556
4,11,9,Piste 2,730,suite,818,0.0844096
4,11,9,Piste 3a,365,tentative,1183,0.00321235
4,11,9,Piste 3a,365,suite,1183,0.0879996
4,11,9,Piste 3a,730,tentative,818,-0.00178225
4,11,9,Piste 3a,730,suite,818,0.287959
4,11,9,Piste 3b,365,tentative,1183,0.0190193
4,11,9,Piste 3b,365,suite,1183,0.204144
4,11,9,Piste 3b,730,tentative,818,0.0267849
4,11,9,Piste 3b,730,suite,818,0.45892
4,11,9,Piste 3c,365,tentative,1183,0.0289256
4,11,9,Piste 3c,365,suite,1183,0.281447
4,11,9,Piste 3c,730,tentative,818,0.0388021
4,11,9,Piste 3c,730,suite,818,0.573175
4,12,9,Référence,365,tentative,1183,0.0377037
4,12,9,Référence,365,suite,1183,0.0513457
4,12,9,Référence,730,tentative,818,0.0573186
4,12,9,Référence,730,suite,818,0.251971
4,12,9,Piste 1,365,tentative,1183,0.0147898
4,12,9,Piste 1,365,suite,1183,0.0346493
4,12,9,Piste 1,730,tentative,818,0.0237987
4,12,9,Piste 1,730,suite,818,0.0995544
4,12,9,Piste 2,365,tentative,1183,0.017173
4,12,9,Piste 2,365,suite,1183,0.0497788
4,12,9,Piste 2,730,tentative,818,0.0272453
4,12,9,Piste 2,730,suite,818,0.121669
4,12,9,Piste 3a,365,tentative,1183,0.0513654
4,12,9,Piste 3a,365,suite,1183,0.0663927
4,12,9,Piste 3a,730,tentative,818,0.0772353
4,12,9,Piste 3a,730,suite,818,0.333722
4,12,9,Piste 3b,365,tentative,1183,0.0493573
4,12,9,Piste 3b,365,suite,1183,0.0930103
4,12,9,Piste 3b,730,tentative,818,0.0737539
4,12,9,Piste 3b,730,suite,818,0.409597
4,12,9,Piste 3c,365,tentative,1183,0.0326478
4,12,9,Piste 3c,365,suite,1183,0.080322
4,12,9,Piste 3c,730,tentative,818,0.0496252
4,12,9,Piste 3c,730,suite,818,0.313624
4,13,8,Référence,365,tentative,1183,0.0118652
4,13,8,Référence,365,suite,1183,0.0133322
4,13,8,Référence,730,tentative,818,0.0195691
4,13,8,Référence,730,suite,818,0.0536926
4,13,8,Piste 1,365,tentative,1183,0.0163725
4,13,8,Piste 1,365,suite,1183,0.0201083
4,13,8,Piste 1,730,tentative,818,0.0260877
4,13,8,Piste 1,730,suite,818,0.0692878
4,13,8,Piste 2,365,tentative,1183,0.00977056
4,13,8,Piste 2,365,suite,1183,0.0113745
4,13,8,Piste 2,730,tentative,818,0.0165398
4,13,8,Piste 2,730,suite,818,0.0261772
4,13,8,Piste 3a,365,tentative,1183,0.0148472
4,13,8,Piste 3a,365,suite,1183,0.0173266
4,13,8,Piste 3a,730,tentative,818,0.0238818
4,13,8,Piste 3a,730,suite,818,0.0593775
4,13,8,Piste 3b,365,tentative,1183,0.0164151
4,13,8,Piste 3b,365,suite,1183,0.0266181
4,13,8,Piste 3b,730,tentative,818,0.0258194
4,13,8,Piste 3b,730,suite,818,0.0655658
4,13,8,Piste 3c,365,tentative,1183,0.0237977
4,13,8,Piste 3c,365,suite,1183,0.0616343
4,13,8,Piste 3c,730,tentative,818,0.0318697
4,13,8,Piste 3c,730,suite,818,0.161785
4,14,9,Référence,365,tentative,1183,0.0501422
4,14,9,Référence,365,suite,1183,0.148206
4,14,9,Référence,730,tentative,818,0.0450684
4,14,9,Référence,730,suite,818,0.319666
4,14,9,Piste 1,365,tentative,1183,0.0519153
4,14,9,Piste 1,365,suite,1183,0.174487
4,14,9,Piste 1,730,tentative,818,0.0399258
4,14,9,Piste 1,730,suite,818,0.393794
4,14,9,Piste 2,365,tentative,1183,0.0479286
4,14,9,Piste 2,365,suite,1183,0.20742
4,14,9,Piste 2,730,tentative,818,0.0353059
4,14,9,Piste 2,730,suite,818,0.447568
4,14,9,Piste 3a,365,tentative,1183,0.0476388
4,14,9,Piste 3a,365,suite,1183,0.132099
4,14,9,Piste 3a,730,tentative,818,0.039131
4,14,9,Piste 3a,730,suite,818,0.315411
4,14,9,Piste 3b,365,tentative,1183,0.042222
4,14,9,Piste 3b,365,suite,1183,0.174032
4,14,9,Piste 3b,730,tentative,818,0.0350746
4,14,9,Piste 3b,730,suite,818,0.387595
4,14,9,Piste 3c,365,tentative,1183,0.0407163
4,14,9,Piste 3c,365,suite,1183,0.207094
4,14,9,Piste 3c,730,tentative,818,0.0291506
4,14,9,Piste 3c,730,suite,818,0.464884
4,15,7,Référence,365,tentative,1183,0.0697058
4,15,7,Référence,365,suite,1183,0.137344
4,15,7,Référence,730,tentative,818,0.092714
4,15,7,Référence,730,suite,818,0.474077
4,15,7,Piste 1,365,tentative,1183,0.0367839
4,15,7,Piste 1,365,suite,1183,0.0866737
4,15,7,Piste 1,730,tentative,818,0.0403681
4,15,7,Piste 1,730,suite,818,0.287775
4,15,7,Piste 2,365,tentative,1183,0.033224
4,15,7,Piste 2,365,suite,1183,0.110068
4,15,7,Piste 2,730,tentative,818,0.0367705
4,15,7,Piste 2,730,suite,818,0.340866
4,15,7,Piste 3a,365,tentative,1183,0.0659035
4,15,7,Piste 3a,365,suite,1183,0.132383
4,15,7,Piste 3a,730,tentative,818,0.0798809
4,15,7,Piste 3a,730,suite,818,0.340616
4,15,7,Piste 3b,365,tentative,1183,0.0543145
4,15,7,Piste 3b,365,suite,1183,0.129144
4,15,7,Piste 3b,730,tentative,818,0.0606922
4,15,7,Piste 3b,730,suite,818,0.345869
4,15,7,Piste 3c,365,tentative,1183,0.0394865
4,15,7,Piste 3c,365,suite,1183,0.148477
4,15,7,Piste 3c,730,tentative,818,0.0437685
4,15,7,Piste 3c,730,suite,818,0.367598
4,16,11,Référence,365,tentative,1183,0.012966
4,16,11,Référence,365,suite,1183,0.0590633
4,16,11,Référence,730,tentative,818,0.0103027
4,16,11,Référence,730,suite,818,0.205389
4,16,11,Piste 1,365,tentative,1183,0.0152476
4,16,11,Piste 1,365,suite,1183,0.068832
4,16,11,Piste 1,730,tentative,818,0.0122133
4,16,11,Piste 1,730,suite,818,0.227917
4,16,11,Piste 2,365,tentative,1183,0.0160311
4,16,11,Piste 2,365,suite,1183,0.0632212
4,16,11,Piste 2,730,tentative,818,0.00796481
4,16,11,Piste 2,730,suite,818,0.224244
4,16,11,Piste 3a,365,tentative,1183,0.0212756
4,16,11,Piste 3a,365,suite,1183,0.0721304
4,16,11,Piste 3a,730,tentative,818,0.00591636
4,16,11,Piste 3a,730,suite,818,0.20811
4,16,11,Piste 3b,365,tentative,1183,0.0209675
4,16,11,Piste 3b,365,suite,1183,0.0796846
4,16,11,Piste 3b,730,tentative,818,0.00778139
4,16,11,Piste 3b,730,suite,818,0.243931
4,16,11,Piste 3c,365,tentative,1183,0.0140176
4,16,11,Piste 3c,365,suite,1183,0.0724483
4,16,11,Piste 3c,730,tentative,818,0.00692567
4,16,11,Piste 3c,730,suite,818,0.188592
4,17,9,Référence,365,tentative,1183,0.0238528
4,17,9,Référence,365,suite,1183,0.11247
4,17,9,Référence,730,tentative,818,0.0250733
4,17,9,Référence,730,suite,818,0.567022
4,17,9,Piste 1,365,tentative,1183,0.0235795
4,17,9,Piste 1,365,suite,1183,0.122342
4,17,9,Piste 1,730,tentative,818,0.0272124
4,17,9,Piste 1,730,suite,818,0.302655
4,17,9,Piste 2,365,tentative,1183,0.0208564
4,17,9,Piste 2,365,suite,1183,0.180367
4,17,9,Piste 2,730,tentative,818,0.0267327
4,17,9,Piste 2,730,suite,818,0.533667
4,17,9,Piste 3a,365,tentative,1183,0.02829
4,17,9,Piste 3a,365,suite,1183,0.134092
4,17,9,Piste 3a,730,tentative,818,0.0278919
4,17,9,Piste 3a,730,suite,818,0.35934
4,17,9,Piste 3b,365,tentative,1183,0.0282238
4,17,9,Piste 3b,365,suite,1183,0.222268
4,17,9,Piste 3b,730,tentative,818,0.0346135
4,17,9,Piste 3b,730,suite,818,0.64168
4,17,9,Piste 3c,365,tentative,1183,0.0253122
4,17,9,Piste 3c,365,suite,1183,0.209788
4,17,9,Piste 3c,730,tentative,818,0.0256435
4,17,9,Piste 3c,730,suite,818,0.613014
4,18,8,Référence,365,tentative,1183,0.0221351
4,18,8,Référence,365,suite,1183,0.0428571
4,18,8,Référence,730,tentative,818,0.0105693
4,18,8,Référence,730,suite,818,0.125115
4,18,8,Piste 1,365,tentative,1183,0.0208991
4,18,8,Piste 1,365,suite,1183,0.0499328
4,18,8,Piste 1,730,tentative,818,0.00932573
4,18,8,Piste 1,730,suite,818,0.146619
4,18,8,Piste 2,365,tentative,1183,0.021172
4,18,8,Piste 2,365,suite,1183,0.0688358
4,18,8,Piste 2,730,tentative,818,0.00825062
4,18,8,Piste 2,730,suite,818,0.175516
4,18,8,Piste 3a,365,tentative,1183,0.021183
4,18,8,Piste 3a,365,suite,1183,0.0432338
4,18,8,Piste 3a,730,tentative,818,0.0077031
4,18,8,Piste 3a,730,suite,818,0.121696
4,18,8,Piste 3b,365,tentative,1183,0.0221258
4,18,8,Piste 3b,365,suite,1183,0.0487771
4,18,8,Piste 3b,730,tentative,818,0.00667835
4,18,8,Piste 3b,730,suite,818,0.126081
4,18,8,Piste 3c,365,tentative,1183,0.0252363
4,18,8,Piste 3c,365,suite,1183,0.0666445
4,18,8,Piste 3c,730,tentative,818,0.0066218
4,18,8,Piste 3c,730,suite,818,0.153197
4,19,9,Référence,365,tentative,1183,-0.00158771
4,19,9,Référence,365,suite,1183,-0.00263443
4,19,9,Référence,730,tentative,818,-3.98686e-05
4,19,9,Référence,730,suite,818,-0.0056265
4,19,9,Piste 1,365,tentative,1183,-0.000807271
4,19,9,Piste 1,365,suite,1183,-0.00288237
4,19,9,Piste 1,730,tentative,818,0.00100091
4,19,9,Piste 1,730,suite,818,0.00660703
4,19,9,Piste 2,365,tentative,1183,6.80151e-05
4,19,9,Piste 2,365,suite,1183,0.0164614
4,19,9,Piste 2,730,tentative,818,0.00195612
4,19,9,Piste 2,730,suite,818,0.0424284
4,19,9,Piste 3a,365,tentative,1183,-0.000764149
4,19,9,Piste 3a,365,suite,1183,-0.0029249
4,19,9,Piste 3a,730,tentative,818,0.00130442
4,19,9,Piste 3a,730,suite,818,0.0121712
4,19,9,Piste 3b,365,tentative,1183,-0.000568114
4,19,9,Piste 3b,365,suite,1183,0.00987816
4,19,9,Piste 3b,730,tentative,818,0.00143745
4,19,9,Piste 3b,730,suite,818,0.0454478
4,19,9,Piste 3c,365,tentative,1183,-0.00141008
4,19,9,Piste 3c,365,suite,1183,0.0027243
4,19,9,Piste 3c,730,tentative,818,0.000254916
4,19,9,Piste 3c,730,suite,818,0.0306211
4,20,8,Référence,365,tentative,1183,0.0167687
4,20,8,Référence,365,suite,1183,0.0278662
4,20,8,Référence,730,tentative,818,0.0246763
4,20,8,Référence,730,suite,818,0.0915632
4,20,8,Piste 1,365,tentative,1183,0.00297838
4,20,8,Piste 1,365,suite,1183,0.00753344
4,20,8,Piste 1,730,tentative,818,0.0050272
4,20,8,Piste 1,730,suite,818,0.0362518
4,20,8,Piste 2,365,tentative,1183,0.00366379
4,20,8,Piste 2,365,suite,1183,0.0360342
4,20,8,Piste 2,730,tentative,818,0.00600162
4,20,8,Piste 2,730,suite,818,0.0839134
4,20,8,Piste 3a,365,tentative,1183,0.00791436
4,20,8,Piste 3a,365,suite,1183,0.0247827
4,20,8,Piste 3a,730,tentative,818,0.0114331
4,20,8,Piste 3a,730,suite,818,0.0831317
4,20,8,Piste 3b,365,tentative,1183,0.0056762
4,20,8,Piste 3b,365,suite,1183,0.0357164
4,20,8,Piste 3b,730,tentative,818,0.00843536
4,20,8,Piste 3b,730,suite,818,0.0766565
4,20,8,Piste 3c,365,tentative,1183,0.00943433
4,20,8,Piste 3c,365,suite,1183,0.087725
4,20,8,Piste 3c,730,tentative,818,0.0125876
4,20,8,Piste 3c,730,suite,818,0.200734
4,21,9,Référence,365,tentative,1183,0.0622918
4,21,9,Référence,365,suite,1183,0.147866
4,21,9,Référence,730,tentative,818,0.0862798
4,21,9,Référence,730,suite,818,0.287631
4,21,9,Piste 1,365,tentative,1183,0.0508962
4,21,9,Piste 1,365,suite,1183,0.141539
4,21,9,Piste 1,730,tentative,818,0.0684925
4,21,9,Piste 1,730,suite,818,0.277906
4,21,9,Piste 2,365,tentative,1183,0.0422362
4,21,9,Piste 2,365,suite,1183,0.0929988
4,21,9,Piste 2,730,tentative,818,0.0552954
4,21,9,Piste 2,730,suite,818,0.158848
4,21,9,Piste 3a,365,tentative,1183,0.0523373
4,21,9,Piste 3a,365,suite,1183,0.142446
4,21,9,Piste 3a,730,tentative,818,0.0712417
4,21,9,Piste 3a,730,suite,818,0.278989
4,21,9,Piste 3b,365,tentative,1183,0.0449364
4,21,9,Piste 3b,365,suite,1183,0.0874876
4,21,9,Piste 3b,730,tentative,818,0.0601917
4,21,9,Piste 3b,730,suite,818,0.142282
4,21,9,Piste 3c,365,tentative,1183,0.0249443
4,21,9,Piste 3c,365,suite,1183,0.153696
4,21,9,Piste 3c,730,tentative,818,0.0338964
4,21,9,Piste 3c,730,suite,818,0.312953
4,22,7,Référence,365,tentative,1183,-0.00245278
4,22,7,Référence,365,suite,1183,-0.0163426
4,22,7,Référence,730,tentative,818,-0.0011377
4,22,7,Référence,730,suite,818,-0.029712
4,22,7,Piste 1,365,tentative,1183,-0.00271912
4,22,7,Piste 1,365,suite,1183,-0.0158916
4,22,7,Piste 1,730,tentative,818,-0.00152289
4,22,7,Piste 1,730,suite,818,-0.0248933
4,22,7,Piste 2,365,tentative,1183,-0.000547124
4,22,7,Piste 2,365,suite,1183,-0.0108083
4,22,7,Piste 2,730,tentative,818,0.00159437
4,22,7,Piste 2,730,suite,818,-0.0198637
4,22,7,Piste 3a,365,tentative,1183,-0.00217578
4,22,7,Piste 3a,365,suite,1183,-0.0144615
4,22,7,Piste 3a,730,tentative,818,-0.000737099
4,22,7,Piste 3a,730,suite,818,-0.0292836
4,22,7,Piste 3b,365,tentative,1183,0.00031404
4,22,7,Piste 3b,365,suite,1183,-0.00247923
4,22,7,Piste 3b,730,tentative,818,0.0028637
4,22,7,Piste 3b,730,suite,818,-0.0112588
4,22,7,Piste 3c,365,tentative,1183,0.0018833
4,22,7,Piste 3c,365,suite,1183,0.0154408
4,22,7,Piste 3c,730,tentative,818,0.00500707
4,22,7,Piste 3c,730,suite,818,0.019466
4,23,9,Référence,365,tentative,1183,0.00721882
4,23,9,Référence,365,suite,1183,0.0250874
4,23,9,Référence,730,tentative,818,-0.00526524
4,23,9,Référence,730,suite,818,0.0342185
4,23,9,Piste 1,365,tentative,1183,0.0111655
4,23,9,Piste 1,365,suite,1183,0.0291222
4,23,9,Piste 1,730,tentative,818,-0.00522863
4,23,9,Piste 1,730,suite,818,0.042601
4,23,9,Piste 2,365,tentative,1183,0.0103618
4,23,9,Piste 2,365,suite,1183,0.0626381
4,23,9,Piste 2,730,tentative,818,-0.00196666
4,23,9,Piste 2,730,suite,818,0.0899468
4,23,9,Piste 3a,365,tentative,1183,0.00747187
4,23,9,Piste 3a,365,suite,1183,0.028536
4,23,9,Piste 3a,730,tentative,818,-0.00524923
4,23,9,Piste 3a,730,suite,818,0.0561851
4,23,9,Piste 3b,365,tentative,1183,0.00771735
4,23,9,Piste 3b,365,suite,1183,0.0474486
4,23,9,Piste 3b,730,tentative,818,-0.00208805
4,23,9,Piste 3b,730,suite,818,0.0925756
4,23,9,Piste 3c,365,tentative,1183,0.00555177
4,23,9,Piste 3c,365,suite,1183,0.0673095
4,23,9,Piste 3c,730,tentative,818,-0.00092467
4,23,9,Piste 3c,730,suite,818,0.152688
4,24,6,Référence,365,tentative,1183,0.0581484
4,24,6,Référence,365,suite,1183,0.0942292
4,24,6,Référence,730,tentative,818,0.0828708
4,24,6,Référence,730,suite,818,0.289102
4,24,6,Piste 1,365,tentative,1183,0.0565037
4,24,6,Piste 1,365,suite,1183,0.108508
4,24,6,Piste 1,730,tentative,818,0.0595901
4,24,6,Piste 1,730,suite,818,0.301659
4,24,6,Piste 2,365,tentative,1183,0.0523664
4,24,6,Piste 2,365,suite,1183,0.150506
4,24,6,Piste 2,730,tentative,818,0.06572
4,24,6,Piste 2,730,suite,818,0.42408
4,24,6,Piste 3a,365,tentative,1183,0.0555602
4,24,6,Piste 3a,365,suite,1183,0.103596
4,24,6,Piste 3a,730,tentative,818,0.0629414
4,24,6,Piste 3a,730,suite,818,0.308324
4,24,6,Piste 3b,365,tentative,1183,0.06083
4,24,6,Piste 3b,365,suite,1183,0.138004
4,24,6,Piste 3b,730,tentative,818,0.0729991
4,24,6,Piste 3b,730,suite,818,0.404365
4,24,6,Piste 3c,365,tentative,1183,0.0476477
4,24,6,Piste 3c,365,suite,1183,0.149774
4,24,6,Piste 3c,730,tentative,818,0.0468508
4,24,6,Piste 3c,730,suite,818,0.418425
4,25,8,Référence,365,tentative,1183,0.00548167
4,25,8,Référence,365,suite,1183,0.0268219
4,25,8,Référence,730,tentative,818,0.00961765
4,25,8,Référence,730,suite,818,0.0800946
4,25,8,Piste 1,365,tentative,1183,0.00650857
4,25,8,Piste 1,365,suite,1183,0.0208985
4,25,8,Piste 1,730,tentative,818,0.0111749
4,25,8,Piste 1,730,suite,818,0.0513304
4,25,8,Piste 2,365,tentative,1183,0.00938711
4,25,8,Piste 2,365,suite,1183,0.0336564
4,25,8,Piste 2,730,tentative,818,0.0150604
4,25,8,Piste 2,730,suite,818,0.0881667
4,25,8,Piste 3a,365,tentative,1183,0.00875401
4,25,8,Piste 3a,365,suite,1183,0.0229144
4,25,8,Piste 3a,730,tentative,818,0.0142857
4,25,8,Piste 3a,730,suite,818,0.0584006
4,25,8,Piste 3b,365,tentative,1183,0.0115991
4,25,8,Piste 3b,365,suite,1183,0.0382493
4,25,8,Piste 3b,730,tentative,818,0.0179374
4,25,8,Piste 3b,730,suite,818,0.0924412
4,25,8,Piste 3c,365,tentative,1183,0.00840795
4,25,8,Piste 3c,365,suite,1183,0.0135719
4,25,8,Piste 3c,730,tentative,818,0.0131967
4,25,8,Piste 3c,730,suite,818,0.0335293
4,26,9,Référence,365,tentative,1183,0.069171
4,26,9,Référence,365,suite,1183,0.183407
4,26,9,Référence,730,tentative,818,0.0984875
4,26,9,Référence,730,suite,818,0.432117
4,26,9,Piste 1,365,tentative,1183,0.0740195
4,26,9,Piste 1,365,suite,1183,0.207058
4,26,9,Piste 1,730,tentative,818,0.104489
4,26,9,Piste 1,730,suite,818,0.465474
4,26,9,Piste 2,365,tentative,1183,0.0727207
4,26,9,Piste 2,365,suite,1183,0.236594
4,26,9,Piste 2,730,tentative,818,0.103799
4,26,9,Piste 2,730,suite,818,0.562636
4,26,9,Piste 3a,365,tentative,1183,0.0661559
4,26,9,Piste 3a,365,suite,1183,0.1812
4,26,9,Piste 3a,730,tentative,818,0.0937834
4,26,9,Piste 3a,730,suite,818,0.407217
4,26,9,Piste 3b,365,tentative,1183,0.0647327
4,26,9,Piste 3b,365,suite,1183,0.20449
4,26,9,Piste 3b,730,tentative,818,0.0926947
4,26,9,Piste 3b,730,suite,818,0.466295
4,26,9,Piste 3c,365,tentative,1183,0.054075
4,26,9,Piste 3c,365,suite,1183,0.220442
4,26,9,Piste 3c,730,tentative,818,0.0772992
4,26,9,Piste 3c,730,suite,818,0.518781
4,27,8,Référence,365,tentative,1183,0.089607
4,27,8,Référence,365,suite,1183,0.252683
4,27,8,Référence,730,tentative,818,0.0986534
4,27,8,Référence,730,suite,818,0.649296
4,27,8,Piste 1,365,tentative,1183,0.0909365
4,27,8,Piste 1,365,suite,1183,0.26234
4,27,8,Piste 1,730,tentative,818,0.091732
4,27,8,Piste 1,730,suite,818,0.676697
4,27,8,Piste 2,365,tentative,1183,0.0860983
4,27,8,Piste 2,365,suite,1183,0.304909
4,27,8,Piste 2,730,tentative,818,0.104105
4,27,8,Piste 2,730,suite,818,0.766936
4,27,8,Piste 3a,365,tentative,1183,0.095833
4,27,8,Piste 3a,365,suite,1183,0.265685
4,27,8,Piste 3a,730,tentative,818,0.0934312
4,27,8,Piste 3a,730,suite,818,0.699441
4,27,8,Piste 3b,365,tentative,1183,0.0961417
4,27,8,Piste 3b,365,suite,1183,0.321978
4,27,8,Piste 3b,730,tentative,818,0.11404
4,27,8,Piste 3b,730,suite,818,0.813152
4,27,8,Piste 3c,365,tentative,1183,0.0968341
4,27,8,Piste 3c,365,suite,1183,0.368716
4,27,8,Piste 3c,730,tentative,818,0.120424
4,27,8,Piste 3c,730,suite,818,0.900842
4,28,9,Référence,365,tentative,1183,0.0571638
4,28,9,Référence,365,suite,1183,0.176365
4,28,9,Référence,730,tentative,818,0.0746164
4,28,9,Référence,730,suite,818,0.46708
4,28,9,Piste 1,365,tentative,1183,0.0577462
4,28,9,Piste 1,365,suite,1183,0.18537
4,28,9,Piste 1,730,tentative,818,0.0768761
4,28,9,Piste 1,730,suite,818,0.513001
4,28,9,Piste 2,365,tentative,1183,0.0565728
4,28,9,Piste 2,365,suite,1183,0.241525
4,28,9,Piste 2,730,tentative,818,0.0708298
4,28,9,Piste 2,730,suite,818,0.675849
4,28,9,Piste 3a,365,tentative,1183,0.0667063
4,28,9,Piste 3a,365,suite,1183,0.186294
4,28,9,Piste 3a,730,tentative,818,0.0874196
4,28,9,Piste 3a,730,suite,818,0.500899
4,28,9,Piste 3b,365,tentative,1183,0.05722
4,28,9,Piste 3b,365,suite,1183,0.233369
4,28,9,Piste 3b,730,tentative,818,0.0698286
4,28,9,Piste 3b,730,suite,818,0.588665
4,28,9,Piste 3c,365,tentative,1183,0.0658926
4,28,9,Piste 3c,365,suite,1183,0.249936
4,28,9,Piste 3c,730,tentative,818,0.0796762
4,28,9,Piste 3c,730,suite,818,0.610249
4,29,9,Référence,365,tentative,1183,0.124934
4,29,9,Référence,365,suite,1183,0.302272
4,29,9,Référence,730,tentative,818,0.150189
4,29,9,Référence,730,suite,818,0.778538
4,29,9,Piste 1,365,tentative,1183,0.13735
4,29,9,Piste 1,365,suite,1183,0.352824
4,29,9,Piste 1,730,tentative,818,0.159535
4,29,9,Piste 1,730,suite,818,0.896617
4,29,9,Piste 2,365,tentative,1183,0.127976
4,29,9,Piste 2,365,suite,1183,0.387008
4,29,9,Piste 2,730,tentative,818,0.145513
4,29,9,Piste 2,730,suite,818,0.965578
4,29,9,Piste 3a,365,tentative,1183,0.125641
4,29,9,Piste 3a,365,suite,1183,0.309442
4,29,9,Piste 3a,730,tentative,818,0.148986
4,29,9,Piste 3a,730,suite,818,0.788416
4,29,9,Piste 3b,365,tentative,1183,0.117195
4,29,9,Piste 3b,365,suite,1183,0.33373
4,29,9,Piste 3b,730,tentative,818,0.13623
4,29,9,Piste 3b,730,suite,818,0.816811
4,29,9,Piste 3c,365,tentative,1183,0.116232
4,29,9,Piste 3c,365,suite,1183,0.345427
4,29,9,Piste 3c,730,tentative,818,0.138147
4,29,9,Piste 3c,730,suite,818,0.82637
4,30,11,Référence,365,tentative,1183,-0.0053169
4,30,11,Référence,365,suite,1183,-0.0303374
4,30,11,Référence,730,tentative,818,-0.0054
4,30,11,Référence,730,suite,818,-0.0594645
4,30,11,Piste 1,365,tentative,1183,-0.0054
4,30,11,Piste 1,365,suite,1183,-0.0310443
4,30,11,Piste 1,730,tentative,818,-0.0054
4,30,11,Piste 1,730,suite,818,-0.0598027
4,30,11,Piste 2,365,tentative,1183,-0.00484612
4,30,11,Piste 2,365,suite,1183,-0.0346213
4,30,11,Piste 2,730,tentative,818,-0.00514601
4,30,11,Piste 2,730,suite,818,-0.0695166
4,30,11,Piste 3a,365,tentative,1183,-0.00529763
4,30,11,Piste 3a,365,suite,1183,-0.029638
4,30,11,Piste 3a,730,tentative,818,-0.00537214
4,30,11,Piste 3a,730,suite,818,-0.0571987
4,30,11,Piste 3b,365,tentative,1183,-0.00368502
4,30,11,Piste 3b,365,suite,1183,-0.0284968
4,30,11,Piste 3b,730,tentative,818,-0.00335194
4,30,11,Piste 3b,730,suite,818,-0.0516944
4,30,11,Piste 3c,365,tentative,1183,-0.00362122
4,30,11,Piste 3c,365,suite,1183,-0.0395378
4,30,11,Piste 3c,730,tentative,818,-0.00369568
4,30,11,Piste 3c,730,suite,818,-0.0814705
4,31,9,Référence,365,tentative,1183,0.0690357
4,31,9,Référence,365,suite,1183,0.109136
4,31,9,Référence,730,tentative,818,0.048114
4,31,9,Référence,730,suite,818,0.179304
4,31,9,Piste 1,365,tentative,1183,0.0634515
4,31,9,Piste 1,365,suite,1183,0.108264
4,31,9,Piste 1,730,tentative,818,0.0285549
4,31,9,Piste 1,730,suite,818,0.197364
4,31,9,Piste 2,365,tentative,1183,0.0610118
4,31,9,Piste 2,365,suite,1183,0.124663
4,31,9,Piste 2,730,tentative,818,0.0286255
4,31,9,Piste 2,730,suite,818,0.221935
4,31,9,Piste 3a,365,tentative,1183,0.0608555
4,31,9,Piste 3a,365,suite,1183,0.106896
4,31,9,Piste 3a,730,tentative,818,0.032597
4,31,9,Piste 3a,730,suite,818,0.173095
4,31,9,Piste 3b,365,tentative,1183,0.057932
4,31,9,Piste 3b,365,suite,1183,0.124988
4,31,9,Piste 3b,730,tentative,818,0.0295692
4,31,9,Piste 3b,730,suite,818,0.238345
4,31,9,Piste 3c,365,tentative,1183,0.0518831
4,31,9,Piste 3c,365,suite,1183,0.147999
4,31,9,Piste 3c,730,tentative,818,0.0284247
4,31,9,Piste 3c,730,suite,818,0.255128
4,32,9,Référence,365,tentative,1183,0.0424171
4,32,9,Référence,365,suite,1183,0.0778211
4,32,9,Référence,730,tentative,818,0.0323119
4,32,9,Référence,730,suite,818,0.216608
4,32,9,Piste 1,365,tentative,1183,0.0385515
4,32,9,Piste 1,365,suite,1183,0.0766298
4,32,9,Piste 1,730,tentative,818,0.02149
4,32,9,Piste 1,730,suite,818,0.206106
4,32,9,Piste 2,365,tentative,1183,0.0194938
4,32,9,Piste 2,365,suite,1183,0.0848204
4,32,9,Piste 2,730,tentative,818,-0.00245453
4,32,9,Piste 2,730,suite,818,0.202802
4,32,9,Piste 3a,365,tentative,1183,0.0455051
4,32,9,Piste 3a,365,suite,1183,0.0824927
4,32,9,Piste 3a,730,tentative,818,0.0362506
4,32,9,Piste 3a,730,suite,818,0.19764
4,32,9,Piste 3b,365,tentative,1183,0.031681
4,32,9,Piste 3b,365,suite,1183,0.0747604
4,32,9,Piste 3b,730,tentative,818,0.0096627
4,32,9,Piste 3b,730,suite,818,0.172916
4,32,9,Piste 3c,365,tentative,1183,0.0299319
4,32,9,Piste 3c,365,suite,1183,0.0885563
4,32,9,Piste 3c,730,tentative,818,0.00516911
4,32,9,Piste 3c,730,suite,818,0.194846
4,33,10,Référence,365,tentative,1183,0.0347693
4,33,10,Référence,365,suite,1183,0.0611406
4,33,10,Référence,730,tentative,818,0.0265792
4,33,10,Référence,730,suite,818,0.139085
4,33,10,Piste 1,365,tentative,1183,0.028339
4,33,10,Piste 1,365,suite,1183,0.061478
4,33,10,Piste 1,730,tentative,818,0.0222432
4,33,10,Piste 1,730,suite,818,0.153456
4,33,10,Piste 2,365,tentative,1183,0.0239459
4,33,10,Piste 2,365,suite,1183,0.0803384
4,33,10,Piste 2,730,tentative,818,0.019235
4,33,10,Piste 2,730,suite,818,0.194986
4,33,10,Piste 3a,365,tentative,1183,0.0382504
4,33,10,Piste 3a,365,suite,1183,0.0732045
4,33,10,Piste 3a,730,tentative,818,0.0313841
4,33,10,Piste 3a,730,suite,818,0.170501
4,33,10,Piste 3b,365,tentative,1183,0.0327542
4,33,10,Piste 3b,365,suite,1183,0.0845117
4,33,10,Piste 3b,730,tentative,818,0.0297048
4,33,10,Piste 3b,730,suite,818,0.192153
4,33,10,Piste 3c,365,tentative,1183,0.0252269
4,33,10,Piste 3c,365,suite,1183,0.106875
4,33,10,Piste 3c,730,tentative,818,0.030213
4,33,10,Piste 3c,730,suite,818,0.284659
4,34,8,Référence,365,tentative,1183,0.0103066
4,34,8,Référence,365,suite,1183,0.0348902
4,34,8,Référence,730,tentative,818,0.0164815
4,34,8,Référence,730,suite,818,0.0912776
4,34,8,Piste 1,365,tentative,1183,0.013103
4,34,8,Piste 1,365,suite,1183,0.0429667
4,34,8,Piste 1,730,tentative,818,0.0202045
4,34,8,Piste 1,730,suite,818,0.10061
4,34,8,Piste 2,365,tentative,1183,0.0101234
4,34,8,Piste 2,365,suite,1183,0.0466985
4,34,8,Piste 2,730,tentative,818,0.0152435
4,34,8,Piste 2,730,suite,818,0.140977
4,34,8,Piste 3a,365,tentative,1183,0.0145265
4,34,8,Piste 3a,365,suite,1183,0.056313
4,34,8,Piste 3a,730,tentative,818,0.0217709
4,34,8,Piste 3a,730,suite,818,0.158413
4,34,8,Piste 3b,365,tentative,1183,0.0141875
4,34,8,Piste 3b,365,suite,1183,0.0708127
4,34,8,Piste 3b,730,tentative,818,0.0203768
4,34,8,Piste 3b,730,suite,818,0.202114
4,34,8,Piste 3c,365,tentative,1183,0.0202914
4,34,8,Piste 3c,365,suite,1183,0.0805111
4,34,8,Piste 3c,730,tentative,818,0.0273157
4,34,8,Piste 3c,730,suite,818,0.189523
4,35,8,Référence,365,tentative,1183,0.0838385
4,35,8,Référence,365,suite,1183,0.125245
4,35,8,Référence,730,tentative,818,0.0240402
4,35,8,Référence,730,suite,818,0.260116
4,35,8,Piste 1,365,tentative,1183,0.0505775
4,35,8,Piste 1,365,suite,1183,0.114184
4,35,8,Piste 1,730,tentative,818,0.0137759
4,35,8,Piste 1,730,suite,818,0.25519
4,35,8,Piste 2,365,tentative,1183,0.0128055
4,35,8,Piste 2,365,suite,1183,0.138836
4,35,8,Piste 2,730,tentative,818,0.0140174
4,35,8,Piste 2,730,suite,818,0.348993
4,35,8,Piste 3a,365,tentative,1183,0.0653283
4,35,8,Piste 3a,365,suite,1183,0.105101
4,35,8,Piste 3a,730,tentative,818,0.0101281
4,35,8,Piste 3a,730,suite,818,0.228571
4,35,8,Piste 3b,365,tentative,1183,0.0398006
4,35,8,Piste 3b,365,suite,1183,0.120704
4,35,8,Piste 3b,730,tentative,818,0.0109042
4,35,8,Piste 3b,730,suite,818,0.256916
4,35,8,Piste 3c,365,tentative,1183,0.0266359
4,35,8,Piste 3c,365,suite,1183,0.134684
4,35,8,Piste 3c,730,tentative,818,0.0117059
4,35,8,Piste 3c,730,suite,818,0.320808
4,36,8,Référence,365,tentative,1183,0.0817427
4,36,8,Référence,365,suite,1183,0.150191
4,36,8,Référence,730,tentative,818,0.00278718
4,36,8,Référence,730,suite,818,0.213794
4,36,8,Piste 1,365,tentative,1183,0.0612322
4,36,8,Piste 1,365,suite,1183,0.118412
4,36,8,Piste 1,730,tentative,818,0.00368071
4,36,8,Piste 1,730,suite,818,0.211149
4,36,8,Piste 2,365,tentative,1183,0.0351094
4,36,8,Piste 2,365,suite,1183,0.120871
4,36,8,Piste 2,730,tentative,818,0.000469729
4,36,8,Piste 2,730,suite,818,0.173408
4,36,8,Piste 3a,365,tentative,1183,0.0472845
4,36,8,Piste 3a,365,suite,1183,0.129506
4,36,8,Piste 3a,730,tentative,818,0.00355564
4,36,8,Piste 3a,730,suite,818,0.111316
4,36,8,Piste 3b,365,tentative,1183,0.0396203
4,36,8,Piste 3b,365,suite,1183,0.123006
4,36,8,Piste 3b,730,tentative,818,0.000312371
4,36,8,Piste 3b,730,suite,818,0.181097
4,36,8,Piste 3c,365,tentative,1183,0.0160438
4,36,8,Piste 3c,365,suite,1183,0.157492
4,36,8,Piste 3c,730,tentative,818,0.00239278
4,36,8,Piste 3c,730,suite,818,0.392943
4,37,7,Référence,365,tentative,1183,0.0501807
4,37,7,Référence,365,suite,1183,0.0927389
4,37,7,Référence,730,tentative,818,0.0569072
4,37,7,Référence,730,suite,818,0.242563
4,37,7,Piste 1,365,tentative,1183,0.0394307
4,37,7,Piste 1,365,suite,1183,0.0883821
4,37,7,Piste 1,730,tentative,818,0.0373749
4,37,7,Piste 1,730,suite,818,0.251495
4,37,7,Piste 2,365,tentative,1183,0.0433838
4,37,7,Piste 2,365,suite,1183,0.146098
4,37,7,Piste 2,730,tentative,818,0.0458944
4,37,7,Piste 2,730,suite,818,0.363421
4,37,7,Piste 3a,365,tentative,1183,0.058506
4,37,7,Piste 3a,365,suite,1183,0.0987777
4,37,7,Piste 3a,730,tentative,818,0.0655386
4,37,7,Piste 3a,730,suite,818,0.238731
4,37,7,Piste 3b,365,tentative,1183,0.0463709
4,37,7,Piste 3b,365,suite,1183,0.133309
4,37,7,Piste 3b,730,tentative,818,0.0474704
4,37,7,Piste 3b,730,suite,818,0.339736
4,37,7,Piste 3c,365,tentative,1183,0.0466037
4,37,7,Piste 3c,365,suite,1183,0.136713
4,37,7,Piste 3c,730,tentative,818,0.0455181
4,37,7,Piste 3c,730,suite,818,0.352965
4,38,9,Référence,365,tentative,1183,0.0154732
4,38,9,Référence,365,suite,1183,0.0099909
4,38,9,Référence,730,tentative,818,0.0247871
4,38,9,Référence,730,suite,818,0.00541388
4,38,9,Piste 1,365,tentative,1183,0.0181722
4,38,9,Piste 1,365,suite,1183,0.0102126
4,38,9,Piste 1,730,tentative,818,0.0286904
4,38,9,Piste 1,730,suite,818,0.00490568
4,38,9,Piste 2,365,tentative,1183,0.0199672
4,38,9,Piste 2,365,suite,1183,0.0142906
4,38,9,Piste 2,730,tentative,818,0.0312778
4,38,9,Piste 2,730,suite,818,0.00757073
4,38,9,Piste 3a,365,tentative,1183,0.0158771
4,38,9,Piste 3a,365,suite,1183,0.0134552
4,38,9,Piste 3a,730,tentative,818,0.0253712
4,38,9,Piste 3a,730,suite,818,0.00996537
4,38,9,Piste 3b,365,tentative,1183,0.0188742
4,38,9,Piste 3b,365,suite,1183,0.0313259
4,38,9,Piste 3b,730,tentative,818,0.0296891
4,38,9,Piste 3b,730,suite,818,0.0235868
4,38,9,Piste 3c,365,tentative,1183,0.019216
4,38,9,Piste 3c,365,suite,1183,0.0316214
4,38,9,Piste 3c,730,tentative,818,0.029763
4,38,9,Piste 3c,730,suite,818,0.0313566
4,39,9,Référence,365,tentative,1183,0.0256076
4,39,9,Référence,365,suite,1183,0.108018
4,39,9,Référence,730,tentative,818,0.0364618
4,39,9,Référence,730,suite,818,0.282062
4,39,9,Piste 1,365,tentative,1183,0.0325598
4,39,9,Piste 1,365,suite,1183,0.127751
4,39,9,Piste 1,730,tentative,818,0.0459007
4,39,9,Piste 1,730,suite,818,0.325662
4,39,9,Piste 2,365,tentative,1183,0.0323112
4,39,9,Piste 2,365,suite,1183,0.131067
4,39,9,Piste 2,730,tentative,818,0.0454583
4,39,9,Piste 2,730,suite,818,0.315678
4,39,9,Piste 3a,365,tentative,1183,0.0280087
4,39,9,Piste 3a,365,suite,1183,0.110257
4,39,9,Piste 3a,730,tentative,818,0.0398909
4,39,9,Piste 3a,730,suite,818,0.281863
4,39,9,Piste 3b,365,tentative,1183,0.0262713
4,39,9,Piste 3b,365,suite,1183,0.11248
4,39,9,Piste 3b,730,tentative,818,0.0372179
4,39,9,Piste 3b,730,suite,818,0.27612
4,39,9,Piste 3c,365,tentative,1183,0.0277415
4,39,9,Piste 3c,365,suite,1183,0.125584
4,39,9,Piste 3c,730,tentative,818,0.0395595
4,39,9,Piste 3c,730,suite,818,0.316826
4,40,8,Référence,365,tentative,1183,0.0159202
4,40,8,Référence,365,suite,1183,0.0450474
4,40,8,Référence,730,tentative,818,0.0254335
4,40,8,Référence,730,suite,818,0.0865935
4,40,8,Piste 1,365,tentative,1183,0.0149675
4,40,8,Piste 1,365,suite,1183,0.0371507
4,40,8,Piste 1,730,tentative,818,0.0240557
4,40,8,Piste 1,730,suite,818,0.0752552
4,40,8,Piste 2,365,tentative,1183,0.014309
4,40,8,Piste 2,365,suite,1183,0.0585356
4,40,8,Piste 2,730,tentative,818,0.0231033
4,40,8,Piste 2,730,suite,818,0.11419
4,40,8,Piste 3a,365,tentative,1183,0.0125549
4,40,8,Piste 3a,365,suite,1183,0.0352888
4,40,8,Piste 3a,730,tentative,818,0.0205666
4,40,8,Piste 3a,730,suite,818,0.0736741
4,40,8,Piste 3b,365,tentative,1183,0.00635145
4,40,8,Piste 3b,365,suite,1183,0.0539824
4,40,8,Piste 3b,730,tentative,818,0.0115951
4,40,8,Piste 3b,730,suite,818,0.112411
4,40,8,Piste 3c,365,tentative,1183,0.0126718
4,40,8,Piste 3c,365,suite,1183,0.0556959
4,40,8,Piste 3c,730,tentative,818,0.0205857
4,40,8,Piste 3c,730,suite,818,0.113409
4,41,11,Référence,365,tentative,1183,0.142129
4,41,11,Référence,365,suite,1183,0.16968
4,41,11,Référence,730,tentative,818,0.0329906
4,41,11,Référence,730,suite,818,0.298905
4,41,11,Piste 1,365,tentative,1183,0.141289
4,41,11,Piste 1,365,suite,1183,0.178332
4,41,11,Piste 1,730,tentative,818,0.0415949
4,41,11,Piste 1,730,suite,818,0.26377
4,41,11,Piste 2,365,tentative,1183,0.132246
4,41,11,Piste 2,365,suite,1183,0.19195
4,41,11,Piste 2,730,tentative,818,0.0047826
4,41,11,Piste 2,730,suite,818,0.26854
4,41,11,Piste 3a,365,tentative,1183,0.14701
4,41,11,Piste 3a,365,suite,1183,0.182198
4,41,11,Piste 3a,730,tentative,818,0.036239
4,41,11,Piste 3a,730,suite,818,0.311298
4,41,11,Piste 3b,365,tentative,1183,0.132472
4,41,11,Piste 3b,365,suite,1183,0.192365
4,41,11,Piste 3b,730,tentative,818,0.00764824
4,41,11,Piste 3b,730,suite,818,0.341765
4,41,11,Piste 3c,365,tentative,1183,0.101101
4,41,11,Piste 3c,365,suite,1183,0.234023
4,41,11,Piste 3c,730,tentative,818,0.0135471
4,41,11,Piste 3c,730,suite,818,0.463983
4,42,8,Référence,365,tentative,1183,0.0601889
4,42,8,Référence,365,suite,1183,0.121924
4,42,8,Référence,730,tentative,818,0.0733559
4,42,8,Référence,730,suite,818,0.296379
4,42,8,Piste 1,365,tentative,1183,0.0717954
4,42,8,Piste 1,365,suite,1183,0.145759
4,42,8,Piste 1,730,tentative,818,0.0886541
4,42,8,Piste 1,730,suite,818,0.355759
4,42,8,Piste 2,365,tentative,1183,0.0645381
4,42,8,Piste 2,365,suite,1183,0.156612
4,42,8,Piste 2,730,tentative,818,0.0776629
4,42,8,Piste 2,730,suite,818,0.361507
4,42,8,Piste 3a,365,tentative,1183,0.0609489
4,42,8,Piste 3a,365,suite,1183,0.125798
4,42,8,Piste 3a,730,tentative,818,0.0743859
4,42,8,Piste 3a,730,suite,818,0.303057
4,42,8,Piste 3b,365,tentative,1183,0.054479
4,42,8,Piste 3b,365,suite,1183,0.133396
4,42,8,Piste 3b,730,tentative,818,0.0648387
4,42,8,Piste 3b,730,suite,818,0.303592
4,42,8,Piste 3c,365,tentative,1183,0.0563495
4,42,8,Piste 3c,365,suite,1183,0.142866
4,42,8,Piste 3c,730,tentative,818,0.0695394
4,42,8,Piste 3c,730,suite,818,0.307652
4,43,9,Référence,365,tentative,1183,0.0572925
4,43,9,Référence,365,suite,1183,0.11729
4,43,9,Référence,730,tentative,818,0.0691165
4,43,9,Référence,730,suite,818,0.31325
4,43,9,Piste 1,365,tentative,1183,0.0467196
4,43,9,Piste 1,365,suite,1183,0.100855
4,43,9,Piste 1,730,tentative,818,0.0524213
4,43,9,Piste 1,730,suite,818,0.265916
4,43,9,Piste 2,365,tentative,1183,0.0421694
4,43,9,Piste 2,365,suite,1183,0.110548
4,43,9,Piste 2,730,tentative,818,0.0493468
4,43,9,Piste 2,730,suite,818,0.313484
4,43,9,Piste 3a,365,tentative,1183,0.0559014
4,43,9,Piste 3a,365,suite,1183,0.12462
4,43,9,Piste 3a,730,tentative,818,0.0663011
4,43,9,Piste 3a,730,suite,818,0.314065
4,43,9,Piste 3b,365,tentative,1183,0.0514315
4,43,9,Piste 3b,365,suite,1183,0.13757
4,43,9,Piste 3b,730,tentative,818,0.0631638
4,43,9,Piste 3b,730,suite,818,0.386572
4,43,9,Piste 3c,365,tentative,1183,0.0464569
4,43,9,Piste 3c,365,suite,1183,0.148325
4,43,9,Piste 3c,730,tentative,818,0.0539333
4,43,9,Piste 3c,730,suite,818,0.414238
4,44,9,Référence,365,tentative,1183,0.0378963
4,44,9,Référence,365,suite,1183,0.101875
4,44,9,Référence,730,tentative,818,0.0179267
4,44,9,Référence,730,suite,818,0.267569
4,44,9,Piste 1,365,tentative,1183,0.0377656
4,44,9,Piste 1,365,suite,1183,0.116208
4,44,9,Piste 1,730,tentative,818,0.0172631
4,44,9,Piste 1,730,suite,818,0.294453
4,44,9,Piste 2,365,tentative,1183,0.025814
4,44,9,Piste 2,365,suite,1183,0.138516
4,44,9,Piste 2,730,tentative,818,0.00881565
4,44,9,Piste 2,730,suite,818,0.328776
4,44,9,Piste 3a,365,tentative,1183,0.0324489
4,44,9,Piste 3a,365,suite,1183,0.104463
4,44,9,Piste 3a,730,tentative,818,0.0154323
4,44,9,Piste 3a,730,suite,818,0.271707
4,44,9,Piste 3b,365,tentative,1183,0.0226677
4,44,9,Piste 3b,365,suite,1183,0.11491
4,44,9,Piste 3b,730,tentative,818,0.00858727
4,44,9,Piste 3b,730,suite,818,0.266294
4,44,9,Piste 3c,365,tentative,1183,0.0216686
4,44,9,Piste 3c,365,suite,1183,0.151031
4,44,9,Piste 3c,730,tentative,818,0.00911406
4,44,9,Piste 3c,730,suite,818,0.37812
4,45,8,Référence,365,tentative,1183,0.00317675
4,45,8,Référence,365,suite,1183,0.00779381
4,45,8,Référence,730,tentative,818,0.000511911
4,45,8,Référence,730,suite,818,0.0331463
4,45,8,Piste 1,365,tentative,1183,0.00289054
4,45,8,Piste 1,365,suite,1183,0.000374178
4,45,8,Piste 1,730,tentative,818,-0.000443215
4,45,8,Piste 1,730,suite,818,0.022227
4,45,8,Piste 2,365,tentative,1183,0.00534143
4,45,8,Piste 2,365,suite,1183,0.023095
4,45,8,Piste 2,730,tentative,818,0.00269459
4,45,8,Piste 2,730,suite,818,0.0510789
4,45,8,Piste 3a,365,tentative,1183,0.00192689
4,45,8,Piste 3a,365,suite,1183,-0.000192465
4,45,8,Piste 3a,730,tentative,818,-0.00130527
4,45,8,Piste 3a,730,suite,818,0.0133492
4,45,8,Piste 3b,365,tentative,1183,0.00457853
4,45,8,Piste 3b,365,suite,1183,0.0213888
4,45,8,Piste 3b,730,tentative,818,0.00177993
4,45,8,Piste 3b,730,suite,818,0.0636064
4,45,8,Piste 3c,365,tentative,1183,0.00589704
4,45,8,Piste 3c,365,suite,1183,0.0500807
4,45,8,Piste 3c,730,tentative,818,0.00135628
4,45,8,Piste 3c,730,suite,818,0.0938912
4,46,11,Référence,365,tentative,1183,0.00703002
4,46,11,Référence,365,suite,1183,0.0811963
4,46,11,Référence,730,tentative,818,0.0104718
4,46,11,Référence,730,suite,818,0.193093
4,46,11,Piste 1,365,tentative,1183,0.00760216
4,46,11,Piste 1,365,suite,1183,0.10152
4,46,11,Piste 1,730,tentative,818,0.0110124
4,46,11,Piste 1,730,suite,818,0.247453
4,46,11,Piste 2,365,tentative,1183,0.00733576
4,46,11,Piste 2,365,suite,1183,0.110236
4,46,11,Piste 2,730,tentative,818,0.0100825
4,46,11,Piste 2,730,suite,818,0.255078
4,46,11,Piste 3a,365,tentative,1183,0.00652315
4,46,11,Piste 3a,365,suite,1183,0.08789
4,46,11,Piste 3a,730,tentative,818,0.0097388
4,46,11,Piste 3a,730,suite,818,0.212761
4,46,11,Piste 3b,365,tentative,1183,0.00801862
4,46,11,Piste 3b,365,suite,1183,0.097671
4,46,11,Piste 3b,730,tentative,818,0.0114631
4,46,11,Piste 3b,730,suite,818,0.236451
4,46,11,Piste 3c,365,tentative,1183,0.0073766
4,46,11,Piste 3c,365,suite,1183,0.109487
4,46,11,Piste 3c,730,tentative,818,0.0105868
4,46,11,Piste 3c,730,suite,818,0.252528
4,47,8,Référence,365,tentative,1183,0.0175135
4,47,8,Référence,365,suite,1183,0.0555526
4,47,8,Référence,730,tentative,818,0.0095079
4,47,8,Référence,730,suite,818,0.13591
4,47,8,Piste 1,365,tentative,1183,0.0212434
4,47,8,Piste 1,365,suite,1183,0.0709022
4,47,8,Piste 1,730,tentative,818,0.0140483
4,47,8,Piste 1,730,suite,818,0.178176
4,47,8,Piste 2,365,tentative,1183,0.0131027
4,47,8,Piste 2,365,suite,1183,0.0702511
4,47,8,Piste 2,730,tentative,818,0.000531939
4,47,8,Piste 2,730,suite,818,0.152914
4,47,8,Piste 3a,365,tentative,1183,0.0194953
4,47,8,Piste 3a,365,suite,1183,0.0678041
4,47,8,Piste 3a,730,tentative,818,0.0136205
4,47,8,Piste 3a,730,suite,818,0.17171
4,47,8,Piste 3b,365,tentative,1183,0.0124846
4,47,8,Piste 3b,365,suite,1183,0.0754507
4,47,8,Piste 3b,730,tentative,818,0.00216941
4,47,8,Piste 3b,730,suite,818,0.187323
4,47,8,Piste 3c,365,tentative,1183,0.00945847
4,47,8,Piste 3c,365,suite,1183,0.0973382
4,47,8,Piste 3c,730,tentative,818,-0.000447475
4,47,8,Piste 3c,730,suite,818,0.257058
4,48,7,Référence,365,tentative,1183,0.00239491
4,48,7,Référence,365,suite,1183,0.0279576
4,48,7,Référence,730,tentative,818,0.00351681
4,48,7,Référence,730,suite,818,0.0482218
4,48,7,Piste 1,365,tentative,1183,0.00278688
4,48,7,Piste 1,365,suite,1183,0.0318191
4,48,7,Piste 1,730,tentative,818,0.00354838
4,48,7,Piste 1,730,suite,818,0.0533991
4,48,7,Piste 2,365,tentative,1183,0.00616467
4,48,7,Piste 2,365,suite,1183,0.0557449
4,48,7,Piste 2,730,tentative,818,0.00770792
4,48,7,Piste 2,730,suite,818,0.119555
4,48,7,Piste 3a,365,tentative,1183,0.00377011
4,48,7,Piste 3a,365,suite,1183,0.0288474
4,48,7,Piste 3a,730,tentative,818,0.00561489
4,48,7,Piste 3a,730,suite,818,0.0407685
4,48,7,Piste 3b,365,tentative,1183,0.00759939
4,48,7,Piste 3b,365,suite,1183,0.0558843
4,48,7,Piste 3b,730,tentative,818,0.0105573
4,48,7,Piste 3b,730,suite,818,0.134958
4,48,7,Piste 3c,365,tentative,1183,0.00446163
4,48,7,Piste 3c,365,suite,1183,0.0406123
4,48,7,Piste 3c,730,tentative,818,0.00791976
4,48,7,Piste 3c,730,suite,818,0.0633878
4,49,8,Référence,365,tentative,1183,0.0537435
4,49,8,Référence,365,suite,1183,0.169207
4,49,8,Référence,730,tentative,818,0.0598525
4,49,8,Référence,730,suite,818,0.50901
4,49,8,Piste 1,365,tentative,1183,0.0477554
4,49,8,Piste 1,365,suite,1183,0.169957
4,49,8,Piste 1,730,tentative,818,0.0555372
4,49,8,Piste 1,730,suite,818,0.488658
4,49,8,Piste 2,365,tentative,1183,0.0439899
4,49,8,Piste 2,365,suite,1183,0.178859
4,49,8,Piste 2,730,tentative,818,0.0567348
4,49,8,Piste 2,730,suite,818,0.501012
4,49,8,Piste 3a,365,tentative,1183,0.0581743
4,49,8,Piste 3a,365,suite,1183,0.184652
4,49,8,Piste 3a,730,tentative,818,0.0653474
4,49,8,Piste 3a,730,suite,818,0.561088
4,49,8,Piste 3b,365,tentative,1183,0.0555203
4,49,8,Piste 3b,365,suite,1183,0.19282
4,49,8,Piste 3b,730,tentative,818,0.0668481
4,49,8,Piste 3b,730,suite,818,0.53698
4,49,8,Piste 3c,365,tentative,1183,0.0549762
4,49,8,Piste 3c,365,suite,1183,0.216307
4,49,8,Piste 3c,730,tentative,818,0.0664746
4,49,8,Piste 3c,730,suite,818,0.605567
4,50,10,Référence,365,tentative,1183,0.0575206
4,50,10,Référence,365,suite,1183,0.0987874
4,50,10,Référence,730,tentative,818,0.073975
4,50,10,Référence,730,suite,818,0.161365
4,50,10,Piste 1,365,tentative,1183,0.0663138
4,50,10,Piste 1,365,suite,1183,0.103893
4,50,10,Piste 1,730,tentative,818,0.0853617
4,50,10,Piste 1,730,suite,818,0.174531
4,50,10,Piste 2,365,tentative,1183,0.0777048
4,50,10,Piste 2,365,suite,1183,0.126903
4,50,10,Piste 2,730,tentative,818,0.0925656
4,50,10,Piste 2,730,suite,818,0.195424
4,50,10,Piste 3a,365,tentative,1183,0.0613172
4,50,10,Piste 3a,365,suite,1183,0.0896197
4,50,10,Piste 3a,730,tentative,818,0.0806521
4,50,10,Piste 3a,730,suite,818,0.138784
4,50,10,Piste 3b,365,tentative,1183,0.0716616
4,50,10,Piste 3b,365,suite,1183,0.114089
4,50,10,Piste 3b,730,tentative,818,0.086629
4,50,10,Piste 3b,730,suite,818,0.170791
4,50,10,Piste 3c,365,tentative,1183,0.0726089
4,50,10,Piste 3c,365,suite,1183,0.14415
4,50,10,Piste 3c,730,tentative,818,0.0861977
4,50,10,Piste 3c,730,suite,818,0.233734
4,51,9,Référence,365,tentative,1183,0.165479
4,51,9,Référence,365,suite,1183,0.222329
4,51,9,Référence,730,tentative,818,0.273411
4,51,9,Référence,730,suite,818,0.42049
4,51,9,Piste 1,365,tentative,1183,0.157493
4,51,9,Piste 1,365,suite,1183,0.224345
4,51,9,Piste 1,730,tentative,818,0.274134
4,51,9,Piste 1,730,suite,818,0.417341
4,51,9,Piste 2,365,tentative,1183,0.111069
4,51,9,Piste 2,365,suite,1183,0.251226
4,51,9,Piste 2,730,tentative,818,0.196515
4,51,9,Piste 2,730,suite,818,0.463024
4,51,9,Piste 3a,365,tentative,1183,0.171069
4,51,9,Piste 3a,365,suite,1183,0.23666
4,51,9,Piste 3a,730,tentative,818,0.28201
4,51,9,Piste 3a,730,suite,818,0.437331
4,51,9,Piste 3b,365,tentative,1183,0.163584
4,51,9,Piste 3b,365,suite,1183,0.255011
4,51,9,Piste 3b,730,tentative,818,0.293788
4,51,9,Piste 3b,730,suite,818,0.465764
4,51,9,Piste 3c,365,tentative,1183,0.123333
4,51,9,Piste 3c,365,suite,1183,0.2636
4,51,9,Piste 3c,730,tentative,818,0.22935
4,51,9,Piste 3c,730,suite,818,0.472032
4,52,8,Référence,365,tentative,1183,0.100063
4,52,8,Référence,365,suite,1183,0.289638
4,52,8,Référence,730,tentative,818,0.140084
4,52,8,Référence,730,suite,818,0.670344
4,52,8,Piste 1,365,tentative,1183,0.114384
4,52,8,Piste 1,365,suite,1183,0.314338
4,52,8,Piste 1,730,tentative,818,0.159739
4,52,8,Piste 1,730,suite,818,0.76087
4,52,8,Piste 2,365,tentative,1183,0.0973643
4,52,8,Piste 2,365,suite,1183,0.344767
4,52,8,Piste 2,730,tentative,818,0.133264
4,52,8,Piste 2,730,suite,818,0.820234
4,52,8,Piste 3a,365,tentative,1183,0.100448
4,52,8,Piste 3a,365,suite,1183,0.265029
4,52,8,Piste 3a,730,tentative,818,0.13995
4,52,8,Piste 3a,730,suite,818,0.665442
4,52,8,Piste 3b,365,tentative,1183,0.0843028
4,52,8,Piste 3b,365,suite,1183,0.2735
4,52,8,Piste 3b,730,tentative,818,0.115284
4,52,8,Piste 3b,730,suite,818,0.688712
4,52,8,Piste 3c,365,tentative,1183,0.0954309
4,52,8,Piste 3c,365,suite,1183,0.269965
4,52,8,Piste 3c,730,tentative,818,0.131783
4,52,8,Piste 3c,730,suite,818,0.693995
4,53,11,Référence,365,tentative,1183,0.017934
4,53,11,Référence,365,suite,1183,0.0486746
4,53,11,Référence,730,tentative,818,0.0239919
4,53,11,Référence,730,suite,818,0.164255
4,53,11,Piste 1,365,tentative,1183,0.0178657
4,53,11,Piste 1,365,suite,1183,0.0681114
4,53,11,Piste 1,730,tentative,818,0.0225889
4,53,11,Piste 1,730,suite,818,0.231935
4,53,11,Piste 2,365,tentative,1183,0.0205672
4,53,11,Piste 2,365,suite,1183,0.0750131
4,53,11,Piste 2,730,tentative,818,0.0264466
4,53,11,Piste 2,730,suite,818,0.241037
4,53,11,Piste 3a,365,tentative,1183,0.0141114
4,53,11,Piste 3a,365,suite,1183,0.0563072
4,53,11,Piste 3a,730,tentative,818,0.0181227
4,53,11,Piste 3a,730,suite,818,0.183412
4,53,11,Piste 3b,365,tentative,1183,0.016712
4,53,11,Piste 3b,365,suite,1183,0.0633588
4,53,11,Piste 3b,730,tentative,818,0.0244579
4,53,11,Piste 3b,730,suite,818,0.198071
4,53,11,Piste 3c,365,tentative,1183,0.0296531
4,53,11,Piste 3c,365,suite,1183,0.116906
4,53,11,Piste 3c,730,tentative,818,0.0373807
4,53,11,Piste 3c,730,suite,818,0.304787
4,54,7,Référence,365,tentative,1183,0.0911057
4,54,7,Référence,365,suite,1183,0.111609
4,54,7,Référence,730,tentative,818,0.146166
4,54,7,Référence,730,suite,818,0.307986
4,54,7,Piste 1,365,tentative,1183,0.0644168
4,54,7,Piste 1,365,suite,1183,0.105589
4,54,7,Piste 1,730,tentative,818,0.100378
4,54,7,Piste 1,730,suite,818,0.322068
4,54,7,Piste 2,365,tentative,1183,0.0764218
4,54,7,Piste 2,365,suite,1183,0.158264
4,54,7,Piste 2,730,tentative,818,0.118928
4,54,7,Piste 2,730,suite,818,0.409798
4,54,7,Piste 3a,365,tentative,1183,0.0882489
4,54,7,Piste 3a,365,suite,1183,0.114844
4,54,7,Piste 3a,730,tentative,818,0.143027
4,54,7,Piste 3a,730,suite,818,0.329545
4,54,7,Piste 3b,365,tentative,1183,0.0714596
4,54,7,Piste 3b,365,suite,1183,0.14
4,54,7,Piste 3b,730,tentative,818,0.110582
4,54,7,Piste 3b,730,suite,818,0.366131
4,54,7,Piste 3c,365,tentative,1183,0.0577536
4,54,7,Piste 3c,365,suite,1183,0.136836
4,54,7,Piste 3c,730,tentative,818,0.0876414
4,54,7,Piste 3c,730,suite,818,0.338968
4,55,10,Référence,365,tentative,1183,0.0699993
4,55,10,Référence,365,suite,1183,0.1352
4,55,10,Référence,730,tentative,818,0.0525369
4,55,10,Référence,730,suite,818,0.299563
4,55,10,Piste 1,365,tentative,1183,0.0560577
4,55,10,Piste 1,365,suite,1183,0.118589
4,55,10,Piste 1,730,tentative,818,0.0516191
4,55,10,Piste 1,730,suite,818,0.254575
4,55,10,Piste 2,365,tentative,1183,0.0640426
4,55,10,Piste 2,365,suite,1183,0.161066
4,55,10,Piste 2,730,tentative,818,0.0629458
4,55,10,Piste 2,730,suite,818,0.359628
4,55,10,Piste 3a,365,tentative,1183,0.0711679
4,55,10,Piste 3a,365,suite,1183,0.135131
4,55,10,Piste 3a,730,tentative,818,0.0461483
4,55,10,Piste 3a,730,suite,818,0.281822
4,55,10,Piste 3b,365,tentative,1183,0.0672947
4,55,10,Piste 3b,365,suite,1183,0.17625
4,55,10,Piste 3b,730,tentative,818,0.0544153
4,55,10,Piste 3b,730,suite,818,0.405438
4,55,10,Piste 3c,365,tentative,1183,0.0605511
4,55,10,Piste 3c,365,suite,1183,0.187297
4,55,10,Piste 3c,730,tentative,818,0.0537721
4,55,10,Piste 3c,730,suite,818,0.409185
4,56,10,Référence,365,tentative,1183,0.0660411
4,56,10,Référence,365,suite,1183,0.130835
4,56,10,Référence,730,tentative,818,0.0979189
4,56,10,Référence,730,suite,818,0.346035
4,56,10,Piste 1,365,tentative,1183,0.0455511
4,56,10,Piste 1,365,suite,1183,0.0759479
4,56,10,Piste 1,730,tentative,818,0.068286
4,56,10,Piste 1,730,suite,818,0.201342
4,56,10,Piste 2,365,tentative,1183,0.0376016
4,56,10,Piste 2,365,suite,1183,0.130434
4,56,10,Piste 2,730,tentative,818,0.0566767
4,56,10,Piste 2,730,suite,818,0.389134
4,56,10,Piste 3a,365,tentative,1183,0.0637024
4,56,10,Piste 3a,365,suite,1183,0.150866
4,56,10,Piste 3a,730,tentative,818,0.0923183
4,56,10,Piste 3a,730,suite,818,0.403636
4,56,10,Piste 3b,365,tentative,1183,0.0542767
4,56,10,Piste 3b,365,suite,1183,0.166709
4,56,10,Piste 3b,730,tentative,818,0.0770077
4,56,10,Piste 3b,730,suite,818,0.447007
4,56,10,Piste 3c,365,tentative,1183,0.0384593
4,56,10,Piste 3c,365,suite,1183,0.209882
4,56,10,Piste 3c,730,tentative,818,0.0549481
4,56,10,Piste 3c,730,suite,818,0.513166
4,57,9,Référence,365,tentative,1183,0.0133527
4,57,9,Référence,365,suite,1183,0.0221873
4,57,9,Référence,730,tentative,818,0.0168736
4,57,9,Référence,730,suite,818,0.0811738
4,57,9,Piste 1,365,tentative,1183,0.0121441
4,57,9,Piste 1,365,suite,1183,0.0215688
4,57,9,Piste 1,730,tentative,818,0.0146346
4,57,9,Piste 1,730,suite,818,0.100231
4,57,9,Piste 2,365,tentative,1183,0.00386925
4,57,9,Piste 2,365,suite,1183,0.0283552
4,57,9,Piste 2,730,tentative,818,0.00546714
4,57,9,Piste 2,730,suite,818,0.1206
4,57,9,Piste 3a,365,tentative,1183,0.0191286
4,57,9,Piste 3a,365,suite,1183,0.0350005
4,57,9,Piste 3a,730,tentative,818,0.0212349
4,57,9,Piste 3a,730,suite,818,0.110483
4,57,9,Piste 3b,365,tentative,1183,0.0131387
4,57,9,Piste 3b,365,suite,1183,0.0446504
4,57,9,Piste 3b,730,tentative,818,0.0158589
4,57,9,Piste 3b,730,suite,818,0.183392
4,57,9,Piste 3c,365,tentative,1183,0.0156256
4,57,9,Piste 3c,365,suite,1183,0.0564469
4,57,9,Piste 3c,730,tentative,818,0.017508
4,57,9,Piste 3c,730,suite,818,0.193213
4,58,10,Référence,365,tentative,1183,0.0539844
4,58,10,Référence,365,suite,1183,0.0939887
4,58,10,Référence,730,tentative,818,0.0692807
4,58,10,Référence,730,suite,818,0.200823
4,58,10,Piste 1,365,tentative,1183,0.0587574
4,58,10,Piste 1,365,suite,1183,0.104267
4,58,10,Piste 1,730,tentative,818,0.0732587
4,58,10,Piste 1,730,suite,818,0.216862
4,58,10,Piste 2,365,tentative,1183,0.0488631
4,58,10,Piste 2,365,suite,1183,0.13948
4,58,10,Piste 2,730,tentative,818,0.0583395
4,58,10,Piste 2,730,suite,818,0.284954
4,58,10,Piste 3a,365,tentative,1183,0.0589822
4,58,10,Piste 3a,365,suite,1183,0.109866
4,58,10,Piste 3a,730,tentative,818,0.071354
4,58,10,Piste 3a,730,suite,818,0.232573
4,58,10,Piste 3b,365,tentative,1183,0.0467989
4,58,10,Piste 3b,365,suite,1183,0.133096
4,58,10,Piste 3b,730,tentative,818,0.0551959
4,58,10,Piste 3b,730,suite,818,0.285285
4,58,10,Piste 3c,365,tentative,1183,0.0500046
4,58,10,Piste 3c,365,suite,1183,0.1471
4,58,10,Piste 3c,730,tentative,818,0.0587543
4,58,10,Piste 3c,730,suite,818,0.331345
4,59,8,Référence,365,tentative,1183,0.0576017
4,59,8,Référence,365,suite,1183,0.100855
4,59,8,Référence,730,tentative,818,0.0884563
4,59,8,Référence,730,suite,818,0.310157
4,59,8,Piste 1,365,tentative,1183,0.0550834
4,59,8,Piste 1,365,suite,1183,0.126407
4,59,8,Piste 1,730,tentative,818,0.0855638
4,59,8,Piste 1,730,suite,818,0.40215
4,59,8,Piste 2,365,tentative,1183,0.0530813
4,59,8,Piste 2,365,suite,1183,0.150867
4,59,8,Piste 2,730,tentative,818,0.0626015
4,59,8,Piste 2,730,suite,818,0.38897
4,59,8,Piste 3a,365,tentative,1183,0.0415513
4,59,8,Piste 3a,365,suite,1183,0.105243
4,59,8,Piste 3a,730,tentative,818,0.0626925
4,59,8,Piste 3a,730,suite,818,0.315081
4,59,8,Piste 3b,365,tentative,1183,0.0376684
4,59,8,Piste 3b,365,suite,1183,0.126591
4,59,8,Piste 3b,730,tentative,818,0.0418004
4,59,8,Piste 3b,730,suite,818,0.31687
4,59,8,Piste 3c,365,tentative,1183,0.0302277
4,59,8,Piste 3c,365,suite,1183,0.159023
4,59,8,Piste 3c,730,tentative,818,0.0300107
4,59,8,Piste 3c,730,suite,818,0.401382
4,60,10,Référence,365,tentative,1183,0.0172966
4,60,10,Référence,365,suite,1183,0.0523102
4,60,10,Référence,730,tentative,818,0.00674719
4,60,10,Référence,730,suite,818,0.151404
4,60,10,Piste 1,365,tentative,1183,0.00353706
4,60,10,Piste 1,365,suite,1183,0.0445614
4,60,10,Piste 1,730,tentative,818,-0.00108663
4,60,10,Piste 1,730,suite,818,0.145305
4,60,10,Piste 2,365,tentative,1183,0.0017226
4,60,10,Piste 2,365,suite,1183,0.0653612
4,60,10,Piste 2,730,tentative,818,0.00208548
4,60,10,Piste 2,730,suite,818,0.172769
4,60,10,Piste 3a,365,tentative,1183,0.00667584
4,60,10,Piste 3a,365,suite,1183,0.0544685
4,60,10,Piste 3a,730,tentative,818,-0.00170864
4,60,10,Piste 3a,730,suite,818,0.162347
4,60,10,Piste 3b,365,tentative,1183,0.0050195
4,60,10,Piste 3b,365,suite,1183,0.0745138
4,60,10,Piste 3b,730,tentative,818,0.00202093
4,60,10,Piste 3b,730,suite,818,0.192031
4,60,10,Piste 3c,365,tentative,1183,0.00446458
4,60,10,Piste 3c,365,suite,1183,0.105092
4,60,10,Piste 3c,730,tentative,818,0.00290928
4,60,10,Piste 3c,730,suite,818,0.188734
4,61,9,Référence,365,tentative,1183,0.0479231
4,61,9,Référence,365,suite,1183,0.122102
4,61,9,Référence,730,tentative,818,0.0501895
4,61,9,Référence,730,suite,818,0.321169
4,61,9,Piste 1,365,tentative,1183,0.0522926
4,61,9,Piste 1,365,suite,1183,0.142185
4,61,9,Piste 1,730,tentative,818,0.0462087
4,61,9,Piste 1,730,suite,818,0.369486
4,61,9,Piste 2,365,tentative,1183,0.061335
4,61,9,Piste 2,365,suite,1183,0.193296
4,61,9,Piste 2,730,tentative,818,0.0506542
4,61,9,Piste 2,730,suite,818,0.464366
4,61,9,Piste 3a,365,tentative,1183,0.0606679
4,61,9,Piste 3a,365,suite,1183,0.149663
4,61,9,Piste 3a,730,tentative,818,0.0623366
4,61,9,Piste 3a,730,suite,818,0.383112
4,61,9,Piste 3b,365,tentative,1183,0.0677295
4,61,9,Piste 3b,365,suite,1183,0.175759
4,61,9,Piste 3b,730,tentative,818,0.0708709
4,61,9,Piste 3b,730,suite,818,0.410311
4,61,9,Piste 3c,365,tentative,1183,0.0660689
4,61,9,Piste 3c,365,suite,1183,0.203206
4,61,9,Piste 3c,730,tentative,818,0.0617439
4,61,9,Piste 3c,730,suite,818,0.479804
4,62,8,Référence,365,tentative,1183,0.0880453
4,62,8,Référence,365,suite,1183,0.148495
4,62,8,Référence,730,tentative,818,0.087054
4,62,8,Référence,730,suite,818,0.350783
4,62,8,Piste 1,365,tentative,1183,0.0706987
4,62,8,Piste 1,365,suite,1183,0.171113
4,62,8,Piste 1,730,tentative,818,0.0593199
4,62,8,Piste 1,730,suite,818,0.392814
4,62,8,Piste 2,365,tentative,1183,0.0834042
4,62,8,Piste 2,365,suite,1183,0.195052
4,62,8,Piste 2,730,tentative,818,0.0867491
4,62,8,Piste 2,730,suite,818,0.462473
4,62,8,Piste 3a,365,tentative,1183,0.0581459
4,62,8,Piste 3a,365,suite,1183,0.141342
4,62,8,Piste 3a,730,tentative,818,0.0477734
4,62,8,Piste 3a,730,suite,818,0.31828
4,62,8,Piste 3b,365,tentative,1183,0.0693307
4,62,8,Piste 3b,365,suite,1183,0.157034
4,62,8,Piste 3b,730,tentative,818,0.0721864
4,62,8,Piste 3b,730,suite,818,0.372837
4,62,8,Piste 3c,365,tentative,1183,0.0655893
4,62,8,Piste 3c,365,suite,1183,0.18956
4,62,8,Piste 3c,730,tentative,818,0.0580573
4,62,8,Piste 3c,730,suite,818,0.457068
4,63,8,Référence,365,tentative,1183,0.0527537
4,63,8,Référence,365,suite,1183,0.114628
4,63,8,Référence,730,tentative,818,0.0739004
4,63,8,Référence,730,suite,818,0.300709
4,63,8,Piste 1,365,tentative,1183,0.0603656
4,63,8,Piste 1,365,suite,1183,0.12245
4,63,8,Piste 1,730,tentative,818,0.0836683
4,63,8,Piste 1,730,suite,818,0.326786
4,63,8,Piste 2,365,tentative,1183,0.0657447
4,63,8,Piste 2,365,suite,1183,0.150962
4,63,8,Piste 2,730,tentative,818,0.0941415
4,63,8,Piste 2,730,suite,818,0.360868
4,63,8,Piste 3a,365,tentative,1183,0.0798302
4,63,8,Piste 3a,365,suite,1183,0.142215
4,63,8,Piste 3a,730,tentative,818,0.116011
4,63,8,Piste 3a,730,suite,818,0.425462
4,63,8,Piste 3b,365,tentative,1183,0.0793987
4,63,8,Piste 3b,365,suite,1183,0.174241
4,63,8,Piste 3b,730,tentative,818,0.108402
4,63,8,Piste 3b,730,suite,818,0.442419
4,63,8,Piste 3c,365,tentative,1183,0.0835544
4,63,8,Piste 3c,365,suite,1183,0.189339
4,63,8,Piste 3c,730,tentative,818,0.105588
4,63,8,Piste 3c,730,suite,818,0.461107
4,64,7,Référence,365,tentative,1183,0.00598825
4,64,7,Référence,365,suite,1183,0.0169838
4,64,7,Référence,730,tentative,818,0.00923769
4,64,7,Référence,730,suite,818,0.056274
4,64,7,Piste 1,365,tentative,1183,0.0020303
4,64,7,Piste 1,365,suite,1183,0.0170987
4,64,7,Piste 1,730,tentative,818,0.00437433
4,64,7,Piste 1,730,suite,818,0.0877682
4,64,7,Piste 2,365,tentative,1183,0.00199536
4,64,7,Piste 2,365,suite,1183,0.0307245
4,64,7,Piste 2,730,tentative,818,0.00489408
4,64,7,Piste 2,730,suite,818,0.0753286
4,64,7,Piste 3a,365,tentative,1183,0.0114999
4,64,7,Piste 3a,365,suite,1183,0.0257589
4,64,7,Piste 3a,730,tentative,818,0.0163126
4,64,7,Piste 3a,730,suite,818,0.0924502
4,64,7,Piste 3b,365,tentative,1183,0.0209693
4,64,7,Piste 3b,365,suite,1183,0.0567677
4,64,7,Piste 3b,730,tentative,818,0.030914
4,64,7,Piste 3b,730,suite,818,0.19586
4,64,7,Piste 3c,365,tentative,1183,0.0274269
4,64,7,Piste 3c,365,suite,1183,0.076321
4,64,7,Piste 3c,730,tentative,818,0.0386951
4,64,7,Piste 3c,730,suite,818,0.230826
4,65,8,Référence,365,tentative,1183,0.0984769
4,65,8,Référence,365,suite,1183,0.126603
4,65,8,Référence,730,tentative,818,0.151351
4,65,8,Référence,730,suite,818,0.403686
4,65,8,Piste 1,365,tentative,1183,0.112909
4,65,8,Piste 1,365,suite,1183,0.151167
4,65,8,Piste 1,730,tentative,818,0.170849
4,65,8,Piste 1,730,suite,818,0.482214
4,65,8,Piste 2,365,tentative,1183,0.100509
4,65,8,Piste 2,365,suite,1183,0.169968
4,65,8,Piste 2,730,tentative,818,0.139788
4,65,8,Piste 2,730,suite,818,0.503845
4,65,8,Piste 3a,365,tentative,1183,0.0977408
4,65,8,Piste 3a,365,suite,1183,0.136068
4,65,8,Piste 3a,730,tentative,818,0.151354
4,65,8,Piste 3a,730,suite,818,0.429684
4,65,8,Piste 3b,365,tentative,1183,0.0852997
4,65,8,Piste 3b,365,suite,1183,0.155345
4,65,8,Piste 3b,730,tentative,818,0.121575
4,65,8,Piste 3b,730,suite,818,0.467294
4,65,8,Piste 3c,365,tentative,1183,0.0924566
4,65,8,Piste 3c,365,suite,1183,0.182419
4,65,8,Piste 3c,730,tentative,818,0.130151
4,65,8,Piste 3c,730,suite,818,0.532654
4,66,9,Référence,365,tentative,1183,0.0171898
4,66,9,Référence,365,suite,1183,0.0671279
4,66,9,Référence,730,tentative,818,0.0121725
4,66,9,Référence,730,suite,818,0.221666
4,66,9,Piste 1,365,tentative,1183,0.018655
4,66,9,Piste 1,365,suite,1183,0.0575746
4,66,9,Piste 1,730,tentative,818,0.0158407
4,66,9,Piste 1,730,suite,818,0.171888
4,66,9,Piste 2,365,tentative,1183,0.0194986
4,66,9,Piste 2,365,suite,1183,0.0688937
4,66,9,Piste 2,730,tentative,818,0.0176789
4,66,9,Piste 2,730,suite,818,0.165508
4,66,9,Piste 3a,365,tentative,1183,0.0166091
4,66,9,Piste 3a,365,suite,1183,0.0512487
4,66,9,Piste 3a,730,tentative,818,0.0145251
4,66,9,Piste 3a,730,suite,818,0.14135
4,66,9,Piste 3b,365,tentative,1183,0.0178668
4,66,9,Piste 3b,365,suite,1183,0.059083
4,66,9,Piste 3b,730,tentative,818,0.0160405
4,66,9,Piste 3b,730,suite,818,0.141166
4,66,9,Piste 3c,365,tentative,1183,0.0230318
4,66,9,Piste 3c,365,suite,1183,0.0829764
4,66,9,Piste 3c,730,tentative,818,0.0244358
4,66,9,Piste 3c,730,suite,818,0.230976
4,67,9,Référence,365,tentative,1183,0.053647
4,67,9,Référence,365,suite,1183,0.088467
4,67,9,Référence,730,tentative,818,0.0737848
4,67,9,Référence,730,suite,818,0.127853
4,67,9,Piste 1,365,tentative,1183,0.0572028
4,67,9,Piste 1,365,suite,1183,0.101302
4,67,9,Piste 1,730,tentative,818,0.0736044
4,67,9,Piste 1,730,suite,818,0.136216
4,67,9,Piste 2,365,tentative,1183,0.0475033
4,67,9,Piste 2,365,suite,1183,0.0852778
4,67,9,Piste 2,730,tentative,818,0.0662863
4,67,9,Piste 2,730,suite,818,0.103096
4,67,9,Piste 3a,365,tentative,1183,0.0583943
4,67,9,Piste 3a,365,suite,1183,0.0956341
4,67,9,Piste 3a,730,tentative,818,0.0731281
4,67,9,Piste 3a,730,suite,818,0.115231
4,67,9,Piste 3b,365,tentative,1183,0.0595583
4,67,9,Piste 3b,365,suite,1183,0.142014
4,67,9,Piste 3b,730,tentative,818,0.068689
4,67,9,Piste 3b,730,suite,818,0.241969
4,67,9,Piste 3c,365,tentative,1183,0.0521311
4,67,9,Piste 3c,365,suite,1183,0.239603
4,67,9,Piste 3c,730,tentative,818,0.0723363
4,67,9,Piste 3c,730,suite,818,0.466936
4,68,11,Référence,365,tentative,1183,0.0395449
4,68,11,Référence,365,suite,1183,0.0610778
4,68,11,Référence,730,tentative,818,0.0192321
4,68,11,Référence,730,suite,818,0.186776
4,68,11,Piste 1,365,tentative,1183,0.0492084
4,68,11,Piste 1,365,suite,1183,0.0745918
4,68,11,Piste 1,730,tentative,818,0.0233282
4,68,11,Piste 1,730,suite,818,0.217343
4,68,11,Piste 2,365,tentative,1183,0.0454091
4,68,11,Piste 2,365,suite,1183,0.0973601
4,68,11,Piste 2,730,tentative,818,0.0188297
4,68,11,Piste 2,730,suite,818,0.267156
4,68,11,Piste 3a,365,tentative,1183,0.0449244
4,68,11,Piste 3a,365,suite,1183,0.0697204
4,68,11,Piste 3a,730,tentative,818,0.0218335
4,68,11,Piste 3a,730,suite,818,0.209703
4,68,11,Piste 3b,365,tentative,1183,0.0420081
4,68,11,Piste 3b,365,suite,1183,0.08691
4,68,11,Piste 3b,730,tentative,818,0.0167948
4,68,11,Piste 3b,730,suite,818,0.211062
4,68,11,Piste 3c,365,tentative,1183,0.0419567
4,68,11,Piste 3c,365,suite,1183,0.103325
4,68,11,Piste 3c,730,tentative,818,0.0126646
4,68,11,Piste 3c,730,suite,818,0.285564
4,69,11,Référence,365,tentative,1183,0.128697
4,69,11,Référence,365,suite,1183,0.228265
4,69,11,Référence,730,tentative,818,0.18599
4,69,11,Référence,730,suite,818,0.447827
4,69,11,Piste 1,365,tentative,1183,0.122072
4,69,11,Piste 1,365,suite,1183,0.249773
4,69,11,Piste 1,730,tentative,818,0.164132
4,69,11,Piste 1,730,suite,818,0.497473
4,69,11,Piste 2,365,tentative,1183,0.0796029
4,69,11,Piste 2,365,suite,1183,0.274826
4,69,11,Piste 2,730,tentative,818,0.104964
4,69,11,Piste 2,730,suite,818,0.526476
4,69,11,Piste 3a,365,tentative,1183,0.108823
4,69,11,Piste 3a,365,suite,1183,0.21953
4,69,11,Piste 3a,730,tentative,818,0.145512
4,69,11,Piste 3a,730,suite,818,0.430962
4,69,11,Piste 3b,365,tentative,1183,0.0725716
4,69,11,Piste 3b,365,suite,1183,0.241714
4,69,11,Piste 3b,730,tentative,818,0.0952202
4,69,11,Piste 3b,730,suite,818,0.454387
4,69,11,Piste 3c,365,tentative,1183,0.0766991
4,69,11,Piste 3c,365,suite,1183,0.276678
4,69,11,Piste 3c,730,tentative,818,0.106065
4,69,11,Piste 3c,730,suite,818,0.547458
4,70,9,Référence,365,tentative,1183,0.0760946
4,70,9,Référence,365,suite,1183,0.0988789
4,70,9,Référence,730,tentative,818,0.100882
4,70,9,Référence,730,suite,818,0.199028
4,70,9,Piste 1,365,tentative,1183,0.0758125
4,70,9,Piste 1,365,suite,1183,0.104277
4,70,9,Piste 1,730,tentative,818,0.0987968
4,70,9,Piste 1,730,suite,818,0.223224
4,70,9,Piste 2,365,tentative,1183,0.0713295
4,70,9,Piste 2,365,suite,1183,0.118826
4,70,9,Piste 2,730,tentative,818,0.095851
4,70,9,Piste 2,730,suite,818,0.233769
4,70,9,Piste 3a,365,tentative,1183,0.0800328
4,70,9,Piste 3a,365,suite,1183,0.102589
4,70,9,Piste 3a,730,tentative,818,0.104614
4,70,9,Piste 3a,730,suite,818,0.20117
4,70,9,Piste 3b,365,tentative,1183,0.0733134
4,70,9,Piste 3b,365,suite,1183,0.120928
4,70,9,Piste 3b,730,tentative,818,0.0981149
4,70,9,Piste 3b,730,suite,818,0.225082
4,70,9,Piste 3c,365,tentative,1183,0.0510143
4,70,9,Piste 3c,365,suite,1183,0.153019
4,70,9,Piste 3c,730,tentative,818,0.0678111
4,70,9,Piste 3c,730,suite,818,0.292363
4,71,8,Référence,365,tentative,1183,0.0800972
4,71,8,Référence,365,suite,1183,0.212654
4,71,8,Référence,730,tentative,818,0.08852
4,71,8,Référence,730,suite,818,0.593298
4,71,8,Piste 1,365,tentative,1183,0.0754553
4,71,8,Piste 1,365,suite,1183,0.168493
4,71,8,Piste 1,730,tentative,818,0.0830691
4,71,8,Piste 1,730,suite,818,0.379952
4,71,8,Piste 2,365,tentative,1183,0.0678824
4,71,8,Piste 2,365,suite,1183,0.260351
4,71,8,Piste 2,730,tentative,818,0.0857565
4,71,8,Piste 2,730,suite,818,0.734722
4,71,8,Piste 3a,365,tentative,1183,0.085489
4,71,8,Piste 3a,365,suite,1183,0.233378
4,71,8,Piste 3a,730,tentative,818,0.101683
4,71,8,Piste 3a,730,suite,818,0.659372
4,71,8,Piste 3b,365,tentative,1183,0.082299
4,71,8,Piste 3b,365,suite,1183,0.278074
4,71,8,Piste 3b,730,tentative,818,0.106401
4,71,8,Piste 3b,730,suite,818,0.758639
4,71,8,Piste 3c,365,tentative,1183,0.0782379
4,71,8,Piste 3c,365,suite,1183,0.305613
4,71,8,Piste 3c,730,tentative,818,0.105608
4,71,8,Piste 3c,730,suite,818,0.821924
4,72,8,Référence,365,tentative,1183,0.0472585
4,72,8,Référence,365,suite,1183,0.0943903
4,72,8,Référence,730,tentative,818,0.0697598
4,72,8,Référence,730,suite,818,0.18669
4,72,8,Piste 1,365,tentative,1183,0.0491401
4,72,8,Piste 1,365,suite,1183,0.0988326
4,72,8,Piste 1,730,tentative,818,0.0722712
4,72,8,Piste 1,730,suite,818,0.151398
4,72,8,Piste 2,365,tentative,1183,0.0560015
4,72,8,Piste 2,365,suite,1183,0.11249
4,72,8,Piste 2,730,tentative,818,0.0804638
4,72,8,Piste 2,730,suite,818,0.167616
4,72,8,Piste 3a,365,tentative,1183,0.0466297
4,72,8,Piste 3a,365,suite,1183,0.087557
4,72,8,Piste 3a,730,tentative,818,0.0688504
4,72,8,Piste 3a,730,suite,818,0.176487
4,72,8,Piste 3b,365,tentative,1183,0.0587739
4,72,8,Piste 3b,365,suite,1183,0.116799
4,72,8,Piste 3b,730,tentative,818,0.0850009
4,72,8,Piste 3b,730,suite,818,0.179859
4,72,8,Piste 3c,365,tentative,1183,0.0613763
4,72,8,Piste 3c,365,suite,1183,0.149099
4,72,8,Piste 3c,730,tentative,818,0.0879864
4,72,8,Piste 3c,730,suite,818,0.289545
4,73,8,Référence,365,tentative,1183,0.0438624
4,73,8,Référence,365,suite,1183,0.10855
4,73,8,Référence,730,tentative,818,0.0651237
4,73,8,Référence,730,suite,818,0.203493
4,73,8,Piste 1,365,tentative,1183,0.0516018
4,73,8,Piste 1,365,suite,1183,0.0996825
4,73,8,Piste 1,730,tentative,818,0.076135
4,73,8,Piste 1,730,suite,818,0.185085
4,73,8,Piste 2,365,tentative,1183,0.0523422
4,73,8,Piste 2,365,suite,1183,0.151373
4,73,8,Piste 2,730,tentative,818,0.0766066
4,73,8,Piste 2,730,suite,818,0.286252
4,73,8,Piste 3a,365,tentative,1183,0.0497216
4,73,8,Piste 3a,365,suite,1183,0.132467
4,73,8,Piste 3a,730,tentative,818,0.0735973
4,73,8,Piste 3a,730,suite,818,0.237279
4,73,8,Piste 3b,365,tentative,1183,0.0500522
4,73,8,Piste 3b,365,suite,1183,0.152051
4,73,8,Piste 3b,730,tentative,818,0.0736222
4,73,8,Piste 3b,730,suite,818,0.273423
4,73,8,Piste 3c,365,tentative,1183,0.0562807
4,73,8,Piste 3c,365,suite,1183,0.211064
4,73,8,Piste 3c,730,tentative,818,0.0800309
4,73,8,Piste 3c,730,suite,818,0.403636
4,74,10,Référence,365,tentative,1183,0.164546
4,74,10,Référence,365,suite,1183,0.266682
4,74,10,Référence,730,tentative,818,0.0518201
4,74,10,Référence,730,suite,818,0.597334
4,74,10,Piste 1,365,tentative,1183,0.074002
4,74,10,Piste 1,365,suite,1183,0.157544
4,74,10,Piste 1,730,tentative,818,0.0625712
4,74,10,Piste 1,730,suite,818,0.320025
4,74,10,Piste 2,365,tentative,1183,0.0728044
4,74,10,Piste 2,365,suite,1183,0.181213
4,74,10,Piste 2,730,tentative,818,0.054442
4,74,10,Piste 2,730,suite,818,0.336112
4,74,10,Piste 3a,365,tentative,1183,0.0759515
4,74,10,Piste 3a,365,suite,1183,0.19613
4,74,10,Piste 3a,730,tentative,818,0.0553989
4,74,10,Piste 3a,730,suite,818,0.478682
4,74,10,Piste 3b,365,tentative,1183,0.0769827
4,74,10,Piste 3b,365,suite,1183,0.22597
4,74,10,Piste 3b,730,tentative,818,0.0488921
4,74,10,Piste 3b,730,suite,818,0.505293
4,74,10,Piste 3c,365,tentative,1183,0.067087
4,74,10,Piste 3c,365,suite,1183,0.364125
4,74,10,Piste 3c,730,tentative,818,0.042553
4,74,10,Piste 3c,730,suite,818,0.760742
4,75,7,Référence,365,tentative,1183,0.0541679
4,75,7,Référence,365,suite,1183,0.117233
4,75,7,Référence,730,tentative,818,0.0775746
4,75,7,Référence,730,suite,818,0.319702
4,75,7,Piste 1,365,tentative,1183,0.0456674
4,75,7,Piste 1,365,suite,1183,0.116677
4,75,7,Piste 1,730,tentative,818,0.0646639
4,75,7,Piste 1,730,suite,818,0.273623
4,75,7,Piste 2,365,tentative,1183,0.0462388
4,75,7,Piste 2,365,suite,1183,0.138562
4,75,7,Piste 2,730,tentative,818,0.0615235
4,75,7,Piste 2,730,suite,818,0.324726
4,75,7,Piste 3a,365,tentative,1183,0.0553328
4,75,7,Piste 3a,365,suite,1183,0.125196
4,75,7,Piste 3a,730,tentative,818,0.0769152
4,75,7,Piste 3a,730,suite,818,0.323166
4,75,7,Piste 3b,365,tentative,1183,0.0518613
4,75,7,Piste 3b,365,suite,1183,0.147227
4,75,7,Piste 3b,730,tentative,818,0.0682758
4,75,7,Piste 3b,730,suite,818,0.36898
4,75,7,Piste 3c,365,tentative,1183,0.04191
4,75,7,Piste 3c,365,suite,1183,0.150402
4,75,7,Piste 3c,730,tentative,818,0.0553795
4,75,7,Piste 3c,730,suite,818,0.374487
4,76,8,Référence,365,tentative,1183,0.122635
4,76,8,Référence,365,suite,1183,0.149451
4,76,8,Référence,730,tentative,818,0.195063
4,76,8,Référence,730,suite,818,0.37322
4,76,8,Piste 1,365,tentative,1183,0.142134
4,76,8,Piste 1,365,suite,1183,0.184742
4,76,8,Piste 1,730,tentative,818,0.226796
4,76,8,Piste 1,730,suite,818,0.466186
4,76,8,Piste 2,365,tentative,1183,0.108196
4,76,8,Piste 2,365,suite,1183,0.182616
4,76,8,Piste 2,730,tentative,818,0.162713
4,76,8,Piste 2,730,suite,818,0.450081
4,76,8,Piste 3a,365,tentative,1183,0.122934
4,76,8,Piste 3a,365,suite,1183,0.158717
4,76,8,Piste 3a,730,tentative,818,0.195892
4,76,8,Piste 3a,730,suite,818,0.403641
4,76,8,Piste 3b,365,tentative,1183,0.0917013
4,76,8,Piste 3b,365,suite,1183,0.153054
4,76,8,Piste 3b,730,tentative,818,0.138849
4,76,8,Piste 3b,730,suite,818,0.380648
4,76,8,Piste 3c,365,tentative,1183,0.0714521
4,76,8,Piste 3c,365,suite,1183,0.163567
4,76,8,Piste 3c,730,tentative,818,0.104846
4,76,8,Piste 3c,730,suite,818,0.394286
4,77,8,Référence,365,tentative,1183,0.0118331
4,77,8,Référence,365,suite,1183,0.0469737
4,77,8,Référence,730,tentative,818,0.0142461
4,77,8,Référence,730,suite,818,0.106515
4,77,8,Piste 1,365,tentative,1183,0.00875445
4,77,8,Piste 1,365,suite,1183,0.0479494
4,77,8,Piste 1,730,tentative,818,0.00848735
4,77,8,Piste 1,730,suite,818,0.0835791
4,77,8,Piste 2,365,tentative,1183,0.0137826
4,77,8,Piste 2,365,suite,1183,0.0833198
4,77,8,Piste 2,730,tentative,818,0.0148253
4,77,8,Piste 2,730,suite,818,0.163929
4,77,8,Piste 3a,365,tentative,1183,0.0122003
4,77,8,Piste 3a,365,suite,1183,0.0536815
4,77,8,Piste 3a,730,tentative,818,0.0142461
4,77,8,Piste 3a,730,suite,818,0.121996
4,77,8,Piste 3b,365,tentative,1183,0.0131075
4,77,8,Piste 3b,365,suite,1183,0.0613221
4,77,8,Piste 3b,730,tentative,818,0.0152837
4,77,8,Piste 3b,730,suite,818,0.126558
4,77,8,Piste 3c,365,tentative,1183,0.0183668
4,77,8,Piste 3c,365,suite,1183,0.0903636
4,77,8,Piste 3c,730,tentative,818,0.0226027
4,77,8,Piste 3c,730,suite,818,0.178513
4,78,8,Référence,365,tentative,1183,0.123774
4,78,8,Référence,365,suite,1183,0.180834
4,78,8,Référence,730,tentative,818,0.163851
4,78,8,Référence,730,suite,818,0.369962
4,78,8,Piste 1,365,tentative,1183,0.09965
4,78,8,Piste 1,365,suite,1183,0.18739
4,78,8,Piste 1,730,tentative,818,0.115592
4,78,8,Piste 1,730,suite,818,0.429238
4,78,8,Piste 2,365,tentative,1183,0.105646
4,78,8,Piste 2,365,suite,1183,0.237232
4,78,8,Piste 2,730,tentative,818,0.148017
4,78,8,Piste 2,730,suite,818,0.553524
4,78,8,Piste 3a,365,tentative,1183,0.0918582
4,78,8,Piste 3a,365,suite,1183,0.171806
4,78,8,Piste 3a,730,tentative,818,0.106915
4,78,8,Piste 3a,730,suite,818,0.401715
4,78,8,Piste 3b,365,tentative,1183,0.0991669
4,78,8,Piste 3b,365,suite,1183,0.221435
4,78,8,Piste 3b,730,tentative,818,0.13626
4,78,8,Piste 3b,730,suite,818,0.518663
4,78,8,Piste 3c,365,tentative,1183,0.100253
4,78,8,Piste 3c,365,suite,1183,0.281597
4,78,8,Piste 3c,730,tentative,818,0.12852
4,78,8,Piste 3c,730,suite,818,0.745391
4,79,7,Référence,365,tentative,1183,0.275965
4,79,7,Référence,365,suite,1183,0.338566
4,79,7,Référence,730,tentative,818,0.245755
4,79,7,Référence,730,suite,818,0.809376
4,79,7,Piste 1,365,tentative,1183,0.219397
4,79,7,Piste 1,365,suite,1183,0.28049
4,79,7,Piste 1,730,tentative,818,0.208131
4,79,7,Piste 1,730,suite,818,0.655819
4,79,7,Piste 2,365,tentative,1183,0.208697
4,79,7,Piste 2,365,suite,1183,0.338397
4,79,7,Piste 2,730,tentative,818,0.181516
4,79,7,Piste 2,730,suite,818,0.724644
4,79,7,Piste 3a,365,tentative,1183,0.261455
4,79,7,Piste 3a,365,suite,1183,0.338839
4,79,7,Piste 3a,730,tentative,818,0.237186
4,79,7,Piste 3a,730,suite,818,0.864389
4,79,7,Piste 3b,365,tentative,1183,0.255185
4,79,7,Piste 3b,365,suite,1183,0.411135
4,79,7,Piste 3b,730,tentative,818,0.220888
4,79,7,Piste 3b,730,suite,818,0.986483
4,79,7,Piste 3c,365,tentative,1183,0.223273
4,79,7,Piste 3c,365,suite,1183,0.458329
4,79,7,Piste 3c,730,tentative,818,0.163788
4,79,7,Piste 3c,730,suite,818,1.11292
4,80,8,Référence,365,tentative,1183,0.0573677
4,80,8,Référence,365,suite,1183,0.0810341
4,80,8,Référence,730,tentative,818,0.0896153
4,80,8,Référence,730,suite,818,0.272969
4,80,8,Piste 1,365,tentative,1183,0.0509114
4,80,8,Piste 1,365,suite,1183,0.0842852
4,80,8,Piste 1,730,tentative,818,0.0750878
4,80,8,Piste 1,730,suite,818,0.261292
4,80,8,Piste 2,365,tentative,1183,0.0495462
4,80,8,Piste 2,365,suite,1183,0.106531
4,80,8,Piste 2,730,tentative,818,0.0721053
4,80,8,Piste 2,730,suite,818,0.325397
4,80,8,Piste 3a,365,tentative,1183,0.0503295
4,80,8,Piste 3a,365,suite,1183,0.080741
4,80,8,Piste 3a,730,tentative,818,0.0784179
4,80,8,Piste 3a,730,suite,818,0.266178
4,80,8,Piste 3b,365,tentative,1183,0.0604371
4,80,8,Piste 3b,365,suite,1183,0.132632
4,80,8,Piste 3b,730,tentative,818,0.0921538
4,80,8,Piste 3b,730,suite,818,0.365792
4,80,8,Piste 3c,365,tentative,1183,0.0557743
4,80,8,Piste 3c,365,suite,1183,0.144527
4,80,8,Piste 3c,730,tentative,818,0.0786014
4,80,8,Piste 3c,730,suite,818,0.382144
4,81,9,Référence,365,tentative,1183,0.0177255
4,81,9,Référence,365,suite,1183,0.0467052
4,81,9,Référence,730,tentative,818,0.028356
4,81,9,Référence,730,suite,818,0.0853132
4,81,9,Piste 1,365,tentative,1183,0.0172198
4,81,9,Piste 1,365,suite,1183,0.0473165
4,81,9,Piste 1,730,tentative,818,0.0276449
4,81,9,Piste 1,730,suite,818,0.120469
4,81,9,Piste 2,365,tentative,1183,0.0173772
4,81,9,Piste 2,365,suite,1183,0.0599847
4,81,9,Piste 2,730,tentative,818,0.0275407
4,81,9,Piste 2,730,suite,818,0.139355
4,81,9,Piste 3a,365,tentative,1183,0.017623
4,81,9,Piste 3a,365,suite,1183,0.0457094
4,81,9,Piste 3a,730,tentative,818,0.0282449
4,81,9,Piste 3a,730,suite,818,0.106951
4,81,9,Piste 3b,365,tentative,1183,0.0133316
4,81,9,Piste 3b,365,suite,1183,0.0512858
4,81,9,Piste 3b,730,tentative,818,0.0216392
4,81,9,Piste 3b,730,suite,818,0.130987
4,81,9,Piste 3c,365,tentative,1183,0.00786658
4,81,9,Piste 3c,365,suite,1183,0.0612025
4,81,9,Piste 3c,730,tentative,818,0.0136217
4,81,9,Piste 3c,730,suite,818,0.136975
4,82,7,Référence,365,tentative,1183,0.0512341
4,82,7,Référence,365,suite,1183,0.0762749
4,82,7,Référence,730,tentative,818,0.075842
4,82,7,Référence,730,suite,818,0.170679
4,82,7,Piste 1,365,tentative,1183,0.0320238
4,82,7,Piste 1,365,suite,1183,0.0468229
4,82,7,Piste 1,730,tentative,818,0.0458665
4,82,7,Piste 1,730,suite,818,0.0646137
4,82,7,Piste 2,365,tentative,1183,0.0306097
4,82,7,Piste 2,365,suite,1183,0.0560911
4,82,7,Piste 2,730,tentative,818,0.0404381
4,82,7,Piste 2,730,suite,818,0.0689374
4,82,7,Piste 3a,365,tentative,1183,0.0440436
4,82,7,Piste 3a,365,suite,1183,0.0866093
4,82,7,Piste 3a,730,tentative,818,0.0615124
4,82,7,Piste 3a,730,suite,818,0.201868
4,82,7,Piste 3b,365,tentative,1183,0.0401398
4,82,7,Piste 3b,365,suite,1183,0.105044
4,82,7,Piste 3b,730,tentative,818,0.0519316
4,82,7,Piste 3b,730,suite,818,0.24786
4,82,7,Piste 3c,365,tentative,1183,0.0555308
4,82,7,Piste 3c,365,suite,1183,0.159523
4,82,7,Piste 3c,730,tentative,818,0.0730689
4,82,7,Piste 3c,730,suite,818,0.352465
4,83,8,Référence,365,tentative,1183,0.0257751
4,83,8,Référence,365,suite,1183,0.0617466
4,83,8,Référence,730,tentative,818,0.0323845
4,83,8,Référence,730,suite,818,0.198433
4,83,8,Piste 1,365,tentative,1183,0.0251837
4,83,8,Piste 1,365,suite,1183,0.0736473
4,83,8,Piste 1,730,tentative,818,0.0252378
4,83,8,Piste 1,730,suite,818,0.242189
4,83,8,Piste 2,365,tentative,1183,0.0268287
4,83,8,Piste 2,365,suite,1183,0.128265
4,83,8,Piste 2,730,tentative,818,0.0239368
4,83,8,Piste 2,730,suite,818,0.35768
4,83,8,Piste 3a,365,tentative,1183,0.0288225
4,83,8,Piste 3a,365,suite,1183,0.0800861
4,83,8,Piste 3a,730,tentative,818,0.0314971
4,83,8,Piste 3a,730,suite,818,0.262184
4,83,8,Piste 3b,365,tentative,1183,0.027358
4,83,8,Piste 3b,365,suite,1183,0.127888
4,83,8,Piste 3b,730,tentative,818,0.0269589
4,83,8,Piste 3b,730,suite,818,0.36919
4,83,8,Piste 3c,365,tentative,1183,0.0323136
4,83,8,Piste 3c,365,suite,1183,0.149069
4,83,8,Piste 3c,730,tentative,818,0.0301797
4,83,8,Piste 3c,730,suite,818,0.387534
4,84,9,Référence,365,tentative,1183,0.0378375
4,84,9,Référence,365,suite,1183,0.104917
4,84,9,Référence,730,tentative,818,0.0276058
4,84,9,Référence,730,suite,818,0.275407
4,84,9,Piste 1,365,tentative,1183,0.0333999
4,84,9,Piste 1,365,suite,1183,0.107278
4,84,9,Piste 1,730,tentative,818,0.0339717
4,84,9,Piste 1,730,suite,818,0.316272
4,84,9,Piste 2,365,tentative,1183,0.0320612
4,84,9,Piste 2,365,suite,1183,0.136332
4,84,9,Piste 2,730,tentative,818,0.0271649
4,84,9,Piste 2,730,suite,818,0.35234
4,84,9,Piste 3a,365,tentative,1183,0.0364665
4,84,9,Piste 3a,365,suite,1183,0.101099
4,84,9,Piste 3a,730,tentative,818,0.0324929
4,84,9,Piste 3a,730,suite,818,0.289068
4,84,9,Piste 3b,365,tentative,1183,0.0326224
4,84,9,Piste 3b,365,suite,1183,0.120385
4,84,9,Piste 3b,730,tentative,818,0.0249704
4,84,9,Piste 3b,730,suite,818,0.303811
4,84,9,Piste 3c,365,tentative,1183,0.0291657
4,84,9,Piste 3c,365,suite,1183,0.132789
4,84,9,Piste 3c,730,tentative,818,0.0282103
4,84,9,Piste 3c,730,suite,818,0.332841
4,85,8,Référence,365,tentative,1183,0.0674721
4,85,8,Référence,365,suite,1183,0.114318
4,85,8,Référence,730,tentative,818,0.0741808
4,85,8,Référence,730,suite,818,0.347494
4,85,8,Piste 1,365,tentative,1183,0.055668
4,85,8,Piste 1,365,suite,1183,0.116395
4,85,8,Piste 1,730,tentative,818,0.0575672
4,85,8,Piste 1,730,suite,818,0.346474
4,85,8,Piste 2,365,tentative,1183,0.0425406
4,85,8,Piste 2,365,suite,1183,0.131717
4,85,8,Piste 2,730,tentative,818,0.0448783
4,85,8,Piste 2,730,suite,818,0.379833
4,85,8,Piste 3a,365,tentative,1183,0.0560262
4,85,8,Piste 3a,365,suite,1183,0.117323
4,85,8,Piste 3a,730,tentative,818,0.0563559
4,85,8,Piste 3a,730,suite,818,0.358527
4,85,8,Piste 3b,365,tentative,1183,0.04057
4,85,8,Piste 3b,365,suite,1183,0.130007
4,85,8,Piste 3b,730,tentative,818,0.0382498
4,85,8,Piste 3b,730,suite,818,0.384564
4,85,8,Piste 3c,365,tentative,1183,0.0393013
4,85,8,Piste 3c,365,suite,1183,0.124523
4,85,8,Piste 3c,730,tentative,818,0.0385124
4,85,8,Piste 3c,730,suite,818,0.372324
4,86,10,Référence,365,tentative,1183,0.0991706
4,86,10,Référence,365,suite,1183,0.141946
4,86,10,Référence,730,tentative,818,0.155875
4,86,10,Référence,730,suite,818,0.275649
4,86,10,Piste 1,365,tentative,1183,0.106539
4,86,10,Piste 1,365,suite,1183,0.167196
4,86,10,Piste 1,730,tentative,818,0.155634
4,86,10,Piste 1,730,suite,818,0.324779
4,86,10,Piste 2,365,tentative,1183,0.117425
4,86,10,Piste 2,365,suite,1183,0.194664
4,86,10,Piste 2,730,tentative,818,0.170391
4,86,10,Piste 2,730,suite,818,0.390671
4,86,10,Piste 3a,365,tentative,1183,0.0928356
4,86,10,Piste 3a,365,suite,1183,0.149168
4,86,10,Piste 3a,730,tentative,818,0.136615
4,86,10,Piste 3a,730,suite,818,0.284406
4,86,10,Piste 3b,365,tentative,1183,0.113113
4,86,10,Piste 3b,365,suite,1183,0.182183
4,86,10,Piste 3b,730,tentative,818,0.167298
4,86,10,Piste 3b,730,suite,818,0.338898
4,86,10,Piste 3c,365,tentative,1183,0.103007
4,86,10,Piste 3c,365,suite,1183,0.200699
4,86,10,Piste 3c,730,tentative,818,0.148867
4,86,10,Piste 3c,730,suite,818,0.378889
4,87,9,Référence,365,tentative,1183,0.0307642
4,87,9,Référence,365,suite,1183,0.0933471
4,87,9,Référence,730,tentative,818,0.0350207
4,87,9,Référence,730,suite,818,0.268701
4,87,9,Piste 1,365,tentative,1183,0.0219046
4,87,9,Piste 1,365,suite,1183,0.0964739
4,87,9,Piste 1,730,tentative,818,0.020014
4,87,9,Piste 1,730,suite,818,0.307055
4,87,9,Piste 2,365,tentative,1183,0.0161903
4,87,9,Piste 2,365,suite,1183,0.109729
4,87,9,Piste 2,730,tentative,818,0.0141785
4,87,9,Piste 2,730,suite,818,0.332401
4,87,9,Piste 3a,365,tentative,1183,0.0236497
4,87,9,Piste 3a,365,suite,1183,0.0938723
4,87,9,Piste 3a,730,tentative,818,0.0237675
4,87,9,Piste 3a,730,suite,818,0.282062
4,87,9,Piste 3b,365,tentative,1183,0.0168771
4,87,9,Piste 3b,365,suite,1183,0.108284
4,87,9,Piste 3b,730,tentative,818,0.0145798
4,87,9,Piste 3b,730,suite,818,0.326691
4,87,9,Piste 3c,365,tentative,1183,0.0146869
4,87,9,Piste 3c,365,suite,1183,0.112308
4,87,9,Piste 3c,730,tentative,818,0.0126291
4,87,9,Piste 3c,730,suite,818,0.336486
4,88,9,Référence,365,tentative,1183,0.0662914
4,88,9,Référence,365,suite,1183,0.14543
4,88,9,Référence,730,tentative,818,0.0613363
4,88,9,Référence,730,suite,818,0.292472
4,88,9,Piste 1,365,tentative,1183,0.066838
4,88,9,Piste 1,365,suite,1183,0.157901
4,88,9,Piste 1,730,tentative,818,0.070581
4,88,9,Piste 1,730,suite,818,0.331933
4,88,9,Piste 2,365,tentative,1183,0.0626831
4,88,9,Piste 2,365,suite,1183,0.167184
4,88,9,Piste 2,730,tentative,818,0.0777257
4,88,9,Piste 2,730,suite,818,0.264316
4,88,9,Piste 3a,365,tentative,1183,0.066882
4,88,9,Piste 3a,365,suite,1183,0.132197
4,88,9,Piste 3a,730,tentative,818,0.0636592
4,88,9,Piste 3a,730,suite,818,0.353043
4,88,9,Piste 3b,365,tentative,1183,0.0600474
4,88,9,Piste 3b,365,suite,1183,0.195215
4,88,9,Piste 3b,730,tentative,818,0.072075
4,88,9,Piste 3b,730,suite,818,0.359592
4,88,9,Piste 3c,365,tentative,1183,0.0467839
4,88,9,Piste 3c,365,suite,1183,0.157805
4,88,9,Piste 3c,730,tentative,818,0.0369024
4,88,9,Piste 3c,730,suite,818,0.285924
4,89,8,Référence,365,tentative,1183,0.0214425
4,89,8,Référence,365,suite,1183,0.0827871
4,89,8,Référence,730,tentative,818,0.0173312
4,89,8,Référence,730,suite,818,0.183177
4,89,8,Piste 1,365,tentative,1183,0.0198628
4,89,8,Piste 1,365,suite,1183,0.0960038
4,89,8,Piste 1,730,tentative,818,0.0164255
4,89,8,Piste 1,730,suite,818,0.207628
4,89,8,Piste 2,365,tentative,1183,0.0171184
4,89,8,Piste 2,365,suite,1183,0.113351
4,89,8,Piste 2,730,tentative,818,0.0164522
4,89,8,Piste 2,730,suite,818,0.222753
4,89,8,Piste 3a,365,tentative,1183,0.0171984
4,89,8,Piste 3a,365,suite,1183,0.0852213
4,89,8,Piste 3a,730,tentative,818,0.0127377
4,89,8,Piste 3a,730,suite,818,0.192066
4,89,8,Piste 3b,365,tentative,1183,0.013257
4,89,8,Piste 3b,365,suite,1183,0.0768696
4,89,8,Piste 3b,730,tentative,818,0.0126046
4,89,8,Piste 3b,730,suite,818,0.167148
4,89,8,Piste 3c,365,tentative,1183,0.0176725
4,89,8,Piste 3c,365,suite,1183,0.25666
4,89,8,Piste 3c,730,tentative,818,0.0158544
4,89,8,Piste 3c,730,suite,818,0.525578
4,90,10,Référence,365,tentative,1183,0.0236293
4,90,10,Référence,365,suite,1183,0.0585799
4,90,10,Référence,730,tentative,818,0.00588811
4,90,10,Référence,730,suite,818,0.101705
4,90,10,Piste 1,365,tentative,1183,0.0309109
4,90,10,Piste 1,365,suite,1183,0.0734616
4,90,10,Piste 1,730,tentative,818,0.00758977
4,90,10,Piste 1,730,suite,818,0.119977
4,90,10,Piste 2,365,tentative,1183,0.0340561
4,90,10,Piste 2,365,suite,1183,0.0890978
4,90,10,Piste 2,730,tentative,818,0.00665119
4,90,10,Piste 2,730,suite,818,0.157025
4,90,10,Piste 3a,365,tentative,1183,0.0243357
4,90,10,Piste 3a,365,suite,1183,0.0578043
4,90,10,Piste 3a,730,tentative,818,0.00736211
4,90,10,Piste 3a,730,suite,818,0.0974639
4,90,10,Piste 3b,365,tentative,1183,0.0273154
4,90,10,Piste 3b,365,suite,1183,0.0720838
4,90,10,Piste 3b,730,tentative,818,0.00652142
4,90,10,Piste 3b,730,suite,818,0.157426
4,90,10,Piste 3c,365,tentative,1183,0.0297776
4,90,10,Piste 3c,365,suite,1183,0.0906192
4,90,10,Piste 3c,730,tentative,818,0.00670902
4,90,10,Piste 3c,730,suite,818,0.183411
4,91,7,Référence,365,tentative,1183,0.0161672
4,91,7,Référence,365,suite,1183,0.0497178
4,91,7,Référence,730,tentative,818,0.00796383
4,91,7,Référence,730,suite,818,0.091402
4,91,7,Piste 1,365,tentative,1183,0.013465
4,91,7,Piste 1,365,suite,1183,0.0409521
4,91,7,Piste 1,730,tentative,818,0.00477976
4,91,7,Piste 1,730,suite,818,0.0742945
4,91,7,Piste 2,365,tentative,1183,0.00664555
4,91,7,Piste 2,365,suite,1183,0.0493151
4,91,7,Piste 2,730,tentative,818,0.00475256
4,91,7,Piste 2,730,suite,818,0.118484
4,91,7,Piste 3a,365,tentative,1183,0.014509
4,91,7,Piste 3a,365,suite,1183,0.0410926
4,91,7,Piste 3a,730,tentative,818,0.00543072
4,91,7,Piste 3a,730,suite,818,0.0695503
4,91,7,Piste 3b,365,tentative,1183,0.00594747
4,91,7,Piste 3b,365,suite,1183,0.0508429
4,91,7,Piste 3b,730,tentative,818,0.00613397
4,91,7,Piste 3b,730,suite,818,0.10598
4,91,7,Piste 3c,365,tentative,1183,0.0117168
4,91,7,Piste 3c,365,suite,1183,0.0658599
4,91,7,Piste 3c,730,tentative,818,0.0130468
4,91,7,Piste 3c,730,suite,818,0.132663
4,92,10,Référence,365,tentative,1183,0.0378518
4,92,10,Référence,365,suite,1183,0.0964663
4,92,10,Référence,730,tentative,818,0.0572191
4,92,10,Référence,730,suite,818,0.321057
4,92,10,Piste 1,365,tentative,1183,0.0110369
4,92,10,Piste 1,365,suite,1183,0.01321
4,92,10,Piste 1,730,tentative,818,0.0183712
4,92,10,Piste 1,730,suite,818,0.0326173
4,92,10,Piste 2,365,tentative,1183,0.00401206
4,92,10,Piste 2,365,suite,1183,0.0430758
4,92,10,Piste 2,730,tentative,818,0.00815521
4,92,10,Piste 2,730,suite,818,0.120309
4,92,10,Piste 3a,365,tentative,1183,0.0441528
4,92,10,Piste 3a,365,suite,1183,0.125734
4,92,10,Piste 3a,730,tentative,818,0.0669871
4,92,10,Piste 3a,730,suite,818,0.427919
4,92,10,Piste 3b,365,tentative,1183,0.0328927
4,92,10,Piste 3b,365,suite,1183,0.151399
4,92,10,Piste 3b,730,tentative,818,0.049982
4,92,10,Piste 3b,730,suite,818,0.486852
4,92,10,Piste 3c,365,tentative,1183,0.0263375
4,92,10,Piste 3c,365,suite,1183,0.147508
4,92,10,Piste 3c,730,tentative,818,0.0400787
4,92,10,Piste 3c,730,suite,818,0.503498
4,93,9,Référence,365,tentative,1183,0.0184839
4,93,9,Référence,365,suite,1183,0.0561133
4,93,9,Référence,730,tentative,818,0.00603669
4,93,9,Référence,730,suite,818,0.0850786
4,93,9,Piste 1,365,tentative,1183,0.0234238
4,93,9,Piste 1,365,suite,1183,0.0706002
4,93,9,Piste 1,730,tentative,818,0.00723574
4,93,9,Piste 1,730,suite,818,0.112056
4,93,9,Piste 2,365,tentative,1183,0.021508
4,93,9,Piste 2,365,suite,1183,0.0753337
4,93,9,Piste 2,730,tentative,818,0.0113041
4,93,9,Piste 2,730,suite,818,0.117772
4,93,9,Piste 3a,365,tentative,1183,0.0201854
4,93,9,Piste 3a,365,suite,1183,0.064678
4,93,9,Piste 3a,730,tentative,818,0.00641682
4,93,9,Piste 3a,730,suite,818,0.106099
4,93,9,Piste 3b,365,tentative,1183,0.0192926
4,93,9,Piste 3b,365,suite,1183,0.0665048
4,93,9,Piste 3b,730,tentative,818,0.0110909
4,93,9,Piste 3b,730,suite,818,0.103906
4,93,9,Piste 3c,365,tentative,1183,0.0177268
4,93,9,Piste 3c,365,suite,1183,0.0722255
4,93,9,Piste 3c,730,tentative,818,0.0115581
4,93,9,Piste 3c,730,suite,818,0.108214
4,94,9,Référence,365,tentative,1183,0.0187731
4,94,9,Référence,365,suite,1183,0.0385174
4,94,9,Référence,730,tentative,818,0.0178191
4,94,9,Référence,730,suite,818,0.114159
4,94,9,Piste 1,365,tentative,1183,0.0176983
4,94,9,Piste 1,365,suite,1183,0.044631
4,94,9,Piste 1,730,tentative,818,0.016071
4,94,9,Piste 1,730,suite,818,0.122956
4,94,9,Piste 2,365,tentative,1183,0.0168857
4,94,9,Piste 2,365,suite,1183,0.0664554
4,94,9,Piste 2,730,tentative,818,0.0124351
4,94,9,Piste 2,730,suite,818,0.163737
4,94,9,Piste 3a,365,tentative,1183,0.0258003
4,94,9,Piste 3a,365,suite,1183,0.0546294
4,94,9,Piste 3a,730,tentative,818,0.0124863
4,94,9,Piste 3a,730,suite,818,0.140384
4,94,9,Piste 3b,365,tentative,1183,0.023822
4,94,9,Piste 3b,365,suite,1183,0.0704002
4,94,9,Piste 3b,730,tentative,818,0.00990761
4,94,9,Piste 3b,730,suite,818,0.160026
4,94,9,Piste 3c,365,tentative,1183,0.0220261
4,94,9,Piste 3c,365,suite,1183,0.0720929
4,94,9,Piste 3c,730,tentative,818,0.00589389
4,94,9,Piste 3c,730,suite,818,0.167724
4,95,9,Référence,365,tentative,1183,0.0235334
4,95,9,Référence,365,suite,1183,0.061066
4,95,9,Référence,730,tentative,818,0.00230057
4,95,9,Référence,730,suite,818,0.195196
4,95,9,Piste 1,365,tentative,1183,0.0251642
4,95,9,Piste 1,365,suite,1183,0.0720886
4,95,9,Piste 1,730,tentative,818,0.00364092
4,95,9,Piste 1,730,suite,818,0.177306
4,95,9,Piste 2,365,tentative,1183,0.0264495
4,95,9,Piste 2,365,suite,1183,0.0720971
4,95,9,Piste 2,730,tentative,818,0.0028999
4,95,9,Piste 2,730,suite,818,0.180918
4,95,9,Piste 3a,365,tentative,1183,0.0189752
4,95,9,Piste 3a,365,suite,1183,0.055651
4,95,9,Piste 3a,730,tentative,818,0.00189689
4,95,9,Piste 3a,730,suite,818,0.134137
4,95,9,Piste 3b,365,tentative,1183,0.0207004
4,95,9,Piste 3b,365,suite,1183,0.0572529
4,95,9,Piste 3b,730,tentative,818,0.00142791
4,95,9,Piste 3b,730,suite,818,0.155034
4,95,9,Piste 3c,365,tentative,1183,0.0213376
4,95,9,Piste 3c,365,suite,1183,0.0786775
4,95,9,Piste 3c,730,tentative,818,0.000119543
4,95,9,Piste 3c,730,suite,818,0.206337
4,96,10,Référence,365,tentative,1183,0.122922
4,96,10,Référence,365,suite,1183,0.18831
4,96,10,Référence,730,tentative,818,0.157168
4,96,10,Référence,730,suite,818,0.424393
4,96,10,Piste 1,365,tentative,1183,0.0912828
4,96,10,Piste 1,365,suite,1183,0.199859
4,96,10,Piste 1,730,tentative,818,0.123554
4,96,10,Piste 1,730,suite,818,0.455117
4,96,10,Piste 2,365,tentative,1183,0.0839632
4,96,10,Piste 2,365,suite,1183,0.222307
4,96,10,Piste 2,730,tentative,818,0.107206
4,96,10,Piste 2,730,suite,818,0.49609
4,96,10,Piste 3a,365,tentative,1183,0.0957724
4,96,10,Piste 3a,365,suite,1183,0.198749
4,96,10,Piste 3a,730,tentative,818,0.126858
4,96,10,Piste 3a,730,suite,818,0.430954
4,96,10,Piste 3b,365,tentative,1183,0.087182
4,96,10,Piste 3b,365,suite,1183,0.226191
4,96,10,Piste 3b,730,tentative,818,0.106236
4,96,10,Piste 3b,730,suite,818,0.486904
4,96,10,Piste 3c,365,tentative,1183,0.0737477
4,96,10,Piste 3c,365,suite,1183,0.265839
4,96,10,Piste 3c,730,tentative,818,0.0898569
4,96,10,Piste 3c,730,suite,818,0.546723
4,97,7,Référence,365,tentative,1183,0.0636867
4,97,7,Référence,365,suite,1183,0.10517
4,97,7,Référence,730,tentative,818,0.094307
4,97,7,Référence,730,suite,818,0.350918
4,97,7,Piste 1,365,tentative,1183,0.0713652
4,97,7,Piste 1,365,suite,1183,0.135023
4,97,7,Piste 1,730,tentative,818,0.109464
4,97,7,Piste 1,730,suite,818,0.443718
4,97,7,Piste 2,365,tentative,1183,0.0405399
4,97,7,Piste 2,365,suite,1183,0.127496
4,97,7,Piste 2,730,tentative,818,0.0500649
4,97,7,Piste 2,730,suite,818,0.389895
4,97,7,Piste 3a,365,tentative,1183,0.0748335
4,97,7,Piste 3a,365,suite,1183,0.118579
4,97,7,Piste 3a,730,tentative,818,0.123782
4,97,7,Piste 3a,730,suite,818,0.408395
4,97,7,Piste 3b,365,tentative,1183,0.0511937
4,97,7,Piste 3b,365,suite,1183,0.133678
4,97,7,Piste 3b,730,tentative,818,0.0745082
4,97,7,Piste 3b,730,suite,818,0.442416
4,97,7,Piste 3c,365,tentative,1183,0.0527282
4,97,7,Piste 3c,365,suite,1183,0.157933
4,97,7,Piste 3c,730,tentative,818,0.0752838
4,97,7,Piste 3c,730,suite,818,0.455242
4,98,7,Référence,365,tentative,1183,0.0364706
4,98,7,Référence,365,suite,1183,0.0612831
4,98,7,Référence,730,tentative,818,0.0532961
4,98,7,Référence,730,suite,818,0.177931
4,98,7,Piste 1,365,tentative,1183,0.0306868
4,98,7,Piste 1,365,suite,1183,0.0619169
4,98,7,Piste 1,730,tentative,818,0.0380247
4,98,7,Piste 1,730,suite,818,0.15725
4,98,7,Piste 2,365,tentative,1183,0.021682
4,98,7,Piste 2,365,suite,1183,0.0763187
4,98,7,Piste 2,730,tentative,818,0.0145791
4,98,7,Piste 2,730,suite,818,0.197459
4,98,7,Piste 3a,365,tentative,1183,0.0387531
4,98,7,Piste 3a,365,suite,1183,0.0676645
4,98,7,Piste 3a,730,tentative,818,0.059936
4,98,7,Piste 3a,730,suite,818,0.202604
4,98,7,Piste 3b,365,tentative,1183,0.0252908
4,98,7,Piste 3b,365,suite,1183,0.0758948
4,98,7,Piste 3b,730,tentative,818,0.023651
4,98,7,Piste 3b,730,suite,818,0.212477
4,98,7,Piste 3c,365,tentative,1183,0.0247286
4,98,7,Piste 3c,365,suite,1183,0.103027
4,98,7,Piste 3c,730,tentative,818,0.0250726
4,98,7,Piste 3c,730,suite,818,0.29089
4,99,10,Référence,365,tentative,1183,0.0753603
4,99,10,Référence,365,suite,1183,0.163965
4,99,10,Référence,730,tentative,818,0.0998751
4,99,10,Référence,730,suite,818,0.372035
4,99,10,Piste 1,365,tentative,1183,0.084661
4,99,10,Piste 1,365,suite,1183,0.186748
4,99,10,Piste 1,730,tentative,818,0.112514
4,99,10,Piste 1,730,suite,818,0.426793
4,99,10,Piste 2,365,tentative,1183,0.072142
4,99,10,Piste 2,365,suite,1183,0.220081
4,99,10,Piste 2,730,tentative,818,0.0951185
4,99,10,Piste 2,730,suite,818,0.498095
4,99,10,Piste 3a,365,tentative,1183,0.0907018
4,99,10,Piste 3a,365,suite,1183,0.186486
4,99,10,Piste 3a,730,tentative,818,0.121151
4,99,10,Piste 3a,730,suite,818,0.394401
4,99,10,Piste 3b,365,tentative,1183,0.0824101
4,99,10,Piste 3b,365,suite,1183,0.23282
4,99,10,Piste 3b,730,tentative,818,0.110459
4,99,10,Piste 3b,730,suite,818,0.497889
4,99,10,Piste 3c,365,tentative,1183,0.073449
4,99,10,Piste 3c,365,suite,1183,0.260655
4,99,10,Piste 3c,730,tentative,818,0.096205
4,99,10,Piste 3c,730,suite,818,0.55108
4,100,8,Référence,365,tentative,1183,0.0107443
4,100,8,Référence,365,suite,1183,0.0694389
4,100,8,Référence,730,tentative,818,0.0156191
4,100,8,Référence,730,suite,818,0.211914
4,100,8,Piste 1,365,tentative,1183,0.00838747
4,100,8,Piste 1,365,suite,1183,0.0801228
4,100,8,Piste 1,730,tentative,818,0.0116718
4,100,8,Piste 1,730,suite,818,0.240212
4,100,8,Piste 2,365,tentative,1183,0.00827601
4,100,8,Piste 2,365,suite,1183,0.0891202
4,100,8,Piste 2,730,tentative,818,0.0134098
4,100,8,Piste 2,730,suite,818,0.227229
4,100,8,Piste 3a,365,tentative,1183,0.00819033
4,100,8,Piste 3a,365,suite,1183,0.0725086
4,100,8,Piste 3a,730,tentative,818,0.0108565
4,100,8,Piste 3a,730,suite,818,0.206318
4,100,8,Piste 3b,365,tentative,1183,0.0075981
4,100,8,Piste 3b,365,suite,1183,0.0745413
4,100,8,Piste 3b,730,tentative,818,0.0126638
4,100,8,Piste 3b,730,suite,818,0.187227
4,100,8,Piste 3c,365,tentative,1183,0.0067007
4,100,8,Piste 3c,365,suite,1183,0.0867628
4,100,8,Piste 3c,730,tentative,818,0.0107888
4,100,8,Piste 3c,730,suite,818,0.208784
4,101,9,Référence,365,tentative,1183,0.130848
4,101,9,Référence,365,suite,1183,0.250066
4,101,9,Référence,730,tentative,818,0.178117
4,101,9,Référence,730,suite,818,0.57589
4,101,9,Piste 1,365,tentative,1183,0.12643
4,101,9,Piste 1,365,suite,1183,0.275172
4,101,9,Piste 1,730,tentative,818,0.171326
4,101,9,Piste 1,730,suite,818,0.646443
4,101,9,Piste 2,365,tentative,1183,0.0678049
4,101,9,Piste 2,365,suite,1183,0.311306
4,101,9,Piste 2,730,tentative,818,0.0752856
4,101,9,Piste 2,730,suite,818,0.690393
4,101,9,Piste 3a,365,tentative,1183,0.106523
4,101,9,Piste 3a,365,suite,1183,0.242089
4,101,9,Piste 3a,730,tentative,818,0.121083
4,101,9,Piste 3a,730,suite,818,0.49289
4,101,9,Piste 3b,365,tentative,1183,0.0554642
4,101,9,Piste 3b,365,suite,1183,0.25531
4,101,9,Piste 3b,730,tentative,818,0.0544594
4,101,9,Piste 3b,730,suite,818,0.500437
4,101,9,Piste 3c,365,tentative,1183,0.0601451
4,101,9,Piste 3c,365,suite,1183,0.323162
4,101,9,Piste 3c,730,tentative,818,0.0740686
4,101,9,Piste 3c,730,suite,818,0.689469
4,102,8,Référence,365,tentative,1183,0.0422414
4,102,8,Référence,365,suite,1183,0.104479
4,102,8,Référence,730,tentative,818,0.044217
4,102,8,Référence,730,suite,818,0.261563
4,102,8,Piste 1,365,tentative,1183,0.021152
4,102,8,Piste 1,365,suite,1183,0.0773456
4,102,8,Piste 1,730,tentative,818,0.0201238
4,102,8,Piste 1,730,suite,818,0.209489
4,102,8,Piste 2,365,tentative,1183,0.0210666
4,102,8,Piste 2,365,suite,1183,0.0920579
4,102,8,Piste 2,730,tentative,818,0.0217842
4,102,8,Piste 2,730,suite,818,0.232567
4,102,8,Piste 3a,365,tentative,1183,0.0255432
4,102,8,Piste 3a,365,suite,1183,0.100606
4,102,8,Piste 3a,730,tentative,818,0.0257149
4,102,8,Piste 3a,730,suite,818,0.236296
4,102,8,Piste 3b,365,tentative,1183,0.0309553
4,102,8,Piste 3b,365,suite,1183,0.0951673
4,102,8,Piste 3b,730,tentative,818,0.0361528
4,102,8,Piste 3b,730,suite,818,0.2233
4,102,8,Piste 3c,365,tentative,1183,0.0359108
4,102,8,Piste 3c,365,suite,1183,0.113173
4,102,8,Piste 3c,730,tentative,818,0.0425897
4,102,8,Piste 3c,730,suite,818,0.258222
4,103,8,Référence,365,tentative,1183,0.0340437
4,103,8,Référence,365,suite,1183,0.128385
4,103,8,Référence,730,tentative,818,0.0387645
4,103,8,Référence,730,suite,818,0.286453
4,103,8,Piste 1,365,tentative,1183,0.0347869
4,103,8,Piste 1,365,suite,1183,0.146349
4,103,8,Piste 1,730,tentative,818,0.0376441
4,103,8,Piste 1,730,suite,818,0.422476
4,103,8,Piste 2,365,tentative,1183,0.0392777
4,103,8,Piste 2,365,suite,1183,0.187643
4,103,8,Piste 2,730,tentative,818,0.0415806
4,103,8,Piste 2,730,suite,818,0.491074
4,103,8,Piste 3a,365,tentative,1183,0.0292845
4,103,8,Piste 3a,365,suite,1183,0.124291
4,103,8,Piste 3a,730,tentative,818,0.0297025
4,103,8,Piste 3a,730,suite,818,0.347553
4,103,8,Piste 3b,365,tentative,1183,0.0332344
4,103,8,Piste 3b,365,suite,1183,0.155086
4,103,8,Piste 3b,730,tentative,818,0.0328422
4,103,8,Piste 3b,730,suite,818,0.399967
4,103,8,Piste 3c,365,tentative,1183,0.040359
4,103,8,Piste 3c,365,suite,1183,0.186425
4,103,8,Piste 3c,730,tentative,818,0.0392243
4,103,8,Piste 3c,730,suite,818,0.483081
4,104,10,Référence,365,tentative,1183,0.0771975
4,104,10,Référence,365,suite,1183,0.211393
4,104,10,Référence,730,tentative,818,0.0824022
4,104,10,Référence,730,suite,818,0.366202
4,104,10,Piste 1,365,tentative,1183,0.076139
4,104,10,Piste 1,365,suite,1183,0.196437
4,104,10,Piste 1,730,tentative,818,0.0858786
4,104,10,Piste 1,730,suite,818,0.357513
4,104,10,Piste 2,365,tentative,1183,0.0541759
4,104,10,Piste 2,365,suite,1183,0.225921
4,104,10,Piste 2,730,tentative,818,0.0537285
4,104,10,Piste 2,730,suite,818,0.398088
4,104,10,Piste 3a,365,tentative,1183,0.0841394
4,104,10,Piste 3a,365,suite,1183,0.189636
4,104,10,Piste 3a,730,tentative,818,0.0931061
4,104,10,Piste 3a,730,suite,818,0.324872
4,104,10,Piste 3b,365,tentative,1183,0.0587953
4,104,10,Piste 3b,365,suite,1183,0.22196
4,104,10,Piste 3b,730,tentative,818,0.0594615
4,104,10,Piste 3b,730,suite,818,0.370133
4,104,10,Piste 3c,365,tentative,1183,0.0365196
4,104,10,Piste 3c,365,suite,1183,0.28501
4,104,10,Piste 3c,730,tentative,818,0.0332457
4,104,10,Piste 3c,730,suite,818,0.477419
4,105,10,Référence,365,tentative,1183,0.0183533
4,105,10,Référence,365,suite,1183,0.0409562
4,105,10,Référence,730,tentative,818,0.0243048
4,105,10,Référence,730,suite,818,0.145465
4,105,10,Piste 1,365,tentative,1183,0.0107365
4,105,10,Piste 1,365,suite,1183,0.0317221
4,105,10,Piste 1,730,tentative,818,0.0168561
4,105,10,Piste 1,730,suite,818,0.112178
4,105,10,Piste 2,365,tentative,1183,0.0052504
4,105,10,Piste 2,365,suite,1183,0.0102462
4,105,10,Piste 2,730,tentative,818,0.00675187
4,105,10,Piste 2,730,suite,818,0.040514
4,105,10,Piste 3a,365,tentative,1183,0.015184
4,105,10,Piste 3a,365,suite,1183,0.0508348
4,105,10,Piste 3a,730,tentative,818,0.0180345
4,105,10,Piste 3a,730,suite,818,0.18392
4,105,10,Piste 3b,365,tentative,1183,0.00980051
4,105,10,Piste 3b,365,suite,1183,0.0362096
4,105,10,Piste 3b,730,tentative,818,0.00925862
4,105,10,Piste 3b,730,suite,818,0.139399
4,105,10,Piste 3c,365,tentative,1183,0.00771505
4,105,10,Piste 3c,365,suite,1183,0.0383868
4,105,10,Piste 3c,730,tentative,818,0.00901902
4,105,10,Piste 3c,730,suite,818,0.0953648
4,106,8,Référence,365,tentative,1183,0.0806542
4,106,8,Référence,365,suite,1183,0.198462
4,106,8,Référence,730,tentative,818,0.054968
4,106,8,Référence,730,suite,818,0.421545
4,106,8,Piste 1,365,tentative,1183,0.0693071
4,106,8,Piste 1,365,suite,1183,0.206074
4,106,8,Piste 1,730,tentative,818,0.0283132
4,106,8,Piste 1,730,suite,818,0.430226
4,106,8,Piste 2,365,tentative,1183,0.0766482
4,106,8,Piste 2,365,suite,1183,0.308792
4,106,8,Piste 2,730,tentative,818,0.0339791
4,106,8,Piste 2,730,suite,818,0.757225
4,106,8,Piste 3a,365,tentative,1183,0.0717363
4,106,8,Piste 3a,365,suite,1183,0.195616
4,106,8,Piste 3a,730,tentative,818,0.0345999
4,106,8,Piste 3a,730,suite,818,0.390878
4,106,8,Piste 3b,365,tentative,1183,0.0741587
4,106,8,Piste 3b,365,suite,1183,0.299183
4,106,8,Piste 3b,730,tentative,818,0.0342192
4,106,8,Piste 3b,730,suite,818,0.756966
4,106,8,Piste 3c,365,tentative,1183,0.0752948
4,106,8,Piste 3c,365,suite,1183,0.306566
4,106,8,Piste 3c,730,tentative,818,0.0309795
4,106,8,Piste 3c,730,suite,818,0.718927
4,107,10,Référence,365,tentative,1183,0.0235873
4,107,10,Référence,365,suite,1183,0.053647
4,107,10,Référence,730,tentative,818,0.0318874
4,107,10,Référence,730,suite,818,0.112
4,107,10,Piste 1,365,tentative,1183,0.0210082
4,107,10,Piste 1,365,suite,1183,0.0593709
4,107,10,Piste 1,730,tentative,818,0.0264986
4,107,10,Piste 1,730,suite,818,0.139962
4,107,10,Piste 2,365,tentative,1183,0.0228783
4,107,10,Piste 2,365,suite,1183,0.0725759
4,107,10,Piste 2,730,tentative,818,0.0290181
4,107,10,Piste 2,730,suite,818,0.15675
4,107,10,Piste 3a,365,tentative,1183,0.0287665
4,107,10,Piste 3a,365,suite,1183,0.0646903
4,107,10,Piste 3a,730,tentative,818,0.0411802
4,107,10,Piste 3a,730,suite,818,0.136187
4,107,10,Piste 3b,365,tentative,1183,0.0309312
4,107,10,Piste 3b,365,suite,1183,0.0864477
4,107,10,Piste 3b,730,tentative,818,0.0436886
4,107,10,Piste 3b,730,suite,818,0.201396
4,107,10,Piste 3c,365,tentative,1183,0.032759
4,107,10,Piste 3c,365,suite,1183,0.102532
4,107,10,Piste 3c,730,tentative,818,0.044688
4,107,10,Piste 3c,730,suite,818,0.22102
4,108,10,Référence,365,tentative,1183,0.0182151
4,108,10,Référence,365,suite,1183,0.0711523
4,108,10,Référence,730,tentative,818,0.0215571
4,108,10,Référence,730,suite,818,0.154267
4,108,10,Piste 1,365,tentative,1183,0.0227875
4,108,10,Piste 1,365,suite,1183,0.0880309
4,108,10,Piste 1,730,tentative,818,0.0271963
4,108,10,Piste 1,730,suite,818,0.194943
4,108,10,Piste 2,365,tentative,1183,0.0240218
4,108,10,Piste 2,365,suite,1183,0.103078
4,108,10,Piste 2,730,tentative,818,0.0303679
4,108,10,Piste 2,730,suite,818,0.210014
4,108,10,Piste 3a,365,tentative,1183,0.0199549
4,108,10,Piste 3a,365,suite,1183,0.0756738
4,108,10,Piste 3a,730,tentative,818,0.0223118
4,108,10,Piste 3a,730,suite,818,0.181517
4,108,10,Piste 3b,365,tentative,1183,0.0204461
4,108,10,Piste 3b,365,suite,1183,0.0972083
4,108,10,Piste 3b,730,tentative,818,0.0242346
4,108,10,Piste 3b,730,suite,818,0.208623
4,108,10,Piste 3c,365,tentative,1183,0.0205308
4,108,10,Piste 3c,365,suite,1183,0.122418
4,108,10,Piste 3c,730,tentative,818,0.0246258
4,108,10,Piste 3c,730,suite,818,0.248718
4,109,11,Référence,365,tentative,1183,0.0613261
4,109,11,Référence,365,suite,1183,0.189975
4,109,11,Référence,730,tentative,818,0.085655
4,109,11,Référence,730,suite,818,0.350545
4,109,11,Piste 1,365,tentative,1183,0.0584418
4,109,11,Piste 1,365,suite,1183,0.184647
4,109,11,Piste 1,730,tentative,818,0.0742771
4,109,11,Piste 1,730,suite,818,0.321076
4,109,11,Piste 2,365,tentative,1183,0.0464723
4,109,11,Piste 2,365,suite,1183,0.201859
4,109,11,Piste 2,730,tentative,818,0.0638542
4,109,11,Piste 2,730,suite,818,0.333357
4,109,11,Piste 3a,365,tentative,1183,0.0585907
4,109,11,Piste 3a,365,suite,1183,0.215618
4,109,11,Piste 3a,730,tentative,818,0.0712432
4,109,11,Piste 3a,730,suite,818,0.400341
4,109,11,Piste 3b,365,tentative,1183,0.0461064
4,109,11,Piste 3b,365,suite,1183,0.232046
4,109,11,Piste 3b,730,tentative,818,0.0551189
4,109,11,Piste 3b,730,suite,818,0.414567
4,109,11,Piste 3c,365,tentative,1183,0.0430219
4,109,11,Piste 3c,365,suite,1183,0.267038
4,109,11,Piste 3c,730,tentative,818,0.0535892
4,109,11,Piste 3c,730,suite,818,0.514717
4,110,8,Référence,365,tentative,1183,0.0694123
4,110,8,Référence,365,suite,1183,0.120516
4,110,8,Référence,730,tentative,818,0.0785881
4,110,8,Référence,730,suite,818,0.38811
4,110,8,Piste 1,365,tentative,1183,0.0304921
4,110,8,Piste 1,365,suite,1183,0.0771756
4,110,8,Piste 1,730,tentative,818,0.0363213
4,110,8,Piste 1,730,suite,818,0.219131
4,110,8,Piste 2,365,tentative,1183,0.0300097
4,110,8,Piste 2,365,suite,1183,0.0891164
4,110,8,Piste 2,730,tentative,818,0.0344133
4,110,8,Piste 2,730,suite,818,0.231866
4,110,8,Piste 3a,365,tentative,1183,0.0478567
4,110,8,Piste 3a,365,suite,1183,0.0984131
4,110,8,Piste 3a,730,tentative,818,0.0489008
4,110,8,Piste 3a,730,suite,818,0.291663
4,110,8,Piste 3b,365,tentative,1183,0.0578914
4,110,8,Piste 3b,365,suite,1183,0.109332
4,110,8,Piste 3b,730,tentative,818,0.0449839
4,110,8,Piste 3b,730,suite,818,0.251979
4,110,8,Piste 3c,365,tentative,1183,0.0376346
4,110,8,Piste 3c,365,suite,1183,0.149389
4,110,8,Piste 3c,730,tentative,818,0.0371106
4,110,8,Piste 3c,730,suite,818,0.390615
4,111,7,Référence,365,tentative,1183,0.017651
4,111,7,Référence,365,suite,1183,0.0394328
4,111,7,Référence,730,tentative,818,0.0259478
4,111,7,Référence,730,suite,818,0.102848
4,111,7,Piste 1,365,tentative,1183,0.0238767
4,111,7,Piste 1,365,suite,1183,0.0526884
4,111,7,Piste 1,730,tentative,818,0.0345615
4,111,7,Piste 1,730,suite,818,0.133061
4,111,7,Piste 2,365,tentative,1183,0.0271605
4,111,7,Piste 2,365,suite,1183,0.0808514
4,111,7,Piste 2,730,tentative,818,0.0350285
4,111,7,Piste 2,730,suite,818,0.212377
4,111,7,Piste 3a,365,tentative,1183,0.0216091
4,111,7,Piste 3a,365,suite,1183,0.0486997
4,111,7,Piste 3a,730,tentative,818,0.0302832
4,111,7,Piste 3a,730,suite,818,0.110207
4,111,7,Piste 3b,365,tentative,1183,0.0185894
4,111,7,Piste 3b,365,suite,1183,0.06098
4,111,7,Piste 3b,730,tentative,818,0.0228675
4,111,7,Piste 3b,730,suite,818,0.160284
4,111,7,Piste 3c,365,tentative,1183,0.022505
4,111,7,Piste 3c,365,suite,1183,0.0877569
4,111,7,Piste 3c,730,tentative,818,0.0282604
4,111,7,Piste 3c,730,suite,818,0.239689
4,112,8,Référence,365,tentative,1183,0.00540524
4,112,8,Référence,365,suite,1183,0.0907196
4,112,8,Référence,730,tentative,818,0.00728334
4,112,8,Référence,730,suite,818,0.227582
4,112,8,Piste 1,365,tentative,1183,0.0078196
4,112,8,Piste 1,365,suite,1183,0.108117
4,112,8,Piste 1,730,tentative,818,0.00981354
4,112,8,Piste 1,730,suite,818,0.255194
4,112,8,Piste 2,365,tentative,1183,0.00868606
4,112,8,Piste 2,365,suite,1183,0.127528
4,112,8,Piste 2,730,tentative,818,0.0108888
4,112,8,Piste 2,730,suite,818,0.304457
4,112,8,Piste 3a,365,tentative,1183,0.00590879
4,112,8,Piste 3a,365,suite,1183,0.0927075
4,112,8,Piste 3a,730,tentative,818,0.00743517
4,112,8,Piste 3a,730,suite,818,0.224099
4,112,8,Piste 3b,365,tentative,1183,0.00848993
4,112,8,Piste 3b,365,suite,1183,0.0918854
4,112,8,Piste 3b,730,tentative,818,0.01094
4,112,8,Piste 3b,730,suite,818,0.216871
4,112,8,Piste 3c,365,tentative,1183,0.0110602
4,112,8,Piste 3c,365,suite,1183,0.147969
4,112,8,Piste 3c,730,tentative,818,0.0135437
4,112,8,Piste 3c,730,suite,818,0.339832
4,113,7,Référence,365,tentative,1183,0.0130013
4,113,7,Référence,365,suite,1183,0.0875045
4,113,7,Référence,730,tentative,818,0.00354148
4,113,7,Référence,730,suite,818,0.223091
4,113,7,Piste 1,365,tentative,1183,0.0143366
4,113,7,Piste 1,365,suite,1183,0.110596
4,113,7,Piste 1,730,tentative,818,0.00406211
4,113,7,Piste 1,730,suite,818,0.292721
4,113,7,Piste 2,365,tentative,1183,0.0140307
4,113,7,Piste 2,365,suite,1183,0.10626
4,113,7,Piste 2,730,tentative,818,0.0055072
4,113,7,Piste 2,730,suite,818,0.253206
4,113,7,Piste 3a,365,tentative,1183,0.0156528
4,113,7,Piste 3a,365,suite,1183,0.0922435
4,113,7,Piste 3a,730,tentative,818,0.00585399
4,113,7,Piste 3a,730,suite,818,0.233526
4,113,7,Piste 3b,365,tentative,1183,0.0159614
4,113,7,Piste 3b,365,suite,1183,0.10202
4,113,7,Piste 3b,730,tentative,818,0.00684007
4,113,7,Piste 3b,730,suite,818,0.248022
4,113,7,Piste 3c,365,tentative,1183,0.0160192
4,113,7,Piste 3c,365,suite,1183,0.14443
4,113,7,Piste 3c,730,tentative,818,0.00914975
4,113,7,Piste 3c,730,suite,818,0.361251
4,114,8,Référence,365,tentative,1183,0.106414
4,114,8,Référence,365,suite,1183,0.138668
4,114,8,Référence,730,tentative,818,0.141269
4,114,8,Référence,730,suite,818,0.380637
4,114,8,Piste 1,365,tentative,1183,0.112637
4,114,8,Piste 1,365,suite,1183,0.161429
4,114,8,Piste 1,730,tentative,818,0.0954334
4,114,8,Piste 1,730,suite,818,0.459539
4,114,8,Piste 2,365,tentative,1183,0.0768783
4,114,8,Piste 2,365,suite,1183,0.168745
4,114,8,Piste 2,730,tentative,818,0.0444734
4,114,8,Piste 2,730,suite,818,0.368704
4,114,8,Piste 3a,365,tentative,1183,0.121661
4,114,8,Piste 3a,365,suite,1183,0.158986
4,114,8,Piste 3a,730,tentative,818,0.134295
4,114,8,Piste 3a,730,suite,818,0.436078
4,114,8,Piste 3b,365,tentative,1183,0.111378
4,114,8,Piste 3b,365,suite,1183,0.179849
4,114,8,Piste 3b,730,tentative,818,0.120879
4,114,8,Piste 3b,730,suite,818,0.42696
4,114,8,Piste 3c,365,tentative,1183,0.101175
4,114,8,Piste 3c,365,suite,1183,0.198239
4,114,8,Piste 3c,730,tentative,818,0.118582
4,114,8,Piste 3c,730,suite,818,0.490644
4,115,7,Référence,365,tentative,1183,0.0227051
4,115,7,Référence,365,suite,1183,0.0451483
4,115,7,Référence,730,tentative,818,0.0238884
4,115,7,Référence,730,suite,818,0.0996608
4,115,7,Piste 1,365,tentative,1183,0.0229839
4,115,7,Piste 1,365,suite,1183,0.0558819
4,115,7,Piste 1,730,tentative,818,0.0208277
4,115,7,Piste 1,730,suite,818,0.121554
4,115,7,Piste 2,365,tentative,1183,0.0257151
4,115,7,Piste 2,365,suite,1183,0.100322
4,115,7,Piste 2,730,tentative,818,0.0241023
4,115,7,Piste 2,730,suite,818,0.22047
4,115,7,Piste 3a,365,tentative,1183,0.0209775
4,115,7,Piste 3a,365,suite,1183,0.0569596
4,115,7,Piste 3a,730,tentative,818,0.0190984
4,115,7,Piste 3a,730,suite,818,0.126989
4,115,7,Piste 3b,365,tentative,1183,0.0227364
4,115,7,Piste 3b,365,suite,1183,0.0964298
4,115,7,Piste 3b,730,tentative,818,0.0216301
4,115,7,Piste 3b,730,suite,818,0.195929
4,115,7,Piste 3c,365,tentative,1183,0.0223697
4,115,7,Piste 3c,365,suite,1183,0.0889894
4,115,7,Piste 3c,730,tentative,818,0.0259385
4,115,7,Piste 3c,730,suite,818,0.163416
4,116,8,Référence,365,tentative,1183,0.0573106
4,116,8,Référence,365,suite,1183,0.156281
4,116,8,Référence,730,tentative,818,0.0729901
4,116,8,Référence,730,suite,818,0.303138
4,116,8,Piste 1,365,tentative,1183,0.0311506
4,116,8,Piste 1,365,suite,1183,0.143842
4,116,8,Piste 1,730,tentative,818,0.0320423
4,116,8,Piste 1,730,suite,818,0.267235
4,116,8,Piste 2,365,tentative,1183,0.0208473
4,116,8,Piste 2,365,suite,1183,0.156807
4,116,8,Piste 2,730,tentative,818,0.0174783
4,116,8,Piste 2,730,suite,818,0.263573
4,116,8,Piste 3a,365,tentative,1183,0.0466351
4,116,8,Piste 3a,365,suite,1183,0.177549
4,116,8,Piste 3a,730,tentative,818,0.0563548
4,116,8,Piste 3a,730,suite,818,0.338056
4,116,8,Piste 3b,365,tentative,1183,0.0497716
4,116,8,Piste 3b,365,suite,1183,0.211158
4,116,8,Piste 3b,730,tentative,818,0.0610711
4,116,8,Piste 3b,730,suite,818,0.408903
4,116,8,Piste 3c,365,tentative,1183,0.0490344
4,116,8,Piste 3c,365,suite,1183,0.219695
4,116,8,Piste 3c,730,tentative,818,0.0599673
4,116,8,Piste 3c,730,suite,818,0.416822
4,117,10,Référence,365,tentative,1183,0.0120851
4,117,10,Référence,365,suite,1183,0.0663197
4,117,10,Référence,730,tentative,818,0.0108816
4,117,10,Référence,730,suite,818,0.120431
4,117,10,Piste 1,365,tentative,1183,0.0134762
4,117,10,Piste 1,365,suite,1183,0.0564634
4,117,10,Piste 1,730,tentative,818,0.0141449
4,117,10,Piste 1,730,suite,818,0.156882
4,117,10,Piste 2,365,tentative,1183,0.00933063
4,117,10,Piste 2,365,suite,1183,0.07921
4,117,10,Piste 2,730,tentative,818,0.00935666
4,117,10,Piste 2,730,suite,818,0.194411
4,117,10,Piste 3a,365,tentative,1183,0.0126471
4,117,10,Piste 3a,365,suite,1183,0.0657139
4,117,10,Piste 3a,730,tentative,818,0.0116944
4,117,10,Piste 3a,730,suite,818,0.159003
4,117,10,Piste 3b,365,tentative,1183,0.0126069
4,117,10,Piste 3b,365,suite,1183,0.0864693
4,117,10,Piste 3b,730,tentative,818,0.0105656
4,117,10,Piste 3b,730,suite,818,0.195793
4,117,10,Piste 3c,365,tentative,1183,0.0181622
4,117,10,Piste 3c,365,suite,1183,0.135445
4,117,10,Piste 3c,730,tentative,818,0.0180968
4,117,10,Piste 3c,730,suite,818,0.321602
4,118,8,Référence,365,tentative,1183,0.0191528
4,118,8,Référence,365,suite,1183,0.0473917
4,118,8,Référence,730,tentative,818,0.00183323
4,118,8,Référence,730,suite,818,0.106042
4,118,8,Piste 1,365,tentative,1183,0.0180424
4,118,8,Piste 1,365,suite,1183,0.0449917
4,118,8,Piste 1,730,tentative,818,0.00158702
4,118,8,Piste 1,730,suite,818,0.0923164
4,118,8,Piste 2,365,tentative,1183,0.0156848
4,118,8,Piste 2,365,suite,1183,0.0540703
4,118,8,Piste 2,730,tentative,818,0.00555743
4,118,8,Piste 2,730,suite,818,0.116688
4,118,8,Piste 3a,365,tentative,1183,0.0240389
4,118,8,Piste 3a,365,suite,1183,0.0548521
4,118,8,Piste 3a,730,tentative,818,0.00454367
4,118,8,Piste 3a,730,suite,818,0.106092
4,118,8,Piste 3b,365,tentative,1183,0.0206916
4,118,8,Piste 3b,365,suite,1183,0.0790198
4,118,8,Piste 3b,730,tentative,818,0.0112804
4,118,8,Piste 3b,730,suite,818,0.172022
4,118,8,Piste 3c,365,tentative,1183,0.0147887
4,118,8,Piste 3c,365,suite,1183,0.113077
4,118,8,Piste 3c,730,tentative,818,0.0141177
4,118,8,Piste 3c,730,suite,818,0.279515
4,119,8,Référence,365,tentative,1183,0.00309933
4,119,8,Référence,365,suite,1183,0.0131867
4,119,8,Référence,730,tentative,818,0.00510799
4,119,8,Référence,730,suite,818,0.0338953
4,119,8,Piste 1,365,tentative,1183,0.00053447
4,119,8,Piste 1,365,suite,1183,0.00547382
4,119,8,Piste 1,730,tentative,818,0.00122154
4,119,8,Piste 1,730,suite,818,0.0112552
4,119,8,Piste 2,365,tentative,1183,0.00501192
4,119,8,Piste 2,365,suite,1183,0.0153928
4,119,8,Piste 2,730,tentative,818,0.00593571
4,119,8,Piste 2,730,suite,818,0.0223385
4,119,8,Piste 3a,365,tentative,1183,0.000589374
4,119,8,Piste 3a,365,suite,1183,0.0131708
4,119,8,Piste 3a,730,tentative,818,0.000134975
4,119,8,Piste 3a,730,suite,818,0.0229422
4,119,8,Piste 3b,365,tentative,1183,0.00412393
4,119,8,Piste 3b,365,suite,1183,0.0175772
4,119,8,Piste 3b,730,tentative,818,0.00436089
4,119,8,Piste 3b,730,suite,818,0.0291118
4,119,8,Piste 3c,365,tentative,1183,0.00682149
4,119,8,Piste 3c,365,suite,1183,0.0407936
4,119,8,Piste 3c,730,tentative,818,0.00737376
4,119,8,Piste 3c,730,suite,818,0.0431491
4,120,9,Référence,365,tentative,1183,0.0914728
4,120,9,Référence,365,suite,1183,0.153672
4,120,9,Référence,730,tentative,818,0.0487426
4,120,9,Référence,730,suite,818,0.331493
4,120,9,Piste 1,365,tentative,1183,0.109557
4,120,9,Piste 1,365,suite,1183,0.184409
4,120,9,Piste 1,730,tentative,818,0.0603149
4,120,9,Piste 1,730,suite,818,0.431707
4,120,9,Piste 2,365,tentative,1183,0.101064
4,120,9,Piste 2,365,suite,1183,0.20949
4,120,9,Piste 2,730,tentative,818,0.0411682
4,120,9,Piste 2,730,suite,818,0.505805
4,120,9,Piste 3a,365,tentative,1183,0.0948137
4,120,9,Piste 3a,365,suite,1183,0.153475
4,120,9,Piste 3a,730,tentative,818,0.049945
4,120,9,Piste 3a,730,suite,818,0.340072
4,120,9,Piste 3b,365,tentative,1183,0.0876977
4,120,9,Piste 3b,365,suite,1183,0.18162
4,120,9,Piste 3b,730,tentative,818,0.0336425
4,120,9,Piste 3b,730,suite,818,0.43012
4,120,9,Piste 3c,365,tentative,1183,0.089848
4,120,9,Piste 3c,365,suite,1183,0.172446
4,120,9,Piste 3c,730,tentative,818,0.029473
4,120,9,Piste 3c,730,suite,818,0.362113
4,121,9,Référence,365,tentative,1183,0.145009
4,121,9,Référence,365,suite,1183,0.198065
4,121,9,Référence,730,tentative,818,0.215954
4,121,9,Référence,730,suite,818,0.552588
4,121,9,Piste 1,365,tentative,1183,0.108974
4,121,9,Piste 1,365,suite,1183,0.183312
4,121,9,Piste 1,730,tentative,818,0.154593
4,121,9,Piste 1,730,suite,818,0.49726
4,121,9,Piste 2,365,tentative,1183,0.0798903
4,121,9,Piste 2,365,suite,1183,0.197018
4,121,9,Piste 2,730,tentative,818,0.112355
4,121,9,Piste 2,730,suite,818,0.586261
4,121,9,Piste 3a,365,tentative,1183,0.133188
4,121,9,Piste 3a,365,suite,1183,0.197061
4,121,9,Piste 3a,730,tentative,818,0.195022
4,121,9,Piste 3a,730,suite,818,0.573641
4,121,9,Piste 3b,365,tentative,1183,0.102897
4,121,9,Piste 3b,365,suite,1183,0.217929
4,121,9,Piste 3b,730,tentative,818,0.148818
4,121,9,Piste 3b,730,suite,818,0.648857
4,121,9,Piste 3c,365,tentative,1183,0.0694989
4,121,9,Piste 3c,365,suite,1183,0.229799
4,121,9,Piste 3c,730,tentative,818,0.103519
4,121,9,Piste 3c,730,suite,818,0.666958
4,122,8,Référence,365,tentative,1183,0.0506139
4,122,8,Référence,365,suite,1183,0.164798
4,122,8,Référence,730,tentative,818,0.0563992
4,122,8,Référence,730,suite,818,0.363601
4,122,8,Piste 1,365,tentative,1183,0.0537763
4,122,8,Piste 1,365,suite,1183,0.176726
4,122,8,Piste 1,730,tentative,818,0.0673859
4,122,8,Piste 1,730,suite,818,0.40721
4,122,8,Piste 2,365,tentative,1183,0.0387326
4,122,8,Piste 2,365,suite,1183,0.174462
4,122,8,Piste 2,730,tentative,818,0.0529515
4,122,8,Piste 2,730,suite,818,0.38959
4,122,8,Piste 3a,365,tentative,1183,0.0538476
4,122,8,Piste 3a,365,suite,1183,0.173095
4,122,8,Piste 3a,730,tentative,818,0.063831
4,122,8,Piste 3a,730,suite,818,0.403049
4,122,8,Piste 3b,365,tentative,1183,0.0423005
4,122,8,Piste 3b,365,suite,1183,0.178351
4,122,8,Piste 3b,730,tentative,818,0.0497061
4,122,8,Piste 3b,730,suite,818,0.393935
4,122,8,Piste 3c,365,tentative,1183,0.0399698
4,122,8,Piste 3c,365,suite,1183,0.227043
4,122,8,Piste 3c,730,tentative,818,0.0462617
4,122,8,Piste 3c,730,suite,818,0.517042
4,123,8,Référence,365,tentative,1183,0.0154738
4,123,8,Référence,365,suite,1183,0.071702
4,123,8,Référence,730,tentative,818,0.0102708
4,123,8,Référence,730,suite,818,0.221505
4,123,8,Piste 1,365,tentative,1183,0.0154666
4,123,8,Piste 1,365,suite,1183,0.0706971
4,123,8,Piste 1,730,tentative,818,0.0069892
4,123,8,Piste 1,730,suite,818,0.206479
4,123,8,Piste 2,365,tentative,1183,0.017552
4,123,8,Piste 2,365,suite,1183,0.0981533
4,123,8,Piste 2,730,tentative,818,0.0166345
4,123,8,Piste 2,730,suite,818,0.25904
4,123,8,Piste 3a,365,tentative,1183,0.0303744
4,123,8,Piste 3a,365,suite,1183,0.0953902
4,123,8,Piste 3a,730,tentative,818,0.0260343
4,123,8,Piste 3a,730,suite,818,0.235237
4,123,8,Piste 3b,365,tentative,1183,0.0267702
4,123,8,Piste 3b,365,suite,1183,0.128469
4,123,8,Piste 3b,730,tentative,818,0.0268395
4,123,8,Piste 3b,730,suite,818,0.307023
4,123,8,Piste 3c,365,tentative,1183,0.02868
4,123,8,Piste 3c,365,suite,1183,0.173181
4,123,8,Piste 3c,730,tentative,818,0.0351923
4,123,8,Piste 3c,730,suite,818,0.41606
4,124,10,Référence,365,tentative,1183,0.0373361
4,124,10,Référence,365,suite,1183,0.126539
4,124,10,Référence,730,tentative,818,0.0546115
4,124,10,Référence,730,suite,818,0.349454
4,124,10,Piste 1,365,tentative,1183,0.0342094
4,124,10,Piste 1,365,suite,1183,0.127229
4,124,10,Piste 1,730,tentative,818,0.0494611
4,124,10,Piste 1,730,suite,818,0.362231
4,124,10,Piste 2,365,tentative,1183,0.0306644
4,124,10,Piste 2,365,suite,1183,0.137415
4,124,10,Piste 2,730,tentative,818,0.0453765
4,124,10,Piste 2,730,suite,818,0.357292
4,124,10,Piste 3a,365,tentative,1183,0.0516089
4,124,10,Piste 3a,365,suite,1183,0.141925
4,124,10,Piste 3a,730,tentative,818,0.0828171
4,124,10,Piste 3a,730,suite,818,0.402664
4,124,10,Piste 3b,365,tentative,1183,0.0495271
4,124,10,Piste 3b,365,suite,1183,0.151457
4,124,10,Piste 3b,730,tentative,818,0.0818461
4,124,10,Piste 3b,730,suite,818,0.412977
4,124,10,Piste 3c,365,tentative,1183,0.0468245
4,124,10,Piste 3c,365,suite,1183,0.180772
4,124,10,Piste 3c,730,tentative,818,0.0779445
4,124,10,Piste 3c,730,suite,818,0.491577
4,125,8,Référence,365,tentative,1183,0.0433942
4,125,8,Référence,365,suite,1183,0.165445
4,125,8,Référence,730,tentative,818,0.0256492
4,125,8,Référence,730,suite,818,0.336759
4,125,8,Piste 1,365,tentative,1183,0.0445115
4,125,8,Piste 1,365,suite,1183,0.112997
4,125,8,Piste 1,730,tentative,818,0.0192191
4,125,8,Piste 1,730,suite,818,0.191117
4,125,8,Piste 2,365,tentative,1183,0.0359413
4,125,8,Piste 2,365,suite,1183,0.215124
4,125,8,Piste 2,730,tentative,818,0.0196471
4,125,8,Piste 2,730,suite,818,0.419267
4,125,8,Piste 3a,365,tentative,1183,0.0363742
4,125,8,Piste 3a,365,suite,1183,0.144273
4,125,8,Piste 3a,730,tentative,818,0.0154978
4,125,8,Piste 3a,730,suite,818,0.275442
4,125,8,Piste 3b,365,tentative,1183,0.0297857
4,125,8,Piste 3b,365,suite,1183,0.187209
4,125,8,Piste 3b,730,tentative,818,0.017188
4,125,8,Piste 3b,730,suite,818,0.352159
4,125,8,Piste 3c,365,tentative,1183,0.0194714
4,125,8,Piste 3c,365,suite,1183,0.20885
4,125,8,Piste 3c,730,tentative,818,0.0140664
4,125,8,Piste 3c,730,suite,818,0.41513
4,126,11,Référence,365,tentative,1183,0.0648877
4,126,11,Référence,365,suite,1183,0.102692
4,126,11,Référence,730,tentative,818,0.0671886
4,126,11,Référence,730,suite,818,0.293802
4,126,11,Piste 1,365,tentative,1183,0.0457646
4,126,11,Piste 1,365,suite,1183,0.114231
4,126,11,Piste 1,730,tentative,818,0.0426538
4,126,11,Piste 1,730,suite,818,0.306438
4,126,11,Piste 2,365,tentative,1183,0.0462068
4,126,11,Piste 2,365,suite,1183,0.122054
4,126,11,Piste 2,730,tentative,818,0.0434692
4,126,11,Piste 2,730,suite,818,0.324751
4,126,11,Piste 3a,365,tentative,1183,0.0396032
4,126,11,Piste 3a,365,suite,1183,0.105972
4,126,11,Piste 3a,730,tentative,818,0.0394393
4,126,11,Piste 3a,730,suite,818,0.273294
4,126,11,Piste 3b,365,tentative,1183,0.0400913
4,126,11,Piste 3b,365,suite,1183,0.12404
4,126,11,Piste 3b,730,tentative,818,0.0390072
4,126,11,Piste 3b,730,suite,818,0.331716
4,126,11,Piste 3c,365,tentative,1183,0.0342144
4,126,11,Piste 3c,365,suite,1183,0.118669
4,126,11,Piste 3c,730,tentative,818,0.0343839
4,126,11,Piste 3c,730,suite,818,0.263251
4,127,8,Référence,365,tentative,1183,0.0541193
4,127,8,Référence,365,suite,1183,0.130969
4,127,8,Référence,730,tentative,818,0.069972
4,127,8,Référence,730,suite,818,0.328702
4,127,8,Piste 1,365,tentative,1183,0.0455546
4,127,8,Piste 1,365,suite,1183,0.113757
4,127,8,Piste 1,730,tentative,818,0.0601611
4,127,8,Piste 1,730,suite,818,0.295281
4,127,8,Piste 2,365,tentative,1183,0.0525696
4,127,8,Piste 2,365,suite,1183,0.152225
4,127,8,Piste 2,730,tentative,818,0.0526479
4,127,8,Piste 2,730,suite,818,0.337163
4,127,8,Piste 3a,365,tentative,1183,0.0505211
4,127,8,Piste 3a,365,suite,1183,0.134435
4,127,8,Piste 3a,730,tentative,818,0.0620047
4,127,8,Piste 3a,730,suite,818,0.353089
4,127,8,Piste 3b,365,tentative,1183,0.0518243
4,127,8,Piste 3b,365,suite,1183,0.160668
4,127,8,Piste 3b,730,tentative,818,0.0480863
4,127,8,Piste 3b,730,suite,818,0.350516
4,127,8,Piste 3c,365,tentative,1183,0.0520101
4,127,8,Piste 3c,365,suite,1183,0.251794
4,127,8,Piste 3c,730,tentative,818,0.0423914
4,127,8,Piste 3c,730,suite,818,0.666664
4,128,10,Référence,365,tentative,1183,0.0115269
4,128,10,Référence,365,suite,1183,0.0301535
4,128,10,Référence,730,tentative,818,0.0156519
4,128,10,Référence,730,suite,818,0.0664357
4,128,10,Piste 1,365,tentative,1183,0.00793705
4,128,10,Piste 1,365,suite,1183,0.0289397
4,128,10,Piste 1,730,tentative,818,0.00981945
4,128,10,Piste 1,730,suite,818,0.0652727
4,128,10,Piste 2,365,tentative,1183,0.00339477
4,128,10,Piste 2,365,suite,1183,0.0248139
4,128,10,Piste 2,730,tentative,818,0.00558653
4,128,10,Piste 2,730,suite,818,0.0542214
4,128,10,Piste 3a,365,tentative,1183,0.0138214
4,128,10,Piste 3a,365,suite,1183,0.0400284
4,128,10,Piste 3a,730,tentative,818,0.0183678
4,128,10,Piste 3a,730,suite,818,0.0895936
4,128,10,Piste 3b,365,tentative,1183,0.00583105
4,128,10,Piste 3b,365,suite,1183,0.0302392
4,128,10,Piste 3b,730,tentative,818,0.00916575
4,128,10,Piste 3b,730,suite,818,0.0506676
4,128,10,Piste 3c,365,tentative,1183,0.00740172
4,128,10,Piste 3c,365,suite,1183,0.0510254
4,128,10,Piste 3c,730,tentative,818,0.0105044
4,128,10,Piste 3c,730,suite,818,0.0904005
4,129,9,Référence,365,tentative,1183,0.00802702
4,129,9,Référence,365,suite,1183,0.0425084
4,129,9,Référence,730,tentative,818,0.0107945
4,129,9,Référence,730,suite,818,0.0900732
4,129,9,Piste 1,365,tentative,1183,0.00949817
4,129,9,Piste 1,365,suite,1183,0.0449108
4,129,9,Piste 1,730,tentative,818,0.0126532
4,129,9,Piste 1,730,suite,818,0.10546
4,129,9,Piste 2,365,tentative,1183,0.0121205
4,129,9,Piste 2,365,suite,1183,0.0864723
4,129,9,Piste 2,730,tentative,818,0.0147305
4,129,9,Piste 2,730,suite,818,0.222593
4,129,9,Piste 3a,365,tentative,1183,0.00767722
4,129,9,Piste 3a,365,suite,1183,0.046455
4,129,9,Piste 3a,730,tentative,818,0.00979065
4,129,9,Piste 3a,730,suite,818,0.108031
4,129,9,Piste 3b,365,tentative,1183,0.0135253
4,129,9,Piste 3b,365,suite,1183,0.0775256
4,129,9,Piste 3b,730,tentative,818,0.0163838
4,129,9,Piste 3b,730,suite,818,0.178818
4,129,9,Piste 3c,365,tentative,1183,0.0151496
4,129,9,Piste 3c,365,suite,1183,0.106691
4,129,9,Piste 3c,730,tentative,818,0.0183711
4,129,9,Piste 3c,730,suite,818,0.213931
4,130,7,Référence,365,tentative,1183,0.0184637
4,130,7,Référence,365,suite,1183,0.0286541
4,130,7,Référence,730,tentative,818,0.0194934
4,130,7,Référence,730,suite,818,0.0952333
4,130,7,Piste 1,365,tentative,1183,0.0166268
4,130,7,Piste 1,365,suite,1183,0.0134908
4,130,7,Piste 1,730,tentative,818,0.0213617
4,130,7,Piste 1,730,suite,818,0.00638233
4,130,7,Piste 2,365,tentative,1183,0.018916
4,130,7,Piste 2,365,suite,1183,0.0284289
4,130,7,Piste 2,730,tentative,818,0.0234676
4,130,7,Piste 2,730,suite,818,0.0747867
4,130,7,Piste 3a,365,tentative,1183,0.013707
4,130,7,Piste 3a,365,suite,1183,0.0166648
4,130,7,Piste 3a,730,tentative,818,0.0155795
4,130,7,Piste 3a,730,suite,818,0.038269
4,130,7,Piste 3b,365,tentative,1183,0.015831
4,130,7,Piste 3b,365,suite,1183,0.0311686
4,130,7,Piste 3b,730,tentative,818,0.0179722
4,130,7,Piste 3b,730,suite,818,0.0901986
4,130,7,Piste 3c,365,tentative,1183,0.0172165
4,130,7,Piste 3c,365,suite,1183,0.0703984
4,130,7,Piste 3c,730,tentative,818,0.0209248
4,130,7,Piste 3c,730,suite,818,0.162209
4,131,8,Référence,365,tentative,1183,0.0724073
4,131,8,Référence,365,suite,1183,0.0888768
4,131,8,Référence,730,tentative,818,0.108203
4,131,8,Référence,730,suite,818,0.194361
4,131,8,Piste 1,365,tentative,1183,0.0722971
4,131,8,Piste 1,365,suite,1183,0.082881
4,131,8,Piste 1,730,tentative,818,0.101626
4,131,8,Piste 1,730,suite,818,0.164194
4,131,8,Piste 2,365,tentative,1183,0.0741597
4,131,8,Piste 2,365,suite,1183,0.164946
4,131,8,Piste 2,730,tentative,818,0.100774
4,131,8,Piste 2,730,suite,818,0.243387
4,131,8,Piste 3a,365,tentative,1183,0.0738965
4,131,8,Piste 3a,365,suite,1183,0.101645
4,131,8,Piste 3a,730,tentative,818,0.102224
4,131,8,Piste 3a,730,suite,818,0.247172
4,131,8,Piste 3b,365,tentative,1183,0.0652619
4,131,8,Piste 3b,365,suite,1183,0.153879
4,131,8,Piste 3b,730,tentative,818,0.0819791
4,131,8,Piste 3b,730,suite,818,0.255836
4,131,8,Piste 3c,365,tentative,1183,0.0546235
4,131,8,Piste 3c,365,suite,1183,0.203735
4,131,8,Piste 3c,730,tentative,818,0.0677063
4,131,8,Piste 3c,730,suite,818,0.356187
4,132,8,Référence,365,tentative,1183,0.0627649
4,132,8,Référence,365,suite,1183,0.0939577
4,132,8,Référence,730,tentative,818,0.0953035
4,132,8,Référence,730,suite,818,0.187016
4,132,8,Piste 1,365,tentative,1183,0.0478198
4,132,8,Piste 1,365,suite,1183,0.099795
4,132,8,Piste 1,730,tentative,818,0.0700737
4,132,8,Piste 1,730,suite,818,0.195069
4,132,8,Piste 2,365,tentative,1183,0.0420328
4,132,8,Piste 2,365,suite,1183,0.110856
4,132,8,Piste 2,730,tentative,818,0.0611746
4,132,8,Piste 2,730,suite,818,0.199713
4,132,8,Piste 3a,365,tentative,1183,0.0685665
4,132,8,Piste 3a,365,suite,1183,0.1136
4,132,8,Piste 3a,730,tentative,818,0.104485
4,132,8,Piste 3a,730,suite,818,0.233132
4,132,8,Piste 3b,365,tentative,1183,0.0587604
4,132,8,Piste 3b,365,suite,1183,0.128897
4,132,8,Piste 3b,730,tentative,818,0.087147
4,132,8,Piste 3b,730,suite,818,0.25828
4,132,8,Piste 3c,365,tentative,1183,0.05135
4,132,8,Piste 3c,365,suite,1183,0.142163
4,132,8,Piste 3c,730,tentative,818,0.0751685
4,132,8,Piste 3c,730,suite,818,0.270486
4,133,7,Référence,365,tentative,1183,0.0186853
4,133,7,Référence,365,suite,1183,0.065254
4,133,7,Référence,730,tentative,818,0.00546585
4,133,7,Référence,730,suite,818,0.178559
4,133,7,Piste 1,365,tentative,1183,0.0248097
4,133,7,Piste 1,365,suite,1183,0.0777558
4,133,7,Piste 1,730,tentative,818,0.00916677
4,133,7,Piste 1,730,suite,818,0.168421
4,133,7,Piste 2,365,tentative,1183,0.0235832
4,133,7,Piste 2,365,suite,1183,0.0889222
4,133,7,Piste 2,730,tentative,818,0.00373702
4,133,7,Piste 2,730,suite,818,0.164456
4,133,7,Piste 3a,365,tentative,1183,0.0239459
4,133,7,Piste 3a,365,suite,1183,0.0705062
4,133,7,Piste 3a,730,tentative,818,0.00966789
4,133,7,Piste 3a,730,suite,818,0.161715
4,133,7,Piste 3b,365,tentative,1183,0.0227245
4,133,7,Piste 3b,365,suite,1183,0.0876889
4,133,7,Piste 3b,730,tentative,818,0.00461772
4,133,7,Piste 3b,730,suite,818,0.168798
4,133,7,Piste 3c,365,tentative,1183,0.0261612
4,133,7,Piste 3c,365,suite,1183,0.12413
4,133,7,Piste 3c,730,tentative,818,0.00595969
4,133,7,Piste 3c,730,suite,818,0.246179
4,134,8,Référence,365,tentative,1183,0.0178287
4,134,8,Référence,365,suite,1183,0.0458392
4,134,8,Référence,730,tentative,818,0.013326
4,134,8,Référence,730,suite,818,0.148078
4,134,8,Piste 1,365,tentative,1183,0.0206772
4,134,8,Piste 1,365,suite,1183,0.0514906
4,134,8,Piste 1,730,tentative,818,0.015336
4,134,8,Piste 1,730,suite,818,0.18058
4,134,8,Piste 2,365,tentative,1183,0.0211415
4,134,8,Piste 2,365,suite,1183,0.0850466
4,134,8,Piste 2,730,tentative,818,0.0115154
4,134,8,Piste 2,730,suite,818,0.283998
4,134,8,Piste 3a,365,tentative,1183,0.0248581
4,134,8,Piste 3a,365,suite,1183,0.0526037
4,134,8,Piste 3a,730,tentative,818,0.0180086
4,134,8,Piste 3a,730,suite,818,0.1748
4,134,8,Piste 3b,365,tentative,1183,0.0251613
4,134,8,Piste 3b,365,suite,1183,0.0909689
4,134,8,Piste 3b,730,tentative,818,0.0150122
4,134,8,Piste 3b,730,suite,818,0.279868
4,134,8,Piste 3c,365,tentative,1183,0.0198392
4,134,8,Piste 3c,365,suite,1183,0.110666
4,134,8,Piste 3c,730,tentative,818,0.00967738
4,134,8,Piste 3c,730,suite,818,0.378026
4,135,7,Référence,365,tentative,1183,0.0511119
4,135,7,Référence,365,suite,1183,0.104321
4,135,7,Référence,730,tentative,818,0.0762748
4,135,7,Référence,730,suite,818,0.21573
4,135,7,Piste 1,365,tentative,1183,0.0577684
4,135,7,Piste 1,365,suite,1183,0.124835
4,135,7,Piste 1,730,tentative,818,0.0858885
4,135,7,Piste 1,730,suite,818,0.262798
4,135,7,Piste 2,365,tentative,1183,0.0616783
4,135,7,Piste 2,365,suite,1183,0.14123
4,135,7,Piste 2,730,tentative,818,0.0914315
4,135,7,Piste 2,730,suite,818,0.288272
4,135,7,Piste 3a,365,tentative,1183,0.0693402
4,135,7,Piste 3a,365,suite,1183,0.116566
4,135,7,Piste 3a,730,tentative,818,0.102637
4,135,7,Piste 3a,730,suite,818,0.241388
4,135,7,Piste 3b,365,tentative,1183,0.0697218
4,135,7,Piste 3b,365,suite,1183,0.12807
4,135,7,Piste 3b,730,tentative,818,0.103103
4,135,7,Piste 3b,730,suite,818,0.258385
4,135,7,Piste 3c,365,tentative,1183,0.0718496
4,135,7,Piste 3c,365,suite,1183,0.146779
4,135,7,Piste 3c,730,tentative,818,0.105934
4,135,7,Piste 3c,730,suite,818,0.311132
4,136,9,Référence,365,tentative,1183,0.00218922
4,136,9,Référence,365,suite,1183,0.0225389
4,136,9,Référence,730,tentative,818,0.000590915
4,136,9,Référence,730,suite,818,0.072097
4,136,9,Piste 1,365,tentative,1183,0.00215564
4,136,9,Piste 1,365,suite,1183,0.0226843
4,136,9,Piste 1,730,tentative,818,-0.000400363
4,136,9,Piste 1,730,suite,818,0.055333
4,136,9,Piste 2,365,tentative,1183,0.00412587
4,136,9,Piste 2,365,suite,1183,0.035854
4,136,9,Piste 2,730,tentative,818,0.0029392
4,136,9,Piste 2,730,suite,818,0.102082
4,136,9,Piste 3a,365,tentative,1183,0.0051856
4,136,9,Piste 3a,365,suite,1183,0.0329167
4,136,9,Piste 3a,730,tentative,818,0.00382506
4,136,9,Piste 3a,730,suite,818,0.0733367
4,136,9,Piste 3b,365,tentative,1183,0.00798659
4,136,9,Piste 3b,365,suite,1183,0.0434952
4,136,9,Piste 3b,730,tentative,818,0.00818732
4,136,9,Piste 3b,730,suite,818,0.12087
4,136,9,Piste 3c,365,tentative,1183,0.0146099
4,136,9,Piste 3c,365,suite,1183,0.0611368
4,136,9,Piste 3c,730,tentative,818,0.0178029
4,136,9,Piste 3c,730,suite,818,0.144806
4,137,9,Référence,365,tentative,1183,0.0744707
4,137,9,Référence,365,suite,1183,0.133871
4,137,9,Référence,730,tentative,818,0.0942792
4,137,9,Référence,730,suite,818,0.288375
4,137,9,Piste 1,365,tentative,1183,0.0749413
4,137,9,Piste 1,365,suite,1183,0.159507
4,137,9,Piste 1,730,tentative,818,0.0890857
4,137,9,Piste 1,730,suite,818,0.360635
4,137,9,Piste 2,365,tentative,1183,0.0635499
4,137,9,Piste 2,365,suite,1183,0.181314
4,137,9,Piste 2,730,tentative,818,0.0712347
4,137,9,Piste 2,730,suite,818,0.396891
4,137,9,Piste 3a,365,tentative,1183,0.0661295
4,137,9,Piste 3a,365,suite,1183,0.138713
4,137,9,Piste 3a,730,tentative,818,0.0772907
4,137,9,Piste 3a,730,suite,818,0.311871
4,137,9,Piste 3b,365,tentative,1183,0.0558168
4,137,9,Piste 3b,365,suite,1183,0.156091
4,137,9,Piste 3b,730,tentative,818,0.0626618
4,137,9,Piste 3b,730,suite,818,0.347247
4,137,9,Piste 3c,365,tentative,1183,0.0502485
4,137,9,Piste 3c,365,suite,1183,0.19112
4,137,9,Piste 3c,730,tentative,818,0.0559921
4,137,9,Piste 3c,730,suite,818,0.395653
4,138,7,Référence,365,tentative,1183,0.0438738
4,138,7,Référence,365,suite,1183,0.0604802
4,138,7,Référence,730,tentative,818,0.0705293
4,138,7,Référence,730,suite,818,0.152881
4,138,7,Piste 1,365,tentative,1183,0.0483904
4,138,7,Piste 1,365,suite,1183,0.0696364
4,138,7,Piste 1,730,tentative,818,0.0733552
4,138,7,Piste 1,730,suite,818,0.160018
4,138,7,Piste 2,365,tentative,1183,0.0488319
4,138,7,Piste 2,365,suite,1183,0.0826123
4,138,7,Piste 2,730,tentative,818,0.0705633
4,138,7,Piste 2,730,suite,818,0.179729
4,138,7,Piste 3a,365,tentative,1183,0.0418807
4,138,7,Piste 3a,365,suite,1183,0.0591226
4,138,7,Piste 3a,730,tentative,818,0.0641806
4,138,7,Piste 3a,730,suite,818,0.145001
4,138,7,Piste 3b,365,tentative,1183,0.0492906
4,138,7,Piste 3b,365,suite,1183,0.0893973
4,138,7,Piste 3b,730,tentative,818,0.0723349
4,138,7,Piste 3b,730,suite,818,0.233352
4,138,7,Piste 3c,365,tentative,1183,0.0447224
4,138,7,Piste 3c,365,suite,1183,0.11832
4,138,7,Piste 3c,730,tentative,818,0.0648285
4,138,7,Piste 3c,730,suite,818,0.284857
4,139,7,Référence,365,tentative,1183,0.0855891
4,139,7,Référence,365,suite,1183,0.173517
4,139,7,Référence,730,tentative,818,0.123961
4,139,7,Référence,730,suite,818,0.548068
4,139,7,Piste 1,365,tentative,1183,0.0735729
4,139,7,Piste 1,365,suite,1183,0.159211
4,139,7,Piste 1,730,tentative,818,0.106021
4,139,7,Piste 1,730,suite,818,0.500868
4,139,7,Piste 2,365,tentative,1183,0.0917506
4,139,7,Piste 2,365,suite,1183,0.217268
4,139,7,Piste 2,730,tentative,818,0.133151
4,139,7,Piste 2,730,suite,818,0.657426
4,139,7,Piste 3a,365,tentative,1183,0.0994168
4,139,7,Piste 3a,365,suite,1183,0.20335
4,139,7,Piste 3a,730,tentative,818,0.1447
4,139,7,Piste 3a,730,suite,818,0.647624
4,139,7,Piste 3b,365,tentative,1183,0.0983636
4,139,7,Piste 3b,365,suite,1183,0.233293
4,139,7,Piste 3b,730,tentative,818,0.142109
4,139,7,Piste 3b,730,suite,818,0.709724
4,139,7,Piste 3c,365,tentative,1183,0.0838347
4,139,7,Piste 3c,365,suite,1183,0.245936
4,139,7,Piste 3c,730,tentative,818,0.122144
4,139,7,Piste 3c,730,suite,818,0.714257
4,140,9,Référence,365,tentative,1183,0.0559953
4,140,9,Référence,365,suite,1183,0.120073
4,140,9,Référence,730,tentative,818,0.024582
4,140,9,Référence,730,suite,818,0.203375
4,140,9,Piste 1,365,tentative,1183,0.049403
4,140,9,Piste 1,365,suite,1183,0.116624
4,140,9,Piste 1,730,tentative,818,0.00744122
4,140,9,Piste 1,730,suite,818,0.195226
4,140,9,Piste 2,365,tentative,1183,0.0318835
4,140,9,Piste 2,365,suite,1183,0.141911
4,140,9,Piste 2,730,tentative,818,0.00774807
4,140,9,Piste 2,730,suite,818,0.2702
4,140,9,Piste 3a,365,tentative,1183,0.0556247
4,140,9,Piste 3a,365,suite,1183,0.120011
4,140,9,Piste 3a,730,tentative,818,0.0205495
4,140,9,Piste 3a,730,suite,818,0.200387
4,140,9,Piste 3b,365,tentative,1183,0.0352326
4,140,9,Piste 3b,365,suite,1183,0.140352
4,140,9,Piste 3b,730,tentative,818,0.0159331
4,140,9,Piste 3b,730,suite,818,0.27299
4,140,9,Piste 3c,365,tentative,1183,0.0418549
4,140,9,Piste 3c,365,suite,1183,0.165054
4,140,9,Piste 3c,730,tentative,818,0.0226329
4,140,9,Piste 3c,730,suite,818,0.310866
4,141,9,Référence,365,tentative,1183,0.0509997
4,141,9,Référence,365,suite,1183,0.179057
4,141,9,Référence,730,tentative,818,0.0142415
4,141,9,Référence,730,suite,818,0.302188
4,141,9,Piste 1,365,tentative,1183,0.0602588
4,141,9,Piste 1,365,suite,1183,0.207206
4,141,9,Piste 1,730,tentative,818,0.017495
4,141,9,Piste 1,730,suite,818,0.334814
4,141,9,Piste 2,365,tentative,1183,0.064152
4,141,9,Piste 2,365,suite,1183,0.213292
4,141,9,Piste 2,730,tentative,818,0.0245529
4,141,9,Piste 2,730,suite,818,0.353725
4,141,9,Piste 3a,365,tentative,1183,0.0611104
4,141,9,Piste 3a,365,suite,1183,0.21493
4,141,9,Piste 3a,730,tentative,818,0.015461
4,141,9,Piste 3a,730,suite,818,0.342963
4,141,9,Piste 3b,365,tentative,1183,0.0621614
4,141,9,Piste 3b,365,suite,1183,0.226107
4,141,9,Piste 3b,730,tentative,818,0.0227439
4,141,9,Piste 3b,730,suite,818,0.360539
4,141,9,Piste 3c,365,tentative,1183,0.0509801
4,141,9,Piste 3c,365,suite,1183,0.246808
4,141,9,Piste 3c,730,tentative,818,0.0260247
4,141,9,Piste 3c,730,suite,818,0.431045
4,142,10,Référence,365,tentative,1183,0.126732
4,142,10,Référence,365,suite,1183,0.282638
4,142,10,Référence,730,tentative,818,0.149634
4,142,10,Référence,730,suite,818,0.748942
4,142,10,Piste 1,365,tentative,1183,0.133697
4,142,10,Piste 1,365,suite,1183,0.32451
4,142,10,Piste 1,730,tentative,818,0.15459
4,142,10,Piste 1,730,suite,818,0.823919
4,142,10,Piste 2,365,tentative,1183,0.0977403
4,142,10,Piste 2,365,suite,1183,0.356425
4,142,10,Piste 2,730,tentative,818,0.10897
4,142,10,Piste 2,730,suite,818,0.890999
4,142,10,Piste 3a,365,tentative,1183,0.121441
4,142,10,Piste 3a,365,suite,1183,0.294878
4,142,10,Piste 3a,730,tentative,818,0.135484
4,142,10,Piste 3a,730,suite,818,0.75693
4,142,10,Piste 3b,365,tentative,1183,0.0875111
4,142,10,Piste 3b,365,suite,1183,0.31844
4,142,10,Piste 3b,730,tentative,818,0.0938783
4,142,10,Piste 3b,730,suite,818,0.770685
4,142,10,Piste 3c,365,tentative,1183,0.0932934
4,142,10,Piste 3c,365,suite,1183,0.336956
4,142,10,Piste 3c,730,tentative,818,0.10095
4,142,10,Piste 3c,730,suite,818,0.83392
4,143,9,Référence,365,tentative,1183,0.00376674
4,143,9,Référence,365,suite,1183,0.0124554
4,143,9,Référence,730,tentative,818,0.00248973
4,143,9,Référence,730,suite,818,0.00942796
4,143,9,Piste 1,365,tentative,1183,0.00310356
4,143,9,Piste 1,365,suite,1183,0.013028
4,143,9,Piste 1,730,tentative,818,0.00185132
4,143,9,Piste 1,730,suite,818,0.0130187
4,143,9,Piste 2,365,tentative,1183,0.000702971
4,143,9,Piste 2,365,suite,1183,0.00535401
4,143,9,Piste 2,730,tentative,818,0.0017248
4,143,9,Piste 2,730,suite,818,0.00675735
4,143,9,Piste 3a,365,tentative,1183,0.00310074
4,143,9,Piste 3a,365,suite,1183,0.0115769
4,143,9,Piste 3a,730,tentative,818,0.00138848
4,143,9,Piste 3a,730,suite,818,0.0101131
4,143,9,Piste 3b,365,tentative,1183,0.00170043
4,143,9,Piste 3b,365,suite,1183,0.00608448
4,143,9,Piste 3b,730,tentative,818,0.0024742
4,143,9,Piste 3b,730,suite,818,-0.0056243
4,143,9,Piste 3c,365,tentative,1183,-0.000162394
4,143,9,Piste 3c,365,suite,1183,0.0123628
4,143,9,Piste 3c,730,tentative,818,0.00145735
4,143,9,Piste 3c,730,suite,818,0.0123716
4,144,9,Référence,365,tentative,1183,0.0527361
4,144,9,Référence,365,suite,1183,0.137833
4,144,9,Référence,730,tentative,818,0.0329758
4,144,9,Référence,730,suite,818,0.331693
4,144,9,Piste 1,365,tentative,1183,0.0619378
4,144,9,Piste 1,365,suite,1183,0.159457
4,144,9,Piste 1,730,tentative,818,0.037386
4,144,9,Piste 1,730,suite,818,0.319796
4,144,9,Piste 2,365,tentative,1183,0.0614913
4,144,9,Piste 2,365,suite,1183,0.227025
4,144,9,Piste 2,730,tentative,818,0.037914
4,144,9,Piste 2,730,suite,818,0.504462
4,144,9,Piste 3a,365,tentative,1183,0.0542713
4,144,9,Piste 3a,365,suite,1183,0.137156
4,144,9,Piste 3a,730,tentative,818,0.032079
4,144,9,Piste 3a,730,suite,818,0.287718
4,144,9,Piste 3b,365,tentative,1183,0.0582094
4,144,9,Piste 3b,365,suite,1183,0.181172
4,144,9,Piste 3b,730,tentative,818,0.0380397
4,144,9,Piste 3b,730,suite,818,0.405746
4,144,9,Piste 3c,365,tentative,1183,0.0563642
4,144,9,Piste 3c,365,suite,1183,0.226411
4,144,9,Piste 3c,730,tentative,818,0.0364846
4,144,9,Piste 3c,730,suite,818,0.531591
4,145,7,Référence,365,tentative,1183,0.00330905
4,145,7,Référence,365,suite,1183,0.00277268
4,145,7,Référence,730,tentative,818,-5.63529e-05
4,145,7,Référence,730,suite,818,0.0336197
4,145,7,Piste 1,365,tentative,1183,0.00508792
4,145,7,Piste 1,365,suite,1183,0.00244336
4,145,7,Piste 1,730,tentative,818,0.000450922
4,145,7,Piste 1,730,suite,818,0.0240056
4,145,7,Piste 2,365,tentative,1183,0.00368694
4,145,7,Piste 2,365,suite,1183,0.0258729
4,145,7,Piste 2,730,tentative,818,-0.00103662
4,145,7,Piste 2,730,suite,818,0.0742655
4,145,7,Piste 3a,365,tentative,1183,0.00573005
4,145,7,Piste 3a,365,suite,1183,0.0100341
4,145,7,Piste 3a,730,tentative,818,0.00164609
4,145,7,Piste 3a,730,suite,818,0.0514169
4,145,7,Piste 3b,365,tentative,1183,0.00680016
4,145,7,Piste 3b,365,suite,1183,0.0376198
4,145,7,Piste 3b,730,tentative,818,0.00263375
4,145,7,Piste 3b,730,suite,818,0.11116
4,145,7,Piste 3c,365,tentative,1183,0.00754834
4,145,7,Piste 3c,365,suite,1183,0.0371539
4,145,7,Piste 3c,730,tentative,818,0.00359206
4,145,7,Piste 3c,730,suite,818,0.0675843
4,146,10,Référence,365,tentative,1183,0.0153334
4,146,10,Référence,365,suite,1183,0.0288455
4,146,10,Référence,730,tentative,818,0.0245848
4,146,10,Référence,730,suite,818,0.0735084
4,146,10,Piste 1,365,tentative,1183,0.0191747
4,146,10,Piste 1,365,suite,1183,0.0320304
4,146,10,Piste 1,730,tentative,818,0.0301402
4,146,10,Piste 1,730,suite,818,0.0929849
4,146,10,Piste 2,365,tentative,1183,0.0199456
4,146,10,Piste 2,365,suite,1183,0.0500121
4,146,10,Piste 2,730,tentative,818,0.0312276
4,146,10,Piste 2,730,suite,818,0.119655
4,146,10,Piste 3a,365,tentative,1183,0.0158836
4,146,10,Piste 3a,365,suite,1183,0.0281544
4,146,10,Piste 3a,730,tentative,818,0.0253806
4,146,10,Piste 3a,730,suite,818,0.0713491
4,146,10,Piste 3b,365,tentative,1183,0.0189418
4,146,10,Piste 3b,365,suite,1183,0.0747019
4,146,10,Piste 3b,730,tentative,818,0.0297236
4,146,10,Piste 3b,730,suite,818,0.197517
4,146,10,Piste 3c,365,tentative,1183,0.0239142
4,146,10,Piste 3c,365,suite,1183,0.104856
4,146,10,Piste 3c,730,tentative,818,0.0354962
4,146,10,Piste 3c,730,suite,818,0.273921
4,147,9,Référence,365,tentative,1183,0.0185324
4,147,9,Référence,365,suite,1183,0.0451778
4,147,9,Référence,730,tentative,818,0.024278
4,147,9,Référence,730,suite,818,0.109191
4,147,9,Piste 1,365,tentative,1183,0.02218
4,147,9,Piste 1,365,suite,1183,0.0993932
4,147,9,Piste 1,730,tentative,818,0.0284115
4,147,9,Piste 1,730,suite,818,0.327888
4,147,9,Piste 2,365,tentative,1183,0.0268551
4,147,9,Piste 2,365,suite,1183,0.134273
4,147,9,Piste 2,730,tentative,818,0.0333389
4,147,9,Piste 2,730,suite,818,0.381264
4,147,9,Piste 3a,365,tentative,1183,0.0138364
4,147,9,Piste 3a,365,suite,1183,0.0185269
4,147,9,Piste 3a,730,tentative,818,0.0204406
4,147,9,Piste 3a,730,suite,818,0.021762
4,147,9,Piste 3b,365,tentative,1183,0.020562
4,147,9,Piste 3b,365,suite,1183,0.127183
4,147,9,Piste 3b,730,tentative,818,0.0271415
4,147,9,Piste 3b,730,suite,818,0.368573
4,147,9,Piste 3c,365,tentative,1183,0.0253574
4,147,9,Piste 3c,365,suite,1183,0.0819818
4,147,9,Piste 3c,730,tentative,818,0.0303418
4,147,9,Piste 3c,730,suite,818,0.222262
4,148,8,Référence,365,tentative,1183,0.0449314
4,148,8,Référence,365,suite,1183,0.148474
4,148,8,Référence,730,tentative,818,0.0662814
4,148,8,Référence,730,suite,818,0.34755
4,148,8,Piste 1,365,tentative,1183,0.0381116
4,148,8,Piste 1,365,suite,1183,0.113138
4,148,8,Piste 1,730,tentative,818,0.0562832
4,148,8,Piste 1,730,suite,818,0.300579
4,148,8,Piste 2,365,tentative,1183,0.059866
4,148,8,Piste 2,365,suite,1183,0.22027
4,148,8,Piste 2,730,tentative,818,0.086829
4,148,8,Piste 2,730,suite,818,0.570459
4,148,8,Piste 3a,365,tentative,1183,0.0405624
4,148,8,Piste 3a,365,suite,1183,0.109286
4,148,8,Piste 3a,730,tentative,818,0.0598817
4,148,8,Piste 3a,730,suite,818,0.262979
4,148,8,Piste 3b,365,tentative,1183,0.0616177
4,148,8,Piste 3b,365,suite,1183,0.234831
4,148,8,Piste 3b,730,tentative,818,0.0891924
4,148,8,Piste 3b,730,suite,818,0.551097
4,148,8,Piste 3c,365,tentative,1183,0.054923
4,148,8,Piste 3c,365,suite,1183,0.227199
4,148,8,Piste 3c,730,tentative,818,0.0782626
4,148,8,Piste 3c,730,suite,818,0.516873
4,149,9,Référence,365,tentative,1183,0.0976596
4,149,9,Référence,365,suite,1183,0.200213
4,149,9,Référence,730,tentative,818,0.0585302
4,149,9,Référence,730,suite,818,0.501223
4,149,9,Piste 1,365,tentative,1183,0.100969
4,149,9,Piste 1,365,suite,1183,0.208055
4,149,9,Piste 1,730,tentative,818,0.0566495
4,149,9,Piste 1,730,suite,818,0.537518
4,149,9,Piste 2,365,tentative,1183,0.0935134
4,149,9,Piste 2,365,suite,1183,0.262242
4,149,9,Piste 2,730,tentative,818,0.0556726
4,149,9,Piste 2,730,suite,818,0.662521
4,149,9,Piste 3a,365,tentative,1183,0.0856723
4,149,9,Piste 3a,365,suite,1183,0.187656
4,149,9,Piste 3a,730,tentative,818,0.0384831
4,149,9,Piste 3a,730,suite,818,0.448218
4,149,9,Piste 3b,365,tentative,1183,0.0822401
4,149,9,Piste 3b,365,suite,1183,0.236232
4,149,9,Piste 3b,730,tentative,818,0.0430356
4,149,9,Piste 3b,730,suite,818,0.59593
4,149,9,Piste 3c,365,tentative,1183,0.0674141
4,149,9,Piste 3c,365,suite,1183,0.244987
4,149,9,Piste 3c,730,tentative,818,0.0316751
4,149,9,Piste 3c,730,suite,818,0.612889
4,150,7,Référence,365,tentative,1183,0.0336783
4,150,7,Référence,365,suite,1183,0.0957079
4,150,7,Référence,730,tentative,818,0.0362873
4,150,7,Référence,730,suite,818,0.168265
4,150,7,Piste 1,365,tentative,1183,0.0304017
4,150,7,Piste 1,365,suite,1183,0.0875764
4,150,7,Piste 1,730,tentative,818,0.0275172
4,150,7,Piste 1,730,suite,818,0.147032
4,150,7,Piste 2,365,tentative,1183,0.0259313
4,150,7,Piste 2,365,suite,1183,0.119545
4,150,7,Piste 2,730,tentative,818,0.0243537
4,150,7,Piste 2,730,suite,818,0.192954
4,150,7,Piste 3a,365,tentative,1183,0.0330857
4,150,7,Piste 3a,365,suite,1183,0.0966635
4,150,7,Piste 3a,730,tentative,818,0.0352816
4,150,7,Piste 3a,730,suite,818,0.17275
4,150,7,Piste 3b,365,tentative,1183,0.0316691
4,150,7,Piste 3b,365,suite,1183,0.124176
4,150,7,Piste 3b,730,tentative,818,0.0349956
4,150,7,Piste 3b,730,suite,818,0.202427
4,150,7,Piste 3c,365,tentative,1183,0.0323319
4,150,7,Piste 3c,365,suite,1183,0.157866
4,150,7,Piste 3c,730,tentative,818,0.0366632
4,150,7,Piste 3c,730,suite,818,0.275777
4,151,8,Référence,365,tentative,1183,0.0731373
4,151,8,Référence,365,suite,1183,0.171186
4,151,8,Référence,730,tentative,818,0.108517
4,151,8,Référence,730,suite,818,0.391286
4,151,8,Piste 1,365,tentative,1183,0.060502
4,151,8,Piste 1,365,suite,1183,0.160711
4,151,8,Piste 1,730,tentative,818,0.0878657
4,151,8,Piste 1,730,suite,818,0.385339
4,151,8,Piste 2,365,tentative,1183,0.0600148
4,151,8,Piste 2,365,suite,1183,0.164281
4,151,8,Piste 2,730,tentative,818,0.0868643
4,151,8,Piste 2,730,suite,818,0.404016
4,151,8,Piste 3a,365,tentative,1183,0.0686668
4,151,8,Piste 3a,365,suite,1183,0.167076
4,151,8,Piste 3a,730,tentative,818,0.101484
4,151,8,Piste 3a,730,suite,818,0.385309
4,151,8,Piste 3b,365,tentative,1183,0.0687095
4,151,8,Piste 3b,365,suite,1183,0.168928
4,151,8,Piste 3b,730,tentative,818,0.102031
4,151,8,Piste 3b,730,suite,818,0.368315
4,151,8,Piste 3c,365,tentative,1183,0.058847
4,151,8,Piste 3c,365,suite,1183,0.18515
4,151,8,Piste 3c,730,tentative,818,0.0850229
4,151,8,Piste 3c,730,suite,818,0.42374
4,152,7,Référence,365,tentative,1183,0.171
4,152,7,Référence,365,suite,1183,0.216085
4,152,7,Référence,730,tentative,818,0.0941086
4,152,7,Référence,730,suite,818,0.37353
4,152,7,Piste 1,365,tentative,1183,0.167916
4,152,7,Piste 1,365,suite,1183,0.22986
4,152,7,Piste 1,730,tentative,818,0.107432
4,152,7,Piste 1,730,suite,818,0.423896
4,152,7,Piste 2,365,tentative,1183,0.128549
4,152,7,Piste 2,365,suite,1183,0.261057
4,152,7,Piste 2,730,tentative,818,0.112366
4,152,7,Piste 2,730,suite,818,0.422725
4,152,7,Piste 3a,365,tentative,1183,0.170443
4,152,7,Piste 3a,365,suite,1183,0.223901
4,152,7,Piste 3a,730,tentative,818,0.098176
4,152,7,Piste 3a,730,suite,818,0.413743
4,152,7,Piste 3b,365,tentative,1183,0.11449
4,152,7,Piste 3b,365,suite,1183,0.243805
4,152,7,Piste 3b,730,tentative,818,0.0876275
4,152,7,Piste 3b,730,suite,818,0.409572
4,152,7,Piste 3c,365,tentative,1183,0.0887649
4,152,7,Piste 3c,365,suite,1183,0.250247
4,152,7,Piste 3c,730,tentative,818,0.0639948
4,152,7,Piste 3c,730,suite,818,0.427843
4,153,8,Référence,365,tentative,1183,0.0722599
4,153,8,Référence,365,suite,1183,0.194505
4,153,8,Référence,730,tentative,818,0.0916679
4,153,8,Référence,730,suite,818,0.625905
4,153,8,Piste 1,365,tentative,1183,0.0706911
4,153,8,Piste 1,365,suite,1183,0.166596
4,153,8,Piste 1,730,tentative,818,0.0877948
4,153,8,Piste 1,730,suite,818,0.504504
4,153,8,Piste 2,365,tentative,1183,0.0717476
4,153,8,Piste 2,365,suite,1183,0.253147
4,153,8,Piste 2,730,tentative,818,0.0873449
4,153,8,Piste 2,730,suite,818,0.756649
4,153,8,Piste 3a,365,tentative,1183,0.0777991
4,153,8,Piste 3a,365,suite,1183,0.183387
4,153,8,Piste 3a,730,tentative,818,0.0929378
4,153,8,Piste 3a,730,suite,818,0.625699
4,153,8,Piste 3b,365,tentative,1183,0.0765558
4,153,8,Piste 3b,365,suite,1183,0.233553
4,153,8,Piste 3b,730,tentative,818,0.0920113
4,153,8,Piste 3b,730,suite,818,0.671772
4,153,8,Piste 3c,365,tentative,1183,0.0868751
4,153,8,Piste 3c,365,suite,1183,0.27044
4,153,8,Piste 3c,730,tentative,818,0.10238
4,153,8,Piste 3c,730,suite,818,0.791763
4,154,8,Référence,365,tentative,1183,0.0627883
4,154,8,Référence,365,suite,1183,0.16973
4,154,8,Référence,730,tentative,818,0.0254388
4,154,8,Référence,730,suite,818,0.369135
4,154,8,Piste 1,365,tentative,1183,0.0765531
4,154,8,Piste 1,365,suite,1183,0.20164
4,154,8,Piste 1,730,tentative,818,0.0290496
4,154,8,Piste 1,730,suite,818,0.629628
4,154,8,Piste 2,365,tentative,1183,0.0477789
4,154,8,Piste 2,365,suite,1183,0.240774
4,154,8,Piste 2,730,tentative,818,0.00891086
4,154,8,Piste 2,730,suite,818,0.722593
4,154,8,Piste 3a,365,tentative,1183,0.089866
4,154,8,Piste 3a,365,suite,1183,0.197428
4,154,8,Piste 3a,730,tentative,818,0.0629003
4,154,8,Piste 3a,730,suite,818,0.63764
4,154,8,Piste 3b,365,tentative,1183,0.0664775
4,154,8,Piste 3b,365,suite,1183,0.218715
4,154,8,Piste 3b,730,tentative,818,0.048505
4,154,8,Piste 3b,730,suite,818,0.662823
4,154,8,Piste 3c,365,tentative,1183,0.0473844
4,154,8,Piste 3c,365,suite,1183,0.232331
4,154,8,Piste 3c,730,tentative,818,0.0173622
4,154,8,Piste 3c,730,suite,818,0.596423
4,155,9,Référence,365,tentative,1183,0.0703427
4,155,9,Référence,365,suite,1183,0.104319
4,155,9,Référence,730,tentative,818,0.0942166
4,155,9,Référence,730,suite,818,0.295165
4,155,9,Piste 1,365,tentative,1183,0.0761225
4,155,9,Piste 1,365,suite,1183,0.12186
4,155,9,Piste 1,730,tentative,818,0.103741
4,155,9,Piste 1,730,suite,818,0.373173
4,155,9,Piste 2,365,tentative,1183,0.0789152
4,155,9,Piste 2,365,suite,1183,0.145314
4,155,9,Piste 2,730,tentative,818,0.102498
4,155,9,Piste 2,730,suite,818,0.412278
4,155,9,Piste 3a,365,tentative,1183,0.0655328
4,155,9,Piste 3a,365,suite,1183,0.105141
4,155,9,Piste 3a,730,tentative,818,0.0890554
4,155,9,Piste 3a,730,suite,818,0.317926
4,155,9,Piste 3b,365,tentative,1183,0.0670326
4,155,9,Piste 3b,365,suite,1183,0.126044
4,155,9,Piste 3b,730,tentative,818,0.089431
4,155,9,Piste 3b,730,suite,818,0.348627
4,155,9,Piste 3c,365,tentative,1183,0.0641728
4,155,9,Piste 3c,365,suite,1183,0.173815
4,155,9,Piste 3c,730,tentative,818,0.0843884
4,155,9,Piste 3c,730,suite,818,0.422486
4,156,9,Référence,365,tentative,1183,0.0234619
4,156,9,Référence,365,suite,1183,0.0187855
4,156,9,Référence,730,tentative,818,0.0363403
4,156,9,Référence,730,suite,818,0.0288348
4,156,9,Piste 1,365,tentative,1183,0.0273811
4,156,9,Piste 1,365,suite,1183,0.0249223
4,156,9,Piste 1,730,tentative,818,0.0420083
4,156,9,Piste 1,730,suite,818,0.0366399
4,156,9,Piste 2,365,tentative,1183,0.0301655
4,156,9,Piste 2,365,suite,1183,0.0381904
4,156,9,Piste 2,730,tentative,818,0.0458128
4,156,9,Piste 2,730,suite,818,0.0602492
4,156,9,Piste 3a,365,tentative,1183,0.0256438
4,156,9,Piste 3a,365,suite,1183,0.0247941
4,156,9,Piste 3a,730,tentative,818,0.0394959
4,156,9,Piste 3a,730,suite,818,0.041722
4,156,9,Piste 3b,365,tentative,1183,0.0295479
4,156,9,Piste 3b,365,suite,1183,0.0377361
4,156,9,Piste 3b,730,tentative,818,0.0447601
4,156,9,Piste 3b,730,suite,818,0.070659
4,156,9,Piste 3c,365,tentative,1183,0.0342903
4,156,9,Piste 3c,365,suite,1183,0.0477239
4,156,9,Piste 3c,730,tentative,818,0.0514658
4,156,9,Piste 3c,730,suite,818,0.0711854
4,157,9,Référence,365,tentative,1183,0.0275553
4,157,9,Référence,365,suite,1183,0.0823281
4,157,9,Référence,730,tentative,818,0.0473549
4,157,9,Référence,730,suite,818,0.293572
4,157,9,Piste 1,365,tentative,1183,0.0238703
4,157,9,Piste 1,365,suite,1183,0.0841134
4,157,9,Piste 1,730,tentative,818,0.0366878
4,157,9,Piste 1,730,suite,818,0.30763
4,157,9,Piste 2,365,tentative,1183,0.0326315
4,157,9,Piste 2,365,suite,1183,0.115338
4,157,9,Piste 2,730,tentative,818,0.0485129
4,157,9,Piste 2,730,suite,818,0.262718
4,157,9,Piste 3a,365,tentative,1183,0.0294939
4,157,9,Piste 3a,365,suite,1183,0.091493
4,157,9,Piste 3a,730,tentative,818,0.0433938
4,157,9,Piste 3a,730,suite,818,0.319142
4,157,9,Piste 3b,365,tentative,1183,0.0342669
4,157,9,Piste 3b,365,suite,1183,0.125592
4,157,9,Piste 3b,730,tentative,818,0.0489257
4,157,9,Piste 3b,730,suite,818,0.271192
4,157,9,Piste 3c,365,tentative,1183,0.0320809
4,157,9,Piste 3c,365,suite,1183,0.162042
4,157,9,Piste 3c,730,tentative,818,0.0446205
4,157,9,Piste 3c,730,suite,818,0.426041
4,158,8,Référence,365,tentative,1183,0.0287428
4,158,8,Référence,365,suite,1183,0.0599861
4,158,8,Référence,730,tentative,818,0.0439776
4,158,8,Référence,730,suite,818,0.143752
4,158,8,Piste 1,365,tentative,1183,0.0351629
4,158,8,Piste 1,365,suite,1183,0.075845
4,158,8,Piste 1,730,tentative,818,0.0532624
4,158,8,Piste 1,730,suite,818,0.183969
4,158,8,Piste 2,365,tentative,1183,0.0238753
4,158,8,Piste 2,365,suite,1183,0.0880613
4,158,8,Piste 2,730,tentative,818,0.0369383
4,158,8,Piste 2,730,suite,818,0.200606
4,158,8,Piste 3a,365,tentative,1183,0.0340039
4,158,8,Piste 3a,365,suite,1183,0.0632687
4,158,8,Piste 3a,730,tentative,818,0.0548044
4,158,8,Piste 3a,730,suite,818,0.141558
4,158,8,Piste 3b,365,tentative,1183,0.0200441
4,158,8,Piste 3b,365,suite,1183,0.069276
4,158,8,Piste 3b,730,tentative,818,0.0313589
4,158,8,Piste 3b,730,suite,818,0.161234
4,158,8,Piste 3c,365,tentative,1183,0.0158696
4,158,8,Piste 3c,365,suite,1183,0.0762522
4,158,8,Piste 3c,730,tentative,818,0.0253035
4,158,8,Piste 3c,730,suite,818,0.177669
4,159,10,Référence,365,tentative,1183,0.0682093
4,159,10,Référence,365,suite,1183,0.143695
4,159,10,Référence,730,tentative,818,0.0955212
4,159,10,Référence,730,suite,818,0.390714
4,159,10,Piste 1,365,tentative,1183,0.0519111
4,159,10,Piste 1,365,suite,1183,0.132911
4,159,10,Piste 1,730,tentative,818,0.0708404
4,159,10,Piste 1,730,suite,818,0.374779
4,159,10,Piste 2,365,tentative,1183,0.0678686
4,159,10,Piste 2,365,suite,1183,0.178244
4,159,10,Piste 2,730,tentative,818,0.0914126
4,159,10,Piste 2,730,suite,818,0.477168
4,159,10,Piste 3a,365,tentative,1183,0.0801814
4,159,10,Piste 3a,365,suite,1183,0.172296
4,159,10,Piste 3a,730,tentative,818,0.115057
4,159,10,Piste 3a,730,suite,818,0.478934
4,159,10,Piste 3b,365,tentative,1183,0.0804708
4,159,10,Piste 3b,365,suite,1183,0.190778
4,159,10,Piste 3b,730,tentative,818,0.11164
4,159,10,Piste 3b,730,suite,818,0.494781
4,159,10,Piste 3c,365,tentative,1183,0.073461
4,159,10,Piste 3c,365,suite,1183,0.219164
4,159,10,Piste 3c,730,tentative,818,0.0924531
4,159,10,Piste 3c,730,suite,818,0.513889
4,160,7,Référence,365,tentative,1183,0.0565805
4,160,7,Référence,365,suite,1183,0.127403
4,160,7,Référence,730,tentative,818,0.0743112
4,160,7,Référence,730,suite,818,0.287208
4,160,7,Piste 1,365,tentative,1183,0.0550644
4,160,7,Piste 1,365,suite,1183,0.134712
4,160,7,Piste 1,730,tentative,818,0.0761767
4,160,7,Piste 1,730,suite,818,0.320103
4,160,7,Piste 2,365,tentative,1183,0.0343311
4,160,7,Piste 2,365,suite,1183,0.146026
4,160,7,Piste 2,730,tentative,818,0.0462285
4,160,7,Piste 2,730,suite,818,0.330488
4,160,7,Piste 3a,365,tentative,1183,0.0644322
4,160,7,Piste 3a,365,suite,1183,0.145967
4,160,7,Piste 3a,730,tentative,818,0.0809557
4,160,7,Piste 3a,730,suite,818,0.341584
4,160,7,Piste 3b,365,tentative,1183,0.0497077
4,160,7,Piste 3b,365,suite,1183,0.157731
4,160,7,Piste 3b,730,tentative,818,0.057245
4,160,7,Piste 3b,730,suite,818,0.343293
4,160,7,Piste 3c,365,tentative,1183,0.0376567
4,160,7,Piste 3c,365,suite,1183,0.163423
4,160,7,Piste 3c,730,tentative,818,0.0436783
4,160,7,Piste 3c,730,suite,818,0.342225
4,161,8,Référence,365,tentative,1183,0.00493342
4,161,8,Référence,365,suite,1183,0.012217
4,161,8,Référence,730,tentative,818,0.0064244
4,161,8,Référence,730,suite,818,0.0250024
4,161,8,Piste 1,365,tentative,1183,0.00635894
4,161,8,Piste 1,365,suite,1183,0.0154182
4,161,8,Piste 1,730,tentative,818,0.00826261
4,161,8,Piste 1,730,suite,818,0.0335163
4,161,8,Piste 2,365,tentative,1183,0.00645286
4,161,8,Piste 2,365,suite,1183,0.0199362
4,161,8,Piste 2,730,tentative,818,0.00997737
4,161,8,Piste 2,730,suite,818,0.0312602
4,161,8,Piste 3a,365,tentative,1183,0.00210818
4,161,8,Piste 3a,365,suite,1183,0.0104347
4,161,8,Piste 3a,730,tentative,818,0.00222236
4,161,8,Piste 3a,730,suite,818,0.0161044
4,161,8,Piste 3b,365,tentative,1183,0.00086678
4,161,8,Piste 3b,365,suite,1183,0.0165134
4,161,8,Piste 3b,730,tentative,818,0.00194637
4,161,8,Piste 3b,730,suite,818,0.0296947
4,161,8,Piste 3c,365,tentative,1183,0.000134113
4,161,8,Piste 3c,365,suite,1183,0.030783
4,161,8,Piste 3c,730,tentative,818,0.00100378
4,161,8,Piste 3c,730,suite,818,0.0435936
4,162,9,Référence,365,tentative,1183,0.0434672
4,162,9,Référence,365,suite,1183,0.128885
4,162,9,Référence,730,tentative,818,0.0587794
4,162,9,Référence,730,suite,818,0.269184
4,162,9,Piste 1,365,tentative,1183,0.0493276
4,162,9,Piste 1,365,suite,1183,0.145315
4,162,9,Piste 1,730,tentative,818,0.0666633
4,162,9,Piste 1,730,suite,818,0.301112
4,162,9,Piste 2,365,tentative,1183,0.0444645
4,162,9,Piste 2,365,suite,1183,0.148101
4,162,9,Piste 2,730,tentative,818,0.0613755
4,162,9,Piste 2,730,suite,818,0.29134
4,162,9,Piste 3a,365,tentative,1183,0.0435849
4,162,9,Piste 3a,365,suite,1183,0.130469
4,162,9,Piste 3a,730,tentative,818,0.0588875
4,162,9,Piste 3a,730,suite,818,0.27155
4,162,9,Piste 3b,365,tentative,1183,0.04035
4,162,9,Piste 3b,365,suite,1183,0.135138
4,162,9,Piste 3b,730,tentative,818,0.0552478
4,162,9,Piste 3b,730,suite,818,0.26227
4,162,9,Piste 3c,365,tentative,1183,0.0417717
4,162,9,Piste 3c,365,suite,1183,0.17279
4,162,9,Piste 3c,730,tentative,818,0.0560458
4,162,9,Piste 3c,730,suite,818,0.31167
4,163,8,Référence,365,tentative,1183,0.0666895
4,163,8,Référence,365,suite,1183,0.0972363
4,163,8,Référence,730,tentative,818,0.0186111
4,163,8,Référence,730,suite,818,0.210613
4,163,8,Piste 1,365,tentative,1183,0.0668571
4,163,8,Piste 1,365,suite,1183,0.104708
4,163,8,Piste 1,730,tentative,818,0.0100409
4,163,8,Piste 1,730,suite,818,0.222986
4,163,8,Piste 2,365,tentative,1183,0.0480272
4,163,8,Piste 2,365,suite,1183,0.104443
4,163,8,Piste 2,730,tentative,818,-0.0032437
4,163,8,Piste 2,730,suite,818,0.221629
4,163,8,Piste 3a,365,tentative,1183,0.0555366
4,163,8,Piste 3a,365,suite,1183,0.0952617
4,163,8,Piste 3a,730,tentative,818,0.00899625
4,163,8,Piste 3a,730,suite,818,0.196134
4,163,8,Piste 3b,365,tentative,1183,0.0423218
4,163,8,Piste 3b,365,suite,1183,0.103296
4,163,8,Piste 3b,730,tentative,818,-0.00288115
4,163,8,Piste 3b,730,suite,818,0.234874
4,163,8,Piste 3c,365,tentative,1183,0.03763
4,163,8,Piste 3c,365,suite,1183,0.133447
4,163,8,Piste 3c,730,tentative,818,-0.0020465
4,163,8,Piste 3c,730,suite,818,0.275028
4,164,8,Référence,365,tentative,1183,0.0287254
4,164,8,Référence,365,suite,1183,0.0725089
4,164,8,Référence,730,tentative,818,0.0364662
4,164,8,Référence,730,suite,818,0.229066
4,164,8,Piste 1,365,tentative,1183,0.0344798
4,164,8,Piste 1,365,suite,1183,0.0855926
4,164,8,Piste 1,730,tentative,818,0.0427461
4,164,8,Piste 1,730,suite,818,0.265191
4,164,8,Piste 2,365,tentative,1183,0.0271871
4,164,8,Piste 2,365,suite,1183,0.1084
4,164,8,Piste 2,730,tentative,818,0.0315007
4,164,8,Piste 2,730,suite,818,0.346789
4,164,8,Piste 3a,365,tentative,1183,0.0285201
4,164,8,Piste 3a,365,suite,1183,0.0657507
4,164,8,Piste 3a,730,tentative,818,0.0361823
4,164,8,Piste 3a,730,suite,818,0.206843
4,164,8,Piste 3b,365,tentative,1183,0.0228859
4,164,8,Piste 3b,365,suite,1183,0.0930665
4,164,8,Piste 3b,730,tentative,818,0.0258271
4,164,8,Piste 3b,730,suite,818,0.300738
4,164,8,Piste 3c,365,tentative,1183,0.0259998
4,164,8,Piste 3c,365,suite,1183,0.124917
4,164,8,Piste 3c,730,tentative,818,0.0242249
4,164,8,Piste 3c,730,suite,818,0.358948
4,165,11,Référence,365,tentative,1183,0.00791129
4,165,11,Référence,365,suite,1183,0.00250043
4,165,11,Référence,730,tentative,818,-0.00370316
4,165,11,Référence,730,suite,818,0.0195302
4,165,11,Piste 1,365,tentative,1183,0.00902335
4,165,11,Piste 1,365,suite,1183,0.00527802
4,165,11,Piste 1,730,tentative,818,-0.00380717
4,165,11,Piste 1,730,suite,818,0.0279196
4,165,11,Piste 2,365,tentative,1183,0.00578466
4,165,11,Piste 2,365,suite,1183,0.00413879
4,165,11,Piste 2,730,tentative,818,-0.00394181
4,165,11,Piste 2,730,suite,818,0.0217407
4,165,11,Piste 3a,365,tentative,1183,0.01103
4,165,11,Piste 3a,365,suite,1183,0.0107815
4,165,11,Piste 3a,730,tentative,818,-0.00363693
4,165,11,Piste 3a,730,suite,818,0.0419418
4,165,11,Piste 3b,365,tentative,1183,0.0071724
4,165,11,Piste 3b,365,suite,1183,0.0105946
4,165,11,Piste 3b,730,tentative,818,-0.00381667
4,165,11,Piste 3b,730,suite,818,0.0340449
4,165,11,Piste 3c,365,tentative,1183,0.00184686
4,165,11,Piste 3c,365,suite,1183,0.0155199
4,165,11,Piste 3c,730,tentative,818,-0.0040916
4,165,11,Piste 3c,730,suite,818,0.0430636
4,166,8,Référence,365,tentative,1183,0.00859287
4,166,8,Référence,365,suite,1183,0.039797
4,166,8,Référence,730,tentative,818,0.00296304
4,166,8,Référence,730,suite,818,0.0826693
4,166,8,Piste 1,365,tentative,1183,0.00661617
4,166,8,Piste 1,365,suite,1183,0.0375215
4,166,8,Piste 1,730,tentative,818,0.00368934
4,166,8,Piste 1,730,suite,818,0.0693082
4,166,8,Piste 2,365,tentative,1183,0.0173596
4,166,8,Piste 2,365,suite,1183,0.114096
4,166,8,Piste 2,730,tentative,818,0.00727408
4,166,8,Piste 2,730,suite,818,0.160413
4,166,8,Piste 3a,365,tentative,1183,0.00685949
4,166,8,Piste 3a,365,suite,1183,0.0276589
4,166,8,Piste 3a,730,tentative,818,0.00336867
4,166,8,Piste 3a,730,suite,818,0.0607443
4,166,8,Piste 3b,365,tentative,1183,0.0181058
4,166,8,Piste 3b,365,suite,1183,0.0912835
4,166,8,Piste 3b,730,tentative,818,0.00613336
4,166,8,Piste 3b,730,suite,818,0.154969
4,166,8,Piste 3c,365,tentative,1183,0.0103579
4,166,8,Piste 3c,365,suite,1183,0.113393
4,166,8,Piste 3c,730,tentative,818,0.00670626
4,166,8,Piste 3c,730,suite,818,0.135038
4,167,7,Référence,365,tentative,1183,0.0689436
4,167,7,Référence,365,suite,1183,0.141618
4,167,7,Référence,730,tentative,818,0.0940351
4,167,7,Référence,730,suite,818,0.279764
4,167,7,Piste 1,365,tentative,1183,0.0289165
4,167,7,Piste 1,365,suite,1183,0.0649417
4,167,7,Piste 1,730,tentative,818,0.0344125
4,167,7,Piste 1,730,suite,818,0.146278
4,167,7,Piste 2,365,tentative,1183,0.0323498
4,167,7,Piste 2,365,suite,1183,0.108895
4,167,7,Piste 2,730,tentative,818,0.0372906
4,167,7,Piste 2,730,suite,818,0.23547
4,167,7,Piste 3a,365,tentative,1183,0.0652618
4,167,7,Piste 3a,365,suite,1183,0.105986
4,167,7,Piste 3a,730,tentative,818,0.0883172
4,167,7,Piste 3a,730,suite,818,0.216545
4,167,7,Piste 3b,365,tentative,1183,0.0522614
4,167,7,Piste 3b,365,suite,1183,0.105534
4,167,7,Piste 3b,730,tentative,818,0.0675799
4,167,7,Piste 3b,730,suite,818,0.190707
4,167,7,Piste 3c,365,tentative,1183,0.0533228
4,167,7,Piste 3c,365,suite,1183,0.209269
4,167,7,Piste 3c,730,tentative,818,0.0664868
4,167,7,Piste 3c,730,suite,818,0.416786
4,168,10,Référence,365,tentative,1183,0.0832767
4,168,10,Référence,365,suite,1183,0.127283
4,168,10,Référence,730,tentative,818,0.0742825
4,168,10,Référence,730,suite,818,0.357102
4,168,10,Piste 1,365,tentative,1183,0.0790217
4,168,10,Piste 1,365,suite,1183,0.129762
4,168,10,Piste 1,730,tentative,818,0.0691705
4,168,10,Piste 1,730,suite,818,0.387558
4,168,10,Piste 2,365,tentative,1183,0.0472991
4,168,10,Piste 2,365,suite,1183,0.123499
4,168,10,Piste 2,730,tentative,818,0.0150918
4,168,10,Piste 2,730,suite,818,0.206312
4,168,10,Piste 3a,365,tentative,1183,0.0906511
4,168,10,Piste 3a,365,suite,1183,0.1185
4,168,10,Piste 3a,730,tentative,818,0.0833815
4,168,10,Piste 3a,730,suite,818,0.331224
4,168,10,Piste 3b,365,tentative,1183,0.0525226
4,168,10,Piste 3b,365,suite,1183,0.13191
4,168,10,Piste 3b,730,tentative,818,0.0192111
4,168,10,Piste 3b,730,suite,818,0.198584
4,168,10,Piste 3c,365,tentative,1183,0.0328249
4,168,10,Piste 3c,365,suite,1183,0.17021
4,168,10,Piste 3c,730,tentative,818,-0.00269602
4,168,10,Piste 3c,730,suite,818,0.460389
4,169,7,Référence,365,tentative,1183,0.0142454
4,169,7,Référence,365,suite,1183,0.0246149
4,169,7,Référence,730,tentative,818,0.0229212
4,169,7,Référence,730,suite,818,0.0248685
4,169,7,Piste 1,365,tentative,1183,0.0192828
4,169,7,Piste 1,365,suite,1183,0.0350117
4,169,7,Piste 1,730,tentative,818,0.0302965
4,169,7,Piste 1,730,suite,818,0.0389232
4,169,7,Piste 2,365,tentative,1183,0.0141589
4,169,7,Piste 2,365,suite,1183,0.0259554
4,169,7,Piste 2,730,tentative,818,0.0228863
4,169,7,Piste 2,730,suite,818,0.0265457
4,169,7,Piste 3a,365,tentative,1183,0.0141392
4,169,7,Piste 3a,365,suite,1183,0.0221324
4,169,7,Piste 3a,730,tentative,818,0.0228577
4,169,7,Piste 3a,730,suite,818,0.0202376
4,169,7,Piste 3b,365,tentative,1183,0.0100942
4,169,7,Piste 3b,365,suite,1183,0.0162829
4,169,7,Piste 3b,730,tentative,818,0.0170079
4,169,7,Piste 3b,730,suite,818,0.00253472
4,169,7,Piste 3c,365,tentative,1183,0.0116197
4,169,7,Piste 3c,365,suite,1183,0.0374455
4,169,7,Piste 3c,730,tentative,818,0.0192141
4,169,7,Piste 3c,730,suite,818,0.0632676
4,170,7,Référence,365,tentative,1183,0.0859799
4,170,7,Référence,365,suite,1183,0.16792
4,170,7,Référence,730,tentative,818,0.124239
4,170,7,Référence,730,suite,818,0.448444
4,170,7,Piste 1,365,tentative,1183,0.0907657
4,170,7,Piste 1,365,suite,1183,0.153272
4,170,7,Piste 1,730,tentative,818,0.130112
4,170,7,Piste 1,730,suite,818,0.447684
4,170,7,Piste 2,365,tentative,1183,0.0445979
4,170,7,Piste 2,365,suite,1183,0.154216
4,170,7,Piste 2,730,tentative,818,0.0640906
4,170,7,Piste 2,730,suite,818,0.273406
4,170,7,Piste 3a,365,tentative,1183,0.105758
4,170,7,Piste 3a,365,suite,1183,0.208163
4,170,7,Piste 3a,730,tentative,818,0.156802
4,170,7,Piste 3a,730,suite,818,0.569744
4,170,7,Piste 3b,365,tentative,1183,0.0798811
4,170,7,Piste 3b,365,suite,1183,0.231369
4,170,7,Piste 3b,730,tentative,818,0.119765
4,170,7,Piste 3b,730,suite,818,0.615406
4,170,7,Piste 3c,365,tentative,1183,0.0737572
4,170,7,Piste 3c,365,suite,1183,0.24014
4,170,7,Piste 3c,730,tentative,818,0.109602
4,170,7,Piste 3c,730,suite,818,0.582023
4,171,10,Référence,365,tentative,1183,0.0196818
4,171,10,Référence,365,suite,1183,0.0770307
4,171,10,Référence,730,tentative,818,0.00596732
4,171,10,Référence,730,suite,818,0.234361
4,171,10,Piste 1,365,tentative,1183,0.021051
4,171,10,Piste 1,365,suite,1183,0.0671403
4,171,10,Piste 1,730,tentative,818,0.00243312
4,171,10,Piste 1,730,suite,818,0.121223
4,171,10,Piste 2,365,tentative,1183,0.0199359
4,171,10,Piste 2,365,suite,1183,0.101038
4,171,10,Piste 2,730,tentative,818,0.00395368
4,171,10,Piste 2,730,suite,818,0.218312
4,171,10,Piste 3a,365,tentative,1183,0.0273105
4,171,10,Piste 3a,365,suite,1183,0.0952529
4,171,10,Piste 3a,730,tentative,818,0.0162067
4,171,10,Piste 3a,730,suite,818,0.269467
4,171,10,Piste 3b,365,tentative,1183,0.0197694
4,171,10,Piste 3b,365,suite,1183,0.086502
4,171,10,Piste 3b,730,tentative,818,0.00784375
4,171,10,Piste 3b,730,suite,818,0.181416
4,171,10,Piste 3c,365,tentative,1183,0.020734
4,171,10,Piste 3c,365,suite,1183,0.126017
4,171,10,Piste 3c,730,tentative,818,0.00928042
4,171,10,Piste 3c,730,suite,818,0.32539
4,172,9,Référence,365,tentative,1183,0.0862261
4,172,9,Référence,365,suite,1183,0.255868
4,172,9,Référence,730,tentative,818,0.0934119
4,172,9,Référence,730,suite,818,0.526486
4,172,9,Piste 1,365,tentative,1183,0.0996044
4,172,9,Piste 1,365,suite,1183,0.28792
4,172,9,Piste 1,730,tentative,818,0.105939
4,172,9,Piste 1,730,suite,818,0.636966
4,172,9,Piste 2,365,tentative,1183,0.0956953
4,172,9,Piste 2,365,suite,1183,0.32494
4,172,9,Piste 2,730,tentative,818,0.0929194
4,172,9,Piste 2,730,suite,818,0.733437
4,172,9,Piste 3a,365,tentative,1183,0.0949042
4,172,9,Piste 3a,365,suite,1183,0.238406
4,172,9,Piste 3a,730,tentative,818,0.105489
4,172,9,Piste 3a,730,suite,818,0.499427
4,172,9,Piste 3b,365,tentative,1183,0.0926312
4,172,9,Piste 3b,365,suite,1183,0.261418
4,172,9,Piste 3b,730,tentative,818,0.0967403
4,172,9,Piste 3b,730,suite,818,0.595736
4,172,9,Piste 3c,365,tentative,1183,0.0762864
4,172,9,Piste 3c,365,suite,1183,0.339579
4,172,9,Piste 3c,730,tentative,818,0.0833502
4,172,9,Piste 3c,730,suite,818,0.714414
4,173,6,Référence,365,tentative,1183,0.118911
4,173,6,Référence,365,suite,1183,0.201525
4,173,6,Référence,730,tentative,818,0.174532
4,173,6,Référence,730,suite,818,0.464474
4,173,6,Piste 1,365,tentative,1183,0.109766
4,173,6,Piste 1,365,suite,1183,0.199121
4,173,6,Piste 1,730,tentative,818,0.15457
4,173,6,Piste 1,730,suite,818,0.479573
4,173,6,Piste 2,365,tentative,1183,0.0951078
4,173,6,Piste 2,365,suite,1183,0.170984
4,173,6,Piste 2,730,tentative,818,0.138869
4,173,6,Piste 2,730,suite,818,0.370239
4,173,6,Piste 3a,365,tentative,1183,0.103835
4,173,6,Piste 3a,365,suite,1183,0.180503
4,173,6,Piste 3a,730,tentative,818,0.14959
4,173,6,Piste 3a,730,suite,818,0.435318
4,173,6,Piste 3b,365,tentative,1183,0.102749
4,173,6,Piste 3b,365,suite,1183,0.182201
4,173,6,Piste 3b,730,tentative,818,0.153067
4,173,6,Piste 3b,730,suite,818,0.390715
4,173,6,Piste 3c,365,tentative,1183,0.105987
4,173,6,Piste 3c,365,suite,1183,0.201048
4,173,6,Piste 3c,730,tentative,818,0.157739
4,173,6,Piste 3c,730,suite,818,0.404767
4,174,6,Référence,365,tentative,1183,0.0450065
4,174,6,Référence,365,suite,1183,0.0786983
4,174,6,Référence,730,tentative,818,0.0791691
4,174,6,Référence,730,suite,818,0.21439
4,174,6,Piste 1,365,tentative,1183,0.0190823
4,174,6,Piste 1,365,suite,1183,0.0676024
4,174,6,Piste 1,730,tentative,818,0.0263148
4,174,6,Piste 1,730,suite,818,0.158152
4,174,6,Piste 2,365,tentative,1183,0.0280924
4,174,6,Piste 2,365,suite,1183,0.0969977
4,174,6,Piste 2,730,tentative,818,0.0366032
4,174,6,Piste 2,730,suite,818,0.2403
4,174,6,Piste 3a,365,tentative,1183,0.0500235
4,174,6,Piste 3a,365,suite,1183,0.0700766
4,174,6,Piste 3a,730,tentative,818,0.0839874
4,174,6,Piste 3a,730,suite,818,0.211634
4,174,6,Piste 3b,365,tentative,1183,0.0538682
4,174,6,Piste 3b,365,suite,1183,0.107908
4,174,6,Piste 3b,730,tentative,818,0.084581
4,174,6,Piste 3b,730,suite,818,0.255953
4,174,6,Piste 3c,365,tentative,1183,0.0382833
4,174,6,Piste 3c,365,suite,1183,0.123403
4,174,6,Piste 3c,730,tentative,818,0.0531722
4,174,6,Piste 3c,730,suite,818,0.316576
4,175,7,Référence,365,tentative,1183,0.214518
4,175,7,Référence,365,suite,1183,0.268028
4,175,7,Référence,730,tentative,818,0.330782
4,175,7,Référence,730,suite,818,0.55975
4,175,7,Piste 1,365,tentative,1183,0.180719
4,175,7,Piste 1,365,suite,1183,0.270358
4,175,7,Piste 1,730,tentative,818,0.255239
4,175,7,Piste 1,730,suite,818,0.577565
4,175,7,Piste 2,365,tentative,1183,0.110225
4,175,7,Piste 2,365,suite,1183,0.329526
4,175,7,Piste 2,730,tentative,818,0.151713
4,175,7,Piste 2,730,suite,818,0.684567
4,175,7,Piste 3a,365,tentative,1183,0.155154
4,175,7,Piste 3a,365,suite,1183,0.236821
4,175,7,Piste 3a,730,tentative,818,0.216127
4,175,7,Piste 3a,730,suite,818,0.50304
4,175,7,Piste 3b,365,tentative,1183,0.0879972
4,175,7,Piste 3b,365,suite,1183,0.286785
4,175,7,Piste 3b,730,tentative,818,0.117533
4,175,7,Piste 3b,730,suite,818,0.587338
4,175,7,Piste 3c,365,tentative,1183,0.0855198
4,175,7,Piste 3c,365,suite,1183,0.346677
4,175,7,Piste 3c,730,tentative,818,0.113393
4,175,7,Piste 3c,730,suite,818,0.691958
4,176,7,Référence,365,tentative,1183,0.0323796
4,176,7,Référence,365,suite,1183,0.0955892
4,176,7,Référence,730,tentative,818,0.00803692
4,176,7,Référence,730,suite,818,0.20733
4,176,7,Piste 1,365,tentative,1183,0.0326835
4,176,7,Piste 1,365,suite,1183,0.10162
4,176,7,Piste 1,730,tentative,818,0.00390188
4,176,7,Piste 1,730,suite,818,0.237372
4,176,7,Piste 2,365,tentative,1183,0.0279955
4,176,7,Piste 2,365,suite,1183,0.125628
4,176,7,Piste 2,730,tentative,818,0.00558174
4,176,7,Piste 2,730,suite,818,0.254693
4,176,7,Piste 3a,365,tentative,1183,0.030585
4,176,7,Piste 3a,365,suite,1183,0.0868225
4,176,7,Piste 3a,730,tentative,818,0.0160495
4,176,7,Piste 3a,730,suite,818,0.184487
4,176,7,Piste 3b,365,tentative,1183,0.0253678
4,176,7,Piste 3b,365,suite,1183,0.124068
4,176,7,Piste 3b,730,tentative,818,0.0118655
4,176,7,Piste 3b,730,suite,818,0.248991
4,176,7,Piste 3c,365,tentative,1183,0.0267743
4,176,7,Piste 3c,365,suite,1183,0.139461
4,176,7,Piste 3c,730,tentative,818,0.0145254
4,176,7,Piste 3c,730,suite,818,0.303687
4,177,10,Référence,365,tentative,1183,0.0984933
4,177,10,Référence,365,suite,1183,0.138504
4,177,10,Référence,730,tentative,818,0.0962386
4,177,10,Référence,730,suite,818,0.288319
4,177,10,Piste 1,365,tentative,1183,0.0804657
4,177,10,Piste 1,365,suite,1183,0.139337
4,177,10,Piste 1,730,tentative,818,0.0590804
4,177,10,Piste 1,730,suite,818,0.313141
4,177,10,Piste 2,365,tentative,1183,0.0590216
4,177,10,Piste 2,365,suite,1183,0.163038
4,177,10,Piste 2,730,tentative,818,0.0556827
4,177,10,Piste 2,730,suite,818,0.330725
4,177,10,Piste 3a,365,tentative,1183,0.0962552
4,177,10,Piste 3a,365,suite,1183,0.150121
4,177,10,Piste 3a,730,tentative,818,0.0826764
4,177,10,Piste 3a,730,suite,818,0.312068
4,177,10,Piste 3b,365,tentative,1183,0.0662555
4,177,10,Piste 3b,365,suite,1183,0.15501
4,177,10,Piste 3b,730,tentative,818,0.0713187
4,177,10,Piste 3b,730,suite,818,0.303489
4,177,10,Piste 3c,365,tentative,1183,0.0564155
4,177,10,Piste 3c,365,suite,1183,0.197886
4,177,10,Piste 3c,730,tentative,818,0.062453
4,177,10,Piste 3c,730,suite,818,0.408912
4,178,9,Référence,365,tentative,1183,0.0471996
4,178,9,Référence,365,suite,1183,0.090576
4,178,9,Référence,730,tentative,818,0.0556637
4,178,9,Référence,730,suite,818,0.220806
4,178,9,Piste 1,365,tentative,1183,0.0452527
4,178,9,Piste 1,365,suite,1183,0.0966455
4,178,9,Piste 1,730,tentative,818,0.0552528
4,178,9,Piste 1,730,suite,818,0.221044
4,178,9,Piste 2,365,tentative,1183,0.0470136
4,178,9,Piste 2,365,suite,1183,0.107108
4,178,9,Piste 2,730,tentative,818,0.0599434
4,178,9,Piste 2,730,suite,818,0.23841
4,178,9,Piste 3a,365,tentative,1183,0.0528999
4,178,9,Piste 3a,365,suite,1183,0.105519
4,178,9,Piste 3a,730,tentative,818,0.061322
4,178,9,Piste 3a,730,suite,818,0.264608
4,178,9,Piste 3b,365,tentative,1183,0.0530581
4,178,9,Piste 3b,365,suite,1183,0.128577
4,178,9,Piste 3b,730,tentative,818,0.0629268
4,178,9,Piste 3b,730,suite,818,0.267468
4,178,9,Piste 3c,365,tentative,1183,0.0413881
4,178,9,Piste 3c,365,suite,1183,0.12675
4,178,9,Piste 3c,730,tentative,818,0.0512007
4,178,9,Piste 3c,730,suite,818,0.277599
4,179,7,Référence,365,tentative,1183,0.148003
4,179,7,Référence,365,suite,1183,0.224478
4,179,7,Référence,730,tentative,818,0.159358
4,179,7,Référence,730,suite,818,0.68318
4,179,7,Piste 1,365,tentative,1183,0.168398
4,179,7,Piste 1,365,suite,1183,0.263113
4,179,7,Piste 1,730,tentative,818,0.174886
4,179,7,Piste 1,730,suite,818,0.786978
4,179,7,Piste 2,365,tentative,1183,0.153589
4,179,7,Piste 2,365,suite,1183,0.274175
4,179,7,Piste 2,730,tentative,818,0.136065
4,179,7,Piste 2,730,suite,818,0.769606
4,179,7,Piste 3a,365,tentative,1183,0.156524
4,179,7,Piste 3a,365,suite,1183,0.236091
4,179,7,Piste 3a,730,tentative,818,0.163046
4,179,7,Piste 3a,730,suite,818,0.732382
4,179,7,Piste 3b,365,tentative,1183,0.146581
4,179,7,Piste 3b,365,suite,1183,0.262176
4,179,7,Piste 3b,730,tentative,818,0.131539
4,179,7,Piste 3b,730,suite,818,0.710126
4,179,7,Piste 3c,365,tentative,1183,0.0892607
4,179,7,Piste 3c,365,suite,1183,0.26255
4,179,7,Piste 3c,730,tentative,818,0.0468964
4,179,7,Piste 3c,730,suite,818,0.743932
4,180,9,Référence,365,tentative,1183,0.030608
4,180,9,Référence,365,suite,1183,0.0778457
4,180,9,Référence,730,tentative,818,0.0466751
4,180,9,Référence,730,suite,818,0.179651
4,180,9,Piste 1,365,tentative,1183,0.0357548
4,180,9,Piste 1,365,suite,1183,0.0924096
4,180,9,Piste 1,730,tentative,818,0.0541185
4,180,9,Piste 1,730,suite,818,0.198467
4,180,9,Piste 2,365,tentative,1183,0.0339123
4,180,9,Piste 2,365,suite,1183,0.0962984
4,180,9,Piste 2,730,tentative,818,0.0514538
4,180,9,Piste 2,730,suite,818,0.214871
4,180,9,Piste 3a,365,tentative,1183,0.0188331
4,180,9,Piste 3a,365,suite,1183,0.0729244
4,180,9,Piste 3a,730,tentative,818,0.0296462
4,180,9,Piste 3a,730,suite,818,0.169756
4,180,9,Piste 3b,365,tentative,1183,0.0224147
4,180,9,Piste 3b,365,suite,1183,0.0864853
4,180,9,Piste 3b,730,tentative,818,0.034826
4,180,9,Piste 3b,730,suite,818,0.195804
4,180,9,Piste 3c,365,tentative,1183,0.0206273
4,180,9,Piste 3c,365,suite,1183,0.0992217
4,180,9,Piste 3c,730,tentative,818,0.032241
4,180,9,Piste 3c,730,suite,818,0.222889
4,181,8,Référence,365,tentative,1183,0.00850352
4,181,8,Référence,365,suite,1183,0.0176951
4,181,8,Référence,730,tentative,818,0.0129578
4,181,8,Référence,730,suite,818,0.0583964
4,181,8,Piste 1,365,tentative,1183,0.00829374
4,181,8,Piste 1,365,suite,1183,0.0069975
4,181,8,Piste 1,730,tentative,818,0.0128954
4,181,8,Piste 1,730,suite,818,0.00226842
4,181,8,Piste 2,365,tentative,1183,0.0106446
4,181,8,Piste 2,365,suite,1183,0.016918
4,181,8,Piste 2,730,tentative,818,0.0163561
4,181,8,Piste 2,730,suite,818,0.0246263
4,181,8,Piste 3a,365,tentative,1183,0.0111494
4,181,8,Piste 3a,365,suite,1183,0.029674
4,181,8,Piste 3a,730,tentative,818,0.0147183
4,181,8,Piste 3a,730,suite,818,0.0937169
4,181,8,Piste 3b,365,tentative,1183,0.0118349
4,181,8,Piste 3b,365,suite,1183,0.0296085
4,181,8,Piste 3b,730,tentative,818,0.0165064
4,181,8,Piste 3b,730,suite,818,0.111648
4,181,8,Piste 3c,365,tentative,1183,0.0141429
4,181,8,Piste 3c,365,suite,1183,0.0591808
4,181,8,Piste 3c,730,tentative,818,0.0179339
4,181,8,Piste 3c,730,suite,818,0.165174
4,182,8,Référence,365,tentative,1183,0.011089
4,182,8,Référence,365,suite,1183,0.035186
4,182,8,Référence,730,tentative,818,0.0127047
4,182,8,Référence,730,suite,818,0.137743
4,182,8,Piste 1,365,tentative,1183,0.0124248
4,182,8,Piste 1,365,suite,1183,0.0384645
4,182,8,Piste 1,730,tentative,818,0.0154197
4,182,8,Piste 1,730,suite,818,0.118571
4,182,8,Piste 2,365,tentative,1183,0.0203832
4,182,8,Piste 2,365,suite,1183,0.0625035
4,182,8,Piste 2,730,tentative,818,0.0228092
4,182,8,Piste 2,730,suite,818,0.196247
4,182,8,Piste 3a,365,tentative,1183,0.0242041
4,182,8,Piste 3a,365,suite,1183,0.0507408
4,182,8,Piste 3a,730,tentative,818,0.0130354
4,182,8,Piste 3a,730,suite,818,0.162549
4,182,8,Piste 3b,365,tentative,1183,0.0319974
4,182,8,Piste 3b,365,suite,1183,0.070006
4,182,8,Piste 3b,730,tentative,818,0.0191866
4,182,8,Piste 3b,730,suite,818,0.204112
4,182,8,Piste 3c,365,tentative,1183,0.0251094
4,182,8,Piste 3c,365,suite,1183,0.0758444
4,182,8,Piste 3c,730,tentative,818,0.0197096
4,182,8,Piste 3c,730,suite,818,0.230024
4,183,8,Référence,365,tentative,1183,0.0162946
4,183,8,Référence,365,suite,1183,0.0933746
4,183,8,Référence,730,tentative,818,0.0244575
4,183,8,Référence,730,suite,818,0.262603
4,183,8,Piste 1,365,tentative,1183,0.0109031
4,183,8,Piste 1,365,suite,1183,0.0905663
4,183,8,Piste 1,730,tentative,818,0.0181777
4,183,8,Piste 1,730,suite,818,0.279371
4,183,8,Piste 2,365,tentative,1183,0.0152558
4,183,8,Piste 2,365,suite,1183,0.119988
4,183,8,Piste 2,730,tentative,818,0.0243636
4,183,8,Piste 2,730,suite,818,0.314775
4,183,8,Piste 3a,365,tentative,1183,0.0163375
4,183,8,Piste 3a,365,suite,1183,0.100925
4,183,8,Piste 3a,730,tentative,818,0.0238617
4,183,8,Piste 3a,730,suite,818,0.278316
4,183,8,Piste 3b,365,tentative,1183,0.0193809
4,183,8,Piste 3b,365,suite,1183,0.125805
4,183,8,Piste 3b,730,tentative,818,0.0270479
4,183,8,Piste 3b,730,suite,818,0.337628
4,183,8,Piste 3c,365,tentative,1183,0.0204039
4,183,8,Piste 3c,365,suite,1183,0.136338
4,183,8,Piste 3c,730,tentative,818,0.0286557
4,183,8,Piste 3c,730,suite,818,0.344514
4,184,7,Référence,365,tentative,1183,0.0467345
4,184,7,Référence,365,suite,1183,0.0907092
4,184,7,Référence,730,tentative,818,0.0689828
4,184,7,Référence,730,suite,818,0.234812
4,184,7,Piste 1,365,tentative,1183,0.0536706
4,184,7,Piste 1,365,suite,1183,0.110384
4,184,7,Piste 1,730,tentative,818,0.0787239
4,184,7,Piste 1,730,suite,818,0.283636
4,184,7,Piste 2,365,tentative,1183,0.0309685
4,184,7,Piste 2,365,suite,1183,0.113888
4,184,7,Piste 2,730,tentative,818,0.0471446
4,184,7,Piste 2,730,suite,818,0.280855
4,184,7,Piste 3a,365,tentative,1183,0.049306
4,184,7,Piste 3a,365,suite,1183,0.0971017
4,184,7,Piste 3a,730,tentative,818,0.0726872
4,184,7,Piste 3a,730,suite,818,0.244233
4,184,7,Piste 3b,365,tentative,1183,0.028399
4,184,7,Piste 3b,365,suite,1183,0.0965758
4,184,7,Piste 3b,730,tentative,818,0.0434582
4,184,7,Piste 3b,730,suite,818,0.247363
4,184,7,Piste 3c,365,tentative,1183,0.0308933
4,184,7,Piste 3c,365,suite,1183,0.117156
4,184,7,Piste 3c,730,tentative,818,0.0469842
4,184,7,Piste 3c,730,suite,818,0.291365
4,185,9,Référence,365,tentative,1183,0.110735
4,185,9,Référence,365,suite,1183,0.172367
4,185,9,Référence,730,tentative,818,0.0968794
4,185,9,Référence,730,suite,818,0.388131
4,185,9,Piste 1,365,tentative,1183,0.0956061
4,185,9,Piste 1,365,suite,1183,0.181523
4,185,9,Piste 1,730,tentative,818,0.0519821
4,185,9,Piste 1,730,suite,818,0.411837
4,185,9,Piste 2,365,tentative,1183,0.0899347
4,185,9,Piste 2,365,suite,1183,0.211353
4,185,9,Piste 2,730,tentative,818,0.0532868
4,185,9,Piste 2,730,suite,818,0.477332
4,185,9,Piste 3a,365,tentative,1183,0.111397
4,185,9,Piste 3a,365,suite,1183,0.1901
4,185,9,Piste 3a,730,tentative,818,0.0940889
4,185,9,Piste 3a,730,suite,818,0.411339
4,185,9,Piste 3b,365,tentative,1183,0.102612
4,185,9,Piste 3b,365,suite,1183,0.210227
4,185,9,Piste 3b,730,tentative,818,0.0860966
4,185,9,Piste 3b,730,suite,818,0.459245
4,185,9,Piste 3c,365,tentative,1183,0.0840458
4,185,9,Piste 3c,365,suite,1183,0.232863
4,185,9,Piste 3c,730,tentative,818,0.0773108
4,185,9,Piste 3c,730,suite,818,0.438623
4,186,7,Référence,365,tentative,1183,-0.00285978
4,186,7,Référence,365,suite,1183,0.0298216
4,186,7,Référence,730,tentative,818,-0.00230507
4,186,7,Référence,730,suite,818,0.0638864
4,186,7,Piste 1,365,tentative,1183,-0.00354828
4,186,7,Piste 1,365,suite,1183,0.0293411
4,186,7,Piste 1,730,tentative,818,-0.00338371
4,186,7,Piste 1,730,suite,818,0.0428094
4,186,7,Piste 2,365,tentative,1183,-0.00365296
4,186,7,Piste 2,365,suite,1183,0.034668
4,186,7,Piste 2,730,tentative,818,-0.00328352
4,186,7,Piste 2,730,suite,818,0.0516898
4,186,7,Piste 3a,365,tentative,1183,-0.00370626
4,186,7,Piste 3a,365,suite,1183,0.0276775
4,186,7,Piste 3a,730,tentative,818,-0.00352926
4,186,7,Piste 3a,730,suite,818,0.0580476
4,186,7,Piste 3b,365,tentative,1183,-0.00368376
4,186,7,Piste 3b,365,suite,1183,0.0345887
4,186,7,Piste 3b,730,tentative,818,-0.00329588
4,186,7,Piste 3b,730,suite,818,0.0631091
4,186,7,Piste 3c,365,tentative,1183,-0.00155179
4,186,7,Piste 3c,365,suite,1183,0.0430508
4,186,7,Piste 3c,730,tentative,818,-0.000370123
4,186,7,Piste 3c,730,suite,818,0.0620756
4,187,8,Référence,365,tentative,1183,0.154251
4,187,8,Référence,365,suite,1183,0.198102
4,187,8,Référence,730,tentative,818,0.197781
4,187,8,Référence,730,suite,818,0.50684
4,187,8,Piste 1,365,tentative,1183,0.174367
4,187,8,Piste 1,365,suite,1183,0.226811
4,187,8,Piste 1,730,tentative,818,0.222311
4,187,8,Piste 1,730,suite,818,0.555603
4,187,8,Piste 2,365,tentative,1183,0.158431
4,187,8,Piste 2,365,suite,1183,0.261228
4,187,8,Piste 2,730,tentative,818,0.191547
4,187,8,Piste 2,730,suite,818,0.661853
4,187,8,Piste 3a,365,tentative,1183,0.17039
4,187,8,Piste 3a,365,suite,1183,0.220052
4,187,8,Piste 3a,730,tentative,818,0.217222
4,187,8,Piste 3a,730,suite,818,0.613177
4,187,8,Piste 3b,365,tentative,1183,0.154557
4,187,8,Piste 3b,365,suite,1183,0.242711
4,187,8,Piste 3b,730,tentative,818,0.18259
4,187,8,Piste 3b,730,suite,818,0.64406
4,187,8,Piste 3c,365,tentative,1183,0.085577
4,187,8,Piste 3c,365,suite,1183,0.261488
4,187,8,Piste 3c,730,tentative,818,0.0816954
4,187,8,Piste 3c,730,suite,818,0.697213
4,188,7,Référence,365,tentative,1183,0.0100741
4,188,7,Référence,365,suite,1183,0.0422729
4,188,7,Référence,730,tentative,818,0.0166201
4,188,7,Référence,730,suite,818,0.108564
4,188,7,Piste 1,365,tentative,1183,0.0137952
4,188,7,Piste 1,365,suite,1183,0.0494234
4,188,7,Piste 1,730,tentative,818,0.0218865
4,188,7,Piste 1,730,suite,818,0.115342
4,188,7,Piste 2,365,tentative,1183,0.0183159
4,188,7,Piste 2,365,suite,1183,0.0760998
4,188,7,Piste 2,730,tentative,818,0.0280605
4,188,7,Piste 2,730,suite,818,0.183737
4,188,7,Piste 3a,365,tentative,1183,0.0146679
4,188,7,Piste 3a,365,suite,1183,0.0489194
4,188,7,Piste 3a,730,tentative,818,0.0229434
4,188,7,Piste 3a,730,suite,818,0.109633
4,188,7,Piste 3b,365,tentative,1183,0.0232425
4,188,7,Piste 3b,365,suite,1183,0.0864948
4,188,7,Piste 3b,730,tentative,818,0.0355961
4,188,7,Piste 3b,730,suite,818,0.180738
4,188,7,Piste 3c,365,tentative,1183,0.0257381
4,188,7,Piste 3c,365,suite,1183,0.107894
4,188,7,Piste 3c,730,tentative,818,0.0393534
4,188,7,Piste 3c,730,suite,818,0.287244
4,189,7,Référence,365,tentative,1183,-0.00160661
4,189,7,Référence,365,suite,1183,-0.0107691
4,189,7,Référence,730,tentative,818,8.60413e-05
4,189,7,Référence,730,suite,818,-0.0134804
4,189,7,Piste 1,365,tentative,1183,-0.00470416
4,189,7,Piste 1,365,suite,1183,-0.017058
4,189,7,Piste 1,730,tentative,818,-0.00439367
4,189,7,Piste 1,730,suite,818,-0.0266093
4,189,7,Piste 2,365,tentative,1183,-0.00403369
4,189,7,Piste 2,365,suite,1183,-0.00905252
4,189,7,Piste 2,730,tentative,818,-0.00342404
4,189,7,Piste 2,730,suite,818,-0.0170998
4,189,7,Piste 3a,365,tentative,1183,0.00132614
4,189,7,Piste 3a,365,suite,1183,-0.00579488
4,189,7,Piste 3a,730,tentative,818,0.00432741
4,189,7,Piste 3a,730,suite,818,-0.00487353
4,189,7,Piste 3b,365,tentative,1183,0.00157953
4,189,7,Piste 3b,365,suite,1183,0.00488253
4,189,7,Piste 3b,730,tentative,818,0.00469386
4,189,7,Piste 3b,730,suite,818,0.0131607
4,189,7,Piste 3c,365,tentative,1183,0.00404852
4,189,7,Piste 3c,365,suite,1183,0.00426887
4,189,7,Piste 3c,730,tentative,818,0.00815103
4,189,7,Piste 3c,730,suite,818,0.0425816
4,190,10,Référence,365,tentative,1183,0.022859
4,190,10,Référence,365,suite,1183,0.0628598
4,190,10,Référence,730,tentative,818,0.0246808
4,190,10,Référence,730,suite,818,0.165065
4,190,10,Piste 1,365,tentative,1183,0.0278082
4,190,10,Piste 1,365,suite,1183,0.0773166
4,190,10,Piste 1,730,tentative,818,0.0300635
4,190,10,Piste 1,730,suite,818,0.209787
4,190,10,Piste 2,365,tentative,1183,0.0279494
4,190,10,Piste 2,365,suite,1183,0.0976788
4,190,10,Piste 2,730,tentative,818,0.029014
4,190,10,Piste 2,730,suite,818,0.283082
4,190,10,Piste 3a,365,tentative,1183,0.0241314
4,190,10,Piste 3a,365,suite,1183,0.0660727
4,190,10,Piste 3a,730,tentative,818,0.0260798
4,190,10,Piste 3a,730,suite,818,0.173954
4,190,10,Piste 3b,365,tentative,1183,0.026214
4,190,10,Piste 3b,365,suite,1183,0.0929556
4,190,10,Piste 3b,730,tentative,818,0.0282633
4,190,10,Piste 3b,730,suite,818,0.257159
4,190,10,Piste 3c,365,tentative,1183,0.0270774
4,190,10,Piste 3c,365,suite,1183,0.126964
4,190,10,Piste 3c,730,tentative,818,0.0258337
4,190,10,Piste 3c,730,suite,818,0.377425
4,191,9,Référence,365,tentative,1183,0.0285555
4,191,9,Référence,365,suite,1183,0.086044
4,191,9,Référence,730,tentative,818,0.0437068
4,191,9,Référence,730,suite,818,0.260594
4,191,9,Piste 1,365,tentative,1183,0.0251775
4,191,9,Piste 1,365,suite,1183,0.0827838
4,191,9,Piste 1,730,tentative,818,0.0388216
4,191,9,Piste 1,730,suite,818,0.25302
4,191,9,Piste 2,365,tentative,1183,0.0320611
4,191,9,Piste 2,365,suite,1183,0.116516
4,191,9,Piste 2,730,tentative,818,0.0487766
4,191,9,Piste 2,730,suite,818,0.32149
4,191,9,Piste 3a,365,tentative,1183,0.0284005
4,191,9,Piste 3a,365,suite,1183,0.077773
4,191,9,Piste 3a,730,tentative,818,0.0434826
4,191,9,Piste 3a,730,suite,818,0.251521
4,191,9,Piste 3b,365,tentative,1183,0.0299492
4,191,9,Piste 3b,365,suite,1183,0.0995417
4,191,9,Piste 3b,730,tentative,818,0.0457224
4,191,9,Piste 3b,730,suite,818,0.283848
4,191,9,Piste 3c,365,tentative,1183,0.0304912
4,191,9,Piste 3c,365,suite,1183,0.136018
4,191,9,Piste 3c,730,tentative,818,0.0465063
4,191,9,Piste 3c,730,suite,818,0.306997
4,192,11,Référence,365,tentative,1183,0.0596361
4,192,11,Référence,365,suite,1183,0.0903105
4,192,11,Référence,730,tentative,818,0.0199906
4,192,11,Référence,730,suite,818,0.149668
4,192,11,Piste 1,365,tentative,1183,0.0270636
4,192,11,Piste 1,365,suite,1183,0.101033
4,192,11,Piste 1,730,tentative,818,0.0255232
4,192,11,Piste 1,730,suite,818,0.163638
4,192,11,Piste 2,365,tentative,1183,0.0107195
4,192,11,Piste 2,365,suite,1183,0.102971
4,192,11,Piste 2,730,tentative,818,0.0168402
4,192,11,Piste 2,730,suite,818,0.161491
4,192,11,Piste 3a,365,tentative,1183,0.0497075
4,192,11,Piste 3a,365,suite,1183,0.116887
4,192,11,Piste 3a,730,tentative,818,0.022315
4,192,11,Piste 3a,730,suite,818,0.164572
4,192,11,Piste 3b,365,tentative,1183,0.0176594
4,192,11,Piste 3b,365,suite,1183,0.137609
4,192,11,Piste 3b,730,tentative,818,0.0163482
4,192,11,Piste 3b,730,suite,818,0.235026
4,192,11,Piste 3c,365,tentative,1183,0.0379496
4,192,11,Piste 3c,365,suite,1183,0.15873
4,192,11,Piste 3c,730,tentative,818,0.021063
4,192,11,Piste 3c,730,suite,818,0.280537
4,193,10,Référence,365,tentative,1183,0.114363
4,193,10,Référence,365,suite,1183,0.127828
4,193,10,Référence,730,tentative,818,0.19967
4,193,10,Référence,730,suite,818,0.294365
4,193,10,Piste 1,365,tentative,1183,0.135408
4,193,10,Piste 1,365,suite,1183,0.150704
4,193,10,Piste 1,730,tentative,818,0.233133
4,193,10,Piste 1,730,suite,818,0.345243
4,193,10,Piste 2,365,tentative,1183,0.128548
4,193,10,Piste 2,365,suite,1183,0.172162
4,193,10,Piste 2,730,tentative,818,0.198311
4,193,10,Piste 2,730,suite,818,0.369427
4,193,10,Piste 3a,365,tentative,1183,0.117128
4,193,10,Piste 3a,365,suite,1183,0.127372
4,193,10,Piste 3a,730,tentative,818,0.209339
4,193,10,Piste 3a,730,suite,818,0.304368
4,193,10,Piste 3b,365,tentative,1183,0.110967
4,193,10,Piste 3b,365,suite,1183,0.147549
4,193,10,Piste 3b,730,tentative,818,0.176493
4,193,10,Piste 3b,730,suite,818,0.336279
4,193,10,Piste 3c,365,tentative,1183,0.0591283
4,193,10,Piste 3c,365,suite,1183,0.153523
4,193,10,Piste 3c,730,tentative,818,0.085794
4,193,10,Piste 3c,730,suite,818,0.333229
4,194,7,Référence,365,tentative,1183,0.0734001
4,194,7,Référence,365,suite,1183,0.137657
4,194,7,Référence,730,tentative,818,0.0905916
4,194,7,Référence,730,suite,818,0.327998
4,194,7,Piste 1,365,tentative,1183,0.0486675
4,194,7,Piste 1,365,suite,1183,0.136035
4,194,7,Piste 1,730,tentative,818,0.0364998
4,194,7,Piste 1,730,suite,818,0.287442
4,194,7,Piste 2,365,tentative,1183,0.0284064
4,194,7,Piste 2,365,suite,1183,0.165644
4,194,7,Piste 2,730,tentative,818,0.0205203
4,194,7,Piste 2,730,suite,818,0.380855
4,194,7,Piste 3a,365,tentative,1183,0.0621692
4,194,7,Piste 3a,365,suite,1183,0.134098
4,194,7,Piste 3a,730,tentative,818,0.0739426
4,194,7,Piste 3a,730,suite,818,0.282823
4,194,7,Piste 3b,365,tentative,1183,0.0349881
4,194,7,Piste 3b,365,suite,1183,0.156849
4,194,7,Piste 3b,730,tentative,818,0.0386598
4,194,7,Piste 3b,730,suite,818,0.372311
4,194,7,Piste 3c,365,tentative,1183,0.031461
4,194,7,Piste 3c,365,suite,1183,0.165816
4,194,7,Piste 3c,730,tentative,818,0.026367
4,194,7,Piste 3c,730,suite,818,0.381001
4,195,8,Référence,365,tentative,1183,-0.00182862
4,195,8,Référence,365,suite,1183,0.0285397
4,195,8,Référence,730,tentative,818,-0.0036277
4,195,8,Référence,730,suite,818,0.032854
4,195,8,Piste 1,365,tentative,1183,-0.00131482
4,195,8,Piste 1,365,suite,1183,0.0323281
4,195,8,Piste 1,730,tentative,818,-0.0040152
4,195,8,Piste 1,730,suite,818,0.036702
4,195,8,Piste 2,365,tentative,1183,-0.000800677
4,195,8,Piste 2,365,suite,1183,0.0333073
4,195,8,Piste 2,730,tentative,818,-0.00335786
4,195,8,Piste 2,730,suite,818,0.0769704
4,195,8,Piste 3a,365,tentative,1183,-0.00175737
4,195,8,Piste 3a,365,suite,1183,0.0286344
4,195,8,Piste 3a,730,tentative,818,-0.00364704
4,195,8,Piste 3a,730,suite,818,0.0377392
4,195,8,Piste 3b,365,tentative,1183,-0.000180082
4,195,8,Piste 3b,365,suite,1183,0.0612725
4,195,8,Piste 3b,730,tentative,818,-0.00124286
4,195,8,Piste 3b,730,suite,818,0.141271
4,195,8,Piste 3c,365,tentative,1183,0.00284513
4,195,8,Piste 3c,365,suite,1183,0.0884079
4,195,8,Piste 3c,730,tentative,818,-0.000373233
4,195,8,Piste 3c,730,suite,818,0.175158
4,196,9,Référence,365,tentative,1183,0.0815032
4,196,9,Référence,365,suite,1183,0.152113
4,196,9,Référence,730,tentative,818,0.110413
4,196,9,Référence,730,suite,818,0.33628
4,196,9,Piste 1,365,tentative,1183,0.066361
4,196,9,Piste 1,365,suite,1183,0.133646
4,196,9,Piste 1,730,tentative,818,0.0863591
4,196,9,Piste 1,730,suite,818,0.300842
4,196,9,Piste 2,365,tentative,1183,0.0679363
4,196,9,Piste 2,365,suite,1183,0.185287
4,196,9,Piste 2,730,tentative,818,0.0894191
4,196,9,Piste 2,730,suite,818,0.417097
4,196,9,Piste 3a,365,tentative,1183,0.0863321
4,196,9,Piste 3a,365,suite,1183,0.14375
4,196,9,Piste 3a,730,tentative,818,0.115416
4,196,9,Piste 3a,730,suite,818,0.321631
4,196,9,Piste 3b,365,tentative,1183,0.0703949
4,196,9,Piste 3b,365,suite,1183,0.177909
4,196,9,Piste 3b,730,tentative,818,0.091998
4,196,9,Piste 3b,730,suite,818,0.381317
4,196,9,Piste 3c,365,tentative,1183,0.0735768
4,196,9,Piste 3c,365,suite,1183,0.18969
4,196,9,Piste 3c,730,tentative,818,0.0995699
4,196,9,Piste 3c,730,suite,818,0.378344
4,197,10,Référence,365,tentative,1183,0.0547179
4,197,10,Référence,365,suite,1183,0.10574
4,197,10,Référence,730,tentative,818,0.0313473
4,197,10,Référence,730,suite,818,0.249039
4,197,10,Piste 1,365,tentative,1183,0.0351219
4,197,10,Piste 1,365,suite,1183,0.0949626
4,197,10,Piste 1,730,tentative,818,0.0240369
4,197,10,Piste 1,730,suite,818,0.219107
4,197,10,Piste 2,365,tentative,1183,0.0467705
4,197,10,Piste 2,365,suite,1183,0.134996
4,197,10,Piste 2,730,tentative,818,0.0312387
4,197,10,Piste 2,730,suite,818,0.305607
4,197,10,Piste 3a,365,tentative,1183,0.0259877
4,197,10,Piste 3a,365,suite,1183,0.0636235
4,197,10,Piste 3a,730,tentative,818,0.00974546
4,197,10,Piste 3a,730,suite,818,0.0929503
4,197,10,Piste 3b,365,tentative,1183,0.0442853
4,197,10,Piste 3b,365,suite,1183,0.139046
4,197,10,Piste 3b,730,tentative,818,0.0228079
4,197,10,Piste 3b,730,suite,818,0.281252
4,197,10,Piste 3c,365,tentative,1183,0.0208868
4,197,10,Piste 3c,365,suite,1183,0.163811
4,197,10,Piste 3c,730,tentative,818,0.0220034
4,197,10,Piste 3c,730,suite,818,0.322027
4,198,9,Référence,365,tentative,1183,0.101402
4,198,9,Référence,365,suite,1183,0.167921
4,198,9,Référence,730,tentative,818,0.135987
4,198,9,Référence,730,suite,818,0.30109
4,198,9,Piste 1,365,tentative,1183,0.0826484
4,198,9,Piste 1,365,suite,1183,0.167741
4,198,9,Piste 1,730,tentative,818,0.104231
4,198,9,Piste 1,730,suite,818,0.317855
4,198,9,Piste 2,365,tentative,1183,0.110716
4,198,9,Piste 2,365,suite,1183,0.204028
4,198,9,Piste 2,730,tentative,818,0.145004
4,198,9,Piste 2,730,suite,818,0.354494
4,198,9,Piste 3a,365,tentative,1183,0.106201
4,198,9,Piste 3a,365,suite,1183,0.188952
4,198,9,Piste 3a,730,tentative,818,0.138667
4,198,9,Piste 3a,730,suite,818,0.335551
4,198,9,Piste 3b,365,tentative,1183,0.118892
4,198,9,Piste 3b,365,suite,1183,0.197122
4,198,9,Piste 3b,730,tentative,818,0.159462
4,198,9,Piste 3b,730,suite,818,0.332343
4,198,9,Piste 3c,365,tentative,1183,0.129858
4,198,9,Piste 3c,365,suite,1183,0.229767
4,198,9,Piste 3c,730,tentative,818,0.179389
4,198,9,Piste 3c,730,suite,818,0.363122
4,199,9,Référence,365,tentative,1183,0.0256662
4,199,9,Référence,365,suite,1183,0.06686
4,199,9,Référence,730,tentative,818,0.0152769
4,199,9,Référence,730,suite,818,0.148436
4,199,9,Piste 1,365,tentative,1183,0.0318233
4,199,9,Piste 1,365,suite,1183,0.077191
4,199,9,Piste 1,730,tentative,818,0.0192835
4,199,9,Piste 1,730,suite,818,0.17946
4,199,9,Piste 2,365,tentative,1183,0.0310381
4,199,9,Piste 2,365,suite,1183,0.115719
4,199,9,Piste 2,730,tentative,818,0.0204283
4,199,9,Piste 2,730,suite,818,0.290387
4,199,9,Piste 3a,365,tentative,1183,0.0317795
4,199,9,Piste 3a,365,suite,1183,0.0752911
4,199,9,Piste 3a,730,tentative,818,0.0236357
4,199,9,Piste 3a,730,suite,818,0.200043
4,199,9,Piste 3b,365,tentative,1183,0.0244006
4,199,9,Piste 3b,365,suite,1183,0.101924
4,199,9,Piste 3b,730,tentative,818,0.0151192
4,199,9,Piste 3b,730,suite,818,0.239221
4,199,9,Piste 3c,365,tentative,1183,0.0174068
4,199,9,Piste 3c,365,suite,1183,0.135314
4,199,9,Piste 3c,730,tentative,818,0.0146832
4,199,9,Piste 3c,730,suite,818,0.314305
0,-1,6,Référence,365,tentative,1183,0.111169
0,-1,6,Référence,365,suite,1183,0.172771
0,-1,6,Référence,730,tentative,818,0.110538
0,-1,6,Référence,730,suite,818,0.384882
0,-1,6,Piste 1,365,tentative,1183,0.123319
0,-1,6,Piste 1,365,suite,1183,0.196684
0,-1,6,Piste 1,730,tentative,818,0.126074
0,-1,6,Piste 1,730,suite,818,0.455256
0,-1,6,Piste 2,365,tentative,1183,0.0887612
0,-1,6,Piste 2,365,suite,1183,0.21011
0,-1,6,Piste 2,730,tentative,818,0.112957
0,-1,6,Piste 2,730,suite,818,0.46056
0,-1,6,Piste 3a,365,tentative,1183,0.131541
0,-1,6,Piste 3a,365,suite,1183,0.213848
0,-1,6,Piste 3a,730,tentative,818,0.138834
0,-1,6,Piste 3a,730,suite,818,0.503561
0,-1,6,Piste 3b,365,tentative,1183,0.100425
0,-1,6,Piste 3b,365,suite,1183,0.225474
0,-1,6,Piste 3b,730,tentative,818,0.122905
0,-1,6,Piste 3b,730,suite,818,0.506488
0,-1,6,Piste 3c,365,tentative,1183,0.0670707
0,-1,6,Piste 3c,365,suite,1183,0.240049
0,-1,6,Piste 3c,730,tentative,818,0.0849623
0,-1,6,Piste 3c,730,suite,818,0.567446
