signal_bar,entree,side,stop,net_bps,net_atr,atr_bps,atr_rang,atr_p60,leg_atr,leg_rapport,pctb,pctb_sens,bw,bw_rang,ema_sens,heure,alpha,alpha_bps,top1,filtre_ok
35070,2015-01-01 15:30:00+00:00,-1,False,0.0729233,0.00146304,49.8435,0.155879,95.2372,2.34887,0.948409,0.342914,0.657086,1.06164,0.0979167,0.458642,15,False,False,False,True
35243,2015-01-05 06:00:00+00:00,-1,True,-402.314,-2.38902,168.401,0.852654,95.5324,2.27054,0.917086,0.427191,0.572809,6.25277,0.824058,5.74462,6,False,False,False,False
35307,2015-01-11 01:30:00+00:00,1,False,41.0531,0.575216,71.3699,0.385126,96.0516,1.66671,0.673195,0.581245,0.581245,1.75502,0.297373,-5.20866,1,False,False,False,True
35483,2015-01-14 17:30:00+00:00,-1,False,-471.438,-1.06166,444.059,0.977401,96.3622,2.4445,0.98702,0.205229,0.794771,12.347,0.945126,6.98076,17,False,False,False,False
35557,2015-01-16 06:30:00+00:00,-1,False,113.483,0.396487,286.222,0.943833,96.6884,2.73141,1.1028,0.416584,0.583416,9.58793,0.913281,2.16141,6,False,False,False,False
35583,2015-01-16 19:30:00+00:00,1,False,-496.607,-2.01305,246.694,0.923417,96.8026,2.51675,1.01616,0.425491,0.425491,10.9622,0.930912,-2.36457,19,False,False,False,False
35731,2015-01-19 21:30:00+00:00,1,True,-227.387,-2.21214,102.791,0.634228,97.4824,2.1906,0.885224,1.21423,1.21423,1.99538,0.353999,1.93992,21,False,False,False,False
35764,2015-01-20 14:00:00+00:00,-1,True,-267.632,-2.36858,112.993,0.685197,97.6484,1.67748,0.677769,-0.178563,1.17856,3.0963,0.561551,2.56226,14,False,False,False,False
35880,2015-01-23 00:00:00+00:00,1,False,-229.71,-2.21681,103.622,0.634831,98.0385,2.55609,1.03384,0.729265,0.729265,1.77083,0.297889,5.52945,0,False,False,False,False
35938,2015-01-24 05:00:00+00:00,1,False,520.049,5.25321,98.9966,0.605255,98.2777,1.86053,0.752205,0.526115,0.526115,2.78214,0.508485,3.49566,5,False,True,False,False
36121,2015-01-28 00:30:00+00:00,1,False,-515.756,-3.85275,133.867,0.75799,98.5588,2.68302,1.0856,0.664603,0.664603,2.61586,0.478679,2.17392,0,False,False,False,False
36147,2015-01-28 13:30:00+00:00,-1,False,497.789,2.86503,173.746,0.852405,98.6641,2.60718,1.0548,-0.279866,1.27987,3.34544,0.595635,1.41416,13,False,True,False,False
36249,2015-01-30 16:30:00+00:00,1,False,-274.957,-1.83297,150.006,0.801637,98.9693,2.57803,1.04312,0.440805,0.440805,5.54631,0.778234,-2.76873,16,False,False,False,False
36297,2015-01-31 16:30:00+00:00,1,False,-669.777,-6.15673,108.788,0.65631,99.1428,2.40799,0.97421,0.81032,0.81032,2.60246,0.474745,-2.18953,16,False,False,False,False
36400,2015-02-02 20:00:00+00:00,1,False,680.27,6.26052,108.66,0.652922,99.5511,2.02371,0.818826,0.606136,0.606136,2.05552,0.3658,-1.08942,20,False,True,False,False
36439,2015-02-03 15:30:00+00:00,-1,False,438.36,3.44893,127.1,0.730452,99.7094,2.73126,1.10488,0.239589,0.760411,2.80109,0.510524,-2.07231,15,False,True,False,False
36530,2015-02-05 13:00:00+00:00,-1,False,216.085,2.43998,88.5605,0.516267,100.087,1.52699,0.617716,0.221753,0.778247,1.65422,0.265269,2.00494,13,False,False,False,True
36604,2015-02-07 02:00:00+00:00,1,False,51.4771,0.514686,100.017,0.597961,100.326,2.05854,0.832595,0.949262,0.949262,1.55488,0.238679,0.196818,2,False,False,False,True
36652,2015-02-08 02:00:00+00:00,-1,True,-152.455,-1.68576,90.437,0.528729,100.344,1.63047,0.659575,0.242128,0.757872,1.93345,0.337114,-0.512277,2,False,False,False,True
36745,2015-02-10 00:30:00+00:00,-1,False,223.603,2.25562,99.1315,0.590955,100.477,2.65922,1.07536,0.457946,0.542054,1.88985,0.326805,1.71835,0,False,False,False,True
36804,2015-02-11 06:00:00+00:00,-1,False,-80.994,-1.31461,61.6108,0.249591,100.477,1.58515,0.640872,0.386052,0.613948,1.81554,0.308887,0.565414,6,False,False,False,True
36854,2015-02-12 07:00:00+00:00,-1,False,-162.844,-4.3568,37.377,0.0376454,100.477,1.23789,0.500765,-0.00770092,1.0077,0.66008,0.0103661,3.66608,7,False,False,False,True
37077,2015-02-16 22:30:00+00:00,-1,False,-137.002,-1.55824,87.9209,0.503489,100.726,2.28093,0.921964,0.500899,0.499101,2.58874,0.472103,0.727628,22,False,False,False,True
37144,2015-02-18 08:00:00+00:00,-1,False,273.167,3.72789,73.2766,0.373008,100.687,2.22873,0.900633,0.0599986,0.940001,1.22837,0.144006,-1.99751,8,False,False,False,True
37196,2015-02-19 10:00:00+00:00,1,False,180.138,2.90527,62.004,0.253037,100.719,1.53761,0.621793,1.00059,1.00059,0.710204,0.0161953,-0.538188,10,False,False,False,True
37268,2015-02-20 22:00:00+00:00,1,False,-11.1025,-0.163285,67.9948,0.316353,100.719,1.69604,0.6861,0.648411,0.648411,2.04214,0.364968,2.542,22,False,False,False,True
37514,2015-02-26 01:00:00+00:00,1,False,-80.0902,-2.96614,27.0014,0.00821249,100.662,2.06605,0.835779,0.492236,0.492236,0.567241,0.0040201,-1.16552,1,False,False,False,True
37564,2015-02-27 02:00:00+00:00,1,False,658.291,20.8984,31.4996,0.0159655,100.662,2.1701,0.878061,0.490518,0.490518,0.800934,0.0299785,-1.66166,2,True,True,True,True
37721,2015-03-02 08:30:00+00:00,1,False,447.284,6.05112,73.9176,0.379555,100.609,2.76938,1.1203,1.03834,1.03834,2.1825,0.398019,5.96954,8,False,True,False,True
37916,2015-03-06 10:00:00+00:00,1,False,-2.06185,-0.0239187,86.2023,0.486576,100.795,2.20367,0.891142,0.391975,0.391975,2.6421,0.487408,1.2417,10,False,False,False,True
37955,2015-03-07 05:30:00+00:00,1,False,99.3159,1.72823,57.4667,0.204106,100.668,1.77689,0.718806,0.465389,0.465389,1.71291,0.285858,1.29135,5,False,False,False,True
38189,2015-03-12 02:30:00+00:00,-1,False,-12.8319,-0.238759,53.7442,0.170481,100.161,2.00126,0.80892,0.259478,0.740522,1.18602,0.134731,-4.71696,2,False,False,False,True
38363,2015-03-15 17:30:00+00:00,-1,False,-247.768,-6.71244,36.9118,0.0330797,99.8778,1.78165,0.720153,0.462328,0.537672,1.13376,0.119426,2.01395,17,False,False,False,True
38490,2015-03-18 09:00:00+00:00,-1,False,956.136,15.9217,60.0525,0.235779,99.8778,2.36493,0.954894,0.244166,0.755834,1.20093,0.137286,3.24802,9,True,True,True,True
38552,2015-03-19 16:00:00+00:00,1,False,50.4218,0.444013,113.559,0.677186,100.084,2.39009,0.96502,0.747855,0.747855,3.25573,0.591443,-4.61259,16,False,False,False,False
38580,2015-03-20 06:00:00+00:00,-1,False,40.5137,0.49824,81.3135,0.452434,100.064,2.00374,0.809056,0.42949,0.57051,3.54135,0.627365,4.97215,6,False,False,False,True
38618,2015-03-21 01:00:00+00:00,-1,False,-34.4489,-0.678932,50.7398,0.138004,99.9208,1.63709,0.66101,0.445288,0.554712,1.58681,0.252405,5.54748,1,False,False,False,True
38661,2015-03-21 22:30:00+00:00,1,False,-1.5382,-0.0299075,51.4318,0.145556,99.7463,2.66233,1.07497,0.475741,0.475741,1.64037,0.267136,-4.14526,22,False,False,False,True
38688,2015-03-22 12:00:00+00:00,-1,False,-360.673,-12.707,28.3837,0.00617373,99.6217,2.32998,0.941788,0.546109,0.453891,0.734074,0.0188945,5.60187,12,False,False,False,True
38728,2015-03-23 08:00:00+00:00,1,True,-105.484,-2.08463,50.6008,0.138004,99.4751,2.17842,0.880528,0.658931,0.658931,1.23374,0.147365,2.87885,8,False,False,False,True
38766,2015-03-24 03:00:00+00:00,-1,False,699.023,11.6094,60.2117,0.240488,99.3152,1.90269,0.769078,0.39023,0.60977,2.45102,0.460359,0.393134,3,True,True,False,True
38853,2015-03-25 22:30:00+00:00,1,False,174.23,2.25216,77.3614,0.422771,99.2394,1.52745,0.61734,0.830973,0.830973,1.75244,0.300933,-4.22967,22,False,False,False,True
38956,2015-03-28 02:00:00+00:00,1,False,74.9422,1.80364,41.5506,0.0574874,98.8724,1.76935,0.715106,0.783153,0.783153,0.549929,0.00404882,-2.06432,2,False,False,False,True
39042,2015-03-29 21:00:00+00:00,-1,True,-84.0091,-1.77319,47.3773,0.108026,98.5818,1.51131,0.610848,0.0245617,0.975438,0.857261,0.0431299,5.45766,21,False,False,False,True
39111,2015-03-31 07:30:00+00:00,1,True,-110.573,-2.62228,42.1666,0.0636324,98.4025,2.48539,1.00386,0.718903,0.718903,1.06124,0.0973439,0.510327,7,False,False,False,True
39143,2015-03-31 23:30:00+00:00,-1,False,60.1399,1.02486,58.681,0.229548,98.4025,2.01858,0.815317,0.612048,0.387952,0.887943,0.0497918,1.84644,23,False,False,False,True
39181,2015-04-01 18:30:00+00:00,-1,False,-168.528,-3.38064,49.851,0.133094,98.3593,1.50994,0.610168,0.424224,0.575776,1.42027,0.207667,2.97601,18,False,False,False,True
39337,2015-04-05 00:30:00+00:00,1,True,-45.6376,-1.72524,26.4529,0.00442211,97.6484,1.93778,0.782937,0.760639,0.760639,0.871863,0.0472362,4.27431,0,False,False,False,True
39475,2015-04-07 21:30:00+00:00,-1,False,268.644,5.70143,47.1186,0.112276,97.2002,1.67959,0.677774,0.325885,0.674115,1.49198,0.235147,0.425792,21,False,False,False,True
39621,2015-04-10 22:30:00+00:00,-1,True,-140.76,-1.84143,76.4405,0.432333,96.5474,1.67518,0.675957,0.0878037,0.912196,1.63876,0.279454,6.35486,22,False,False,False,True
39649,2015-04-11 12:30:00+00:00,1,False,92.9265,1.51341,61.4019,0.271242,96.4132,2.77105,1.11784,0.40479,0.40479,2.00885,0.381536,-5.19095,12,False,False,False,True
39704,2015-04-12 16:00:00+00:00,-1,True,-61.4348,-1.46662,41.8888,0.0661019,96.1958,1.56091,0.629847,0.0891547,0.910845,0.836764,0.0397703,4.58706,16,False,False,False,True
39920,2015-04-17 04:00:00+00:00,1,False,-240.63,-4.73521,50.8171,0.155635,95.5887,2.71355,1.0949,0.452539,0.452539,1.61801,0.278162,1.12786,4,False,False,False,True
39963,2015-04-18 01:30:00+00:00,1,True,-67.595,-1.6185,41.7641,0.0660445,95.4651,1.3596,0.548619,0.816973,0.816973,1.15025,0.129131,-1.77185,1,False,False,False,True
40016,2015-04-19 04:00:00+00:00,1,False,44.1093,1.56746,28.1407,0.0068916,95.2372,1.31397,0.530232,1.02439,1.02439,0.982002,0.0776167,0.259046,4,False,False,False,True
40103,2015-04-20 23:30:00+00:00,1,False,17.7587,0.526783,33.7116,0.0192678,94.9024,2.62121,1.05639,0.390917,0.390917,0.842028,0.0424982,-0.354987,23,False,False,False,True
40247,2015-04-23 23:30:00+00:00,1,False,-152.509,-5.29524,28.8011,0.00858579,94.3935,2.36256,0.951452,0.530964,0.530964,0.556349,0.00445083,5.81992,23,False,False,False,True
40290,2015-04-24 21:00:00+00:00,1,False,-163.963,-3.829,42.8215,0.0823833,94.1849,1.71496,0.690662,0.616948,0.616948,0.643206,0.0108256,0.0924012,21,False,False,False,True
40405,2015-04-27 06:30:00+00:00,1,True,-73.1323,-2.01525,36.2894,0.0332233,93.7568,1.65225,0.665382,0.821852,0.821852,0.860458,0.0488155,-6.31298,6,False,False,False,True
40546,2015-04-30 05:00:00+00:00,1,False,395.283,12.3399,32.0328,0.0146734,93.2467,1.86586,0.750983,0.630979,0.630979,0.891719,0.0565111,1.64512,5,True,False,False,True
40576,2015-04-30 20:00:00+00:00,1,False,-100.906,-1.79698,56.1531,0.231385,93.2057,2.42952,0.977676,1.03283,1.03283,2.01908,0.40112,7.51212,20,False,False,False,True
40613,2015-05-01 14:30:00+00:00,1,False,-87.7398,-1.44491,60.7234,0.283532,93.0713,1.79834,0.723678,0.351025,0.351025,2.39946,0.483676,3.41845,14,False,False,False,True
40656,2015-05-02 12:00:00+00:00,1,False,-49.0453,-1.02596,47.8042,0.133324,92.9262,2.13821,0.860449,0.779885,0.779885,1.41598,0.224322,2.67959,12,False,False,False,True
40687,2015-05-03 03:30:00+00:00,1,False,250.185,5.58543,44.7924,0.103403,92.8308,2.55977,1.03027,0.759453,0.759453,1.1146,0.125427,2.81389,3,False,False,False,True
40857,2015-05-06 16:30:00+00:00,1,True,-78.2975,-1.97928,39.5586,0.0551902,92.206,2.0037,0.806946,0.722614,0.722614,0.727651,0.0217373,-0.432331,16,False,False,False,True
40892,2015-05-07 10:00:00+00:00,-1,False,-431.698,-7.8576,54.9402,0.22168,92.0926,1.85299,0.746785,0.0966843,0.903316,0.905705,0.0609907,4.5537,10,False,False,False,True
40945,2015-05-08 12:30:00+00:00,-1,False,-323.705,-6.27434,51.5919,0.179986,91.8756,1.65861,0.66797,0.550607,0.449393,1.05007,0.10636,-2.25455,12,False,False,False,True
40977,2015-05-09 04:30:00+00:00,1,False,-191.186,-2.96943,64.3848,0.335162,91.7829,1.72897,0.696305,0.75457,0.75457,1.51146,0.260818,5.31216,4,False,False,False,True
41069,2015-05-11 02:30:00+00:00,-1,False,-115.601,-2.16486,53.3989,0.20491,91.5045,2.08825,0.842202,0.351707,0.648293,0.603559,0.00703518,-0.057145,2,False,False,False,True
41201,2015-05-13 20:30:00+00:00,1,True,-85.7443,-2.02593,42.3233,0.0815219,91.2861,2.02409,0.816327,1.07234,1.07234,0.647651,0.0121752,2.92606,20,False,False,False,True
41244,2015-05-14 18:00:00+00:00,-1,False,17.733,0.310929,57.0324,0.250797,91.2861,1.84801,0.744779,0.618502,0.381498,1.3148,0.199828,1.71054,18,False,False,False,True
41311,2015-05-16 03:30:00+00:00,-1,False,3.02467,0.0859792,35.179,0.0283704,91.0898,1.13222,0.456738,-0.277997,1.278,0.647566,0.0130366,2.88541,3,False,False,False,True
41341,2015-05-16 18:30:00+00:00,-1,False,17.0041,0.492919,34.4967,0.0257286,91.0391,1.74185,0.70266,0.288452,0.711548,0.497546,0.00327351,1.98326,18,False,False,False,True
41395,2015-05-17 21:30:00+00:00,-1,False,44.1567,1.34631,32.7983,0.0189232,91.0196,2.19646,0.886255,0.506945,0.493055,0.640673,0.0134673,1.46541,21,False,False,False,True
41424,2015-05-18 12:00:00+00:00,1,True,-67.8103,-1.81759,37.3077,0.0444221,90.9646,1.95426,0.788572,0.706511,0.706511,0.623775,0.0116296,-0.95051,12,False,False,False,True
41508,2015-05-20 06:00:00+00:00,-1,False,-132.485,-3.27419,40.4634,0.0691744,90.9503,2.03989,0.823461,0.161531,0.838469,0.835203,0.0501077,3.51416,6,False,False,False,True
41545,2015-05-21 00:30:00+00:00,1,False,46.6741,1.37924,33.8404,0.0246662,90.9503,1.79201,0.723562,0.602323,0.602323,0.572124,0.00692032,-0.305855,0,False,False,False,True
41585,2015-05-21 20:30:00+00:00,-1,False,-38.107,-1.34212,28.393,0.00855707,90.9503,1.9716,0.79634,0.605987,0.394013,0.662683,0.0185786,-1.71896,20,False,False,False,True
41649,2015-05-23 04:30:00+00:00,1,False,-45.835,-0.997358,45.9564,0.127322,90.9503,2.16745,0.875126,0.798933,0.798933,0.960563,0.086346,3.71879,4,False,False,False,True
41713,2015-05-24 12:30:00+00:00,1,False,44.505,1.68618,26.394,0.00577172,90.9503,1.11265,0.449555,0.534523,0.534523,0.449706,0.0020962,1.7871,12,False,False,False,True
41787,2015-05-26 01:30:00+00:00,1,True,-74.7114,-2.27797,32.7973,0.0229146,90.8754,1.00492,0.406089,0.867948,0.867948,0.85074,0.0574874,-1.07833,1,False,False,False,True
41813,2015-05-26 14:30:00+00:00,-1,False,30.5872,0.699761,43.7109,0.1086,90.8754,2.00502,0.810355,0.467348,0.532652,1.32202,0.210768,1.00294,14,False,False,False,True
41932,2015-05-29 02:00:00+00:00,-1,False,8.13504,0.358685,22.6801,0.00315865,90.724,1.6627,0.671307,0.35206,0.64794,0.487971,0.00447954,0.543171,2,False,False,False,True
41992,2015-05-30 08:00:00+00:00,1,True,-44.1339,-1.55351,28.4093,0.013094,90.705,1.89938,0.766864,0.470921,0.470921,0.708502,0.0294329,-0.850844,8,False,False,False,True
42143,2015-06-02 11:30:00+00:00,1,False,107.163,2.28175,46.9653,0.148945,90.5769,2.30223,0.926885,0.47319,0.47319,1.17106,0.160775,-6.03008,11,False,False,False,True
42500,2015-06-09 22:00:00+00:00,1,False,-41.1089,-1.2205,33.682,0.0397128,89.8803,2.58327,1.03974,0.540773,0.540773,0.907282,0.0804882,4.38188,22,False,False,False,True
42545,2015-06-10 20:30:00+00:00,1,False,23.4588,0.626996,37.4146,0.067509,89.7086,2.65637,1.06917,0.457372,0.457372,1.29855,0.211027,1.36019,20,False,False,False,True
42586,2015-06-11 17:00:00+00:00,1,False,-10.2379,-0.442886,23.1163,0.00640345,89.5846,1.58543,0.638122,0.647303,0.647303,0.337827,0.00132089,2.75607,17,False,False,False,True
42777,2015-06-15 16:30:00+00:00,1,False,16.2766,0.543799,29.9313,0.0286001,89.0901,2.23282,0.898693,0.993503,0.993503,0.658977,0.0292032,5.22667,16,False,False,False,True
42855,2015-06-17 07:30:00+00:00,1,False,79.8582,1.09555,72.8934,0.461651,89.0469,2.54897,1.02557,0.65037,0.65037,2.05504,0.438392,6.30816,7,False,False,False,True
42953,2015-06-19 08:30:00+00:00,1,True,-82.8241,-2.10908,39.2702,0.0908256,88.946,1.92209,0.773259,0.964675,0.964675,0.556575,0.0134386,4.9574,8,False,False,False,True
43173,2015-06-23 22:30:00+00:00,-1,False,47.9122,1.46547,32.6942,0.0435032,88.3081,2.75203,1.09926,0.114825,0.885175,0.80336,0.058234,1.39307,22,False,False,False,True
43266,2015-06-25 21:00:00+00:00,-1,False,-50.3053,-1.81034,27.7877,0.021364,88.1379,1.98865,0.794338,-0.070095,1.07009,0.75506,0.0478392,3.17736,21,False,False,False,True
43297,2015-06-26 12:30:00+00:00,-1,False,-71.6639,-3.34459,21.4268,0.00585786,88.0943,2.70699,1.08127,0.204031,0.795969,0.360068,0.00310122,2.168,12,False,False,False,True
43335,2015-06-27 07:30:00+00:00,1,False,134.829,7.06009,19.0973,0.00246949,88.0218,2.44759,0.977006,1.11552,1.11552,0.627252,0.0244365,3.19841,7,False,False,False,True
43510,2015-06-30 23:00:00+00:00,1,True,-156.538,-2.29174,68.3053,0.427767,87.6842,2.25746,0.899212,0.545955,0.545955,2.41589,0.51977,5.39536,23,False,False,False,True
43564,2015-07-02 02:00:00+00:00,1,False,-180.567,-4.35485,41.4635,0.122326,87.6103,2.39166,0.954233,0.805931,0.805931,0.972805,0.111184,3.11962,2,False,False,False,True
43611,2015-07-03 01:30:00+00:00,1,True,-55.0606,-1.7666,31.1675,0.0395693,87.4082,1.64447,0.655511,0.83856,0.83856,0.690949,0.0372146,-0.257183,1,False,False,False,True
44096,2015-07-13 04:00:00+00:00,-1,False,595.319,11.0668,53.7932,0.271098,86.0232,2.0922,0.833186,0.170225,0.829775,1.57538,0.319311,-9.77462,4,True,True,False,True
44145,2015-07-14 04:30:00+00:00,-1,False,-17.0007,-0.241408,70.423,0.461823,85.9974,2.12891,0.848618,0.516233,0.483767,2.71707,0.586447,-0.113953,4,False,False,False,True
44194,2015-07-15 05:00:00+00:00,-1,True,-144.246,-2.4711,58.3732,0.324939,85.9788,1.95112,0.777185,0.122053,0.877947,1.58174,0.320603,1.69227,5,False,False,False,True
44389,2015-07-19 06:30:00+00:00,-1,False,34.3743,1.50611,22.8233,0.0105384,85.4657,2.04173,0.812515,0.330696,0.669304,0.427484,0.00559943,6.62346,6,False,False,False,True
44516,2015-07-21 22:00:00+00:00,-1,False,55.9516,2.14827,26.045,0.0194688,85.3531,1.52771,0.608026,0.385079,0.614921,0.666996,0.034458,0.0355743,22,False,False,False,True
44578,2015-07-23 05:00:00+00:00,-1,False,29.5846,1.01629,29.1105,0.0335678,85.3497,2.30366,0.917738,0.565189,0.434811,1.07649,0.154343,0.815469,5,False,False,False,True
44667,2015-07-25 01:30:00+00:00,-1,False,-75.9245,-1.7026,44.5931,0.168902,85.2581,2.74426,1.09286,0.432016,0.567984,2.04013,0.452749,-5.7557,1,False,False,False,True
44696,2015-07-25 16:00:00+00:00,-1,False,51.1121,1.35577,37.6996,0.100158,85.2245,2.48371,0.989597,0.675645,0.324355,1.50033,0.299411,-7.22738,16,False,False,False,True
44757,2015-07-26 22:30:00+00:00,1,True,-75.9583,-2.40868,31.5353,0.0499067,85.2229,2.09874,0.837364,0.853345,0.853345,0.649828,0.0316152,7.4838,22,False,False,False,True
44954,2015-07-31 01:00:00+00:00,1,True,-63.2645,-2.25419,28.0653,0.02972,85.1517,2.21258,0.88197,0.96314,0.96314,0.428173,0.00565686,-1.71339,1,False,False,False,True
45088,2015-08-02 20:00:00+00:00,1,True,-78.806,-2.65604,29.6704,0.0394831,84.9297,2.23503,0.890069,1.04204,1.04204,0.99751,0.128729,-1.60728,20,False,False,False,True
45168,2015-08-04 12:00:00+00:00,1,False,30.6236,0.724321,42.279,0.155004,84.8916,2.71953,1.08341,0.690032,0.690032,0.938015,0.108859,0.409988,12,False,False,False,True
45197,2015-08-05 02:30:00+00:00,1,False,-84.9804,-3.22222,26.3732,0.0206174,84.8916,1.72816,0.688561,0.685532,0.685532,0.583593,0.019038,2.28778,2,False,False,False,True
45261,2015-08-06 10:30:00+00:00,1,False,-105.397,-3.18789,33.0615,0.0648672,84.8916,2.20455,0.878253,0.358594,0.358594,0.941184,0.110093,-2.98204,10,False,False,False,True
45331,2015-08-07 21:30:00+00:00,1,False,-63.6447,-2.22969,28.5442,0.0323044,84.8916,2.39115,0.952239,0.703408,0.703408,0.69844,0.0423546,-0.631267,21,False,False,False,True
45478,2015-08-10 23:00:00+00:00,-1,True,-55.7922,-1.48129,37.6645,0.11196,84.675,1.44896,0.576478,0.476474,0.523526,1.12734,0.177602,5.67568,23,False,False,False,True
45757,2015-08-16 18:30:00+00:00,-1,False,17.9447,0.405698,44.2317,0.184494,84.6181,2.8135,1.11868,0.214804,0.785196,0.997357,0.132635,5.7237,18,False,False,False,True
45785,2015-08-17 08:30:00+00:00,-1,False,21.4386,0.428526,50.0286,0.24916,84.6181,2.40892,0.958403,0.532264,0.467736,1.40437,0.273424,3.70114,8,False,False,False,True
45971,2015-08-21 05:30:00+00:00,1,True,-142.021,-2.46859,57.5312,0.336511,84.6802,2.2637,0.90095,0.649101,0.649101,1.46703,0.294616,-4.37404,5,False,False,False,True
46019,2015-08-22 05:30:00+00:00,-1,False,365.354,7.78116,46.9537,0.214185,84.5943,1.4384,0.572823,0.0194853,0.980515,0.984573,0.129361,5.71218,5,False,False,False,True
46361,2015-08-29 08:30:00+00:00,-1,False,64.9726,1.00168,64.8637,0.418722,84.7918,1.82132,0.723292,-0.0369193,1.03692,1.3926,0.2686,-1.88123,8,False,False,False,True
46391,2015-08-29 23:30:00+00:00,1,False,6.34133,0.0999297,63.4579,0.401953,84.7918,1.4849,0.58969,0.656814,0.656814,1.09936,0.170596,0.90972,23,False,False,False,True
46446,2015-08-31 03:00:00+00:00,-1,False,-156.528,-2.68783,58.2361,0.342168,84.7668,2.25445,0.895297,0.573405,0.426595,1.56305,0.324767,0.299683,3,False,False,False,True
46577,2015-09-02 20:30:00+00:00,-1,False,73.534,1.43033,51.4106,0.264264,84.4748,2.08797,0.828378,0.529078,0.470922,1.23098,0.215219,-0.643452,20,False,False,False,True
46664,2015-09-04 16:00:00+00:00,1,False,-9.77472,-0.219968,44.4369,0.187078,84.4614,2.03389,0.807708,0.815885,0.815885,0.88212,0.0950754,1.71464,16,False,False,False,True
46793,2015-09-07 08:30:00+00:00,1,False,52.4689,1.10312,47.564,0.223345,84.0917,2.36228,0.939616,0.414359,0.414359,1.29112,0.23888,4.5091,8,False,False,False,True
46819,2015-09-07 21:30:00+00:00,1,False,188.781,3.98299,47.3968,0.221565,84.0208,1.85205,0.736848,0.777319,0.777319,0.944607,0.116123,4.43648,21,False,False,False,True
46913,2015-09-09 20:30:00+00:00,-1,False,63.8964,1.37599,46.4367,0.210768,83.974,2.20218,0.876153,0.528888,0.471112,1.14182,0.187854,0.141758,20,False,False,False,True
47017,2015-09-12 00:30:00+00:00,-1,False,-4.58162,-0.112284,40.8037,0.148428,83.6554,1.46623,0.583205,0.109966,0.890034,0.623841,0.0280258,0.548803,0,False,False,False,True
47046,2015-09-12 15:00:00+00:00,-1,False,136.525,4.58788,29.7578,0.0436468,83.5467,1.9275,0.767057,0.292468,0.707532,0.526971,0.0139555,0.900141,15,False,False,False,True
47112,2015-09-14 00:00:00+00:00,1,False,0.225115,0.00376214,59.8371,0.375219,83.4054,2.16123,0.860165,0.389321,0.389321,1.91578,0.435348,-4.79236,0,False,False,False,True
47174,2015-09-15 07:00:00+00:00,-1,False,35.3804,0.765062,46.2451,0.212118,83.4283,1.68452,0.670573,0.201083,0.798917,0.933542,0.115004,3.32053,7,False,False,False,True
47207,2015-09-15 23:30:00+00:00,1,True,-39.3927,-1.22825,32.0722,0.0614788,83.4283,1.66765,0.663861,0.676291,0.676291,0.714979,0.049677,-3.17621,23,False,False,False,True
47256,2015-09-17 00:00:00+00:00,1,False,30.9114,0.684778,45.1407,0.199828,83.4283,1.70751,0.679584,0.794144,0.794144,0.864251,0.0922613,-2.37971,0,False,False,False,True
47377,2015-09-19 12:30:00+00:00,-1,False,17.0531,0.445231,38.3017,0.12603,83.4283,1.77732,0.707517,-0.350941,1.35094,0.708811,0.0485571,1.29014,12,False,False,False,True
47408,2015-09-20 04:00:00+00:00,1,False,17.0971,0.479333,35.6685,0.0994113,83.4018,1.65447,0.659023,0.505159,0.505159,0.714905,0.0501938,-1.22094,4,False,False,False,True
47688,2015-09-26 00:00:00+00:00,1,False,-36.0453,-0.9896,36.4242,0.104034,83.3615,1.68073,0.671775,0.421337,0.421337,0.974765,0.129476,3.33501,0,False,False,False,True
47738,2015-09-27 01:00:00+00:00,-1,False,46.7094,1.33471,34.9958,0.0903087,83.3615,1.4559,0.583624,0.242497,0.757503,0.811371,0.0752907,-0.575137,1,False,False,False,True
47825,2015-09-28 20:30:00+00:00,-1,True,-51.9838,-1.12671,46.1378,0.211199,83.3615,1.68561,0.675707,0.430517,0.569483,1.33281,0.257918,-3.18762,20,False,False,False,True
47883,2015-09-30 01:30:00+00:00,1,True,-53.4251,-1.26942,42.0861,0.161752,83.3615,1.36068,0.547025,0.608551,0.608551,0.743428,0.0569419,1.71281,1,False,False,False,True
47933,2015-10-01 02:30:00+00:00,1,True,-80.8757,-2.19381,36.8654,0.108658,83.3615,2.18396,0.878718,0.662509,0.662509,0.842875,0.0859153,1.23164,2,False,False,False,True
48034,2015-10-03 05:00:00+00:00,-1,True,-73.2766,-2.08474,35.1491,0.0918019,83.2159,2.37605,0.956313,0.102207,0.897793,0.652535,0.0355779,0.0480489,5,False,False,False,True
48068,2015-10-03 22:00:00+00:00,1,False,-12.9461,-0.390623,33.1422,0.0706389,83.044,1.59892,0.643551,0.815837,0.815837,0.493545,0.0112563,2.59881,22,False,False,False,True
48101,2015-10-04 14:30:00+00:00,1,True,-55.1379,-1.62596,33.9109,0.0793683,82.9791,1.63883,0.659615,0.768838,0.768838,0.671885,0.0412635,1.66796,14,False,False,False,True
48146,2015-10-05 13:00:00+00:00,1,False,135.283,3.18266,42.5062,0.171543,82.9196,2.47736,0.997443,0.368986,0.368986,1.2518,0.233281,-0.659596,13,False,False,False,True
48177,2015-10-06 04:30:00+00:00,-1,False,-279.052,-7.57074,36.8593,0.110983,82.9196,2.67487,1.0766,0.558787,0.441213,1.06922,0.168098,-2.08047,4,False,False,False,True
48277,2015-10-08 06:30:00+00:00,-1,True,-12.3789,-0.418217,29.5991,0.0402584,82.9196,1.24887,0.502566,0.227839,0.772161,0.711686,0.052089,-1.48974,6,False,False,False,True
48361,2015-10-10 00:30:00+00:00,1,True,-54.8061,-2.63861,20.7708,0.00470926,82.9196,2.18169,0.878496,0.979161,0.979161,0.365296,0.00338837,3.31146,0,False,False,False,True
48500,2015-10-12 22:00:00+00:00,-1,True,-47.7194,-1.68145,28.3799,0.0342857,82.9196,1.54834,0.623193,0.0922845,0.907716,0.558559,0.0202728,-0.291618,22,False,False,False,True
48560,2015-10-14 04:00:00+00:00,-1,False,-201.299,-4.93855,40.7608,0.153711,82.9193,1.6743,0.673882,0.303362,0.696638,0.813271,0.0828141,-2.36545,4,False,False,False,True
48725,2015-10-17 14:30:00+00:00,1,True,-131.972,-1.95612,67.4663,0.467595,82.571,2.13933,0.861064,1.00171,1.00171,2.30069,0.523991,8.23599,14,False,False,False,True
48763,2015-10-18 09:30:00+00:00,1,True,-145.211,-1.91085,75.9932,0.547423,82.6669,2.18666,0.880111,0.530228,0.530228,1.91347,0.43865,3.80658,9,False,False,False,True
48792,2015-10-19 00:00:00+00:00,-1,False,7.64416,0.132983,57.4822,0.358047,82.5856,1.99257,0.801994,0.321447,0.678553,1.62684,0.357961,0.407005,0,False,False,False,True
48839,2015-10-19 23:30:00+00:00,1,True,-53.7584,-1.24136,43.3061,0.183345,82.488,1.09997,0.4428,0.717026,0.717026,0.766879,0.0694329,2.05986,23,False,False,False,True
48891,2015-10-21 01:30:00+00:00,1,True,-143.05,-2.72281,52.5377,0.299296,82.4351,2.21423,0.891208,0.868955,0.868955,1.58117,0.345413,5.06365,1,False,False,False,True
48941,2015-10-22 02:30:00+00:00,1,False,224.38,6.00029,37.3949,0.120144,82.3086,1.69263,0.681571,0.562293,0.562293,0.541102,0.0167696,2.64558,2,False,False,False,True
49006,2015-10-23 11:00:00+00:00,-1,False,-45.0014,-0.919264,48.9538,0.255104,82.1307,2.5618,1.03245,0.559609,0.440391,2.09742,0.484738,-5.36932,11,False,False,False,True
49046,2015-10-24 07:00:00+00:00,-1,False,-11.076,-0.213839,51.7958,0.29206,81.9978,2.22439,0.897108,0.541013,0.458987,1.88591,0.434688,-4.53706,7,False,False,False,True
49171,2015-10-26 21:30:00+00:00,1,False,119.638,2.40381,49.77,0.266447,81.5599,2.10938,0.851209,0.912356,0.912356,1.16222,0.206518,3.27358,21,False,False,False,True
49249,2015-10-28 12:30:00+00:00,1,False,40.8564,0.545481,74.8999,0.546475,81.4968,2.37203,0.956876,1.00234,1.00234,1.63403,0.364135,6.11835,12,False,False,False,True
49292,2015-10-29 10:00:00+00:00,1,False,199.332,3.30946,60.2311,0.3971,81.5331,2.55146,1.02754,1.01863,1.01863,1.98716,0.461364,7.70693,10,False,False,False,True
49387,2015-10-31 09:30:00+00:00,1,False,-500.759,-6.43692,77.7948,0.570969,81.6664,2.4531,0.987929,0.437412,0.437412,2.85677,0.631529,6.26749,9,False,False,False,True
49706,2015-11-07 01:00:00+00:00,1,False,255.783,1.25449,203.893,0.936569,82.3149,2.22511,0.895273,0.533216,0.533216,8.50901,0.930194,-0.621487,1,False,False,False,False
49743,2015-11-07 19:30:00+00:00,1,False,-129.249,-1.01729,127.053,0.821163,82.3149,2.53041,1.01799,0.424508,0.424508,3.28697,0.685714,0.319783,19,False,False,False,False
49858,2015-11-10 05:00:00+00:00,1,False,-631.774,-7.14503,88.4215,0.643733,82.2642,1.82387,0.73408,0.436366,0.436366,2.45335,0.555348,-0.993585,5,False,False,False,False
50045,2015-11-14 02:30:00+00:00,-1,False,79.1973,0.698589,113.367,0.77766,82.2523,2.56325,1.03166,0.503399,0.496601,2.82325,0.623431,1.3185,2,False,False,False,False
50074,2015-11-14 17:00:00+00:00,1,False,-5.90361,-0.0759263,77.7546,0.565628,82.2306,2.12284,0.854424,0.394735,0.394735,1.88763,0.432563,-1.97501,17,False,False,False,True
50104,2015-11-15 08:00:00+00:00,1,False,-345.981,-4.86217,71.1578,0.508859,82.1759,0.981715,0.395262,0.56614,0.56614,1.60413,0.351357,-1.05451,8,False,False,False,True
50157,2015-11-16 10:30:00+00:00,-1,False,-340.737,-4.45503,76.4836,0.555406,82.1424,1.69274,0.681615,0.563698,0.436302,1.86001,0.426274,4.61196,10,False,False,False,True
50209,2015-11-17 12:30:00+00:00,1,False,-37.2571,-0.451888,82.4477,0.602929,82.0937,2.35964,0.949891,0.730256,0.730256,2.10698,0.486892,2.28128,12,False,False,False,False
50283,2015-11-19 01:30:00+00:00,-1,False,130.091,2.39011,54.4288,0.324882,81.8689,2.3992,0.965977,0.25791,0.74209,1.26177,0.240345,-0.728083,1,False,False,False,True
50328,2015-11-20 00:00:00+00:00,-1,False,66.0545,1.30943,50.4452,0.275147,81.708,2.62676,1.05785,0.0217407,0.978259,1.26062,0.240517,3.57189,0,False,False,False,True
50371,2015-11-20 21:30:00+00:00,1,False,183.574,2.82741,64.9265,0.448155,81.6018,2.38201,0.959297,0.471304,0.471304,1.80997,0.416224,-2.99876,21,False,False,False,True
50442,2015-11-22 09:00:00+00:00,1,False,-58.3579,-2.51297,23.2226,0.0124336,81.2956,2.36369,0.953732,0.664012,0.664012,0.473405,0.00996411,-0.241493,9,False,False,False,True
50702,2015-11-27 19:00:00+00:00,1,True,-210.081,-2.42011,86.8063,0.646576,80.5255,2.54817,1.0262,0.599243,0.599243,2.60517,0.596612,6.62375,19,False,False,False,False
50732,2015-11-28 10:00:00+00:00,-1,False,-35.4973,-0.538289,65.9446,0.466188,80.4704,2.79805,1.12656,0.354829,0.645171,1.64025,0.370452,-4.61791,10,False,False,False,True
50777,2015-11-29 08:30:00+00:00,1,False,217.092,7.38158,29.4099,0.0415506,80.2847,1.89451,0.762944,0.775577,0.775577,0.902416,0.112362,8.83018,8,False,False,False,True
50927,2015-12-02 11:30:00+00:00,-1,False,-178.654,-2.81082,63.5595,0.442469,79.97,2.64301,1.06439,0.472109,0.527891,1.96933,0.466447,3.70307,11,False,False,False,True
50957,2015-12-03 02:30:00+00:00,1,False,-23.3054,-0.432029,53.944,0.329017,79.8487,2.30372,0.928435,0.673326,0.673326,1.11282,0.191127,-0.0531011,2,False,False,False,True
51038,2015-12-04 19:00:00+00:00,-1,False,-262.965,-6.18728,42.5009,0.180187,79.5103,2.27235,0.915122,0.660356,0.339644,1.41395,0.296798,-0.36471,19,False,False,False,True
51191,2015-12-07 23:30:00+00:00,1,False,26.6032,0.299827,88.7284,0.671931,79.28,2.459,0.99027,0.557948,0.557948,1.58298,0.355607,3.74172,23,False,False,False,False
51232,2015-12-08 20:00:00+00:00,1,False,559.439,10.2261,54.7071,0.340675,79.1497,1.48634,0.598577,0.669243,0.669243,0.711089,0.0551615,4.35825,20,True,True,False,True
51264,2015-12-09 12:00:00+00:00,1,True,-185.276,-2.33065,79.4954,0.602872,79.1347,2.04733,0.824514,1.04903,1.04903,1.95623,0.466676,8.67186,12,False,False,False,False
51332,2015-12-10 22:00:00+00:00,1,False,467.32,10.0327,46.5798,0.232075,79.014,2.04335,0.822911,0.662289,0.662289,1.61147,0.365944,6.49467,22,True,True,False,True
51441,2015-12-13 04:30:00+00:00,-1,True,-268.766,-2.55864,105.043,0.774989,78.8689,2.65949,1.07041,0.348359,0.651641,4.18033,0.801235,-1.17421,4,False,False,False,False
51555,2015-12-15 13:30:00+00:00,1,False,170.647,3.08749,55.2704,0.349433,78.5247,2.16503,0.871393,0.747209,0.747209,1.2562,0.24537,7.07498,13,False,False,False,True
51636,2015-12-17 06:00:00+00:00,1,False,-100.509,-1.396,71.9975,0.541938,78.3864,2.48312,0.99942,0.999728,0.999728,1.53142,0.33967,2.8593,6,False,False,False,True
51738,2015-12-19 09:00:00+00:00,1,False,-81.7489,-2.14181,38.1682,0.133439,77.9966,2.78427,1.12065,0.681664,0.681664,0.482769,0.0109691,4.71359,9,False,False,False,True
51890,2015-12-22 13:00:00+00:00,-1,False,78.22,1.70345,45.9185,0.226648,77.7078,2.32098,0.934176,0.649142,0.350858,1.27195,0.254156,2.62739,13,False,False,False,True
51944,2015-12-23 16:00:00+00:00,-1,False,-316.27,-7.76833,40.7127,0.161292,77.5171,2.66587,1.07317,0.484952,0.515048,1.0507,0.17051,1.87711,16,False,False,False,True
52059,2015-12-26 01:30:00+00:00,1,False,-738.183,-24.7697,29.8018,0.0445657,77.1699,2.16351,0.87077,0.712455,0.712455,0.78013,0.0751759,4.08124,1,False,False,False,True
52132,2015-12-27 14:00:00+00:00,-1,True,-183.973,-1.92476,95.5822,0.73967,77.1332,2.00018,0.80541,0.468357,0.531643,2.55817,0.609246,4.4884,14,False,False,False,False
52296,2015-12-31 00:00:00+00:00,-1,False,-16.0305,-0.268127,59.7871,0.416023,76.7152,1.5986,0.643302,0.339851,0.660149,1.14091,0.206432,1.08775,0,False,False,False,True
52352,2016-01-01 04:00:00+00:00,1,True,-103.306,-1.98298,52.0964,0.316841,76.579,1.55025,0.624065,1.04804,1.04804,0.852797,0.0972577,2.27772,4,False,False,False,True
52403,2016-01-02 05:30:00+00:00,1,False,-11.9203,-0.270155,44.1237,0.205169,76.5364,1.89607,0.763488,0.601034,0.601034,0.669967,0.0448528,1.95411,5,False,False,False,True
52437,2016-01-02 22:30:00+00:00,-1,False,72.2958,2.33817,30.9198,0.0538693,76.5205,2.2202,0.893908,0.445773,0.554227,0.837184,0.0936683,-1.27565,22,False,False,False,True
52627,2016-01-06 21:30:00+00:00,1,True,-37.9336,-1.59513,23.7809,0.0138981,75.9648,1.47228,0.592571,0.773751,0.773751,0.300085,0.00103374,0.058047,21,False,False,False,True
52756,2016-01-09 14:00:00+00:00,-1,False,63.4336,1.62965,38.9246,0.14972,75.5464,2.30276,0.927146,0.235916,0.764084,0.762147,0.0729074,-1.58069,14,False,False,False,True
52797,2016-01-10 10:30:00+00:00,-1,False,-80.2761,-2.28855,35.0772,0.104235,75.4314,2.4619,0.991439,-0.0897755,1.08978,0.694278,0.0540129,1.8016,10,False,False,False,True
52836,2016-01-11 06:00:00+00:00,-1,False,-10.5841,-0.296553,35.6904,0.112247,75.3437,1.62645,0.654992,0.40905,0.59095,1.69978,0.414042,-0.906674,6,False,False,False,True
52871,2016-01-11 23:30:00+00:00,1,True,-59.7933,-1.63912,36.479,0.121436,75.2367,1.33713,0.538362,0.922585,0.922585,0.995304,0.155233,1.6201,23,False,False,False,True
52899,2016-01-12 13:30:00+00:00,1,True,-67.9748,-1.73916,39.0849,0.153711,75.1608,1.78898,0.720367,0.613185,0.613185,0.594408,0.0280546,-0.0157791,13,False,False,False,True
52963,2016-01-13 21:30:00+00:00,-1,False,-39.3434,-0.793634,49.5737,0.294185,74.9567,1.45471,0.58585,0.375739,0.624261,1.13843,0.21453,5.64766,21,False,False,False,True
53132,2016-01-17 10:00:00+00:00,1,False,112.21,1.10093,101.923,0.789031,74.7608,2.33334,0.93968,0.412764,0.412764,3.2806,0.734386,-4.47342,10,False,False,False,False
53206,2016-01-18 23:00:00+00:00,1,True,-110.206,-1.79117,61.5272,0.455994,74.6345,1.97524,0.795454,0.658374,0.658374,1.08173,0.192534,-2.09398,23,False,False,False,True
53266,2016-01-20 05:00:00+00:00,1,False,792.92,12.0003,66.0753,0.512907,74.4828,2.47701,0.997549,0.448221,0.448221,2.05216,0.516583,-3.82763,5,True,True,False,True
53325,2016-01-21 10:30:00+00:00,1,True,-183.149,-2.05326,89.1993,0.714228,74.4863,2.25154,0.906725,0.74211,0.74211,2.22081,0.553711,6.41175,10,False,False,False,False
53433,2016-01-23 16:30:00+00:00,1,False,-45.2265,-0.493585,91.6286,0.729304,74.7592,1.6973,0.682911,0.758367,0.758367,2.53583,0.615276,-1.01236,16,False,False,False,False
53551,2016-01-26 03:30:00+00:00,-1,False,-41.5439,-0.759344,54.7103,0.369677,74.6373,1.74362,0.701547,0.436831,0.563169,1.21164,0.244106,1.74176,3,False,False,False,True
53613,2016-01-27 10:30:00+00:00,-1,False,-31.9077,-0.628511,50.7671,0.31397,74.5767,2.08913,0.840467,0.563137,0.436863,1.33534,0.291543,-0.0031039,10,False,False,False,True
53751,2016-01-30 07:30:00+00:00,1,False,-77.4867,-1.40235,55.255,0.37944,74.3507,2.79484,1.12438,0.793151,0.793151,1.87238,0.468457,-1.73398,7,False,False,False,True
53782,2016-01-30 23:00:00+00:00,1,False,70.6325,1.24699,56.6424,0.397846,74.3278,2.6206,1.05459,0.419773,0.419773,0.897978,0.120517,-2.53324,23,False,False,False,True
53917,2016-02-02 18:30:00+00:00,-1,False,1.69649,0.0441679,38.41,0.146906,74.2838,1.79142,0.720406,0.552963,0.447037,0.852186,0.10481,1.66338,18,False,False,False,True
53944,2016-02-03 08:00:00+00:00,1,True,-62.5991,-1.8914,33.0967,0.0796554,74.2838,1.61085,0.647791,0.729775,0.729775,0.316207,0.00160804,-1.58392,8,False,False,False,True
54113,2016-02-06 20:30:00+00:00,1,False,-18.8718,-0.353045,53.4545,0.356181,74.1682,2.02996,0.813474,0.598738,0.598738,1.27161,0.271472,-1.33309,20,False,False,False,True
54334,2016-02-11 11:00:00+00:00,1,False,-9.23124,-0.204101,45.2287,0.238536,73.4537,2.29569,0.922923,0.43582,0.43582,1.07368,0.195463,0.998953,11,False,False,False,True
54380,2016-02-12 10:00:00+00:00,1,False,33.3001,0.880829,37.8054,0.142139,73.3222,2.17946,0.87645,1.08473,1.08473,0.890932,0.120976,2.64685,10,False,False,False,True
54497,2016-02-14 20:30:00+00:00,-1,True,-70.0325,-1.4278,49.0494,0.299411,72.9837,1.61003,0.647911,0.40513,0.59487,1.53838,0.370998,-5.84477,20,False,False,False,True
54563,2016-02-16 05:30:00+00:00,-1,True,-70.4299,-1.21888,57.7827,0.426619,72.7375,1.74238,0.701049,0.262541,0.737459,1.42558,0.33005,-1.42437,5,False,False,False,True
54601,2016-02-17 00:30:00+00:00,1,True,-81.2928,-1.79207,45.3625,0.243417,72.5927,1.61154,0.648633,0.975723,0.975723,0.529631,0.0177459,5.63529,0,False,False,False,True
54644,2016-02-17 22:00:00+00:00,-1,False,-132.755,-2.65648,49.9741,0.31397,72.4694,1.66295,0.669206,0.534729,0.465271,1.55489,0.378291,-7.43776,22,False,False,False,True
54879,2016-02-22 19:30:00+00:00,-1,False,362.368,7.34398,49.3422,0.308055,71.9377,1.4805,0.595544,0.373935,0.626065,1.15091,0.23061,-3.11161,19,False,False,False,True
54933,2016-02-23 22:30:00+00:00,1,False,-74.0476,-1.13303,65.3534,0.528615,71.8014,2.5141,1.01144,0.437676,0.437676,1.98813,0.514573,-3.31493,22,False,False,False,True
55034,2016-02-26 01:00:00+00:00,-1,True,-70.7645,-1.60346,44.1325,0.227739,71.5046,1.50092,0.604306,0.139293,0.860707,0.78825,0.08715,1.69421,1,False,False,False,True
55071,2016-02-26 19:30:00+00:00,1,True,-49.5755,-1.47952,33.5078,0.0874372,71.3871,1.17492,0.473165,0.495931,0.495931,0.463486,0.0109117,0.141752,19,False,False,False,True
55119,2016-02-27 19:30:00+00:00,-1,False,97.6713,2.82137,34.6183,0.102915,71.2298,1.95931,0.788865,0.323893,0.676107,0.672562,0.0510266,-2.61672,19,False,False,False,True
55224,2016-03-01 00:00:00+00:00,1,False,-75.2919,-1.31364,57.3153,0.432276,70.9374,1.85205,0.745679,0.397728,0.397728,1.25311,0.276612,1.74744,0,False,False,False,True
55256,2016-03-01 16:00:00+00:00,-1,False,-50.5987,-0.878828,57.5752,0.436698,70.9316,1.60973,0.647789,0.329387,0.670613,1.29962,0.295363,-0.364333,16,False,False,False,True
55293,2016-03-02 10:30:00+00:00,1,True,-85.3695,-1.71422,49.8009,0.319799,70.8473,1.99316,0.802591,0.587712,0.587712,0.848071,0.10837,0.55185,10,False,False,False,True
55434,2016-03-05 09:00:00+00:00,-1,False,57.3875,0.961516,59.6844,0.468256,70.4732,2.13319,0.859083,0.31445,0.68555,1.38403,0.327322,6.1786,9,False,False,False,True
55475,2016-03-06 05:30:00+00:00,1,False,239.667,3.19076,75.1127,0.643331,70.484,2.75699,1.1103,0.470687,0.470687,2.47853,0.633137,-5.03081,5,False,False,False,False
55520,2016-03-07 04:00:00+00:00,1,False,55.9562,0.920297,60.8023,0.483647,70.4006,2.32508,0.936373,0.576954,0.576954,1.78532,0.467078,-1.53197,4,False,False,False,True
55571,2016-03-08 05:30:00+00:00,1,False,-74.225,-2.12946,34.8562,0.106475,70.2792,1.49485,0.602587,0.818038,0.818038,0.673453,0.0516296,2.28285,5,False,False,False,True
55600,2016-03-08 20:00:00+00:00,-1,False,14.4808,0.361613,40.0451,0.175851,70.2421,2.11615,0.853042,0.451292,0.548708,0.986898,0.165571,0.353338,20,False,False,False,True
55629,2016-03-09 10:30:00+00:00,1,True,-63.5676,-1.96447,32.3587,0.0731084,70.1675,1.6222,0.653923,0.956327,0.956327,0.499608,0.0148744,0.261593,10,False,False,False,True
55678,2016-03-10 11:00:00+00:00,-1,False,-126.655,-3.75588,33.7216,0.0918019,70.0556,2.66242,1.07427,-0.00678144,1.00678,0.457439,0.010481,0.319134,11,False,False,False,True
55739,2016-03-11 17:30:00+00:00,1,True,-61.5401,-1.87418,32.8358,0.0810625,69.8706,1.98936,0.802696,0.674673,0.674673,0.76187,0.0815793,4.80381,17,False,False,False,True
55781,2016-03-12 14:30:00+00:00,-1,False,14.4033,0.29808,48.3203,0.305729,69.8119,1.74878,0.70428,0.160286,0.839714,1.00578,0.177114,1.05899,14,False,False,False,True
55864,2016-03-14 08:00:00+00:00,-1,True,-53.1875,-1.81064,29.3749,0.0445083,69.6734,1.50029,0.604054,0.282294,0.717706,0.782815,0.0895908,0.688464,8,False,False,False,True
55921,2016-03-15 12:30:00+00:00,1,False,-11.7283,-0.382956,30.6259,0.0562814,69.6734,2.21878,0.893554,0.709129,0.709129,0.670314,0.052893,1.73811,12,False,False,False,True
55948,2016-03-16 02:00:00+00:00,-1,False,-8.6128,-0.322259,26.7264,0.0268198,69.6734,1.21666,0.489913,0.312092,0.687908,0.505199,0.0163101,-0.55573,2,False,False,False,True
56104,2016-03-19 08:00:00+00:00,1,True,-102.89,-2.40487,42.7842,0.227021,69.4482,2.31105,0.932494,0.897982,0.897982,0.820571,0.10682,-2.69541,8,False,False,False,True
56264,2016-03-22 16:00:00+00:00,1,False,6.06301,0.254846,23.7909,0.0150467,69.0568,1.93211,0.778004,0.653827,0.653827,0.436004,0.0089878,4.09009,16,False,False,False,True
56290,2016-03-23 05:00:00+00:00,-1,False,-41.7559,-1.64704,25.3521,0.0214788,68.9867,1.13711,0.457829,0.44282,0.55718,0.38854,0.00534099,-3.51392,5,False,False,False,True
56483,2016-03-27 05:30:00+00:00,1,False,233.924,11.1255,21.0259,0.00559943,68.4599,1.28887,0.520051,0.896486,0.896486,0.362227,0.0040201,1.71004,5,True,False,False,True
56531,2016-03-28 05:30:00+00:00,1,False,-61.9854,-1.84191,33.6527,0.105585,68.3201,1.75254,0.706463,0.397385,0.397385,0.771846,0.0967983,4.19785,5,False,False,False,True
56656,2016-03-30 20:00:00+00:00,1,False,31.0784,0.823468,37.7408,0.169734,68.0583,2.20061,0.888065,0.658464,0.658464,0.918149,0.155406,-2.40329,20,False,False,False,True
56733,2016-04-01 10:30:00+00:00,1,False,28.9653,0.858176,33.7521,0.108887,67.8499,1.71288,0.691139,0.556522,0.556522,0.616056,0.0462599,-0.466325,10,False,False,False,True
56853,2016-04-03 22:30:00+00:00,1,True,-47.3,-1.61257,29.332,0.0538693,67.5541,1.65394,0.667744,0.695332,0.695332,0.449408,0.0140991,0.943742,22,False,False,False,True
56930,2016-04-05 13:00:00+00:00,1,False,11.1137,0.348048,31.9317,0.0852261,67.3505,1.5139,0.611269,0.776552,0.776552,0.690661,0.0753482,2.6294,13,False,False,False,True
56997,2016-04-06 22:30:00+00:00,1,True,-45.0768,-1.7623,25.5785,0.0252405,67.172,1.62245,0.655766,0.551586,0.551586,0.551802,0.0323331,1.50129,22,False,False,False,True
57039,2016-04-07 19:30:00+00:00,-1,False,-57.3212,-2.12394,26.9882,0.035061,67.0568,1.69193,0.683815,0.359315,0.640685,0.66036,0.0667624,-0.175781,19,False,False,False,True
57150,2016-04-10 03:00:00+00:00,-1,False,-73.4833,-3.74743,19.609,0.00307251,66.7689,1.90497,0.769727,0.252716,0.747284,0.308662,0.00192391,1.80965,3,False,False,False,True
57194,2016-04-11 01:00:00+00:00,1,False,-20.9115,-1.02214,20.4586,0.00548457,66.6439,1.62513,0.656616,0.6992,0.6992,0.325082,0.00335966,1.96245,1,False,False,False,True
57246,2016-04-12 03:00:00+00:00,-1,False,-89.515,-3.60589,24.8246,0.0242067,66.4722,1.38448,0.559554,0.492415,0.507585,0.640606,0.0616511,-1.77602,3,False,False,False,True
57298,2016-04-13 05:00:00+00:00,-1,False,35.1833,1.61328,21.8086,0.0111414,66.3425,1.79098,0.723886,0.381647,0.618353,0.517573,0.0274228,-3.17006,5,False,False,False,True
57339,2016-04-14 01:30:00+00:00,1,False,-0.0460014,-0.00173734,26.4781,0.0362958,66.2097,2.39296,0.967267,0.720924,0.720924,0.349976,0.0051687,1.60066,1,False,False,False,True
57397,2016-04-15 06:30:00+00:00,-1,True,-46.2921,-1.89349,24.4481,0.0236037,66.0754,1.33188,0.53914,0.0569704,0.94303,0.400597,0.0102513,-0.4057,6,False,False,False,True
57522,2016-04-17 21:00:00+00:00,1,False,15.8333,0.444634,35.6098,0.159598,65.7613,2.6621,1.07778,0.5286,0.5286,0.904587,0.168385,0.0320772,21,False,False,False,True
57590,2016-04-19 07:00:00+00:00,1,False,32.3483,1.33277,24.2714,0.0233453,65.5954,1.68406,0.682092,0.806497,0.806497,0.36849,0.00769562,0.742879,7,False,False,False,True
57643,2016-04-20 09:30:00+00:00,1,False,154.028,4.43929,34.6965,0.147337,65.481,2.09466,0.848452,0.848312,0.848312,0.946658,0.189088,5.2631,9,False,False,False,True
57681,2016-04-21 04:30:00+00:00,1,False,60.2208,1.5267,39.4452,0.222139,65.3727,2.52887,1.02422,0.714231,0.714231,1.08124,0.253697,5.74327,4,False,False,False,True
57756,2016-04-22 18:00:00+00:00,1,True,-71.8151,-2.35755,30.4618,0.0818952,65.2523,2.18614,0.885166,1.11452,1.11452,0.589081,0.0502225,6.41316,18,False,False,False,True
57889,2016-04-25 12:30:00+00:00,-1,False,-168.472,-3.46792,48.5802,0.367839,65.0027,2.49348,1.00984,0.001348,0.998652,0.788472,0.124681,-2.86345,12,False,False,False,True
57926,2016-04-26 07:00:00+00:00,1,False,121.003,2.0909,57.8715,0.511701,64.9036,1.48899,0.602932,0.525449,0.525449,1.3515,0.369935,4.07375,7,False,False,False,True
57957,2016-04-26 22:30:00+00:00,-1,False,33.9889,0.770009,44.1409,0.295678,64.871,2.4434,0.989602,0.577503,0.422497,1.34746,0.369361,-4.73379,22,False,False,False,True
58070,2016-04-29 07:00:00+00:00,1,False,135.195,3.78149,35.7519,0.168557,64.6458,2.4535,0.996161,0.67916,0.67916,0.950377,0.195118,-2.26637,7,False,False,False,True
58161,2016-05-01 04:30:00+00:00,1,False,64.7882,1.75868,36.8392,0.18748,64.478,1.82815,0.742578,0.453272,0.453272,1.05894,0.249734,-2.23375,4,False,False,False,True
58204,2016-05-02 02:00:00+00:00,-1,False,225.694,6.52775,34.5746,0.150782,64.382,1.96576,0.798596,0.419619,0.580381,0.831217,0.144178,0.155328,2,False,False,False,True
58286,2016-05-03 19:00:00+00:00,1,False,10.1098,0.263366,38.3867,0.215018,64.1916,1.6383,0.665748,1.11697,1.11697,0.486987,0.0248959,0.831282,19,False,False,False,True
58337,2016-05-04 20:30:00+00:00,-1,False,-17.0951,-0.458733,37.266,0.197358,64.0988,1.77047,0.71957,0.247753,0.752247,0.698494,0.0916296,1.72831,20,False,False,False,True
58371,2016-05-05 13:30:00+00:00,1,False,36.8607,1.31485,28.034,0.0535822,64.0083,2.61746,1.06377,0.591352,0.591352,0.58438,0.0492749,-0.840695,13,False,False,False,True
58496,2016-05-08 04:00:00+00:00,1,False,-5.43638,-0.181648,29.928,0.0771572,63.7075,1.81532,0.73806,0.412999,0.412999,0.834519,0.149289,3.45959,4,False,False,False,True
58556,2016-05-09 10:00:00+00:00,1,False,104.541,4.63339,22.5625,0.0153051,63.5641,1.83194,0.744818,0.593571,0.593571,0.567071,0.0445944,1.85893,10,False,False,False,True
58656,2016-05-11 12:00:00+00:00,-1,False,29.1507,0.774973,37.6152,0.210481,63.4091,1.27313,0.517707,0.350319,0.649681,0.65693,0.0767265,1.47044,12,False,False,False,True
58699,2016-05-12 09:30:00+00:00,1,False,79.4902,3.143,25.2912,0.0304953,63.3413,2.78817,1.1334,0.432753,0.432753,1.05447,0.256281,-2.99264,9,False,False,False,True
58734,2016-05-13 03:00:00+00:00,-1,False,-24.382,-0.854325,28.5395,0.0614788,63.2672,2.14642,0.872367,0.564066,0.435934,1.19095,0.318823,0.0853902,3,False,False,False,True
58767,2016-05-13 19:30:00+00:00,1,False,-44.6382,-1.50306,29.6982,0.0777315,63.2606,1.80144,0.732476,0.809221,0.809221,0.540505,0.0374156,1.4375,19,False,False,False,True
58804,2016-05-14 14:00:00+00:00,-1,False,-20.8072,-0.898809,23.1497,0.0180905,63.2355,1.20615,0.490467,0.317599,0.682401,0.442007,0.0170567,-0.229237,14,False,False,False,True
58849,2016-05-15 12:30:00+00:00,1,False,12.0989,0.683142,17.7107,0.00206748,63.2355,1.84544,0.750487,0.582645,0.582645,0.34647,0.00582915,0.981712,12,False,False,False,True
58879,2016-05-16 03:30:00+00:00,1,True,-26.1869,-1.42991,18.3137,0.0028715,63.2355,1.28777,0.52403,0.755702,0.755702,0.334627,0.00485284,2.7874,3,False,False,False,True
58907,2016-05-16 17:30:00+00:00,-1,False,63.0853,2.52064,25.0275,0.0320747,63.2355,1.74946,0.711605,0.320083,0.679917,0.373916,0.00944724,-0.726733,17,False,False,False,True
59006,2016-05-18 19:00:00+00:00,-1,False,30.8604,1.32163,23.3503,0.0227997,63.2355,2.03512,0.828325,0.519493,0.480507,0.502299,0.0329074,0.199621,19,False,False,False,True
59145,2016-05-21 16:30:00+00:00,-1,False,-3.41697,-0.14794,23.097,0.021163,62.9806,1.61551,0.656824,0.509991,0.490009,1.05258,0.260187,4.25313,16,False,False,False,True
59291,2016-05-24 17:30:00+00:00,-1,False,-20.945,-0.946327,22.133,0.0168557,62.6201,2.0192,0.820955,0.587086,0.412914,0.610212,0.0684279,-1.92873,17,False,False,False,True
59347,2016-05-25 21:30:00+00:00,1,False,21.351,0.909695,23.4706,0.0268485,62.4768,2.54657,1.03491,0.543403,0.543403,0.431699,0.0192678,3.28431,21,False,False,False,True
59397,2016-05-26 22:30:00+00:00,1,False,520.792,20.0949,25.9166,0.0474085,62.3648,1.45734,0.592514,0.978465,0.978465,0.422549,0.0174874,4.94779,22,True,True,True,True
59435,2016-05-27 17:30:00+00:00,1,True,-120.522,-1.58613,75.9849,0.733841,62.3318,1.90756,0.775425,0.764797,0.764797,2.08013,0.60893,6.21436,17,False,False,False,False
59551,2016-05-30 03:30:00+00:00,1,False,57.9173,0.36367,159.258,0.965255,62.393,2.40302,0.976499,0.486949,0.486949,6.53271,0.946475,3.50654,3,False,False,False,False
59598,2016-05-31 03:00:00+00:00,1,False,-13.1324,-0.133146,98.6311,0.850108,62.4512,1.64618,0.668954,0.502212,0.502212,2.22396,0.638134,4.58047,3,False,False,False,False
59647,2016-06-01 03:30:00+00:00,-1,True,-158.569,-1.7281,91.7591,0.821335,62.4662,1.63849,0.665848,0.374977,0.625023,3.05003,0.770711,-2.42718,3,False,False,False,False
59685,2016-06-01 22:30:00+00:00,1,False,10.4845,0.191204,54.834,0.500732,62.4323,2.33396,0.948547,0.407317,0.407317,1.83264,0.547423,4.86346,22,False,False,False,True
59744,2016-06-03 04:00:00+00:00,-1,False,-667.867,-17.0461,39.1801,0.255305,62.283,2.02033,0.821547,0.419033,0.580967,1.30406,0.376138,-3.99074,4,False,False,False,True
59791,2016-06-04 03:30:00+00:00,1,False,20.394,0.312204,65.3228,0.63598,62.2385,1.57912,0.64208,0.551503,0.551503,1.62846,0.488557,8.09112,3,False,False,False,False
59868,2016-06-05 18:00:00+00:00,1,False,96.913,1.40303,69.0739,0.674573,62.2099,1.75238,0.712185,0.835678,0.835678,1.10477,0.290711,4.14095,18,False,False,False,False
59949,2016-06-07 10:30:00+00:00,1,False,-208.822,-5.10595,40.8977,0.281407,62.1768,2.41725,0.98279,0.629277,0.629277,1.37458,0.400747,6.5857,10,False,False,False,True
59992,2016-06-08 08:00:00+00:00,1,False,74.1291,1.85731,39.9122,0.266159,62.1888,1.77766,0.722622,0.459975,0.459975,0.816547,0.157358,0.677718,8,False,False,False,True
60027,2016-06-09 01:30:00+00:00,-1,False,58.4081,1.25265,46.6275,0.373008,62.1751,2.3058,0.937312,0.278596,0.721404,1.30158,0.374702,-1.13813,1,False,False,False,True
60073,2016-06-10 00:30:00+00:00,-1,True,-29.6772,-0.79208,37.4674,0.227997,62.0776,1.5351,0.624132,-0.0596748,1.05967,0.595771,0.0651256,1.1811,0,False,False,False,True
60158,2016-06-11 19:00:00+00:00,1,True,-48.6704,-1.37228,35.4669,0.19285,61.9069,1.30842,0.532014,0.628906,0.628906,0.739963,0.123589,2.73568,19,False,False,False,True
60204,2016-06-12 18:00:00+00:00,-1,False,-615.536,-7.09589,86.7454,0.799828,61.8878,1.98678,0.807933,0.453062,0.546938,3.41992,0.810912,-7.95087,18,False,False,False,False
60269,2016-06-14 02:30:00+00:00,-1,False,181.173,1.59746,113.413,0.901823,61.8878,1.77139,0.720521,0.393542,0.606458,3.47082,0.815047,-6.69869,2,False,False,False,False
60550,2016-06-19 23:00:00+00:00,1,False,-207.637,-2.95674,70.2251,0.688557,61.9291,1.34459,0.546577,0.69637,0.69637,1.23453,0.34682,4.24609,23,False,False,False,False
60656,2016-06-22 04:00:00+00:00,-1,False,391.395,2.30396,169.879,0.970194,62.0792,2.81344,1.14387,0.451206,0.548794,6.59207,0.947365,5.09679,4,False,False,False,False
60722,2016-06-23 13:00:00+00:00,-1,False,-939.282,-5.39215,174.194,0.971486,62.1422,2.50026,1.01613,0.436903,0.563097,6.08817,0.935937,8.36087,13,False,False,False,False
60846,2016-06-26 03:00:00+00:00,-1,False,594.085,5.7907,102.593,0.860503,62.1964,2.01269,0.817891,0.358378,0.641622,3.09865,0.770194,0.660002,3,False,True,False,False
60889,2016-06-27 00:30:00+00:00,-1,True,-230.394,-1.96277,117.382,0.903719,62.1964,1.85254,0.752861,0.0869883,0.913012,2.29434,0.650022,4.28539,0,False,False,False,False
60965,2016-06-28 14:30:00+00:00,-1,False,125.783,1.67285,75.191,0.723446,62.2777,2.2838,0.927944,-0.167668,1.16767,1.77282,0.528241,1.51863,14,False,False,False,False
61029,2016-06-29 22:30:00+00:00,-1,False,-299.141,-3.88439,77.011,0.736167,62.3667,1.68625,0.685149,0.586162,0.413838,1.90677,0.563848,1.64059,22,False,False,False,False
61080,2016-07-01 00:00:00+00:00,1,True,-90.6933,-1.31765,68.8293,0.667825,62.3557,1.82275,0.740224,0.713122,0.713122,1.57847,0.468198,4.82561,0,False,False,False,False
61268,2016-07-04 22:00:00+00:00,1,False,-123.707,-1.68927,73.2311,0.706016,62.4627,2.18033,0.885952,0.855267,0.855267,2.40138,0.667136,1.67996,22,False,False,False,False
61297,2016-07-05 12:30:00+00:00,1,False,-25.5655,-0.453578,56.364,0.524853,62.4233,2.70378,1.09872,0.60213,0.60213,1.40945,0.408643,1.03199,12,False,False,False,True
61334,2016-07-06 07:00:00+00:00,-1,False,-43.029,-0.958668,44.8842,0.346762,62.4296,1.72351,0.700374,0.614228,0.385772,2.14656,0.616281,-0.944824,7,False,False,False,True
61372,2016-07-07 02:00:00+00:00,1,True,-49.7702,-1.3424,37.0755,0.221823,62.3477,1.10783,0.45018,0.858199,0.858199,0.747324,0.126317,1.70459,2,False,False,False,True
61469,2016-07-09 02:30:00+00:00,-1,False,-2.71289,-0.0420334,64.5414,0.622168,62.5277,2.58492,1.04952,0.469935,0.530065,2.30716,0.648299,-0.295827,2,False,False,False,False
61508,2016-07-09 22:00:00+00:00,1,False,-126.783,-1.31086,96.7176,0.836123,62.6093,2.80466,1.13611,0.672361,0.672361,4.46808,0.874602,-0.518046,22,False,False,False,False
61626,2016-07-12 09:00:00+00:00,1,False,322.69,9.90166,32.5895,0.139239,62.6695,1.09996,0.446864,0.857381,0.857381,0.655454,0.0880689,0.205734,9,True,False,False,True
61705,2016-07-14 00:30:00+00:00,-1,False,-125.18,-1.97786,63.2906,0.606633,62.6698,2.77652,1.12457,0.116092,0.883908,1.36423,0.391041,0.0807591,0,False,False,False,False
61769,2016-07-15 08:30:00+00:00,-1,False,-88.0189,-2.48991,35.3502,0.190983,62.6533,1.9599,0.793746,0.598867,0.401133,1.10886,0.288385,-1.95334,8,False,False,False,True
61817,2016-07-16 08:30:00+00:00,1,False,-57.7701,-1.78741,32.3205,0.134501,62.5621,1.69318,0.685616,0.487467,0.487467,0.443816,0.022168,2.1606,8,False,False,False,True
61855,2016-07-17 03:30:00+00:00,1,False,251.333,7.86177,31.969,0.128787,62.5599,1.46038,0.591347,0.919887,0.919887,0.575984,0.0583489,1.35697,3,True,False,False,True
61904,2016-07-18 04:00:00+00:00,1,False,-117.758,-2.66411,44.2018,0.339785,62.5277,2.32899,0.942638,0.634203,0.634203,0.871662,0.183747,4.68682,4,False,False,False,True
61969,2016-07-19 12:30:00+00:00,1,True,-63.0446,-1.8343,34.3698,0.174932,62.5246,1.85296,0.749364,0.726347,0.726347,0.705846,0.110696,1.56049,12,False,False,False,True
62044,2016-07-21 02:00:00+00:00,-1,False,-9.36451,-0.300809,31.1311,0.115951,62.5246,1.92685,0.779636,0.0299578,0.970042,0.692731,0.105097,2.98766,2,False,False,False,True
62177,2016-07-23 20:30:00+00:00,1,False,13.3627,0.399872,33.4173,0.158105,62.4636,1.61315,0.652906,0.643891,0.643891,0.442313,0.021967,-2.60618,20,False,False,False,True
62241,2016-07-25 04:30:00+00:00,1,False,-100.545,-2.93008,34.3147,0.177516,62.3626,1.59971,0.647664,0.612095,0.612095,0.616266,0.0748026,0.996288,4,False,False,False,True
62283,2016-07-26 01:30:00+00:00,1,False,-60.791,-1.99932,30.4058,0.106016,62.3353,1.78872,0.724484,0.71008,0.71008,0.490001,0.0337688,-0.72573,1,False,False,False,True
62358,2016-07-27 15:00:00+00:00,1,False,62.2983,1.51656,41.0786,0.300302,62.2987,1.49078,0.602894,0.796312,0.796312,1.0132,0.246834,0.0249754,15,False,False,False,True
62393,2016-07-28 08:30:00+00:00,-1,False,-45.4257,-1.32458,34.2945,0.178004,62.2031,1.93335,0.782742,0.0839363,0.916064,0.560859,0.0540991,0.804672,8,False,False,False,True
62430,2016-07-29 03:00:00+00:00,-1,False,-20.2674,-0.636117,31.8611,0.130854,62.1556,1.51766,0.614541,0.328486,0.671514,0.651892,0.0896195,0.580287,3,False,False,False,True
62484,2016-07-30 06:00:00+00:00,1,False,-37.4839,-1.20256,31.1701,0.120115,62.0926,1.3148,0.532508,0.577704,0.577704,0.607108,0.0734243,0.680245,6,False,False,False,True
62553,2016-07-31 16:30:00+00:00,-1,False,161.851,3.41013,47.4617,0.405887,61.9828,2.21687,0.897956,0.258057,0.741943,1.25862,0.355721,5.87148,16,False,False,False,True
62594,2016-08-01 13:00:00+00:00,-1,False,228.181,3.89074,58.647,0.564537,61.9828,2.69465,1.09114,0.590075,0.409925,1.16671,0.318449,4.76159,13,False,False,False,True
62716,2016-08-04 02:00:00+00:00,1,True,-99.4143,-0.954804,104.12,0.861766,62.1796,1.04853,0.42404,0.880036,0.880036,2.43314,0.670007,-3.64746,2,False,False,False,False
62744,2016-08-04 16:00:00+00:00,-1,True,-214.631,-2.3814,90.1278,0.805427,62.2568,2.29109,0.927297,0.329014,0.670986,2.36007,0.657545,3.26136,16,False,False,False,False
62778,2016-08-05 09:00:00+00:00,1,False,102.988,1.20764,85.2804,0.779383,62.3667,1.91167,0.772723,0.389806,0.389806,2.79771,0.726231,-2.80924,9,False,False,False,False
62809,2016-08-06 00:30:00+00:00,-1,True,-83.534,-1.78916,46.6888,0.390811,62.3837,1.87175,0.757571,0.362491,0.637509,1.34861,0.387653,2.60733,0,False,False,False,True
62946,2016-08-08 21:00:00+00:00,1,False,-99.7363,-2.47949,40.2245,0.288126,62.3939,1.81362,0.732972,1.02604,1.02604,0.493247,0.0351184,3.11351,21,False,False,False,True
62987,2016-08-09 17:30:00+00:00,-1,False,-11.672,-0.231603,50.3968,0.447609,62.3939,1.23888,0.500693,0.0282947,0.971705,1.15871,0.311443,0.816691,17,False,False,False,True
63065,2016-08-11 08:30:00+00:00,-1,True,-58.0585,-1.26685,45.8291,0.373352,62.3939,1.35809,0.548629,0.248801,0.751199,0.859619,0.181823,-1.16252,8,False,False,False,True
63149,2016-08-13 02:30:00+00:00,-1,True,-75.0201,-2.11453,35.4784,0.203331,62.2987,1.19482,0.482403,-0.0827802,1.08278,0.674509,0.101077,2.44293,2,False,False,False,True
63192,2016-08-14 00:00:00+00:00,-1,False,203.726,5.65004,36.0574,0.215506,62.1683,1.85359,0.748379,0.312475,0.687525,1.08985,0.283676,1.67779,0,False,False,False,True
63245,2016-08-15 02:30:00+00:00,-1,False,45.2814,0.764317,59.2443,0.570194,62.0496,1.71839,0.693689,0.603665,0.396335,1.32172,0.377631,4.20424,2,False,False,False,True
63360,2016-08-17 12:00:00+00:00,-1,False,56.169,1.53238,36.6547,0.227337,61.7568,2.1666,0.874877,0.570212,0.429788,1.22992,0.342197,-0.42759,12,False,False,False,True
63386,2016-08-18 01:00:00+00:00,-1,False,-52.1673,-1.55134,33.6272,0.166059,61.6676,1.64251,0.663157,0.593379,0.406621,1.07516,0.277904,1.69783,1,False,False,False,True
63492,2016-08-20 06:00:00+00:00,1,True,-15.1646,-0.508144,29.843,0.098636,61.3724,1.38749,0.561401,0.730555,0.730555,0.669401,0.0999569,-0.0386028,6,False,False,False,True
63550,2016-08-21 11:00:00+00:00,-1,False,27.6177,0.948836,29.1069,0.0866332,61.2036,2.24069,0.906897,0.50244,0.49756,0.813291,0.166001,-2.80225,11,False,False,False,True
63589,2016-08-22 06:30:00+00:00,1,True,-33.229,-1.38272,24.0316,0.0314429,61.0906,0.87202,0.353105,0.594844,0.594844,0.647736,0.0919454,1.17872,6,False,False,False,True
63676,2016-08-24 02:00:00+00:00,-1,False,31.235,1.01007,30.9235,0.119885,60.8805,1.52329,0.617017,0.238238,0.761762,0.550608,0.0533812,-0.299917,2,False,False,False,True
63720,2016-08-25 00:00:00+00:00,-1,False,47.627,1.59012,29.9518,0.103403,60.8299,1.92491,0.779693,0.311343,0.688657,0.633853,0.08715,0.744494,0,False,False,False,True
63755,2016-08-25 17:30:00+00:00,1,False,-4.47916,-0.146713,30.53,0.114085,60.8299,1.63776,0.663427,1.00828,1.00828,0.576032,0.0636324,-0.8415,17,False,False,False,True
63844,2016-08-27 14:00:00+00:00,-1,False,81.0654,3.01507,26.8867,0.0599282,60.8299,1.61675,0.65671,0.0812411,0.918759,0.478251,0.0325054,2.44535,14,False,False,False,True
63934,2016-08-29 11:00:00+00:00,1,True,-39.8432,-1.61228,24.7124,0.0379612,60.8299,1.40995,0.572975,0.622455,0.622455,0.453381,0.0259296,0.463271,11,False,False,False,True
64033,2016-08-31 12:30:00+00:00,-1,False,-33.8987,-1.2879,26.3209,0.0551041,60.6897,1.50996,0.614315,0.25033,0.74967,0.639922,0.0925485,1.57237,12,False,False,False,True
64079,2016-09-01 11:30:00+00:00,1,False,2.53897,0.0919999,27.5975,0.0731371,60.5542,2.566,1.04339,0.508633,0.508633,0.92392,0.221766,-1.29327,11,False,False,False,True
64176,2016-09-03 12:00:00+00:00,-1,False,-394.424,-14.574,27.0636,0.0669634,60.4835,2.41393,0.981881,0.159117,0.840883,0.535942,0.0516009,0.478731,12,False,False,False,True
64218,2016-09-04 09:00:00+00:00,1,False,127.009,3.33268,38.1101,0.276296,60.4078,1.81945,0.740543,0.482456,0.482456,0.637874,0.0947308,7.52723,9,False,False,False,True
64258,2016-09-05 05:00:00+00:00,-1,False,6.59113,0.12982,50.7712,0.477272,60.4078,2.35908,0.960322,0.34561,0.65439,0.93154,0.22771,-5.33981,5,False,False,False,True
64311,2016-09-06 07:30:00+00:00,1,False,53.4553,1.73179,30.8671,0.130395,60.4357,1.48622,0.605124,0.618611,0.618611,0.945648,0.233683,5.98874,7,False,False,False,True
64351,2016-09-07 03:30:00+00:00,-1,False,-74.7368,-2.43897,30.6428,0.126748,60.4357,1.41164,0.574829,0.461628,0.538372,0.559243,0.0610481,-5.62885,3,False,False,False,True
64536,2016-09-11 00:00:00+00:00,-1,False,-34.2769,-1.38884,24.6803,0.0404307,60.1929,1.46,0.595974,0.31912,0.68088,0.586336,0.0732807,-2.97686,0,False,False,False,True
64567,2016-09-11 15:30:00+00:00,-1,False,251.208,10.1392,24.776,0.0421823,60.1801,1.85571,0.757507,0.498261,0.501739,0.693164,0.123704,-2.41323,15,True,False,False,True
64619,2016-09-12 17:30:00+00:00,-1,False,-35.7007,-0.944705,37.7903,0.27664,60.2037,1.49314,0.609947,0.199724,0.800276,0.573773,0.0684279,4.14814,17,False,False,False,True
64654,2016-09-13 11:00:00+00:00,1,False,18.762,0.511757,36.6619,0.254358,60.2037,2.18746,0.893604,0.383842,0.383842,0.944374,0.238277,-2.52967,11,False,False,False,True
64690,2016-09-14 05:00:00+00:00,1,False,-14.8506,-0.426715,34.8021,0.217143,60.2037,1.5706,0.642024,0.837337,0.837337,0.580906,0.0714429,-0.539204,5,False,False,False,True
64728,2016-09-15 00:00:00+00:00,-1,False,8.14708,0.307257,26.5155,0.0618521,60.2037,1.97091,0.806263,0.317383,0.682617,0.541208,0.0552477,0.853165,0,False,False,False,True
64806,2016-09-16 15:00:00+00:00,-1,False,3.89562,0.157099,24.7972,0.0438191,60.1766,1.57958,0.647026,0.56901,0.43099,0.571389,0.0699497,0.439852,15,False,False,False,True
64875,2016-09-18 01:30:00+00:00,-1,True,-43.0279,-1.62894,26.4147,0.0628284,60.0349,1.3641,0.559204,0.199227,0.800773,0.572609,0.0707538,2.65833,1,False,False,False,True
64933,2016-09-19 06:30:00+00:00,-1,False,12.1025,0.523869,23.1021,0.0271357,59.8728,1.75109,0.717852,0.450543,0.549457,0.413879,0.0184637,-1.03588,6,False,False,False,True
65010,2016-09-20 21:00:00+00:00,1,False,-190.512,-7.75927,24.5528,0.044336,59.6298,1.67754,0.688843,0.576167,0.576167,0.353753,0.00870065,-0.00992649,21,False,False,False,True
65055,2016-09-21 19:30:00+00:00,1,False,16.2121,0.686794,23.6055,0.0335104,59.4975,1.51908,0.623945,0.248624,0.248624,0.542732,0.0605312,-6.49713,19,False,False,False,True
65083,2016-09-22 09:30:00+00:00,1,False,-42.5934,-1.76253,24.166,0.0402297,59.4133,2.36817,0.972701,0.742646,0.742646,0.45492,0.0314142,-3.67269,9,False,False,False,True
65118,2016-09-23 03:00:00+00:00,1,False,79.2105,2.86876,27.6114,0.0860014,59.346,1.64977,0.678269,0.485706,0.485706,0.50563,0.0488729,-2.68946,3,False,False,False,True
65181,2016-09-24 10:30:00+00:00,-1,False,8.97601,0.372289,24.1103,0.0401436,59.1957,2.14616,0.883473,0.341622,0.658378,0.578311,0.0789663,-1.10514,10,False,False,False,True
65233,2016-09-25 12:30:00+00:00,-1,False,48.7438,2.32172,20.9946,0.012692,59.0477,1.56129,0.642672,0.419467,0.580533,0.386242,0.0149318,-0.803661,12,False,False,False,True
65272,2016-09-26 08:00:00+00:00,1,False,78.5766,2.5175,31.2122,0.157014,58.9556,1.54999,0.638861,0.835562,0.835562,0.454335,0.0331371,0.018853,8,False,False,False,True
65321,2016-09-27 08:30:00+00:00,1,True,-31.8434,-1.20052,26.5247,0.0716726,58.8625,1.38546,0.57065,0.490922,0.490922,0.993705,0.27733,1.77999,8,False,False,False,True
65359,2016-09-28 03:30:00+00:00,1,False,-5.49759,-0.170479,32.2478,0.178464,58.8054,1.56514,0.644297,0.484122,0.484122,0.698221,0.140187,1.11969,3,False,False,False,True
65390,2016-09-28 19:00:00+00:00,1,False,-7.15417,-0.330544,21.6436,0.0174874,58.6969,1.33209,0.549052,0.493,0.493,0.414223,0.0212204,0.834667,19,False,False,False,True
65481,2016-09-30 16:30:00+00:00,-1,False,-87.8099,-3.65176,24.0459,0.0417803,58.4601,1.80096,0.74342,0.604594,0.395406,0.505169,0.0527495,-0.981672,16,False,False,False,True
65629,2016-10-03 18:30:00+00:00,1,False,-85.8855,-4.64323,18.4969,0.00548457,58.0016,2.21374,0.913203,0.734092,0.734092,0.337161,0.0074659,2.05619,18,False,False,False,True
65694,2016-10-05 03:00:00+00:00,-1,False,-80.3665,-3.85473,20.8488,0.0147882,57.8183,1.32784,0.548637,0.243602,0.756398,0.2752,0.00169419,1.05256,3,False,False,False,True
65733,2016-10-05 22:30:00+00:00,1,True,-34.9592,-1.56773,22.2993,0.0272793,57.7487,1.46064,0.603503,0.602287,0.602287,0.559572,0.0776741,1.82019,22,False,False,False,True
65777,2016-10-06 20:30:00+00:00,-1,False,-50.9634,-3.05634,16.6746,0.00175162,57.6494,1.96892,0.813912,0.186856,0.813144,0.3443,0.00938981,-0.41494,20,False,False,False,True
65956,2016-10-10 14:00:00+00:00,1,False,22.4806,0.792878,28.3531,0.115147,57.3044,2.13344,0.883803,0.635357,0.635357,0.427918,0.0296913,1.26461,14,False,False,False,True
66028,2016-10-12 02:00:00+00:00,-1,False,-12.8589,-0.324597,39.615,0.345154,57.1477,2.38853,0.991086,0.372734,0.627266,0.951674,0.273798,-6.15585,2,False,False,False,True
66062,2016-10-12 19:00:00+00:00,1,False,-34.5152,-1.7769,19.4244,0.0105384,57.0645,1.04302,0.432825,0.4889,0.4889,0.261759,0.00117732,9.39648,19,False,False,False,True
66115,2016-10-13 21:30:00+00:00,1,True,-48.7892,-1.69452,28.7923,0.12514,56.9384,2.04959,0.850903,0.648321,0.648321,0.678652,0.143747,3.46677,21,False,False,False,True
66155,2016-10-14 17:30:00+00:00,1,False,13.0562,0.392304,33.2809,0.221938,56.8236,1.88799,0.78405,0.828508,0.828508,0.674764,0.142111,2.67193,17,False,False,False,True
66263,2016-10-16 23:30:00+00:00,-1,False,32.4262,1.24767,25.9894,0.078392,56.6005,1.43515,0.596227,0.394621,0.605379,0.464515,0.0432448,-1.45195,23,False,False,False,True
66305,2016-10-17 20:30:00+00:00,1,False,-23.9956,-0.844227,28.4231,0.119684,56.4795,2.03518,0.846052,0.56149,0.56149,0.583061,0.095219,0.179208,20,False,False,False,True
66422,2016-10-20 07:00:00+00:00,1,True,-44.3644,-1.83019,24.2404,0.0549605,56.2935,1.63091,0.678693,0.566221,0.566221,0.587603,0.0978033,-3.77622,7,False,False,False,True
66508,2016-10-22 02:00:00+00:00,1,False,150.67,10.3749,14.5225,0.00028715,56.1215,2.54506,1.05963,0.653095,0.653095,0.547546,0.0787653,-0.353764,2,True,False,False,True
66565,2016-10-23 06:30:00+00:00,1,False,-79.2881,-2.05448,38.5927,0.343345,55.9968,2.34277,0.975411,0.606076,0.606076,1.0764,0.344867,6.62313,6,False,False,False,True
66598,2016-10-23 23:00:00+00:00,1,True,-35.639,-1.10684,32.1988,0.206576,55.9245,1.09722,0.457157,0.772526,0.772526,0.670823,0.145528,4.87374,23,False,False,False,True
66675,2016-10-25 13:30:00+00:00,1,False,25.6279,0.857354,29.8918,0.155434,55.7556,2.04338,0.85151,0.630627,0.630627,0.567288,0.089677,3.18048,13,False,False,False,True
66812,2016-10-28 10:00:00+00:00,1,False,20.2533,0.506821,39.9614,0.369907,55.3942,2.45836,1.02198,0.778423,0.778423,0.840817,0.2371,6.48987,10,False,False,False,True
66838,2016-10-28 23:00:00+00:00,1,False,230.152,6.90304,33.3407,0.235205,55.3286,2.54144,1.05714,0.592811,0.592811,0.647794,0.133697,6.23288,23,False,False,False,True
66867,2016-10-29 13:30:00+00:00,1,False,-51.5149,-1.01311,50.8486,0.54234,55.2619,2.37785,0.987921,0.86739,0.86739,1.24622,0.421278,6.99898,13,False,False,False,True
66960,2016-10-31 12:00:00+00:00,-1,False,-110.134,-1.73684,63.4106,0.686805,55.2012,2.02857,0.842649,0.602875,0.397125,1.65951,0.560316,-0.791992,12,False,False,False,False
67063,2016-11-02 15:30:00+00:00,-1,False,-307.006,-6.71119,45.7453,0.462915,55.0682,1.04739,0.435132,0.337128,0.662872,0.895253,0.26257,-3.94376,15,False,False,False,True
67158,2016-11-04 15:00:00+00:00,-1,False,-90.6223,-1.23769,73.2188,0.769419,54.9844,1.6974,0.705175,0.262086,0.737914,2.00639,0.642785,2.72557,15,False,False,False,False
67201,2016-11-05 12:30:00+00:00,-1,False,-5.14225,-0.136553,37.6576,0.331055,54.9216,2.50822,1.04209,0.559923,0.440077,0.906118,0.268801,1.69037,12,False,False,False,True
67231,2016-11-06 03:30:00+00:00,1,True,-103.758,-2.97166,34.916,0.27374,54.8469,1.28679,0.534937,1.46983,1.46983,0.983101,0.306447,1.56276,3,False,False,False,True
67296,2016-11-07 12:00:00+00:00,-1,False,-39.5799,-0.824225,48.0207,0.503345,54.7561,2.11843,0.880661,0.372064,0.627936,1.08668,0.355118,0.932237,12,False,False,False,True
67481,2016-11-11 08:30:00+00:00,1,False,5.49524,0.222072,24.7453,0.0657574,54.518,2.0041,0.833809,0.950224,0.950224,0.588452,0.100991,1.09565,8,False,False,False,True
67561,2016-11-13 00:30:00+00:00,-1,False,143.012,5.28868,27.0411,0.10257,54.3447,2.10601,0.877367,-0.0795837,1.07958,0.644755,0.132376,6.01109,0,False,False,False,True
67618,2016-11-14 05:00:00+00:00,1,True,-44.6237,-1.61022,27.7128,0.115693,54.1943,2.06446,0.860159,0.887994,0.887994,0.79216,0.215506,-1.20158,5,False,False,False,True
67684,2016-11-15 14:00:00+00:00,1,True,-41.5153,-1.80088,23.0528,0.0450826,54.0213,1.37946,0.574619,1.25397,1.25397,0.548142,0.0804594,5.16288,14,False,False,False,True
67713,2016-11-16 04:30:00+00:00,1,False,272.708,10.7549,25.3567,0.0783345,53.9499,2.37117,0.987835,0.453521,0.453521,1.31396,0.456281,2.63393,4,True,False,False,True
67883,2016-11-19 17:30:00+00:00,1,False,55.5583,1.39821,39.7353,0.381163,53.5764,2.40886,1.00365,0.510491,0.510491,1.29988,0.453094,3.82448,17,False,False,False,True
67914,2016-11-20 09:00:00+00:00,-1,False,352.898,19.4176,18.1742,0.00815506,53.5124,1.84413,0.768394,0.449179,0.550821,0.617411,0.118421,-8.30389,9,True,False,True,True
67962,2016-11-21 09:00:00+00:00,1,False,27.8669,0.874967,31.8491,0.209361,53.4621,2.64047,1.10018,1.12812,1.12812,0.795867,0.220043,-2.01602,9,False,False,False,True
67988,2016-11-21 22:00:00+00:00,-1,False,-46.7307,-1.65323,28.2663,0.129361,53.4014,2.36118,0.983809,0.537887,0.462113,1.08934,0.364365,0.471635,22,False,False,False,True
68067,2016-11-23 13:30:00+00:00,1,False,-14.8478,-0.321116,46.2382,0.492376,53.2648,2.45365,1.02247,0.462457,0.462457,1.45089,0.508514,0.428364,13,False,False,False,True
68176,2016-11-25 20:00:00+00:00,1,False,10.1084,0.474016,21.3251,0.0268485,53.0219,1.75163,0.729932,0.500164,0.500164,0.416801,0.0273367,-1.76578,20,False,False,False,True
68270,2016-11-27 19:00:00+00:00,-1,False,30.6111,0.917205,33.3743,0.252434,52.8273,1.58838,0.661646,0.373396,0.626604,1.3401,0.474889,1.6727,19,False,False,False,True
68300,2016-11-28 10:00:00+00:00,1,False,36.871,0.942837,39.1064,0.380445,52.7646,1.72003,0.716653,0.639381,0.639381,0.609669,0.114803,-0.934638,10,False,False,False,True
68327,2016-11-28 23:30:00+00:00,1,False,1.44657,0.0786191,18.3997,0.00982053,52.7068,2.10412,0.876682,0.560049,0.560049,0.50363,0.0613065,-0.0509103,23,False,False,False,True
68510,2016-12-02 19:00:00+00:00,-1,False,164.013,4.22964,38.777,0.379957,52.4079,2.64091,1.09851,0.0851669,0.914833,0.692734,0.165973,-6.4829,19,False,False,False,True
68591,2016-12-04 11:30:00+00:00,1,True,-24.8812,-1.21698,20.4451,0.022771,52.2967,1.28556,0.534976,0.905431,0.905431,0.433487,0.0338837,3.32678,11,False,False,False,True
68621,2016-12-05 02:30:00+00:00,-1,False,77.2106,3.13329,24.642,0.0746016,52.2744,2.2157,0.92296,0.308544,0.691456,0.778603,0.217286,-0.813248,2,False,False,False,True
68718,2016-12-07 03:00:00+00:00,-1,False,-108.963,-4.40215,24.7522,0.0768701,52.2342,2.26285,0.939966,0.478251,0.521749,0.956454,0.307509,-1.07435,3,False,False,False,True
68760,2016-12-08 00:00:00+00:00,-1,True,-71.8804,-2.99775,23.9781,0.0640345,52.1644,2.15077,0.89318,0.324951,0.675049,1.21362,0.428514,-3.56768,0,False,False,False,True
68790,2016-12-08 15:00:00+00:00,-1,False,9.71316,0.23978,40.5086,0.416109,52.095,2.45251,1.01862,0.496451,0.503549,0.93564,0.298004,-2.60286,15,False,False,False,True
68878,2016-12-10 11:00:00+00:00,1,False,-0.206695,-0.0102823,20.1021,0.021163,51.926,2.44896,1.01664,0.669257,0.669257,0.352681,0.0134386,3.9001,11,False,False,False,True
68942,2016-12-11 19:00:00+00:00,1,False,10.4738,0.41246,25.3936,0.0904523,51.7965,1.17706,0.48845,0.717116,0.717116,0.490141,0.0577172,0.971411,19,False,False,False,True
68996,2016-12-12 22:00:00+00:00,1,True,-35.4686,-2.07169,17.1206,0.00743719,51.7332,1.8924,0.785296,0.550048,0.550048,0.264633,0.00163676,5.7267,22,False,False,False,True
69075,2016-12-14 13:30:00+00:00,1,True,-53.668,-2.34205,22.915,0.0533238,51.5614,2.0339,0.843038,1.26897,1.26897,0.409234,0.0271357,3.59456,13,False,False,False,True
69105,2016-12-15 04:30:00+00:00,-1,False,-24.0626,-1.04696,22.9833,0.0540991,51.5153,2.44934,1.0142,0.394224,0.605776,0.658402,0.150179,-0.651906,4,False,False,False,True
69132,2016-12-15 18:00:00+00:00,1,True,-35.7044,-1.86275,19.1676,0.0173726,51.4621,1.83648,0.760865,0.69433,0.69433,0.29634,0.00387653,1.78066,18,False,False,False,True
69320,2016-12-19 16:00:00+00:00,1,False,-22.3481,-0.853499,26.1841,0.111874,51.0492,1.91463,0.793157,0.321271,0.321271,0.772775,0.222943,2.02481,16,False,False,False,True
69349,2016-12-20 06:30:00+00:00,1,True,-57.7864,-2.75533,20.9726,0.0341134,51.003,2.00605,0.831209,0.946043,0.946043,0.426821,0.0355492,2.81906,6,False,False,False,True
69573,2016-12-24 22:30:00+00:00,-1,False,298.448,7.91239,37.719,0.382513,50.7878,2.06529,0.854282,0.421353,0.578647,1.8195,0.633223,-6.93765,22,True,False,False,True
69896,2016-12-31 16:00:00+00:00,1,False,58.1152,1.75802,33.0571,0.271529,50.2721,2.2921,0.945933,0.7694,0.7694,0.944703,0.314257,3.26836,16,False,False,False,True
69969,2017-01-02 04:30:00+00:00,1,False,174.222,5.65318,30.8184,0.216827,50.2593,2.60824,1.07494,0.774277,0.774277,1.37902,0.504121,12.9143,4,False,False,False,True
70052,2017-01-03 22:00:00+00:00,1,False,548.935,17.0883,32.1235,0.24893,50.198,1.61827,0.66694,0.747327,0.747327,0.750298,0.211859,8.26798,22,True,True,True,True
70193,2017-01-06 20:30:00+00:00,-1,False,623.289,3.18268,195.838,0.982543,50.3047,2.22446,0.915708,0.129393,0.870607,5.03742,0.922273,6.64489,20,False,True,False,False
70245,2017-01-07 22:30:00+00:00,1,False,283.718,2.00841,141.265,0.956308,50.3911,2.0498,0.843807,0.770662,0.770662,4.19194,0.888184,-3.84304,22,False,False,False,False
70298,2017-01-09 01:00:00+00:00,-1,False,-168.755,-1.4531,116.135,0.928853,50.4423,1.67285,0.688593,-0.0988485,1.09885,2.8703,0.796518,4.35579,1,False,False,False,False
70362,2017-01-10 09:00:00+00:00,1,False,45.8943,0.636354,72.1206,0.797289,50.4439,2.42798,0.999489,0.579949,0.579949,1.95178,0.657877,-2.17105,9,False,False,False,False
70537,2017-01-14 00:30:00+00:00,1,True,-142.474,-1.50022,94.9686,0.879623,50.4016,1.44372,0.594466,0.868135,0.868135,1.97347,0.663099,-0.305671,0,False,False,False,False
70605,2017-01-15 10:30:00+00:00,1,True,-144.578,-2.75186,52.5383,0.629937,50.3801,2.05298,0.846412,0.886582,0.886582,1.42392,0.517095,-1.30809,10,False,False,False,False
70681,2017-01-17 00:30:00+00:00,1,False,595.777,16.0653,37.0847,0.370348,50.2406,2.30487,0.950259,0.865647,0.865647,0.602999,0.121404,1.75135,0,True,True,True,True
70794,2017-01-19 09:00:00+00:00,1,False,142.271,2.3431,60.7192,0.72032,50.2333,2.41255,0.994521,0.920458,0.920458,2.0444,0.679138,5.36688,9,False,False,False,False
70862,2017-01-20 19:00:00+00:00,-1,False,-251.126,-6.59269,38.0916,0.394321,50.1191,2.0795,0.857147,0.595876,0.404124,1.94733,0.660616,-4.35733,19,False,False,False,True
71013,2017-01-23 22:30:00+00:00,1,False,-199.865,-5.5635,35.9243,0.345576,49.9357,2.66802,1.09954,0.620343,0.620343,0.930982,0.30762,3.11872,22,False,False,False,True
71059,2017-01-24 21:30:00+00:00,-1,False,99.5942,2.2693,43.8875,0.497974,49.9099,2.22877,0.918672,0.221615,0.778385,1.40434,0.514726,2.13233,21,False,False,False,True
71160,2017-01-27 00:00:00+00:00,1,False,12.8152,0.493435,25.9713,0.111073,49.7451,2.11285,0.870741,0.528298,0.528298,0.873212,0.278339,4.18222,0,False,False,False,True
71211,2017-01-28 01:30:00+00:00,1,True,-52.2672,-2.23113,23.4263,0.0670947,49.656,2.07336,0.85453,0.606559,0.606559,0.630607,0.138328,4.7717,1,False,False,False,True
71249,2017-01-28 20:30:00+00:00,1,False,-8.80932,-0.429255,20.5223,0.0315354,49.5738,2.58356,1.06491,0.772127,0.772127,0.49797,0.0664384,3.14983,20,False,False,False,True
71275,2017-01-29 09:30:00+00:00,-1,False,63.0494,4.51297,13.9707,0.00313927,49.5181,1.32487,0.546298,0.360378,0.639622,0.328152,0.00961758,-3.48766,9,False,False,False,True
71560,2017-02-04 08:00:00+00:00,1,True,-98.6422,-2.37569,41.5214,0.469492,49.0892,2.42857,1.00113,0.589715,0.589715,1.5282,0.564355,6.72418,8,False,False,False,True
71680,2017-02-06 20:00:00+00:00,1,False,221.225,6.25036,35.394,0.340896,48.9321,2.1674,0.893223,0.490964,0.490964,1.27219,0.474829,3.34882,20,False,False,False,True
71730,2017-02-07 21:00:00+00:00,1,False,-176.122,-6.45949,27.2656,0.141296,48.8567,2.02794,0.83581,0.522764,0.522764,0.827262,0.259389,9.52676,21,False,False,False,True
71890,2017-02-11 05:00:00+00:00,1,False,47.4989,0.704223,67.4487,0.799658,48.7881,1.98357,0.81721,0.825746,0.825746,2.06586,0.69843,-0.692757,5,False,False,False,False
71926,2017-02-11 23:00:00+00:00,-1,False,83.8113,1.85288,45.233,0.5371,48.806,2.15902,0.889769,0.739079,0.260921,1.10644,0.402255,-1.0149,23,False,False,False,True
71955,2017-02-12 13:30:00+00:00,-1,False,-21.078,-0.699162,30.1475,0.20762,48.7809,2.11693,0.872423,0.16339,0.83661,0.900444,0.297574,2.31276,13,False,False,False,True
72091,2017-02-15 09:30:00+00:00,1,False,22.8386,0.621411,36.7528,0.377026,48.5737,2.48965,1.02644,0.823615,0.823615,0.771456,0.228082,1.50903,9,False,False,False,True
72149,2017-02-16 14:30:00+00:00,1,False,95.9933,2.75728,34.8145,0.330622,48.471,1.58078,0.652097,0.785474,0.785474,0.587532,0.115554,4.06773,14,False,False,False,True
72314,2017-02-20 01:00:00+00:00,-1,False,-106.81,-2.64325,40.4084,0.456849,48.2236,2.40604,0.99157,0.41855,0.58145,0.786893,0.238299,-1.1332,1,False,False,False,True
72346,2017-02-20 17:00:00+00:00,1,False,183.104,4.76902,38.3944,0.417979,48.1995,1.86179,0.767274,0.833138,0.833138,1.10088,0.405194,3.67325,17,False,False,False,True
72453,2017-02-22 22:30:00+00:00,-1,True,-125.418,-2.20548,56.8666,0.719378,48.2189,2.49126,1.02581,0.410442,0.589558,2.16985,0.721033,-6.23307,22,False,False,False,False
72611,2017-02-26 05:30:00+00:00,1,False,193.333,2.64775,73.0179,0.840126,48.3692,2.1313,0.878076,0.858628,0.858628,2.06054,0.700257,0.806727,5,False,False,False,False
72670,2017-02-27 11:00:00+00:00,1,True,-112.994,-2.02323,55.8481,0.705194,48.3692,2.13661,0.880769,0.685406,0.685406,1.09943,0.402939,3.71989,11,False,False,False,False
72729,2017-02-28 16:30:00+00:00,1,False,33.6266,0.699635,48.0631,0.594635,48.3888,2.30769,0.951202,0.48794,0.48794,1.25935,0.473602,2.41678,16,False,False,False,True
72792,2017-03-02 00:00:00+00:00,1,True,-100.114,-2.50952,39.8937,0.445148,48.2836,2.18292,0.900876,0.913896,0.913896,0.972778,0.339298,7.59189,0,False,False,False,True
72894,2017-03-04 03:00:00+00:00,-1,False,239.661,4.03692,59.3674,0.747003,48.2276,2.17907,0.901345,0.642086,0.357914,2.21188,0.72871,-5.63533,3,False,False,False,False
72984,2017-03-06 00:00:00+00:00,1,True,-75.3161,-1.68305,44.7497,0.536187,48.1334,1.5711,0.64978,1.08201,1.08201,0.862246,0.279795,3.77726,0,False,False,False,True
73036,2017-03-07 02:00:00+00:00,-1,False,353.576,13.7615,25.6931,0.112215,48.0726,1.52276,0.629477,0.564998,0.435002,0.331734,0.0104452,-5.10469,2,True,False,False,True
73189,2017-03-10 06:30:00+00:00,-1,True,-160.08,-2.95796,54.1186,0.688984,48.0997,1.85703,0.766745,0.0515217,0.948478,1.44621,0.544578,3.40861,6,False,False,False,False
73272,2017-03-12 00:00:00+00:00,1,False,-13.0742,-0.135401,96.5598,0.918037,48.1421,1.85815,0.767211,0.485849,0.485849,2.10153,0.707991,-1.51874,0,False,False,False,False
73361,2017-03-13 20:30:00+00:00,1,True,-57.6765,-1.13372,50.8738,0.642751,48.1539,0.949214,0.392386,0.821002,0.821002,1.3181,0.498088,5.37562,20,False,False,False,False
73427,2017-03-15 05:30:00+00:00,-1,True,-56.0598,-1.66298,33.7105,0.299372,48.1489,1.48603,0.613781,0.11559,0.88441,0.765726,0.225856,-4.19787,5,False,False,False,True
73579,2017-03-18 09:30:00+00:00,-1,False,1075.54,8.69269,123.729,0.956792,48.15,2.41695,0.998632,0.271373,0.728627,3.05835,0.831963,7.92899,9,True,True,False,False
73663,2017-03-20 03:30:00+00:00,1,False,50.3443,0.395581,127.267,0.958105,48.1532,2.50208,1.03259,0.485119,0.485119,4.44508,0.911872,-3.47822,3,False,False,False,False
73870,2017-03-24 11:00:00+00:00,-1,False,696.426,7.11463,97.8864,0.917694,48.2551,2.65092,1.09182,-0.0644021,1.0644,2.15212,0.713356,4.76219,11,False,True,False,False
73950,2017-03-26 03:00:00+00:00,-1,False,-424.623,-4.03927,105.124,0.929167,48.2551,1.94711,0.801622,0.564227,0.435773,2.18146,0.716838,3.75969,3,False,False,False,False
74056,2017-03-28 08:00:00+00:00,1,True,-164.636,-2.59011,63.5633,0.773088,48.3648,1.93524,0.796864,1.02183,1.02183,1.59128,0.585987,7.12332,8,False,False,False,False
74143,2017-03-30 03:30:00+00:00,-1,False,43.4722,0.637148,68.2293,0.806592,48.393,2.29198,0.94368,0.267667,0.732333,1.79481,0.638328,-1.7148,3,False,False,False,False
74182,2017-03-30 23:00:00+00:00,-1,False,-156.978,-2.57353,60.9971,0.750599,48.4106,1.5976,0.657995,0.260935,0.739065,1.23676,0.461758,-0.136473,23,False,False,False,False
74295,2017-04-02 07:30:00+00:00,1,True,-94.9952,-2.62192,36.2312,0.365497,48.455,2.15239,0.886383,0.888657,0.888657,1.1876,0.440896,6.90929,7,False,False,False,True
74391,2017-04-04 07:30:00+00:00,1,False,-55.1955,-0.969734,56.9182,0.707392,48.5737,1.31641,0.542181,0.549519,0.549519,1.37313,0.513185,7.72148,7,False,False,False,False
74457,2017-04-05 16:30:00+00:00,-1,False,-305.457,-5.90354,51.7413,0.644292,48.6663,2.2327,0.920204,0.216696,0.783304,1.39146,0.518836,-1.11332,16,False,False,False,False
74767,2017-04-12 03:30:00+00:00,1,True,-38.9371,-1.22497,31.7861,0.249372,48.5817,1.50569,0.620067,0.793794,0.793794,0.777512,0.231421,6.10914,3,False,False,False,True
74812,2017-04-13 02:00:00+00:00,1,True,-67.1205,-1.76402,38.0497,0.410188,48.5285,1.56796,0.645983,0.653997,0.653997,0.9772,0.339697,2.31313,2,False,False,False,True
74928,2017-04-15 12:00:00+00:00,1,True,-55.3798,-1.89664,29.1989,0.183276,48.4705,1.7167,0.707263,0.8879,0.8879,0.976352,0.339241,-1.3411,12,False,False,False,True
74968,2017-04-16 08:00:00+00:00,-1,True,-51.7003,-1.60462,32.2197,0.261473,48.406,1.70335,0.701977,0.351787,0.648213,0.70964,0.19161,2.61827,8,False,False,False,True
75044,2017-04-17 22:00:00+00:00,-1,False,-253.462,-4.54848,55.7247,0.696376,48.4369,2.64874,1.09178,0.508899,0.491101,3.31834,0.843893,-0.315107,22,False,False,False,False
75348,2017-04-24 06:00:00+00:00,1,False,83.2514,2.69115,30.9353,0.228796,48.3447,1.84658,0.761005,0.606115,0.606115,0.803228,0.245405,2.39357,6,False,False,False,True
75393,2017-04-25 04:30:00+00:00,1,False,157.451,7.72515,20.3816,0.0332192,48.3257,1.53624,0.63322,0.942331,0.942331,0.383671,0.0234304,7.16501,4,False,False,False,True
75440,2017-04-26 04:00:00+00:00,1,False,281.593,7.96043,35.3741,0.349886,48.2303,1.60001,0.659656,0.632048,0.632048,0.650925,0.153082,5.5625,4,True,False,False,True
75698,2017-05-01 13:00:00+00:00,1,False,401.023,5.82837,68.8053,0.811587,48.1574,2.19901,0.906406,0.622557,0.622557,1.09098,0.39629,3.59567,13,False,False,False,False
75829,2017-05-04 06:30:00+00:00,1,False,311.121,4.35032,71.5167,0.825485,48.2164,2.07627,0.854965,0.976947,0.976947,1.97103,0.673316,8.68674,6,False,False,False,False
75960,2017-05-07 00:00:00+00:00,-1,False,130.711,1.68547,77.5514,0.85234,48.2598,1.32421,0.545009,0.620061,0.379939,3.16556,0.831364,-3.5814,0,False,False,False,False
76002,2017-05-07 21:00:00+00:00,-1,False,-488.333,-7.31986,66.7134,0.79121,48.2685,2.07737,0.85469,0.30114,0.69886,1.13293,0.412871,-0.511042,21,False,False,False,False
76032,2017-05-08 12:00:00+00:00,-1,True,-216.786,-1.88946,114.734,0.941866,48.2685,2.05043,0.843313,0.353297,0.646703,3.23675,0.836815,-2.16298,12,False,False,False,False
76093,2017-05-09 18:30:00+00:00,1,False,-134.153,-1.32756,101.052,0.918807,48.2935,2.19884,0.903651,0.938377,0.938377,2.73359,0.787614,8.50944,18,False,False,False,False
76152,2017-05-11 00:00:00+00:00,1,False,397.813,5.84476,68.0632,0.796918,48.2987,2.63495,1.08248,0.523983,0.523983,2.22293,0.714498,9.0044,0,False,False,False,False
76187,2017-05-11 17:30:00+00:00,1,False,-328.178,-3.85455,85.1403,0.875143,48.2987,1.72831,0.71002,0.511055,0.511055,2.00526,0.6754,9.11742,17,False,False,False,False
76311,2017-05-14 07:30:00+00:00,1,True,-234.818,-2.73823,85.7555,0.874115,48.455,2.00245,0.820329,1.1087,1.1087,2.29251,0.722317,4.34939,7,False,False,False,False
76395,2017-05-16 01:30:00+00:00,-1,False,-120.846,-1.05724,114.304,0.939013,48.6257,2.77549,1.13591,0.31128,0.68872,3.45476,0.846518,2.00797,1,False,False,False,False
76508,2017-05-18 10:00:00+00:00,-1,True,-191.144,-1.82164,104.93,0.920348,48.7938,1.77452,0.724959,0.400782,0.599218,2.97485,0.804252,-1.75212,10,False,False,False,False
76538,2017-05-19 01:00:00+00:00,1,False,209.105,3.15176,66.3456,0.774401,48.8588,2.39123,0.976842,1.07125,1.07125,2.6755,0.770776,9.34974,1,False,False,False,False
76710,2017-05-22 15:00:00+00:00,1,True,-308.076,-2.67738,115.066,0.938385,49.1556,2.77818,1.13233,0.94121,0.94121,4.37989,0.898231,6.965,15,False,False,False,False
76776,2017-05-24 00:00:00+00:00,1,False,586.421,5.44538,107.691,0.922888,49.2881,2.41923,0.986015,0.989623,0.989623,2.33065,0.717409,7.58422,0,False,True,False,False
77030,2017-05-29 07:00:00+00:00,1,False,474.091,2.88548,164.302,0.971804,49.7726,2.42085,0.983815,0.964799,0.964799,4.12885,0.877654,-0.184415,7,False,True,False,False
77083,2017-05-30 09:30:00+00:00,-1,False,383.696,3.35185,114.473,0.928111,49.8906,1.95518,0.794571,0.319273,0.680727,3.71683,0.851484,-1.32504,9,False,False,False,False
77155,2017-05-31 21:30:00+00:00,-1,False,-584.75,-4.8968,119.415,0.933761,50.0193,2.19014,0.89078,0.558151,0.441849,6.79823,0.95585,-1.48357,21,False,False,False,False
77226,2017-06-02 09:00:00+00:00,-1,False,-125.882,-1.52088,82.7691,0.84238,50.1062,1.72021,0.699807,0.550096,0.449904,3.14941,0.804737,-5.04607,9,False,False,False,False
77298,2017-06-03 21:00:00+00:00,-1,False,-10.1832,-0.122598,83.0616,0.843322,50.2775,2.56888,1.04501,0.494722,0.505278,3.51106,0.833105,-6.46241,21,False,False,False,False
77376,2017-06-05 12:00:00+00:00,1,False,588.639,9.98919,58.9276,0.694121,50.4467,2.03718,0.828674,0.918813,0.918813,1.44849,0.505936,7.24344,12,True,True,False,False
77563,2017-06-09 09:30:00+00:00,1,False,48.5554,0.700543,69.3112,0.768208,50.8516,2.51466,1.02169,0.43931,0.43931,1.44289,0.500913,3.72585,9,False,False,False,False
77602,2017-06-10 05:00:00+00:00,-1,False,-188.598,-2.86161,65.9063,0.743636,50.9418,1.72549,0.700899,0.276321,0.723679,1.27223,0.440896,-2.73774,5,False,False,False,False
77659,2017-06-11 09:30:00+00:00,1,False,208.349,3.22973,64.5097,0.730508,51.0563,1.40624,0.571219,0.851334,0.851334,1.23968,0.426284,4.54759,9,False,False,False,False
77775,2017-06-13 19:30:00+00:00,-1,False,-59.2113,-0.551839,107.298,0.907363,51.3253,1.85094,0.752819,0.416778,0.583222,2.37023,0.700371,2.3071,19,False,False,False,False
77807,2017-06-14 11:30:00+00:00,1,True,-167.472,-2.09197,80.0547,0.821975,51.3987,2.39073,0.972534,0.562694,0.562694,1.98149,0.632392,-0.919631,11,False,False,False,False
78013,2017-06-18 18:30:00+00:00,-1,True,-281.451,-2.25963,124.556,0.933933,51.6613,2.20722,0.897883,-0.0472499,1.04725,3.01554,0.779737,1.3373,18,False,False,False,False
78064,2017-06-19 20:00:00+00:00,-1,False,-204.293,-2.28309,89.4808,0.850913,51.7865,2.37056,0.96433,0.507929,0.492071,3.87206,0.849486,-0.230904,20,False,False,False,False
78096,2017-06-20 12:00:00+00:00,1,False,431.742,6.38839,67.5822,0.746062,51.8412,2.70982,1.102,0.609131,0.609131,1.76209,0.58145,2.97597,12,False,True,False,False
78144,2017-06-21 12:00:00+00:00,1,False,-240.263,-2.13782,112.387,0.913499,51.9632,2.60665,1.06018,0.533255,0.533255,4.13445,0.864697,3.51413,12,False,False,False,False
78239,2017-06-23 11:30:00+00:00,1,True,-117.34,-2.12035,55.3397,0.63653,52.156,2.26058,0.919696,0.514893,0.514893,1.57444,0.529709,3.28183,11,False,False,False,False
78447,2017-06-27 19:30:00+00:00,1,False,525.541,3.63447,144.599,0.953539,52.5754,2.42973,0.988937,0.695693,0.695693,4.95758,0.90214,-3.32664,19,False,True,False,False
78473,2017-06-28 08:30:00+00:00,1,False,229.643,1.90527,120.531,0.923602,52.6461,2.37295,0.966108,0.568171,0.568171,3.36868,0.80351,0.416613,8,False,False,False,False
78513,2017-06-29 04:30:00+00:00,1,True,-135.156,-1.58469,85.2886,0.827426,52.6745,1.51691,0.618225,0.760008,0.760008,1.97117,0.617808,2.48136,4,False,False,False,False
78546,2017-06-29 21:00:00+00:00,-1,False,150.079,1.9281,77.8378,0.796176,52.6745,2.39783,0.977303,0.533435,0.466565,3.25557,0.793408,-1.43034,21,False,False,False,False
78573,2017-06-30 10:30:00+00:00,1,False,-234.971,-3.78529,62.0746,0.692095,52.6745,2.26417,0.922825,0.532123,0.532123,1.94355,0.611444,-0.0402052,10,False,False,False,False
78742,2017-07-03 23:00:00+00:00,1,False,198.889,3.05628,65.0754,0.711787,53.0752,2.62792,1.07103,0.63865,0.63865,1.71073,0.55879,3.91667,23,False,False,False,False
78772,2017-07-04 14:00:00+00:00,1,False,-229.6,-3.8982,58.899,0.660502,53.1476,2.20768,0.899792,0.559158,0.559158,1.74524,0.566353,5.95067,14,False,False,False,False
78871,2017-07-06 15:30:00+00:00,1,True,-71.3403,-1.28035,55.7192,0.628567,53.1248,1.24606,0.507865,0.608882,0.608882,1.30408,0.436558,2.24837,15,False,False,False,False
79199,2017-07-13 11:30:00+00:00,1,False,-230.496,-3.62465,63.5913,0.700171,53.0765,2.1561,0.877565,0.45496,0.45496,2.29978,0.674971,-0.944199,11,False,False,False,False
79227,2017-07-14 01:30:00+00:00,-1,True,-151.542,-2.15928,70.1819,0.751199,53.0765,1.90686,0.776347,-0.00689742,1.0069,1.51562,0.503967,4.20519,1,False,False,False,False
79315,2017-07-15 21:30:00+00:00,-1,False,519.224,2.75949,188.159,0.977797,53.165,2.69746,1.0988,0.349831,0.650169,5.5174,0.919207,5.87441,21,False,True,False,False
79452,2017-07-18 18:00:00+00:00,-1,False,-33.7583,-0.220385,153.178,0.956022,53.3942,2.65887,1.08366,0.665634,0.334366,6.70213,0.94589,-4.88398,18,False,False,False,False
79592,2017-07-21 16:00:00+00:00,-1,False,11.6834,0.066348,176.093,0.970576,53.7108,1.58959,0.647845,0.260294,0.739706,3.98256,0.842123,-5.62703,16,False,False,False,False
79661,2017-07-23 02:30:00+00:00,-1,False,157.871,1.46861,107.497,0.885388,53.9039,2.52078,1.02552,0.290645,0.709355,2.52864,0.699315,-6.51292,2,False,False,False,False
79723,2017-07-24 09:30:00+00:00,1,False,-11.5532,-0.118561,97.4457,0.856507,54.089,2.07137,0.84269,0.699494,0.699494,2.91383,0.74786,3.22698,9,False,False,False,False
79868,2017-07-27 10:00:00+00:00,1,True,-148.462,-1.52112,97.6001,0.854167,54.5099,1.60434,0.652521,0.861132,0.861132,2.31286,0.664498,-0.848881,10,False,False,False,False
79948,2017-07-29 02:00:00+00:00,-1,False,219.854,2.46739,89.1039,0.822175,54.6918,2.24858,0.914709,0.145629,0.854371,2.02036,0.611958,-3.73762,2,False,False,False,False
80013,2017-07-30 10:30:00+00:00,1,False,336.186,2.49919,134.518,0.931022,54.8491,2.42412,0.98607,0.434094,0.434094,4.00242,0.8375,-0.91142,10,False,False,False,False
80143,2017-08-02 03:30:00+00:00,1,False,-82.7894,-0.682965,121.221,0.908647,55.222,2.11376,0.859602,0.529065,0.529065,2.72565,0.718265,0.0311596,3,False,False,False,False
80576,2017-08-11 04:00:00+00:00,1,False,316.615,4.66174,67.9178,0.700571,56.3179,1.69154,0.688334,0.601301,0.601301,1.22076,0.38536,3.74224,4,False,False,False,False
80714,2017-08-14 01:00:00+00:00,-1,False,-459.64,-3.39849,135.248,0.929252,56.6747,1.36825,0.556898,0.658946,0.341054,4.26187,0.848973,-6.08764,1,False,False,False,False
80908,2017-08-18 02:00:00+00:00,-1,False,-7.35571,-0.0514369,143.005,0.937015,57.1614,2.58954,1.05322,0.23026,0.76974,3.52996,0.786615,-1.22338,2,False,False,False,False
81013,2017-08-20 06:30:00+00:00,1,False,49.3067,0.487522,101.137,0.847888,57.1702,2.07183,0.842661,0.486116,0.486116,2.84359,0.717123,-1.59158,6,False,False,False,False
81048,2017-08-21 00:00:00+00:00,-1,False,63.077,0.680023,92.7571,0.816781,57.2519,2.28304,0.928564,0.453274,0.546726,2.56934,0.679737,1.28663,0,False,False,False,False
81075,2017-08-21 13:30:00+00:00,-1,False,240.369,2.92485,82.1817,0.771119,57.3067,1.76733,0.718721,0.126575,0.873425,2.55368,0.677112,3.00617,13,False,False,False,False
81159,2017-08-23 07:30:00+00:00,1,False,-22.0317,-0.216613,101.71,0.847774,57.3658,1.47646,0.600645,0.735552,0.735552,2.25388,0.63125,1.87894,7,False,False,False,False
81200,2017-08-24 04:00:00+00:00,-1,True,-196.174,-1.97647,99.2543,0.840154,57.3658,2.35758,0.959129,0.222468,0.777532,2.23299,0.627997,-0.4855,4,False,False,False,False
81230,2017-08-24 19:00:00+00:00,-1,False,-334.715,-4.82065,69.4336,0.698174,57.3658,2.07789,0.845856,0.670427,0.329573,2.89662,0.723231,-3.80602,19,False,False,False,False
81309,2017-08-26 10:30:00+00:00,-1,False,-50.8024,-0.772311,65.7797,0.670405,57.3658,2.24425,0.914185,0.384471,0.615529,1.65222,0.510502,-2.74331,10,False,False,False,False
81423,2017-08-28 19:30:00+00:00,1,False,50.0692,0.965538,51.8563,0.541353,57.2049,2.78802,1.13428,0.89538,0.89538,1.37076,0.433619,2.29957,19,False,False,False,True
81495,2017-08-30 07:30:00+00:00,-1,False,81.4422,1.2391,65.727,0.671147,57.1491,1.79449,0.729954,0.361232,0.638768,1.14478,0.352711,-6.5683,7,False,False,False,False
81541,2017-08-31 06:30:00+00:00,-1,False,-302.152,-6.76216,44.6827,0.439412,57.1702,2.36063,0.960293,0.561852,0.438148,1.72229,0.527854,-6.70142,6,False,False,False,True
81577,2017-09-01 00:30:00+00:00,1,True,-59.7934,-1.242,48.1429,0.493607,57.1702,1.37963,0.561225,0.691871,0.691871,0.89124,0.246261,8.94872,0,False,False,False,True
81806,2017-09-05 19:00:00+00:00,1,False,226.598,1.60748,140.965,0.932249,57.6567,2.62612,1.06717,0.978468,0.978468,4.68334,0.864812,-0.419609,19,False,False,False,False
81857,2017-09-06 20:30:00+00:00,-1,False,-11.0479,-0.111258,99.3002,0.836615,57.7979,2.01428,0.818536,0.488866,0.511134,3.04249,0.732962,-2.69798,20,False,False,False,False
81936,2017-09-08 12:00:00+00:00,-1,False,742.893,12.6177,58.877,0.607363,58.0216,2.53126,1.02824,0.507326,0.492674,1.9897,0.576627,-3.36027,12,True,True,False,False
82012,2017-09-10 02:00:00+00:00,-1,False,268.634,3.06946,87.5186,0.78593,58.2724,2.01025,0.817232,0.529872,0.470128,2.83618,0.706279,3.48755,2,False,False,False,False
82395,2017-09-18 01:30:00+00:00,1,False,829.219,6.98547,118.706,0.883048,59.3572,2.33755,0.945325,0.979119,0.979119,2.89986,0.704966,1.59988,1,False,True,False,False
82426,2017-09-18 17:00:00+00:00,-1,False,257.177,1.93737,132.746,0.913271,59.4346,2.15518,0.871097,0.544232,0.455768,5.80108,0.905023,-4.66415,17,False,False,False,False
82497,2017-09-20 04:30:00+00:00,-1,True,-274.405,-2.59489,105.748,0.845634,59.7166,1.78326,0.719823,-0.147178,1.14718,2.78203,0.687129,0.606594,4,False,False,False,False
82527,2017-09-20 19:30:00+00:00,-1,False,173.358,2.05416,84.3932,0.75859,59.8155,1.6567,0.668829,0.539488,0.460512,4.38947,0.837272,-2.70979,19,False,False,False,False
82726,2017-09-24 23:00:00+00:00,1,False,228.594,3.06376,74.6121,0.704509,60.4524,2.51066,1.01328,0.451793,0.451793,2.13057,0.585474,-1.54537,23,False,False,False,False
82829,2017-09-27 02:30:00+00:00,-1,False,-513.186,-9.55421,53.7131,0.538499,60.7205,2.52815,1.01584,0.284472,0.715528,0.918662,0.248088,-3.27719,2,False,False,False,True
83104,2017-10-02 20:00:00+00:00,1,False,-188.84,-2.77091,68.151,0.655537,61.2307,2.44588,0.97634,0.583111,0.583111,1.87982,0.529852,4.65543,20,False,False,False,False
83167,2017-10-04 03:30:00+00:00,-1,True,-77.0901,-1.38145,55.8039,0.550285,61.4155,1.463,0.582779,0.414509,0.585491,1.19344,0.345691,0.053048,3,False,False,False,True
83302,2017-10-06 23:00:00+00:00,1,False,-82.9051,-1.45914,56.818,0.557934,61.5533,2.18499,0.870286,0.438271,0.438271,1.91427,0.534846,1.90652,23,False,False,False,True
83338,2017-10-07 17:00:00+00:00,-1,False,-229.774,-5.4237,42.3649,0.385017,61.5533,2.30546,0.918267,0.463735,0.536265,0.958275,0.256564,-1.06604,17,False,False,False,True
83422,2017-10-09 11:00:00+00:00,1,False,369.235,6.59329,56.0016,0.54883,61.5578,2.36186,0.940262,0.530843,0.530843,1.87759,0.525285,6.20011,11,False,False,False,True
83473,2017-10-10 12:30:00+00:00,1,True,-133.845,-1.83459,72.9562,0.688727,61.7355,1.72019,0.684926,0.707831,0.707831,1.66817,0.478196,7.18524,12,False,False,False,False
83620,2017-10-13 14:00:00+00:00,1,False,-1.45704,-0.00967576,150.587,0.939155,62.0999,2.32483,0.924812,0.593734,0.593734,6.00583,0.907848,7.15999,14,False,False,False,False
83652,2017-10-14 06:00:00+00:00,-1,False,-134.305,-1.36145,98.6483,0.81504,62.2091,2.10381,0.83721,0.485331,0.514669,2.75469,0.669349,-7.40896,6,False,False,False,False
83686,2017-10-14 23:00:00+00:00,1,False,-522.003,-7.18729,72.6286,0.682734,62.3108,1.90262,0.757561,0.6398,0.6398,1.5485,0.442266,9.07207,23,False,False,False,False
83799,2017-10-17 07:30:00+00:00,1,True,-155.044,-2.07527,74.7103,0.696176,62.4519,2.22271,0.885307,0.450504,0.450504,3.83246,0.785245,2.70208,7,False,False,False,False
83828,2017-10-17 22:00:00+00:00,-1,False,466.955,7.0627,66.1157,0.631963,62.4484,2.43913,0.971564,0.309711,0.690289,1.53608,0.438642,-0.267472,22,False,True,False,False
83898,2017-10-19 09:00:00+00:00,1,False,160.877,1.78911,89.9201,0.773773,62.5737,2.02981,0.808071,0.735056,0.735056,2.18398,0.57911,2.25508,9,False,False,False,False
83932,2017-10-20 02:00:00+00:00,-1,True,-67.3553,-1.0621,63.4173,0.60605,62.691,1.41808,0.564776,0.500378,0.499622,2.18659,0.579195,-3.26886,2,False,False,False,False
84029,2017-10-22 02:30:00+00:00,-1,False,-48.8695,-0.495025,98.7212,0.813356,62.9361,1.83315,0.729902,0.0281173,0.971883,3.56534,0.757078,-1.87545,2,False,False,False,False
84072,2017-10-23 00:00:00+00:00,1,True,-222.516,-2.194,101.42,0.822803,63.0617,2.35259,0.93657,0.690669,0.690669,2.8901,0.682135,1.95168,0,False,False,False,False
84106,2017-10-23 17:00:00+00:00,1,True,-386.273,-3.0312,127.433,0.899914,63.1502,2.68167,1.06671,0.622148,0.622148,4.66105,0.844007,-0.174803,17,False,False,False,False
84202,2017-10-25 17:00:00+00:00,1,False,386.377,3.77197,102.434,0.823687,63.3323,2.20999,0.879035,0.373989,0.373989,3.54565,0.752483,-3.24458,17,False,False,False,False
84232,2017-10-26 08:00:00+00:00,1,False,167.209,2.15922,77.4397,0.70351,63.4283,2.36708,0.941488,0.691707,0.691707,1.82245,0.503139,1.09422,8,False,False,False,False
84264,2017-10-27 00:00:00+00:00,1,False,-198.192,-2.32332,85.3057,0.743978,63.4335,2.81819,1.12082,0.428097,0.428097,2.75656,0.66347,2.80167,0,False,False,False,False
84346,2017-10-28 17:00:00+00:00,1,False,107.879,1.62321,66.4603,0.625086,63.4786,2.71289,1.07907,0.384269,0.384269,2.77176,0.664812,-1.46178,17,False,False,False,False
84434,2017-10-30 13:00:00+00:00,-1,False,23.3487,0.291143,80.1966,0.717095,63.313,2.71292,1.07914,0.521316,0.478684,1.47956,0.419349,-5.21896,13,False,False,False,False
84503,2017-10-31 23:30:00+00:00,1,False,115.474,1.78569,64.6667,0.612072,63.1738,2.50345,0.995867,0.959549,0.959549,1.43634,0.409503,8.48086,23,False,False,False,False
84667,2017-11-04 09:30:00+00:00,-1,False,-300.025,-3.28809,91.246,0.778453,63.1389,1.90425,0.7584,0.5742,0.4258,3.05157,0.703624,-4.92429,9,False,False,False,False
84730,2017-11-05 17:00:00+00:00,-1,False,268.302,3.19773,83.9041,0.741467,63.1389,1.83184,0.729261,0.447506,0.552494,2.77865,0.669949,-5.8271,17,False,False,False,False
84818,2017-11-07 13:00:00+00:00,1,False,164.808,1.87017,88.1244,0.764412,63.1389,1.80519,0.718376,0.80065,0.80065,1.79397,0.498602,0.561508,13,False,False,False,False
84949,2017-11-10 06:30:00+00:00,-1,False,846.116,9.18878,92.0814,0.784932,63.1389,2.06231,0.820698,0.54987,0.45013,3.92864,0.793664,0.0852909,6,True,True,False,False
85032,2017-11-12 00:00:00+00:00,-1,False,212.1,1.31228,161.627,0.960616,63.1389,2.30052,0.915092,0.316863,0.683137,3.66909,0.76972,5.25472,0,False,False,False,False
85150,2017-11-14 11:00:00+00:00,1,True,-244.441,-2.0528,119.077,0.882277,63.1389,2.10253,0.836157,0.602929,0.602929,2.81078,0.671946,1.28721,11,False,False,False,False
85227,2017-11-16 01:30:00+00:00,-1,True,-228.165,-2.05852,110.839,0.858904,63.1389,1.47197,0.585391,0.175852,0.824148,2.83822,0.675371,-5.07758,1,False,False,False,False
85308,2017-11-17 18:00:00+00:00,-1,False,261.517,2.0981,124.645,0.896119,63.1568,2.65967,1.05773,0.496284,0.503716,3.6636,0.765753,-5.62905,18,False,False,False,False
85356,2017-11-18 18:00:00+00:00,1,False,31.4655,0.354939,88.6504,0.761672,63.3609,1.59836,0.634831,0.520616,0.520616,2.67188,0.649629,4.23479,18,False,False,False,False
85388,2017-11-19 10:00:00+00:00,1,False,310.315,5.05974,61.3303,0.582962,63.4218,2.24277,0.89197,0.517346,0.517346,1.8547,0.507534,5.1099,10,False,False,False,True
85538,2017-11-22 13:00:00+00:00,-1,False,15.1084,0.213609,70.7294,0.656849,63.6591,2.05399,0.816893,0.482358,0.517642,3.09262,0.704138,-3.67122,13,False,False,False,False
85564,2017-11-23 02:00:00+00:00,-1,False,10.9019,0.161032,67.7005,0.632506,63.7493,2.14544,0.853261,0.462163,0.537837,1.81266,0.496518,-2.67845,2,False,False,False,False
85604,2017-11-23 22:00:00+00:00,1,False,32.78,0.624497,52.4903,0.492922,63.8079,1.25659,0.49987,0.501952,0.501952,0.938044,0.239812,1.82875,22,False,False,False,True
85656,2017-11-25 00:00:00+00:00,-1,False,-493.01,-7.85845,62.7363,0.589098,63.9953,1.92657,0.766678,0.381298,0.618702,1.60544,0.448659,-1.49869,0,False,False,False,True
85701,2017-11-25 22:30:00+00:00,1,True,-110.93,-1.78165,62.2623,0.585017,63.9578,1.40465,0.559427,0.94489,0.94489,1.76649,0.48613,8.36607,22,False,False,False,True
85796,2017-11-27 22:00:00+00:00,1,False,228.485,2.72628,83.8083,0.735274,64.045,2.47607,0.98628,0.7379,0.7379,2.39073,0.60371,9.15897,22,False,False,False,False
85843,2017-11-28 21:30:00+00:00,-1,False,-821.49,-12.9672,63.3513,0.592865,64.165,1.91182,0.762221,0.6047,0.3953,1.44959,0.406821,-10.5365,21,False,False,False,True
85962,2017-12-01 09:00:00+00:00,1,False,1084.51,4.95627,218.816,0.983904,64.1802,2.77964,1.10887,0.58588,0.58588,7.24457,0.942551,0.34244,9,False,True,False,False
85988,2017-12-01 22:00:00+00:00,1,False,171.03,1.08134,158.165,0.950086,64.2089,2.27753,0.909135,1.00583,1.00583,6.03366,0.905223,5.72612,22,False,False,False,False
86049,2017-12-03 04:30:00+00:00,1,False,651.794,6.95602,93.7021,0.782591,64.3138,1.82266,0.727562,0.872867,0.872867,1.54131,0.430137,6.00577,4,False,True,False,False
86152,2017-12-05 08:00:00+00:00,1,True,-298.456,-2.74688,108.653,0.842152,64.5573,1.67936,0.670384,1.22916,1.22916,2.15057,0.560987,5.39759,8,False,False,False,False
86248,2017-12-07 08:00:00+00:00,1,False,990.387,5.5223,179.343,0.967295,64.5573,1.48991,0.594721,0.855024,0.855024,7.13257,0.938099,8.23087,8,False,True,False,False
86317,2017-12-08 18:30:00+00:00,-1,False,-383.189,-1.19031,321.925,0.996347,64.6238,2.21301,0.881544,0.433924,0.566076,9.40414,0.96895,-2.51642,18,False,False,False,False
86485,2017-12-12 06:30:00+00:00,1,False,542.599,3.59941,150.747,0.931963,64.838,2.62521,1.04528,0.437725,0.437725,6.86326,0.927426,4.98944,6,False,True,False,False
86515,2017-12-12 21:30:00+00:00,-1,False,340.712,2.72996,124.805,0.883162,64.8596,2.80275,1.11597,0.547604,0.452396,5.17091,0.862785,-6.97436,21,False,False,False,False
86648,2017-12-15 16:00:00+00:00,-1,False,21.1296,0.158112,133.637,0.902312,65.1452,2.23835,0.89164,0.539808,0.460192,7.39363,0.938356,-4.47015,16,False,False,False,False
86723,2017-12-17 05:30:00+00:00,1,False,-38.9834,-0.395834,98.4843,0.789926,65.2998,2.2689,0.904195,0.674499,0.674499,1.5001,0.415497,9.13564,5,False,False,False,False
87018,2017-12-23 09:00:00+00:00,1,False,808.326,2.3776,339.975,0.996033,66.0429,2.53521,1.00889,0.499922,0.499922,7.89504,0.94335,-2.61066,9,False,True,False,False
87125,2017-12-25 14:30:00+00:00,-1,False,-116.93,-0.479565,243.824,0.980908,66.3725,2.50794,0.997514,0.18472,0.81528,5.12743,0.85,2.13639,14,False,False,False,False
87285,2017-12-28 22:30:00+00:00,1,False,54.7883,0.25266,216.846,0.971718,66.7011,2.11306,0.840423,0.633179,0.633179,6.17593,0.891667,-1.88072,22,False,False,False,False
87361,2017-12-30 12:30:00+00:00,-1,False,52.7002,0.248355,212.197,0.970034,66.9503,2.13637,0.848718,0.144748,0.855252,4.91385,0.831992,4.1884,12,False,False,False,False
87407,2017-12-31 11:30:00+00:00,1,False,421.252,2.1065,199.977,0.962985,67.1265,2.30675,0.916367,0.702781,0.702781,6.57623,0.904595,-2.71399,11,False,True,False,False
87558,2018-01-03 15:00:00+00:00,1,False,114.465,0.745878,153.464,0.916781,67.7087,2.43627,0.966696,0.357902,0.357902,5.44121,0.855537,3.38385,15,False,False,False,False
87700,2018-01-06 14:00:00+00:00,-1,True,-274.457,-2.32267,118.164,0.834874,68.23,2.51852,0.999474,0.0729452,0.927055,2.76279,0.62597,-4.69612,14,False,False,False,False
87815,2018-01-08 23:30:00+00:00,-1,False,22.5077,0.117077,192.247,0.956678,68.668,1.91247,0.758683,0.48926,0.51074,5.06132,0.832877,3.00353,23,False,False,False,False
87859,2018-01-09 21:30:00+00:00,-1,False,628.669,4.45972,140.966,0.893379,68.8206,1.78274,0.707254,0.512373,0.487627,5.22326,0.841924,3.36879,21,False,True,False,False
87977,2018-01-12 08:30:00+00:00,-1,False,-176.245,-0.990609,177.916,0.943779,69.1739,2.05558,0.813569,0.612709,0.387291,6.99701,0.914812,3.10336,8,False,False,False,False
88054,2018-01-13 23:00:00+00:00,1,False,-551.619,-5.39025,102.337,0.771604,69.494,2.67075,1.05682,0.499627,0.499627,2.95825,0.642894,0.612771,23,False,False,False,False
88111,2018-01-15 03:30:00+00:00,-1,False,-429.374,-3.80873,112.734,0.810131,69.5314,2.69525,1.06657,0.364589,0.635411,3.09934,0.659332,3.04113,3,False,False,False,False
88387,2018-01-20 21:30:00+00:00,-1,False,695.318,4.86919,142.799,0.886844,69.9152,2.38353,0.942527,0.644293,0.355707,5.58168,0.852255,-4.20949,21,False,True,False,False
88437,2018-01-21 22:30:00+00:00,1,False,214.289,1.18638,180.625,0.941182,69.9152,2.66011,1.05205,0.355,0.355,9.64846,0.958447,-2.87799,22,False,False,False,False
88508,2018-01-23 10:00:00+00:00,1,False,518.739,2.25109,230.439,0.971433,70.0148,2.60922,1.03129,0.368124,0.368124,7.35729,0.918065,-3.79214,10,False,True,False,False
88632,2018-01-26 00:00:00+00:00,-1,False,470.502,3.72508,126.307,0.841067,70.4354,1.99323,0.788302,0.502247,0.497753,3.95963,0.7373,0.504766,0,False,True,False,False
88735,2018-01-28 03:30:00+00:00,1,False,118.553,1.08143,109.626,0.784817,70.8779,2.09952,0.828146,0.706133,0.706133,1.55387,0.402454,2.42286,3,False,False,False,False
88776,2018-01-29 00:00:00+00:00,-1,False,475.113,5.05398,94.0077,0.720034,70.8794,2.34703,0.926131,0.583818,0.416182,1.86561,0.467437,-2.84576,0,False,True,False,False
88816,2018-01-29 20:00:00+00:00,-1,False,93.3873,0.962502,97.0256,0.732477,71.098,1.47665,0.582682,0.197306,0.802694,2.17623,0.521176,1.94529,20,False,False,False,False
89017,2018-02-03 00:30:00+00:00,1,False,299.483,1.21444,246.602,0.976541,71.9217,1.97009,0.777846,0.598326,0.598326,7.06177,0.90645,-3.59212,0,False,False,False,False
89072,2018-02-04 04:00:00+00:00,1,False,-802.847,-4.94413,162.384,0.911958,72.2005,2.4631,0.973533,0.529874,0.529874,5.30192,0.828539,-0.842927,4,False,False,False,False
89262,2018-02-08 03:00:00+00:00,1,False,201.334,0.823625,244.449,0.97149,73.0372,2.79259,1.10233,0.548141,0.548141,10.9472,0.965011,0.718145,3,False,False,False,False
89349,2018-02-09 22:30:00+00:00,-1,True,-343.927,-2.31187,148.765,0.878881,73.4973,2.49999,0.987062,0.535155,0.464845,6.48332,0.877112,-2.9937,22,False,False,False,False
89405,2018-02-11 02:30:00+00:00,-1,False,-84.8851,-0.478408,177.432,0.923459,73.7553,2.73605,1.07922,0.33413,0.66587,4.85512,0.790753,0.0646046,2,False,False,False,False
89521,2018-02-13 12:30:00+00:00,1,False,63.8539,0.457791,139.482,0.85625,74.2557,1.73933,0.686736,0.438008,0.438008,4.70217,0.778453,0.784667,12,False,False,False,False
89548,2018-02-14 02:00:00+00:00,1,False,604.026,5.70895,105.803,0.748716,74.3828,2.17218,0.857636,0.76309,0.76309,2.70427,0.57911,1.76701,2,False,True,False,False
89591,2018-02-14 23:30:00+00:00,1,False,231.004,2.25359,102.505,0.734361,74.5682,2.53728,1.00179,1.04816,1.04816,3.01917,0.619521,7.77409,23,False,False,False,False
89686,2018-02-16 23:00:00+00:00,1,False,510.906,5.11166,99.9493,0.721575,75.0457,1.95014,0.769371,1.04616,1.04616,3.36106,0.654909,7.47412,23,False,True,False,False
89830,2018-02-19 23:00:00+00:00,-1,False,-360.003,-2.89817,124.217,0.810217,75.7492,1.84024,0.725318,0.437507,0.562493,3.39896,0.655736,-4.21993,23,False,False,False,False
89973,2018-02-22 22:30:00+00:00,-1,False,-248.268,-1.65268,150.221,0.875999,76.3864,2.75385,1.08281,0.28854,0.71146,3.14512,0.62617,4.98666,22,False,False,False,False
90063,2018-02-24 19:30:00+00:00,-1,False,-144.075,-1.08586,132.683,0.83339,76.9065,1.93996,0.762246,0.241625,0.758375,4.11137,0.720662,4.78715,19,False,False,False,False
90217,2018-02-28 00:30:00+00:00,-1,False,135.028,1.49468,90.3389,0.662243,77.6886,2.51181,0.985589,0.441451,0.558549,2.43157,0.526284,-4.50543,0,False,False,False,False
90300,2018-03-01 18:00:00+00:00,1,False,223.625,2.57922,86.7029,0.642237,78.1294,1.58994,0.623674,1.03247,1.03247,2.40302,0.520063,4.41945,18,False,False,False,False
90348,2018-03-02 18:00:00+00:00,1,False,383.492,4.61854,83.0333,0.622432,78.4358,1.3351,0.523869,0.486863,0.486863,3.1515,0.619635,3.16597,18,False,False,False,False
90438,2018-03-04 15:00:00+00:00,-1,True,-123.788,-1.88892,65.5334,0.522489,78.5305,2.12927,0.835487,0.0583795,0.941621,1.26497,0.308276,-1.45357,15,False,False,False,True
90481,2018-03-05 12:30:00+00:00,1,True,-130.175,-2.19331,59.351,0.478653,78.5305,1.65689,0.650132,0.773555,0.773555,1.51054,0.365126,5.85056,12,False,False,False,True
90550,2018-03-06 23:00:00+00:00,1,False,-126.85,-1.40636,90.1971,0.659189,78.4635,2.68517,1.05329,0.40878,0.40878,4.37943,0.740411,-3.89756,23,False,False,False,False
90616,2018-03-08 08:00:00+00:00,1,True,-292.435,-1.95654,149.466,0.873373,78.8352,1.88413,0.737069,0.748251,0.748251,5.67963,0.829338,-4.77648,8,False,False,False,False
90731,2018-03-10 17:30:00+00:00,-1,False,514.402,4.30849,119.393,0.783162,79.4738,2.26391,0.884664,0.226126,0.773874,2.69999,0.555137,3.65704,17,False,True,False,False
90881,2018-03-13 20:30:00+00:00,-1,False,-1.19345,-0.00712752,167.442,0.906821,80.4379,2.40562,0.939926,0.443195,0.556805,3.61184,0.660017,1.66602,20,False,False,False,False
90953,2018-03-15 08:30:00+00:00,1,False,408.182,2.44154,167.182,0.905793,80.8806,2.39437,0.934881,0.345105,0.345105,8.23891,0.921661,-7.82195,8,False,False,False,False
91006,2018-03-16 11:00:00+00:00,-1,True,-253.876,-2.02067,125.64,0.799201,81.2209,2.25268,0.878108,0.361525,0.638475,3.65202,0.66133,4.88938,11,False,False,False,False
91103,2018-03-18 11:30:00+00:00,-1,False,-925.386,-6.79722,136.142,0.83282,81.7516,2.39062,0.930607,0.375951,0.624049,2.84277,0.566324,5.61983,11,False,False,False,False
91174,2018-03-19 23:00:00+00:00,1,False,4.6572,0.0336597,138.361,0.837529,82.1202,2.05069,0.798218,0.655441,0.655441,4.56953,0.743807,2.62046,23,False,False,False,False
91232,2018-03-21 04:00:00+00:00,1,True,-162.114,-1.87845,86.3019,0.619834,82.4414,1.48956,0.580498,0.949743,0.949743,2.31532,0.487728,7.70927,4,False,False,False,False
91380,2018-03-24 06:00:00+00:00,-1,False,-90.8822,-1.10275,82.4145,0.59629,83.07,2.22446,0.866267,0.586085,0.413915,5.41797,0.804024,-2.68716,6,False,False,False,True
91557,2018-03-27 22:30:00+00:00,1,False,120.772,1.11512,108.304,0.727055,83.8717,2.50273,0.973525,0.396322,0.396322,3.7171,0.659532,-3.77416,22,False,False,False,False
91826,2018-04-02 13:00:00+00:00,-1,False,-44.1835,-0.438621,100.733,0.685674,85.0455,2.6359,1.02214,0.55434,0.44566,3.93796,0.676598,1.07297,13,False,False,False,False
91879,2018-04-03 15:30:00+00:00,1,False,-112.759,-1.29612,86.9971,0.609104,85.3267,2.61499,1.01322,0.713053,0.713053,1.48827,0.328082,3.87882,15,False,False,False,False
91997,2018-04-06 02:30:00+00:00,-1,False,194.035,1.82342,106.412,0.711102,85.7997,2.36866,0.91682,0.384444,0.615556,2.24927,0.460502,3.19538,2,False,False,False,False
92041,2018-04-07 00:30:00+00:00,1,False,358.712,5.26027,68.1926,0.496547,85.9316,2.19558,0.849559,0.545666,0.545666,0.91945,0.184247,-5.34178,0,False,False,False,True
92133,2018-04-08 22:30:00+00:00,1,True,-120.892,-2.2638,53.4024,0.389355,85.9316,1.85443,0.716835,0.609394,0.609394,2.07498,0.432192,3.01939,22,False,False,False,True
92205,2018-04-10 10:30:00+00:00,1,False,107.151,1.44221,74.2968,0.534817,85.993,2.63519,1.01785,0.359512,0.359512,1.23971,0.263185,-2.74235,10,False,False,False,True
92328,2018-04-13 00:00:00+00:00,1,False,335.393,2.92275,114.753,0.747888,86.148,2.63672,1.01749,1.01607,1.01607,4.87924,0.75782,9.41155,0,False,False,False,False
92357,2018-04-13 14:30:00+00:00,-1,False,80.8271,0.67006,120.627,0.77089,86.2783,2.35107,0.907624,0.616497,0.383503,6.79339,0.870662,-8.08817,14,False,False,False,False
92440,2018-04-15 08:00:00+00:00,-1,True,-99.0558,-1.51274,65.481,0.472432,86.559,1.70027,0.656069,0.435728,0.564272,1.50394,0.318893,-6.74743,8,False,False,False,True
92469,2018-04-15 22:30:00+00:00,1,True,-69.6345,-1.16532,59.7557,0.430479,86.559,1.3799,0.532495,0.715741,0.715741,1.26105,0.262757,9.54423,22,False,False,False,True
92509,2018-04-16 18:30:00+00:00,1,False,110.972,1.62649,68.228,0.489498,86.5636,2.36331,0.910776,0.503123,0.503123,3.10769,0.576199,1.62701,18,False,False,False,True
92814,2018-04-23 03:00:00+00:00,1,False,48.1277,0.692375,69.5111,0.496233,86.6057,2.76445,1.05989,0.35402,0.35402,2.17391,0.437785,3.50782,3,False,False,False,True
92971,2018-04-26 09:30:00+00:00,-1,False,-520.006,-4.78827,108.6,0.718122,86.9245,2.79242,1.07008,0.082843,0.917157,2.91908,0.547546,3.06911,9,False,False,False,False
93017,2018-04-27 08:30:00+00:00,1,True,-143.163,-1.94967,73.4291,0.519521,87.0612,1.79631,0.687201,0.771343,0.771343,1.27823,0.258191,3.48719,8,False,False,False,True
93065,2018-04-28 08:30:00+00:00,-1,False,-244.661,-3.57992,68.3426,0.48359,87.098,2.69133,1.03068,0.558336,0.441664,2.87308,0.540211,-0.370917,8,False,False,False,True
93108,2018-04-29 06:00:00+00:00,-1,False,98.5747,1.55054,63.5745,0.447831,87.098,2.68146,1.0253,0.54525,0.45475,2.66963,0.508276,-4.02964,6,False,False,False,True
93251,2018-05-02 05:30:00+00:00,1,False,39.1884,0.757492,51.7344,0.349172,87.098,2.13507,0.816286,0.762,0.762,1.46731,0.29863,-1.28239,5,False,False,False,True
93306,2018-05-03 09:00:00+00:00,1,False,462.515,9.39798,49.2143,0.329994,87.098,2.53588,0.969267,0.553765,0.553765,0.759344,0.122032,1.64861,9,True,True,False,True
93471,2018-05-06 19:30:00+00:00,-1,False,190.165,2.86479,66.3801,0.465696,87.098,2.09267,0.797441,0.395135,0.604865,1.46969,0.295548,1.24707,19,False,False,False,True
93507,2018-05-07 13:30:00+00:00,-1,False,-142.48,-2.07314,68.7266,0.481535,87.098,2.2348,0.851516,0.167697,0.832303,1.03719,0.192808,3.54972,13,False,False,False,True
93533,2018-05-08 02:30:00+00:00,1,True,-151.794,-2.61527,58.0413,0.396261,87.098,2.79036,1.063,0.766848,0.766848,1.72209,0.348659,-1.08029,2,False,False,False,True
93725,2018-05-12 02:30:00+00:00,1,True,-140.569,-1.55226,90.5579,0.619834,87.2119,1.71566,0.652859,0.393963,0.393963,4.19472,0.688699,-7.35357,2,False,False,False,False
93773,2018-05-13 02:30:00+00:00,-1,False,-248.281,-2.62642,94.5323,0.642523,87.4473,2.45048,0.932488,0.360907,0.639093,2.66023,0.500599,5.12416,2,False,False,False,False
93994,2018-05-17 17:00:00+00:00,-1,False,283.274,4.14646,68.317,0.46915,87.8916,2.79172,1.0572,0.289561,0.710439,0.997738,0.172574,3.21587,17,False,False,False,True
94043,2018-05-18 17:30:00+00:00,1,False,163.284,2.44349,66.8239,0.45645,87.9066,1.99456,0.755097,0.534145,0.534145,0.865958,0.13653,-3.82369,17,False,False,False,True
94215,2018-05-22 07:30:00+00:00,1,False,-173.171,-3.16083,54.7866,0.353624,87.9066,2.26161,0.855787,0.478921,0.478921,2.17433,0.420034,-0.642203,7,False,False,False,True
94275,2018-05-23 13:30:00+00:00,1,False,-404.422,-5.47374,73.884,0.510531,87.9066,2.53617,0.959843,0.664163,0.664163,1.97896,0.383447,-5.15164,13,False,False,False,True
94337,2018-05-24 20:30:00+00:00,-1,False,115.837,1.21649,95.2217,0.644235,88.1797,2.57999,0.974901,0.609405,0.390595,3.86365,0.649829,5.30271,20,False,False,False,False
94380,2018-05-25 18:00:00+00:00,-1,False,15.2071,0.178673,85.1113,0.580736,88.2452,1.69179,0.639474,0.260906,0.739094,1.95948,0.376627,5.45004,18,False,False,False,True
94418,2018-05-26 13:00:00+00:00,-1,False,329.649,5.09404,64.7126,0.435245,88.2452,2.23234,0.843795,0.64171,0.35829,3.33724,0.587842,2.9959,13,False,False,False,True
94587,2018-05-30 01:30:00+00:00,1,False,-42.7372,-0.580098,73.6724,0.508447,87.7534,2.33821,0.884088,0.943297,0.943297,1.57031,0.298744,2.52813,1,False,False,False,True
94638,2018-05-31 03:00:00+00:00,-1,False,-299.378,-6.86581,43.6042,0.252169,87.5059,2.00101,0.757049,0.534854,0.465146,1.26514,0.229623,1.57752,3,False,False,False,True
94773,2018-06-02 22:30:00+00:00,-1,True,-75.6037,-1.89388,39.9199,0.219235,87.2678,2.04607,0.77247,0.123596,0.876404,0.636538,0.0698345,-3.51533,22,False,False,False,True
94898,2018-06-05 13:00:00+00:00,-1,True,-86.8957,-1.70779,50.8818,0.316182,87.1738,1.85554,0.699965,0.367247,0.632753,0.854495,0.129452,3.37489,13,False,False,False,True
95017,2018-06-08 00:30:00+00:00,1,True,-97.6757,-2.425,40.2787,0.223316,87.1738,2.54848,0.961235,0.657639,0.657639,0.945944,0.155023,2.37493,0,False,False,False,True
95080,2018-06-09 08:00:00+00:00,-1,False,24.9179,0.795246,31.3336,0.128425,87.1738,1.50961,0.569321,0.446711,0.553289,0.971503,0.161844,-1.01104,8,False,False,False,True
95110,2018-06-09 23:00:00+00:00,-1,False,462.961,15.7062,29.4762,0.106935,87.1738,2.07928,0.784164,0.339306,0.660694,0.650117,0.0747432,1.09086,23,True,True,True,True
95190,2018-06-11 15:00:00+00:00,-1,False,-150.715,-1.90184,79.2469,0.549829,87.3152,2.17983,0.821354,0.239169,0.760831,1.7904,0.344349,9.81527,15,False,False,False,True
95226,2018-06-12 09:00:00+00:00,1,True,-89.2836,-1.6578,53.8566,0.342637,87.2806,1.63677,0.616731,0.680159,0.680159,1.17027,0.208847,-6.98098,9,False,False,False,True
95329,2018-06-14 12:30:00+00:00,1,False,147.424,2.19745,67.0888,0.460902,87.0633,1.82852,0.687982,0.725869,0.725869,1.16069,0.207106,-4.655,12,False,False,False,True
95394,2018-06-15 21:00:00+00:00,-1,False,55.9626,0.778055,71.9262,0.498973,87.0832,2.28086,0.859422,0.140034,0.859966,1.53077,0.290868,3.04946,21,False,False,False,True
95448,2018-06-17 00:00:00+00:00,-1,True,-112.723,-1.92701,58.4964,0.386901,86.9672,2.10951,0.795562,0.510292,0.489708,3.43674,0.603054,2.06954,0,False,False,False,True
95481,2018-06-17 16:30:00+00:00,1,False,-119.609,-2.38873,50.0722,0.308619,86.8018,2.75947,1.04096,0.568777,0.568777,1.27503,0.234874,-1.15413,16,False,False,False,True
95519,2018-06-18 11:30:00+00:00,-1,True,-130.963,-2.92585,44.7607,0.263499,86.6498,2.6586,1.00264,0.1816,0.8184,1.0284,0.176484,3.77341,11,False,False,False,True
95682,2018-06-21 21:00:00+00:00,1,False,-621.899,-15.4182,40.3354,0.224971,86.2626,1.52387,0.573591,0.521621,0.521621,0.585425,0.0561358,1.85838,21,False,False,False,True
95766,2018-06-23 15:00:00+00:00,-1,False,55.9656,0.814182,68.7384,0.481079,85.997,2.04324,0.769487,0.474978,0.525022,1.73832,0.339583,7.41615,15,False,False,False,True
95831,2018-06-24 23:30:00+00:00,-1,False,-26.7045,-0.308066,86.6843,0.605708,85.7519,2.59248,0.977708,0.587975,0.412025,8.90026,0.935074,2.09191,23,False,False,False,False
95858,2018-06-25 13:00:00+00:00,-1,True,-260.808,-3.33386,78.2301,0.554195,85.6118,2.80403,1.05749,0.0611879,0.938812,1.70812,0.333704,2.39469,13,False,False,False,True
95896,2018-06-26 08:00:00+00:00,-1,False,49.1016,0.960125,51.1408,0.323373,85.4813,2.2358,0.843192,0.213638,0.786362,0.980103,0.166553,0.526406,8,False,False,False,True
95954,2018-06-27 13:00:00+00:00,-1,False,-68.5701,-1.22778,55.8488,0.369235,85.2221,2.49982,0.941433,0.639465,0.360535,1.24834,0.233219,2.88553,13,False,False,False,True
96097,2018-06-30 12:30:00+00:00,1,True,-73.1494,-1.26829,57.6757,0.389298,85.0949,1.32376,0.497889,0.838345,0.838345,1.00549,0.175143,7.86822,12,False,False,False,True
96133,2018-07-01 06:30:00+00:00,1,False,-130.703,-2.55351,51.1854,0.325057,85.068,1.97666,0.743494,0.849016,0.849016,1.16343,0.21484,5.76407,6,False,False,False,True
96184,2018-07-02 08:00:00+00:00,1,False,454.992,9.87489,46.0756,0.279566,85.0379,2.57579,0.968754,0.498048,0.498048,1.38391,0.269178,2.73218,8,True,True,False,True
96369,2018-07-06 04:30:00+00:00,-1,True,-99.6664,-2.00205,49.7823,0.314869,84.8303,1.63965,0.615705,0.187683,0.812317,1.1337,0.208933,0.904998,4,False,False,False,True
96524,2018-07-09 10:00:00+00:00,-1,False,-22.713,-0.608847,37.3048,0.19629,84.6292,2.70224,1.01411,0.118788,0.881212,0.67098,0.0839326,-2.16076,10,False,False,False,True
96631,2018-07-11 15:30:00+00:00,-1,False,29.7578,0.592677,50.2091,0.321404,84.5628,2.41911,0.907333,0.554916,0.445084,1.25254,0.241239,5.11197,15,False,False,False,True
96767,2018-07-14 11:30:00+00:00,1,False,36.5249,0.895499,40.7873,0.232705,84.5628,2.10071,0.788363,0.79794,0.79794,0.639145,0.0736587,-3.01886,11,False,False,False,True
96801,2018-07-15 04:30:00+00:00,1,False,166.859,4.61321,36.1698,0.184846,84.5628,1.35788,0.50959,0.720611,0.720611,0.725172,0.101341,-1.20134,4,False,False,False,True
96887,2018-07-16 23:30:00+00:00,1,False,-3.99928,-0.0765564,52.2396,0.340896,84.5628,1.85871,0.696745,0.91359,0.91359,1.6524,0.32988,8.61109,23,False,False,False,True
97090,2018-07-21 05:00:00+00:00,1,False,136.583,1.9566,69.806,0.500742,84.7454,1.55994,0.584041,0.46303,0.46303,2.14153,0.424229,1.61018,5,False,False,False,True
97334,2018-07-26 07:00:00+00:00,1,False,-4.27363,-0.0768401,55.6172,0.365439,84.7601,1.54437,0.575354,0.790985,0.790985,1.5705,0.30742,6.66533,7,False,False,False,True
97473,2018-07-29 04:30:00+00:00,-1,False,-4.74388,-0.109556,43.3008,0.243008,84.7601,2.35433,0.876367,0.375776,0.624224,1.67102,0.327454,-2.72419,4,False,False,False,True
97499,2018-07-29 17:30:00+00:00,-1,False,65.0696,1.56753,41.5109,0.225228,84.7601,2.36269,0.878947,0.628367,0.371633,1.41169,0.270576,-2.34894,17,False,False,False,True
97885,2018-08-06 18:30:00+00:00,-1,True,-111.151,-1.82374,60.9467,0.419635,84.3029,1.88839,0.701415,0.0701294,0.929871,1.29734,0.241438,6.82936,18,False,False,False,True
97965,2018-08-08 10:30:00+00:00,-1,False,321.944,3.45538,93.172,0.653396,84.4126,2.18515,0.811886,0.258748,0.741252,3.21323,0.580251,8.42572,10,False,False,False,False
98015,2018-08-09 11:30:00+00:00,1,False,378.902,6.33429,59.8176,0.405365,84.54,1.81273,0.673415,0.540848,0.540848,0.960007,0.156164,-10.7495,11,False,False,False,True
98117,2018-08-11 14:30:00+00:00,1,False,236.612,3.15508,74.994,0.53653,84.7439,2.39351,0.889339,0.817613,0.817613,0.955206,0.15391,-7.04634,14,False,False,False,True
98192,2018-08-13 04:00:00+00:00,1,False,-90.5481,-1.42232,63.662,0.438099,84.846,1.28042,0.475737,0.789958,0.789958,1.02643,0.17266,-0.761688,4,False,False,False,True
98310,2018-08-15 15:00:00+00:00,1,True,-175.664,-1.99671,87.9765,0.617295,85.1684,1.93988,0.719801,0.795413,0.795413,2.81664,0.519378,2.53794,15,False,False,False,False
98362,2018-08-16 17:00:00+00:00,1,False,69.3244,0.825851,83.943,0.590611,85.312,2.70666,1.00405,0.565935,0.565935,2.37552,0.450285,1.5786,17,False,False,False,True
98485,2018-08-19 06:30:00+00:00,1,False,-24.8352,-0.504861,49.1921,0.284817,85.3575,2.71078,1.00571,0.682016,0.682016,1.34265,0.246005,-0.171157,6,False,False,False,True
98643,2018-08-22 13:30:00+00:00,1,False,-363.217,-6.16258,58.9392,0.382962,85.3903,1.80618,0.669801,0.370007,0.370007,1.38785,0.254566,4.90093,13,False,False,False,True
98727,2018-08-24 07:30:00+00:00,1,True,-95.7059,-2.48304,38.5439,0.184132,85.4364,1.97932,0.73401,1.01227,1.01227,0.824661,0.113185,2.71111,7,False,False,False,True
98861,2018-08-27 02:30:00+00:00,-1,False,-79.067,-1.80722,43.7505,0.228682,85.4364,2.17432,0.805629,0.508588,0.491412,0.963271,0.147717,-2.13102,2,False,False,False,True
98965,2018-08-29 06:30:00+00:00,1,False,-82.4472,-2.00221,41.1782,0.202626,85.4364,2.47954,0.91857,0.551043,0.551043,1.13125,0.19024,8.567,6,False,False,False,True
99103,2018-09-01 03:30:00+00:00,1,False,234.987,5.76785,40.7408,0.195405,85.4364,2.03227,0.75223,0.559643,0.559643,0.659242,0.0667237,3.582,3,False,False,False,True
99238,2018-09-03 23:00:00+00:00,-1,True,-116.016,-2.76973,41.8869,0.203396,85.4364,1.82744,0.675472,0.0919392,0.908061,0.864168,0.113699,-3.31637,23,False,False,False,True
99298,2018-09-05 05:00:00+00:00,-1,False,588.486,20.1637,29.1853,0.0886986,85.4364,1.68664,0.62341,0.362932,0.637068,0.556816,0.041153,-5.53681,5,True,True,True,True
99376,2018-09-06 20:00:00+00:00,1,False,-14.8563,-0.195896,75.8375,0.533476,85.5808,2.20302,0.814251,0.867244,0.867244,1.72303,0.322317,-9.52793,20,False,False,False,True
99421,2018-09-07 18:30:00+00:00,-1,False,-61.978,-0.865986,71.5693,0.498944,85.5808,2.67609,0.988708,0.371924,0.628076,2.01199,0.379481,7.61834,18,False,False,False,True
99456,2018-09-08 12:00:00+00:00,-1,False,383.762,10.8794,35.2743,0.14004,85.5808,1.73057,0.639471,0.494108,0.505892,0.832403,0.106107,9.74806,12,True,False,False,True
99547,2018-09-10 09:30:00+00:00,-1,True,-93.0763,-1.97607,47.1017,0.251027,85.5808,1.89362,0.699458,0.312832,0.687168,1.48812,0.266809,5.63333,9,False,False,False,True
99650,2018-09-12 13:00:00+00:00,1,False,229.127,5.35776,42.7655,0.206963,85.5808,2.15178,0.793787,0.481143,0.481143,0.940197,0.132648,-3.12658,13,False,False,False,True
99920,2018-09-18 04:00:00+00:00,-1,False,-169.097,-3.99206,42.3584,0.199115,85.5808,1.82915,0.671031,0.350213,0.649787,1.47232,0.259361,6.82367,4,False,False,False,True
100023,2018-09-20 07:30:00+00:00,1,False,7.76646,0.184683,42.0529,0.193978,85.6058,1.17177,0.429468,0.803012,0.803012,0.478796,0.0235445,1.22155,7,False,False,False,True
100096,2018-09-21 20:00:00+00:00,1,False,-176.74,-3.0444,58.0541,0.367808,85.6058,2.78565,1.01813,0.920916,0.920916,1.14415,0.178482,7.09205,20,False,False,False,True
100139,2018-09-22 17:30:00+00:00,-1,False,-81.4203,-2.01907,40.3256,0.174344,85.6058,1.67418,0.610749,0.330315,0.669685,0.956203,0.12871,-4.07296,17,False,False,False,True
100292,2018-09-25 22:00:00+00:00,1,False,115.145,2.31963,49.6396,0.270491,85.6058,2.78157,1.0134,0.501544,0.501544,1.33789,0.22403,-5.00634,22,False,False,False,True
100334,2018-09-26 19:00:00+00:00,-1,False,83.4366,2.27465,36.6811,0.136301,85.6058,1.45749,0.531004,0.602691,0.397309,1.69532,0.30742,0.373891,19,False,False,False,True
100423,2018-09-28 15:30:00+00:00,1,True,-160.739,-2.45022,65.6016,0.445063,85.6058,2.72028,0.990142,0.484436,0.484436,3.33372,0.582306,2.36641,15,False,False,False,True
100477,2018-09-29 18:30:00+00:00,1,False,-21.7857,-0.486742,44.7582,0.217095,85.6058,2.00212,0.727946,0.785469,0.785469,1.10681,0.161615,0.319309,18,False,False,False,True
100609,2018-10-02 12:30:00+00:00,1,True,-90.2296,-2.9403,30.6872,0.0793094,85.6058,2.43791,0.885528,0.643208,0.643208,0.899172,0.102939,-0.107455,12,False,False,False,True
100722,2018-10-04 21:00:00+00:00,-1,False,10.3093,0.381043,27.0554,0.0542808,85.6058,2.75696,1.00031,0.481248,0.518752,0.75438,0.0648116,-1.06809,21,False,False,False,True
100762,2018-10-05 17:00:00+00:00,-1,False,-55.9524,-2.72269,20.5504,0.0215468,85.6058,1.93616,0.702488,0.550372,0.449628,0.455314,0.0120434,-0.603485,17,False,False,False,True
100810,2018-10-06 17:00:00+00:00,1,False,-23.4182,-1.14881,20.3848,0.0206336,85.6058,2.50487,0.908832,0.461014,0.461014,0.624179,0.0369007,0.845132,17,False,False,False,True
100865,2018-10-07 20:30:00+00:00,-1,False,-43.487,-2.50845,17.3362,0.00847603,85.6058,2.30464,0.836184,0.55601,0.44399,0.458394,0.0131564,0.968391,20,False,False,False,True
100934,2018-10-09 07:00:00+00:00,-1,False,11.1955,0.619113,18.0832,0.011387,85.6058,1.85245,0.671847,0.125054,0.874946,0.383606,0.00642123,-2.5457,7,False,False,False,True
101084,2018-10-12 10:00:00+00:00,-1,False,-6.27437,-0.158515,39.5823,0.159817,85.6189,2.69301,0.975679,0.568761,0.431239,1.31789,0.214583,7.29234,10,False,False,False,True
101244,2018-10-15 18:00:00+00:00,1,False,74.8217,1.10862,67.4907,0.460845,85.7096,1.55617,0.562703,0.410481,0.410481,0.928986,0.109047,2.51034,18,False,False,False,True
101283,2018-10-16 13:30:00+00:00,1,True,-53.1919,-1.42975,37.2036,0.134161,85.7096,1.33104,0.481026,0.720455,0.720455,0.974594,0.121975,4.91418,13,False,False,False,True
101357,2018-10-18 02:30:00+00:00,1,False,-21.8658,-1.27198,17.1903,0.00907534,85.7096,2.17076,0.784493,0.605461,0.605461,0.263686,0.00122717,4.72612,2,False,False,False,True
101441,2018-10-19 20:30:00+00:00,-1,False,-56.1562,-2.6712,21.0228,0.0261701,85.7096,1.58029,0.571101,0.469117,0.530883,0.463756,0.014355,0.893595,20,False,False,False,True
101584,2018-10-22 20:00:00+00:00,-1,True,-34.5735,-1.90623,18.1371,0.0134989,85.7096,1.84052,0.664473,0.194636,0.805364,0.353862,0.00507991,1.599,20,False,False,False,True
101610,2018-10-23 09:00:00+00:00,1,False,-15.4671,-1.07332,14.4106,0.00396689,85.7096,2.6122,0.943318,0.426628,0.426628,0.342548,0.00422374,-0.563137,9,False,False,False,True
101732,2018-10-25 22:00:00+00:00,-1,True,-29.1021,-2.04571,14.2259,0.00359589,85.7096,1.76679,0.637828,0.305162,0.694838,0.299023,0.00219749,1.07754,22,False,False,False,True
101844,2018-10-28 06:00:00+00:00,1,True,-16.9165,-2.21258,7.6456,0.000171233,85.7096,0.885443,0.31962,0.804404,0.804404,0.214514,0.000684932,1.05944,6,False,False,False,True
101945,2018-10-30 08:30:00+00:00,-1,False,-12.906,-0.538231,23.9786,0.0498858,85.7096,1.43075,0.516535,0.276509,0.723491,0.597255,0.0402112,6.33696,8,False,False,False,True
101981,2018-10-31 02:30:00+00:00,-1,False,35.2997,1.80445,19.5626,0.0271689,85.7096,2.23588,0.807421,0.333467,0.666533,0.383895,0.0129852,5.54701,2,False,False,False,True
102035,2018-11-01 05:30:00+00:00,1,False,16.0589,0.944772,16.9977,0.0156393,85.7096,1.4546,0.525953,0.429682,0.429682,0.216511,0.00119863,-0.814801,5,False,False,False,True
102127,2018-11-03 03:30:00+00:00,-1,False,16.196,1.27168,12.7359,0.00482306,85.708,2.05681,0.7437,-0.0409185,1.04092,0.206774,0.00128425,-1.56123,3,False,False,False,True
102251,2018-11-05 17:30:00+00:00,-1,False,-7.32976,-0.380822,19.2472,0.0308219,85.5711,2.69972,0.974621,0.20384,0.79616,0.449963,0.0251427,-2.55812,17,False,False,False,True
102305,2018-11-06 20:30:00+00:00,-1,True,-26.2447,-1.45258,18.0677,0.0249429,85.5711,1.37687,0.49701,0.466613,0.533387,0.538895,0.038613,-2.9023,20,False,False,False,True
102415,2018-11-09 03:30:00+00:00,-1,False,83.3343,3.48293,23.9265,0.0603596,85.5711,2.03692,0.734414,0.229121,0.770879,0.602148,0.0486587,2.16265,3,False,False,False,True
102460,2018-11-10 02:00:00+00:00,1,False,19.2117,0.83055,23.1313,0.0575342,85.5711,2.40458,0.867078,0.751597,0.751597,0.612352,0.051484,-4.13326,2,False,False,False,True
102494,2018-11-10 19:00:00+00:00,-1,False,-17.3107,-0.773471,22.3806,0.05371,85.5711,1.80353,0.650747,0.269621,0.730379,0.495705,0.033847,2.75114,19,False,False,False,True
102526,2018-11-11 11:00:00+00:00,-1,False,-21.9352,-1.18661,18.4856,0.028339,85.5711,2.64528,0.954777,-0.029758,1.02976,0.371392,0.0168379,3.41251,11,False,False,False,True
102756,2018-11-16 06:00:00+00:00,-1,False,-20.4305,-0.258524,79.0275,0.555023,85.9328,1.31782,0.475199,0.509988,0.490012,2.90055,0.522003,8.1209,6,False,False,False,True
102815,2018-11-17 11:30:00+00:00,-1,False,-84.8985,-1.93048,43.9779,0.215668,85.9328,2.27079,0.819477,0.37936,0.62064,0.890679,0.114184,10.056,11,False,False,False,True
103063,2018-11-22 15:30:00+00:00,1,False,-508.3,-4.87778,104.207,0.704395,86.6362,2.67498,0.964537,0.30074,0.30074,3.2933,0.573202,-6.6733,15,False,False,False,False
103209,2018-11-25 16:30:00+00:00,-1,True,-469.987,-2.20307,213.333,0.95391,87.1315,2.50498,0.903009,0.46976,0.53024,8.13652,0.912614,6.23253,16,False,False,False,False
103239,2018-11-26 07:30:00+00:00,1,False,-690.995,-4.11315,167.997,0.904852,87.2486,2.45983,0.886271,0.83261,0.83261,4.12734,0.667922,-1.45828,7,False,False,False,False
103290,2018-11-27 09:00:00+00:00,-1,False,-374.624,-2.13412,175.54,0.914926,87.445,2.03313,0.732531,0.0136457,0.986354,3.57264,0.603425,5.27484,9,False,False,False,False
103415,2018-11-29 23:30:00+00:00,1,True,-306.84,-2.22605,137.841,0.832106,88.0089,2.08922,0.751558,0.51971,0.51971,4.71026,0.722745,2.91784,23,False,False,False,False
103458,2018-11-30 21:00:00+00:00,-1,False,-41.6564,-0.363025,114.748,0.744692,88.2114,1.86981,0.672785,0.138641,0.861359,1.64634,0.288242,2.74242,21,False,False,False,False
103686,2018-12-05 15:00:00+00:00,-1,False,261.349,3.31659,78.8007,0.531906,88.9465,2.13332,0.767482,0.192483,0.807517,2.00711,0.359361,4.38077,15,False,False,False,True
103727,2018-12-06 11:30:00+00:00,-1,False,904.63,9.8652,91.6991,0.617009,89.106,2.50719,0.902126,0.522058,0.477942,5.39434,0.776199,3.02478,11,True,True,False,False
103833,2018-12-08 16:30:00+00:00,1,True,-214.675,-1.91647,112.016,0.729566,89.5146,2.29892,0.826772,0.547665,0.547665,3.83954,0.627112,-5.06613,16,False,False,False,False
103873,2018-12-09 12:30:00+00:00,1,False,424.418,5.01286,84.6659,0.566124,89.6375,2.72271,0.979673,0.800307,0.800307,1.57274,0.26407,-3.17968,12,False,True,False,True
103900,2018-12-10 02:00:00+00:00,1,False,-297.092,-3.1035,95.7279,0.638927,89.746,2.45838,0.884794,0.48997,0.48997,2.34026,0.413128,1.04738,2,False,False,False,False
103949,2018-12-11 02:30:00+00:00,-1,True,-137.824,-1.68489,81.7997,0.544178,89.843,1.94737,0.700879,0.171271,0.828729,2.19052,0.387671,4.12609,2,False,False,False,True
104003,2018-12-12 05:30:00+00:00,1,False,267.647,4.43716,60.3194,0.361929,89.843,1.47372,0.530268,0.573832,0.573832,1.48481,0.239669,-4.09119,5,False,False,False,True
104106,2018-12-14 09:00:00+00:00,-1,False,291.504,4.01706,72.5665,0.474201,89.8672,2.28613,0.822457,0.327315,0.672685,1.56487,0.257363,5.28108,9,False,False,False,True
104223,2018-12-16 19:30:00+00:00,1,True,-125.229,-2.40627,52.0429,0.263642,89.8672,1.62702,0.584929,0.679408,0.679408,1.78763,0.304481,-1.63155,19,False,False,False,True
104326,2018-12-18 23:00:00+00:00,1,False,733.362,7.88125,93.0515,0.621204,89.9692,2.09833,0.754489,0.884544,0.884544,2.46407,0.424914,5.67729,23,True,True,False,False
104389,2018-12-20 06:30:00+00:00,-1,False,-975.161,-10.1251,96.3108,0.639926,90.2696,2.20578,0.791957,0.280561,0.719439,1.92802,0.328482,-4.38557,6,False,False,False,False
104483,2018-12-22 05:30:00+00:00,-1,False,-142.083,-1.39163,102.099,0.67286,90.6805,1.67307,0.600604,0.0381621,0.961838,1.41919,0.216153,-0.20518,5,False,False,False,False
104509,2018-12-22 18:30:00+00:00,1,False,330.124,3.68522,89.5805,0.592209,90.7458,2.74031,0.983796,0.463532,0.463532,3.05214,0.516039,1.23148,18,False,False,False,True
104550,2018-12-23 15:00:00+00:00,-1,True,-183.934,-2.31551,79.4357,0.51992,90.8731,2.062,0.740823,0.0667119,0.933288,1.718,0.284817,-3.35306,15,False,False,False,True
104716,2018-12-27 02:00:00+00:00,-1,False,20.2424,0.219664,92.1519,0.606393,91.2643,2.79454,1.00304,0.251644,0.748356,2.42448,0.414384,2.56211,2,False,False,False,False
104839,2018-12-29 15:30:00+00:00,1,False,-369.043,-5.51329,66.937,0.409275,91.3514,2.08868,0.749915,0.529191,0.529191,1.56339,0.248973,3.21633,15,False,False,False,True
104869,2018-12-30 06:30:00+00:00,1,False,163.232,2.15837,75.6276,0.484675,91.3798,1.68377,0.604933,0.386478,0.386478,7.81356,0.895947,-1.58121,6,False,False,False,True
105270,2019-01-07 15:00:00+00:00,1,True,-94.4308,-1.70009,55.5445,0.288841,90.8742,1.59694,0.572894,0.647062,0.647062,1.45947,0.227283,6.37895,15,False,False,False,True
105303,2019-01-08 07:30:00+00:00,1,False,60.3036,1.40915,42.7944,0.154852,90.7426,1.63678,0.587345,0.381163,0.381163,1.20951,0.169121,3.91138,7,False,False,False,True
105374,2019-01-09 19:00:00+00:00,1,True,-91.9604,-2.05977,44.646,0.172945,90.5063,1.9931,0.714895,0.517732,0.517732,1.15491,0.157791,2.41033,19,False,False,False,True
105448,2019-01-11 08:00:00+00:00,1,False,25.9618,0.445079,58.3308,0.322032,90.54,1.89332,0.679103,0.949605,0.949605,1.14307,0.155051,-9.97405,8,False,False,False,True
105494,2019-01-12 07:00:00+00:00,-1,True,-72.7078,-1.52097,47.8036,0.203253,90.3656,1.20616,0.43263,0.155008,0.844992,1.16966,0.161587,9.02122,7,False,False,False,True
105526,2019-01-12 23:00:00+00:00,-1,False,17.1637,0.446288,38.4588,0.117066,90.2138,2.05544,0.737379,0.261099,0.738901,0.461336,0.0226027,7.97874,23,False,False,False,True
105643,2019-01-15 09:30:00+00:00,-1,False,206.647,5.40475,38.2344,0.115982,89.9692,1.2267,0.440072,-0.113794,1.11379,0.674321,0.0511416,-0.56028,9,False,False,False,True
105737,2019-01-17 08:30:00+00:00,1,False,99.9419,2.46811,40.4933,0.134846,89.9692,1.45046,0.520123,0.445475,0.445475,1.13063,0.155537,-2.01373,8,False,False,False,True
105791,2019-01-18 11:30:00+00:00,-1,False,9.72078,0.262047,37.0956,0.106935,89.9349,2.5608,0.918281,0.070101,0.929899,0.582181,0.037129,0.367474,11,False,False,False,True
105830,2019-01-19 07:00:00+00:00,-1,False,-243.757,-8.36146,29.1524,0.0610731,89.8866,1.88798,0.67719,0.453887,0.546113,0.705721,0.0565925,0.106084,7,False,False,False,True
105877,2019-01-20 06:30:00+00:00,-1,False,466.5,18.1221,25.742,0.049629,89.8866,1.65916,0.595103,0.35961,0.64039,0.697334,0.0556507,-4.67711,6,True,True,True,True
106012,2019-01-23 02:00:00+00:00,1,False,-44.8908,-1.11061,40.4199,0.136958,89.8866,1.46991,0.526909,0.466757,0.466757,0.519786,0.0302511,0.343708,2,False,False,False,True
106074,2019-01-24 09:00:00+00:00,1,False,67.2162,2.08457,32.2447,0.0748288,89.8866,2.26096,0.810384,0.544481,0.544481,0.811219,0.0802226,-2.15856,9,False,False,False,True
106143,2019-01-25 19:30:00+00:00,-1,False,-210.244,-5.76087,36.4952,0.105908,89.8866,2.68591,0.96291,0.382838,0.617162,1.03492,0.139897,1.4681,19,False,False,False,True
106218,2019-01-27 09:00:00+00:00,1,True,-54.8891,-1.9766,27.7695,0.0557363,89.8866,1.7854,0.640229,0.637834,0.637834,0.737501,0.0649829,-0.738419,9,False,False,False,True
106300,2019-01-29 02:00:00+00:00,-1,False,36.9962,0.948425,39.008,0.124715,89.8866,2.40182,0.860968,0.396625,0.603375,0.885559,0.0962043,6.64204,2,False,False,False,True
106430,2019-01-31 19:00:00+00:00,-1,False,61.7409,1.87281,32.967,0.0737443,89.8866,2.32653,0.833367,0.0136075,0.986393,0.575629,0.0348174,3.81521,19,False,False,False,True
106490,2019-02-02 01:00:00+00:00,-1,False,-16.3071,-0.478028,34.1134,0.0821347,89.8866,2.16363,0.775014,0.326352,0.673648,1.00841,0.131307,0.0547514,1,False,False,False,True
106519,2019-02-02 15:30:00+00:00,-1,False,-37.6802,-1.38211,27.2628,0.0484304,89.8866,2.07347,0.743132,0.620429,0.379571,1.02493,0.136273,-0.170696,15,False,False,False,True
106596,2019-02-04 06:00:00+00:00,-1,False,-14.2255,-0.543536,26.1721,0.0453767,89.8866,1.82373,0.653581,0.605723,0.394277,1.03064,0.138642,1.42871,6,False,False,False,True
106669,2019-02-05 18:30:00+00:00,1,False,-146.549,-6.30735,23.2346,0.0380137,89.8866,2.10486,0.754435,0.718579,0.718579,0.386299,0.0141553,0.394482,18,False,False,False,True
106778,2019-02-08 01:00:00+00:00,-1,False,-134.895,-7.12624,18.9294,0.0201484,89.8866,1.51495,0.543115,0.236152,0.763848,0.289387,0.00496575,4.70362,1,False,False,False,True
106906,2019-02-10 17:00:00+00:00,1,True,-81.4638,-2.54079,32.0624,0.0763984,89.6815,1.98885,0.713614,0.896742,0.896742,0.743297,0.0684361,7.27044,17,False,False,False,True
106954,2019-02-11 17:00:00+00:00,-1,False,32.2477,0.948305,34.0056,0.0904395,89.6787,2.76133,0.991268,0.439316,0.560684,0.639975,0.0499429,-3.18818,17,False,False,False,True
106987,2019-02-12 09:30:00+00:00,-1,False,-50.9766,-1.7039,29.9176,0.0662671,89.6787,2.69366,0.966976,0.171579,0.828421,0.70916,0.0621861,-0.309011,9,False,False,False,True
107022,2019-02-13 03:00:00+00:00,1,True,-58.4154,-1.77046,32.9945,0.0833333,89.6787,1.60179,0.574875,0.704402,0.704402,0.905958,0.10782,2.55537,3,False,False,False,True
107058,2019-02-13 21:00:00+00:00,-1,True,-42.2067,-1.39282,30.3031,0.0675799,89.6787,1.5398,0.552804,0.163757,0.836243,0.527393,0.0331336,0.371871,21,False,False,False,True
107106,2019-02-14 21:00:00+00:00,-1,False,-25.009,-0.997604,25.0691,0.0455765,89.6787,2.03864,0.732429,0.477489,0.522511,0.665281,0.0556507,0.696034,21,False,False,False,True
107325,2019-02-19 10:30:00+00:00,-1,False,-93.1443,-1.72665,53.9451,0.281878,89.6854,2.03302,0.72964,0.260007,0.739993,1.53151,0.263442,-7.98631,10,False,False,False,True
107392,2019-02-20 20:00:00+00:00,1,False,-37.3382,-0.840901,44.4027,0.183333,89.6854,1.69935,0.609531,0.509343,0.509343,1.01202,0.141381,7.02858,20,False,False,False,True
107499,2019-02-23 01:30:00+00:00,-1,False,5.9968,0.203668,29.444,0.0664669,89.6854,1.94617,0.698471,0.457585,0.542415,0.635513,0.0525114,-4.95229,1,False,False,False,True
107612,2019-02-25 10:00:00+00:00,1,False,117.707,2.34735,50.1448,0.239669,89.6167,1.97952,0.710438,0.57902,0.57902,1.08075,0.161216,-7.00115,10,False,False,False,True
107661,2019-02-26 10:30:00+00:00,1,False,-16.4241,-0.389087,42.212,0.166381,89.5898,2.2036,0.791115,0.438211,0.438211,1.87863,0.340639,-4.37652,10,False,False,False,True
107695,2019-02-27 03:30:00+00:00,1,False,1.78858,0.0526999,33.939,0.0951199,89.5898,2.75844,0.990305,0.69943,0.69943,0.717707,0.0687215,-3.63265,3,False,False,False,True
107875,2019-03-02 21:30:00+00:00,1,True,-51.3516,-1.98361,25.8879,0.050371,89.5898,1.76726,0.633722,0.757839,0.757839,0.494618,0.0299658,-0.441021,21,False,False,False,True
108067,2019-03-06 21:30:00+00:00,-1,False,14.6727,0.471926,31.0912,0.0814783,89.5898,1.3794,0.494411,0.439231,0.560769,0.652593,0.0583333,-3.8131,21,False,False,False,True
108097,2019-03-07 12:30:00+00:00,1,False,14.2658,0.390566,36.526,0.123944,89.5849,2.58816,0.927598,0.467595,0.467595,1.25044,0.207648,3.06361,12,False,False,False,True
108216,2019-03-10 00:00:00+00:00,1,True,-83.3879,-2.18273,38.2035,0.138927,89.3052,1.75777,0.630168,0.737209,0.737209,1.0889,0.17149,3.67763,0,False,False,False,True
108363,2019-03-13 01:30:00+00:00,-1,False,-16.4326,-0.634655,25.8921,0.0516267,89.0706,2.01176,0.721016,0.396384,0.603616,0.564812,0.0418379,0.442585,1,False,False,False,True
108417,2019-03-14 04:30:00+00:00,-1,False,-3.26072,-0.136751,23.8442,0.0425228,89.0706,2.11537,0.757913,0.448829,0.551171,0.48436,0.0291952,0.636422,4,False,False,False,True
108478,2019-03-15 11:00:00+00:00,1,False,83.4605,3.24946,25.6845,0.0526256,89.0706,2.61004,0.935937,0.817436,0.817436,0.472592,0.028282,0.907954,11,False,False,False,True
108600,2019-03-18 00:00:00+00:00,-1,True,-41.2364,-2.0599,20.0186,0.0257705,88.8369,2.13267,0.76495,0.239404,0.760596,0.427531,0.0218037,-4.51957,0,False,False,False,True
108656,2019-03-19 04:00:00+00:00,-1,False,-41.1251,-1.88659,21.7986,0.0356164,88.6525,2.35374,0.84425,0.580357,0.419643,0.635538,0.0598744,-3.14016,4,False,False,False,True
108761,2019-03-21 08:30:00+00:00,1,False,-134.752,-5.62612,23.9511,0.0454623,88.4027,2.50884,0.899649,0.646784,0.646784,0.523141,0.0379566,5.28407,8,False,False,False,True
108810,2019-03-22 09:00:00+00:00,1,False,6.18948,0.303056,20.4236,0.0287957,88.3978,2.59247,0.929879,0.600015,0.600015,0.4796,0.0304224,-0.589245,9,False,False,False,True
108845,2019-03-23 02:30:00+00:00,1,True,-65.8838,-3.18047,20.7151,0.030879,88.2543,2.42528,0.870207,0.79196,0.79196,0.643238,0.0632135,1.18798,2,False,False,False,True
108891,2019-03-24 01:30:00+00:00,-1,False,0.00974256,0.000543305,17.932,0.016895,88.1701,2.54525,0.91377,0.356795,0.643205,0.375909,0.0152968,1.34271,1,False,False,False,True
109065,2019-03-27 16:30:00+00:00,-1,False,9.13318,0.304419,30.002,0.0915811,87.4794,2.80629,1.00889,0.531163,0.468837,1.37228,0.255137,-3.92663,16,False,False,False,True
109116,2019-03-28 18:00:00+00:00,-1,False,-30.4317,-1.42637,21.3351,0.0376712,87.4214,2.32298,0.835202,0.488148,0.511852,0.500036,0.0366153,-3.46454,18,False,False,False,True
109273,2019-04-01 00:30:00+00:00,-1,True,-67.8951,-3.11326,21.8083,0.0420947,87.3065,1.37046,0.493034,-0.224255,1.22425,0.400127,0.0197489,-2.28585,0,False,False,False,True
109299,2019-04-01 13:30:00+00:00,1,False,115.859,4.42403,26.1886,0.0676655,87.3065,1.97545,0.710908,0.59155,0.59155,0.452818,0.0281963,4.67088,13,False,False,False,True
109427,2019-04-04 05:30:00+00:00,1,False,-326.845,-2.23537,146.215,0.863099,87.6895,2.38881,0.859531,0.404013,0.404013,9.23497,0.936473,5.39568,5,False,False,False,False
109472,2019-04-05 04:00:00+00:00,-1,True,-150.085,-1.78725,83.9753,0.573373,87.8899,1.91568,0.689471,0.448845,0.551155,2.76589,0.505651,-3.46359,4,False,False,False,True
109523,2019-04-06 05:30:00+00:00,1,True,-81.9104,-1.65834,49.3928,0.26621,87.8899,1.39329,0.50146,0.619971,0.619971,1.01376,0.172489,6.82435,5,False,False,False,True
109660,2019-04-09 02:00:00+00:00,-1,False,92.8646,1.32392,70.1439,0.469663,88.015,2.48649,0.896028,0.626007,0.373993,2.33003,0.440925,-4.40313,2,False,False,False,True
109708,2019-04-10 02:00:00+00:00,1,False,60.2083,1.03137,58.3771,0.357991,88.015,2.80509,1.01084,0.927063,0.927063,0.986186,0.164441,3.11435,2,False,False,False,True
109832,2019-04-12 16:00:00+00:00,-1,False,-87.4709,-1.66143,52.6479,0.296747,88.0851,1.84433,0.664619,0.659406,0.340594,2.06645,0.397688,2.16099,16,False,False,False,True
110051,2019-04-17 05:30:00+00:00,1,False,-21.3054,-0.417773,50.9976,0.280023,88.0211,2.37634,0.855269,0.627043,0.627043,1.27868,0.239812,3.85049,5,False,False,False,True
110244,2019-04-21 06:00:00+00:00,-1,False,130.193,4.25167,30.6216,0.0998573,88.0211,1.79131,0.644441,0.398458,0.601542,1.29309,0.244292,-2.98366,6,False,False,False,True
110271,2019-04-21 19:30:00+00:00,-1,False,-80.5446,-2.07695,38.7803,0.167009,88.0211,2.61193,0.939913,0.21083,0.78917,0.907691,0.139212,0.919234,19,False,False,False,True
110372,2019-04-23 22:00:00+00:00,-1,False,259.901,5.48773,47.3604,0.242751,88.0211,2.31067,0.831502,0.263403,0.736597,0.826472,0.116866,-7.20618,22,False,False,False,True
110515,2019-04-26 21:30:00+00:00,1,False,93.3111,1.38048,67.593,0.444292,88.1175,2.64592,0.952968,0.336357,0.336357,2.74104,0.499001,-6.42354,21,False,False,False,True
110550,2019-04-27 15:00:00+00:00,1,False,17.2503,0.472546,36.505,0.144435,88.1175,2.52345,0.909498,0.681512,0.681512,0.699256,0.083105,-5.79885,15,False,False,False,True
110736,2019-05-01 12:00:00+00:00,1,False,17.0297,0.590461,28.8413,0.0860731,88.1175,2.6146,0.942808,0.555121,0.555121,0.817722,0.114041,5.84185,12,False,False,False,True
110762,2019-05-02 01:00:00+00:00,1,False,95.3059,2.66829,35.718,0.139954,88.0958,2.61368,0.942479,0.702099,0.702099,1.12523,0.203139,4.01244,1,False,False,False,True
110806,2019-05-02 23:00:00+00:00,-1,False,-567.932,-14.1557,40.1205,0.179252,88.0551,2.49069,0.898685,0.519666,0.480334,1.1053,0.198887,-4.92044,23,False,False,False,True
111003,2019-05-07 01:30:00+00:00,1,False,112.139,1.92289,58.3179,0.359332,87.7289,2.56421,0.924685,1.08739,1.08739,1.89779,0.373174,4.31011,1,False,False,False,True
111298,2019-05-13 05:00:00+00:00,1,False,1029.19,7.35822,139.869,0.845434,87.351,1.95409,0.70487,0.679288,0.679288,4.0433,0.6629,4.01885,5,False,True,False,False
111414,2019-05-15 15:00:00+00:00,-1,False,-372.459,-2.903,128.301,0.805708,87.5058,2.27325,0.820362,0.317293,0.682707,2.7725,0.510017,-4.21167,15,False,False,False,False
111470,2019-05-16 19:00:00+00:00,-1,False,783.757,6.72661,116.516,0.758505,87.5117,1.86714,0.674097,0.457304,0.542696,3.16447,0.563756,-1.74735,19,False,True,False,False
111522,2019-05-17 21:00:00+00:00,1,False,262.144,1.61569,162.249,0.896518,87.5167,2.11649,0.764137,0.489211,0.489211,3.17156,0.564269,-4.09465,21,False,False,False,False
111553,2019-05-18 12:30:00+00:00,1,False,304.73,2.87562,105.97,0.709561,87.5167,2.40476,0.868408,0.509718,0.509718,3.0587,0.548773,-1.99836,12,False,False,False,False
111646,2019-05-20 11:00:00+00:00,1,False,99.5067,0.772373,128.832,0.806564,87.8832,2.26087,0.817057,0.345644,0.345644,2.83228,0.518037,2.03746,11,False,False,False,False
111687,2019-05-21 07:30:00+00:00,1,True,-161.418,-1.68243,95.9429,0.651484,88.0523,1.70917,0.617999,0.560513,0.560513,2.54782,0.476142,2.41437,7,False,False,False,False
111786,2019-05-23 09:00:00+00:00,-1,True,-142.776,-1.61863,88.2082,0.601341,88.0177,1.64049,0.593478,0.0493844,0.950616,1.93181,0.38145,3.70426,9,False,False,False,False
111831,2019-05-24 07:30:00+00:00,1,False,228.681,3.4312,66.6473,0.443379,87.8832,1.91036,0.691174,0.68579,0.68579,1.64413,0.324971,1.71771,7,False,False,False,True
111907,2019-05-25 21:30:00+00:00,1,False,-133.893,-2.19543,60.987,0.390183,87.5117,2.70398,0.979233,0.54991,0.54991,1.38931,0.269892,2.66743,21,False,False,False,True
111942,2019-05-26 15:00:00+00:00,1,False,939.611,18.3521,51.199,0.284389,87.3711,2.79951,1.01391,0.703302,0.703302,1.31634,0.253967,1.24245,15,True,True,True,True
112004,2019-05-27 22:00:00+00:00,1,True,-155.209,-1.82719,84.9445,0.584389,87.2699,2.18836,0.79257,0.668363,0.668363,2.07249,0.409732,7.08811,22,False,False,False,True
112135,2019-05-30 15:30:00+00:00,1,True,-72.9526,-1.45122,50.2698,0.274172,86.735,1.42333,0.515671,0.882893,0.882893,0.69014,0.0817352,3.61332,15,False,False,False,True
112207,2019-06-01 03:30:00+00:00,-1,False,-25.7098,-0.377744,68.0616,0.460303,86.6531,1.98474,0.718825,0.646273,0.353727,2.71131,0.508019,-0.6881,3,False,False,False,True
112235,2019-06-01 17:30:00+00:00,1,False,41.3493,0.79398,52.0785,0.295634,86.5578,2.58807,0.937654,0.435381,0.435381,1.3147,0.255394,0.833376,17,False,False,False,True
112414,2019-06-05 11:00:00+00:00,1,True,-211.847,-2.42036,87.527,0.606792,86.6022,2.1015,0.761113,0.996683,0.996683,1.76543,0.357877,-4.66732,11,False,False,False,False
112452,2019-06-06 06:00:00+00:00,-1,False,254.844,3.12182,81.6333,0.565782,86.6778,1.99999,0.724007,0.503684,0.496316,2.24479,0.442979,4.082,6,False,False,False,True
112514,2019-06-07 13:00:00+00:00,-1,True,-151.775,-2.41506,62.8452,0.41367,86.4825,2.70668,0.980378,0.560064,0.439936,3.54697,0.618836,0.248774,13,False,False,False,True
112548,2019-06-08 06:00:00+00:00,-1,False,156.393,2.50458,62.4427,0.409675,86.3529,1.80208,0.652614,0.392672,0.607328,2.00069,0.402597,-0.271791,6,False,False,False,True
112608,2019-06-09 12:00:00+00:00,-1,False,337.538,7.73592,43.6326,0.213156,86.2116,2.34365,0.849099,0.21956,0.78044,0.851444,0.123858,1.73325,12,False,False,False,True
112639,2019-06-10 03:30:00+00:00,1,False,353.688,4.32554,81.7673,0.569863,86.2256,2.41004,0.873157,0.655206,0.655206,3.06876,0.562129,-2.88854,3,False,False,False,True
112679,2019-06-10 23:30:00+00:00,1,False,-274.121,-4.12407,66.4685,0.450428,86.2194,2.13416,0.773204,1.03715,1.03715,0.931157,0.148231,2.38927,23,False,False,False,True
112747,2019-06-12 09:30:00+00:00,-1,True,-93.1057,-1.54976,60.0776,0.386501,86.2025,1.42861,0.517408,0.483937,0.516063,2.89048,0.537871,-1.15136,9,False,False,False,True
112796,2019-06-13 10:00:00+00:00,-1,False,-200.118,-4.31438,46.384,0.238128,85.9758,1.36672,0.494951,0.200303,0.799697,0.775016,0.103253,-3.51902,10,False,False,False,True
112982,2019-06-17 07:00:00+00:00,-1,False,-165.586,-1.97233,83.9545,0.589926,85.3809,2.33508,0.844334,0.606027,0.393973,3.21703,0.58516,-5.59908,7,False,False,False,True
113009,2019-06-17 20:30:00+00:00,1,False,-116.523,-1.26297,92.2609,0.648259,85.3122,1.81436,0.656189,0.732113,0.732113,2.10915,0.423944,5.57774,20,False,False,False,False
113337,2019-06-24 16:30:00+00:00,1,False,205.599,2.34552,87.656,0.617865,85.1525,2.05945,0.743708,1.11958,1.11958,2.40908,0.471718,6.52079,16,False,False,False,False
113494,2019-06-27 23:00:00+00:00,1,False,886.082,2.97746,297.596,0.989669,85.0672,2.70873,0.977959,0.512926,0.512926,15.4165,0.987871,-1.52156,23,False,True,False,False
113534,2019-06-28 19:00:00+00:00,1,False,-69.464,-0.37791,183.811,0.934247,85.0672,1.54377,0.557356,0.713121,0.713121,3.55384,0.625542,1.51461,19,False,False,False,False
113752,2019-07-03 08:00:00+00:00,-1,False,-109.409,-0.692811,157.92,0.889954,85.7561,2.56909,0.926354,0.547467,0.452533,8.39366,0.917666,-1.65599,8,False,False,False,False
113779,2019-07-03 21:30:00+00:00,1,False,212.151,1.49452,141.952,0.851084,85.9093,2.61104,0.942111,0.573408,0.573408,3.3889,0.602597,1.82547,21,False,False,False,False
113866,2019-07-05 17:00:00+00:00,-1,False,-178.02,-1.51045,117.859,0.768436,86.2803,2.49461,0.899542,0.485995,0.514005,5.3422,0.778995,0.90349,17,False,False,False,False
113977,2019-07-08 00:30:00+00:00,-1,False,-407.304,-4.43861,91.7639,0.635845,86.6179,2.80002,1.00962,0.613534,0.386466,3.9411,0.658904,-1.40366,0,False,False,False,False
114086,2019-07-10 07:00:00+00:00,-1,False,700.655,6.71549,104.334,0.706707,86.8263,2.45524,0.885643,0.647995,0.352005,5.93115,0.815468,-6.8431,7,False,True,False,False
114385,2019-07-16 12:30:00+00:00,-1,False,1078.72,8.73964,123.429,0.7877,87.1408,2.07384,0.747777,-0.0365801,1.03658,2.18622,0.429395,2.63089,12,True,True,False,False
114428,2019-07-17 10:00:00+00:00,-1,False,-309.616,-2.23452,138.561,0.840068,87.1408,1.47169,0.530684,0.470021,0.529979,3.04007,0.552797,7.88812,10,False,False,False,False
114562,2019-07-20 05:00:00+00:00,1,False,283.44,3.11877,90.8819,0.62617,87.1408,1.47028,0.530199,1.05788,1.05788,2.04304,0.405394,3.06081,5,False,False,False,False
114624,2019-07-21 12:00:00+00:00,-1,False,-27.8454,-0.315567,88.2394,0.608761,87.0341,2.78237,1.00326,0.28014,0.71986,1.80577,0.364013,-0.922329,12,False,False,False,False
114788,2019-07-24 22:00:00+00:00,1,False,327.725,3.1706,103.364,0.705651,86.8068,1.84341,0.66429,0.701028,0.701028,3.94981,0.661986,-3.12249,22,False,False,False,False
114885,2019-07-26 22:30:00+00:00,-1,False,287.223,4.41403,65.0704,0.436016,86.5816,2.31522,0.834757,0.322452,0.677548,1.16068,0.217979,2.64047,22,False,False,False,True
114962,2019-07-28 13:00:00+00:00,1,False,148.795,2.52322,58.9704,0.374629,86.3646,2.58157,0.930854,0.667355,0.667355,0.883135,0.132763,-4.71615,13,False,False,False,True
115046,2019-07-30 07:00:00+00:00,1,False,126.241,2.4338,51.8697,0.295519,86.0847,2.22989,0.80399,0.62874,0.62874,1.7106,0.34843,-2.58864,7,False,False,False,True
115379,2019-08-06 05:30:00+00:00,1,True,-136.49,-1.78663,76.3949,0.536644,85.3323,1.51854,0.54755,0.538262,0.538262,1.96384,0.398031,7.44856,5,False,False,False,True
115432,2019-08-07 08:00:00+00:00,-1,True,-168.981,-1.95988,86.2201,0.605394,85.3521,1.57158,0.566674,0.449333,0.550667,3.63282,0.632078,-1.99706,8,False,False,False,False
115459,2019-08-07 21:30:00+00:00,1,False,-27.9112,-0.256306,108.898,0.739384,85.3671,2.48985,0.89787,0.629622,0.629622,4.96438,0.753368,3.57039,21,False,False,False,False
115575,2019-08-10 07:30:00+00:00,1,False,-426.35,-7.36083,57.9215,0.364726,85.2333,2.39536,0.863649,0.499002,0.499002,1.41653,0.285017,2.23297,7,False,False,False,True
115620,2019-08-11 06:00:00+00:00,-1,False,-30.1158,-0.596275,50.5066,0.279424,85.2492,1.38488,0.499354,0.596904,0.403096,1.20511,0.232021,4.26143,6,False,False,False,True
115651,2019-08-11 21:30:00+00:00,1,False,-91.2674,-1.71842,53.1113,0.310759,85.2492,2.52688,0.91118,0.882525,0.882525,1.07418,0.196918,-1.47284,21,False,False,False,True
115783,2019-08-14 15:30:00+00:00,-1,False,759.636,9.35106,81.2353,0.574886,84.7795,2.77613,1.00117,0.290332,0.709668,2.29451,0.458533,7.65204,15,True,True,False,True
115919,2019-08-17 11:30:00+00:00,-1,False,127.825,1.59657,80.0622,0.567323,84.7601,2.5177,0.90858,0.449129,0.550871,1.54721,0.317409,1.07346,11,False,False,False,True
115951,2019-08-18 03:30:00+00:00,-1,True,-153.351,-2.2341,68.6409,0.477083,84.6831,1.92805,0.695902,0.329394,0.670606,1.79894,0.372974,3.67942,3,False,False,False,True
116134,2019-08-21 23:00:00+00:00,-1,False,89.3497,1.13357,78.8215,0.562757,84.1963,1.83482,0.661705,0.479805,0.520195,2.40394,0.47714,4.60743,23,False,False,False,True
116160,2019-08-22 12:00:00+00:00,-1,False,-171.353,-1.99096,86.0657,0.613242,84.1738,2.18903,0.789445,0.524288,0.475712,1.75557,0.365297,4.26356,12,False,False,False,False
116192,2019-08-23 04:00:00+00:00,1,False,255.116,4.40151,57.9609,0.369235,84.0761,2.54935,0.919389,0.551734,0.551734,1.51216,0.310388,-2.10076,4,False,False,False,True
116296,2019-08-25 08:00:00+00:00,1,True,-100.082,-1.75225,57.1164,0.360559,83.8669,1.56233,0.563472,0.648924,0.648924,1.61689,0.336273,-1.41499,8,False,False,False,True
116382,2019-08-27 03:00:00+00:00,-1,False,34.5136,0.569495,60.6038,0.403425,83.8669,2.30275,0.830454,-0.0109392,1.01094,1.26937,0.252711,0.228359,3,False,False,False,True
116437,2019-08-28 06:30:00+00:00,1,True,-139.089,-2.75004,50.5772,0.281393,83.8669,2.56171,0.924112,0.859631,0.859631,1.11247,0.209703,-0.711206,6,False,False,False,True
116684,2019-09-02 10:00:00+00:00,1,False,608.711,18.8188,32.3458,0.111672,83.8115,1.82352,0.658346,0.904378,0.904378,0.490663,0.0365582,3.21636,10,True,True,True,True
116778,2019-09-04 09:00:00+00:00,-1,True,-124.215,-2.0349,61.0422,0.410331,83.4681,1.75586,0.633546,0.0920967,0.907903,1.47811,0.306592,-5.42317,9,False,False,False,True
116849,2019-09-05 20:30:00+00:00,1,False,174.982,2.88461,60.6604,0.406878,83.1545,2.10401,0.759511,0.577198,0.577198,1.12574,0.215183,3.20775,20,False,False,False,True
116928,2019-09-07 12:00:00+00:00,1,False,78.3737,1.73757,45.1053,0.230194,82.8912,1.84316,0.664757,1.13445,1.13445,0.996452,0.177226,-0.372213,12,False,False,False,True
116959,2019-09-08 03:30:00+00:00,1,False,-126.243,-2.88383,43.7764,0.218236,82.872,1.48702,0.536428,0.798754,0.798754,0.610152,0.0642979,1.36198,3,False,False,False,True
117005,2019-09-09 02:30:00+00:00,-1,True,-70.2602,-1.5431,45.532,0.234817,82.775,1.12895,0.407346,0.264222,0.735778,0.89636,0.141781,1.86449,2,False,False,False,True
117056,2019-09-10 04:00:00+00:00,-1,False,87.1717,1.48198,58.821,0.388128,82.4796,1.91288,0.689901,0.458529,0.541471,1.60742,0.341495,1.56365,4,False,False,False,True
117126,2019-09-11 15:00:00+00:00,-1,False,-90.1227,-1.50219,59.9941,0.404338,82.1915,2.60869,0.941567,0.419511,0.580489,1.33187,0.275285,3.93393,15,False,False,False,True
117197,2019-09-13 02:30:00+00:00,-1,False,46.7711,1.0025,46.6543,0.245947,82.0392,2.3769,0.858133,0.562973,0.437027,2.02967,0.428168,-2.82258,2,False,False,False,True
117257,2019-09-14 08:30:00+00:00,1,False,-5.47379,-0.152947,35.7888,0.142551,81.7755,1.76861,0.638532,0.707782,0.707782,0.836774,0.124401,1.82041,8,False,False,False,True
117307,2019-09-15 09:30:00+00:00,-1,False,-21.2487,-0.66992,31.7182,0.107021,81.6101,1.36895,0.494244,-0.0796043,1.0796,0.665412,0.0776541,0.185583,9,False,False,False,True
117436,2019-09-18 02:00:00+00:00,1,True,-93.4224,-2.44172,38.2609,0.167352,81.0889,2.4369,0.881132,0.815348,0.815348,0.887405,0.140925,0.190306,2,False,False,False,True
117476,2019-09-18 22:00:00+00:00,1,False,-344.847,-11.1312,30.9801,0.102683,80.884,2.46962,0.893175,0.618742,0.618742,0.489149,0.0367009,-1.24046,22,False,False,False,True
117559,2019-09-20 15:30:00+00:00,-1,False,37.0303,0.908254,40.7708,0.194207,80.5283,2.51807,0.910876,0.252714,0.747286,0.756444,0.104281,0.17761,15,False,False,False,True
117612,2019-09-21 18:00:00+00:00,-1,False,41.9733,0.851496,49.2937,0.281878,80.3582,2.40759,0.870741,0.084422,0.915578,0.92963,0.158191,3.18925,18,False,False,False,True
117840,2019-09-26 12:00:00+00:00,-1,False,477.748,7.53506,63.4034,0.459218,79.9093,2.14573,0.776825,0.521956,0.478044,1.24615,0.260731,12.6227,12,False,True,False,True
117888,2019-09-27 12:00:00+00:00,-1,False,-297.201,-3.63557,81.7482,0.610959,80.1371,2.72143,0.985247,0.167448,0.832552,1.78323,0.393065,10.8151,12,False,False,False,False
117928,2019-09-28 08:00:00+00:00,1,True,-96.641,-1.70337,56.7352,0.377197,80.255,1.62415,0.587995,0.889079,0.889079,1.22258,0.253624,-5.7444,8,False,False,False,True
117957,2019-09-28 22:30:00+00:00,-1,True,-124.126,-2.04008,60.8437,0.431164,80.2449,1.62011,0.586713,0.286832,0.713168,1.45545,0.316952,6.25932,22,False,False,False,True
118132,2019-10-02 14:00:00+00:00,-1,False,-172.001,-2.77227,62.0435,0.442123,80.4103,1.9343,0.700065,0.462321,0.537679,1.11908,0.22363,0.513451,14,False,False,False,True
118244,2019-10-04 22:00:00+00:00,-1,False,96.4785,1.9382,49.7773,0.290325,80.391,2.45346,0.887669,0.68366,0.31634,1.01179,0.190525,0.645335,22,False,False,False,True
118426,2019-10-08 17:00:00+00:00,-1,False,26.5166,0.557767,47.5407,0.266781,80.391,2.10592,0.761637,0.228077,0.771923,0.983422,0.18008,-1.38791,17,False,False,False,True
118466,2019-10-09 13:00:00+00:00,-1,True,-99.7609,-2.35867,42.2955,0.210388,80.391,2.49262,0.901314,0.48219,0.51781,1.27847,0.272517,-0.799314,13,False,False,False,True
118507,2019-10-10 09:30:00+00:00,-1,False,0.123836,0.0025037,49.4611,0.28867,80.3086,2.56663,0.928261,0.392633,0.607367,0.760158,0.106079,-6.92837,9,False,False,False,True
118544,2019-10-11 04:00:00+00:00,1,False,-278.982,-6.61196,42.1936,0.209361,80.276,2.38639,0.863075,0.720444,0.720444,0.928005,0.159903,5.94427,4,False,False,False,True
118643,2019-10-13 05:30:00+00:00,-1,True,-61.47,-1.9382,31.715,0.108676,80.1447,1.48383,0.536946,0.294547,0.705453,0.655284,0.0771404,1.00735,5,False,False,False,True
118751,2019-10-15 11:30:00+00:00,1,False,-169.479,-4.59093,36.916,0.158562,79.7148,2.1488,0.776383,0.326561,0.326561,0.839666,0.13125,-1.08573,11,False,False,False,True
118827,2019-10-17 01:30:00+00:00,-1,False,-101.547,-2.76628,36.709,0.157506,79.4836,2.75237,0.993427,0.453644,0.546356,0.80467,0.121033,7.86781,1,False,False,False,True
118872,2019-10-18 00:00:00+00:00,1,False,-180.307,-4.91411,36.6918,0.157648,79.4568,1.41784,0.511667,0.592719,0.592719,0.843627,0.133676,-2.35519,0,False,False,False,True
118918,2019-10-18 23:00:00+00:00,1,True,-66.4774,-1.58826,41.8554,0.210303,79.2864,1.58429,0.571984,0.94781,0.94781,0.904546,0.154909,-3.13658,23,False,False,False,True
119035,2019-10-21 09:30:00+00:00,-1,True,-72.8972,-1.99407,36.557,0.156878,78.9798,1.94371,0.701738,0.10569,0.89431,0.627751,0.0707763,-4.8288,9,False,False,False,True
119164,2019-10-24 02:00:00+00:00,-1,False,-50.474,-0.787734,64.075,0.479481,78.6288,2.07859,0.750114,0.196355,0.803645,1.2673,0.279509,10.7145,2,False,False,False,True
119294,2019-10-26 19:00:00+00:00,-1,True,-250.096,-1.36463,183.27,0.937985,78.3199,1.52492,0.550549,0.145198,0.854802,3.23791,0.622688,-4.62498,19,False,False,False,False
119484,2019-10-30 18:00:00+00:00,1,False,3.22549,0.0368459,87.5398,0.657163,78.6248,2.42212,0.873944,0.483929,0.483929,2.44429,0.518493,-0.805278,18,False,False,False,False
119516,2019-10-31 10:00:00+00:00,-1,True,-121.299,-2.00896,60.3788,0.441067,78.6288,1.46013,0.527082,0.000614329,0.999386,1.46962,0.334503,2.1891,10,False,False,False,True
119703,2019-11-04 07:30:00+00:00,1,False,314.042,8.22027,38.2033,0.175029,78.2006,1.70078,0.61405,0.689284,0.689284,0.960288,0.181307,-0.60399,7,True,False,False,True
119744,2019-11-05 04:00:00+00:00,-1,False,80.2261,1.51478,52.9622,0.352797,77.9867,2.44719,0.883534,0.59964,0.40036,2.83641,0.575342,-3.58668,4,False,False,False,True
119837,2019-11-07 02:30:00+00:00,-1,False,107.013,2.8971,36.9381,0.162043,77.6565,2.36199,0.852526,0.397881,0.602119,0.951287,0.177939,-0.344149,2,False,False,False,True
119892,2019-11-08 06:00:00+00:00,-1,False,424.819,10.6924,39.7309,0.195034,77.4186,2.04695,0.739013,0.455703,0.544297,1.16468,0.252683,1.77666,6,True,True,False,True
119957,2019-11-09 14:30:00+00:00,1,False,-102.967,-2.69009,38.2765,0.176998,77.2437,2.02358,0.731699,0.620338,0.620338,0.728387,0.100314,-6.69087,14,False,False,False,True
120074,2019-11-12 01:00:00+00:00,1,True,-58.36,-1.38141,42.2466,0.225228,76.8236,1.72379,0.623559,0.781997,0.781997,0.619323,0.0698345,-4.36168,1,False,False,False,True
120134,2019-11-13 07:00:00+00:00,1,False,6.82289,0.165318,41.2713,0.213813,76.5707,2.34085,0.847139,0.446968,0.446968,1.20118,0.266952,-2.16062,7,False,False,False,True
120269,2019-11-16 02:30:00+00:00,-1,False,-56.1555,-1.14965,48.8457,0.309189,76.0571,2.29599,0.830903,0.172967,0.827033,0.637321,0.0745719,5.00803,2,False,False,False,True
120319,2019-11-17 03:30:00+00:00,-1,True,-59.3516,-2.20088,26.9673,0.0722603,75.8641,2.27342,0.823307,0.401603,0.598397,0.578027,0.0586473,5.04154,3,False,False,False,True
120352,2019-11-17 20:00:00+00:00,1,True,-47.2774,-1.44197,32.7867,0.119635,75.7632,1.23605,0.447667,0.850161,0.850161,0.579917,0.0594463,-0.407431,20,False,False,False,True
120384,2019-11-18 12:00:00+00:00,-1,False,304.338,7.95662,38.2496,0.180023,75.6276,2.04921,0.742237,0.188686,0.811314,0.856177,0.147146,3.40624,12,True,False,False,True
120419,2019-11-19 05:30:00+00:00,-1,False,57.9817,1.23958,46.7752,0.288699,75.5261,2.30918,0.836257,0.201219,0.798781,1.07099,0.230479,7.91196,5,False,False,False,True
120862,2019-11-28 11:00:00+00:00,-1,False,69.402,0.883675,78.538,0.61895,75.7896,1.60645,0.580871,0.245859,0.754141,1.23815,0.284132,-3.27039,11,False,False,False,False
121216,2019-12-05 20:00:00+00:00,1,False,-37.957,-0.511027,74.2759,0.594663,75.1031,2.66977,0.9646,0.561616,0.561616,2.0551,0.47988,0.829261,20,False,False,False,True
121306,2019-12-07 17:00:00+00:00,-1,False,119.865,2.7466,43.6414,0.251199,74.7267,1.72089,0.622264,0.17379,0.82621,0.649738,0.0792237,-2.96741,17,False,False,False,True
121363,2019-12-08 21:30:00+00:00,1,False,-88.432,-2.49109,35.4994,0.148145,74.475,2.39607,0.866574,0.787221,0.787221,0.65695,0.0816781,3.50667,21,False,False,False,True
121440,2019-12-10 12:00:00+00:00,1,False,-149.25,-3.15241,47.3448,0.301284,74.1597,2.68182,0.969689,0.384807,0.384807,1.08992,0.241153,-2.75544,12,False,False,False,True
121543,2019-12-12 15:30:00+00:00,-1,False,-81.008,-1.73399,46.7177,0.295063,73.8207,2.74039,0.991103,0.527142,0.472858,1.22114,0.28536,3.46019,15,False,False,False,True
121578,2019-12-13 09:00:00+00:00,-1,False,-54.8361,-1.67711,32.6967,0.119178,73.6855,2.28884,0.828252,0.339585,0.660415,0.654332,0.0810217,2.41671,9,False,False,False,True
121623,2019-12-14 07:30:00+00:00,-1,False,238.741,9.32321,25.6071,0.0631279,73.5791,1.62563,0.58835,0.490967,0.509033,0.432888,0.0247146,0.111329,7,True,False,False,True
121693,2019-12-15 18:30:00+00:00,1,False,-42.442,-0.950594,44.6479,0.271147,73.2942,2.11118,0.764023,0.496082,0.496082,1.08365,0.242066,-2.27906,18,False,False,False,True
121878,2019-12-19 15:00:00+00:00,-1,False,-12.8101,-0.139496,91.8312,0.725314,72.8528,2.63476,0.953579,0.40602,0.59398,2.17272,0.513499,-2.13174,15,False,False,False,False
121929,2019-12-20 16:30:00+00:00,-1,False,-36.9886,-0.751495,49.22,0.332021,72.7038,2.41424,0.874674,0.339769,0.660231,1.22499,0.291667,-2.72868,16,False,False,False,True
121968,2019-12-21 12:00:00+00:00,1,False,-21.07,-0.714817,29.476,0.0931221,72.51,2.376,0.861356,0.58556,0.58556,0.957445,0.193037,3.52682,12,False,False,False,True
121998,2019-12-22 03:00:00+00:00,1,False,62.9836,2.73448,23.0331,0.0484304,72.4099,1.54264,0.559245,0.447143,0.447143,0.534341,0.0488299,2.80498,3,False,False,False,True
122153,2019-12-25 08:30:00+00:00,1,False,-22.0383,-0.481002,45.8175,0.291182,71.9498,1.81308,0.65757,0.695758,0.695758,0.524951,0.0468037,-1.05239,8,False,False,False,True
122185,2019-12-26 00:30:00+00:00,-1,False,-9.82789,-0.20831,47.1791,0.310103,71.8055,2.80193,1.01584,0.486535,0.513465,1.57117,0.395291,2.05152,0,False,False,False,True
122216,2019-12-26 16:00:00+00:00,1,True,-82.3287,-2.53803,32.4381,0.119406,71.7017,1.96958,0.71418,0.961546,0.961546,0.658476,0.0847888,-0.636333,16,False,False,False,True
122436,2019-12-31 06:00:00+00:00,1,True,-72.9134,-1.94781,37.4336,0.178339,70.98,1.7166,0.622368,0.740035,0.740035,0.911731,0.17734,-1.36801,6,False,False,False,True
122511,2020-01-01 19:30:00+00:00,-1,False,136.907,4.14237,33.0504,0.126341,70.7479,2.26987,0.822937,0.512781,0.487219,0.923327,0.183761,1.36779,19,False,False,False,True
122612,2020-01-03 22:00:00+00:00,-1,False,-57.8694,-0.832453,69.5167,0.591866,70.4569,1.82945,0.663219,0.106987,0.893013,2.02541,0.502711,-1.41838,22,False,False,False,True
122690,2020-01-05 13:00:00+00:00,1,True,-90.2146,-2.20665,40.8831,0.22911,70.1826,2.57285,0.932785,0.788313,0.788313,0.814336,0.140525,5.70242,13,False,False,False,True
122791,2020-01-07 15:30:00+00:00,-1,False,-616.539,-10.9473,56.3186,0.447374,69.9115,2.49955,0.906209,0.0600237,0.939976,1.12689,0.269777,-6.91896,15,False,False,False,True
122831,2020-01-08 11:30:00+00:00,1,True,-113.85,-1.48942,76.4393,0.65234,69.9102,1.46713,0.531872,0.927478,0.927478,1.23363,0.306564,9.52599,11,False,False,False,False
122864,2020-01-09 04:00:00+00:00,-1,False,166.356,1.94454,85.5501,0.714212,69.9102,2.67121,0.968379,0.180287,0.819713,2.18257,0.535987,-1.43433,4,False,False,False,False
123042,2020-01-12 21:00:00+00:00,1,False,-50.3875,-1.00807,49.9843,0.359275,69.5815,2.07877,0.753606,0.673007,0.673007,0.903038,0.176398,3.02902,21,False,False,False,True
123232,2020-01-16 20:00:00+00:00,1,False,246.994,4.01155,61.5707,0.519321,69.3196,2.28177,0.827762,0.623657,0.623657,1.44027,0.372432,3.12352,20,False,False,False,True
123307,2020-01-18 09:30:00+00:00,1,False,54.0765,0.952712,56.7605,0.45528,69.1893,2.80322,1.01793,0.415554,0.415554,1.87175,0.48085,3.45682,9,False,False,False,True
123396,2020-01-20 06:00:00+00:00,1,False,-12.6692,-0.204243,62.03,0.527312,68.9893,1.48518,0.539603,0.490839,0.490839,1.419,0.368636,-1.88583,6,False,False,False,True
123455,2020-01-21 11:30:00+00:00,1,True,-78.1933,-1.92669,40.5844,0.226513,68.7996,2.05836,0.748103,0.762513,0.762513,0.716221,0.105479,-1.54099,11,False,False,False,True
123487,2020-01-22 03:30:00+00:00,-1,False,75.5987,1.70904,44.2345,0.282192,68.7205,2.04653,0.743554,0.580825,0.419175,2.58594,0.607078,-0.104311,3,False,False,False,True
123647,2020-01-25 11:30:00+00:00,-1,False,-13.8996,-0.276674,50.2384,0.368379,68.262,1.91428,0.695739,0.460728,0.539272,0.950035,0.200228,3.90408,11,False,False,False,True
123729,2020-01-27 04:30:00+00:00,-1,True,-80.3298,-1.68276,47.737,0.334589,67.9716,1.76574,0.641992,0.59869,0.40131,1.96424,0.507991,-3.72252,4,False,False,False,True
123838,2020-01-29 11:00:00+00:00,1,True,-175.195,-2.70589,64.7459,0.568265,67.8274,2.63338,0.957873,1.02472,1.02472,0.935531,0.194578,8.63361,11,False,False,False,True
124096,2020-02-03 20:00:00+00:00,1,True,-101.912,-1.9823,51.4111,0.391096,67.1069,2.30432,0.836723,0.610465,0.610465,1.1597,0.288071,-0.171116,20,False,False,False,True
124155,2020-02-05 01:30:00+00:00,1,False,256.072,5.37336,47.6557,0.335474,66.9489,2.14419,0.778826,0.644006,0.644006,0.933362,0.194007,-1.90909,1,False,False,False,True
124259,2020-02-07 05:30:00+00:00,-1,False,-18.8855,-0.306155,61.6862,0.541296,66.7387,1.97027,0.71638,0.627509,0.372491,1.44034,0.383162,-4.52662,5,False,False,False,True
124295,2020-02-07 23:30:00+00:00,1,False,38.6737,0.934077,41.4031,0.239812,66.6462,2.01246,0.73202,0.689808,0.689808,0.781608,0.13008,5.03584,23,False,False,False,True
124430,2020-02-10 19:00:00+00:00,-1,False,106.004,1.82078,58.2192,0.49746,66.3272,2.24079,0.813913,0.564344,0.435656,1.17576,0.29766,0.356978,19,False,False,False,True
124595,2020-02-14 05:30:00+00:00,-1,True,-111.735,-1.7814,62.7231,0.560759,65.9781,1.63985,0.595447,0.095113,0.904887,0.96292,0.20996,-0.447172,5,False,False,False,True
124634,2020-02-15 01:00:00+00:00,-1,False,102.259,2.05642,49.7269,0.369635,65.8645,2.10058,0.762984,0.550117,0.449883,1.54247,0.418636,-2.83093,1,False,False,False,True
124866,2020-02-19 21:00:00+00:00,-1,False,554.95,8.65679,64.1058,0.581221,65.5636,2.64352,0.962051,0.461512,0.538488,1.52827,0.41661,-2.61948,21,True,True,False,True
124943,2020-02-21 11:30:00+00:00,1,True,-113.081,-2.18575,51.7357,0.403567,65.4945,2.22998,0.812266,0.961525,0.961525,0.891525,0.17597,-1.37859,11,False,False,False,True
125007,2020-02-22 19:30:00+00:00,1,False,205.061,5.65704,36.2488,0.166724,65.3618,2.38619,0.869915,1.02361,1.02361,0.751318,0.120034,-1.17917,19,False,False,False,True
125249,2020-02-27 20:30:00+00:00,-1,False,171.899,2.27659,75.5074,0.702426,65.0742,2.29067,0.835905,0.547156,0.452844,2.24999,0.591981,4.91693,20,False,False,False,False
125348,2020-02-29 22:00:00+00:00,-1,False,77.1166,1.44533,53.3558,0.433134,65.0176,1.53967,0.561859,0.317988,0.682012,0.872608,0.169406,5.36139,22,False,False,False,True
125396,2020-03-01 22:00:00+00:00,1,False,229.628,3.12148,73.5641,0.687386,64.9547,2.68621,0.979944,0.379633,0.379633,2.6066,0.647717,-4.02783,22,False,False,False,False
125584,2020-03-05 20:00:00+00:00,1,True,-100.612,-2.01455,49.943,0.378196,64.8095,1.36942,0.499242,1.0713,1.0713,1.19936,0.313185,6.84224,20,False,False,False,True
125704,2020-03-08 08:00:00+00:00,1,False,-553.173,-13.2706,41.684,0.247574,64.5639,2.22849,0.812758,0.382034,0.382034,2.82528,0.680936,-5.38392,8,False,False,False,True
125796,2020-03-10 06:00:00+00:00,1,True,-126.901,-1.75063,72.4888,0.682392,64.5323,1.90056,0.693173,0.825032,0.825032,1.67914,0.467922,-7.95045,6,False,False,False,False
125863,2020-03-11 15:30:00+00:00,-1,True,-153.237,-2.12085,72.2526,0.680679,64.5285,1.99736,0.728312,0.0788667,0.921133,1.33595,0.365011,6.38886,15,False,False,False,False
126063,2020-03-15 19:30:00+00:00,1,False,-986.25,-6.95816,141.74,0.951427,64.5285,1.73799,0.63306,0.632891,0.632891,4.11728,0.809874,-7.06842,19,False,False,False,False
126151,2020-03-17 15:30:00+00:00,1,False,139.388,0.638151,218.424,0.989926,64.5285,2.75969,1.00567,0.668088,0.668088,4.71637,0.84766,-1.05756,15,False,False,False,False
126222,2020-03-19 03:00:00+00:00,-1,True,-327.846,-2.08179,157.483,0.963699,64.5285,2.34746,0.85617,0.340718,0.659282,4.19822,0.815011,0.967241,3,False,False,False,False
126376,2020-03-22 08:00:00+00:00,-1,False,561.583,4.44801,126.255,0.92343,64.5285,2.06455,0.752813,0.640393,0.359607,4.11953,0.807277,-3.56573,8,False,True,False,False
126415,2020-03-23 03:30:00+00:00,1,False,529.354,3.1212,169.6,0.970091,64.5285,2.55613,0.932062,0.598417,0.598417,4.22393,0.81464,-0.71394,3,False,True,False,False
126517,2020-03-25 06:30:00+00:00,1,False,-62.4819,-0.514677,121.4,0.91133,64.5285,2.3799,0.868326,0.478243,0.478243,3.8882,0.788299,4.20015,6,False,False,False,False
126647,2020-03-27 23:30:00+00:00,-1,False,582.357,9.36859,62.1606,0.570805,64.5231,2.24178,0.817814,0.357776,0.642224,1.48071,0.410845,-1.17365,23,True,True,False,True
126729,2020-03-29 16:30:00+00:00,-1,False,-150.066,-2.00411,74.8791,0.705565,64.5231,2.017,0.735921,0.17923,0.82077,1.52444,0.423973,5.87357,16,False,False,False,False
126836,2020-03-31 22:00:00+00:00,-1,False,229.233,3.16651,72.3931,0.682363,64.5231,2.17193,0.792448,0.476579,0.523421,1.50379,0.41778,-2.02935,22,False,False,False,False
126942,2020-04-03 03:00:00+00:00,1,False,-145.858,-1.27445,114.448,0.899629,64.5173,2.0619,0.752017,0.44809,0.44809,6.20699,0.909104,3.81115,3,False,False,False,False
126997,2020-04-04 06:30:00+00:00,1,False,73.0935,0.971648,75.2263,0.709503,64.5173,2.26726,0.826935,0.412395,0.412395,1.52439,0.424229,1.92739,6,False,False,False,False
127062,2020-04-05 15:00:00+00:00,-1,False,-114.027,-1.90537,59.8451,0.538927,64.5067,2.17199,0.792271,0.316896,0.683104,0.819539,0.147003,-1.66123,15,False,False,False,True
127247,2020-04-09 11:30:00+00:00,-1,False,35.4167,0.697676,50.7638,0.395234,64.5879,2.22498,0.811685,0.395848,0.604152,0.95434,0.208761,-3.50389,11,False,False,False,True
127275,2020-04-10 01:30:00+00:00,-1,False,532.837,9.52738,55.9269,0.479053,64.6207,1.58764,0.579357,0.142727,0.857273,1.0489,0.253539,-1.44892,1,True,True,False,True
127319,2020-04-10 23:30:00+00:00,-1,False,-44.7645,-0.580644,77.0946,0.723373,64.7071,2.4947,0.910346,0.272334,0.727666,2.45683,0.63282,5.08168,23,False,False,False,False
127384,2020-04-12 08:00:00+00:00,1,False,418.621,9.90127,42.2795,0.257135,64.6258,2.25671,0.823512,0.470804,0.470804,1.43048,0.394663,-5.0437,8,True,False,False,True
127480,2020-04-14 08:00:00+00:00,-1,True,-152.756,-2.47995,61.5965,0.562043,64.578,1.41177,0.514902,0.0963427,0.903657,1.46965,0.40762,1.55286,8,False,False,False,True
127516,2020-04-15 02:00:00+00:00,1,False,-227.743,-3.54039,64.3271,0.596518,64.5845,2.79303,1.01824,0.399953,0.399953,1.99472,0.549772,-0.247306,2,False,False,False,True
127635,2020-04-17 13:30:00+00:00,-1,True,-120.392,-1.85457,64.9164,0.60411,64.6123,1.48726,0.542424,0.223106,0.776894,1.14693,0.292694,-2.63583,13,False,False,False,False
127671,2020-04-18 07:30:00+00:00,-1,True,-69.0926,-1.55474,44.4401,0.294178,64.6233,1.52957,0.557993,0.503848,0.496152,1.50378,0.418208,-3.46984,7,False,False,False,True
127740,2020-04-19 18:00:00+00:00,1,False,3.53874,0.0738467,47.9201,0.349001,64.6073,2.7907,1.01785,0.679836,0.679836,1.55334,0.433476,2.63259,18,False,False,False,True
127770,2020-04-20 09:00:00+00:00,-1,False,425.608,9.14469,46.5416,0.327626,64.5775,2.21981,0.809799,0.393893,0.606107,1.03588,0.246718,-1.88414,9,True,True,False,True
127989,2020-04-24 22:30:00+00:00,-1,False,-48.7154,-0.916833,53.1345,0.439212,64.4634,1.4516,0.529418,0.556848,0.443152,1.32514,0.360788,-6.3084,22,False,False,False,True
128020,2020-04-25 14:00:00+00:00,1,True,-126.74,-2.67387,47.3996,0.342922,64.3948,2.69668,0.983764,1.0992,1.0992,1.06576,0.259989,7.28313,14,False,False,False,True
128060,2020-04-26 10:00:00+00:00,1,True,-75.55,-2.53078,29.8524,0.0989155,64.3173,2.03084,0.741089,0.990307,0.990307,0.701297,0.103682,7.77326,10,False,False,False,True
128127,2020-04-27 19:30:00+00:00,1,False,-25.9533,-0.498671,52.0449,0.422546,64.1963,1.995,0.727712,0.780851,0.780851,0.956193,0.209189,4.32446,19,False,False,False,True
128564,2020-05-06 22:00:00+00:00,1,True,-95.3857,-1.51332,63.0306,0.58242,64.466,1.43192,0.522533,0.870679,0.870679,1.11634,0.282905,5.98138,22,False,False,False,True
128591,2020-05-07 11:30:00+00:00,-1,False,-746.151,-11.2076,66.5753,0.624772,64.528,1.71495,0.625823,0.446565,0.553435,1.03222,0.247432,-4.26393,11,False,False,False,False
128654,2020-05-08 19:00:00+00:00,-1,False,310.496,4.33919,71.5563,0.673145,64.5639,1.43022,0.522458,0.377132,0.622868,2.01945,0.557163,-6.99871,19,False,False,False,False
128836,2020-05-12 14:00:00+00:00,-1,False,-245.061,-2.46687,99.3405,0.855993,64.6604,2.025,0.739732,0.489701,0.510299,2.06897,0.567323,2.45398,14,False,False,False,False
128868,2020-05-13 06:00:00+00:00,-1,True,-114.591,-1.59832,71.6945,0.673345,64.6604,1.63205,0.596425,0.514787,0.485213,2.59047,0.653311,0.819317,6,False,False,False,False
128978,2020-05-15 13:00:00+00:00,-1,False,92.3085,0.917794,100.577,0.859304,64.6511,2.20303,0.805403,0.353395,0.646605,3.02059,0.708876,-2.18635,13,False,False,False,False
129016,2020-05-16 08:00:00+00:00,-1,False,-15.173,-0.163488,92.8079,0.82597,64.6511,2.6304,0.961773,0.372653,0.627347,2.653,0.662785,-0.444065,8,False,False,False,False
129043,2020-05-16 21:30:00+00:00,1,False,181.468,2.58301,70.2544,0.659561,64.6523,2.20507,0.807089,0.410747,0.410747,2.50081,0.640725,0.142307,21,False,False,False,False
129216,2020-05-20 12:00:00+00:00,-1,False,166.594,2.7808,59.9088,0.537614,64.8202,1.32584,0.48471,0.188482,0.811518,0.992106,0.228282,-1.45195,12,False,False,False,True
129246,2020-05-21 03:00:00+00:00,-1,False,414.33,5.79808,71.4599,0.669406,64.8717,1.96902,0.719852,-0.0119998,1.012,1.18867,0.310388,2.15402,3,False,False,False,False
129294,2020-05-22 03:00:00+00:00,-1,False,-212.063,-2.33597,90.7815,0.813213,64.9355,2.38057,0.870309,0.462237,0.537763,2.91362,0.69492,5.13894,3,False,False,False,False
129329,2020-05-22 20:30:00+00:00,-1,False,-23.3485,-0.388389,60.1163,0.538499,64.9219,2.37307,0.867881,0.436871,0.563129,1.63826,0.459903,3.42966,20,False,False,False,True
129395,2020-05-24 05:30:00+00:00,1,False,-288.876,-7.18891,40.1836,0.226541,64.7896,1.45677,0.533202,0.590511,0.590511,0.779126,0.132078,-1.95105,5,False,False,False,True
129540,2020-05-27 06:00:00+00:00,1,False,337.188,7.8104,43.1716,0.274914,64.7605,1.75011,0.640051,0.820194,0.820194,0.873777,0.170805,-2.63703,6,False,False,False,True
129672,2020-05-30 00:00:00+00:00,1,False,122.051,2.69915,45.2182,0.310046,64.6418,1.98473,0.725595,0.546332,0.546332,0.6608,0.0882135,3.90352,0,False,False,False,True
129706,2020-05-30 17:00:00+00:00,1,False,15.6594,0.343598,45.5748,0.315468,64.6418,1.91584,0.70041,0.626447,0.626447,0.865714,0.168379,5.04102,17,False,False,False,True
129794,2020-06-01 13:00:00+00:00,1,False,582.444,12.9734,44.8952,0.304481,64.6301,2.05616,0.752367,0.782268,0.782268,0.682471,0.0962614,2.57514,13,True,True,False,True
129871,2020-06-03 03:30:00+00:00,-1,False,-102.026,-1.59101,64.1265,0.592152,64.7303,1.26747,0.463956,0.114335,0.885665,0.649946,0.0841324,2.09115,3,False,False,False,True
129903,2020-06-03 19:30:00+00:00,1,True,-99.1163,-1.98086,50.0371,0.387643,64.7303,2.01733,0.738466,0.880515,0.880515,0.879161,0.173402,0.261667,19,False,False,False,True
130048,2020-06-06 20:00:00+00:00,1,True,-86.3045,-2.24936,38.3684,0.197888,64.7605,2.35516,0.862446,0.666929,0.666929,1.02973,0.244692,0.0992698,20,False,False,False,True
130140,2020-06-08 18:00:00+00:00,1,False,-39.3416,-0.9069,43.3803,0.276798,64.7743,2.40436,0.880463,0.610533,0.610533,1.02532,0.241981,1.39299,18,False,False,False,True
130186,2020-06-09 17:00:00+00:00,-1,False,-69.7423,-1.84938,37.7112,0.186729,64.7568,2.16717,0.793739,0.62049,0.37951,0.973521,0.218065,-0.749971,17,False,False,False,True
130326,2020-06-12 15:00:00+00:00,-1,False,9.38786,0.16522,56.8203,0.49512,64.603,2.57552,0.942937,0.343386,0.656614,2.08937,0.572603,3.71244,15,False,False,False,True
130359,2020-06-13 07:30:00+00:00,1,False,-27.3411,-0.703197,38.8811,0.205479,64.5402,2.154,0.788991,0.476412,0.476412,1.06317,0.260674,-3.69478,7,False,False,False,True
130391,2020-06-13 23:30:00+00:00,1,False,-56.9495,-1.4419,39.4962,0.215497,64.4684,2.82031,1.03285,0.883745,0.883745,0.678536,0.0945776,-1.75606,23,False,False,False,True
130505,2020-06-16 08:30:00+00:00,-1,False,-60.7241,-1.14029,53.2531,0.445434,64.3964,2.62461,0.960694,0.511908,0.488092,2.45693,0.637757,-1.49616,8,False,False,False,True
130538,2020-06-17 01:00:00+00:00,-1,True,-70.8091,-1.72567,41.0328,0.240439,64.3964,1.65361,0.605411,0.379615,0.620385,1.02258,0.243522,-1.25009,1,False,False,False,True
130599,2020-06-18 07:30:00+00:00,1,True,-52.3693,-1.57788,33.1897,0.130451,64.3869,1.48735,0.544659,0.884209,0.884209,0.638412,0.0806507,0.2958,7,False,False,False,True
130711,2020-06-20 15:30:00+00:00,-1,True,-93.5202,-2.19341,42.6369,0.268779,64.3869,1.63864,0.599839,-0.114274,1.11427,0.712513,0.108219,2.82422,15,False,False,False,True
130779,2020-06-22 01:30:00+00:00,1,False,149.832,4.84609,30.9181,0.109418,64.298,2.82052,1.03263,0.518296,0.518296,0.927119,0.198887,-0.851085,1,False,False,False,True
130876,2020-06-24 02:00:00+00:00,1,False,-380.568,-11.5237,33.0247,0.130394,64.1511,2.7682,1.0133,0.49966,0.49966,0.778554,0.134361,4.4432,2,False,False,False,True
130917,2020-06-24 22:30:00+00:00,-1,False,-7.92426,-0.15618,50.7381,0.407763,64.0829,2.39177,0.875505,0.327229,0.672771,1.56762,0.447432,4.14965,22,False,False,False,True
131017,2020-06-27 00:30:00+00:00,-1,False,-45.4081,-0.985001,46.0995,0.330736,64.0367,2.18301,0.798783,0.165921,0.834079,1.06525,0.26504,4.26714,0,False,False,False,True
131105,2020-06-28 20:30:00+00:00,-1,False,41.3021,1.05445,39.1693,0.217694,63.9697,2.60817,0.95472,0.621143,0.378857,2.21644,0.600428,0.888073,20,False,False,False,True
131133,2020-06-29 10:30:00+00:00,1,False,78.7733,2.39019,32.957,0.130194,63.9233,2.72487,0.997762,0.605942,0.605942,0.790144,0.139269,-1.38373,10,False,False,False,True
131187,2020-06-30 13:30:00+00:00,-1,False,-30.2948,-0.948372,31.944,0.120177,63.9233,2.20172,0.805938,0.144479,0.855521,0.645561,0.0844178,0.900534,13,False,False,False,True
131231,2020-07-01 11:30:00+00:00,-1,False,-111.257,-3.9918,27.8714,0.0821918,63.9233,2.64596,0.968726,0.52578,0.47422,0.637871,0.0820491,-0.0285563,11,False,False,False,True
131312,2020-07-03 04:00:00+00:00,-1,False,-14.9131,-0.434792,34.2995,0.150428,63.9081,1.82928,0.669918,0.466223,0.533777,0.956173,0.216096,2.27146,4,False,False,False,True
131348,2020-07-03 22:00:00+00:00,1,False,-45.4845,-1.80539,25.1937,0.061387,63.877,1.71423,0.628043,0.637431,0.637431,0.411639,0.0223174,-1.71184,22,False,False,False,True
131440,2020-07-05 20:00:00+00:00,-1,True,-55.1311,-1.91581,28.7768,0.0934646,63.814,2.01722,0.739305,0.256958,0.743042,0.406022,0.0220034,2.87195,20,False,False,False,True
131544,2020-07-08 00:00:00+00:00,1,False,34.3747,1.22716,28.0116,0.0860731,63.8043,2.75966,1.01105,0.478289,0.478289,0.679805,0.0992009,2.51599,0,False,False,False,True
131613,2020-07-09 10:30:00+00:00,-1,True,-48.4281,-1.87111,25.882,0.0674087,63.8043,1.67381,0.613103,0.25477,0.74523,0.415383,0.0240011,-4.22455,10,False,False,False,True
131698,2020-07-11 05:00:00+00:00,-1,False,41.9811,1.55708,26.9614,0.0764269,63.7465,2.73042,0.999968,0.533392,0.466608,1.01922,0.247888,-0.327043,5,False,False,False,True
131735,2020-07-11 23:30:00+00:00,1,False,18.2782,0.812278,22.5024,0.0464041,63.7445,1.71825,0.629298,0.969159,0.969159,0.437398,0.0281963,-0.17127,23,False,False,False,True
131852,2020-07-14 10:00:00+00:00,1,False,52.7739,2.20876,23.8929,0.0553653,63.7416,1.73038,0.633516,0.386919,0.386919,0.835426,0.162329,-2.44873,10,False,False,False,True
131998,2020-07-17 11:00:00+00:00,1,False,33.8036,1.60805,21.0214,0.0384989,63.6629,1.89359,0.693159,0.592012,0.592012,0.428673,0.0269406,-3.18825,11,False,False,False,True
132037,2020-07-18 06:30:00+00:00,1,False,44.8868,2.38013,18.859,0.0230308,63.5682,1.58705,0.580949,0.397241,0.397241,0.496348,0.0441495,-1.4164,6,False,False,False,True
132103,2020-07-19 15:30:00+00:00,1,False,42.8413,2.35152,18.2186,0.0212043,63.507,1.91892,0.702648,0.434939,0.434939,0.613364,0.0813356,-1.51575,15,False,False,False,True
132137,2020-07-20 08:30:00+00:00,1,False,-27.9628,-1.58348,17.6591,0.0180936,63.4366,1.71327,0.627346,0.565998,0.565998,0.46755,0.0367865,1.4703,8,False,False,False,True
132172,2020-07-21 02:00:00+00:00,1,False,213.848,10.4125,20.5376,0.0383562,63.4366,2.50809,0.918514,0.594084,0.594084,0.437722,0.0299943,0.493227,2,True,False,False,True
132221,2020-07-22 02:30:00+00:00,-1,False,25.205,0.960606,26.2386,0.0800228,63.4111,1.61244,0.590426,0.468805,0.531195,0.419442,0.0262842,-5.8014,2,False,False,False,True
132387,2020-07-25 13:30:00+00:00,1,False,76.909,2.66237,28.8874,0.109989,63.0579,1.87074,0.684904,0.690489,0.690489,0.489718,0.0444064,4.33674,13,False,False,False,True
132420,2020-07-26 06:00:00+00:00,1,False,240.82,9.05599,26.5923,0.0852454,63.0243,1.65359,0.605402,0.362119,0.362119,0.603,0.0807934,5.79414,6,True,False,False,True
132622,2020-07-30 11:00:00+00:00,-1,False,-158.506,-2.67439,59.2682,0.549829,63.3915,1.77007,0.647872,0.133302,0.866698,1.54767,0.449087,-3.53029,11,False,False,False,True
132704,2020-08-01 04:00:00+00:00,1,False,248.714,4.12929,60.2318,0.564127,63.2505,2.67605,0.979474,0.690208,0.690208,1.66623,0.483333,5.63655,4,False,False,False,True
132785,2020-08-02 20:30:00+00:00,-1,False,-36.9569,-0.409258,90.3022,0.8127,63.4526,2.19902,0.805092,0.422374,0.577626,2.54515,0.660103,1.12103,20,False,False,False,False
132853,2020-08-04 06:30:00+00:00,-1,False,2.78277,0.0440418,63.1848,0.597118,63.4611,2.06184,0.754746,0.295713,0.704287,1.83673,0.526256,0.0451059,6,False,False,False,True
132951,2020-08-06 07:30:00+00:00,1,False,132.754,2.58527,51.3502,0.438156,63.4583,1.9431,0.711238,0.561016,0.561016,1.46242,0.422917,5.01437,7,False,False,False,True
132996,2020-08-07 06:00:00+00:00,-1,False,249.678,4.73041,52.7814,0.461644,63.4121,2.47074,0.904414,0.315269,0.684731,1.25581,0.354395,-4.02404,6,False,False,False,True
133085,2020-08-09 02:30:00+00:00,-1,False,121.978,2.65508,45.9415,0.353995,63.2316,2.25331,0.824505,0.50883,0.49117,1.24622,0.351513,-1.94062,2,False,False,False,True
133119,2020-08-09 19:30:00+00:00,1,False,303.815,6.41617,47.3514,0.378539,63.1327,2.24783,0.82274,0.665002,0.665002,1.45775,0.423973,0.398789,19,False,False,False,True
133178,2020-08-11 01:00:00+00:00,1,False,-196.964,-3.57263,55.1314,0.498858,63.0243,2.30134,0.842325,0.484767,0.484767,1.05498,0.275599,2.04565,1,False,False,False,True
133231,2020-08-12 03:30:00+00:00,-1,False,-254.05,-3.29333,77.1407,0.73282,62.9512,2.27348,0.832206,0.335846,0.664154,2.74071,0.690525,4.21394,3,False,False,False,False
133266,2020-08-12 21:00:00+00:00,1,False,-139.403,-2.74565,50.7725,0.433105,62.9453,2.06786,0.757187,0.685519,0.685519,1.32416,0.379823,-0.675317,21,False,False,False,True
133349,2020-08-14 14:30:00+00:00,-1,True,-91.428,-1.9669,46.4832,0.364697,62.7402,1.95312,0.715272,0.0904577,0.909542,0.703283,0.117951,-1.22614,14,False,False,False,True
133433,2020-08-16 08:30:00+00:00,-1,False,-12.1223,-0.29279,41.4028,0.282135,62.5607,1.71891,0.629521,0.355528,0.644472,0.863969,0.184703,-2.101,8,False,False,False,True
133535,2020-08-18 11:30:00+00:00,1,False,-212.677,-4.27909,49.7015,0.419406,62.4602,1.81035,0.662892,0.36925,0.36925,1.33879,0.388413,4.52983,11,False,False,False,True
133562,2020-08-19 01:00:00+00:00,-1,False,94.2298,1.52325,61.8608,0.592808,62.5183,2.34885,0.860076,0.384121,0.615879,1.24297,0.352997,0.0210707,1,False,False,False,True
133614,2020-08-20 03:00:00+00:00,-1,False,-116.123,-2.08766,55.6235,0.509989,62.5698,2.06974,0.758004,0.475814,0.524186,1.19642,0.335274,2.52055,3,False,False,False,True
133665,2020-08-21 04:30:00+00:00,1,False,-106.849,-3.12072,34.2387,0.175514,62.5522,2.47489,0.906533,0.536832,0.536832,0.717802,0.123744,-0.463605,4,False,False,False,True
133768,2020-08-23 08:00:00+00:00,1,False,28.8111,1.07684,26.7552,0.0867295,62.4568,2.29124,0.839123,0.442639,0.442639,0.967348,0.235502,-2.80902,8,False,False,False,True
133807,2020-08-24 03:30:00+00:00,1,False,70.5975,2.22126,31.7826,0.144007,62.4568,2.79156,1.02225,0.843393,0.843393,0.734811,0.130879,0.103353,3,False,False,False,True
133916,2020-08-26 10:00:00+00:00,1,False,66.7853,1.60563,41.5943,0.290468,62.4855,2.19592,0.804077,0.6878,0.6878,0.947277,0.225742,-4.27789,10,False,False,False,True
134040,2020-08-29 00:00:00+00:00,1,True,-70.5184,-1.92587,36.6163,0.21464,62.5281,1.67887,0.614793,0.941741,0.941741,0.727008,0.128082,1.83124,0,False,False,False,True
134084,2020-08-29 22:00:00+00:00,-1,False,-47.7965,-1.6584,28.8208,0.109675,62.5281,1.96484,0.71961,0.531211,0.468789,0.960224,0.232905,-0.912977,22,False,False,False,True
134146,2020-08-31 05:00:00+00:00,-1,True,-64.8221,-2.13036,30.4277,0.128767,62.5281,1.69314,0.620184,0.446948,0.553052,1.01072,0.259247,-3.31892,5,False,False,False,True
134230,2020-09-01 23:00:00+00:00,-1,False,476.149,10.7495,44.295,0.338584,62.5281,2.08912,0.765103,0.518897,0.481103,1.68914,0.497774,-5.33353,23,True,True,False,True
134424,2020-09-06 00:00:00+00:00,1,False,75.7636,0.566087,133.837,0.928739,62.6856,2.34341,0.858205,0.57462,0.57462,4.47017,0.845662,-4.07756,0,False,False,False,False
134453,2020-09-06 14:30:00+00:00,-1,False,4.03533,0.0516681,78.101,0.741838,62.7323,1.82203,0.667406,0.547567,0.452433,2.54565,0.667637,4.76794,14,False,False,False,False
134503,2020-09-07 15:30:00+00:00,1,False,143.835,1.62239,88.6561,0.806364,62.8142,2.77168,1.01511,0.638519,0.638519,2.29588,0.628539,-3.40511,15,False,False,False,False
134529,2020-09-08 04:30:00+00:00,-1,False,150.291,2.53383,59.3136,0.556136,62.8407,2.39736,0.878149,0.526241,0.473759,3.45306,0.772745,1.66046,4,False,False,False,True
134576,2020-09-09 04:00:00+00:00,-1,False,-214.659,-2.71955,78.932,0.746718,62.9355,2.15611,0.789782,0.4321,0.5679,2.31332,0.630936,3.03458,4,False,False,False,False
134631,2020-09-10 07:30:00+00:00,-1,False,12.0938,0.235569,51.3387,0.443122,62.956,2.28656,0.837564,0.516085,0.483915,2.3968,0.645947,-1.1887,7,False,False,False,True
134732,2020-09-12 10:00:00+00:00,1,False,82.5842,2.82991,29.1826,0.114184,62.956,2.12078,0.776853,0.512622,0.512622,0.49021,0.0449486,1.5979,10,False,False,False,True
134899,2020-09-15 21:30:00+00:00,1,False,17.7653,0.315296,56.3449,0.514812,62.9685,2.35221,0.862137,0.564047,0.564047,1.82622,0.527426,4.64208,21,False,False,False,True
134946,2020-09-16 21:00:00+00:00,-1,False,99.1702,1.79413,55.2747,0.500713,62.9685,2.30455,0.844925,0.580694,0.419306,2.15039,0.599486,-5.24384,21,False,False,False,True
134984,2020-09-17 16:00:00+00:00,1,False,46.8187,0.917782,51.0129,0.437072,62.9685,2.70399,0.991375,0.456041,0.456041,1.126,0.305108,1.85943,16,False,False,False,True
135069,2020-09-19 10:30:00+00:00,1,False,89.0365,3.19116,27.901,0.0989726,62.9355,2.72081,0.99724,0.543611,0.543611,0.707955,0.12109,3.29472,10,False,False,False,True
135111,2020-09-20 07:30:00+00:00,1,True,-75.0924,-2.21249,33.9403,0.177911,62.9355,2.15347,0.789895,0.433239,0.433239,1.86535,0.537785,1.79941,7,False,False,False,True
135223,2020-09-22 15:30:00+00:00,-1,False,10.9397,0.225075,48.6046,0.40117,62.9696,2.04678,0.75156,0.590064,0.409936,1.17575,0.324058,4.84311,15,False,False,False,True
135271,2020-09-23 15:30:00+00:00,-1,False,149.748,4.50018,33.276,0.167466,62.9696,2.34585,0.861586,0.435918,0.564082,1.20563,0.336073,4.76236,15,False,False,False,True
135413,2020-09-26 14:30:00+00:00,1,False,44.5876,1.28092,34.809,0.189755,62.9696,1.73387,0.636738,0.690302,0.690302,0.863537,0.18379,2.98116,14,False,False,False,True
135514,2020-09-28 17:00:00+00:00,-1,False,194.476,4.80764,40.4516,0.274857,62.9308,2.49796,0.918434,0.539278,0.460722,0.781716,0.150171,-3.53117,17,False,False,False,True
135653,2020-10-01 14:30:00+00:00,-1,False,201.058,5.72808,35.1004,0.195576,62.9308,2.11454,0.777086,0.406745,0.593255,1.15163,0.315126,-2.13542,14,False,False,False,True
135720,2020-10-03 00:00:00+00:00,1,False,-33.709,-0.8429,39.9917,0.26621,62.9453,2.68217,0.985684,0.937811,0.937811,0.86053,0.182563,-1.89821,0,False,False,False,True
135799,2020-10-04 15:30:00+00:00,1,False,53.0354,2.45695,21.5859,0.0469178,62.9453,2.11179,0.776736,0.683445,0.683445,0.531126,0.057363,0.0635248,15,False,False,False,True
135938,2020-10-07 13:00:00+00:00,1,False,3.79225,0.143678,26.3941,0.0815068,62.9453,1.84371,0.677317,0.921343,0.921343,0.514937,0.051113,-0.809365,13,False,False,False,True
136021,2020-10-09 06:30:00+00:00,-1,True,-47.896,-1.57903,30.3326,0.125742,62.9453,1.30908,0.481134,-0.0459015,1.0459,0.548685,0.0612158,-4.39862,6,False,False,False,True
136054,2020-10-09 23:00:00+00:00,1,False,218.068,7.47553,29.1709,0.111273,62.9453,1.51583,0.557328,0.781441,0.781441,0.576362,0.0704338,8.60707,23,False,False,False,True
136290,2020-10-14 21:00:00+00:00,1,False,-77.9132,-1.88542,41.3241,0.285702,62.8173,2.63039,0.966768,0.53441,0.53441,1.54534,0.448174,0.643843,21,False,False,False,True
136390,2020-10-16 23:00:00+00:00,1,False,-14.2468,-0.427755,33.3059,0.163784,62.8173,2.57247,0.945264,0.591037,0.591037,0.752042,0.134446,-0.613542,23,False,False,False,True
136646,2020-10-22 07:00:00+00:00,1,False,206.616,2.65716,77.7585,0.738784,62.9001,2.62257,0.962986,0.421709,0.421709,3.58245,0.783362,7.50152,7,False,False,False,False
136749,2020-10-24 10:30:00+00:00,1,False,66.6679,2.07,32.2067,0.140325,63.0045,2.19849,0.807654,0.789232,0.789232,0.681638,0.101113,8.50329,10,False,False,False,True
136827,2020-10-26 01:30:00+00:00,1,True,-77.7631,-2.24368,34.6588,0.17657,63.0045,1.7342,0.637089,1.04469,1.04469,0.820622,0.155736,4.74368,1,False,False,False,True
136889,2020-10-27 08:30:00+00:00,1,False,403.94,10.6083,38.0778,0.226398,63.0196,1.90127,0.698709,1.043,1.043,0.809094,0.150086,3.86748,8,True,False,False,True
136924,2020-10-28 02:00:00+00:00,1,False,-477.611,-7.35122,64.9703,0.622574,63.0683,2.40845,0.884995,0.80083,0.80083,1.18993,0.319521,6.54928,2,False,False,False,False
136980,2020-10-29 06:00:00+00:00,1,True,-90.038,-1.60856,55.9742,0.50722,63.2253,1.70626,0.627042,0.76361,0.76361,1.3407,0.374287,0.889209,6,False,False,False,True
137038,2020-10-30 11:00:00+00:00,1,False,186.392,2.44794,76.1422,0.725571,63.3508,2.79425,1.02615,0.422108,0.422108,4.00236,0.816182,0.252681,11,False,False,False,False
137068,2020-10-31 02:00:00+00:00,1,True,-94.5451,-1.59805,59.1627,0.548002,63.3975,1.63463,0.600059,1.00228,1.00228,1.17112,0.309361,3.7548,2,False,False,False,True
137106,2020-10-31 21:00:00+00:00,1,False,-118.372,-2.01827,58.6501,0.540211,63.45,2.43366,0.892829,0.595613,0.595613,1.59091,0.451684,4.63525,21,False,False,False,True
137152,2020-11-01 20:00:00+00:00,-1,False,246.942,6.18972,39.8956,0.248259,63.4526,1.7741,0.651594,0.563216,0.436784,1.17877,0.310474,-3.80582,20,False,False,False,True
137497,2020-11-09 00:30:00+00:00,1,True,-167.517,-2.32823,71.9505,0.684675,64.0756,2.54529,0.934607,0.727311,0.727311,2.35687,0.6252,4.24105,0,False,False,False,False
137546,2020-11-10 01:00:00+00:00,-1,False,-16.6059,-0.183389,90.5501,0.813213,64.1622,2.3381,0.857326,0.574384,0.425616,3.78328,0.796604,-1.05626,1,False,False,False,False
137580,2020-11-10 18:00:00+00:00,1,False,40.6005,0.582913,69.651,0.661301,64.215,2.50327,0.917671,0.553251,0.553251,1.94946,0.540011,1.04616,18,False,False,False,False
137609,2020-11-11 08:30:00+00:00,1,False,199.876,4.56847,43.7512,0.300285,64.2177,1.61959,0.594176,0.553541,0.553541,1.02442,0.234104,2.35854,8,False,False,False,True
137798,2020-11-15 07:00:00+00:00,1,True,-126.033,-2.7909,45.1584,0.319892,64.22,2.50727,0.920397,0.76041,0.76041,1.2236,0.315925,1.91159,7,False,False,False,True
138121,2020-11-22 00:30:00+00:00,1,False,-244.302,-4.17326,58.54,0.526684,64.2333,2.3685,0.86808,0.447268,0.447268,1.49106,0.405451,5.31993,0,False,False,False,True
138217,2020-11-24 00:30:00+00:00,-1,True,-143.114,-2.03008,70.4967,0.671547,64.2163,1.60094,0.586759,-0.0495701,1.04957,1.39476,0.375514,0.516845,0,False,False,False,False
138423,2020-11-28 07:30:00+00:00,1,True,-99.5023,-1.53578,64.7894,0.608191,64.2163,1.49128,0.546589,0.539976,0.539976,1.75709,0.48633,-5.23371,7,False,False,False,False
138463,2020-11-29 03:30:00+00:00,1,False,122.777,1.83901,66.7624,0.632049,64.2134,2.55839,0.937675,0.671991,0.671991,1.63504,0.451969,1.52013,3,False,False,False,False
138528,2020-11-30 12:00:00+00:00,1,False,499.145,7.64296,65.3077,0.615211,64.1959,2.69605,0.987749,0.781291,0.781291,1.54586,0.423801,5.85517,12,False,True,False,False
138600,2020-12-02 00:00:00+00:00,-1,True,-243.744,-1.76657,137.976,0.942494,64.1959,1.82011,0.667066,0.153699,0.846301,3.76571,0.801998,-0.669286,0,False,False,False,False
138651,2020-12-03 01:30:00+00:00,-1,False,-162.095,-2.22221,72.9431,0.698659,64.1959,2.41084,0.88379,0.541932,0.458068,2.173,0.589212,-2.42716,1,False,False,False,False
138740,2020-12-04 22:00:00+00:00,-1,True,-141.745,-2.12455,66.7178,0.633533,64.1369,1.8862,0.691756,-0.0591789,1.05918,1.58668,0.438613,1.56211,22,False,False,False,False
138777,2020-12-05 16:30:00+00:00,1,False,26.9002,0.510163,52.7286,0.441752,64.0977,2.01407,0.738514,0.554911,0.554911,1.36151,0.364612,0.702622,16,False,False,False,True
138803,2020-12-06 05:30:00+00:00,-1,False,1.11093,0.025201,44.0826,0.301084,64.0321,2.4639,0.903925,0.412256,0.587744,1.86863,0.520091,-1.05937,5,False,False,False,True
138855,2020-12-07 07:30:00+00:00,1,False,-169.788,-3.74078,45.3883,0.322317,63.9155,1.46864,0.539124,0.721507,0.721507,1.3072,0.345434,2.72529,7,False,False,False,True
139002,2020-12-10 09:00:00+00:00,1,False,-58.3817,-1.04492,55.8719,0.493664,63.7057,2.09622,0.770264,0.575779,0.575779,1.55474,0.428995,-2.38217,9,False,False,False,True
139110,2020-12-12 15:00:00+00:00,-1,True,-85.2286,-1.87262,45.513,0.325,63.6646,1.79618,0.660014,0.402759,0.597241,1.17588,0.29629,-0.393988,15,False,False,False,True
139278,2020-12-16 03:00:00+00:00,1,False,626.36,13.1525,47.6228,0.362985,63.4931,2.65176,0.97451,0.590616,0.590616,1.14552,0.285017,4.16128,3,True,True,False,True
139487,2020-12-20 11:30:00+00:00,-1,False,-28.7376,-0.359054,80.0371,0.769321,63.4553,2.28815,0.840979,0.522858,0.477142,2.12491,0.584304,-5.36465,11,False,False,False,False
139576,2020-12-22 08:00:00+00:00,-1,False,-358.462,-3.53094,101.52,0.878425,63.4553,1.90645,0.701278,0.211538,0.788462,2.83405,0.706193,1.11603,8,False,False,False,False
139606,2020-12-22 23:00:00+00:00,1,True,-196.734,-2.38086,82.6315,0.788099,63.4553,1.28844,0.473946,1.18005,1.18005,1.87192,0.523487,3.65552,23,False,False,False,False
139643,2020-12-23 17:30:00+00:00,-1,False,219.252,1.82821,119.927,0.918208,63.4553,2.71174,1.00056,0.466064,0.533936,3.52126,0.784389,-1.11925,17,False,False,False,False
139691,2020-12-24 17:30:00+00:00,1,False,91.9216,1.04517,87.9486,0.819521,63.4553,2.01009,0.741667,0.777164,0.777164,1.58808,0.441267,0.817759,17,False,False,False,False
139718,2020-12-25 07:00:00+00:00,1,False,350.981,6.22602,56.3732,0.504737,63.4431,1.79344,0.66136,0.663968,0.663968,1.42772,0.389669,2.65598,7,False,False,False,True
139850,2020-12-28 01:00:00+00:00,1,False,132.511,0.84417,156.972,0.962985,63.4651,2.38887,0.879535,0.57573,0.57573,5.28867,0.895291,3.61062,1,False,False,False,False
139973,2020-12-30 14:30:00+00:00,1,False,350.007,3.24651,107.81,0.89335,63.5166,2.7585,1.01562,0.503768,0.503768,3.0362,0.729709,4.37103,14,False,False,False,False
140061,2021-01-01 10:30:00+00:00,1,False,17.128,0.237805,72.0254,0.695576,63.6513,2.34175,0.86356,0.597725,0.597725,1.5865,0.437557,6.18517,10,False,False,False,False
140111,2021-01-02 11:30:00+00:00,-1,False,-846.889,-13.3229,63.5662,0.598088,63.7132,2.37628,0.877503,0.618941,0.381059,2.34415,0.6248,-6.10894,11,False,False,False,True
140232,2021-01-05 00:00:00+00:00,1,True,-369.947,-2.10707,175.574,0.976341,63.9681,1.68228,0.621528,0.884229,0.884229,4.54162,0.856735,1.36463,0,False,False,False,False
140456,2021-01-09 16:00:00+00:00,-1,False,37.5938,0.284051,132.349,0.927797,64.3691,2.3465,0.865313,0.59318,0.40682,6.36809,0.924829,-5.2501,16,False,False,False,False
140526,2021-01-11 03:00:00+00:00,-1,False,1318.33,5.06978,260.038,0.993408,64.454,2.49684,0.920753,0.0749626,0.925037,8.41281,0.960759,2.40314,3,False,True,False,False
140582,2021-01-12 07:00:00+00:00,1,False,-381.656,-1.59808,238.822,0.990126,64.5579,2.08823,0.768492,0.938154,0.938154,7.17796,0.940982,-0.810787,7,False,False,False,False
140650,2021-01-13 17:00:00+00:00,1,False,802.869,4.89238,164.106,0.96133,64.6858,1.83164,0.674365,0.690238,0.690238,2.68908,0.670662,-1.36359,17,False,True,False,False
140689,2021-01-14 12:30:00+00:00,-1,True,-226.436,-1.63772,138.263,0.930479,64.7591,1.71427,0.630584,0.52172,0.47828,4.74204,0.86113,-3.46217,12,False,False,False,False
140732,2021-01-15 10:00:00+00:00,1,True,-293.104,-2.33176,125.701,0.910445,64.836,2.63848,0.971426,0.498594,0.498594,5.09115,0.877112,3.21248,10,False,False,False,False
140818,2021-01-17 05:00:00+00:00,-1,False,0.137392,0.00117703,116.727,0.892038,65.0701,1.74461,0.643353,0.0967405,0.90326,2.93382,0.701598,2.36601,5,False,False,False,False
140931,2021-01-19 13:30:00+00:00,-1,False,292.696,2.83769,103.146,0.859247,65.3385,2.3774,0.874105,0.569115,0.430885,3.76145,0.789755,-1.50438,13,False,False,False,False
141077,2021-01-22 14:30:00+00:00,1,False,-48.8786,-0.275266,177.569,0.969492,65.6555,1.73195,0.637057,1.06173,1.06173,5.55108,0.891239,-2.22062,14,False,False,False,False
141116,2021-01-23 10:00:00+00:00,-1,False,120.141,0.840378,142.96,0.932021,65.7226,2.28038,0.838826,0.333399,0.666601,3.62192,0.772175,2.15647,10,False,False,False,False
141254,2021-01-26 07:00:00+00:00,-1,False,-207.257,-1.4576,142.191,0.930594,66.0493,2.34347,0.862423,0.0926835,0.907316,4.46835,0.834646,2.83588,7,False,False,False,False
141449,2021-01-30 08:30:00+00:00,1,False,-13.0871,-0.0723102,180.986,0.969463,66.5778,1.68323,0.619445,0.683712,0.683712,5.2711,0.874629,1.55046,8,False,False,False,False
141481,2021-01-31 00:30:00+00:00,-1,False,88.4012,0.860152,102.774,0.844749,66.6549,2.29536,0.845096,0.372957,0.627043,2.67402,0.648202,-1.70132,0,False,False,False,False
141554,2021-02-01 13:00:00+00:00,-1,False,-0.335086,-0.00271527,123.408,0.893265,66.8105,1.87184,0.690274,0.373058,0.626942,3.80222,0.781393,-0.503992,13,False,False,False,False
141586,2021-02-02 05:00:00+00:00,1,False,277.999,3.25406,85.4315,0.76016,66.8807,1.82531,0.673862,0.800918,0.800918,1.53166,0.389498,1.0717,5,False,False,False,False
141730,2021-02-05 05:00:00+00:00,1,False,169.199,1.71225,98.8165,0.826855,67.2297,2.46796,0.910606,0.537447,0.537447,2.80608,0.662928,3.28362,5,False,False,False,False
141765,2021-02-05 22:30:00+00:00,1,False,629.686,8.29678,75.8952,0.68633,67.33,2.4602,0.908839,0.611285,0.611285,2.30815,0.579224,4.88154,22,True,True,False,False
141984,2021-02-10 12:00:00+00:00,-1,False,504.036,4.94774,101.872,0.835103,67.8654,2.52001,0.929811,0.645802,0.354198,2.29293,0.570719,-7.40334,12,False,True,False,False
142077,2021-02-12 10:30:00+00:00,1,True,-176.751,-1.71018,103.352,0.837586,68.0619,1.89461,0.699056,0.541398,0.541398,3.06773,0.689983,4.94466,10,False,False,False,False
142106,2021-02-13 01:00:00+00:00,-1,False,110.064,1.26353,87.1086,0.756992,68.1713,2.37834,0.876353,0.494952,0.505048,2.15899,0.539954,-4.20075,1,False,False,False,False
142151,2021-02-13 23:30:00+00:00,1,False,449.201,5.73715,78.2968,0.695605,68.2581,1.96741,0.724938,0.94791,0.94791,1.07312,0.219977,2.45775,23,False,True,False,False
142202,2021-02-15 01:00:00+00:00,-1,False,152.856,1.97387,77.4397,0.687814,68.3881,2.19428,0.80816,0.473142,0.526858,1.63104,0.404766,-4.09735,1,False,False,False,False
142245,2021-02-15 22:30:00+00:00,-1,True,-198.857,-2.39701,82.9604,0.729281,68.5158,1.72564,0.63577,0.186603,0.813397,2.79084,0.650942,-0.979816,22,False,False,False,False
142274,2021-02-16 13:00:00+00:00,1,False,-66.9012,-0.51439,130.059,0.903824,68.5793,2.55094,0.940268,0.852933,0.852933,2.37492,0.580793,2.77139,13,False,False,False,False
142333,2021-02-17 18:30:00+00:00,1,False,-24.8921,-0.262519,94.8199,0.797917,68.6996,1.87642,0.691961,0.822187,0.822187,1.64749,0.406564,5.47107,18,False,False,False,False
142384,2021-02-18 20:00:00+00:00,-1,False,-94.2777,-1.30368,72.3163,0.635674,68.7713,2.37655,0.877368,0.49756,0.50244,2.01231,0.503995,-4.48847,20,False,False,False,False
142532,2021-02-21 22:00:00+00:00,-1,False,432.914,5.47355,79.0919,0.694892,69.1223,2.13867,0.787942,0.343279,0.656721,2.50805,0.599943,-5.99639,22,False,True,False,False
142680,2021-02-25 00:00:00+00:00,1,False,360.341,2.5363,142.074,0.921975,69.4474,2.13337,0.786715,0.746804,0.746804,3.6527,0.752911,-2.30381,0,False,False,False,False
142801,2021-02-27 12:30:00+00:00,1,False,-122.364,-1.00104,122.237,0.880479,69.7479,2.45351,0.904774,0.383857,0.383857,3.41356,0.722403,-3.03273,12,False,False,False,False
142918,2021-03-01 23:00:00+00:00,1,False,-62.5413,-0.596098,104.918,0.831364,70.059,2.06775,0.762518,0.82772,0.82772,3.25659,0.702169,3.69594,23,False,False,False,False
142952,2021-03-02 16:00:00+00:00,-1,False,-107.059,-1.07747,99.3608,0.808105,70.167,2.65563,0.979852,0.332633,0.667367,2.00979,0.490782,-1.94084,16,False,False,False,False
143125,2021-03-06 06:30:00+00:00,1,True,-155.855,-1.72939,90.1215,0.754053,70.6912,1.86615,0.68894,0.588986,0.588986,2.15311,0.518094,0.654737,6,False,False,False,False
143196,2021-03-07 18:00:00+00:00,1,False,-157.948,-2.00057,78.9515,0.676284,70.9188,2.72854,1.00619,0.938247,0.938247,1.48706,0.340839,5.08634,18,False,False,False,False
143291,2021-03-09 17:30:00+00:00,-1,False,37.5756,0.468329,80.2334,0.685245,71.1499,2.37963,0.877529,0.446281,0.553719,2.01765,0.485046,-7.0528,17,False,False,False,False
143414,2021-03-12 07:00:00+00:00,1,False,-22.3876,-0.245676,91.1266,0.757763,71.45,2.18444,0.806663,0.379456,0.379456,2.91414,0.645548,4.61221,7,False,False,False,False
143442,2021-03-12 21:00:00+00:00,-1,False,-156.831,-1.52485,102.85,0.817437,71.5314,2.38138,0.879722,0.514221,0.485779,4.33736,0.800628,-2.71557,21,False,False,False,False
143654,2021-03-17 07:00:00+00:00,1,True,-216.219,-2.59739,83.2445,0.699886,72.1888,2.39834,0.883013,0.62343,0.62343,2.80449,0.626427,-0.917084,7,False,False,False,False
143948,2021-03-23 10:00:00+00:00,1,False,-48.0439,-0.458501,104.785,0.82226,72.7853,2.47123,0.908947,0.650449,0.650449,3.82659,0.753624,-3.85075,10,False,False,False,False
144080,2021-03-26 04:00:00+00:00,1,False,255.683,2.3428,109.136,0.836159,73.1137,2.16062,0.794702,0.827613,0.827613,2.32958,0.534646,-3.12211,4,False,False,False,False
144269,2021-03-30 02:30:00+00:00,-1,False,-260.865,-4.13272,63.1219,0.482477,73.3245,1.9037,0.700199,0.188778,0.811222,1.37277,0.28399,-4.11298,2,False,False,False,True
144304,2021-03-30 20:00:00+00:00,1,True,-121.514,-2.33331,52.0781,0.333818,73.3245,2.32184,0.853267,0.76484,0.76484,1.26017,0.24532,8.08658,20,False,False,False,True
144373,2021-04-01 06:30:00+00:00,-1,False,38.9945,0.670923,58.1207,0.417295,73.3993,1.83327,0.674044,0.431296,0.568704,1.0278,0.162158,-3.53239,6,False,False,False,True
144440,2021-04-02 16:00:00+00:00,1,False,-11.7843,-0.25035,47.0715,0.257363,73.2143,2.59582,0.954782,0.513528,0.513528,0.938565,0.127683,3.84023,16,False,False,False,True
144551,2021-04-04 23:30:00+00:00,1,True,-83.9304,-1.88049,44.6322,0.21972,72.9822,1.78426,0.656276,0.707477,0.707477,0.906423,0.117352,-0.442215,23,False,False,False,True
144608,2021-04-06 04:00:00+00:00,-1,False,87.568,1.67895,52.1563,0.335616,72.9347,2.73978,1.00697,0.144251,0.855749,1.17776,0.218436,-1.06333,4,False,False,False,True
144646,2021-04-06 23:00:00+00:00,-1,False,276.584,5.00287,55.2851,0.383276,72.9005,2.19588,0.806377,0.296816,0.703184,1.51466,0.327055,1.29855,23,False,False,False,True
144745,2021-04-09 00:30:00+00:00,1,False,60.5672,1.26124,48.0221,0.273059,72.8567,2.46586,0.904643,1.14164,1.14164,1.08576,0.183761,2.22459,0,False,False,False,True
144785,2021-04-09 20:30:00+00:00,1,False,369.762,7.83462,47.196,0.259874,72.8567,2.36658,0.86961,0.546388,0.546388,1.16937,0.214555,2.24741,20,True,False,False,True
145068,2021-04-15 18:00:00+00:00,-1,False,174.027,2.97618,58.4734,0.425828,72.8525,1.9432,0.714034,0.485611,0.514389,1.24297,0.2377,-1.72743,18,False,False,False,True
145249,2021-04-19 12:30:00+00:00,1,False,-366.13,-4.31298,84.8902,0.705537,73.115,2.49708,0.917771,0.617302,0.617302,1.75403,0.390154,-3.82418,12,False,False,False,False
145357,2021-04-21 18:30:00+00:00,-1,False,217.259,2.71439,80.0395,0.664697,73.432,2.58837,0.951106,0.457643,0.542357,3.07559,0.653282,2.93964,18,False,False,False,False
145403,2021-04-22 17:30:00+00:00,-1,False,1029.82,9.63029,106.935,0.828282,73.5655,1.96469,0.722097,0.414012,0.585988,3.60967,0.723545,2.69021,17,True,True,False,False
145492,2021-04-24 14:00:00+00:00,1,False,146.522,1.52427,96.126,0.776084,73.797,2.35185,0.864197,0.38613,0.38613,3.62687,0.7246,-6.06344,14,False,False,False,False
145618,2021-04-27 05:00:00+00:00,-1,False,-265.773,-3.28464,80.9138,0.666182,74.0551,1.69706,0.622014,0.414442,0.585558,2.44094,0.544406,-3.33671,5,False,False,False,False
145696,2021-04-28 20:00:00+00:00,1,True,-193.52,-2.89185,66.9192,0.520576,74.0984,1.88991,0.69267,1.04689,1.04689,2.17586,0.488756,5.07527,20,False,False,False,True
145731,2021-04-29 13:30:00+00:00,-1,False,80.4217,1.12919,71.2209,0.568836,74.1465,2.51267,0.920886,0.242095,0.757905,1.93206,0.431393,-0.444406,13,False,False,False,True
145774,2021-04-30 11:00:00+00:00,-1,False,-658.475,-11.1559,59.0249,0.416495,74.2137,2.80272,1.02719,0.569436,0.430564,2.89347,0.622089,-1.33623,11,False,False,False,True
145845,2021-05-01 22:30:00+00:00,-1,False,135.08,2.46104,54.8875,0.356906,74.2294,1.96167,0.718945,0.421692,0.578308,1.34709,0.260274,-6.15268,22,False,False,False,True
145880,2021-05-02 16:00:00+00:00,-1,False,-221.095,-3.58117,61.7381,0.451256,74.2071,2.37045,0.868762,0.420613,0.579387,1.54023,0.318236,-1.77991,16,False,False,False,True
146054,2021-05-06 07:00:00+00:00,-1,True,-171.203,-2.06279,82.9959,0.68105,74.4174,1.95287,0.715746,0.0578059,0.942194,1.62786,0.343693,-0.867901,7,False,False,False,False
146342,2021-05-12 07:00:00+00:00,-1,False,453.546,6.6378,68.3278,0.530479,74.6928,2.56377,0.939646,0.486939,0.513061,2.74212,0.595006,-0.185917,7,False,True,False,True
146441,2021-05-14 08:30:00+00:00,1,False,-99.0792,-0.783825,126.405,0.885845,74.6528,2.27773,0.834839,0.890831,0.890831,3.24717,0.675228,-4.75768,8,False,False,False,False
146482,2021-05-15 05:00:00+00:00,-1,False,304.88,3.11001,98.0318,0.787129,74.6528,2.58328,0.946763,0.141682,0.858318,2.76908,0.600371,5.85227,5,False,False,False,False
146639,2021-05-18 11:30:00+00:00,1,True,-201.158,-1.69111,118.95,0.866838,74.6528,1.58581,0.58087,0.957064,0.957064,2.11856,0.47149,-2.78095,11,False,False,False,False
146827,2021-05-22 09:30:00+00:00,1,False,160.101,0.680188,235.378,0.983704,74.7186,2.16039,0.791347,0.601252,0.601252,7.49259,0.932563,-3.50734,9,False,False,False,False
146957,2021-05-25 02:30:00+00:00,-1,False,216.514,1.16803,185.367,0.961045,74.9173,2.8151,1.03098,0.409205,0.590795,6.46584,0.900942,-1.01328,2,False,False,False,False
146993,2021-05-25 20:30:00+00:00,-1,False,-696.629,-4.42952,157.27,0.933076,75.0227,2.30206,0.84326,0.54041,0.45959,4.57698,0.805479,0.0733638,20,False,False,False,False
147227,2021-05-30 17:30:00+00:00,1,True,-227.138,-1.88513,120.489,0.857078,75.3372,2.1514,0.78783,0.691692,0.691692,2.92785,0.616695,-0.902734,17,False,False,False,False
147312,2021-06-01 12:00:00+00:00,1,False,-117.55,-1.16793,100.648,0.786045,75.4887,2.81091,1.02889,0.436443,0.436443,3.42775,0.685474,0.525612,12,False,False,False,False
147543,2021-06-06 07:30:00+00:00,-1,False,27.577,0.309012,89.2426,0.714726,75.628,2.35661,0.862595,0.593393,0.406607,4.20659,0.770348,2.82191,7,False,False,False,False
147588,2021-06-07 06:00:00+00:00,-1,False,221.28,2.96509,74.6286,0.589155,75.6764,2.2676,0.830053,0.600813,0.399187,3.77986,0.729538,1.00003,6,False,False,False,True
147772,2021-06-11 02:00:00+00:00,-1,False,-264.71,-1.963,134.85,0.891553,76.0689,2.70968,0.991498,0.208876,0.791124,2.51078,0.538242,-1.08849,2,False,False,False,False
147807,2021-06-11 19:30:00+00:00,1,True,-213.271,-2.37587,89.7652,0.713413,76.1573,2.51919,0.921796,0.655432,0.655432,2.77759,0.586473,3.42804,19,False,False,False,False
147986,2021-06-15 13:00:00+00:00,1,True,-212.214,-2.45132,86.5712,0.68633,76.5788,2.73487,1.0011,0.712278,0.712278,2.13311,0.46113,6.34998,13,False,False,False,False
148013,2021-06-16 02:30:00+00:00,1,False,-362.949,-4.62567,78.464,0.618208,76.5788,2.39801,0.877948,0.45925,0.45925,3.04147,0.626627,4.69546,2,False,False,False,False
148054,2021-06-16 23:00:00+00:00,-1,False,-171.278,-1.67484,102.265,0.787985,76.5449,1.86386,0.682286,0.249435,0.750565,2.5094,0.536501,0.766501,23,False,False,False,False
148194,2021-06-19 21:00:00+00:00,1,True,-213.393,-2.26132,94.3667,0.742237,76.7509,1.99299,0.729895,0.770014,0.770014,2.00688,0.431935,-3.38647,21,False,False,False,False
148283,2021-06-21 17:30:00+00:00,-1,False,-143.586,-0.773317,185.675,0.960959,76.8996,1.94611,0.712845,0.270719,0.729281,4.46616,0.78613,5.23637,17,False,False,False,False
148371,2021-06-23 13:30:00+00:00,1,True,-289.436,-2.26944,127.536,0.871204,76.8996,1.88919,0.692021,1.24471,1.24471,2.45501,0.524829,1.70933,13,False,False,False,False
148406,2021-06-24 07:00:00+00:00,1,False,563.267,4.88366,115.337,0.835388,76.8996,1.8208,0.666971,0.493309,0.493309,4.89872,0.817808,-1.88446,7,False,True,False,False
148571,2021-06-27 17:30:00+00:00,-1,False,-464.585,-4.36109,106.529,0.804024,76.8996,2.08364,0.763582,0.421276,0.578724,2.77456,0.582534,-0.398236,17,False,False,False,False
148710,2021-06-30 15:00:00+00:00,-1,False,145.516,1.71326,84.9351,0.671861,76.8779,1.9135,0.701291,0.224086,0.775914,2.2935,0.494463,-0.302318,15,False,False,False,False
148813,2021-07-02 18:30:00+00:00,-1,False,-184.943,-2.25837,81.8925,0.648373,76.8716,2.51895,0.923255,0.536557,0.463443,3.09647,0.634532,2.05292,18,False,False,False,False
148879,2021-07-04 03:30:00+00:00,1,False,279.693,4.82808,57.9305,0.385645,76.679,2.1969,0.805219,0.729923,0.729923,1.4153,0.271775,3.22073,3,False,False,False,True
149012,2021-07-06 22:00:00+00:00,-1,False,-263.864,-3.30502,79.8373,0.633733,76.4221,2.52755,0.926463,0.0677192,0.932281,1.7561,0.365753,1.89584,22,False,False,False,False
149054,2021-07-07 19:00:00+00:00,1,False,-637.26,-11.3636,56.0789,0.363185,76.3764,1.94924,0.714532,0.435623,0.435623,1.36196,0.256136,1.42468,19,False,False,False,True
149189,2021-07-10 14:30:00+00:00,-1,False,47.3407,0.927958,51.016,0.292723,76.1241,2.26586,0.831272,0.377161,0.622839,0.879661,0.102711,-0.45784,14,False,False,False,True
149217,2021-07-11 04:30:00+00:00,-1,True,-138.639,-2.67026,51.9197,0.306564,76.0528,2.44681,0.898041,0.168838,0.831162,1.4156,0.273088,1.53884,4,False,False,False,True
149302,2021-07-12 23:00:00+00:00,1,False,-1.20208,-0.0197955,60.7247,0.427226,75.7822,2.19158,0.804287,0.39007,0.39007,2.76483,0.589384,-3.20683,23,False,False,False,True
149355,2021-07-14 01:30:00+00:00,-1,True,-143.466,-2.18183,65.7549,0.490639,75.6439,2.15889,0.792865,0.135666,0.864334,1.98394,0.431621,4.55555,1,False,False,False,True
149406,2021-07-15 03:00:00+00:00,-1,False,328.368,5.69082,57.7013,0.3875,75.5365,2.71789,0.997627,0.307284,0.692716,0.808587,0.0814498,1.2501,3,False,False,False,True
149603,2021-07-19 05:30:00+00:00,1,False,-309.867,-6.05859,51.1451,0.296604,75.1246,2.15693,0.791571,0.592962,0.592962,1.05534,0.161729,-1.38089,5,False,False,False,True
149693,2021-07-21 02:30:00+00:00,1,False,706.866,11.6626,60.6095,0.430908,74.9061,2.22876,0.819058,0.613342,0.613342,1.2622,0.227797,-6.03944,2,True,True,False,True
149735,2021-07-21 23:30:00+00:00,1,False,-90.3165,-1.03117,87.5861,0.713927,74.8977,2.46405,0.904939,0.718412,0.718412,2.55996,0.555565,3.59374,23,False,False,False,False
149764,2021-07-22 14:00:00+00:00,1,False,178.814,2.59226,68.9798,0.535474,74.8693,2.49366,0.916407,0.565354,0.565354,1.89404,0.412586,3.48219,14,False,False,False,True
149810,2021-07-23 13:00:00+00:00,1,False,368.621,7.15088,51.549,0.303425,74.7302,1.91585,0.704068,0.417085,0.417085,1.74343,0.369007,4.34044,13,False,False,False,True
150010,2021-07-27 17:00:00+00:00,-1,True,-304.211,-2.60992,116.56,0.858134,74.7245,2.76266,1.01319,0.413894,0.586106,4.75634,0.820776,-3.9938,17,False,False,False,False
150046,2021-07-28 11:00:00+00:00,1,True,-233.994,-2.21648,105.57,0.819406,74.7809,2.45804,0.902161,0.908925,0.908925,2.27238,0.498801,7.74644,11,False,False,False,False
150082,2021-07-29 05:00:00+00:00,1,False,-97.0934,-0.936205,103.709,0.809789,74.8735,1.94024,0.712184,0.618886,0.618886,2.41159,0.527169,5.2482,5,False,False,False,False
150114,2021-07-29 21:00:00+00:00,1,False,-248.272,-3.50139,70.9066,0.556535,74.9411,2.03653,0.748417,0.415137,0.415137,1.6629,0.344378,4.80055,21,False,False,False,True
150196,2021-07-31 14:00:00+00:00,-1,True,-132.044,-1.85511,71.1782,0.558619,75.0504,1.89613,0.695927,0.0675418,0.932458,1.22344,0.214441,-6.10542,14,False,False,False,True
150365,2021-08-04 02:30:00+00:00,-1,False,-308.121,-3.54678,86.8735,0.704424,75.2998,2.03601,0.746947,0.397872,0.602128,1.76579,0.37129,3.87724,2,False,False,False,False
150478,2021-08-06 11:00:00+00:00,-1,False,-541.148,-5.50136,98.3664,0.782705,75.1781,2.01057,0.737305,0.607504,0.392496,2.94959,0.624372,-2.76595,11,False,False,False,False
150509,2021-08-07 02:30:00+00:00,1,False,52.3783,0.593266,88.2881,0.71641,75.1781,2.04096,0.748342,1.05857,1.05857,2.15058,0.472032,7.97094,2,False,False,False,False
150564,2021-08-08 06:00:00+00:00,1,True,-211.865,-2.2908,92.4851,0.746775,75.1838,1.75448,0.643173,0.963037,0.963037,2.5933,0.560674,7.2012,6,False,False,False,False
150594,2021-08-08 21:00:00+00:00,1,False,213.623,2.1095,101.267,0.797089,75.211,2.62399,0.962296,0.339555,0.339555,4.09672,0.767352,3.17931,21,False,False,False,False
150656,2021-08-10 04:00:00+00:00,-1,False,190.377,2.06109,92.3669,0.744064,75.345,2.58749,0.948733,0.276091,0.723909,2.63994,0.569292,-4.75046,4,False,False,False,False
150709,2021-08-11 06:30:00+00:00,1,False,61.0724,0.962018,63.4836,0.461501,75.4133,1.83907,0.67422,1.0289,1.0289,1.39622,0.26524,5.20041,6,False,False,False,True
150735,2021-08-11 19:30:00+00:00,-1,False,201.853,3.42798,58.8839,0.402626,75.4133,2.0183,0.740202,0.582603,0.417397,1.82843,0.385588,-5.39646,19,False,False,False,True
150766,2021-08-12 11:00:00+00:00,1,False,-212.609,-3.05463,69.6021,0.535645,75.4133,2.66289,0.976561,0.374731,0.374731,3.21858,0.664184,0.85836,11,False,False,False,True
150829,2021-08-13 18:30:00+00:00,1,False,243.766,4.29071,56.8126,0.374658,75.4133,1.89661,0.695543,0.823108,0.823108,1.10344,0.174001,5.03203,18,False,False,False,True
150897,2021-08-15 04:30:00+00:00,-1,False,180.199,2.82279,63.837,0.465497,75.2708,1.88824,0.692342,0.253249,0.746751,1.91608,0.410702,-2.061,4,False,False,False,True
150997,2021-08-17 06:30:00+00:00,-1,True,-132.332,-1.77818,74.4201,0.592694,75.1038,1.74055,0.638194,0.371887,0.628113,2.13108,0.464612,1.12446,6,False,False,False,True
151061,2021-08-18 14:30:00+00:00,1,False,-272.539,-3.5894,75.929,0.608076,75.2233,2.7229,0.998185,0.720506,0.720506,1.58554,0.317951,-1.77321,14,False,False,False,False
151096,2021-08-19 08:00:00+00:00,1,False,430.255,6.11221,70.3927,0.54512,75.259,1.64147,0.601775,0.52299,0.52299,2.86708,0.609874,-3.18462,8,False,True,False,True
151296,2021-08-23 12:00:00+00:00,1,False,-253.602,-4.72259,53.6998,0.334161,75.0869,1.93078,0.707698,0.853566,0.853566,1.18647,0.201113,7.19481,12,False,False,False,True
151379,2021-08-25 05:30:00+00:00,1,False,141.854,2.26856,62.5304,0.449201,75.0484,1.84152,0.67534,0.612782,0.612782,1.49276,0.290868,-1.60216,5,False,False,False,True
151458,2021-08-26 21:00:00+00:00,1,False,31.7129,0.469635,67.5267,0.512072,75.0702,1.6076,0.5893,0.579772,0.579772,1.40432,0.265611,-3.53848,21,False,False,False,True
151491,2021-08-27 13:30:00+00:00,-1,False,-413.369,-6.42036,64.384,0.470976,75.0834,2.63493,0.965822,0.440527,0.559473,1.90045,0.404395,2.39525,13,False,False,False,True
151561,2021-08-29 00:30:00+00:00,1,True,-94.4433,-2.2832,41.3644,0.156564,75.0466,1.91555,0.702098,0.70527,0.70527,1.22628,0.212557,3.06268,0,False,False,False,True
151634,2021-08-30 13:00:00+00:00,-1,True,-138.743,-2.56142,54.1664,0.341124,75.0466,2.72814,0.99993,-0.140013,1.14001,1.19888,0.204053,3.12323,13,False,False,False,True
151713,2021-09-01 04:30:00+00:00,1,False,362.2,5.82413,62.1895,0.443265,75.0466,1.93914,0.710691,0.648752,0.648752,1.55981,0.305736,-2.37813,4,False,False,False,True
151865,2021-09-04 08:30:00+00:00,-1,False,-21.9891,-0.433747,50.6957,0.286958,75.0466,2.5818,0.946222,0.535216,0.464784,1.84427,0.385046,-3.40222,8,False,False,False,True
151896,2021-09-05 00:00:00+00:00,-1,False,-45.8343,-0.966257,47.4349,0.239526,75.0466,2.26834,0.831338,0.437577,0.562423,1.22455,0.208704,-1.99044,0,False,False,False,True
152099,2021-09-09 05:30:00+00:00,1,False,114.41,1.42169,80.475,0.654823,75.1737,2.08232,0.763165,0.562157,0.562157,1.937,0.411444,-5.9432,5,False,False,False,False
152125,2021-09-09 18:30:00+00:00,-1,False,109.852,1.49398,73.5297,0.581393,75.1995,2.18295,0.800045,0.562058,0.437942,3.33648,0.678682,3.63224,18,False,False,False,True
152261,2021-09-12 14:30:00+00:00,-1,False,186.476,3.62172,51.4883,0.299087,75.2288,2.19202,0.803431,0.628261,0.371739,2.9035,0.612386,1.27498,14,False,False,False,True
152342,2021-09-14 07:00:00+00:00,1,False,182.431,2.95165,61.8063,0.434275,75.3554,0.965332,0.353828,1.2797,1.2797,1.40488,0.258733,0.222124,7,False,False,False,True
152373,2021-09-14 22:30:00+00:00,1,False,131.294,1.9703,66.6364,0.496062,75.3554,1.84327,0.675604,1.01789,1.01789,1.24358,0.209989,3.58282,22,False,False,False,True
152423,2021-09-15 23:30:00+00:00,1,False,-73.8453,-1.51052,48.8873,0.256107,75.3554,1.79097,0.656437,0.732514,0.732514,1.20612,0.19863,7.21991,23,False,False,False,True
152471,2021-09-16 23:30:00+00:00,1,False,-76.0474,-1.23005,61.8246,0.433419,75.3554,2.4998,0.916265,0.655581,0.655581,2.12418,0.454481,2.66252,23,False,False,False,True
152522,2021-09-18 01:00:00+00:00,1,False,224.17,3.66357,61.1889,0.425029,75.3554,2.69554,0.987906,0.596256,0.596256,1.78611,0.361986,0.477284,1,False,False,False,True
152580,2021-09-19 06:00:00+00:00,1,True,-97.4451,-2.20015,44.2903,0.186872,75.3554,2.15978,0.791611,0.608535,0.608535,1.1139,0.168465,1.80031,6,False,False,False,True
152613,2021-09-19 22:30:00+00:00,-1,False,714.349,13.3345,53.5715,0.3254,75.3554,2.13151,0.781248,0.0395677,0.960432,1.12487,0.171747,1.63779,22,True,True,False,True
152765,2021-09-23 02:30:00+00:00,1,False,43.0293,0.485266,88.6715,0.715268,75.6627,1.94764,0.713805,0.861276,0.861276,1.92872,0.40097,-0.720639,2,False,False,False,False
152889,2021-09-25 16:30:00+00:00,1,False,-105.446,-1.29661,81.3245,0.657848,75.725,1.73839,0.637004,0.560512,0.560512,1.70824,0.336416,-2.21107,16,False,False,False,False
152947,2021-09-26 21:30:00+00:00,1,False,88.7279,1.40298,63.2424,0.447831,75.6162,2.21387,0.811306,0.712353,0.712353,1.20281,0.193664,1.14251,21,False,False,False,True
153009,2021-09-28 04:30:00+00:00,1,True,-186.213,-2.55363,72.921,0.568864,75.6442,2.09187,0.76653,0.530503,0.530503,3.18323,0.652768,-1.36826,4,False,False,False,True
153156,2021-10-01 06:00:00+00:00,1,False,876.997,14.0313,62.5027,0.436958,75.5697,1.90844,0.699486,0.830957,0.830957,1.34938,0.235417,3.72111,6,True,True,True,True
153186,2021-10-01 21:00:00+00:00,1,False,-90.5456,-1.08836,83.1943,0.675342,75.6442,1.9909,0.72966,1.00091,1.00091,2.63161,0.556164,10.7181,21,False,False,False,False
153215,2021-10-02 11:30:00+00:00,-1,True,-83.5424,-1.77309,47.1168,0.224971,75.6683,1.71602,0.628962,0.184199,0.815801,0.870845,0.0926941,-12.123,11,False,False,False,True
153259,2021-10-03 09:30:00+00:00,-1,True,-82.7499,-2.08086,39.7672,0.129538,75.6683,1.5686,0.574988,0.465493,0.534507,1.67705,0.328025,-9.64971,9,False,False,False,True
153397,2021-10-06 06:30:00+00:00,1,False,635.298,9.49582,66.903,0.49335,75.73,2.43339,0.892055,0.770753,0.770753,1.33875,0.231364,8.52074,6,True,True,False,True
153460,2021-10-07 14:00:00+00:00,1,False,-135.549,-1.66753,81.2876,0.657334,75.8452,2.76961,1.01523,0.606391,0.606391,2.81672,0.591267,7.54131,14,False,False,False,False
153527,2021-10-08 23:30:00+00:00,-1,True,-159.885,-2.40166,66.5729,0.486615,75.8684,2.80748,1.02908,-0.0269613,1.02696,1.51859,0.280479,-3.13745,23,False,False,False,True
153556,2021-10-09 14:00:00+00:00,1,True,-123.145,-2.00395,61.4512,0.419235,75.8684,2.24128,0.821536,1.01411,1.01411,1.37814,0.240839,5.85232,14,False,False,False,True
153607,2021-10-10 15:30:00+00:00,1,False,253.428,4.2596,59.4957,0.394235,75.8452,2.48772,0.911779,0.393229,0.393229,2.05784,0.431221,3.62852,15,False,False,False,True
153665,2021-10-11 20:30:00+00:00,-1,False,13.4234,0.204804,65.5427,0.472688,75.915,1.85199,0.678776,0.587066,0.412934,3.31988,0.671632,-6.03425,20,False,False,False,True
153800,2021-10-14 16:00:00+00:00,-1,False,-402.721,-5.90849,68.1598,0.505479,76.0524,2.16245,0.792563,0.122952,0.877048,1.24968,0.199658,-2.42902,16,False,False,False,True
153844,2021-10-15 14:00:00+00:00,1,False,272.315,3.91603,69.5385,0.521718,76.0827,2.50882,0.919598,0.969143,0.969143,1.77288,0.348659,6.60003,14,False,False,False,True
153882,2021-10-16 09:00:00+00:00,-1,False,135.115,1.91777,70.454,0.532905,76.1255,1.82308,0.668248,0.325172,0.674828,1.69006,0.324857,-6.93685,9,False,False,False,True
153923,2021-10-17 05:30:00+00:00,-1,True,-108.15,-1.9806,54.6048,0.324001,76.1255,1.63789,0.600384,0.324602,0.675398,1.17822,0.178311,-4.30531,5,False,False,False,True
154079,2021-10-20 11:30:00+00:00,-1,False,-311.478,-7.79722,39.9473,0.125314,76.2573,1.62787,0.596712,0.287039,0.712961,0.600755,0.0259989,-7.36933,11,False,False,False,True
154234,2021-10-23 17:00:00+00:00,-1,False,37.0751,0.525317,70.5766,0.529909,76.3841,2.37857,0.871832,0.529369,0.470631,2.56372,0.535759,2.75691,17,False,False,False,True
154269,2021-10-24 10:30:00+00:00,1,False,-7.98999,-0.149554,53.4256,0.301427,76.3841,2.49914,0.916024,0.520694,0.520694,1.30823,0.211273,-3.00797,10,False,False,False,True
154351,2021-10-26 03:30:00+00:00,-1,False,42.8358,0.921115,46.5043,0.201484,76.2467,2.17405,0.796784,0.190097,0.809903,1.20751,0.183219,-1.9703,3,False,False,False,True
154445,2021-10-28 02:30:00+00:00,1,False,456.612,5.78301,78.9575,0.632763,76.1185,2.10905,0.772991,0.392186,0.392186,1.48157,0.2623,-4.88126,2,False,True,False,False
154574,2021-10-30 19:00:00+00:00,1,False,-40.2649,-0.763465,52.7397,0.293151,76.0524,2.55901,0.937869,0.642975,0.642975,1.19979,0.181678,0.918922,19,False,False,False,True
154687,2021-11-02 03:30:00+00:00,-1,False,-445.447,-6.77768,65.7227,0.468522,76.0607,2.64872,0.970787,0.551994,0.448006,1.67605,0.317723,0.424519,3,False,False,False,True
154738,2021-11-03 05:00:00+00:00,-1,True,-119.455,-2.20272,54.2308,0.312272,76.0607,2.12216,0.777766,0.111442,0.888558,1.34899,0.222917,-2.64972,5,False,False,False,True
154804,2021-11-04 14:00:00+00:00,1,True,-139.388,-2.29649,60.6963,0.397745,76.0782,2.12407,0.778465,0.549668,0.549668,2.42608,0.509047,-0.0929544,14,False,False,False,True
154872,2021-11-06 00:00:00+00:00,-1,False,111.253,2.34982,47.3455,0.210046,76.0782,2.11677,0.775898,0.418848,0.581152,1.23035,0.187957,2.75806,0,False,False,False,True
155045,2021-11-09 14:30:00+00:00,1,False,-211.036,-3.9392,53.5734,0.300771,76.0585,2.76938,1.01477,0.360028,0.360028,1.21022,0.180679,9.16154,14,False,False,False,True
155090,2021-11-10 13:00:00+00:00,-1,True,-112.808,-2.10133,53.6842,0.301798,76.0585,1.80325,0.660887,0.195405,0.804595,0.911129,0.0951199,-3.01474,13,False,False,False,True
155160,2021-11-12 00:00:00+00:00,-1,False,140.925,2.61255,53.9416,0.304167,76.1164,2.16796,0.79441,0.246512,0.753488,1.06029,0.136416,1.60356,0,False,False,False,True
155298,2021-11-14 21:00:00+00:00,1,False,262.842,5.52476,47.5753,0.209047,76.1451,2.81445,1.03131,0.495309,0.495309,1.70888,0.322546,-0.962088,21,False,False,False,True
155414,2021-11-17 07:00:00+00:00,1,False,99.1418,1.01202,97.9647,0.779481,76.2679,2.09597,0.767635,0.391811,0.391811,3.29036,0.663499,-5.27789,7,False,False,False,False
155457,2021-11-18 04:30:00+00:00,-1,False,334.384,4.46982,74.8093,0.580879,76.3363,2.46576,0.903143,0.0988886,0.901111,1.80051,0.345348,4.44321,4,False,False,False,True
155574,2021-11-20 15:00:00+00:00,-1,True,-82.5474,-1.83247,45.0469,0.169863,76.4781,1.87437,0.68653,0.136884,0.863116,0.61065,0.0263699,3.00348,15,False,False,False,True
155607,2021-11-21 07:30:00+00:00,1,False,54.3484,1.10206,49.3152,0.228453,76.4661,2.76524,1.01278,0.409782,0.409782,2.40678,0.497774,-0.202212,7,False,False,False,True
155666,2021-11-22 13:00:00+00:00,-1,True,-156.346,-2.15416,72.5787,0.554195,76.3212,2.06453,0.756182,0.248133,0.751867,1.17875,0.166381,3.79287,13,False,False,False,True
155793,2021-11-25 04:30:00+00:00,-1,True,-160.11,-2.57431,62.1954,0.411758,76.2497,2.12822,0.779422,0.475557,0.524443,2.58652,0.535702,0.41862,4,False,False,False,True
156089,2021-12-01 08:30:00+00:00,1,True,-167.691,-2.14569,78.1525,0.623801,76.1031,1.40865,0.515875,1.00663,1.00663,1.62693,0.295148,1.89608,8,False,False,False,False
156150,2021-12-02 15:00:00+00:00,1,True,-196.109,-2.58841,75.7642,0.595405,76.1416,1.82573,0.668318,0.89076,0.89076,1.86059,0.36133,0.453243,15,False,False,False,True
156179,2021-12-03 05:30:00+00:00,1,False,-261.108,-4.7694,54.7466,0.310445,76.1674,2.24125,0.820434,0.322218,0.322218,1.50141,0.256963,-1.18459,5,False,False,False,True
156271,2021-12-05 03:30:00+00:00,1,False,-173.495,-1.63038,106.414,0.823145,76.1938,2.61375,0.956997,0.623004,0.623004,2.27921,0.469834,-7.74266,3,False,False,False,False
156314,2021-12-06 01:00:00+00:00,-1,False,103.462,1.03151,100.301,0.793122,76.2813,2.56178,0.938234,0.430808,0.569192,3.06798,0.624829,6.08279,1,False,False,False,False
156418,2021-12-08 05:00:00+00:00,-1,False,-4.45362,-0.0674209,66.057,0.466495,76.4221,1.83895,0.673167,0.226555,0.773445,1.87579,0.363984,1.63024,5,False,False,False,True
156525,2021-12-10 10:30:00+00:00,1,False,-137.246,-1.76786,77.6341,0.612386,76.5537,2.51538,0.920753,0.580437,0.580437,1.98981,0.393893,-3.59966,10,False,False,False,False
156599,2021-12-11 23:30:00+00:00,1,False,38.0209,0.557821,68.1596,0.492152,76.6722,2.2205,0.812836,1.12017,1.12017,2.15971,0.437871,1.08192,23,False,False,False,True
156761,2021-12-15 08:30:00+00:00,1,True,-129.902,-2.0221,64.2412,0.431735,76.8413,1.59508,0.583655,0.998636,0.998636,1.2522,0.176998,0.979399,8,False,False,False,True
156819,2021-12-16 13:30:00+00:00,-1,False,212.039,3.51251,60.3668,0.375913,76.8964,2.69178,0.984946,0.37457,0.62543,1.4822,0.242837,-1.46315,13,False,False,False,True
156939,2021-12-19 01:30:00+00:00,-1,True,-141.707,-2.60913,54.3122,0.292466,76.8321,2.17997,0.797104,-0.0899013,1.0899,1.09561,0.134075,3.53619,1,False,False,False,True
156965,2021-12-19 14:30:00+00:00,1,False,-162.906,-2.13464,76.3154,0.593721,76.8321,2.51684,0.920278,0.439103,0.439103,2.28907,0.46387,-0.114098,14,False,False,False,True
157127,2021-12-22 23:30:00+00:00,-1,False,58.4758,1.12416,52.0171,0.25371,76.7947,2.6189,0.956806,0.363583,0.636417,1.17951,0.154338,-2.75027,23,False,False,False,True
157201,2021-12-24 12:30:00+00:00,-1,True,-108.725,-2.32806,46.7018,0.177397,76.7826,2.52478,0.921555,0.172927,0.827073,0.933789,0.0887557,-7.69562,12,False,False,False,True
157242,2021-12-25 09:00:00+00:00,-1,False,-15.3615,-0.36016,42.6519,0.131621,76.7826,1.92862,0.703976,0.38236,0.61764,0.739572,0.0453196,-5.35262,9,False,False,False,True
157270,2021-12-25 23:00:00+00:00,-1,False,166.177,3.68372,45.1111,0.158134,76.7826,1.97738,0.721806,0.226081,0.773919,1.25586,0.174144,-2.7785,23,False,False,False,True
157497,2021-12-30 16:30:00+00:00,-1,False,-16.5331,-0.308891,53.5242,0.275742,76.8413,2.33917,0.853869,0.572147,0.427853,2.25315,0.45234,4.57174,16,False,False,False,True
157610,2022-01-02 01:00:00+00:00,1,False,-114.799,-2.14268,53.5775,0.273973,76.8506,2.36495,0.864342,0.760637,0.760637,1.5205,0.247831,0.143541,1,False,False,False,True
157655,2022-01-02 23:30:00+00:00,1,True,-131.086,-2.53905,51.6278,0.242466,76.8401,2.33345,0.853145,0.724076,0.724076,2.04424,0.400542,-0.169547,23,False,False,False,True
157714,2022-01-04 05:00:00+00:00,-1,False,-101.914,-1.75373,58.1129,0.339897,76.8401,2.24286,0.819873,0.350989,0.649011,1.74422,0.314697,3.73231,5,False,False,False,True
157774,2022-01-05 11:00:00+00:00,1,True,-109.809,-3.03559,36.1738,0.079024,76.8506,2.64111,0.965273,1.16231,1.16231,1.35905,0.200257,0.128503,11,False,False,False,True
157819,2022-01-06 09:30:00+00:00,-1,False,-108.336,-1.26612,85.5653,0.686102,76.9147,1.88236,0.688094,0.0650544,0.934946,2.34451,0.472175,8.61082,9,False,False,False,False
157896,2022-01-08 00:00:00+00:00,-1,False,-77.7883,-0.919987,84.5537,0.677426,76.8996,2.01125,0.735072,0.225153,0.774847,1.82878,0.338213,6.89975,0,False,False,False,False
157975,2022-01-09 15:30:00+00:00,-1,True,-102.895,-1.73584,59.277,0.356136,76.9009,1.83739,0.671654,0.181681,0.818319,1.2693,0.172688,4.94958,15,False,False,False,True
158058,2022-01-11 09:00:00+00:00,-1,True,-154.09,-2.31801,66.4749,0.462671,76.8927,2.36151,0.863404,0.436471,0.563529,1.90602,0.361216,0.761503,9,False,False,False,True
158160,2022-01-13 12:00:00+00:00,-1,False,186.138,4.2035,44.2818,0.140925,76.9151,2.74895,1.0035,0.314652,0.685348,1.17214,0.146261,-3.92638,12,False,False,False,True
158328,2022-01-17 00:00:00+00:00,1,False,-123.873,-2.81943,43.9354,0.13887,76.688,2.72768,0.993979,0.420362,0.420362,1.44867,0.227825,0.380901,0,False,False,False,True
158354,2022-01-17 13:00:00+00:00,-1,False,62.8521,1.34582,46.7017,0.171889,76.688,2.44491,0.891052,0.0610279,0.938972,0.881572,0.0737443,2.03588,13,False,False,False,True
158493,2022-01-20 10:30:00+00:00,1,True,-75.1663,-1.90759,39.4038,0.0990297,76.6299,1.89811,0.691588,0.9282,0.9282,0.966043,0.0928653,-0.513144,10,False,False,False,True
158554,2022-01-21 17:00:00+00:00,1,False,-768.716,-6.92051,111.078,0.840297,76.7278,2.25749,0.821203,0.465029,0.465029,2.98595,0.604623,-5.98359,17,False,False,False,False
158739,2022-01-25 13:30:00+00:00,-1,False,-173.091,-1.86831,92.6459,0.738642,77.1776,2.78203,1.01202,0.602031,0.397969,2.59008,0.520548,0.540956,13,False,False,False,False
158765,2022-01-26 02:30:00+00:00,1,False,258.75,2.9733,87.0245,0.693522,77.2418,1.93006,0.702669,0.474133,0.474133,2.88409,0.582306,0.99828,2,False,False,False,False
158909,2022-01-29 02:30:00+00:00,-1,False,-17.5496,-0.246507,71.1931,0.522203,77.5436,1.92392,0.699862,0.575435,0.424565,3.99019,0.745006,-2.54854,2,False,False,False,True
158964,2022-01-30 06:00:00+00:00,1,False,-85.4802,-1.6721,51.1214,0.229424,77.5436,2.34188,0.852598,0.572154,0.572154,1.7927,0.32383,4.27155,6,False,False,False,True
159125,2022-02-02 14:30:00+00:00,-1,False,379.362,7.63651,49.6775,0.208248,77.5475,2.3285,0.849884,0.247511,0.752489,1.2092,0.153995,-1.36088,14,False,False,False,True
159156,2022-02-03 06:00:00+00:00,1,True,-78.5261,-1.42759,55.0059,0.290268,77.5475,1.50056,0.547286,0.508543,0.508543,2.15858,0.421547,-4.02788,6,False,False,False,True
159312,2022-02-06 12:00:00+00:00,-1,False,-84.3502,-2.23629,37.7188,0.0878425,77.6253,2.33551,0.852445,0.362396,0.637604,0.630679,0.0258847,-10.7631,12,False,False,False,True
159562,2022-02-11 17:00:00+00:00,-1,False,296.42,4.04743,73.2366,0.543008,77.8492,2.00367,0.730051,0.633833,0.366167,1.66092,0.280023,-0.458791,17,False,False,False,True
159605,2022-02-12 14:30:00+00:00,-1,False,-39.8434,-0.7583,52.5431,0.248288,77.8975,2.62908,0.958049,0.0204689,0.979531,1.003,0.0991438,4.66563,14,False,False,False,True
159710,2022-02-14 19:00:00+00:00,-1,True,-153.781,-2.65034,58.0233,0.32911,77.8362,2.07622,0.755276,0.302861,0.697139,2.14072,0.412643,1.34416,19,False,False,False,True
159753,2022-02-15 16:30:00+00:00,-1,True,-96.7101,-1.91885,50.4,0.214669,77.8356,2.17508,0.792505,0.511152,0.488848,1.99759,0.373231,-5.29097,16,False,False,False,True
159953,2022-02-19 20:30:00+00:00,-1,False,467.017,9.70534,48.1195,0.186758,77.7927,2.71434,0.98687,0.643338,0.356662,1.15062,0.136644,6.88435,20,True,True,False,True
160097,2022-02-22 20:30:00+00:00,1,False,207.025,2.04231,101.368,0.789897,77.9469,2.02879,0.736799,0.865804,0.865804,2.29322,0.446518,-1.96878,20,False,False,False,False
160245,2022-02-25 22:30:00+00:00,1,False,11.4253,0.125955,90.7093,0.716952,78.1121,1.97571,0.717522,0.369792,0.369792,2.52059,0.495719,2.49145,22,False,False,False,False
160400,2022-03-01 04:00:00+00:00,-1,False,-59.0885,-0.583159,101.325,0.787129,78.1265,2.01161,0.729089,0.708053,0.291947,8.17761,0.94786,-8.76329,4,False,False,False,False
160434,2022-03-01 21:00:00+00:00,1,False,-49.6645,-0.534446,92.9271,0.732705,78.1834,2.14053,0.775979,0.605675,0.605675,3.52068,0.679481,8.53684,21,False,False,False,False
160462,2022-03-02 11:00:00+00:00,1,False,-60.4663,-0.821092,73.6413,0.544207,78.226,2.7333,0.992655,0.595533,0.595533,1.50871,0.232135,8.3448,11,False,False,False,True
160494,2022-03-03 03:00:00+00:00,-1,False,286.326,4.12964,69.3344,0.489127,78.2807,1.71861,0.624263,0.373365,0.626635,1.43093,0.21093,-5.44648,3,False,False,False,True
160864,2022-03-10 20:00:00+00:00,1,True,-147.38,-1.69865,86.7633,0.680194,78.517,1.18587,0.430751,1.10509,1.10509,1.21342,0.149943,-1.31407,20,False,False,False,False
160940,2022-03-12 10:00:00+00:00,1,False,-25.6432,-0.551198,46.5228,0.161016,78.4745,1.56252,0.567566,0.779661,0.779661,0.460592,0.00730594,-1.47418,10,False,False,False,True
160984,2022-03-13 08:00:00+00:00,-1,False,102.746,3.06565,33.5151,0.0604737,78.3772,1.72736,0.628358,0.487379,0.512621,0.990118,0.0950913,1.82558,8,False,False,False,True
161193,2022-03-17 16:30:00+00:00,-1,False,14.1397,0.218821,64.6175,0.421033,78.0382,1.96089,0.712536,0.437388,0.562612,1.14114,0.13282,-3.43686,16,False,False,False,True
161220,2022-03-18 06:00:00+00:00,1,False,226.252,5.00186,45.2336,0.147774,77.9783,2.46369,0.894903,0.581714,0.581714,1.88595,0.342038,3.65366,6,False,False,False,True
161443,2022-03-22 21:30:00+00:00,1,True,-116.131,-2.1391,54.29,0.277597,77.4606,1.93132,0.702309,0.576204,0.576204,1.66017,0.281193,4.77975,21,False,False,False,True
161473,2022-03-23 12:30:00+00:00,-1,True,-100.343,-2.02185,49.6291,0.206764,77.4011,2.21678,0.805822,0.213777,0.786223,1.2435,0.160987,-0.839602,12,False,False,False,True
161561,2022-03-25 08:30:00+00:00,-1,True,-64.2116,-1.54922,41.4476,0.113042,77.1735,1.67171,0.607227,0.19341,0.80659,0.768945,0.0491438,-6.60295,8,False,False,False,True
161588,2022-03-25 22:00:00+00:00,1,False,-25.2846,-0.486644,51.9571,0.242922,77.0882,2.59101,0.941504,0.512867,0.512867,2.17763,0.426826,6.09567,22,False,False,False,True
161669,2022-03-27 14:30:00+00:00,1,False,495.273,18.6283,26.5871,0.0209475,76.981,2.80324,1.01919,0.901171,0.901171,0.700273,0.0371575,7.12669,14,True,True,True,True
161768,2022-03-29 16:00:00+00:00,-1,False,46.1097,0.881968,52.2804,0.252911,76.8246,2.28885,0.832324,0.164028,0.835972,1.36779,0.199743,-5.85963,16,False,False,False,True
161818,2022-03-30 17:00:00+00:00,1,False,-39.2936,-0.827517,47.4838,0.183134,76.6992,2.78357,1.01222,0.467579,0.467579,1.13861,0.1373,3.18645,17,False,False,False,True
161850,2022-03-31 09:00:00+00:00,1,True,-53.85,-1.49017,36.1369,0.0800799,76.6159,1.24514,0.452943,0.715583,0.715583,0.834636,0.063242,3.23185,9,False,False,False,True
162046,2022-04-04 11:00:00+00:00,-1,False,-117.138,-2.49573,46.9354,0.177312,76.2972,2.10977,0.767333,0.323845,0.676155,1.04389,0.114384,1.31401,11,False,False,False,True
162142,2022-04-06 11:00:00+00:00,-1,False,423.285,8.27827,51.132,0.238042,76.1933,2.32301,0.845037,-0.0662492,1.06625,0.900734,0.0777683,4.23843,11,True,True,False,True
162190,2022-04-07 11:00:00+00:00,-1,False,-18.2503,-0.372366,49.0117,0.207249,76.1429,1.20045,0.436695,0.570174,0.429826,0.974047,0.095605,8.17992,11,False,False,False,True
162509,2022-04-14 02:30:00+00:00,1,False,-242.445,-4.4994,53.8839,0.286301,75.8521,1.99687,0.723897,0.854633,0.854633,1.16976,0.149914,1.20715,2,False,False,False,True
162580,2022-04-15 14:00:00+00:00,-1,True,-85.904,-2.15107,39.9355,0.10742,75.8521,1.86856,0.678056,0.151,0.849,0.718328,0.0415525,4.20975,14,False,False,False,True
162608,2022-04-16 04:00:00+00:00,-1,False,55.2479,1.76856,31.2389,0.0457477,75.8423,2.26404,0.822692,0.422091,0.577909,0.847439,0.0682078,1.7601,4,False,False,False,True
162642,2022-04-16 21:00:00+00:00,1,False,25.5547,0.89421,28.5779,0.0309932,75.7885,2.19176,0.797156,0.484715,0.484715,1.38517,0.212957,-2.41401,21,False,False,False,True
162792,2022-04-20 00:00:00+00:00,1,False,148.748,3.72112,39.9741,0.110616,75.7675,2.01669,0.733086,0.727762,0.727762,0.899933,0.0809361,5.8556,0,False,False,False,True
162974,2022-04-23 19:00:00+00:00,-1,False,-26.7223,-0.864548,30.909,0.0459475,75.7237,2.68213,0.975157,0.438576,0.561424,0.981265,0.102654,5.84752,19,False,False,False,True
163031,2022-04-24 23:30:00+00:00,-1,False,145.874,3.11097,46.8904,0.186615,75.7023,1.93688,0.704334,0.384615,0.615385,1.13643,0.144977,2.92793,23,False,False,False,True
163097,2022-04-26 08:30:00+00:00,1,False,-565.286,-11.7541,48.0927,0.202854,75.7265,1.60612,0.582124,0.766305,0.766305,0.679254,0.0355594,3.65131,8,False,False,False,True
163203,2022-04-28 13:30:00+00:00,-1,True,-111.73,-2.06204,54.1842,0.295519,75.7744,1.7575,0.636786,0.36146,0.63854,1.60613,0.276855,-0.193125,13,False,False,False,True
163281,2022-04-30 04:30:00+00:00,-1,False,79.4138,1.85887,42.7215,0.136016,75.7417,1.41224,0.511691,0.539362,0.460638,1.12439,0.139526,3.84809,4,False,False,False,True
163413,2022-05-02 22:30:00+00:00,1,False,-55.8882,-0.81676,68.4267,0.509618,75.5242,2.61869,0.948817,0.601332,0.601332,2.30681,0.464155,0.0109942,22,False,False,False,True
163599,2022-05-06 19:30:00+00:00,-1,False,2.76201,0.0323127,85.4776,0.701884,75.4053,1.68583,0.610218,0.437497,0.562503,2.01116,0.390811,5.79497,19,False,False,False,False
163635,2022-05-07 13:30:00+00:00,-1,False,356.845,10.4962,33.9976,0.0718893,75.3831,2.04852,0.741826,0.39441,0.60559,1.11439,0.139041,10.7449,13,True,False,False,True
163704,2022-05-09 00:00:00+00:00,-1,False,352.2,4.95118,71.1346,0.549943,75.2627,2.50695,0.908234,0.0852344,0.914766,2.15387,0.430137,8.13634,0,False,False,False,True
163789,2022-05-10 18:30:00+00:00,1,False,-324.294,-2.33066,139.143,0.93008,75.3002,2.11066,0.764661,0.555404,0.555404,3.73974,0.725828,-4.65141,18,False,False,False,False
163929,2022-05-13 16:30:00+00:00,-1,False,270.237,2.27144,118.972,0.880879,75.3685,2.15477,0.779719,0.217511,0.782489,2.73566,0.557249,1.19356,16,False,False,False,False
163978,2022-05-14 17:00:00+00:00,1,False,158.926,1.77058,89.7595,0.735902,75.3901,2.7936,1.0112,0.663888,0.663888,3.4514,0.684618,-3.31276,17,False,False,False,False
164007,2022-05-15 07:30:00+00:00,1,False,354.286,4.50905,78.5723,0.637243,75.3901,2.12081,0.768006,0.532344,0.532344,2.31083,0.465668,-0.898271,7,False,False,False,False
164111,2022-05-17 11:30:00+00:00,-1,False,-76.1982,-1.18498,64.3031,0.453425,75.4293,2.64983,0.959008,0.56177,0.43823,2.68403,0.545519,-1.53325,11,False,False,False,True
164141,2022-05-18 02:30:00+00:00,-1,False,392.934,4.9958,78.653,0.637529,75.4634,2.70016,0.977804,0.450188,0.549812,3.17394,0.638699,-0.142102,2,False,False,False,False
164192,2022-05-19 04:00:00+00:00,1,False,322.316,3.84117,83.9109,0.687272,75.4751,2.59562,0.940757,0.69206,0.69206,2.46184,0.497717,-2.64543,4,False,False,False,False
164250,2022-05-20 09:00:00+00:00,1,False,-335.565,-5.24861,63.9341,0.447631,75.4664,2.57148,0.934408,0.450026,0.450026,1.61491,0.281849,1.65378,9,False,False,False,True
164295,2022-05-21 07:30:00+00:00,1,False,-5.39052,-0.10246,52.6111,0.275828,75.468,1.56171,0.567485,1.06608,1.06608,1.35885,0.206878,-1.57354,7,False,False,False,True
164330,2022-05-22 01:00:00+00:00,1,False,193.442,5.25438,36.8154,0.0926084,75.3967,1.9904,0.724044,0.591504,0.591504,0.858364,0.0744007,-1.3183,1,False,False,False,True
164390,2022-05-23 07:00:00+00:00,1,True,-135.674,-2.71081,50.0492,0.235188,75.3633,2.59282,0.941807,1.04395,1.04395,1.64192,0.290497,4.73906,7,False,False,False,True
164590,2022-05-27 11:00:00+00:00,-1,False,56.1146,0.758506,73.9804,0.58242,75.4455,2.79144,1.01042,0.125654,0.874346,1.36226,0.207848,3.03814,11,False,False,False,True
164636,2022-05-28 10:00:00+00:00,-1,False,-73.3712,-1.58254,46.3631,0.182477,75.4927,1.29888,0.470618,0.551728,0.448272,1.30926,0.192666,3.05201,10,False,False,False,True
164668,2022-05-29 02:00:00+00:00,-1,True,-80.8514,-2.55288,31.6706,0.0525114,75.4927,2.09767,0.760439,0.195757,0.804243,0.728952,0.0469749,2.4508,2,False,False,False,True
164827,2022-06-01 09:30:00+00:00,1,True,-115.113,-2.49577,46.1231,0.181107,75.5357,2.36381,0.856002,0.49472,0.49472,1.76452,0.324001,6.63697,9,False,False,False,True
165025,2022-06-05 12:30:00+00:00,1,False,269.267,9.15352,29.4168,0.0381564,75.503,2.41415,0.873849,0.712566,0.712566,0.826317,0.0663527,-2.25593,12,True,False,False,True
165096,2022-06-07 00:00:00+00:00,-1,False,590.992,10.635,55.5706,0.323116,75.503,1.92325,0.695942,0.420324,0.579676,1.4345,0.23085,-5.14126,0,True,True,False,True
165122,2022-06-07 13:00:00+00:00,-1,False,-554.483,-10.1538,54.6086,0.308191,75.5311,2.42058,0.875407,0.213326,0.786674,0.751105,0.0503425,4.88935,13,False,False,False,True
165170,2022-06-08 13:00:00+00:00,-1,True,-149.931,-2.02174,74.1593,0.582705,75.5939,2.06323,0.746171,0.108457,0.891543,1.97506,0.380337,1.0179,13,False,False,False,True
165226,2022-06-09 17:00:00+00:00,1,True,-142.96,-2.42949,58.8438,0.370862,75.6342,2.49735,0.902926,0.536533,0.536533,2.06848,0.406364,0.0557753,17,False,False,False,True
165364,2022-06-12 14:00:00+00:00,-1,True,-110.714,-1.67871,65.9519,0.474115,75.6348,1.69022,0.611255,0.130941,0.869059,1.47323,0.239669,9.94058,14,False,False,False,True
165472,2022-06-14 20:00:00+00:00,-1,False,873.452,5.14659,169.715,0.959304,75.8619,1.73006,0.62551,0.340452,0.659548,4.3609,0.783676,8.64593,20,False,True,False,False
165566,2022-06-16 19:00:00+00:00,-1,False,-41.6472,-0.293734,141.785,0.927939,76.1023,2.13436,0.771682,0.265142,0.734858,2.17837,0.428539,6.76546,19,False,False,False,False
165622,2022-06-17 23:00:00+00:00,-1,False,578.954,6.62422,87.3995,0.71113,76.2127,1.7876,0.64549,0.137312,0.862688,1.74682,0.3127,8.85808,23,False,True,False,False
165660,2022-06-18 18:00:00+00:00,-1,True,-350.856,-2.94783,119.022,0.874715,76.2899,2.03023,0.733039,-0.140853,1.14085,4.10797,0.754766,11.936,18,False,False,False,False
165712,2022-06-19 20:00:00+00:00,1,False,215.809,1.2652,170.573,0.957506,76.4057,2.6573,0.959489,0.944716,0.944716,5.46837,0.860588,-0.717851,20,False,False,False,False
165792,2022-06-21 12:00:00+00:00,-1,True,-258.2,-2.37372,108.775,0.835188,76.6094,2.30831,0.833513,0.51634,0.48366,5.79779,0.876655,-2.152,12,False,False,False,False
165836,2022-06-22 10:00:00+00:00,1,True,-233.65,-2.25148,103.776,0.811787,76.7189,2.25135,0.813289,0.602688,0.602688,3.39731,0.662557,-0.62494,10,False,False,False,False
165892,2022-06-23 14:00:00+00:00,-1,True,-182.088,-2.09972,86.7203,0.697374,76.8658,1.92244,0.694177,0.343453,0.656547,2.75993,0.546804,0.207084,14,False,False,False,False
165953,2022-06-24 20:30:00+00:00,1,False,115.391,1.367,84.4124,0.676598,76.984,2.56949,0.927714,0.656681,0.656681,2.5034,0.491895,2.7637,20,False,False,False,False
166065,2022-06-27 04:30:00+00:00,1,True,-139.838,-2.37063,58.9878,0.355394,77.0084,2.06084,0.744089,0.576142,0.576142,2.05493,0.388099,0.907628,4,False,False,False,True
166185,2022-06-29 16:30:00+00:00,-1,False,-6.25973,-0.0868036,72.1137,0.540183,77.0084,2.07293,0.748167,0.274433,0.725567,1.08392,0.117951,4.79982,16,False,False,False,True
166340,2022-07-02 22:00:00+00:00,1,False,-156.794,-2.99382,52.3727,0.248744,77.2085,2.10126,0.758206,0.871232,0.871232,0.833193,0.0576199,-3.1928,22,False,False,False,True
166368,2022-07-03 12:00:00+00:00,1,False,91.191,1.71913,53.0448,0.259846,77.2085,2.38571,0.860846,0.390416,0.390416,1.94845,0.357049,-4.43179,12,False,False,False,True
166437,2022-07-04 22:30:00+00:00,1,False,-104.13,-1.47655,70.5229,0.516553,77.2085,2.06272,0.743782,0.863171,0.863171,2.43515,0.472175,3.35312,22,False,False,False,True
166522,2022-07-06 17:00:00+00:00,1,False,-3.67898,-0.0481986,76.3296,0.588271,77.3235,2.01996,0.727776,1.07596,1.07596,1.03123,0.100457,3.05228,17,False,False,False,True
166553,2022-07-07 08:30:00+00:00,1,False,574.191,12.1808,47.1391,0.167666,77.3235,2.53393,0.913689,0.414539,0.414539,1.51751,0.231849,4.61269,8,True,True,False,True
166596,2022-07-08 06:00:00+00:00,-1,False,61.6394,0.714117,86.3156,0.690354,77.365,2.71264,0.978409,0.519481,0.480519,4.14281,0.748858,-7.50287,6,False,False,False,False
166703,2022-07-10 11:30:00+00:00,-1,False,220.646,4.47216,49.3376,0.192323,77.4587,1.76626,0.637251,-0.0425822,1.04258,0.870853,0.0613014,-0.300323,11,False,False,False,True
166771,2022-07-11 21:30:00+00:00,-1,False,325.964,5.59326,58.278,0.330908,77.4587,2.7187,0.980877,0.0749425,0.925057,1.54897,0.237871,4.80381,21,False,False,False,True
167510,2022-07-27 07:00:00+00:00,1,False,714.582,14.3701,49.7269,0.176798,78.1265,2.13949,0.769802,0.839385,0.839385,1.72469,0.271946,-4.84244,7,True,True,True,True
167568,2022-07-28 12:00:00+00:00,1,True,-130.568,-2.03288,64.228,0.406421,78.0754,1.73818,0.625616,0.630406,0.630406,2.30687,0.427768,7.024,12,False,False,False,True
167600,2022-07-29 04:00:00+00:00,1,False,-33.256,-0.45959,72.3602,0.526598,78.0731,1.64621,0.592315,0.705986,0.705986,1.28826,0.145519,8.09031,4,False,False,False,True
167868,2022-08-03 18:00:00+00:00,1,False,-228.292,-4.08419,55.8964,0.276227,78.0173,2.70494,0.973597,0.798655,0.798655,1.25103,0.136216,1.81514,18,False,False,False,True
167907,2022-08-04 13:30:00+00:00,1,False,5.67227,0.105887,53.5689,0.239669,78.0173,1.887,0.679325,0.470759,0.470759,1.7142,0.270205,-1.81913,13,False,False,False,True
167983,2022-08-06 03:30:00+00:00,-1,False,-18.3549,-0.355644,51.6104,0.20665,78.0173,2.19843,0.792075,0.612623,0.387377,2.96487,0.570919,-0.828,3,False,False,False,True
168079,2022-08-08 03:30:00+00:00,1,False,239.032,6.67233,35.8244,0.0511986,78.0012,2.24852,0.810573,0.768402,0.768402,0.906114,0.0561644,2.16243,3,False,False,False,True
168130,2022-08-09 05:00:00+00:00,1,True,-117.758,-2.73668,43.0294,0.0976313,78.0012,2.43821,0.878199,0.577532,0.577532,1.23796,0.133704,4.39595,5,False,False,False,True
168362,2022-08-14 01:00:00+00:00,1,False,-25.3766,-0.593937,42.726,0.0949772,77.9616,2.05173,0.738346,0.727422,0.727422,0.824454,0.0415525,3.77723,1,False,False,False,True
168466,2022-08-16 05:00:00+00:00,-1,False,42.1246,0.702059,60.0014,0.341781,77.9616,2.68228,0.96526,0.0935883,0.906412,0.99571,0.0760274,1.80258,5,False,False,False,True
168571,2022-08-18 09:30:00+00:00,1,True,-68.0565,-1.84567,36.8736,0.0573059,77.9579,1.68747,0.607361,0.713488,0.713488,0.748806,0.029395,-4.66844,9,False,False,False,True
168735,2022-08-21 19:30:00+00:00,1,True,-90.9466,-2.16399,42.0273,0.0890696,77.9959,1.81254,0.652272,0.970168,0.970168,0.890871,0.0531963,-5.10709,19,False,False,False,True
168791,2022-08-22 23:30:00+00:00,1,True,-117.232,-2.18094,53.7532,0.242808,77.9959,2.40351,0.864941,0.534985,0.534985,2.00959,0.350228,-4.22834,23,False,False,False,True
168825,2022-08-23 16:30:00+00:00,-1,False,-44.7903,-0.691431,64.7792,0.416096,77.9959,2.61584,0.941507,0.419753,0.580247,2.08479,0.370833,1.64898,16,False,False,False,True
168852,2022-08-24 06:00:00+00:00,1,False,111.648,2.23033,50.0589,0.182277,77.9959,2.76946,0.997263,0.546284,0.546284,2.14021,0.385074,-1.19135,6,False,False,False,True
168937,2022-08-26 00:30:00+00:00,-1,True,-76.9825,-1.87525,41.0518,0.0780822,77.9959,1.94622,0.700647,0.247846,0.752154,0.882275,0.0501142,0.428941,0,False,False,False,True
169074,2022-08-28 21:00:00+00:00,-1,False,73,1.92028,38.0153,0.0590753,78.0202,2.07874,0.748205,0.516894,0.483106,1.09558,0.0950057,7.87367,21,False,False,False,True
169101,2022-08-29 10:30:00+00:00,-1,False,-217.401,-5.24907,41.417,0.0804509,78.0202,2.21768,0.798206,0.566369,0.433631,1.46901,0.196718,7.19717,10,False,False,False,True
169130,2022-08-30 01:00:00+00:00,1,False,-1.54509,-0.0326182,47.3689,0.143436,78.0202,2.34427,0.843481,0.682077,0.682077,1.21431,0.125428,-0.837193,1,False,False,False,True
169200,2022-08-31 12:00:00+00:00,1,False,-122.241,-2.18719,55.8898,0.274115,78.0202,2.45668,0.883693,0.570652,0.570652,1.30026,0.14532,0.555091,12,False,False,False,True
169329,2022-09-03 04:30:00+00:00,-1,False,69.2525,1.6403,42.2194,0.0836473,77.9932,2.02026,0.726884,0.40258,0.59742,0.699947,0.0196632,1.98806,4,False,False,False,True
169365,2022-09-03 22:30:00+00:00,1,True,-81.1934,-2.53997,31.9662,0.0260274,77.954,2.69912,0.971483,0.671706,0.671706,0.828377,0.0396404,-3.06208,22,False,False,False,True
169464,2022-09-06 00:00:00+00:00,1,False,24.2944,0.70183,34.6158,0.0400685,77.7425,1.80973,0.651259,0.537681,0.537681,1.01936,0.0787671,-1.20946,0,False,False,False,True
169491,2022-09-06 13:30:00+00:00,-1,False,604.449,14.2627,42.3798,0.0888128,77.6733,1.94951,0.701425,0.392627,0.607373,1.39607,0.177654,0.327925,13,True,True,True,True
169540,2022-09-07 14:00:00+00:00,1,False,219.701,5.12056,42.9057,0.0940068,77.664,2.53484,0.911615,0.992979,0.992979,0.803848,0.0360731,-8.17103,14,False,False,False,True
169642,2022-09-09 17:00:00+00:00,1,False,116.613,1.47389,79.1193,0.618379,77.5873,2.79407,1.00433,0.889271,0.889271,4.10057,0.738413,9.3747,17,False,False,False,False
169868,2022-09-14 10:00:00+00:00,1,False,-22.2109,-0.378937,58.6135,0.320691,77.6911,2.19827,0.789639,0.581448,0.581448,1.32679,0.155679,-7.27854,10,False,False,False,True
169911,2022-09-15 07:30:00+00:00,1,False,-210.05,-2.81033,74.7421,0.5623,77.71,2.32776,0.836155,0.755919,0.755919,1.6437,0.247289,-3.94941,7,False,False,False,True
169954,2022-09-16 05:00:00+00:00,1,True,-78.14,-1.53192,51.008,0.193693,77.722,1.56166,0.561029,0.801292,0.801292,1.04492,0.0828196,-6.52486,5,False,False,False,True
170012,2022-09-17 10:00:00+00:00,1,False,119.22,3.60853,33.0385,0.0297374,77.722,2.1921,0.787514,0.427106,0.427106,0.97216,0.0676084,-4.47386,10,False,False,False,True
170151,2022-09-20 07:30:00+00:00,1,True,-157.97,-2.43351,64.9142,0.417409,77.7934,2.30727,0.828969,0.645925,0.645925,1.96346,0.335788,-0.87462,7,False,False,False,True
170190,2022-09-21 03:00:00+00:00,1,False,89.6671,1.40845,63.6638,0.396119,77.8311,1.88342,0.676685,0.755528,0.755528,1.42629,0.18593,-3.37767,3,False,False,False,True
170291,2022-09-23 05:30:00+00:00,1,False,-361.996,-6.11944,59.155,0.323259,77.9414,2.30737,0.828877,0.766548,0.766548,1.54156,0.216495,1.85691,5,False,False,False,True
170370,2022-09-24 21:00:00+00:00,1,False,-56.2017,-1.53527,36.6071,0.0466039,77.9433,1.65524,0.594646,0.842943,0.842943,0.603658,0.0100742,0.396904,21,False,False,False,True
170437,2022-09-26 06:30:00+00:00,-1,True,-107.389,-2.0605,52.1179,0.206279,77.9433,1.92364,0.69107,0.133564,0.866436,1.19032,0.118065,2.82425,6,False,False,False,True
170463,2022-09-26 19:30:00+00:00,1,False,515.557,8.06393,63.9337,0.397631,77.9433,1.95597,0.702683,0.780091,0.780091,2.04777,0.356307,1.26223,19,True,True,False,True
170669,2022-10-01 02:30:00+00:00,1,False,-41.5715,-0.696607,59.6772,0.325371,78.1194,2.08899,0.750314,0.327576,0.327576,2.99897,0.56835,0.170326,2,False,False,False,True
170699,2022-10-01 17:30:00+00:00,-1,False,-48.0431,-1.41978,33.8385,0.0300514,78.1194,1.85458,0.666259,0.239227,0.760773,0.662146,0.0147546,1.43163,17,False,False,False,True
170929,2022-10-06 12:30:00+00:00,1,False,-102.476,-2.30632,44.4329,0.0921233,78.1194,1.81615,0.652255,0.404397,0.404397,1.799,0.283333,3.52458,12,False,False,False,True
170955,2022-10-07 01:30:00+00:00,1,False,-184.883,-4.09851,45.1099,0.0991438,78.1194,2.30329,0.827286,0.502289,0.502289,1.30927,0.142066,1.13863,1,False,False,False,True
171028,2022-10-08 14:00:00+00:00,-1,False,54.0198,2.46989,21.8713,0.000228311,78.1194,1.66603,0.598525,0.298218,0.701782,0.462469,0.00211187,6.57556,14,False,False,False,True
171192,2022-10-12 00:00:00+00:00,1,False,1.29558,0.0388749,33.3268,0.0244292,78.1194,2.81812,1.01154,0.518863,0.518863,1.12677,0.0942637,-4.29421,0,False,False,False,True
171305,2022-10-14 08:30:00+00:00,-1,True,-145.528,-2.80657,51.8527,0.193265,78.1323,2.68947,0.964625,0.368863,0.631137,3.63453,0.677283,-3.11734,8,False,False,False,True
171422,2022-10-16 19:00:00+00:00,-1,False,-91.2294,-6.34346,14.3817,5.70776e-05,78.1323,1.74432,0.625631,0.431705,0.568295,0.191289,2.85388e-05,2.53038,19,False,False,False,True
171692,2022-10-22 10:00:00+00:00,-1,False,-31.1165,-2.32338,13.3928,5.70776e-05,78.0731,1.55995,0.559308,0.315385,0.684615,0.205035,5.70776e-05,0.858653,10,False,False,False,True
171909,2022-10-26 22:30:00+00:00,1,True,-107.569,-1.8121,59.3614,0.32032,78.0614,1.60638,0.575952,0.791811,0.791811,2.03839,0.352654,8.38699,22,False,False,False,True
172040,2022-10-29 16:00:00+00:00,1,False,-90.515,-2.00081,45.2391,0.105194,78.005,2.56578,0.919436,0.847018,0.847018,1.65157,0.245405,5.75112,16,False,False,False,True
172087,2022-10-30 15:30:00+00:00,1,False,-96.2514,-2.82611,34.0579,0.0344749,78.0012,2.2116,0.792949,0.32543,0.32543,1.31904,0.148259,2.46242,15,False,False,False,True
172290,2022-11-03 21:00:00+00:00,-1,False,-168.554,-5.32003,31.6828,0.0277683,77.9832,2.04315,0.731936,0.56003,0.43997,1.26452,0.135731,2.51296,21,False,False,False,True
172368,2022-11-05 12:00:00+00:00,1,True,-79.7524,-2.38733,33.4065,0.035645,77.9676,2.53053,0.906667,0.690357,0.690357,0.974637,0.0677226,9.84643,12,False,False,False,True
172419,2022-11-06 13:30:00+00:00,-1,False,106.661,4.89632,21.7839,0.00482306,77.8718,2.22748,0.798643,0.555532,0.444468,0.598281,0.0122146,-6.43437,13,False,False,False,True
172476,2022-11-07 18:00:00+00:00,-1,False,436.041,12.1594,35.8606,0.0495148,77.8049,2.26298,0.810928,0.377607,0.622393,0.715695,0.0248573,2.92625,18,True,True,False,True
172730,2022-11-13 01:00:00+00:00,1,False,-107.829,-3.25392,33.1382,0.0365582,78.0024,2.26082,0.810035,0.392069,0.392069,0.946598,0.0640126,-11.3748,1,False,False,False,True
172948,2022-11-17 14:00:00+00:00,-1,False,-270.89,-7.13304,37.9767,0.0608447,78.1003,2.6522,0.949601,0.0634267,0.936573,0.838457,0.0419235,3.98171,14,False,False,False,True
173080,2022-11-20 08:00:00+00:00,1,True,-43.2981,-2.65746,16.2931,0.00305365,77.8994,1.80052,0.645016,0.643092,0.643092,0.638641,0.0168379,0.720243,8,False,False,False,True
173172,2022-11-22 06:00:00+00:00,-1,False,-224.926,-3.96257,56.7627,0.292551,77.8919,1.57406,0.56358,0.447942,0.552058,1.36844,0.171033,6.07152,6,False,False,False,True
173304,2022-11-25 00:00:00+00:00,1,False,-61.0612,-2.17691,28.0496,0.0195491,77.6841,1.86948,0.669694,0.759749,0.759749,0.635694,0.0169521,3.6867,0,False,False,False,True
173436,2022-11-27 18:00:00+00:00,-1,False,191.067,13.8124,13.833,0.00179795,77.3891,2.31856,0.830329,0.277208,0.722792,0.309431,0.000941781,-1.19889,18,True,False,True,True
173475,2022-11-28 13:30:00+00:00,-1,False,-69.9391,-3.05651,22.882,0.0108447,77.3392,2.43242,0.870909,0.199956,0.800044,0.514486,0.00827626,7.0834,13,False,False,False,True
173875,2022-12-06 21:30:00+00:00,1,False,-112.723,-4.79272,23.5196,0.0151826,77.0044,2.30258,0.8214,0.591719,0.591719,0.420541,0.00490868,-0.638912,21,False,False,False,True
173925,2022-12-07 22:30:00+00:00,1,False,-1.43409,-0.076679,18.7025,0.00659247,77.0044,1.65243,0.588017,0.525259,0.525259,0.494163,0.00790525,-4.35052,22,False,False,False,True
174158,2022-12-12 19:00:00+00:00,1,False,76.6207,4.89927,15.6392,0.006621,76.88,2.10273,0.74759,0.861287,0.861287,0.579852,0.0194064,-1.4797,19,False,False,False,True
174226,2022-12-14 05:00:00+00:00,-1,False,-191.279,-6.86883,27.8475,0.0362443,76.88,1.5157,0.539879,0.531145,0.468855,0.542184,0.0162671,-9.64307,5,False,False,False,True
174289,2022-12-15 12:30:00+00:00,1,True,-62.5556,-2.17027,28.8239,0.0411244,76.88,2.07522,0.738822,0.673887,0.673887,0.638395,0.0263128,3.6554,12,False,False,False,True
174323,2022-12-16 05:30:00+00:00,-1,False,324.999,14.0893,23.0671,0.02129,76.88,1.09669,0.390258,0.456517,0.543483,0.680752,0.0315925,2.70842,5,True,False,True,True
174358,2022-12-16 23:00:00+00:00,-1,False,11.7274,0.2836,41.3519,0.113699,76.8368,2.10925,0.750917,0.0605266,0.939473,1.94213,0.34766,8.89084,23,False,False,False,True
174393,2022-12-17 16:30:00+00:00,1,False,32.7449,1.43179,22.8699,0.0207763,76.7365,1.99086,0.709664,0.338305,0.338305,0.52382,0.0151256,-12.2575,16,False,False,False,True
174435,2022-12-18 13:30:00+00:00,1,False,12.9351,0.961573,13.452,0.00445205,76.6478,2.39973,0.854765,0.442461,0.442461,0.571229,0.0204053,-12.5954,13,False,False,False,True
174620,2022-12-22 10:00:00+00:00,1,True,-37.6429,-2.60376,14.4571,0.00613584,76.2879,2.50423,0.891535,0.748797,0.748797,0.334249,0.00365297,0.779262,10,False,False,False,True
174700,2022-12-24 02:00:00+00:00,1,False,5.70345,0.421553,13.5296,0.00507991,76.1185,2.15371,0.765713,0.486239,0.486239,0.518528,0.0168664,0.0568532,2,False,False,False,True
174972,2022-12-29 18:00:00+00:00,-1,False,37.7402,2.26471,16.6645,0.0152968,75.628,2.52863,0.897657,0.619519,0.380481,0.703205,0.0463185,2.86929,18,False,False,False,True
175048,2022-12-31 08:00:00+00:00,1,False,-4.39606,-0.401064,10.961,0.00550799,75.4513,2.53439,0.899705,0.49462,0.49462,0.448954,0.0143836,-3.15901,8,False,False,False,True
175102,2023-01-01 11:00:00+00:00,1,False,44.5978,4.95791,8.99527,0.0029395,75.3199,2.48792,0.881175,0.72745,0.72745,0.283395,0.00422374,-3.54882,11,False,False,False,True
175287,2023-01-05 07:30:00+00:00,-1,True,-39.5382,-2.94774,13.4131,0.0136986,74.958,1.77616,0.62826,-0.188265,1.18827,0.345319,0.00836187,-2.60468,7,False,False,False,True
175384,2023-01-07 08:00:00+00:00,1,False,-7.36044,-0.682694,10.7815,0.00742009,74.7402,1.58728,0.561415,0.48218,0.48218,0.264904,0.00359589,7.55187,8,False,False,False,True
175425,2023-01-08 04:30:00+00:00,1,False,-4.40965,-0.792723,5.56266,0.00071347,74.6629,2.6532,0.938427,0.631236,0.631236,0.143977,0.000228311,9.5277,4,False,False,False,True
175584,2023-01-11 12:00:00+00:00,-1,False,-471.303,-30.3784,15.5144,0.0233162,74.257,2.06993,0.731513,0.594846,0.405154,0.411302,0.0164384,-9.04941,12,False,False,False,True
175802,2023-01-16 01:00:00+00:00,1,True,-107.95,-2.25482,47.8753,0.218579,73.9136,1.8719,0.661124,0.978101,0.978101,0.924846,0.103938,11.2775,1,False,False,False,True
175870,2023-01-17 11:00:00+00:00,-1,False,-6.89286,-0.171407,40.2135,0.141866,73.7453,2.07071,0.730362,0.538741,0.461259,1.06903,0.138927,-7.96503,11,False,False,False,True
175972,2023-01-19 14:00:00+00:00,1,False,142.717,4.37229,32.6412,0.0960616,73.5356,2.01951,0.713993,0.45472,0.45472,0.610854,0.043008,-0.33248,14,False,False,False,True
176082,2023-01-21 21:00:00+00:00,-1,False,99.3245,1.49595,66.3956,0.509047,73.2923,1.864,0.659013,0.531647,0.468353,2.34679,0.484161,-9.3419,21,False,False,False,True
176117,2023-01-22 14:30:00+00:00,1,True,-103.962,-2.64866,39.251,0.137072,73.2332,2.3992,0.847876,0.78215,0.78215,1.00024,0.12363,10.0966,14,False,False,False,True
176157,2023-01-23 10:30:00+00:00,1,True,-126.419,-3.24915,38.9081,0.135217,73.1401,1.89667,0.669873,1.30234,1.30234,0.869728,0.0920662,7.16374,10,False,False,False,True
176200,2023-01-24 08:00:00+00:00,-1,False,12.3476,0.33588,36.7618,0.12226,73.0049,1.76982,0.624691,0.542961,0.457039,1.24754,0.188556,-6.41736,8,False,False,False,True
176313,2023-01-26 16:30:00+00:00,-1,False,55.9013,0.917222,60.9464,0.429994,72.7671,2.4124,0.852019,0.351344,0.648656,1.20342,0.178082,-1.50642,16,False,False,False,True
176405,2023-01-28 14:30:00+00:00,1,False,65.9158,2.68795,24.5227,0.0558219,72.5685,2.30638,0.815073,0.409716,0.409716,0.741607,0.0660959,1.05347,14,False,False,False,True
176582,2023-02-01 07:00:00+00:00,-1,False,-149.412,-4.42805,33.7422,0.10468,72.1297,1.67031,0.589169,0.426876,0.573124,1.16698,0.170205,0.463996,7,False,False,False,True
176681,2023-02-03 08:30:00+00:00,-1,True,-79.3939,-2.11321,37.5702,0.130936,71.9048,1.28589,0.453726,-0.227183,1.22718,0.733043,0.0653539,0.222582,8,False,False,False,True
176712,2023-02-04 00:00:00+00:00,1,False,-7.98877,-0.198975,40.1497,0.149886,71.8451,2.59335,0.91593,0.453932,0.453932,1.7678,0.349344,0.140832,0,False,False,False,True
176781,2023-02-05 10:30:00+00:00,-1,False,181.5,10.9825,16.5264,0.0263413,71.7007,1.99308,0.703493,0.652336,0.347664,0.562097,0.036758,0.600434,10,True,False,False,True
177030,2023-02-10 15:00:00+00:00,1,False,-80.0675,-2.26508,35.3487,0.121433,71.1259,2.58991,0.913526,0.588483,0.588483,0.996744,0.130337,-9.70433,15,False,False,False,True
177207,2023-02-14 07:30:00+00:00,1,False,196.167,8.20788,23.8998,0.057363,70.7452,1.49928,0.529844,0.689769,0.689769,0.876572,0.100114,-2.29412,7,True,False,False,True
177252,2023-02-15 06:00:00+00:00,1,False,372.512,12.7698,29.1714,0.0834189,70.662,2.229,0.786765,0.411956,0.411956,1.02992,0.140782,3.08283,6,True,False,False,True
177316,2023-02-16 14:00:00+00:00,-1,True,-97.0697,-2.11637,45.8662,0.22149,70.5628,1.61414,0.569742,-0.15398,1.15398,1.03957,0.14395,-14.3324,14,False,False,False,True
177410,2023-02-18 13:00:00+00:00,1,False,32.3634,0.829083,39.0352,0.152854,70.4685,1.98669,0.700765,0.717563,0.717563,0.856333,0.0955765,9.15161,13,False,False,False,True
177455,2023-02-19 11:30:00+00:00,1,True,-58.4348,-2.28538,25.569,0.0653824,70.3877,1.69417,0.598351,0.625734,0.625734,1.02684,0.141866,9.81354,11,False,False,False,True
177529,2023-02-21 00:30:00+00:00,1,False,-77.1076,-1.76527,43.6803,0.197489,70.2342,2.17665,0.769875,0.479966,0.479966,1.10576,0.163328,3.98876,0,False,False,False,True
177669,2023-02-23 22:30:00+00:00,-1,False,-12.1288,-0.202219,59.9784,0.44843,69.9427,2.26535,0.800083,0.242437,0.757563,1.51639,0.289469,2.72485,22,False,False,False,True
177737,2023-02-25 08:30:00+00:00,1,True,-55.1058,-1.72925,31.8668,0.10157,69.7861,1.3012,0.459562,0.661671,0.661671,0.767715,0.0754566,-9.41364,8,False,False,False,True
177788,2023-02-26 10:00:00+00:00,1,False,77.0411,3.04594,25.2931,0.0641267,69.6986,1.68118,0.594376,1.059,1.059,0.87016,0.101284,-4.43815,10,False,False,False,True
177874,2023-02-28 05:00:00+00:00,-1,False,-55.3929,-1.45764,38.0017,0.149287,69.492,2.4049,0.849891,0.504591,0.495409,1.20942,0.198573,0.65995,5,False,False,False,True
177998,2023-03-02 19:00:00+00:00,1,True,-109.051,-2.97617,36.6414,0.140782,69.2028,2.32744,0.820945,0.961865,0.961865,0.920656,0.11601,-0.228384,19,False,False,False,True
178065,2023-03-04 04:30:00+00:00,-1,False,4.84428,0.203075,23.8546,0.0573345,69.0753,1.12584,0.398038,0.54355,0.45645,0.611706,0.0464897,12.4001,4,False,False,False,True
178167,2023-03-06 07:30:00+00:00,1,False,-29.971,-1.15915,25.8561,0.0697203,68.8985,2.22462,0.786839,0.629957,0.629957,0.678231,0.0598174,-3.19694,7,False,False,False,True
178214,2023-03-07 07:00:00+00:00,-1,False,134.502,7.07996,18.9975,0.0367295,68.8075,2.69724,0.954065,0.48798,0.51202,0.537452,0.0361587,2.44326,7,False,False,False,True
178559,2023-03-14 11:30:00+00:00,1,True,-212.306,-2.79261,76.0244,0.695377,68.3932,2.60947,0.921624,1.15692,1.15692,1.76325,0.377997,12.9113,11,False,False,False,False
178610,2023-03-15 13:00:00+00:00,1,True,-228.246,-2.17097,105.136,0.884932,68.3932,2.42564,0.857581,0.733502,0.733502,2.20247,0.495063,5.88244,13,False,False,False,False
178645,2023-03-16 06:30:00+00:00,1,False,216.688,3.267,66.3262,0.570234,68.3854,1.58,0.559366,0.858091,0.858091,1.12329,0.180879,4.9766,6,False,False,False,True
178671,2023-03-16 19:30:00+00:00,1,False,409.225,5.59137,73.1886,0.662243,68.3608,2.27913,0.806879,1.02875,1.02875,1.46984,0.290525,5.94866,19,False,False,False,False
178782,2023-03-19 03:00:00+00:00,1,False,163.095,2.63664,61.8571,0.499686,68.3356,2.14663,0.760169,0.405929,0.405929,2.31946,0.523459,7.24917,3,False,False,False,True
178874,2023-03-21 01:00:00+00:00,-1,False,-66.9295,-0.883941,75.7172,0.693379,68.3211,2.68036,0.94925,0.529979,0.470021,2.08476,0.467352,-4.01696,1,False,False,False,False
178903,2023-03-21 15:30:00+00:00,-1,False,-81.0443,-1.14668,70.6774,0.632449,68.2856,2.54128,0.900918,0.604413,0.395587,2.73686,0.609332,-3.56211,15,False,False,False,False
178936,2023-03-22 08:00:00+00:00,-1,False,269.405,6.55709,41.0861,0.185645,68.2516,2.41914,0.859179,0.366732,0.633268,0.956349,0.132934,-5.33483,8,False,False,False,True
179033,2023-03-24 08:30:00+00:00,-1,False,331.879,6.84795,48.4641,0.278368,68.1556,1.58773,0.56388,0.118405,0.881595,0.816119,0.0928653,-2.62961,8,False,False,False,True
179077,2023-03-25 06:30:00+00:00,-1,False,77.4585,1.46843,52.7493,0.348887,68.1317,1.85298,0.658176,0.486042,0.513958,1.60064,0.331963,1.93773,6,False,False,False,True
179123,2023-03-26 05:30:00+00:00,-1,False,-122.01,-4.06578,30.009,0.0950342,68.0562,2.66431,0.946255,0.532356,0.467644,1.39339,0.267922,2.21069,5,False,False,False,True
179179,2023-03-27 09:30:00+00:00,1,True,-93.3721,-2.67486,34.9073,0.13379,67.9363,2.68709,0.954347,0.640695,0.640695,1.00271,0.147289,1.73941,9,False,False,False,True
179223,2023-03-28 07:30:00+00:00,1,False,108.149,2.53255,42.7036,0.204937,67.9007,2.1301,0.756503,0.47587,0.47587,1.09539,0.173916,-4.46807,7,False,False,False,True
179399,2023-03-31 23:30:00+00:00,1,False,-48.7675,-1.06158,45.9387,0.245776,67.7795,2.66767,0.944018,0.910538,0.910538,1.09531,0.174144,3.85434,23,False,False,False,True
179441,2023-04-01 20:30:00+00:00,1,False,-15.5478,-0.660885,23.5257,0.0585046,67.7628,2.06234,0.72949,0.740864,0.740864,0.515901,0.0329623,3.76439,20,False,False,False,True
179734,2023-04-07 23:00:00+00:00,1,False,16.0835,0.804405,19.9942,0.0420662,67.636,1.51916,0.537899,1.01601,1.01601,0.389976,0.01621,-1.50161,23,False,False,False,True
179784,2023-04-09 00:00:00+00:00,1,False,-11.0784,-0.699518,15.8372,0.025371,67.6226,2.55108,0.903465,0.387878,0.387878,0.667559,0.0619292,-1.75274,0,False,False,False,True
179903,2023-04-11 11:30:00+00:00,1,False,65.0368,1.4984,43.4042,0.221804,67.5835,2.1106,0.746888,0.543136,0.543136,0.989177,0.148231,11.2319,11,False,False,False,True
179944,2023-04-12 08:00:00+00:00,1,False,-22.6531,-0.611371,37.053,0.160987,67.5835,1.82506,0.646294,0.363016,0.363016,1.85442,0.412643,7.74324,8,False,False,False,True
179972,2023-04-12 22:00:00+00:00,1,False,85.4117,2.0426,41.8152,0.205365,67.5807,2.62501,0.929719,0.411091,0.411091,1.41667,0.283019,4.84705,22,False,False,False,True
180025,2023-04-14 00:30:00+00:00,1,False,80.0854,2.54566,31.4596,0.113328,67.5261,1.93287,0.684579,0.631498,0.631498,0.811978,0.0965468,7.26551,0,False,False,False,True
180096,2023-04-15 12:00:00+00:00,-1,False,32.143,1.51056,21.2788,0.0505993,67.4065,1.52928,0.541642,0.42017,0.57983,0.358118,0.0135845,-4.45038,12,False,False,False,True
180122,2023-04-16 01:00:00+00:00,-1,False,5.8875,0.324395,18.1492,0.0348744,67.4065,2.09046,0.740397,0.282371,0.717629,0.461141,0.0264555,-2.27595,1,False,False,False,True
180268,2023-04-19 02:00:00+00:00,-1,False,271.051,7.26562,37.306,0.169121,67.1906,1.47058,0.521342,0.442908,0.557092,1.22635,0.225771,-1.99819,2,False,False,False,True
180304,2023-04-19 20:00:00+00:00,-1,False,129.132,2.81814,45.8217,0.262957,67.1207,2.54467,0.902968,0.229133,0.770867,0.77851,0.0902968,4.80978,20,False,False,False,True
180330,2023-04-20 09:00:00+00:00,-1,False,204.135,4.34425,46.9898,0.279452,67.0595,1.91889,0.680911,0.27907,0.72093,0.838253,0.106764,6.18668,9,False,False,False,True
180372,2023-04-21 06:00:00+00:00,-1,False,135.615,3.25842,41.6199,0.211102,66.9671,2.36328,0.838602,0.0959445,0.904056,0.654298,0.0622146,9.20223,6,False,False,False,True
180433,2023-04-22 12:30:00+00:00,1,False,122.773,4.54013,27.0418,0.0856164,66.8529,1.81413,0.643134,0.626239,0.626239,0.721316,0.077597,-15.6181,12,False,False,False,True
180478,2023-04-23 11:00:00+00:00,-1,False,-27.5193,-0.892021,30.8504,0.112186,66.7778,2.50736,0.888896,0.106941,0.893059,0.774203,0.0899543,7.32081,11,False,False,False,True
180571,2023-04-25 09:30:00+00:00,1,False,331.479,9.16638,36.1625,0.160417,66.6012,2.50821,0.888362,0.269336,0.269336,0.842684,0.109389,-4.0121,9,True,False,False,True
180714,2023-04-28 09:00:00+00:00,-1,False,-33.6993,-0.710642,47.4209,0.291809,66.4946,1.45562,0.516991,-0.221017,1.22102,0.908706,0.130223,-4.04264,9,False,False,False,True
180759,2023-04-29 07:30:00+00:00,-1,False,17.8303,0.669538,26.6307,0.083476,66.4193,1.82999,0.650194,0.400495,0.599505,0.55795,0.0435217,-5.39716,7,False,False,False,True
180802,2023-04-30 05:00:00+00:00,1,False,142.456,7.71524,18.4643,0.0374715,66.3483,1.92669,0.684571,0.600893,0.600893,0.610646,0.054024,3.59549,5,False,False,False,True
180904,2023-05-02 08:00:00+00:00,1,False,222.759,5.78905,38.4794,0.185188,66.2882,2.46349,0.875287,0.740697,0.740697,0.795844,0.0991724,-6.21055,8,False,False,False,True
181024,2023-05-04 20:00:00+00:00,1,False,53.1174,1.23777,42.9139,0.234932,66.1761,2.33009,0.827794,0.416854,0.416854,2.1828,0.511045,1.20235,20,False,False,False,True
181057,2023-05-05 12:30:00+00:00,1,True,-52.2829,-1.70246,30.7102,0.113213,66.1077,1.77394,0.630101,0.557304,0.557304,0.8315,0.110074,3.78628,12,False,False,False,True
181142,2023-05-07 07:00:00+00:00,1,True,-54.7203,-1.69766,32.2327,0.126627,65.9315,1.71411,0.60885,0.666595,0.666595,0.924851,0.138156,-0.568055,7,False,False,False,True
181207,2023-05-08 15:30:00+00:00,1,False,-100.6,-1.8785,53.553,0.404167,65.8019,2.55997,0.909172,0.419615,0.419615,2.05607,0.483248,-5.3977,15,False,False,False,True
181280,2023-05-10 04:00:00+00:00,-1,False,-190.927,-5.78171,33.0226,0.13476,65.672,2.3395,0.831052,0.622065,0.377935,0.946024,0.146775,5.15917,4,False,False,False,True
181373,2023-05-12 02:30:00+00:00,-1,False,193.525,4.30339,44.9703,0.267922,65.5408,2.1189,0.752843,0.163454,0.836546,1.01185,0.168265,6.85867,2,False,False,False,True
181400,2023-05-12 16:00:00+00:00,-1,True,-111.722,-2.47845,45.0776,0.269892,65.4685,2.62901,0.934085,0.392455,0.607545,1.02312,0.171861,8.97247,16,False,False,False,True
181435,2023-05-13 09:30:00+00:00,1,False,8.42182,0.26233,32.104,0.126855,65.4147,2.00908,0.713822,0.594294,0.594294,0.67457,0.0683219,-4.17259,9,False,False,False,True
181464,2023-05-14 00:00:00+00:00,-1,False,-34.8452,-1.15845,30.0792,0.109561,65.3711,2.25865,0.802517,0.152247,0.847753,0.676274,0.0695205,3.83182,0,False,False,False,True
181492,2023-05-14 14:00:00+00:00,1,True,-69.9664,-3.22486,21.6959,0.0558219,65.3201,2.30997,0.820752,1.12787,1.12787,0.494645,0.0328196,-1.66607,14,False,False,False,True
181602,2023-05-16 21:00:00+00:00,-1,False,28.3853,0.813433,34.8957,0.157049,65.1471,2.37053,0.842271,0.0859122,0.914088,0.633915,0.0613299,1.71626,21,False,False,False,True
181712,2023-05-19 04:00:00+00:00,-1,False,-7.23564,-0.188353,38.4153,0.195519,64.9444,1.64896,0.585891,0.600294,0.399706,1.35234,0.283704,2.28122,4,False,False,False,True
181764,2023-05-20 06:00:00+00:00,1,False,61.6022,3.89193,15.8282,0.026113,64.8438,0.846297,0.301075,0.521087,0.521087,0.264698,0.00539384,-2.75235,6,False,False,False,True
181811,2023-05-21 05:30:00+00:00,-1,False,83.1268,4.85528,17.1209,0.0323916,64.7519,2.7368,0.973763,0.433276,0.566724,0.94495,0.152626,-2.12731,5,False,False,False,True
181842,2023-05-21 21:00:00+00:00,-1,False,-13.1946,-0.635753,20.7543,0.0523116,64.6952,1.74049,0.618801,0.128106,0.871894,0.480292,0.0319349,2.48756,21,False,False,False,True
181896,2023-05-23 00:00:00+00:00,-1,False,-167.732,-6.84013,24.5217,0.0749715,64.5935,1.91328,0.679717,0.366784,0.633216,0.534886,0.0420662,0.970953,0,False,False,False,True
181927,2023-05-23 15:30:00+00:00,1,False,-215.75,-7.65553,28.1822,0.100713,64.5206,2.58444,0.91826,0.556799,0.556799,0.538225,0.0427797,4.02205,15,False,False,False,True
182042,2023-05-26 01:00:00+00:00,-1,False,-36.3539,-1.30095,27.9441,0.0998002,64.2479,1.79814,0.638896,0.659213,0.340787,1.41388,0.312785,2.46569,1,False,False,False,True
182114,2023-05-27 13:00:00+00:00,1,False,139.45,10.7307,12.9955,0.0167523,64.1378,1.92936,0.686562,0.436618,0.436618,0.339424,0.0124429,1.9987,13,True,False,False,True
182226,2023-05-29 21:00:00+00:00,1,False,60.3689,1.93279,31.2341,0.13222,63.928,2.2199,0.791738,0.36776,0.36776,1.74099,0.416981,5.02469,21,False,False,False,True
182445,2023-06-03 10:30:00+00:00,-1,True,-24.5161,-1.71873,14.2641,0.0209189,63.5094,1.67823,0.598548,0.325348,0.674652,0.270835,0.00596461,0.0522879,10,False,False,False,True
182547,2023-06-05 13:30:00+00:00,-1,False,355.778,14.3069,24.8677,0.0836758,63.3167,2.04646,0.729878,0.128508,0.871492,0.689723,0.0806792,5.4594,13,True,False,True,True
182672,2023-06-08 04:00:00+00:00,-1,False,-60.7938,-1.3333,45.5966,0.309561,63.1227,2.04764,0.729828,0.411603,0.588397,1.35513,0.302169,2.12266,4,False,False,False,True
182804,2023-06-10 22:00:00+00:00,1,False,-4.61224,-0.0808862,57.0213,0.50528,62.8711,2.25823,0.80359,0.704673,0.704673,1.53883,0.366638,-3.40853,22,False,False,False,True
183027,2023-06-15 13:30:00+00:00,1,False,190.859,4.68277,40.7577,0.251655,62.4795,2.39311,0.85094,0.842463,0.842463,0.968527,0.173602,-6.6859,13,False,False,False,True
183062,2023-06-16 07:00:00+00:00,1,False,312.001,9.47158,32.9407,0.159932,62.4049,1.6866,0.599263,0.604947,0.604947,0.804084,0.11621,-0.549988,7,True,False,False,True
183144,2023-06-18 00:00:00+00:00,-1,False,-12.1663,-0.487976,24.9322,0.0852454,62.2288,2.01248,0.715041,0.632076,0.367924,0.567414,0.0532249,-7.74915,0,False,False,False,True
183185,2023-06-18 20:30:00+00:00,-1,False,18.4343,0.677333,27.216,0.104338,62.1445,1.79059,0.636696,0.140567,0.859433,0.862831,0.138984,-4.08083,20,False,False,False,True
183350,2023-06-22 07:00:00+00:00,-1,False,-35.8642,-0.624096,57.4658,0.525628,61.9618,2.39652,0.851171,0.424854,0.575146,1.89622,0.482848,-12.0106,7,False,False,False,True
183392,2023-06-23 04:00:00+00:00,1,False,356.723,8.7951,40.5592,0.25468,61.9223,1.93839,0.688707,0.447973,0.447973,1.06232,0.209532,10.5147,4,True,False,False,True
183449,2023-06-24 08:30:00+00:00,-1,False,26.3592,0.656963,40.1229,0.250599,61.8403,1.66873,0.592681,0.327006,0.672994,1.0826,0.216381,-8.89187,8,False,False,False,True
183484,2023-06-25 02:00:00+00:00,1,False,-25.9014,-0.887209,29.1942,0.12246,61.7819,1.82353,0.647782,0.675976,0.675976,0.76569,0.10742,8.63859,2,False,False,False,True
183526,2023-06-25 23:00:00+00:00,1,True,-75.7941,-2.0951,36.1769,0.204937,61.6896,2.30115,0.81762,0.433913,0.433913,1.0878,0.219007,3.58096,23,False,False,False,True
183782,2023-07-01 07:00:00+00:00,1,False,51.4972,1.63743,31.45,0.148459,61.2523,2.10974,0.749294,0.508439,0.508439,0.583867,0.0580479,0.152517,7,False,False,False,True
183843,2023-07-02 13:30:00+00:00,-1,False,-88.6175,-6.28692,14.0955,0.0207763,61.17,2.55865,0.907929,0.287779,0.712221,0.230084,0.00385274,-0.456344,13,False,False,False,True
183943,2023-07-04 15:30:00+00:00,-1,True,-52.8407,-2.1026,25.1311,0.0905537,61.0864,1.49181,0.528367,0.080398,0.919602,0.546771,0.0505993,-2.46901,15,False,False,False,True
183972,2023-07-05 06:00:00+00:00,-1,False,95.9413,5.34811,17.9393,0.0403539,61.0683,1.9721,0.698478,0.463296,0.536704,0.371348,0.017637,-0.703541,6,False,False,False,True
184101,2023-07-07 22:30:00+00:00,1,False,-44.2428,-1.46559,30.1878,0.138841,60.884,2.44698,0.865922,0.60172,0.60172,0.954064,0.178995,-1.55974,22,False,False,False,True
184130,2023-07-08 13:00:00+00:00,-1,False,-57.6839,-3.37825,17.0751,0.0355308,60.8478,1.88237,0.66664,0.107529,0.892471,0.451312,0.0302511,4.55959,13,False,False,False,True
184278,2023-07-11 15:00:00+00:00,1,False,13.9915,0.488206,28.659,0.126969,60.7446,2.65207,0.938059,0.681591,0.681591,0.883627,0.156307,1.89027,15,False,False,False,True
184352,2023-07-13 04:00:00+00:00,-1,True,-48.9016,-2.05546,23.7911,0.0842751,60.7189,1.94223,0.687607,0.22081,0.77919,0.765598,0.115268,2.10988,4,False,False,False,True
184461,2023-07-15 10:30:00+00:00,1,True,-29.693,-1.53869,19.2976,0.0517123,60.6127,1.22841,0.434701,0.950351,0.950351,0.309309,0.0100742,-4.76131,10,False,False,False,True
184526,2023-07-16 19:00:00+00:00,-1,False,-6.98085,-0.411807,16.9518,0.0376142,60.4977,1.90852,0.675852,0.182863,0.817137,0.59224,0.0663242,3.86309,19,False,False,False,True
184607,2023-07-18 11:30:00+00:00,1,False,-35.6401,-1.27194,28.0202,0.125656,60.4198,2.69782,0.95536,0.397292,0.397292,0.932893,0.178653,-3.21311,11,False,False,False,True
184676,2023-07-19 22:00:00+00:00,-1,False,-125.257,-4.11185,30.4623,0.153225,60.3985,2.63181,0.931983,0.418731,0.581269,0.854362,0.1504,2.05046,22,False,False,False,True
184762,2023-07-21 17:00:00+00:00,-1,False,-20.7596,-1.00087,20.7416,0.0644406,60.2641,2.73189,0.96758,0.544565,0.455435,0.519252,0.0478311,2.77033,17,False,False,False,True
184792,2023-07-22 08:00:00+00:00,1,True,-38.389,-2.50519,15.3238,0.0278539,60.2206,1.8741,0.663774,0.707883,0.707883,0.387443,0.0215753,-0.660694,8,False,False,False,True
184975,2023-07-26 03:30:00+00:00,1,False,13.8137,0.618451,22.336,0.0821347,60.0258,2.78707,0.987124,0.607386,0.607386,0.556146,0.0601598,-4.04244,3,False,False,False,True
185252,2023-07-31 22:00:00+00:00,1,False,-114.781,-4.5072,25.4662,0.115811,59.4993,2.41731,0.856969,0.422962,0.422962,1.16871,0.278253,-1.1853,22,False,False,False,True
185411,2023-08-04 05:30:00+00:00,1,False,-40.6238,-2.05551,19.7634,0.0656678,59.2008,2.739,0.970098,0.45391,0.45391,0.720807,0.115725,-0.779748,5,False,False,False,True
185497,2023-08-06 00:30:00+00:00,-1,False,12.5638,1.68584,7.45255,0.00356735,59.0543,2.1257,0.75512,0.533792,0.466208,0.275195,0.00839041,4.56788,0,False,False,False,True
185696,2023-08-10 04:00:00+00:00,-1,False,48.1177,2.11469,22.754,0.0979167,58.7398,1.50182,0.532416,0.557232,0.442768,0.757033,0.132705,-2.00357,4,False,False,False,True
185741,2023-08-11 02:30:00+00:00,-1,True,-31.8835,-2.1089,15.1186,0.0337614,58.6609,1.193,0.423331,0.171421,0.828579,0.33003,0.0168379,1.14512,2,False,False,False,True
185790,2023-08-12 03:00:00+00:00,-1,True,-27.1329,-2.32091,11.6906,0.016524,58.5676,1.77671,0.62928,0.421289,0.578711,0.41084,0.0309646,1.38332,3,False,False,False,True
185832,2023-08-13 00:00:00+00:00,1,True,-14.179,-2.9192,4.85714,0.000884703,58.4726,1.95979,0.694772,0.432866,0.432866,0.217718,0.00453767,0.201137,0,False,False,False,True
185952,2023-08-15 12:00:00+00:00,-1,True,-32.9596,-2.80887,11.7341,0.0194064,58.2906,1.65631,0.586635,0.183374,0.816626,0.30769,0.0154395,1.72391,12,False,False,False,True
185987,2023-08-16 05:30:00+00:00,-1,False,-16.318,-1.21039,13.4816,0.0284817,58.2342,1.72986,0.613834,0.126552,0.873448,0.242227,0.00742009,4.6716,5,False,False,False,True
186170,2023-08-20 01:00:00+00:00,1,False,-21.0422,-0.854121,24.6361,0.124344,57.9731,1.42636,0.505147,0.852153,0.852153,0.762369,0.142038,-14.5994,1,False,False,False,True
186198,2023-08-20 15:00:00+00:00,-1,True,-60.2444,-3.4195,17.6179,0.0594749,57.9516,1.87271,0.663279,0.136529,0.863471,0.57562,0.0807934,17.6548,15,False,False,False,True
186370,2023-08-24 05:00:00+00:00,1,False,-160.004,-4.83706,33.0787,0.227397,57.8004,2.10262,0.744701,0.469266,0.469266,1.30318,0.349971,2.11842,5,False,False,False,True
186426,2023-08-25 09:00:00+00:00,1,False,-14.9659,-0.588775,25.4187,0.135331,57.7313,2.65411,0.939633,0.522132,0.522132,0.822845,0.167523,-2.08976,9,False,False,False,True
186484,2023-08-26 14:00:00+00:00,1,True,-23.4445,-2.32853,10.0684,0.0127854,57.6295,2.06091,0.729934,0.414542,0.414542,0.332646,0.0204623,-4.42438,14,False,False,False,True
186698,2023-08-31 01:00:00+00:00,-1,False,22.9227,0.747178,30.679,0.201284,57.5477,1.84413,0.652589,0.456599,0.543401,0.706589,0.128482,-5.73276,1,False,False,False,True
186766,2023-09-01 11:00:00+00:00,1,False,-77.7203,-3.42625,22.6837,0.113328,57.4364,1.30598,0.462548,0.343516,0.343516,0.466796,0.0525114,-10.4714,11,False,False,False,True
186909,2023-09-04 10:30:00+00:00,-1,False,55.543,3.50157,15.8623,0.0484018,57.2097,2.06633,0.731852,0.325522,0.674478,0.49132,0.0605879,3.12955,10,False,False,False,True
187150,2023-09-09 11:00:00+00:00,-1,True,-16.2125,-1.61205,10.0571,0.0142979,57.0373,1.19191,0.421221,0.344129,0.655871,0.155012,0.000884703,1.10491,11,False,False,False,True
187198,2023-09-10 11:00:00+00:00,-1,True,-27.8629,-2.70607,10.2964,0.0156107,56.9609,2.1452,0.756665,0.0496225,0.950377,0.298159,0.0170662,2.6647,11,False,False,False,True
187330,2023-09-13 05:00:00+00:00,1,False,70.626,2.00577,35.2115,0.278311,56.8401,2.38801,0.841628,0.385881,0.385881,1.40885,0.405679,1.42867,5,False,False,False,True
187363,2023-09-13 21:30:00+00:00,1,False,22.8032,0.607247,37.5517,0.311901,56.7819,1.99806,0.704754,0.724424,0.724424,1.01717,0.259932,3.72534,21,False,False,False,True
187513,2023-09-17 00:30:00+00:00,-1,True,-28.3777,-1.80468,15.7245,0.0501712,56.6098,1.43929,0.50665,0.107821,0.892179,0.366404,0.0320776,-3.21481,0,False,False,False,True
187540,2023-09-17 14:00:00+00:00,-1,True,-29.8569,-2.6228,11.3836,0.0217466,56.5818,2.51499,0.887085,0.371051,0.628949,0.376669,0.0339041,-4.25191,14,False,False,False,True
187655,2023-09-19 23:30:00+00:00,1,True,-87.2773,-2.04455,42.6878,0.388413,56.5534,2.08246,0.733203,0.585475,0.585475,1.42209,0.414098,3.81475,23,False,False,False,True
187715,2023-09-21 05:30:00+00:00,1,False,-153.614,-5.13531,29.9132,0.208219,56.4578,1.9403,0.684382,0.480781,0.480781,0.961574,0.242466,1.53651,5,False,False,False,True
187772,2023-09-22 10:00:00+00:00,-1,False,15.6472,0.710847,22.012,0.116809,56.3501,2.67755,0.94504,0.57149,0.42851,0.551588,0.0852454,2.92682,10,False,False,False,True
187807,2023-09-23 03:30:00+00:00,-1,False,-8.01262,-0.526031,15.2322,0.0470034,56.2992,1.53296,0.541571,0.30795,0.69205,0.357646,0.0303368,4.7691,3,False,False,False,True
187835,2023-09-23 17:30:00+00:00,1,False,-14.0259,-1.59874,8.77314,0.0107591,56.2536,2.05709,0.726975,0.971483,0.971483,0.160408,0.00134132,-4.53361,17,False,False,False,True
187920,2023-09-25 12:00:00+00:00,-1,True,-60.2444,-2.35225,25.6114,0.160616,56.0965,2.48648,0.879486,0.139545,0.860455,0.636575,0.120091,6.93072,12,False,False,False,True
187988,2023-09-26 22:00:00+00:00,-1,False,-109.776,-4.52131,24.2797,0.146547,55.983,2.77192,0.980006,0.319717,0.680283,0.595384,0.105394,3.71018,22,False,False,False,True
188145,2023-09-30 04:30:00+00:00,1,False,23.2077,1.20127,19.3193,0.0907534,55.6756,1.36402,0.481887,0.989403,0.989403,0.253234,0.0115297,4.92624,4,False,False,False,True
188296,2023-10-03 08:00:00+00:00,-1,False,45.8296,1.31563,34.8347,0.292865,55.5238,1.33414,0.46983,0.387226,0.612774,0.677199,0.137586,-1.54134,8,False,False,False,True
188516,2023-10-07 22:00:00+00:00,1,True,-35.0429,-2.31682,15.1254,0.0500856,55.125,1.91607,0.67462,0.515183,0.515183,0.400629,0.0423801,5.24628,22,False,False,False,True
188581,2023-10-09 06:30:00+00:00,-1,False,94.276,5.24667,17.9687,0.0809075,55.014,1.79504,0.632008,0.397628,0.602372,0.491614,0.0719178,-1.61411,6,False,False,False,True
188775,2023-10-13 07:30:00+00:00,1,True,-44.4389,-2.51327,17.6817,0.0778824,54.6946,1.55731,0.547223,1.13987,1.13987,0.484168,0.0698059,-4.90027,7,False,False,False,True
188801,2023-10-13 20:30:00+00:00,1,False,39.4694,1.81513,21.7447,0.124001,54.6557,1.99351,0.700589,0.389537,0.389537,0.812875,0.196718,-4.69894,20,False,False,False,True
188877,2023-10-15 10:30:00+00:00,1,False,56.336,8.84814,6.36699,0.00576484,54.5124,2.68569,0.941341,0.777232,0.777232,0.195874,0.00425228,-3.11113,10,True,False,False,True
188998,2023-10-17 23:00:00+00:00,-1,False,22.43,0.544097,41.2243,0.401227,54.3837,2.4918,0.872668,0.379808,0.620192,1.08885,0.311473,-5.7992,23,False,False,False,True
189060,2023-10-19 06:00:00+00:00,1,False,115.763,4.37689,26.4486,0.185303,54.2788,2.34997,0.823611,0.57802,0.57802,0.769935,0.18262,3.74559,6,False,False,False,True
189101,2023-10-20 02:30:00+00:00,1,False,275.702,8.08317,34.1081,0.29786,54.1827,2.00679,0.703387,0.978217,0.978217,0.724699,0.164298,5.69979,2,True,False,False,True
189157,2023-10-21 06:30:00+00:00,1,False,141.305,5.23159,27.01,0.192894,54.1249,1.89576,0.665925,0.757985,0.757985,0.836845,0.210303,11.0533,6,False,False,False,True
189233,2023-10-22 20:30:00+00:00,-1,True,-36.1443,-1.54246,23.4329,0.147745,53.9761,1.60084,0.562423,0.127984,0.872016,0.470487,0.0676941,-6.57945,20,False,False,False,True
189343,2023-10-25 03:30:00+00:00,-1,False,-214.29,-2.60442,82.2794,0.876712,53.9654,2.33347,0.819957,0.528682,0.471318,2.22417,0.643236,-7.91368,3,False,False,False,False
189396,2023-10-26 06:00:00+00:00,-1,False,158.014,3.69681,42.7432,0.428339,53.9949,1.409,0.495109,0.144637,0.855363,1.06293,0.304138,-11.2282,6,False,False,False,True
189424,2023-10-26 20:00:00+00:00,1,False,15.2732,0.281271,54.3008,0.604081,53.9949,1.95144,0.6856,0.447181,0.447181,2.01237,0.601084,4.65977,20,False,False,False,False
189456,2023-10-27 12:00:00+00:00,-1,False,38.4629,1.12706,34.1269,0.299943,53.9458,2.59054,0.91029,0.323214,0.676786,0.749957,0.174258,-5.12899,12,False,False,False,True
189674,2023-11-01 01:00:00+00:00,-1,False,-24.4012,-0.698824,34.9175,0.316695,53.5883,2.40538,0.845084,0.56407,0.43593,1.32786,0.408818,-2.20326,1,False,False,False,True
189710,2023-11-01 19:00:00+00:00,1,False,194.983,3.98906,48.8793,0.528339,53.5273,2.37752,0.835627,0.699948,0.699948,1.66166,0.517466,1.58039,19,False,False,False,True
189815,2023-11-03 23:30:00+00:00,1,False,1.91344,0.0512244,37.3541,0.356164,53.4052,2.0981,0.73749,0.685773,0.685773,1.10658,0.324943,0.594279,23,False,False,False,True
189878,2023-11-05 07:00:00+00:00,-1,False,19.5098,0.706726,27.6059,0.205194,53.2918,2.26098,0.794742,0.510036,0.489964,1.27811,0.39375,-3.50447,7,False,False,False,True
189930,2023-11-06 09:00:00+00:00,1,False,10.7246,0.343199,31.249,0.259932,53.2533,2.51602,0.885855,0.580902,0.580902,1.05931,0.306878,1.19217,9,False,False,False,True
189964,2023-11-07 02:00:00+00:00,-1,False,21.3256,0.655142,32.5511,0.281592,53.2484,2.59274,0.912868,0.331094,0.668906,0.692793,0.152483,-0.416975,2,False,False,False,True
190083,2023-11-09 13:30:00+00:00,1,False,-56.4738,-1.17316,48.138,0.52266,53.1892,1.9585,0.690802,0.859159,0.859159,1.40211,0.440554,8.11838,13,False,False,False,True
190175,2023-11-11 11:30:00+00:00,-1,False,-7.70248,-0.251972,30.5688,0.250228,53.1011,1.44076,0.507374,0.263623,0.736377,0.547395,0.0956621,-5.61195,11,False,False,False,True
190417,2023-11-16 12:30:00+00:00,-1,False,189.947,3.7106,51.1904,0.57403,52.9124,2.10121,0.738582,-0.195879,1.19588,1.2083,0.372374,-2.05221,12,False,False,False,True
190504,2023-11-18 08:00:00+00:00,1,False,43.3118,1.44397,29.9951,0.242437,52.8113,2.4989,0.878287,0.486632,0.486632,0.852225,0.223259,-0.82308,8,False,False,False,True
190568,2023-11-19 16:00:00+00:00,1,False,171.59,9.15445,18.7438,0.0926084,52.6916,2.04175,0.718202,0.552581,0.552581,0.793156,0.198687,0.729405,16,True,False,False,True
190892,2023-11-26 10:00:00+00:00,-1,False,26.4915,2.50519,10.5746,0.0196347,52.3221,2.42746,0.854674,0.622118,0.377882,0.282897,0.0167523,-6.45356,10,False,False,False,True
191185,2023-12-02 12:30:00+00:00,1,False,181.564,11.0413,16.4441,0.0672089,51.82,1.34765,0.475167,0.76074,0.76074,0.337302,0.029766,10.1861,12,True,False,False,True
191234,2023-12-03 13:00:00+00:00,-1,True,-38.4915,-1.86328,20.6579,0.117295,51.7097,1.62091,0.571515,0.327876,0.672124,0.450626,0.0631279,-9.99231,13,False,False,False,True
191403,2023-12-07 01:30:00+00:00,1,True,-75.8057,-1.82329,41.5764,0.445519,51.5643,1.78557,0.628545,0.589643,0.589643,0.810955,0.211045,10.0481,1,False,False,False,True
191450,2023-12-08 01:00:00+00:00,1,True,-79.8779,-1.99511,40.0368,0.422974,51.4801,2.12904,0.750396,0.497583,0.497583,1.71592,0.551769,4.55703,1,False,False,False,True
191508,2023-12-09 06:00:00+00:00,1,False,-74.9885,-2.49346,30.074,0.253196,51.3524,1.77919,0.62709,0.549043,0.549043,1.26444,0.406136,8.48645,6,False,False,False,True
191562,2023-12-10 09:00:00+00:00,-1,True,-61.6391,-2.76568,22.2871,0.140097,51.2647,1.7832,0.628979,0.299141,0.700859,0.679647,0.153739,-3.11055,9,False,False,False,True
191670,2023-12-12 15:00:00+00:00,-1,False,149.136,2.87212,51.9253,0.610588,51.1828,2.20614,0.77659,0.0402597,0.95974,1.45792,0.477939,5.27067,15,False,False,False,False
191703,2023-12-13 07:30:00+00:00,1,False,357.218,6.6724,53.5367,0.634646,51.1783,1.71506,0.604713,0.625356,0.625356,2.04859,0.634275,-4.57226,7,False,False,False,False
191810,2023-12-15 13:00:00+00:00,-1,False,120.792,3.53658,34.1551,0.329424,51.0521,2.74848,0.968726,0.119886,0.880114,0.889451,0.249258,-0.809478,13,False,False,False,True
191849,2023-12-16 08:30:00+00:00,-1,False,-33.4495,-1.12576,29.7128,0.248944,50.9882,1.73206,0.610933,0.561851,0.438149,1.23371,0.396918,1.63952,8,False,False,False,True
191908,2023-12-17 14:00:00+00:00,-1,False,222.093,8.65761,25.653,0.186672,50.8682,1.52826,0.538848,0.152126,0.847874,0.452139,0.0638699,3.94196,14,True,False,False,True
192114,2023-12-21 21:00:00+00:00,1,False,-13.6788,-0.27206,50.2785,0.594092,50.6369,2.51193,0.88602,0.520857,0.520857,1.94987,0.615411,3.65147,21,False,False,False,True
192375,2023-12-27 07:30:00+00:00,1,False,202.995,6.15627,32.9737,0.313784,50.4321,2.32869,0.823007,0.703783,0.703783,0.849848,0.233248,-4.24539,7,False,False,False,True
192448,2023-12-28 20:00:00+00:00,1,False,-30.3462,-0.683649,44.3885,0.506507,50.3517,2.72738,0.963853,0.400399,0.400399,2.29265,0.682962,-2.14302,20,False,False,False,True
192597,2023-12-31 22:30:00+00:00,-1,False,-34.1367,-1.21071,28.1956,0.228253,50.0748,1.6336,0.577124,0.56377,0.43623,0.617504,0.13085,-0.471365,22,False,False,False,True
192677,2024-01-02 14:30:00+00:00,1,True,-101.518,-1.88876,53.7485,0.653767,50.0358,1.99534,0.704694,0.698641,0.698641,1.79522,0.581963,9.5758,14,False,False,False,False
192761,2024-01-04 08:30:00+00:00,-1,False,-349.33,-6.02934,57.9384,0.708219,50.063,1.99228,0.703431,0.460665,0.539335,1.54916,0.512728,2.48955,8,False,False,False,False
192889,2024-01-07 00:30:00+00:00,1,False,77.6897,2.52315,30.7908,0.274857,50.0377,1.72794,0.609498,0.777169,0.777169,0.50192,0.0822203,1.63468,0,False,False,False,True
192931,2024-01-07 21:30:00+00:00,1,True,-71.6546,-2.17598,32.9298,0.316067,49.9613,2.243,0.79135,0.653083,0.653083,1.18403,0.383362,2.68075,21,False,False,False,True
193048,2024-01-10 08:00:00+00:00,-1,True,-98.9172,-1.71439,57.6981,0.706906,49.905,1.27588,0.450039,0.112986,0.887014,1.25623,0.411844,-1.7484,8,False,False,False,False
193136,2024-01-12 04:00:00+00:00,-1,False,525.652,6.84342,76.8113,0.870605,49.905,1.71208,0.603889,0.166779,0.833221,1.9649,0.622803,-0.278189,4,False,True,False,False
193196,2024-01-13 10:00:00+00:00,-1,False,-19.9108,-0.320762,62.0734,0.755479,49.9552,1.96683,0.693747,0.541528,0.458472,2.16476,0.6625,7.93361,10,False,False,False,False
193237,2024-01-14 06:30:00+00:00,1,False,-30.6584,-0.986466,31.079,0.280422,49.9295,2.43172,0.857933,0.69951,0.69951,1.06385,0.329823,-10.5948,6,False,False,False,True
193264,2024-01-14 20:00:00+00:00,-1,False,-8.75331,-0.295151,29.6571,0.254623,49.8764,1.99313,0.704142,-0.174753,1.17475,0.769465,0.197774,10.4301,20,False,False,False,True
193419,2024-01-18 01:30:00+00:00,-1,False,17.289,0.429128,40.2886,0.448259,49.8907,2.49246,0.880034,0.615539,0.384461,1.25066,0.409189,2.17634,1,False,False,False,True
193525,2024-01-20 06:30:00+00:00,1,True,-38.6223,-1.055,36.6087,0.386815,49.8449,1.05621,0.373143,0.80269,0.80269,0.409126,0.0483162,-2.83722,6,False,False,False,True
193577,2024-01-21 08:30:00+00:00,1,False,-0.921403,-0.0599927,15.3586,0.0554795,49.764,2.34322,0.828091,0.662642,0.662642,0.369011,0.0384989,-3.26727,8,False,False,False,True
193769,2024-01-25 08:30:00+00:00,1,True,-75.8901,-2.24277,33.8377,0.337814,49.6506,2.44165,0.862096,0.678152,0.678152,0.918514,0.268322,-1.65953,8,False,False,False,True
193815,2024-01-26 07:30:00+00:00,-1,True,-73.1431,-2.66286,27.4679,0.22032,49.5594,1.98826,0.701833,0.302545,0.697455,1.00223,0.305422,2.25968,7,False,False,False,True
193863,2024-01-27 07:30:00+00:00,-1,True,-66.5148,-2.20002,30.2337,0.268236,49.4944,1.43081,0.505648,-0.171669,1.17167,0.737522,0.185531,-7.28128,7,False,False,False,True
194015,2024-01-30 11:30:00+00:00,1,True,-62.5109,-2.09265,29.8717,0.261187,49.267,2.09479,0.740055,0.642247,0.642247,0.660471,0.151313,9.81397,11,False,False,False,True
194051,2024-01-31 05:30:00+00:00,1,False,165.574,4.37457,37.8491,0.415211,49.2294,2.72734,0.963899,0.334867,0.334867,2.97753,0.790611,2.52178,5,False,False,False,True
194118,2024-02-01 15:00:00+00:00,1,False,87.6773,2.08986,41.9536,0.486301,49.1727,2.74059,0.968206,1.39919,1.39919,1.15818,0.377055,0.625263,15,False,False,False,True
194155,2024-02-02 09:30:00+00:00,-1,False,-31.9673,-0.972785,32.8617,0.321518,49.1288,2.15012,0.759356,0.343249,0.656751,0.7738,0.203082,-2.57314,9,False,False,False,True
194237,2024-02-04 02:30:00+00:00,1,False,-42.1842,-2.43884,17.2968,0.0782249,48.9923,2.56629,0.905871,0.443236,0.443236,0.609818,0.130166,1.92167,2,False,False,False,True
194536,2024-02-10 08:00:00+00:00,-1,True,-73.6586,-2.16696,33.9916,0.349201,48.5333,1.29042,0.455125,0.195719,0.804281,0.86508,0.248174,-11.757,8,False,False,False,True
194586,2024-02-11 09:00:00+00:00,-1,False,0.605963,0.0165264,36.6663,0.402626,48.4442,2.80891,0.990887,0.597076,0.402924,2.32927,0.706792,-10.8212,9,False,False,False,True
194645,2024-02-12 14:30:00+00:00,1,False,353.27,9.63843,36.6522,0.402911,48.3382,1.9824,0.69924,0.698793,0.698793,1.15922,0.38125,6.0276,14,True,False,False,True
194686,2024-02-13 11:00:00+00:00,-1,False,23.0741,0.598776,38.5354,0.437158,48.3321,1.94644,0.686557,0.104294,0.895706,0.827963,0.230394,-9.37137,11,False,False,False,True
194726,2024-02-14 07:00:00+00:00,1,False,407.363,10.4364,39.0328,0.445691,48.3321,2.11493,0.745981,0.841636,0.841636,0.694135,0.167152,6.01694,7,True,False,False,True
194781,2024-02-15 10:30:00+00:00,1,True,-111.798,-2.34316,47.7127,0.591467,48.3258,2.45092,0.864494,0.706816,0.706816,1.18931,0.393978,9.47938,10,False,False,False,True
194966,2024-02-19 07:00:00+00:00,1,True,-77.5537,-2.43847,31.8042,0.306792,48.1199,2.77842,0.980015,0.977155,0.977155,1.03141,0.326598,5.12432,7,False,False,False,True
195086,2024-02-21 19:00:00+00:00,-1,True,-121.252,-2.13372,56.8263,0.719635,48.0155,2.11772,0.747149,0.0939597,0.90604,1.27885,0.431535,2.84811,19,False,False,False,False
195120,2024-02-22 12:00:00+00:00,-1,True,-83.8699,-2.08004,40.3214,0.472917,47.9718,2.18183,0.770357,0.418561,0.581439,1.18736,0.394435,0.172564,12,False,False,False,True
195188,2024-02-23 22:00:00+00:00,-1,False,-22.654,-0.624962,36.2486,0.398373,47.8483,1.45572,0.513854,0.352997,0.647003,0.684534,0.1627,2.42533,22,False,False,False,True
195270,2024-02-25 15:00:00+00:00,1,True,-40.1793,-1.97867,20.3062,0.116924,47.695,1.3992,0.494154,0.867711,0.867711,0.440669,0.0606164,3.20319,15,False,False,False,True
195302,2024-02-26 07:00:00+00:00,1,False,582.299,26.4126,22.0462,0.143179,47.6361,1.74316,0.616033,0.35149,0.35149,0.915562,0.275571,0.607799,7,True,True,True,True
195462,2024-02-29 15:00:00+00:00,1,False,-302.088,-3.02147,99.9804,0.957277,47.5877,2.04777,0.723023,0.699165,0.699165,1.81486,0.608847,8.49853,15,False,False,False,False
195565,2024-03-02 18:30:00+00:00,1,True,-57.4447,-1.63143,35.2112,0.380594,47.5397,1.77323,0.626657,0.618654,0.618654,0.560581,0.109104,7.22314,18,False,False,False,True
195811,2024-03-07 21:30:00+00:00,-1,False,8.49888,0.120018,70.8136,0.85839,47.4476,2.0241,0.714121,0.529405,0.470595,2.15351,0.682534,-3.8424,21,False,False,False,False
195873,2024-03-09 04:30:00+00:00,1,False,-23.7258,-0.418767,56.6563,0.726798,47.4159,1.26022,0.444616,0.379197,0.379197,1.96163,0.644035,4.38545,4,False,False,False,False
195904,2024-03-09 20:00:00+00:00,1,False,196.989,7.06514,27.8819,0.234618,47.3698,1.71538,0.605819,0.44657,0.44657,0.622566,0.137957,6.5502,20,False,False,False,True
196023,2024-03-12 07:30:00+00:00,1,False,-164.007,-2.75661,59.4961,0.761929,47.3456,2.72232,0.960702,0.53447,0.53447,1.68316,0.574115,5.88491,7,False,False,False,False
196103,2024-03-13 23:30:00+00:00,-1,False,22.3939,0.413415,54.168,0.69512,47.396,1.77768,0.627105,0.546092,0.453908,1.60298,0.552026,-4.71555,23,False,False,False,False
196468,2024-03-21 14:00:00+00:00,-1,False,141.671,1.84882,76.6278,0.889184,47.5521,1.99808,0.703796,0.211195,0.788805,1.49113,0.514555,-1.31006,14,False,False,False,False
196658,2024-03-25 13:00:00+00:00,1,False,466.777,9.45452,49.3707,0.624515,47.6657,1.78678,0.626651,0.496598,0.496598,1.27034,0.43085,4.45463,13,True,True,False,False
196891,2024-03-30 09:30:00+00:00,1,False,-49.4983,-1.75241,28.2459,0.240554,47.7691,2.45899,0.861819,0.856811,0.856811,0.49712,0.0826484,2.3533,9,False,False,False,True
197020,2024-04-02 02:00:00+00:00,-1,False,527.45,10.7571,49.0329,0.620434,47.6078,2.39679,0.839728,0.560297,0.439703,2.58126,0.747089,1.25228,2,True,True,False,False
197054,2024-04-02 19:00:00+00:00,1,True,-191.355,-2.20866,86.6387,0.924686,47.656,2.32467,0.814682,0.641715,0.641715,2.35454,0.711301,-5.13839,19,False,False,False,False
197101,2024-04-03 18:30:00+00:00,-1,False,-79.0244,-1.29579,60.9857,0.767894,47.695,2.31117,0.809949,0.117491,0.882509,1.91503,0.626199,5.1182,18,False,False,False,False
197238,2024-04-06 15:00:00+00:00,1,False,203.186,6.6356,30.6206,0.287985,47.6544,1.6133,0.565465,0.700847,0.700847,0.846556,0.241581,2.27279,15,False,False,False,True
197495,2024-04-11 23:30:00+00:00,-1,True,-120.059,-2.30746,52.0308,0.662614,47.6291,2.25199,0.789807,0.361833,0.638167,1.56911,0.534589,-0.361161,23,False,False,False,False
197571,2024-04-13 13:30:00+00:00,1,True,-89.0026,-1.81746,48.9708,0.619349,47.6086,1.9331,0.678378,1.01605,1.01605,0.832338,0.233818,-4.09484,13,False,False,False,False
197665,2024-04-15 12:30:00+00:00,-1,False,365.129,5.63633,64.7814,0.801798,47.734,2.3377,0.819867,0.552058,0.447942,3.70666,0.857534,1.22086,12,False,False,False,False
197725,2024-04-16 18:30:00+00:00,1,False,147.398,1.46264,100.775,0.951884,47.841,2.74899,0.96353,0.496468,0.496468,3.1605,0.814526,-3.77166,18,False,False,False,False
197804,2024-04-18 10:00:00+00:00,1,False,302.745,4.52075,66.9678,0.81895,47.8972,2.40348,0.844,0.617323,0.617323,1.91902,0.623545,-4.49861,10,False,False,False,False
197831,2024-04-18 23:30:00+00:00,1,False,282.41,4.04921,69.7443,0.83907,47.9372,2.4534,0.862101,0.573697,0.573697,1.80089,0.594035,0.254115,23,False,False,False,False
197889,2024-04-20 04:30:00+00:00,1,False,199.726,2.91544,68.5062,0.828339,48.0212,2.21779,0.778281,0.486774,0.486774,1.75458,0.580508,0.854242,4,False,False,False,False
197952,2024-04-21 12:00:00+00:00,1,False,-62.7318,-1.77068,35.4281,0.383933,47.9718,2.73772,0.962129,0.821136,0.821136,0.765777,0.200685,4.99344,12,False,False,False,True
198030,2024-04-23 03:00:00+00:00,-1,False,23.0629,0.554234,41.6122,0.498059,47.938,2.07665,0.728751,0.440076,0.559924,1.33708,0.449515,-5.65163,3,False,False,False,True
198216,2024-04-27 00:00:00+00:00,-1,False,112.654,2.74512,41.038,0.488841,47.8029,1.60552,0.564265,0.382473,0.617527,1.25553,0.420234,3.57267,0,False,False,False,True
198469,2024-05-02 06:30:00+00:00,1,False,258.085,3.47571,74.2538,0.867837,47.7005,1.66765,0.585223,0.536995,0.536995,2.15819,0.6754,-6.78508,6,False,False,False,False
198593,2024-05-04 20:30:00+00:00,1,True,-113.514,-2.49501,45.4964,0.563784,47.7962,2.2684,0.797091,0.736779,0.736779,1.61244,0.542352,9.12874,20,False,False,False,True
198638,2024-05-05 19:00:00+00:00,-1,False,-99.139,-2.35566,42.0854,0.508191,47.7222,2.30338,0.809647,0.453303,0.546697,1.59927,0.538984,-6.31811,19,False,False,False,True
198711,2024-05-07 07:30:00+00:00,1,True,-155.877,-3.00862,51.8099,0.657135,47.7291,2.57355,0.904434,0.864724,0.864724,1.44237,0.486758,2.37981,7,False,False,False,False
198758,2024-05-08 07:00:00+00:00,-1,False,50.0479,1.01846,49.1407,0.620148,47.7051,2.80048,0.98406,0.334686,0.665314,1.58285,0.533733,1.89308,7,False,False,False,False
198867,2024-05-10 13:30:00+00:00,-1,False,315.937,7.11942,44.3768,0.547489,47.6311,2.32819,0.817562,0.192517,0.807483,0.996428,0.305251,-0.943878,13,False,False,False,True
198951,2024-05-12 07:30:00+00:00,-1,True,-55.8349,-2.53457,22.0293,0.143693,47.5208,1.8818,0.661289,0.00925869,0.990741,0.475562,0.0747717,6.21338,7,False,False,False,True
199036,2024-05-14 02:00:00+00:00,-1,False,131.68,3.28357,40.1027,0.47597,47.396,1.65558,0.579394,0.126579,0.873421,1.08417,0.34786,-2.99876,2,False,False,False,True
199236,2024-05-18 06:00:00+00:00,-1,True,-32.0581,-1.16671,27.4775,0.229081,47.2107,1.2407,0.432407,0.373459,0.626541,0.401549,0.0467466,-10.0035,6,False,False,False,True
199274,2024-05-19 01:00:00+00:00,-1,False,-22.4833,-1.06869,21.0382,0.127397,47.1502,1.47731,0.515584,0.557628,0.442372,0.333249,0.029024,-9.02531,1,False,False,False,True
199567,2024-05-25 03:30:00+00:00,1,False,35.7539,1.10816,32.2642,0.323858,46.9788,1.45709,0.507791,0.362013,0.362013,0.926506,0.278881,1.09982,3,False,False,False,True
199598,2024-05-25 19:00:00+00:00,1,True,-54.1287,-2.20854,24.5088,0.183562,46.9174,2.05187,0.715114,0.66329,0.66329,0.809502,0.22266,3.51617,19,False,False,False,True
199639,2024-05-26 15:30:00+00:00,1,True,-48.6151,-2.37263,20.4899,0.120976,46.8368,2.28364,0.796442,0.828862,0.828862,0.541554,0.100913,3.30685,15,False,False,False,True
199796,2024-05-29 22:00:00+00:00,1,False,40.1123,0.888489,45.1467,0.573402,46.7569,1.88006,0.654958,0.633538,0.633538,1.17229,0.392009,-2.42562,22,False,False,False,True
199929,2024-06-01 16:30:00+00:00,-1,False,-18.0066,-1.10032,16.3649,0.0673801,46.5482,2.05015,0.714427,0.572345,0.427655,0.316735,0.025371,3.0584,16,False,False,False,True
200053,2024-06-04 06:30:00+00:00,-1,True,-61.7094,-1.87077,32.9861,0.344207,46.4881,1.93565,0.674323,0.262327,0.737673,0.771243,0.207277,-2.21356,6,False,False,False,True
200115,2024-06-05 13:30:00+00:00,1,True,-69.8291,-1.95412,35.7342,0.401455,46.4701,1.86143,0.6487,0.765275,0.765275,0.670997,0.160788,6.93872,13,False,False,False,True
200148,2024-06-06 06:00:00+00:00,-1,False,-26.7217,-0.794167,33.6474,0.358048,46.4416,1.66841,0.581472,0.0658044,0.934196,0.626072,0.141924,-4.38614,6,False,False,False,True
200274,2024-06-08 21:00:00+00:00,-1,False,-4.42332,-0.287738,15.3728,0.0568779,46.219,1.9507,0.680323,0.385372,0.614628,0.390981,0.0457192,6.01087,21,False,False,False,True
200542,2024-06-14 11:00:00+00:00,-1,True,-60.6795,-2.04538,29.6665,0.278682,45.9914,1.93666,0.674676,0.464336,0.535664,0.842994,0.246176,5.11817,11,False,False,False,True
200598,2024-06-15 15:00:00+00:00,-1,True,-24.191,-1.25638,19.2546,0.107962,45.916,1.13008,0.393853,0.423764,0.576236,0.476514,0.0793664,7.44157,15,False,False,False,True
200661,2024-06-16 22:30:00+00:00,1,True,-45.9455,-2.30017,19.9748,0.119264,45.7935,1.65938,0.579126,0.90665,0.90665,0.429504,0.0604452,-0.659099,22,False,False,False,True
200783,2024-06-19 11:30:00+00:00,1,True,-65.5208,-1.69173,38.73,0.472917,45.6992,1.72453,0.600865,0.639601,0.639601,0.960359,0.305765,-1.69606,11,False,False,False,True
200858,2024-06-21 01:00:00+00:00,-1,False,177.099,5.50269,32.184,0.336444,45.5702,2.57009,0.895479,0.265929,0.734071,0.815959,0.235616,3.31674,1,False,False,False,True
200923,2024-06-22 09:30:00+00:00,-1,False,-4.06658,-0.185573,21.9136,0.1504,45.492,1.91682,0.667762,0.549166,0.450834,0.759696,0.208333,4.09076,9,False,False,False,True
201271,2024-06-29 15:30:00+00:00,-1,False,25.7091,1.31756,19.5126,0.114498,45.1133,2.41538,0.840823,0.506524,0.493476,0.591556,0.131878,3.62138,15,False,False,False,True
201409,2024-07-02 12:30:00+00:00,1,False,-109.519,-4.38248,24.9902,0.204167,44.8939,2.63085,0.915621,0.367258,0.367258,1.25057,0.444178,3.07161,12,False,False,False,True
201461,2024-07-03 14:30:00+00:00,1,False,-238.665,-4.5731,52.1888,0.714127,44.8383,2.79619,0.973485,0.327639,0.327639,2.11753,0.696575,-4.78952,14,False,False,False,False
201589,2024-07-06 06:30:00+00:00,1,False,223.852,4.33116,51.6842,0.707392,44.833,1.5777,0.549378,0.635447,0.635447,1.18243,0.413756,-6.00056,6,False,False,False,False
201630,2024-07-07 03:00:00+00:00,1,False,-267.4,-6.06271,44.1057,0.588642,44.7833,2.45536,0.854988,0.987138,0.987138,1.19034,0.417894,1.29388,3,False,False,False,True
201819,2024-07-11 01:30:00+00:00,-1,False,-50.1985,-1.12942,44.4464,0.594777,44.7598,1.87678,0.653329,0.424869,0.575131,1.06432,0.358818,0.153511,1,False,False,False,True
201877,2024-07-12 06:30:00+00:00,1,False,93.0204,1.66099,56.003,0.762928,44.759,2.67231,0.930728,0.637007,0.637007,1.77969,0.618721,-0.881527,6,False,False,False,False
201930,2024-07-13 09:00:00+00:00,-1,False,-133.179,-4.61012,28.8883,0.271575,44.7351,2.5795,0.898621,0.54027,0.45973,0.876273,0.269777,-1.72945,9,False,False,False,True
202105,2024-07-17 00:30:00+00:00,1,False,-87.1343,-1.29647,67.2087,0.871747,44.6479,2.78607,0.970995,0.883078,0.883078,2.13288,0.701912,7.66881,0,False,False,False,False
202155,2024-07-18 01:30:00+00:00,1,False,-40.5866,-0.824686,49.2147,0.675913,44.6479,2.04958,0.716356,0.800594,0.800594,1.1618,0.405651,4.88564,1,False,False,False,False
202224,2024-07-19 12:00:00+00:00,1,False,363.753,8.42048,43.1986,0.574772,44.5978,2.74486,0.961412,0.617511,0.617511,1.31778,0.473174,1.76602,12,True,False,False,True
202267,2024-07-20 09:30:00+00:00,-1,False,-85.443,-2.79331,30.5885,0.308333,44.5618,1.56027,0.546499,0.563751,0.436249,0.485113,0.0854737,-9.97138,9,False,False,False,True
202302,2024-07-21 03:00:00+00:00,1,False,-20.8978,-0.670321,31.1758,0.32149,44.5113,2.54017,0.890203,0.577394,0.577394,0.726071,0.196461,9.48298,3,False,False,False,True
202382,2024-07-22 19:00:00+00:00,1,False,-135.288,-2.89137,46.7902,0.640839,44.4416,2.80319,0.984175,0.664159,0.664159,1.60445,0.574914,3.23024,19,False,False,False,False
202596,2024-07-27 06:00:00+00:00,1,False,89.109,2.90125,30.714,0.312186,44.3489,1.98971,0.699032,0.584946,0.584946,0.722464,0.195091,6.67262,6,False,False,False,True
202653,2024-07-28 10:30:00+00:00,1,False,70.2814,1.69424,41.4826,0.545491,44.2945,2.53828,0.891755,0.450746,0.450746,1.75644,0.618436,1.47396,10,False,False,False,True
202706,2024-07-29 13:00:00+00:00,1,True,-64.882,-1.85979,34.8868,0.40742,44.2149,1.82731,0.641976,0.923376,0.923376,0.810793,0.238071,8.01297,13,False,False,False,True
202750,2024-07-30 11:00:00+00:00,-1,False,54.6392,1.29536,42.1807,0.561587,44.2018,2.05127,0.720796,0.443909,0.556091,1.36744,0.495976,3.52938,11,False,False,False,True
202782,2024-07-31 03:00:00+00:00,-1,False,-42.3603,-0.971485,43.6036,0.589298,44.1925,1.80382,0.633603,0.529647,0.470353,1.17129,0.412443,3.70648,3,False,False,False,True
202890,2024-08-02 09:00:00+00:00,1,True,-123.227,-1.98922,61.9473,0.843122,44.1512,2.02629,0.711881,0.530855,0.530855,2.30694,0.739926,-2.47191,9,False,False,False,False
202938,2024-08-03 09:00:00+00:00,-1,False,151.887,2.64962,57.324,0.795405,44.1512,1.63495,0.574506,0.548212,0.451788,1.40248,0.507648,7.93045,9,False,False,False,False
203042,2024-08-05 13:00:00+00:00,-1,True,-617.851,-2.72915,226.39,0.999658,44.1497,2.44738,0.859253,0.0335067,0.966493,9.98417,0.993094,9.00943,13,False,False,False,False
203116,2024-08-07 02:00:00+00:00,1,False,-159.772,-1.63678,97.6139,0.969178,44.2611,2.43132,0.853713,0.8882,0.8882,2.24324,0.725913,-1.22184,2,False,False,False,False
203282,2024-08-10 13:00:00+00:00,-1,False,-70.0302,-1.76697,39.6329,0.507591,44.3147,2.02255,0.710566,0.613724,0.386276,1.3706,0.496033,-6.26811,13,False,False,False,True
203311,2024-08-11 03:30:00+00:00,1,True,-88.3102,-2.81231,31.4013,0.326969,44.2757,2.18517,0.767982,1.19465,1.19465,0.776804,0.220006,8.77114,3,False,False,False,True
203514,2024-08-15 09:00:00+00:00,1,False,-135.373,-2.41584,56.0356,0.772888,44.29,2.80947,0.986843,0.464544,0.464544,2.15801,0.709675,-3.629,9,False,False,False,False
203613,2024-08-17 10:30:00+00:00,-1,False,-41.3348,-1.37332,30.0985,0.298031,44.3051,2.19534,0.769473,0.362707,0.637293,0.441623,0.0672945,-0.852968,10,False,False,False,True
203641,2024-08-18 00:30:00+00:00,1,False,81.8076,3.36015,24.3464,0.193664,44.303,2.53099,0.887656,0.81152,0.81152,0.658637,0.164098,3.08596,0,False,False,False,True
203670,2024-08-18 15:00:00+00:00,-1,False,175.548,4.69886,37.3596,0.463242,44.2673,2.70711,0.950219,0.541737,0.458263,1.37861,0.498659,-2.47798,15,False,False,False,True
203787,2024-08-21 01:30:00+00:00,-1,False,-107.017,-2.13055,50.2297,0.698459,44.2146,2.11858,0.742457,0.33,0.67,1.48939,0.538613,1.41046,1,False,False,False,False
203903,2024-08-23 11:30:00+00:00,-1,True,-89.4769,-2.58722,34.5842,0.40117,44.1343,2.39988,0.839871,0.3912,0.6088,1.45315,0.525656,-2.95132,11,False,False,False,True
203962,2024-08-24 17:00:00+00:00,1,True,-68.2774,-2.00212,34.1025,0.390725,44.1191,2.07013,0.725588,0.681782,0.681782,0.78511,0.2248,11.7075,17,False,False,False,True
204053,2024-08-26 14:30:00+00:00,-1,False,101.514,2.294,44.2517,0.603853,44.0211,2.00971,0.704356,-0.0488903,1.04889,0.7872,0.226627,-1.48351,14,False,False,False,False
204179,2024-08-29 05:30:00+00:00,1,False,40.6621,0.770181,52.7955,0.735388,44.0704,0.871284,0.305342,0.913027,0.913027,0.861397,0.264412,-5.85935,5,False,False,False,False
204295,2024-08-31 15:30:00+00:00,-1,False,70.958,2.82681,25.1018,0.20742,44.02,2.24241,0.785971,0.212594,0.787406,0.633292,0.152511,5.97206,15,False,False,False,True
204339,2024-09-01 13:30:00+00:00,-1,False,80.771,2.20005,36.7133,0.453596,43.9592,2.52405,0.885858,0.193513,0.806487,1.29265,0.467494,6.76434,13,False,False,False,True
204429,2024-09-03 10:30:00+00:00,1,False,-255.017,-7.29731,34.9467,0.411615,44.012,2.5696,0.901197,0.524248,0.524248,1.30811,0.472175,1.24597,10,False,False,False,True
204553,2024-09-06 00:30:00+00:00,1,True,-107.974,-2.0281,53.2388,0.742209,44.1316,1.97451,0.69291,0.511552,0.511552,1.46302,0.528739,-4.54821,0,False,False,False,False
204855,2024-09-12 07:30:00+00:00,-1,False,-29.9729,-0.647382,46.2986,0.639954,44.0488,2.1686,0.761195,0.657918,0.342082,2.29299,0.732306,-5.29222,7,False,False,False,False
204913,2024-09-13 12:30:00+00:00,-1,True,-115.751,-3.35615,34.4892,0.401541,43.9995,2.5678,0.9023,0.0187418,0.981258,1.03698,0.348773,-2.26013,12,False,False,False,True
204967,2024-09-14 15:30:00+00:00,1,False,28.8616,1.06391,27.1278,0.242666,43.9385,2.37343,0.83384,0.524849,0.524849,0.819101,0.242894,9.82167,15,False,False,False,True
205276,2024-09-21 02:00:00+00:00,-1,True,-79.3299,-2.04728,38.7489,0.499515,43.8416,1.95534,0.683417,0.306274,0.693726,1.22872,0.438727,-4.5148,2,False,False,False,True
205320,2024-09-22 00:00:00+00:00,1,True,-50.6095,-2.82056,17.9431,0.0942637,43.7926,2.13731,0.749021,1.01163,1.01163,0.452172,0.0722317,10.0396,0,False,False,False,True
205508,2024-09-25 22:00:00+00:00,1,False,144.402,4.44887,32.4581,0.358676,43.623,2.74416,0.959121,0.448033,0.448033,1.46866,0.533191,0.351744,22,False,False,False,True
205666,2024-09-29 05:00:00+00:00,-1,False,-17.6236,-0.953903,18.4752,0.102283,43.4524,2.60129,0.911125,0.465177,0.534823,0.497805,0.0913242,-5.82386,5,False,False,False,True
205850,2024-10-03 01:00:00+00:00,1,True,-169.816,-2.81995,60.2195,0.833818,43.4385,2.72197,0.952592,0.439334,0.439334,3.67919,0.884532,-5.45742,1,False,False,False,False
205955,2024-10-05 05:30:00+00:00,1,False,-28.043,-0.926753,30.2594,0.311416,43.4049,2.64666,0.927664,0.422342,0.422342,1.15059,0.406678,0.648578,5,False,False,False,True
206000,2024-10-06 04:00:00+00:00,-1,True,-45.0756,-2.36267,19.0783,0.112329,43.3456,2.0241,0.709346,0.370613,0.629387,0.626373,0.152112,0.73942,4,False,False,False,True
206104,2024-10-08 08:00:00+00:00,-1,False,-17.8469,-0.375195,47.567,0.675457,43.3647,2.61214,0.912569,0.263384,0.736616,1.48902,0.542095,0.907273,8,False,False,False,False
206152,2024-10-09 08:00:00+00:00,-1,False,293.371,10.439,28.1035,0.265839,43.4001,2.4355,0.853055,0.423963,0.576037,0.799311,0.235645,1.36203,8,True,False,False,True
206253,2024-10-11 10:30:00+00:00,1,False,243.75,7.27475,33.5063,0.385645,43.4445,2.20691,0.77299,0.932719,0.932719,1.44061,0.523316,-1.84139,10,False,False,False,True
206324,2024-10-12 22:00:00+00:00,1,True,-50.0942,-1.99937,25.055,0.212243,43.4328,1.62922,0.571005,0.757763,0.757763,0.673599,0.172003,7.23089,22,False,False,False,True
206351,2024-10-13 11:30:00+00:00,-1,True,-54.8307,-2.63764,20.7878,0.140126,43.381,1.85185,0.64908,-0.153174,1.15317,0.482441,0.0845605,-2.67829,11,False,False,False,True
206420,2024-10-14 22:00:00+00:00,-1,False,11.5737,0.261716,44.2222,0.615154,43.3973,2.09708,0.734723,0.592895,0.407105,2.51801,0.773916,-8.80329,22,False,False,False,False
206492,2024-10-16 10:00:00+00:00,1,False,49.738,1.17813,42.2177,0.576027,43.4871,1.64791,0.577599,0.892357,0.892357,1.07674,0.368436,8.83338,10,False,False,False,True
206551,2024-10-17 15:30:00+00:00,1,False,71.8636,1.64425,43.7061,0.603853,43.5174,2.34345,0.822293,0.685212,0.685212,1.01279,0.3373,4.16933,15,False,False,False,False
206772,2024-10-22 06:00:00+00:00,1,False,-34.9095,-0.941207,37.0902,0.467038,43.53,2.48725,0.872798,0.55264,0.55264,1.32585,0.479538,-1.34327,6,False,False,False,True
207008,2024-10-27 04:00:00+00:00,1,False,78.512,4.09213,19.1861,0.113527,43.4748,1.94748,0.68231,0.865936,0.865936,0.553554,0.113156,-0.328028,4,False,False,False,True
207062,2024-10-28 07:00:00+00:00,1,False,252.143,10.7542,23.446,0.184132,43.4377,2.19356,0.767022,0.573696,0.573696,0.89943,0.282163,3.10766,7,True,False,False,True
207120,2024-10-29 12:00:00+00:00,1,True,-58.0664,-1.63401,35.5361,0.430936,43.4445,0.953498,0.33326,1.05836,1.05836,0.796052,0.230051,11.5083,12,False,False,False,True
207184,2024-10-30 20:00:00+00:00,-1,False,-66.4052,-1.51406,43.8591,0.607363,43.4972,1.79667,0.62768,0.246497,0.753503,1.07104,0.362529,-5.00342,20,False,False,False,False
207217,2024-10-31 12:30:00+00:00,-1,False,293.882,9.25621,31.7497,0.342352,43.5156,2.23648,0.783347,0.0377605,0.962239,0.608548,0.140325,-5.54614,12,True,False,False,True
207311,2024-11-02 11:30:00+00:00,1,False,-52.8352,-1.91243,27.6273,0.256022,43.5695,2.19925,0.770518,0.490241,0.490241,0.529819,0.102397,-3.0626,11,False,False,False,True
207879,2024-11-14 07:30:00+00:00,-1,False,148.966,1.83654,81.1122,0.942466,43.5917,1.36434,0.478784,0.423528,0.576472,1.79189,0.628596,-5.45414,7,False,False,False,False
208112,2024-11-19 04:00:00+00:00,1,False,122.576,1.84677,66.3729,0.880965,43.6703,2.09511,0.735155,0.71154,0.71154,2.18969,0.716239,2.12928,4,False,False,False,False
208196,2024-11-20 22:00:00+00:00,1,False,342.722,5.23959,65.4101,0.872831,43.737,2.34816,0.824129,0.683689,0.683689,1.58124,0.566096,4.34191,22,False,False,False,False
208256,2024-11-22 04:00:00+00:00,1,False,-0.351422,-0.00623246,56.3858,0.792894,43.737,2.56626,0.900569,1.00374,1.00374,1.07537,0.36133,8.33223,4,False,False,False,False
208323,2024-11-23 13:30:00+00:00,1,True,-49.6979,-2.05594,24.1729,0.194806,43.7467,1.24249,0.436654,0.947395,0.947395,0.501109,0.0902683,10.0216,13,False,False,False,True
208418,2024-11-25 13:00:00+00:00,-1,False,314.885,8.5641,36.768,0.451941,43.7914,2.72842,0.958908,0.26565,0.73435,1.0584,0.351684,-1.94517,13,True,False,False,True
208562,2024-11-28 13:00:00+00:00,1,False,40.1181,0.880373,45.5694,0.629795,44.0054,2.56876,0.902842,0.586953,0.586953,1.0986,0.369178,0.737838,13,False,False,False,False
208644,2024-11-30 06:00:00+00:00,1,True,-85.0799,-2.62135,32.4566,0.347745,44.0158,1.69668,0.596821,0.578534,0.578534,1.52744,0.545548,3.74027,6,False,False,False,True
208676,2024-11-30 22:00:00+00:00,-1,False,-10.1638,-0.489773,20.7521,0.136244,44.0158,2.64769,0.933484,0.552783,0.447217,0.774195,0.214897,-3.17477,22,False,False,False,True
208716,2024-12-01 18:00:00+00:00,1,True,-40.1201,-1.49333,26.8663,0.2373,44.0158,1.41056,0.497316,0.875318,0.875318,0.654227,0.158704,3.75086,18,False,False,False,True
208948,2024-12-06 14:00:00+00:00,1,False,161.187,2.50837,64.2597,0.860417,44.2781,1.44621,0.510054,1.01522,1.01522,1.07151,0.351398,1.0085,14,False,False,False,False
208995,2024-12-07 13:30:00+00:00,-1,True,-44.0845,-1.46683,30.0542,0.289498,44.3147,1.30351,0.459142,0.365918,0.634082,1.00591,0.319949,-2.5192,13,False,False,False,True
209022,2024-12-08 03:00:00+00:00,1,False,-36.708,-1.24679,29.4422,0.276884,44.3147,2.1084,0.743123,0.691735,0.691735,0.813789,0.23008,3.83527,3,False,False,False,True
209060,2024-12-08 22:00:00+00:00,1,False,-142.582,-4.53396,31.4475,0.31895,44.3147,2.12843,0.749236,0.67439,0.67439,0.818066,0.232135,2.53121,22,False,False,False,True
209092,2024-12-09 14:00:00+00:00,1,True,-109.781,-2.22334,49.3768,0.691467,44.3611,2.30378,0.810962,0.550387,0.550387,1.78904,0.618607,-0.594078,14,False,False,False,False
209130,2024-12-10 09:00:00+00:00,1,True,-93.7635,-1.36379,68.752,0.888898,44.4347,1.40775,0.496316,0.599126,0.599126,2.08808,0.689869,-1.86308,9,False,False,False,False
209165,2024-12-11 02:30:00+00:00,-1,False,-452.089,-6.27121,72.0895,0.90645,44.4873,2.18803,0.771646,0.577947,0.422053,3.11351,0.838042,2.44444,2,False,False,False,False
209454,2024-12-17 03:00:00+00:00,1,False,11.0844,0.236199,46.9283,0.644606,44.6165,2.16112,0.759493,0.463267,0.463267,1.96302,0.662728,6.46077,3,False,False,False,False
209604,2024-12-20 06:00:00+00:00,-1,False,-36.7684,-0.414224,88.7646,0.955708,44.7951,2.13416,0.75071,0.278283,0.721717,2.07676,0.684874,6.10482,6,False,False,False,False
209684,2024-12-21 22:00:00+00:00,-1,False,-6.96103,-0.127689,54.5157,0.75782,44.9157,2.28454,0.803604,0.0984367,0.901563,1.23405,0.419178,4.66544,22,False,False,False,False
209717,2024-12-22 14:30:00+00:00,-1,False,28.4183,0.597454,47.5656,0.651113,44.9341,1.51862,0.533799,-0.00842432,1.00842,1.69821,0.587471,6.12479,14,False,False,False,False
209802,2024-12-24 09:00:00+00:00,1,False,416.21,8.64261,48.1579,0.659161,45.0276,1.7887,0.630444,0.616525,0.616525,1.30817,0.447945,-4.24733,9,True,False,False,False
209877,2024-12-25 22:30:00+00:00,-1,False,289.836,6.60269,43.8967,0.57637,45.1154,2.65293,0.935601,0.584102,0.415898,1.19367,0.396261,-3.45444,22,False,False,False,True
209982,2024-12-28 03:00:00+00:00,-1,False,-11.8966,-0.277508,42.8693,0.553453,45.2557,1.48827,0.524928,0.373601,0.626399,0.889675,0.250599,4.99391,3,False,False,False,True
210036,2024-12-29 06:00:00+00:00,1,False,-159.799,-7.29363,21.9093,0.133419,45.2557,1.96559,0.693284,0.51369,0.51369,0.523054,0.0859018,-2.98609,6,False,False,False,True
210090,2024-12-30 09:00:00+00:00,1,False,-191.82,-5.10884,37.5467,0.437272,45.2557,2.20346,0.777214,0.731933,0.731933,0.879988,0.245947,-3.4555,9,False,False,False,True
210132,2024-12-31 06:00:00+00:00,1,False,134.176,2.80301,47.8685,0.650885,45.2923,1.83209,0.646299,0.440622,0.440622,2.91156,0.812471,-3.90346,6,False,False,False,False
210178,2025-01-01 05:00:00+00:00,-1,True,-103.227,-2.52786,40.8358,0.507763,45.3328,2.24541,0.792008,0.210946,0.789054,0.990867,0.294207,1.97057,5,False,False,False,True
210262,2025-01-02 23:00:00+00:00,-1,False,4.29944,0.089149,48.2276,0.655251,45.3588,2.58248,0.911122,0.41586,0.58414,1.45268,0.499058,-4.18743,23,False,False,False,False
210331,2025-01-04 09:30:00+00:00,-1,True,-50.3779,-2.03732,24.7276,0.167922,45.3608,1.63676,0.577756,0.0926677,0.907332,0.488055,0.0706906,-6.74887,9,False,False,False,True
210477,2025-01-07 10:30:00+00:00,-1,False,436.796,16.2995,26.7981,0.199658,45.3847,1.42582,0.50292,-0.0170161,1.01702,0.462123,0.0592466,-9.12793,10,True,True,True,True
210810,2025-01-14 09:00:00+00:00,1,False,96.1857,2.04116,47.1231,0.632078,45.5129,2.13168,0.75184,1.01436,1.01436,1.2033,0.393037,2.78067,9,False,False,False,False
210903,2025-01-16 07:30:00+00:00,1,False,83.3394,2.23997,37.2056,0.423402,45.5114,2.57293,0.907982,0.399151,0.399151,1.1851,0.384218,8.21555,7,False,False,False,True
211030,2025-01-18 23:00:00+00:00,1,False,-7.39928,-0.170375,43.4293,0.55742,45.5744,1.55355,0.547956,0.70219,0.70219,1.11395,0.347175,6.82463,23,False,False,False,True
211131,2025-01-21 01:30:00+00:00,-1,True,-334.381,-2.38074,140.453,0.995748,45.6158,1.91254,0.67455,-0.0500599,1.05006,5.30877,0.949629,2.07924,1,False,False,False,False
211174,2025-01-21 23:00:00+00:00,-1,False,81.4143,1.05903,76.8765,0.92089,45.6413,2.1696,0.765213,0.577935,0.422065,4.46336,0.920491,-2.99492,23,False,False,False,False
211201,2025-01-22 12:30:00+00:00,1,True,-73.4249,-1.62848,45.0881,0.588898,45.6552,1.64386,0.579787,0.545652,0.545652,1.20221,0.390211,2.87693,12,False,False,False,True
211246,2025-01-23 11:00:00+00:00,-1,True,-107.098,-1.98148,54.0496,0.743921,45.6826,2.0949,0.738866,0.131928,0.868072,1.7915,0.602026,3.76425,11,False,False,False,False
211304,2025-01-24 16:00:00+00:00,1,False,-122.415,-2.16341,56.5842,0.776056,45.7282,2.69272,0.94972,0.941982,0.941982,1.11381,0.346233,2.98883,16,False,False,False,False
211335,2025-01-25 07:30:00+00:00,-1,False,-67.6263,-1.87986,35.9741,0.391838,45.7262,2.69367,0.950236,0.266508,0.733492,0.898879,0.244264,-0.258379,7,False,False,False,True
211376,2025-01-26 04:00:00+00:00,1,True,-54.126,-2.54578,21.261,0.111558,45.6778,1.97027,0.695045,0.73996,0.73996,0.659253,0.136016,2.52711,4,False,False,False,True
211410,2025-01-26 21:00:00+00:00,-1,False,524.004,32.6472,16.0505,0.0456621,45.6574,2.27404,0.802204,0.45845,0.54155,0.490735,0.0675514,-1.90827,21,True,True,True,True
211862,2025-02-05 07:00:00+00:00,-1,False,22.3294,0.348294,64.1108,0.846033,45.8839,1.89193,0.66499,0.44609,0.55391,1.79156,0.597888,2.70496,7,False,False,False,False
211965,2025-02-07 10:30:00+00:00,1,True,-87.313,-2.07223,42.1348,0.523116,46.0083,1.87074,0.657444,0.698562,0.698562,1.32204,0.438898,-1.66648,10,False,False,False,True
212004,2025-02-08 06:00:00+00:00,-1,False,-36.2844,-0.864596,41.9669,0.518978,46.0415,1.8599,0.653592,0.381936,0.618064,1.35265,0.4504,3.89403,6,False,False,False,True
212156,2025-02-11 10:00:00+00:00,-1,False,243.916,8.74712,27.8853,0.214184,46.0471,1.69371,0.595038,0.487593,0.512407,1.13441,0.352939,-2.72357,10,True,False,False,True
212200,2025-02-12 08:00:00+00:00,1,True,-89.9487,-2.43148,36.9934,0.410873,46.0541,2.28223,0.802002,0.735005,0.735005,1.09365,0.332506,-2.35065,8,False,False,False,True
212296,2025-02-14 08:00:00+00:00,1,False,20.4755,0.693076,29.5429,0.245006,46.0782,2.25879,0.793897,0.794866,0.794866,0.763019,0.178139,1.01858,8,False,False,False,True
212344,2025-02-15 08:00:00+00:00,-1,True,-51.4175,-1.88762,27.2393,0.201884,46.0589,1.66256,0.584819,0.23439,0.76561,0.721411,0.160559,-1.61389,8,False,False,False,True
212382,2025-02-16 03:00:00+00:00,-1,False,59.1749,3.87956,15.253,0.0377854,46.0314,2.04317,0.720132,0.405317,0.594683,0.332831,0.0225742,-2.63184,3,False,False,False,True
212494,2025-02-18 11:00:00+00:00,1,False,-15.8655,-0.510131,31.1008,0.281535,45.9359,2.58037,0.906924,0.427676,0.427676,1.3301,0.442837,-2.80905,11,False,False,False,True
212562,2025-02-19 21:00:00+00:00,1,False,102.524,2.55124,40.1858,0.484104,45.8621,2.74627,0.966024,0.476816,0.476816,0.876956,0.234503,0.11754,21,False,False,False,True
212588,2025-02-20 10:00:00+00:00,1,False,93.1492,4.01227,23.2161,0.140639,45.8493,1.90554,0.670289,0.787932,0.787932,0.775308,0.186815,4.09245,10,False,False,False,True
212708,2025-02-22 22:00:00+00:00,1,False,-54.4435,-3.04865,17.8582,0.0681507,45.7359,2.46747,0.870186,0.658358,0.658358,0.374501,0.0321632,-0.917443,22,False,False,False,True
212882,2025-02-26 13:00:00+00:00,-1,False,364.254,6.45303,56.4469,0.771547,45.7982,2.24375,0.789258,-0.135685,1.13568,1.46038,0.496033,8.79575,13,False,False,False,False
213004,2025-03-01 02:00:00+00:00,1,False,3.15535,0.0398458,79.189,0.922374,45.9065,1.14313,0.401815,0.944638,0.944638,1.29809,0.430793,-2.2341,2,False,False,False,False
213062,2025-03-02 07:00:00+00:00,1,True,-89.1876,-2.16054,41.2803,0.507334,45.9359,2.25818,0.793604,0.863184,0.863184,0.986466,0.283933,1.20795,7,False,False,False,True
213284,2025-03-06 22:00:00+00:00,1,True,-233.178,-2.5969,89.7909,0.94766,46.2007,2.47461,0.868508,0.613515,0.613515,3.82009,0.879994,1.49557,22,False,False,False,False
213363,2025-03-08 13:30:00+00:00,1,True,-70.3383,-1.42473,49.3697,0.655537,46.3151,1.40793,0.494367,0.677625,0.677625,0.86681,0.225999,-3.71339,13,False,False,False,False
213643,2025-03-14 09:30:00+00:00,1,False,169.158,3.96426,42.6708,0.529366,46.284,2.36996,0.83164,1.04503,1.04503,2.09091,0.663699,1.11739,9,False,False,False,True
213696,2025-03-15 12:00:00+00:00,1,False,14.0256,0.496905,28.226,0.220805,46.2308,2.56095,0.89762,0.464165,0.464165,1.31322,0.430422,4.12026,12,False,False,False,True
213839,2025-03-18 11:30:00+00:00,-1,False,-41.8919,-1.08658,38.554,0.44609,46.1015,2.61604,0.913,0.165734,0.834266,1.19831,0.381364,2.25486,11,False,False,False,True
214017,2025-03-22 04:30:00+00:00,1,False,-10.2247,-0.398936,25.63,0.177112,45.9974,1.49186,0.520927,0.643891,0.643891,0.505007,0.0728596,0.394533,4,False,False,False,True
214043,2025-03-22 17:30:00+00:00,1,False,1.77193,0.127752,13.8701,0.0285388,45.9657,2.67247,0.935647,0.451512,0.451512,0.511964,0.0757135,0.206547,17,False,False,False,True
214269,2025-03-27 10:30:00+00:00,1,False,-34.3614,-1.26651,27.1308,0.20528,45.8148,1.32224,0.46107,0.64025,0.64025,0.487051,0.0670662,3.10196,10,False,False,False,True
214646,2025-04-04 07:00:00+00:00,1,False,109.303,2.70612,40.391,0.491039,45.7311,1.83989,0.640919,0.645816,0.645816,1.0233,0.297489,-1.64847,7,False,False,False,True
214821,2025-04-07 22:30:00+00:00,1,False,-61.2868,-0.527987,116.076,0.98339,45.8325,1.6882,0.587587,1.00257,1.00257,3.44628,0.852939,-1.26921,22,False,False,False,False
214884,2025-04-09 06:00:00+00:00,1,False,662.849,7.06633,93.8039,0.955137,45.9369,2.54028,0.884302,0.684903,0.684903,3.3557,0.844492,-3.95124,6,False,True,False,False
214933,2025-04-10 06:30:00+00:00,1,False,-340.141,-5.67865,59.8982,0.803938,45.9801,2.30725,0.803101,0.324673,0.324673,2.63229,0.760731,4.54724,6,False,False,False,False
215014,2025-04-11 23:00:00+00:00,-1,False,-17.4712,-0.304695,57.34,0.774515,46.0408,2.7204,0.946787,0.596588,0.403412,3.83062,0.881878,-5.45704,23,False,False,False,False
215136,2025-04-14 12:00:00+00:00,1,True,-85.8835,-1.79124,47.9464,0.635502,46.106,1.66022,0.577809,0.842423,0.842423,0.888713,0.23339,3.89125,12,False,False,False,False
215260,2025-04-17 02:00:00+00:00,1,False,-35.5897,-0.760577,46.7931,0.612129,46.1684,2.10567,0.731932,0.485988,0.485988,1.99226,0.639869,0.596217,2,False,False,False,False
215341,2025-04-18 18:30:00+00:00,1,False,59.6526,3.11517,19.1491,0.0823059,46.1422,1.80224,0.626801,0.712377,0.712377,0.409947,0.0398116,1.29205,18,False,False,False,True
215381,2025-04-19 14:30:00+00:00,1,True,-41.8606,-2.51709,16.6306,0.0538813,46.1084,2.37124,0.825267,0.900078,0.900078,0.674537,0.138784,6.15522,14,False,False,False,True
215567,2025-04-23 11:30:00+00:00,-1,False,24.4771,0.54871,44.6084,0.570148,46.106,2.70039,0.939822,0.537279,0.462721,1.97803,0.637443,-12.0114,11,False,False,False,True
215655,2025-04-25 07:30:00+00:00,1,False,158.258,4.56858,34.6405,0.356764,46.0933,2.31144,0.803675,0.555841,0.555841,1.1072,0.33028,6.85707,7,False,False,False,True
215698,2025-04-26 05:00:00+00:00,-1,False,20.2701,0.640307,31.6569,0.291495,46.0543,1.93718,0.673966,0.0554275,0.944573,0.799351,0.19141,-6.87961,5,False,False,False,True
215727,2025-04-26 19:30:00+00:00,-1,False,-3.51459,-0.174602,20.1292,0.0968037,46.03,1.72887,0.601119,0.414042,0.585958,0.373262,0.0315354,-6.67878,19,False,False,False,True
215762,2025-04-27 13:00:00+00:00,-1,True,-58.0049,-2.74725,21.1138,0.11093,45.9925,2.22724,0.774104,0.0030221,0.996978,0.609869,0.113413,-2.13629,13,False,False,False,True
215848,2025-04-29 08:00:00+00:00,1,False,-12.7932,-0.382099,33.4813,0.332677,45.9812,2.06969,0.718648,0.669241,0.669241,0.995121,0.27774,3.05411,8,False,False,False,True
215875,2025-04-29 21:30:00+00:00,-1,False,-41.7795,-1.20242,34.7461,0.361073,45.979,1.9143,0.664795,-0.0273284,1.02733,0.976748,0.269635,-1.00448,21,False,False,False,True
215977,2025-05-02 00:30:00+00:00,1,False,10.1745,0.267108,38.0914,0.438499,45.8839,1.93265,0.671169,0.603691,0.603691,1.01375,0.28633,5.06619,0,False,False,False,True
216037,2025-05-03 06:30:00+00:00,-1,False,-9.77982,-0.446898,21.8838,0.12149,45.8345,1.27727,0.44398,-0.0115416,1.01154,0.826779,0.202968,-1.88352,6,False,False,False,True
216248,2025-05-07 16:00:00+00:00,-1,False,-215.033,-6.97486,30.8298,0.280223,45.7656,2.50287,0.868876,0.503544,0.496456,0.756817,0.172888,-4.71077,16,False,False,False,True
216348,2025-05-09 18:00:00+00:00,1,False,65.9213,1.29067,51.0754,0.692095,45.782,2.73916,0.950905,0.670414,0.670414,1.12444,0.34004,7.73713,18,False,False,False,False
216448,2025-05-11 20:00:00+00:00,1,False,10.8905,0.305212,35.6817,0.389469,45.693,2.78756,0.96764,0.634076,0.634076,1.02315,0.292466,6.33597,20,False,False,False,True
216571,2025-05-14 09:30:00+00:00,-1,True,-68.3046,-2.25258,30.3228,0.268893,45.7258,2.33668,0.811184,0.0271833,0.972817,0.792264,0.187443,-0.614192,9,False,False,False,True
216650,2025-05-16 01:00:00+00:00,1,False,20.4389,0.45882,44.5467,0.576541,45.7373,2.67126,0.927656,0.723561,0.723561,1.57976,0.530337,1.46004,1,False,False,False,True
216726,2025-05-17 15:00:00+00:00,1,False,11.7706,0.48857,24.0918,0.156478,45.7276,1.78252,0.619033,0.486394,0.486394,1.05429,0.305251,-0.711703,15,False,False,False,True
216853,2025-05-20 06:30:00+00:00,-1,False,-85.7476,-1.86692,45.9299,0.602997,45.7656,2.66216,0.923458,0.300305,0.699695,1.51476,0.507306,-2.74742,6,False,False,False,False
216961,2025-05-22 12:30:00+00:00,1,False,-0.327187,-0.00669515,48.8692,0.654966,45.8787,1.89412,0.657549,0.733365,0.733365,1.33349,0.432449,8.13609,12,False,False,False,False
216993,2025-05-23 04:30:00+00:00,-1,False,87.0411,2.41927,35.9783,0.390525,45.9085,1.77288,0.615459,0.149817,0.850183,1.13537,0.341895,-6.94811,4,False,False,False,True
217049,2025-05-24 08:30:00+00:00,-1,False,-82.2866,-2.04086,40.3196,0.486473,45.9459,2.26368,0.785897,0.497896,0.502104,1.47541,0.489669,1.16178,8,False,False,False,True
217107,2025-05-25 13:30:00+00:00,1,True,-82.1411,-2.71106,30.2986,0.264469,45.9459,2.6141,0.907555,0.480782,0.480782,1.5088,0.502197,-2.26661,13,False,False,False,True
217172,2025-05-26 22:00:00+00:00,1,False,26.8151,0.75187,35.6645,0.381821,45.9459,2.19686,0.762591,0.375055,0.375055,1.04571,0.297489,1.74785,22,False,False,False,True
217243,2025-05-28 09:30:00+00:00,-1,False,119.639,3.82065,31.3137,0.283305,45.9572,1.48745,0.516373,0.127872,0.872128,0.632006,0.117123,1.03464,9,False,False,False,True
217389,2025-05-31 10:30:00+00:00,-1,True,-55.1813,-1.84088,29.9755,0.25411,45.9796,1.31604,0.456511,0.131819,0.868181,0.676765,0.135274,9.6398,10,False,False,False,True
217533,2025-06-03 10:30:00+00:00,1,False,18.638,0.731407,25.4824,0.173202,45.9796,2.37673,0.824387,0.388446,0.388446,1.67371,0.555508,0.179145,10,False,False,False,True
217573,2025-06-04 06:30:00+00:00,-1,True,-47.6166,-1.905,24.9956,0.16484,45.9796,1.39712,0.484603,0.130233,0.869767,0.562789,0.0890126,0.252695,6,False,False,False,True
217601,2025-06-04 20:30:00+00:00,-1,False,-11.3964,-0.379583,30.0235,0.255308,45.9652,1.92704,0.668457,0.119283,0.880717,1.00399,0.275285,2.07908,20,False,False,False,True
217706,2025-06-07 01:00:00+00:00,1,False,102.08,3.42008,29.8472,0.252369,45.8691,2.27748,0.790299,0.484569,0.484569,1.01594,0.281507,0.549469,1,False,False,False,True
217752,2025-06-08 00:00:00+00:00,-1,False,-17.0244,-0.916412,18.5772,0.0746575,45.8607,1.45252,0.504211,0.384895,0.615105,0.647686,0.123145,-4.31427,0,False,False,False,True
218044,2025-06-14 02:00:00+00:00,-1,False,47.7737,1.28467,37.1875,0.418893,45.8706,1.93886,0.673128,0.483789,0.516211,1.1687,0.355137,2.9331,2,False,False,False,True
218203,2025-06-17 09:30:00+00:00,-1,False,165.718,4.76311,34.7919,0.364412,45.8187,2.19011,0.760356,0.0462215,0.953778,1.26831,0.404566,0.163894,9,False,False,False,True
218247,2025-06-18 07:30:00+00:00,-1,False,60.3601,1.97213,30.6065,0.271946,45.8316,2.13859,0.74247,0.513778,0.486222,1.32453,0.426142,3.02853,7,False,False,False,True
218286,2025-06-19 03:00:00+00:00,-1,False,56.4662,1.4059,40.1636,0.483362,45.827,1.77807,0.617389,0.590975,0.409025,1.67536,0.556564,1.82759,3,False,False,False,True
218404,2025-06-21 14:00:00+00:00,-1,False,109.384,6.1337,17.8333,0.0665525,45.7252,1.6184,0.562496,0.367442,0.632558,0.730392,0.15742,5.51527,14,False,False,False,True
218535,2025-06-24 07:30:00+00:00,1,True,-88.7426,-2.06293,43.0178,0.545234,45.7494,2.39008,0.830235,0.747449,0.747449,1.75195,0.579509,5.72038,7,False,False,False,True
218608,2025-06-25 20:00:00+00:00,1,False,-6.94764,-0.182305,38.1099,0.440639,45.7393,2.43602,0.846484,0.819372,0.819372,1.12963,0.336102,7.18051,20,False,False,False,True
218732,2025-06-28 10:00:00+00:00,-1,False,-10.2164,-0.831387,12.2884,0.0201484,45.7315,2.2741,0.790477,0.582285,0.417715,0.622943,0.113813,-5.94517,10,False,False,False,True
218761,2025-06-29 00:30:00+00:00,1,False,58.0974,6.04377,9.61277,0.00998858,45.7315,1.8294,0.636797,0.864259,0.864259,0.282294,0.0119863,6.84617,0,False,False,False,True
219027,2025-07-04 13:30:00+00:00,-1,False,67.7112,3.34322,20.2533,0.0988584,45.6848,2.1404,0.74384,0.00680571,0.993194,0.60108,0.103967,-1.12029,13,False,False,False,True
219080,2025-07-05 16:00:00+00:00,-1,False,1.2907,0.110265,11.7054,0.0185217,45.6759,1.84936,0.64319,0.304347,0.695653,0.291571,0.0137557,1.27759,16,False,False,False,True
219111,2025-07-06 07:30:00+00:00,1,False,47.418,5.56179,8.52566,0.00790525,45.6302,2.6675,0.928683,0.566682,0.566682,0.269704,0.0102454,-0.576601,7,False,False,False,True
219197,2025-07-08 02:30:00+00:00,-1,False,-39.3795,-1.40234,28.0813,0.228967,45.6302,2.73894,0.952056,0.346011,0.653989,0.745339,0.16133,1.60169,2,False,False,False,True
219241,2025-07-09 00:30:00+00:00,-1,False,-75.8418,-3.57133,21.2363,0.114013,45.6302,2.31481,0.804847,0.550409,0.449591,0.947378,0.250571,-1.54221,0,False,False,False,True
219391,2025-07-12 03:30:00+00:00,1,True,-62.4279,-2.17386,28.7175,0.23964,45.6627,1.83436,0.637974,0.711903,0.711903,0.677506,0.133419,13.4738,3,False,False,False,True
219572,2025-07-15 22:00:00+00:00,1,False,96.8976,1.83947,52.677,0.720377,45.6833,2.67755,0.930512,0.783178,0.783178,1.81383,0.598373,-0.166637,22,False,False,False,False
219716,2025-07-18 22:00:00+00:00,1,False,59.1995,1.29231,45.8091,0.601884,45.7383,2.81984,0.980068,0.402336,0.402336,2.12605,0.672374,-1.4702,22,False,False,False,False
219748,2025-07-19 14:00:00+00:00,-1,False,14.4485,0.825631,17.5,0.0624715,45.7389,1.77332,0.616407,0.379757,0.620243,0.313173,0.018379,0.941546,14,False,False,False,True
219780,2025-07-20 06:00:00+00:00,-1,False,-47.066,-2.60388,18.0753,0.0695491,45.7389,2.23807,0.778379,0.471894,0.528106,0.398256,0.0353881,1.90263,6,False,False,False,True
219915,2025-07-23 01:30:00+00:00,-1,False,116.21,3.14378,36.9649,0.413584,45.7494,2.55715,0.888062,0.508757,0.491243,1.30409,0.41758,-2.51798,1,False,False,False,True
220119,2025-07-27 07:30:00+00:00,-1,False,-70.9052,-5.56553,12.7401,0.023145,45.7594,2.62304,0.910925,0.533175,0.466825,0.464197,0.0543664,-2.52243,7,False,False,False,True
220165,2025-07-28 06:30:00+00:00,1,False,-122.317,-5.03357,24.3003,0.155793,45.7594,2.80989,0.975796,0.664344,0.664344,0.730252,0.149829,4.34948,6,False,False,False,True
220270,2025-07-30 11:00:00+00:00,-1,True,-41.0931,-1.73644,23.6651,0.143607,45.7594,1.67226,0.580488,0.393468,0.606532,0.637521,0.111273,0.667328,11,False,False,False,True
220369,2025-08-01 12:30:00+00:00,1,True,-116.608,-3.06418,38.0551,0.436273,45.763,2.74153,0.951728,0.591923,0.591923,1.48482,0.489127,-4.48156,12,False,False,False,True
220406,2025-08-02 07:00:00+00:00,-1,False,123.611,4.03857,30.6076,0.269264,45.7909,1.7848,0.619553,0.508657,0.491343,0.868927,0.206821,7.66465,7,False,False,False,True
220463,2025-08-03 11:30:00+00:00,1,False,26.665,1.34071,19.8887,0.0869863,45.7909,1.54358,0.535819,1.04039,1.04039,0.675991,0.125086,-4.43637,11,False,False,False,True
220499,2025-08-04 05:30:00+00:00,-1,True,-66.093,-3.0288,21.8216,0.114412,45.7909,2.3023,0.799193,0.243602,0.756398,0.796317,0.174144,2.18398,5,False,False,False,True
220627,2025-08-06 21:30:00+00:00,-1,False,-68.9111,-2.38715,28.8675,0.229737,45.7909,2.70727,0.939106,0.60383,0.39617,1.99121,0.642352,-2.01815,21,False,False,False,True
220730,2025-08-09 01:00:00+00:00,-1,False,-38.1078,-1.89182,20.1434,0.0867295,45.7909,2.78476,0.966667,0.494433,0.505567,0.885882,0.211358,-3.61982,1,False,False,False,True
220813,2025-08-10 18:30:00+00:00,-1,True,-64.6891,-2.63505,24.5495,0.153567,45.7909,2.40387,0.83335,0.450756,0.549244,0.734366,0.144321,-5.78772,18,False,False,False,True
220876,2025-08-12 02:00:00+00:00,1,False,32.4787,0.89315,36.3642,0.395833,45.7909,2.63897,0.91448,0.402716,0.402716,1.70485,0.562814,1.7457,2,False,False,False,True
220935,2025-08-13 07:30:00+00:00,1,False,268.923,8.76604,30.6778,0.267295,45.7909,2.42129,0.840202,0.353125,0.353125,1.01736,0.271689,1.8379,7,True,False,False,True
221040,2025-08-15 12:00:00+00:00,1,False,-110.299,-4.23533,26.0425,0.172317,45.8447,1.86679,0.646897,0.627665,0.627665,0.463625,0.0443493,-1.58502,12,False,False,False,True
221083,2025-08-16 09:30:00+00:00,1,False,-24.7875,-1.1659,21.2604,0.0962614,45.8447,2.3408,0.811283,0.600895,0.600895,0.457687,0.0426655,-4.60999,9,False,False,False,True
221333,2025-08-21 14:30:00+00:00,1,True,-73.0787,-2.22705,32.8141,0.31153,45.7673,2.0716,0.717066,0.681962,0.681962,0.87566,0.200828,-3.22771,14,False,False,False,True
221422,2025-08-23 11:00:00+00:00,-1,False,6.51276,0.277078,23.5052,0.129652,45.7673,1.18203,0.409149,0.259008,0.740992,0.895239,0.209475,-2.68059,11,False,False,False,True
221508,2025-08-25 06:00:00+00:00,-1,False,-13.4595,-0.323566,41.5974,0.511187,45.7876,2.4985,0.864808,0.0127356,0.987264,1.26985,0.396261,4.70031,6,False,False,False,True
221614,2025-08-27 11:00:00+00:00,1,False,20.8594,0.690368,30.2148,0.250143,45.827,2.62719,0.909352,0.376826,0.376826,0.987429,0.251855,-3.36074,11,False,False,False,True
221687,2025-08-28 23:30:00+00:00,1,False,-187.452,-6.13288,30.5651,0.256764,45.8071,2.49704,0.864828,0.487758,0.487758,1.22059,0.370805,0.577318,23,False,False,False,True
221741,2025-08-30 02:30:00+00:00,-1,False,-91.6082,-2.35604,38.8822,0.449229,45.8083,2.78802,0.965981,0.17554,0.82446,1.11261,0.314869,7.70225,2,False,False,False,True
221785,2025-08-31 00:30:00+00:00,1,True,-42.1932,-2.61309,16.1468,0.0331336,45.7896,1.93949,0.672193,0.852248,0.852248,0.368612,0.0201769,-7.41211,0,False,False,False,True
221815,2025-08-31 15:30:00+00:00,1,True,-38.6179,-2.00435,19.2671,0.0662386,45.7876,1.91215,0.662719,0.482053,0.482053,0.738906,0.137443,-5.9492,15,False,False,False,True
221946,2025-09-03 09:00:00+00:00,1,False,87.7769,3.06558,28.633,0.213042,45.7896,2.32477,0.805601,0.431741,0.431741,0.846696,0.181393,3.32619,9,False,False,False,True
222016,2025-09-04 20:00:00+00:00,1,False,251.146,7.69464,32.6391,0.301455,45.7896,2.4635,0.855149,0.334314,0.334314,2.02696,0.645748,-1.89851,20,False,False,False,True
222090,2025-09-06 09:00:00+00:00,1,True,-27.7105,-1.41727,19.552,0.0668379,45.7962,0.811192,0.281488,0.675355,0.675355,0.57281,0.072089,0.365607,9,False,False,False,True
222116,2025-09-06 22:00:00+00:00,1,False,86.803,5.74896,15.0989,0.0246575,45.7962,2.34315,0.813487,0.340655,0.340655,1.16206,0.336244,-3.38051,22,False,False,False,True
222161,2025-09-07 20:30:00+00:00,1,False,51.108,3.17647,16.0896,0.0319064,45.7962,2.75513,0.956799,0.601099,0.601099,0.393267,0.0237443,2.08589,20,False,False,False,True
222301,2025-09-10 18:30:00+00:00,-1,True,-88.3311,-2.59596,34.0264,0.333533,45.7863,2.45672,0.853168,0.57284,0.42716,2.51657,0.744777,-4.0933,18,False,False,False,True
222337,2025-09-11 12:30:00+00:00,1,True,-57.8754,-2.73936,21.1273,0.0881279,45.763,1.79949,0.625233,0.93203,0.93203,0.549123,0.0628995,7.99291,12,False,False,False,True
222562,2025-09-16 05:00:00+00:00,1,True,-52.6063,-1.99781,26.332,0.170234,45.739,1.82108,0.632191,0.833738,0.833738,0.565552,0.0682648,1.16894,5,False,False,False,True
222752,2025-09-20 04:00:00+00:00,-1,True,-29.413,-1.95588,15.0383,0.0225742,45.72,1.61188,0.55865,0.426341,0.573659,0.506949,0.0491724,4.42894,4,False,False,False,True
222780,2025-09-20 18:00:00+00:00,-1,False,5.26738,0.472039,11.1588,0.00682078,45.72,2.68303,0.930126,0.425188,0.574812,0.401804,0.0235445,2.2041,18,False,False,False,True
222885,2025-09-22 22:30:00+00:00,1,False,11.6758,0.355403,32.8524,0.312215,45.72,2.79977,0.969675,0.477786,0.477786,1.06982,0.290811,-5.90112,22,False,False,False,True
223060,2025-09-26 14:00:00+00:00,1,False,-26.4213,-0.678926,38.9163,0.453139,45.7378,2.17842,0.754476,0.828032,0.828032,0.87536,0.190868,-5.02272,14,False,False,False,True
223095,2025-09-27 07:30:00+00:00,-1,False,6.31893,0.360327,17.5367,0.0429509,45.7378,1.72812,0.598845,0.351542,0.648458,0.318658,0.0090468,8.42866,7,False,False,False,True
223144,2025-09-28 08:00:00+00:00,1,True,-26.9064,-2.56913,10.473,0.00468037,45.7266,2.38804,0.827652,0.547062,0.547062,0.455884,0.0358733,-8.29838,8,False,False,False,True
223281,2025-10-01 04:30:00+00:00,1,False,244.457,8.07976,30.2555,0.252597,45.7266,1.6929,0.586639,0.864761,0.864761,0.862203,0.185217,6.088,4,True,False,False,True
223340,2025-10-02 10:00:00+00:00,1,False,114.572,4.70879,24.3316,0.136558,45.6843,1.37199,0.475508,0.865896,0.865896,0.509292,0.0487158,14.4094,10,False,False,False,True
223445,2025-10-04 14:30:00+00:00,1,False,115.023,5.92028,19.4287,0.0644977,45.7045,2.21623,0.768773,0.498053,0.498053,0.608321,0.0803368,13.8593,14,False,False,False,True
223533,2025-10-06 10:30:00+00:00,1,False,56.2197,2.06139,27.2727,0.190011,45.6765,2.49584,0.865766,0.828948,0.828948,0.672837,0.10351,7.52037,10,False,False,False,True
223581,2025-10-07 10:30:00+00:00,1,True,-81.706,-2.75493,29.6581,0.2373,45.6765,2.45358,0.850476,0.538696,0.538696,1.09865,0.30391,4.31374,10,False,False,False,True
223830,2025-10-12 15:00:00+00:00,1,False,221.886,4.43061,50.0804,0.678539,45.8071,1.79833,0.623176,1.15401,1.15401,0.83582,0.168522,-6.40038,15,False,False,False,False
223863,2025-10-13 07:30:00+00:00,1,False,-4.04817,-0.0847981,47.739,0.637871,45.8657,2.75841,0.955871,0.790689,0.790689,1.05523,0.276484,-0.1487,7,False,False,False,False
223967,2025-10-15 11:30:00+00:00,-1,False,114.683,2.39094,47.9654,0.640211,45.9716,2.61697,0.906716,0.239019,0.760981,1.33287,0.409561,3.45202,11,False,False,False,False
223998,2025-10-16 03:00:00+00:00,1,True,-108.259,-2.22072,48.7495,0.65351,45.974,2.15126,0.745588,0.871492,0.871492,1.15598,0.327112,-3.13641,3,False,False,False,False
224092,2025-10-18 02:00:00+00:00,1,False,-17.3122,-0.355873,48.6471,0.650029,46.0568,2.13234,0.738137,0.755192,0.755192,1.28231,0.388385,-5.24034,2,False,False,False,False
224145,2025-10-19 04:30:00+00:00,1,False,181.923,8.43661,21.5635,0.089726,46.0593,2.65424,0.918915,0.513805,0.513805,0.480226,0.0379566,-7.02404,4,True,False,False,True
224316,2025-10-22 18:00:00+00:00,-1,False,-236.559,-3.3669,70.2603,0.882477,46.0593,2.12847,0.73673,0.24026,0.75974,1.25634,0.376684,1.76328,18,False,False,False,False
224426,2025-10-25 01:00:00+00:00,-1,False,-85.4108,-2.73482,31.2309,0.264212,45.9699,1.94781,0.674026,0.561235,0.438765,1.10767,0.302083,-2.78576,1,False,False,False,True
224486,2025-10-26 07:00:00+00:00,1,False,169.841,12.4204,13.6744,0.0146404,45.921,2.41708,0.835713,0.626044,0.626044,0.447601,0.0298516,6.85015,7,True,False,False,True
224977,2025-11-05 12:30:00+00:00,1,False,23.5823,0.377933,62.3981,0.829966,46.0975,1.55238,0.53455,1.12591,1.12591,1.01957,0.257648,-5.18255,12,False,False,False,False
225008,2025-11-06 04:00:00+00:00,1,False,-277.414,-5.62834,49.2888,0.659846,46.1276,2.64706,0.911529,0.470589,0.470589,1.51196,0.482192,-3.12261,4,False,False,False,False
225121,2025-11-08 12:30:00+00:00,-1,False,6.76967,0.179199,37.7773,0.417123,46.1748,2.39682,0.825324,0.0869247,0.913075,1.03514,0.264355,3.11497,12,False,False,False,True
225358,2025-11-13 11:00:00+00:00,-1,False,319.498,6.01433,53.1228,0.720776,46.1899,2.7111,0.933544,0.575639,0.424361,2.62183,0.755594,1.02655,11,False,False,False,False
225618,2025-11-18 21:00:00+00:00,-1,False,134.623,1.96213,68.6104,0.87266,46.3025,2.24558,0.773519,0.592131,0.407869,3.89035,0.890497,2.81473,21,False,False,False,False
225653,2025-11-19 14:30:00+00:00,-1,True,-88.9081,-1.76118,50.4822,0.675828,46.3481,1.44896,0.499044,0.346345,0.653655,1.60038,0.510245,5.80025,14,False,False,False,False
225783,2025-11-22 07:30:00+00:00,1,False,26.8607,0.384829,69.7991,0.876998,46.4171,1.61037,0.554392,0.407164,0.407164,1.63314,0.519834,-6.76782,7,False,False,False,False
225840,2025-11-23 12:00:00+00:00,1,False,43.0959,1.03558,41.6151,0.49649,46.4621,2.81556,0.969416,0.710377,0.710377,1.14309,0.313128,-1.96308,12,False,False,False,True
225969,2025-11-26 04:30:00+00:00,-1,False,-169.436,-3.22292,52.5723,0.705023,46.5763,2.52584,0.869817,0.41983,0.58017,1.73046,0.550228,0.0976137,4,False,False,False,False
226112,2025-11-29 04:00:00+00:00,-1,False,-41.4931,-1.28207,32.3641,0.279795,46.6358,1.90769,0.657038,0.0690989,0.930901,0.659142,0.090782,-2.5052,4,False,False,False,True
226159,2025-11-30 03:30:00+00:00,-1,True,-44.2425,-1.84124,24.0287,0.122403,46.6358,1.57808,0.543975,0.366999,0.633001,0.767094,0.130965,-2.07454,3,False,False,False,True
226401,2025-12-05 04:30:00+00:00,-1,False,368.579,8.65161,42.6024,0.511587,46.7813,1.76909,0.609899,0.466741,0.533259,1.14075,0.308933,-2.02102,4,True,False,False,True
226456,2025-12-06 08:00:00+00:00,-1,False,0.245009,0.00791216,30.9661,0.248573,46.7467,0.875784,0.301888,0.668271,0.331729,0.794957,0.141781,4.57519,8,False,False,False,True
226717,2025-12-11 18:30:00+00:00,1,False,219.654,4.02357,54.5919,0.730337,46.7813,2.79962,0.965313,0.756283,0.756283,1.0906,0.285103,-1.50573,18,False,False,False,False
226801,2025-12-13 12:30:00+00:00,-1,False,-14.8504,-0.859832,17.2712,0.0361301,46.7661,2.05707,0.709603,0.365343,0.634657,0.374204,0.0150685,4.70131,12,False,False,False,True
226970,2025-12-17 01:00:00+00:00,-1,True,-51.5074,-1.16961,44.0381,0.541667,46.8089,1.191,0.411198,0.417574,0.582426,1.02571,0.253881,2.49159,1,False,False,False,True
227106,2025-12-19 21:00:00+00:00,1,False,12.2651,0.183406,66.8739,0.858362,46.8324,2.26728,0.783169,0.639683,0.639683,1.70544,0.541581,1.12534,21,False,False,False,False
227157,2025-12-20 22:30:00+00:00,-1,False,-57.2765,-3.65064,15.6894,0.0244007,46.7902,2.44295,0.844258,0.537597,0.462403,0.33333,0.00998858,-3.49482,22,False,False,False,True
227366,2025-12-25 07:00:00+00:00,1,False,30.3168,1.58941,19.0742,0.055879,46.8312,2.25769,0.777859,0.721973,0.721973,0.458017,0.0321347,0.0241101,7,False,False,False,True
227461,2025-12-27 06:30:00+00:00,1,False,6.67088,0.39489,16.893,0.0344463,46.8113,0.907437,0.312578,0.584915,0.584915,0.299829,0.00576484,-2.56569,6,False,False,False,True
227640,2025-12-31 00:00:00+00:00,1,False,26.3384,0.770857,34.1677,0.323373,46.7701,2.27146,0.782435,0.525418,0.525418,1.40704,0.434161,1.76261,0,False,False,False,True
227670,2025-12-31 15:00:00+00:00,-1,False,90.0538,3.50231,25.7127,0.153082,46.7701,2.66692,0.919179,0.223053,0.776947,0.879591,0.186387,-1.49234,15,False,False,False,True
